ISO-10303-21;
HEADER;
FILE_DESCRIPTION(('Open CASCADE Model'),'2;1');
FILE_NAME('Open CASCADE Shape Model','2026-10-02T17:34:58',('Author'),(
    'Open CASCADE'),'Open CASCADE STEP processor 7.9','Open CASCADE 7.9'
  ,'Unknown');
FILE_SCHEMA(('AUTOMOTIVE_DESIGN { 1 0 10303 214 1 1 1 1 }'));
ENDSEC;
DATA;
#1 = APPLICATION_PROTOCOL_DEFINITION('international standard',
  'automotive_design',2000,#2);
#2 = APPLICATION_CONTEXT(
  'core data for automotive mechanical design processes');
#3 = SHAPE_DEFINITION_REPRESENTATION(#4,#10);
#4 = PRODUCT_DEFINITION_SHAPE('','',#5);
#5 = PRODUCT_DEFINITION('design','',#6,#9);
#6 = PRODUCT_DEFINITION_FORMATION('','',#7);
#7 = PRODUCT('Open CASCADE STEP translator 7.9 18',
  'Open CASCADE STEP translator 7.9 18','',(#8));
#8 = PRODUCT_CONTEXT('',#2,'mechanical');
#9 = PRODUCT_DEFINITION_CONTEXT('part definition',#2,'design');
#10 = ADVANCED_BREP_SHAPE_REPRESENTATION('',(#11,#15),#19253);
#11 = AXIS2_PLACEMENT_3D('',#12,#13,#14);
#12 = CARTESIAN_POINT('',(0.,0.,0.));
#13 = DIRECTION('',(0.,0.,1.));
#14 = DIRECTION('',(1.,0.,-0.));
#15 = MANIFOLD_SOLID_BREP('',#16);
#16 = CLOSED_SHELL('',(#17,#165,#246,#384,#566,#686,#808,#884,#999,#1098
    ,#1213,#1335,#1411,#1526,#1653,#1874,#2187,#2256,#2468,#2646,#2954,
    #3025,#3094,#3282,#3309,#3336,#3363,#3390,#3417,#3444,#3451,#3739,
    #3849,#3959,#4074,#4150,#4254,#4325,#4396,#4496,#4630,#4701,#4772,
    #4882,#4987,#5063,#5112,#5212,#5239,#5286,#5293,#5320,#5347,#5374,
    #5401,#5428,#5455,#5462,#5511,#5725,#5847,#5894,#5944,#6107,#6227,
    #6303,#6379,#6455,#6541,#6617,#6693,#6769,#6855,#6931,#7017,#7093,
    #7164,#7240,#7287,#7355,#7423,#7450,#7457,#7486,#7562,#7633,#7680,
    #7689,#7738,#7765,#7836,#7958,#8136,#8399,#8448,#8558,#8629,#8678,
    #8774,#8906,#9045,#9304,#10030,#10102,#10129,#10178,#10249,#10299,
    #10348,#10402,#10517,#10566,#10637,#10686,#10782,#10809,#10836,
    #10863,#10910,#10917,#10968,#11024,#11055,#11104,#11405,#11522,
    #11569,#11576,#11630,#11657,#11684,#11691,#11762,#11769,#11825,
    #11832,#11903,#11930,#11961,#12043,#12119,#12197,#12268,#12346,
    #12417,#12444,#12472,#12613,#12733,#12809,#12885,#12961,#13047,
    #13123,#13199,#13275,#13361,#13437,#13523,#13599,#13670,#13746,
    #13793,#13861,#13929,#13956,#13963,#13992,#14117,#14425,#14932,
    #15002,#15029,#15167,#15194,#15221,#15248,#15299,#15326,#15333,
    #15340,#15347,#15354,#15361,#15410,#15460,#15509,#15558,#15607,
    #15656,#15706,#15733,#16007,#16078,#16288,#16315,#16342,#16369,
    #16396,#16423,#16450,#16477,#16484,#16758,#16858,#16927,#17117,
    #17144,#17171,#17198,#17225,#17252,#17279,#17306,#17313,#17362,
    #17369,#17378,#17385,#17394,#17494,#17746,#17817,#18027,#18076,
    #18149,#18176,#18203,#18274,#18323,#18394,#18425,#18474,#18664,
    #18691,#18718,#18745,#18772,#18799,#18826,#18853,#18860,#18867,
    #18894,#18921,#18948,#18975,#19002,#19029,#19056,#19063,#19070,
    #19141,#19168,#19217,#19228,#19239));
#17 = ADVANCED_FACE('',(#18),#32,.T.);
#18 = FACE_BOUND('',#19,.T.);
#19 = EDGE_LOOP('',(#20,#55,#83,#111,#139));
#20 = ORIENTED_EDGE('',*,*,#21,.F.);
#21 = EDGE_CURVE('',#22,#24,#26,.T.);
#22 = VERTEX_POINT('',#23);
#23 = CARTESIAN_POINT('',(-3.3,-0.225,1.));
#24 = VERTEX_POINT('',#25);
#25 = CARTESIAN_POINT('',(-3.4,-0.125,1.));
#26 = SURFACE_CURVE('',#27,(#31,#43),.PCURVE_S1.);
#27 = LINE('',#28,#29);
#28 = CARTESIAN_POINT('',(13.5,-17.025,1.));
#29 = VECTOR('',#30,1.);
#30 = DIRECTION('',(-0.707106781187,0.707106781187,0.));
#31 = PCURVE('',#32,#37);
#32 = PLANE('',#33);
#33 = AXIS2_PLACEMENT_3D('',#34,#35,#36);
#34 = CARTESIAN_POINT('',(-3.35,-0.175,0.675));
#35 = DIRECTION('',(0.707106781187,0.707106781187,-2.372388238963E-16));
#36 = DIRECTION('',(-0.707106781187,0.707106781187,-1.096688116283E-16)
  );
#37 = DEFINITIONAL_REPRESENTATION('',(#38),#42);
#38 = LINE('',#39,#40);
#39 = CARTESIAN_POINT('',(-23.82949852598,0.325));
#40 = VECTOR('',#41,1.);
#41 = DIRECTION('',(1.,1.096688116283E-16));
#42 = ( GEOMETRIC_REPRESENTATION_CONTEXT(2) 
PARAMETRIC_REPRESENTATION_CONTEXT() REPRESENTATION_CONTEXT('2D SPACE',''
  ) );
#43 = PCURVE('',#44,#49);
#44 = PLANE('',#45);
#45 = AXIS2_PLACEMENT_3D('',#46,#47,#48);
#46 = CARTESIAN_POINT('',(-41.67662438884,-2.618867268294,1.));
#47 = DIRECTION('',(2.289834988289E-16,2.289834988289E-16,1.));
#48 = DIRECTION('',(0.,-1.,2.289834988289E-16));
#49 = DEFINITIONAL_REPRESENTATION('',(#50),#54);
#50 = LINE('',#51,#52);
#51 = CARTESIAN_POINT('',(14.406132731706,55.176624388842));
#52 = VECTOR('',#53,1.);
#53 = DIRECTION('',(-0.707106781187,-0.707106781187));
#54 = ( GEOMETRIC_REPRESENTATION_CONTEXT(2) 
PARAMETRIC_REPRESENTATION_CONTEXT() REPRESENTATION_CONTEXT('2D SPACE',''
  ) );
#55 = ORIENTED_EDGE('',*,*,#56,.T.);
#56 = EDGE_CURVE('',#22,#57,#59,.T.);
#57 = VERTEX_POINT('',#58);
#58 = CARTESIAN_POINT('',(-3.3,-0.225,0.84));
#59 = SURFACE_CURVE('',#60,(#64,#71),.PCURVE_S1.);
#60 = LINE('',#61,#62);
#61 = CARTESIAN_POINT('',(-3.3,-0.225,0.841614));
#62 = VECTOR('',#63,1.);
#63 = DIRECTION('',(-2.289834988289E-16,-1.065228634467E-16,-1.));
#64 = PCURVE('',#32,#65);
#65 = DEFINITIONAL_REPRESENTATION('',(#66),#70);
#66 = LINE('',#67,#68);
#67 = CARTESIAN_POINT('',(-7.071067811866E-02,0.166614));
#68 = VECTOR('',#69,1.);
#69 = DIRECTION('',(1.962615573355E-16,-1.));
#70 = ( GEOMETRIC_REPRESENTATION_CONTEXT(2) 
PARAMETRIC_REPRESENTATION_CONTEXT() REPRESENTATION_CONTEXT('2D SPACE',''
  ) );
#71 = PCURVE('',#72,#77);
#72 = PLANE('',#73);
#73 = AXIS2_PLACEMENT_3D('',#74,#75,#76);
#74 = CARTESIAN_POINT('',(-3.3,-0.430137,0.841614));
#75 = DIRECTION('',(1.,-5.243344273594E-32,-2.289834988289E-16));
#76 = DIRECTION('',(2.804146475864E-32,1.,-1.065228634467E-16));
#77 = DEFINITIONAL_REPRESENTATION('',(#78),#82);
#78 = LINE('',#79,#80);
#79 = CARTESIAN_POINT('',(0.205137,2.185178063887E-17));
#80 = VECTOR('',#81,1.);
#81 = DIRECTION('',(0.,-1.));
#82 = ( GEOMETRIC_REPRESENTATION_CONTEXT(2) 
PARAMETRIC_REPRESENTATION_CONTEXT() REPRESENTATION_CONTEXT('2D SPACE',''
  ) );
#83 = ORIENTED_EDGE('',*,*,#84,.T.);
#84 = EDGE_CURVE('',#57,#85,#87,.T.);
#85 = VERTEX_POINT('',#86);
#86 = CARTESIAN_POINT('',(-3.3,-0.225,0.31));
#87 = SURFACE_CURVE('',#88,(#92,#99),.PCURVE_S1.);
#88 = LINE('',#89,#90);
#89 = CARTESIAN_POINT('',(-3.3,-0.225,0.841614));
#90 = VECTOR('',#91,1.);
#91 = DIRECTION('',(-2.289834988289E-16,-1.065228634467E-16,-1.));
#92 = PCURVE('',#32,#93);
#93 = DEFINITIONAL_REPRESENTATION('',(#94),#98);
#94 = LINE('',#95,#96);
#95 = CARTESIAN_POINT('',(-7.071067811866E-02,0.166614));
#96 = VECTOR('',#97,1.);
#97 = DIRECTION('',(1.962615573355E-16,-1.));
#98 = ( GEOMETRIC_REPRESENTATION_CONTEXT(2) 
PARAMETRIC_REPRESENTATION_CONTEXT() REPRESENTATION_CONTEXT('2D SPACE',''
  ) );
#99 = PCURVE('',#100,#105);
#100 = PLANE('',#101);
#101 = AXIS2_PLACEMENT_3D('',#102,#103,#104);
#102 = CARTESIAN_POINT('',(-2.25,-0.225,0.29));
#103 = DIRECTION('',(-2.804146475864E-32,-1.,1.065228634467E-16));
#104 = DIRECTION('',(-1.,5.243344273594E-32,2.289834988289E-16));
#105 = DEFINITIONAL_REPRESENTATION('',(#106),#110);
#106 = LINE('',#107,#108);
#107 = CARTESIAN_POINT('',(1.05,-0.551614));
#108 = VECTOR('',#109,1.);
#109 = DIRECTION('',(0.,1.));
#110 = ( GEOMETRIC_REPRESENTATION_CONTEXT(2) 
PARAMETRIC_REPRESENTATION_CONTEXT() REPRESENTATION_CONTEXT('2D SPACE',''
  ) );
#111 = ORIENTED_EDGE('',*,*,#112,.T.);
#112 = EDGE_CURVE('',#85,#113,#115,.T.);
#113 = VERTEX_POINT('',#114);
#114 = CARTESIAN_POINT('',(-3.4,-0.125,0.31));
#115 = SURFACE_CURVE('',#116,(#120,#127),.PCURVE_S1.);
#116 = LINE('',#117,#118);
#117 = CARTESIAN_POINT('',(4.5,-8.025,0.31));
#118 = VECTOR('',#119,1.);
#119 = DIRECTION('',(-0.707106781187,0.707106781187,5.551115123126E-17)
  );
#120 = PCURVE('',#32,#121);
#121 = DEFINITIONAL_REPRESENTATION('',(#122),#126);
#122 = LINE('',#123,#124);
#123 = CARTESIAN_POINT('',(-11.10157646462,-0.365));
#124 = VECTOR('',#125,1.);
#125 = DIRECTION('',(1.,1.651799628595E-16));
#126 = ( GEOMETRIC_REPRESENTATION_CONTEXT(2) 
PARAMETRIC_REPRESENTATION_CONTEXT() REPRESENTATION_CONTEXT('2D SPACE',''
  ) );
#127 = PCURVE('',#128,#133);
#128 = PLANE('',#129);
#129 = AXIS2_PLACEMENT_3D('',#130,#131,#132);
#130 = CARTESIAN_POINT('',(-3.3,-0.835,0.31));
#131 = DIRECTION('',(2.289834988289E-16,1.065228634467E-16,1.));
#132 = DIRECTION('',(2.804146475864E-32,1.,-1.065228634467E-16));
#133 = DEFINITIONAL_REPRESENTATION('',(#134),#138);
#134 = LINE('',#135,#136);
#135 = CARTESIAN_POINT('',(-7.19,-7.8));
#136 = VECTOR('',#137,1.);
#137 = DIRECTION('',(0.707106781187,0.707106781187));
#138 = ( GEOMETRIC_REPRESENTATION_CONTEXT(2) 
PARAMETRIC_REPRESENTATION_CONTEXT() REPRESENTATION_CONTEXT('2D SPACE',''
  ) );
#139 = ORIENTED_EDGE('',*,*,#140,.F.);
#140 = EDGE_CURVE('',#24,#113,#141,.T.);
#141 = SURFACE_CURVE('',#142,(#146,#153),.PCURVE_S1.);
#142 = LINE('',#143,#144);
#143 = CARTESIAN_POINT('',(-3.4,-0.125,0.841614));
#144 = VECTOR('',#145,1.);
#145 = DIRECTION('',(-2.289834988289E-16,-1.065228634467E-16,-1.));
#146 = PCURVE('',#32,#147);
#147 = DEFINITIONAL_REPRESENTATION('',(#148),#152);
#148 = LINE('',#149,#150);
#149 = CARTESIAN_POINT('',(7.071067811865E-02,0.166614));
#150 = VECTOR('',#151,1.);
#151 = DIRECTION('',(1.962615573355E-16,-1.));
#152 = ( GEOMETRIC_REPRESENTATION_CONTEXT(2) 
PARAMETRIC_REPRESENTATION_CONTEXT() REPRESENTATION_CONTEXT('2D SPACE',''
  ) );
#153 = PCURVE('',#154,#159);
#154 = PLANE('',#155);
#155 = AXIS2_PLACEMENT_3D('',#156,#157,#158);
#156 = CARTESIAN_POINT('',(2.825,-0.125,0.31));
#157 = DIRECTION('',(2.804146475864E-32,1.,-1.065228634467E-16));
#158 = DIRECTION('',(-2.289834988289E-16,-1.065228634467E-16,-1.));
#159 = DEFINITIONAL_REPRESENTATION('',(#160),#164);
#160 = LINE('',#161,#162);
#161 = CARTESIAN_POINT('',(-0.531614,6.225));
#162 = VECTOR('',#163,1.);
#163 = DIRECTION('',(1.,0.));
#164 = ( GEOMETRIC_REPRESENTATION_CONTEXT(2) 
PARAMETRIC_REPRESENTATION_CONTEXT() REPRESENTATION_CONTEXT('2D SPACE',''
  ) );
#165 = ADVANCED_FACE('',(#166),#100,.F.);
#166 = FACE_BOUND('',#167,.T.);
#167 = EDGE_LOOP('',(#168,#198,#219,#220));
#168 = ORIENTED_EDGE('',*,*,#169,.T.);
#169 = EDGE_CURVE('',#170,#172,#174,.T.);
#170 = VERTEX_POINT('',#171);
#171 = CARTESIAN_POINT('',(-3.27,-0.225,0.84));
#172 = VERTEX_POINT('',#173);
#173 = CARTESIAN_POINT('',(-3.27,-0.225,0.31));
#174 = SURFACE_CURVE('',#175,(#179,#186),.PCURVE_S1.);
#175 = LINE('',#176,#177);
#176 = CARTESIAN_POINT('',(-3.27,-0.225,0.841614));
#177 = VECTOR('',#178,1.);
#178 = DIRECTION('',(-2.289834988289E-16,-1.065228634467E-16,-1.));
#179 = PCURVE('',#100,#180);
#180 = DEFINITIONAL_REPRESENTATION('',(#181),#185);
#181 = LINE('',#182,#183);
#182 = CARTESIAN_POINT('',(1.02,-0.551614));
#183 = VECTOR('',#184,1.);
#184 = DIRECTION('',(0.,1.));
#185 = ( GEOMETRIC_REPRESENTATION_CONTEXT(2) 
PARAMETRIC_REPRESENTATION_CONTEXT() REPRESENTATION_CONTEXT('2D SPACE',''
  ) );
#186 = PCURVE('',#187,#192);
#187 = PLANE('',#188);
#188 = AXIS2_PLACEMENT_3D('',#189,#190,#191);
#189 = CARTESIAN_POINT('',(-3.27,-7.939768223874E-02,-0.794708));
#190 = DIRECTION('',(1.,-5.243344273594E-32,-2.289834988289E-16));
#191 = DIRECTION('',(2.804146475864E-32,1.,-1.065228634467E-16));
#192 = DEFINITIONAL_REPRESENTATION('',(#193),#197);
#193 = LINE('',#194,#195);
#194 = CARTESIAN_POINT('',(-0.145602317761,1.636322));
#195 = VECTOR('',#196,1.);
#196 = DIRECTION('',(0.,-1.));
#197 = ( GEOMETRIC_REPRESENTATION_CONTEXT(2) 
PARAMETRIC_REPRESENTATION_CONTEXT() REPRESENTATION_CONTEXT('2D SPACE',''
  ) );
#198 = ORIENTED_EDGE('',*,*,#199,.T.);
#199 = EDGE_CURVE('',#172,#85,#200,.T.);
#200 = SURFACE_CURVE('',#201,(#205,#212),.PCURVE_S1.);
#201 = LINE('',#202,#203);
#202 = CARTESIAN_POINT('',(-4.,-0.225,0.31));
#203 = VECTOR('',#204,1.);
#204 = DIRECTION('',(-1.,5.243344273594E-32,2.289834988289E-16));
#205 = PCURVE('',#100,#206);
#206 = DEFINITIONAL_REPRESENTATION('',(#207),#211);
#207 = LINE('',#208,#209);
#208 = CARTESIAN_POINT('',(1.75,-2.E-02));
#209 = VECTOR('',#210,1.);
#210 = DIRECTION('',(1.,0.));
#211 = ( GEOMETRIC_REPRESENTATION_CONTEXT(2) 
PARAMETRIC_REPRESENTATION_CONTEXT() REPRESENTATION_CONTEXT('2D SPACE',''
  ) );
#212 = PCURVE('',#128,#213);
#213 = DEFINITIONAL_REPRESENTATION('',(#214),#218);
#214 = LINE('',#215,#216);
#215 = CARTESIAN_POINT('',(0.61,0.7));
#216 = VECTOR('',#217,1.);
#217 = DIRECTION('',(-9.031806508344E-47,1.));
#218 = ( GEOMETRIC_REPRESENTATION_CONTEXT(2) 
PARAMETRIC_REPRESENTATION_CONTEXT() REPRESENTATION_CONTEXT('2D SPACE',''
  ) );
#219 = ORIENTED_EDGE('',*,*,#84,.F.);
#220 = ORIENTED_EDGE('',*,*,#221,.F.);
#221 = EDGE_CURVE('',#170,#57,#222,.T.);
#222 = SURFACE_CURVE('',#223,(#227,#234),.PCURVE_S1.);
#223 = LINE('',#224,#225);
#224 = CARTESIAN_POINT('',(-4.,-0.225,0.84));
#225 = VECTOR('',#226,1.);
#226 = DIRECTION('',(-1.,5.243344273594E-32,2.289834988289E-16));
#227 = PCURVE('',#100,#228);
#228 = DEFINITIONAL_REPRESENTATION('',(#229),#233);
#229 = LINE('',#230,#231);
#230 = CARTESIAN_POINT('',(1.75,-0.55));
#231 = VECTOR('',#232,1.);
#232 = DIRECTION('',(1.,0.));
#233 = ( GEOMETRIC_REPRESENTATION_CONTEXT(2) 
PARAMETRIC_REPRESENTATION_CONTEXT() REPRESENTATION_CONTEXT('2D SPACE',''
  ) );
#234 = PCURVE('',#235,#240);
#235 = PLANE('',#236);
#236 = AXIS2_PLACEMENT_3D('',#237,#238,#239);
#237 = CARTESIAN_POINT('',(-4.325,-1.195,0.84));
#238 = DIRECTION('',(2.289834988289E-16,2.289834988289E-16,1.));
#239 = DIRECTION('',(0.,1.,-2.289834988289E-16));
#240 = DEFINITIONAL_REPRESENTATION('',(#241),#245);
#241 = LINE('',#242,#243);
#242 = CARTESIAN_POINT('',(0.97,-0.325));
#243 = VECTOR('',#244,1.);
#244 = DIRECTION('',(-2.080052407982E-46,1.));
#245 = ( GEOMETRIC_REPRESENTATION_CONTEXT(2) 
PARAMETRIC_REPRESENTATION_CONTEXT() REPRESENTATION_CONTEXT('2D SPACE',''
  ) );
#246 = ADVANCED_FACE('',(#247),#261,.T.);
#247 = FACE_BOUND('',#248,.T.);
#248 = EDGE_LOOP('',(#249,#284,#312,#335));
#249 = ORIENTED_EDGE('',*,*,#250,.T.);
#250 = EDGE_CURVE('',#251,#253,#255,.T.);
#251 = VERTEX_POINT('',#252);
#252 = CARTESIAN_POINT('',(-3.22,-0.615,0.94));
#253 = VERTEX_POINT('',#254);
#254 = CARTESIAN_POINT('',(-3.22,0.775,0.94));
#255 = SURFACE_CURVE('',#256,(#260,#272),.PCURVE_S1.);
#256 = LINE('',#257,#258);
#257 = CARTESIAN_POINT('',(-3.22,-0.430137,0.94));
#258 = VECTOR('',#259,1.);
#259 = DIRECTION('',(2.804146475864E-32,1.,-1.065228634467E-16));
#260 = PCURVE('',#261,#266);
#261 = PLANE('',#262);
#262 = AXIS2_PLACEMENT_3D('',#263,#264,#265);
#263 = CARTESIAN_POINT('',(-3.245,0.478724317761,0.915));
#264 = DIRECTION('',(-0.707106781187,7.532303909457E-17,0.707106781187)
  );
#265 = DIRECTION('',(0.707106781187,7.532303909457E-17,0.707106781187));
#266 = DEFINITIONAL_REPRESENTATION('',(#267),#271);
#267 = LINE('',#268,#269);
#268 = CARTESIAN_POINT('',(3.535533905933E-02,-0.908861317761));
#269 = VECTOR('',#270,1.);
#270 = DIRECTION('',(-1.109335647967E-31,1.));
#271 = ( GEOMETRIC_REPRESENTATION_CONTEXT(2) 
PARAMETRIC_REPRESENTATION_CONTEXT() REPRESENTATION_CONTEXT('2D SPACE',''
  ) );
#272 = PCURVE('',#273,#278);
#273 = PLANE('',#274);
#274 = AXIS2_PLACEMENT_3D('',#275,#276,#277);
#275 = CARTESIAN_POINT('',(6.25,-0.591275682239,0.94));
#276 = DIRECTION('',(-2.289834988289E-16,-2.289834988289E-16,-1.));
#277 = DIRECTION('',(0.,1.,-2.289834988289E-16));
#278 = DEFINITIONAL_REPRESENTATION('',(#279),#283);
#279 = LINE('',#280,#281);
#280 = CARTESIAN_POINT('',(0.161138682239,-9.47));
#281 = VECTOR('',#282,1.);
#282 = DIRECTION('',(1.,-1.094764425254E-46));
#283 = ( GEOMETRIC_REPRESENTATION_CONTEXT(2) 
PARAMETRIC_REPRESENTATION_CONTEXT() REPRESENTATION_CONTEXT('2D SPACE',''
  ) );
#284 = ORIENTED_EDGE('',*,*,#285,.T.);
#285 = EDGE_CURVE('',#253,#286,#288,.T.);
#286 = VERTEX_POINT('',#287);
#287 = CARTESIAN_POINT('',(-3.27,0.775,0.89));
#288 = SURFACE_CURVE('',#289,(#293,#300),.PCURVE_S1.);
#289 = LINE('',#290,#291);
#290 = CARTESIAN_POINT('',(-3.318386,0.775,0.841614));
#291 = VECTOR('',#292,1.);
#292 = DIRECTION('',(-0.707106781187,-1.619157848018E-16,-0.707106781187
    ));
#293 = PCURVE('',#261,#294);
#294 = DEFINITIONAL_REPRESENTATION('',(#295),#299);
#295 = LINE('',#296,#297);
#296 = CARTESIAN_POINT('',(-0.103783476488,0.296275682239));
#297 = VECTOR('',#298,1.);
#298 = DIRECTION('',(-1.,-8.659274570719E-17));
#299 = ( GEOMETRIC_REPRESENTATION_CONTEXT(2) 
PARAMETRIC_REPRESENTATION_CONTEXT() REPRESENTATION_CONTEXT('2D SPACE',''
  ) );
#300 = PCURVE('',#301,#306);
#301 = PLANE('',#302);
#302 = AXIS2_PLACEMENT_3D('',#303,#304,#305);
#303 = CARTESIAN_POINT('',(5.67,0.775,0.94));
#304 = DIRECTION('',(6.753181414995E-18,-1.,1.065228634467E-16));
#305 = DIRECTION('',(-1.,-6.753181414995E-18,2.289834988289E-16));
#306 = DEFINITIONAL_REPRESENTATION('',(#307),#311);
#307 = LINE('',#308,#309);
#308 = CARTESIAN_POINT('',(8.988386,9.8386E-02));
#309 = VECTOR('',#310,1.);
#310 = DIRECTION('',(0.707106781187,0.707106781187));
#311 = ( GEOMETRIC_REPRESENTATION_CONTEXT(2) 
PARAMETRIC_REPRESENTATION_CONTEXT() REPRESENTATION_CONTEXT('2D SPACE',''
  ) );
#312 = ORIENTED_EDGE('',*,*,#313,.T.);
#313 = EDGE_CURVE('',#286,#314,#316,.T.);
#314 = VERTEX_POINT('',#315);
#315 = CARTESIAN_POINT('',(-3.27,-0.665,0.89));
#316 = SURFACE_CURVE('',#317,(#321,#328),.PCURVE_S1.);
#317 = LINE('',#318,#319);
#318 = CARTESIAN_POINT('',(-3.27,-0.430137,0.89));
#319 = VECTOR('',#320,1.);
#320 = DIRECTION('',(-2.804146475864E-32,-1.,1.065228634467E-16));
#321 = PCURVE('',#261,#322);
#322 = DEFINITIONAL_REPRESENTATION('',(#323),#327);
#323 = LINE('',#324,#325);
#324 = CARTESIAN_POINT('',(-3.535533905933E-02,-0.908861317761));
#325 = VECTOR('',#326,1.);
#326 = DIRECTION('',(1.109335647967E-31,-1.));
#327 = ( GEOMETRIC_REPRESENTATION_CONTEXT(2) 
PARAMETRIC_REPRESENTATION_CONTEXT() REPRESENTATION_CONTEXT('2D SPACE',''
  ) );
#328 = PCURVE('',#187,#329);
#329 = DEFINITIONAL_REPRESENTATION('',(#330),#334);
#330 = LINE('',#331,#332);
#331 = CARTESIAN_POINT('',(-0.350739317761,1.684708));
#332 = VECTOR('',#333,1.);
#333 = DIRECTION('',(-1.,0.));
#334 = ( GEOMETRIC_REPRESENTATION_CONTEXT(2) 
PARAMETRIC_REPRESENTATION_CONTEXT() REPRESENTATION_CONTEXT('2D SPACE',''
  ) );
#335 = ORIENTED_EDGE('',*,*,#336,.T.);
#336 = EDGE_CURVE('',#314,#251,#337,.T.);
#337 = SURFACE_CURVE('',#338,(#343,#350),.PCURVE_S1.);
#338 = ELLIPSE('',#339,7.071067811865E-02,5.E-02);
#339 = AXIS2_PLACEMENT_3D('',#340,#341,#342);
#340 = CARTESIAN_POINT('',(-3.27,-0.615,0.89));
#341 = DIRECTION('',(-0.707106781187,7.532303909457E-17,0.707106781187)
  );
#342 = DIRECTION('',(0.707106781187,7.532303909457E-17,0.707106781187));
#343 = PCURVE('',#261,#344);
#344 = DEFINITIONAL_REPRESENTATION('',(#345),#349);
#345 = ELLIPSE('',#346,7.071067811865E-02,5.E-02);
#346 = AXIS2_PLACEMENT_2D('',#347,#348);
#347 = CARTESIAN_POINT('',(-3.535533905933E-02,-1.093724317761));
#348 = DIRECTION('',(1.,-9.860761315263E-32));
#349 = ( GEOMETRIC_REPRESENTATION_CONTEXT(2) 
PARAMETRIC_REPRESENTATION_CONTEXT() REPRESENTATION_CONTEXT('2D SPACE',''
  ) );
#350 = PCURVE('',#351,#356);
#351 = CYLINDRICAL_SURFACE('',#352,5.E-02);
#352 = AXIS2_PLACEMENT_3D('',#353,#354,#355);
#353 = CARTESIAN_POINT('',(1.75,-0.615,0.89));
#354 = DIRECTION('',(-1.,5.243344273594E-32,2.289834988289E-16));
#355 = DIRECTION('',(2.804146475864E-32,1.,-1.065228634467E-16));
#356 = DEFINITIONAL_REPRESENTATION('',(#357),#383);
#357 = B_SPLINE_CURVE_WITH_KNOTS('',3,(#358,#359,#360,#361,#362,#363,
    #364,#365,#366,#367,#368,#369,#370,#371,#372,#373,#374,#375,#376,
    #377,#378,#379,#380,#381,#382),.UNSPECIFIED.,.F.,.F.,(4,1,1,1,1,1,1,
    1,1,1,1,1,1,1,1,1,1,1,1,1,1,1,4),(4.712388980385,4.783788813421,
    4.855188646457,4.926588479493,4.997988312529,5.069388145565,
    5.140787978601,5.212187811638,5.283587644674,5.35498747771,
    5.426387310746,5.497787143782,5.569186976818,5.640586809854,
    5.711986642891,5.783386475927,5.854786308963,5.926186141999,
    5.997585975035,6.068985808071,6.140385641107,6.211785474143,
    6.28318530718),.QUASI_UNIFORM_KNOTS.);
#358 = CARTESIAN_POINT('',(3.14159265359,5.02));
#359 = CARTESIAN_POINT('',(3.165392597935,5.018809993522));
#360 = CARTESIAN_POINT('',(3.212992486626,5.016430013242));
#361 = CARTESIAN_POINT('',(3.284392319662,5.012878208411));
#362 = CARTESIAN_POINT('',(3.355792152698,5.009362701631));
#363 = CARTESIAN_POINT('',(3.427191985734,5.0059013982));
#364 = CARTESIAN_POINT('',(3.49859181877,5.002511938517));
#365 = CARTESIAN_POINT('',(3.569991651807,4.999211593852));
#366 = CARTESIAN_POINT('',(3.641391484843,4.996017182175));
#367 = CARTESIAN_POINT('',(3.712791317879,4.992944981431));
#368 = CARTESIAN_POINT('',(3.784191150915,4.990010646863));
#369 = CARTESIAN_POINT('',(3.855590983951,4.987229131163));
#370 = CARTESIAN_POINT('',(3.926990816987,4.9846146083));
#371 = CARTESIAN_POINT('',(3.998390650023,4.982180401281));
#372 = CARTESIAN_POINT('',(4.06979048306,4.97993891427));
#373 = CARTESIAN_POINT('',(4.141190316096,4.977901569361));
#374 = CARTESIAN_POINT('',(4.212590149132,4.976078748435));
#375 = CARTESIAN_POINT('',(4.283989982168,4.974479740028));
#376 = CARTESIAN_POINT('',(4.355389815204,4.973112692846));
#377 = CARTESIAN_POINT('',(4.42678964824,4.971984571087));
#378 = CARTESIAN_POINT('',(4.498189481276,4.97110113072));
#379 = CARTESIAN_POINT('',(4.569589314312,4.970466846242));
#380 = CARTESIAN_POINT('',(4.640989147349,4.970085051748));
#381 = CARTESIAN_POINT('',(4.688589036039,4.969999892172));
#382 = CARTESIAN_POINT('',(4.712388980385,4.97));
#383 = ( GEOMETRIC_REPRESENTATION_CONTEXT(2) 
PARAMETRIC_REPRESENTATION_CONTEXT() REPRESENTATION_CONTEXT('2D SPACE',''
  ) );
#384 = ADVANCED_FACE('',(#385),#187,.F.);
#385 = FACE_BOUND('',#386,.T.);
#386 = EDGE_LOOP('',(#387,#415,#416,#439,#467,#495,#523,#544,#545));
#387 = ORIENTED_EDGE('',*,*,#388,.F.);
#388 = EDGE_CURVE('',#314,#389,#391,.T.);
#389 = VERTEX_POINT('',#390);
#390 = CARTESIAN_POINT('',(-3.27,-0.665,0.84));
#391 = SURFACE_CURVE('',#392,(#396,#403),.PCURVE_S1.);
#392 = LINE('',#393,#394);
#393 = CARTESIAN_POINT('',(-3.27,-0.665,0.841614));
#394 = VECTOR('',#395,1.);
#395 = DIRECTION('',(-2.289834988289E-16,-1.065228634467E-16,-1.));
#396 = PCURVE('',#187,#397);
#397 = DEFINITIONAL_REPRESENTATION('',(#398),#402);
#398 = LINE('',#399,#400);
#399 = CARTESIAN_POINT('',(-0.585602317761,1.636322));
#400 = VECTOR('',#401,1.);
#401 = DIRECTION('',(0.,-1.));
#402 = ( GEOMETRIC_REPRESENTATION_CONTEXT(2) 
PARAMETRIC_REPRESENTATION_CONTEXT() REPRESENTATION_CONTEXT('2D SPACE',''
  ) );
#403 = PCURVE('',#404,#409);
#404 = PLANE('',#405);
#405 = AXIS2_PLACEMENT_3D('',#406,#407,#408);
#406 = CARTESIAN_POINT('',(5.75,-0.665,0.89));
#407 = DIRECTION('',(2.804146475864E-32,1.,-1.065228634467E-16));
#408 = DIRECTION('',(2.289834988289E-16,1.065228634467E-16,1.));
#409 = DEFINITIONAL_REPRESENTATION('',(#410),#414);
#410 = LINE('',#411,#412);
#411 = CARTESIAN_POINT('',(-4.8386E-02,-9.02));
#412 = VECTOR('',#413,1.);
#413 = DIRECTION('',(-1.,0.));
#414 = ( GEOMETRIC_REPRESENTATION_CONTEXT(2) 
PARAMETRIC_REPRESENTATION_CONTEXT() REPRESENTATION_CONTEXT('2D SPACE',''
  ) );
#415 = ORIENTED_EDGE('',*,*,#313,.F.);
#416 = ORIENTED_EDGE('',*,*,#417,.F.);
#417 = EDGE_CURVE('',#418,#286,#420,.T.);
#418 = VERTEX_POINT('',#419);
#419 = CARTESIAN_POINT('',(-3.27,0.775,0.6));
#420 = SURFACE_CURVE('',#421,(#425,#432),.PCURVE_S1.);
#421 = LINE('',#422,#423);
#422 = CARTESIAN_POINT('',(-3.27,0.775,0.841614));
#423 = VECTOR('',#424,1.);
#424 = DIRECTION('',(2.289834988289E-16,2.289834988289E-16,1.));
#425 = PCURVE('',#187,#426);
#426 = DEFINITIONAL_REPRESENTATION('',(#427),#431);
#427 = LINE('',#428,#429);
#428 = CARTESIAN_POINT('',(0.854397682239,1.636322));
#429 = VECTOR('',#430,1.);
#430 = DIRECTION('',(1.224606353822E-16,1.));
#431 = ( GEOMETRIC_REPRESENTATION_CONTEXT(2) 
PARAMETRIC_REPRESENTATION_CONTEXT() REPRESENTATION_CONTEXT('2D SPACE',''
  ) );
#432 = PCURVE('',#301,#433);
#433 = DEFINITIONAL_REPRESENTATION('',(#434),#438);
#434 = LINE('',#435,#436);
#435 = CARTESIAN_POINT('',(8.94,9.8386E-02));
#436 = VECTOR('',#437,1.);
#437 = DIRECTION('',(0.,-1.));
#438 = ( GEOMETRIC_REPRESENTATION_CONTEXT(2) 
PARAMETRIC_REPRESENTATION_CONTEXT() REPRESENTATION_CONTEXT('2D SPACE',''
  ) );
#439 = ORIENTED_EDGE('',*,*,#440,.F.);
#440 = EDGE_CURVE('',#441,#418,#443,.T.);
#441 = VERTEX_POINT('',#442);
#442 = CARTESIAN_POINT('',(-3.27,0.525,0.47));
#443 = SURFACE_CURVE('',#444,(#448,#455),.PCURVE_S1.);
#444 = LINE('',#445,#446);
#445 = CARTESIAN_POINT('',(-3.27,-0.430137,-2.667124E-02));
#446 = VECTOR('',#447,1.);
#447 = DIRECTION('',(1.056421638306E-16,0.887216801235,0.461352736642));
#448 = PCURVE('',#187,#449);
#449 = DEFINITIONAL_REPRESENTATION('',(#450),#454);
#450 = LINE('',#451,#452);
#451 = CARTESIAN_POINT('',(-0.350739317761,0.76803676));
#452 = VECTOR('',#453,1.);
#453 = DIRECTION('',(0.887216801235,0.461352736642));
#454 = ( GEOMETRIC_REPRESENTATION_CONTEXT(2) 
PARAMETRIC_REPRESENTATION_CONTEXT() REPRESENTATION_CONTEXT('2D SPACE',''
  ) );
#455 = PCURVE('',#456,#461);
#456 = PLANE('',#457);
#457 = AXIS2_PLACEMENT_3D('',#458,#459,#460);
#458 = CARTESIAN_POINT('',(-7.65,0.775,0.6));
#459 = DIRECTION('',(2.031580073665E-16,-0.461352736642,0.887216801235)
  );
#460 = DIRECTION('',(-1.056421638306E-16,-0.887216801235,-0.461352736642
    ));
#461 = DEFINITIONAL_REPRESENTATION('',(#462),#466);
#462 = LINE('',#463,#464);
#463 = CARTESIAN_POINT('',(1.358334285738,4.38));
#464 = VECTOR('',#465,1.);
#465 = DIRECTION('',(-1.,1.232595164408E-32));
#466 = ( GEOMETRIC_REPRESENTATION_CONTEXT(2) 
PARAMETRIC_REPRESENTATION_CONTEXT() REPRESENTATION_CONTEXT('2D SPACE',''
  ) );
#467 = ORIENTED_EDGE('',*,*,#468,.F.);
#468 = EDGE_CURVE('',#469,#441,#471,.T.);
#469 = VERTEX_POINT('',#470);
#470 = CARTESIAN_POINT('',(-3.27,0.525,0.31));
#471 = SURFACE_CURVE('',#472,(#476,#483),.PCURVE_S1.);
#472 = LINE('',#473,#474);
#473 = CARTESIAN_POINT('',(-3.27,0.525,0.841614));
#474 = VECTOR('',#475,1.);
#475 = DIRECTION('',(2.289834988289E-16,1.065228634467E-16,1.));
#476 = PCURVE('',#187,#477);
#477 = DEFINITIONAL_REPRESENTATION('',(#478),#482);
#478 = LINE('',#479,#480);
#479 = CARTESIAN_POINT('',(0.604397682239,1.636322));
#480 = VECTOR('',#481,1.);
#481 = DIRECTION('',(0.,1.));
#482 = ( GEOMETRIC_REPRESENTATION_CONTEXT(2) 
PARAMETRIC_REPRESENTATION_CONTEXT() REPRESENTATION_CONTEXT('2D SPACE',''
  ) );
#483 = PCURVE('',#484,#489);
#484 = PLANE('',#485);
#485 = AXIS2_PLACEMENT_3D('',#486,#487,#488);
#486 = CARTESIAN_POINT('',(-1.25,0.525,0.47));
#487 = DIRECTION('',(2.804146475864E-32,1.,-1.065228634467E-16));
#488 = DIRECTION('',(2.289834988289E-16,1.065228634467E-16,1.));
#489 = DEFINITIONAL_REPRESENTATION('',(#490),#494);
#490 = LINE('',#491,#492);
#491 = CARTESIAN_POINT('',(0.371614,-2.02));
#492 = VECTOR('',#493,1.);
#493 = DIRECTION('',(1.,0.));
#494 = ( GEOMETRIC_REPRESENTATION_CONTEXT(2) 
PARAMETRIC_REPRESENTATION_CONTEXT() REPRESENTATION_CONTEXT('2D SPACE',''
  ) );
#495 = ORIENTED_EDGE('',*,*,#496,.T.);
#496 = EDGE_CURVE('',#469,#497,#499,.T.);
#497 = VERTEX_POINT('',#498);
#498 = CARTESIAN_POINT('',(-3.27,-0.125,0.31));
#499 = SURFACE_CURVE('',#500,(#504,#511),.PCURVE_S1.);
#500 = LINE('',#501,#502);
#501 = CARTESIAN_POINT('',(-3.27,-7.939768223874E-02,0.31));
#502 = VECTOR('',#503,1.);
#503 = DIRECTION('',(-2.804146475864E-32,-1.,1.065228634467E-16));
#504 = PCURVE('',#187,#505);
#505 = DEFINITIONAL_REPRESENTATION('',(#506),#510);
#506 = LINE('',#507,#508);
#507 = CARTESIAN_POINT('',(-1.176766594325E-16,1.104708));
#508 = VECTOR('',#509,1.);
#509 = DIRECTION('',(-1.,0.));
#510 = ( GEOMETRIC_REPRESENTATION_CONTEXT(2) 
PARAMETRIC_REPRESENTATION_CONTEXT() REPRESENTATION_CONTEXT('2D SPACE',''
  ) );
#511 = PCURVE('',#512,#517);
#512 = PLANE('',#513);
#513 = AXIS2_PLACEMENT_3D('',#514,#515,#516);
#514 = CARTESIAN_POINT('',(1.35,0.548724317761,0.31));
#515 = DIRECTION('',(2.289834988289E-16,1.065228634467E-16,1.));
#516 = DIRECTION('',(-1.,5.243344273594E-32,2.289834988289E-16));
#517 = DEFINITIONAL_REPRESENTATION('',(#518),#522);
#518 = LINE('',#519,#520);
#519 = CARTESIAN_POINT('',(4.62,0.628122));
#520 = VECTOR('',#521,1.);
#521 = DIRECTION('',(9.031806508344E-47,1.));
#522 = ( GEOMETRIC_REPRESENTATION_CONTEXT(2) 
PARAMETRIC_REPRESENTATION_CONTEXT() REPRESENTATION_CONTEXT('2D SPACE',''
  ) );
#523 = ORIENTED_EDGE('',*,*,#524,.T.);
#524 = EDGE_CURVE('',#497,#172,#525,.T.);
#525 = SURFACE_CURVE('',#526,(#530,#537),.PCURVE_S1.);
#526 = LINE('',#527,#528);
#527 = CARTESIAN_POINT('',(-3.27,-0.430137,0.31));
#528 = VECTOR('',#529,1.);
#529 = DIRECTION('',(-2.804146475864E-32,-1.,1.065228634467E-16));
#530 = PCURVE('',#187,#531);
#531 = DEFINITIONAL_REPRESENTATION('',(#532),#536);
#532 = LINE('',#533,#534);
#533 = CARTESIAN_POINT('',(-0.350739317761,1.104708));
#534 = VECTOR('',#535,1.);
#535 = DIRECTION('',(-1.,0.));
#536 = ( GEOMETRIC_REPRESENTATION_CONTEXT(2) 
PARAMETRIC_REPRESENTATION_CONTEXT() REPRESENTATION_CONTEXT('2D SPACE',''
  ) );
#537 = PCURVE('',#128,#538);
#538 = DEFINITIONAL_REPRESENTATION('',(#539),#543);
#539 = LINE('',#540,#541);
#540 = CARTESIAN_POINT('',(0.404863,-3.E-02));
#541 = VECTOR('',#542,1.);
#542 = DIRECTION('',(-1.,2.736911063134E-48));
#543 = ( GEOMETRIC_REPRESENTATION_CONTEXT(2) 
PARAMETRIC_REPRESENTATION_CONTEXT() REPRESENTATION_CONTEXT('2D SPACE',''
  ) );
#544 = ORIENTED_EDGE('',*,*,#169,.F.);
#545 = ORIENTED_EDGE('',*,*,#546,.F.);
#546 = EDGE_CURVE('',#389,#170,#547,.T.);
#547 = SURFACE_CURVE('',#548,(#552,#559),.PCURVE_S1.);
#548 = LINE('',#549,#550);
#549 = CARTESIAN_POINT('',(-3.27,-0.430137,0.84));
#550 = VECTOR('',#551,1.);
#551 = DIRECTION('',(2.804146475864E-32,1.,-1.065228634467E-16));
#552 = PCURVE('',#187,#553);
#553 = DEFINITIONAL_REPRESENTATION('',(#554),#558);
#554 = LINE('',#555,#556);
#555 = CARTESIAN_POINT('',(-0.350739317761,1.634708));
#556 = VECTOR('',#557,1.);
#557 = DIRECTION('',(1.,0.));
#558 = ( GEOMETRIC_REPRESENTATION_CONTEXT(2) 
PARAMETRIC_REPRESENTATION_CONTEXT() REPRESENTATION_CONTEXT('2D SPACE',''
  ) );
#559 = PCURVE('',#235,#560);
#560 = DEFINITIONAL_REPRESENTATION('',(#561),#565);
#561 = LINE('',#562,#563);
#562 = CARTESIAN_POINT('',(0.764863,-1.055));
#563 = VECTOR('',#564,1.);
#564 = DIRECTION('',(1.,1.094764425254E-46));
#565 = ( GEOMETRIC_REPRESENTATION_CONTEXT(2) 
PARAMETRIC_REPRESENTATION_CONTEXT() REPRESENTATION_CONTEXT('2D SPACE',''
  ) );
#566 = ADVANCED_FACE('',(#567),#581,.T.);
#567 = FACE_BOUND('',#568,.T.);
#568 = EDGE_LOOP('',(#569,#604,#632,#660));
#569 = ORIENTED_EDGE('',*,*,#570,.F.);
#570 = EDGE_CURVE('',#571,#573,#575,.T.);
#571 = VERTEX_POINT('',#572);
#572 = CARTESIAN_POINT('',(-1.6,-0.125,8.E-02));
#573 = VERTEX_POINT('',#574);
#574 = CARTESIAN_POINT('',(-1.6,-0.205,8.E-02));
#575 = SURFACE_CURVE('',#576,(#580,#592),.PCURVE_S1.);
#576 = LINE('',#577,#578);
#577 = CARTESIAN_POINT('',(-1.6,-0.430137,8.E-02));
#578 = VECTOR('',#579,1.);
#579 = DIRECTION('',(-1.224606353822E-16,-1.,2.289834988289E-16));
#580 = PCURVE('',#581,#586);
#581 = PLANE('',#582);
#582 = AXIS2_PLACEMENT_3D('',#583,#584,#585);
#583 = CARTESIAN_POINT('',(-1.575,-0.275,5.5E-02));
#584 = DIRECTION('',(-0.707106781187,-7.532303909457E-17,-0.707106781187
    ));
#585 = DIRECTION('',(0.707106781187,6.231304445401E-16,-0.707106781187)
  );
#586 = DEFINITIONAL_REPRESENTATION('',(#587),#591);
#587 = LINE('',#588,#589);
#588 = CARTESIAN_POINT('',(-3.535533905933E-02,0.155137));
#589 = VECTOR('',#590,1.);
#590 = DIRECTION('',(-8.716389750491E-16,1.));
#591 = ( GEOMETRIC_REPRESENTATION_CONTEXT(2) 
PARAMETRIC_REPRESENTATION_CONTEXT() REPRESENTATION_CONTEXT('2D SPACE',''
  ) );
#592 = PCURVE('',#593,#598);
#593 = PLANE('',#594);
#594 = AXIS2_PLACEMENT_3D('',#595,#596,#597);
#595 = CARTESIAN_POINT('',(-1.8375,-0.125,8.E-02));
#596 = DIRECTION('',(-2.289834988289E-16,-2.289834988289E-16,-1.));
#597 = DIRECTION('',(0.,-1.,2.289834988289E-16));
#598 = DEFINITIONAL_REPRESENTATION('',(#599),#603);
#599 = LINE('',#600,#601);
#600 = CARTESIAN_POINT('',(0.305137,-0.2375));
#601 = VECTOR('',#602,1.);
#602 = DIRECTION('',(1.,1.224606353822E-16));
#603 = ( GEOMETRIC_REPRESENTATION_CONTEXT(2) 
PARAMETRIC_REPRESENTATION_CONTEXT() REPRESENTATION_CONTEXT('2D SPACE',''
  ) );
#604 = ORIENTED_EDGE('',*,*,#605,.F.);
#605 = EDGE_CURVE('',#606,#571,#608,.T.);
#606 = VERTEX_POINT('',#607);
#607 = CARTESIAN_POINT('',(-1.55,-0.125,3.E-02));
#608 = SURFACE_CURVE('',#609,(#613,#620),.PCURVE_S1.);
#609 = LINE('',#610,#611);
#610 = CARTESIAN_POINT('',(-17.,-0.125,15.48));
#611 = VECTOR('',#612,1.);
#612 = DIRECTION('',(-0.707106781187,1.064046335705E-16,0.707106781187)
  );
#613 = PCURVE('',#581,#614);
#614 = DEFINITIONAL_REPRESENTATION('',(#615),#619);
#615 = LINE('',#616,#617);
#616 = CARTESIAN_POINT('',(-21.8142441996,-0.15));
#617 = VECTOR('',#618,1.);
#618 = DIRECTION('',(-1.,-7.295350781106E-16));
#619 = ( GEOMETRIC_REPRESENTATION_CONTEXT(2) 
PARAMETRIC_REPRESENTATION_CONTEXT() REPRESENTATION_CONTEXT('2D SPACE',''
  ) );
#620 = PCURVE('',#621,#626);
#621 = PLANE('',#622);
#622 = AXIS2_PLACEMENT_3D('',#623,#624,#625);
#623 = CARTESIAN_POINT('',(2.325,-0.125,0.31));
#624 = DIRECTION('',(2.804146475864E-32,1.,-1.065228634467E-16));
#625 = DIRECTION('',(-2.289834988289E-16,-1.065228634467E-16,-1.));
#626 = DEFINITIONAL_REPRESENTATION('',(#627),#631);
#627 = LINE('',#628,#629);
#628 = CARTESIAN_POINT('',(-15.17,19.325));
#629 = VECTOR('',#630,1.);
#630 = DIRECTION('',(-0.707106781187,0.707106781187));
#631 = ( GEOMETRIC_REPRESENTATION_CONTEXT(2) 
PARAMETRIC_REPRESENTATION_CONTEXT() REPRESENTATION_CONTEXT('2D SPACE',''
  ) );
#632 = ORIENTED_EDGE('',*,*,#633,.F.);
#633 = EDGE_CURVE('',#634,#606,#636,.T.);
#634 = VERTEX_POINT('',#635);
#635 = CARTESIAN_POINT('',(-1.55,-0.425,3.E-02));
#636 = SURFACE_CURVE('',#637,(#641,#648),.PCURVE_S1.);
#637 = LINE('',#638,#639);
#638 = CARTESIAN_POINT('',(-1.55,-0.430137,3.E-02));
#639 = VECTOR('',#640,1.);
#640 = DIRECTION('',(1.932570076653E-32,1.,-1.065228634467E-16));
#641 = PCURVE('',#581,#642);
#642 = DEFINITIONAL_REPRESENTATION('',(#643),#647);
#643 = LINE('',#644,#645);
#644 = CARTESIAN_POINT('',(3.535533905933E-02,0.155137));
#645 = VECTOR('',#646,1.);
#646 = DIRECTION('',(6.984534836347E-16,-1.));
#647 = ( GEOMETRIC_REPRESENTATION_CONTEXT(2) 
PARAMETRIC_REPRESENTATION_CONTEXT() REPRESENTATION_CONTEXT('2D SPACE',''
  ) );
#648 = PCURVE('',#649,#654);
#649 = PLANE('',#650);
#650 = AXIS2_PLACEMENT_3D('',#651,#652,#653);
#651 = CARTESIAN_POINT('',(-47.1025,-0.125,3.000000000001E-02));
#652 = DIRECTION('',(-2.289834988289E-16,-1.065228634467E-16,-1.));
#653 = DIRECTION('',(-2.804146475864E-32,-1.,1.065228634467E-16));
#654 = DEFINITIONAL_REPRESENTATION('',(#655),#659);
#655 = LINE('',#656,#657);
#656 = CARTESIAN_POINT('',(0.305137,-45.5525));
#657 = VECTOR('',#658,1.);
#658 = DIRECTION('',(-1.,8.715763992105E-33));
#659 = ( GEOMETRIC_REPRESENTATION_CONTEXT(2) 
PARAMETRIC_REPRESENTATION_CONTEXT() REPRESENTATION_CONTEXT('2D SPACE',''
  ) );
#660 = ORIENTED_EDGE('',*,*,#661,.T.);
#661 = EDGE_CURVE('',#634,#573,#662,.T.);
#662 = SURFACE_CURVE('',#663,(#667,#674),.PCURVE_S1.);
#663 = LINE('',#664,#665);
#664 = CARTESIAN_POINT('',(-1.5488325,-0.430137,2.88325E-02));
#665 = VECTOR('',#666,1.);
#666 = DIRECTION('',(-0.216371161204,0.952033109297,0.216371161204));
#667 = PCURVE('',#581,#668);
#668 = DEFINITIONAL_REPRESENTATION('',(#669),#673);
#669 = LINE('',#670,#671);
#670 = CARTESIAN_POINT('',(3.70064333934E-02,0.155137));
#671 = VECTOR('',#672,1.);
#672 = DIRECTION('',(-0.305995030681,-0.952033109297));
#673 = ( GEOMETRIC_REPRESENTATION_CONTEXT(2) 
PARAMETRIC_REPRESENTATION_CONTEXT() REPRESENTATION_CONTEXT('2D SPACE',''
  ) );
#674 = PCURVE('',#675,#680);
#675 = PLANE('',#676);
#676 = AXIS2_PLACEMENT_3D('',#677,#678,#679);
#677 = CARTESIAN_POINT('',(-1.8375,-0.205,8.E-02));
#678 = DIRECTION('',(-2.232893331422E-16,0.221621103589,-0.975132855791)
  );
#679 = DIRECTION('',(-5.074757571413E-17,-0.975132855791,-0.221621103589
    ));
#680 = DEFINITIONAL_REPRESENTATION('',(#681),#685);
#681 = LINE('',#682,#683);
#682 = CARTESIAN_POINT('',(0.230878283572,-0.2886675));
#683 = VECTOR('',#684,1.);
#684 = DIRECTION('',(-0.976311180208,0.216371161204));
#685 = ( GEOMETRIC_REPRESENTATION_CONTEXT(2) 
PARAMETRIC_REPRESENTATION_CONTEXT() REPRESENTATION_CONTEXT('2D SPACE',''
  ) );
#686 = ADVANCED_FACE('',(#687),#701,.T.);
#687 = FACE_BOUND('',#688,.T.);
#688 = EDGE_LOOP('',(#689,#724,#753,#781));
#689 = ORIENTED_EDGE('',*,*,#690,.T.);
#690 = EDGE_CURVE('',#691,#693,#695,.T.);
#691 = VERTEX_POINT('',#692);
#692 = CARTESIAN_POINT('',(-0.825,-0.205,3.619548911246E-02));
#693 = VERTEX_POINT('',#694);
#694 = CARTESIAN_POINT('',(-0.675,-0.205,3.619548911246E-02));
#695 = SURFACE_CURVE('',#696,(#700,#712),.PCURVE_S1.);
#696 = LINE('',#697,#698);
#697 = CARTESIAN_POINT('',(-0.825,-0.205,3.619548911246E-02));
#698 = VECTOR('',#699,1.);
#699 = DIRECTION('',(1.,-5.243344273594E-32,-2.289834988289E-16));
#700 = PCURVE('',#701,#706);
#701 = CYLINDRICAL_SURFACE('',#702,3.E-02);
#702 = AXIS2_PLACEMENT_3D('',#703,#704,#705);
#703 = CARTESIAN_POINT('',(-0.825,-0.175,3.619548911246E-02));
#704 = DIRECTION('',(1.,-5.243344273594E-32,-2.289834988289E-16));
#705 = DIRECTION('',(-2.080052407982E-46,1.,-2.289834988289E-16));
#706 = DEFINITIONAL_REPRESENTATION('',(#707),#711);
#707 = LINE('',#708,#709);
#708 = CARTESIAN_POINT('',(3.14159265359,0.));
#709 = VECTOR('',#710,1.);
#710 = DIRECTION('',(0.,1.));
#711 = ( GEOMETRIC_REPRESENTATION_CONTEXT(2) 
PARAMETRIC_REPRESENTATION_CONTEXT() REPRESENTATION_CONTEXT('2D SPACE',''
  ) );
#712 = PCURVE('',#713,#718);
#713 = PLANE('',#714);
#714 = AXIS2_PLACEMENT_3D('',#715,#716,#717);
#715 = CARTESIAN_POINT('',(-0.825,-0.205,-6.661338147751E-16));
#716 = DIRECTION('',(0.,-1.,2.289834988289E-16));
#717 = DIRECTION('',(2.289834988289E-16,2.289834988289E-16,1.));
#718 = DEFINITIONAL_REPRESENTATION('',(#719),#723);
#719 = LINE('',#720,#721);
#720 = CARTESIAN_POINT('',(3.619548911246E-02,8.288169738796E-18));
#721 = VECTOR('',#722,1.);
#722 = DIRECTION('',(0.,-1.));
#723 = ( GEOMETRIC_REPRESENTATION_CONTEXT(2) 
PARAMETRIC_REPRESENTATION_CONTEXT() REPRESENTATION_CONTEXT('2D SPACE',''
  ) );
#724 = ORIENTED_EDGE('',*,*,#725,.F.);
#725 = EDGE_CURVE('',#726,#693,#728,.T.);
#726 = VERTEX_POINT('',#727);
#727 = CARTESIAN_POINT('',(-0.675,-0.181813366389,6.541154699934E-02));
#728 = SURFACE_CURVE('',#729,(#734,#741),.PCURVE_S1.);
#729 = CIRCLE('',#730,3.E-02);
#730 = AXIS2_PLACEMENT_3D('',#731,#732,#733);
#731 = CARTESIAN_POINT('',(-0.675,-0.175,3.619548911246E-02));
#732 = DIRECTION('',(1.,-5.243344273594E-32,-2.289834988289E-16));
#733 = DIRECTION('',(-2.080052407982E-46,1.,-2.289834988289E-16));
#734 = PCURVE('',#701,#735);
#735 = DEFINITIONAL_REPRESENTATION('',(#736),#740);
#736 = LINE('',#737,#738);
#737 = CARTESIAN_POINT('',(-8.881784197001E-16,0.15));
#738 = VECTOR('',#739,1.);
#739 = DIRECTION('',(1.,0.));
#740 = ( GEOMETRIC_REPRESENTATION_CONTEXT(2) 
PARAMETRIC_REPRESENTATION_CONTEXT() REPRESENTATION_CONTEXT('2D SPACE',''
  ) );
#741 = PCURVE('',#742,#747);
#742 = PLANE('',#743);
#743 = AXIS2_PLACEMENT_3D('',#744,#745,#746);
#744 = CARTESIAN_POINT('',(-0.675,0.120779075398,0.170500231015));
#745 = DIRECTION('',(1.,-5.243344273594E-32,-2.289834988289E-16));
#746 = DIRECTION('',(5.243344273594E-32,1.,0.));
#747 = DEFINITIONAL_REPRESENTATION('',(#748),#752);
#748 = CIRCLE('',#749,3.E-02);
#749 = AXIS2_PLACEMENT_2D('',#750,#751);
#750 = CARTESIAN_POINT('',(-0.295779075398,-0.134304741903));
#751 = DIRECTION('',(1.,-2.289834988289E-16));
#752 = ( GEOMETRIC_REPRESENTATION_CONTEXT(2) 
PARAMETRIC_REPRESENTATION_CONTEXT() REPRESENTATION_CONTEXT('2D SPACE',''
  ) );
#753 = ORIENTED_EDGE('',*,*,#754,.F.);
#754 = EDGE_CURVE('',#755,#726,#757,.T.);
#755 = VERTEX_POINT('',#756);
#756 = CARTESIAN_POINT('',(-0.825,-0.181813366389,6.541154699934E-02));
#757 = SURFACE_CURVE('',#758,(#762,#769),.PCURVE_S1.);
#758 = LINE('',#759,#760);
#759 = CARTESIAN_POINT('',(-0.825,-0.181813366389,6.541154699934E-02));
#760 = VECTOR('',#761,1.);
#761 = DIRECTION('',(1.,-5.243344273594E-32,-2.289834988289E-16));
#762 = PCURVE('',#701,#763);
#763 = DEFINITIONAL_REPRESENTATION('',(#764),#768);
#764 = LINE('',#765,#766);
#765 = CARTESIAN_POINT('',(1.799907705522,0.));
#766 = VECTOR('',#767,1.);
#767 = DIRECTION('',(0.,1.));
#768 = ( GEOMETRIC_REPRESENTATION_CONTEXT(2) 
PARAMETRIC_REPRESENTATION_CONTEXT() REPRESENTATION_CONTEXT('2D SPACE',''
  ) );
#769 = PCURVE('',#770,#775);
#770 = PLANE('',#771);
#771 = AXIS2_PLACEMENT_3D('',#772,#773,#774);
#772 = CARTESIAN_POINT('',(-0.825,-0.181813366389,6.541154699934E-02));
#773 = DIRECTION('',(2.229998385642E-16,-0.227112212966,0.973868596229)
  );
#774 = DIRECTION('',(5.200494915182E-17,0.973868596229,0.227112212966));
#775 = DEFINITIONAL_REPRESENTATION('',(#776),#780);
#776 = LINE('',#777,#778);
#777 = CARTESIAN_POINT('',(0.,0.));
#778 = VECTOR('',#779,1.);
#779 = DIRECTION('',(-9.244463733059E-32,-1.));
#780 = ( GEOMETRIC_REPRESENTATION_CONTEXT(2) 
PARAMETRIC_REPRESENTATION_CONTEXT() REPRESENTATION_CONTEXT('2D SPACE',''
  ) );
#781 = ORIENTED_EDGE('',*,*,#782,.T.);
#782 = EDGE_CURVE('',#755,#691,#783,.T.);
#783 = SURFACE_CURVE('',#784,(#789,#796),.PCURVE_S1.);
#784 = CIRCLE('',#785,3.E-02);
#785 = AXIS2_PLACEMENT_3D('',#786,#787,#788);
#786 = CARTESIAN_POINT('',(-0.825,-0.175,3.619548911246E-02));
#787 = DIRECTION('',(1.,-5.243344273594E-32,-2.289834988289E-16));
#788 = DIRECTION('',(-2.080052407982E-46,1.,-2.289834988289E-16));
#789 = PCURVE('',#701,#790);
#790 = DEFINITIONAL_REPRESENTATION('',(#791),#795);
#791 = LINE('',#792,#793);
#792 = CARTESIAN_POINT('',(-6.661338147751E-16,0.));
#793 = VECTOR('',#794,1.);
#794 = DIRECTION('',(1.,0.));
#795 = ( GEOMETRIC_REPRESENTATION_CONTEXT(2) 
PARAMETRIC_REPRESENTATION_CONTEXT() REPRESENTATION_CONTEXT('2D SPACE',''
  ) );
#796 = PCURVE('',#797,#802);
#797 = PLANE('',#798);
#798 = AXIS2_PLACEMENT_3D('',#799,#800,#801);
#799 = CARTESIAN_POINT('',(-0.825,0.120779075398,0.170500231015));
#800 = DIRECTION('',(1.,-5.243344273594E-32,-2.289834988289E-16));
#801 = DIRECTION('',(5.243344273594E-32,1.,0.));
#802 = DEFINITIONAL_REPRESENTATION('',(#803),#807);
#803 = CIRCLE('',#804,3.E-02);
#804 = AXIS2_PLACEMENT_2D('',#805,#806);
#805 = CARTESIAN_POINT('',(-0.295779075398,-0.134304741903));
#806 = DIRECTION('',(1.,-2.289834988289E-16));
#807 = ( GEOMETRIC_REPRESENTATION_CONTEXT(2) 
PARAMETRIC_REPRESENTATION_CONTEXT() REPRESENTATION_CONTEXT('2D SPACE',''
  ) );
#808 = ADVANCED_FACE('',(#809),#72,.T.);
#809 = FACE_BOUND('',#810,.T.);
#810 = EDGE_LOOP('',(#811,#812,#835,#863));
#811 = ORIENTED_EDGE('',*,*,#56,.F.);
#812 = ORIENTED_EDGE('',*,*,#813,.F.);
#813 = EDGE_CURVE('',#814,#22,#816,.T.);
#814 = VERTEX_POINT('',#815);
#815 = CARTESIAN_POINT('',(-3.3,-1.145,1.));
#816 = SURFACE_CURVE('',#817,(#821,#828),.PCURVE_S1.);
#817 = LINE('',#818,#819);
#818 = CARTESIAN_POINT('',(-3.3,-0.430137,1.));
#819 = VECTOR('',#820,1.);
#820 = DIRECTION('',(0.,1.,-2.289834988289E-16));
#821 = PCURVE('',#72,#822);
#822 = DEFINITIONAL_REPRESENTATION('',(#823),#827);
#823 = LINE('',#824,#825);
#824 = CARTESIAN_POINT('',(-1.687173024987E-17,0.158386));
#825 = VECTOR('',#826,1.);
#826 = DIRECTION('',(1.,-1.224606353822E-16));
#827 = ( GEOMETRIC_REPRESENTATION_CONTEXT(2) 
PARAMETRIC_REPRESENTATION_CONTEXT() REPRESENTATION_CONTEXT('2D SPACE',''
  ) );
#828 = PCURVE('',#44,#829);
#829 = DEFINITIONAL_REPRESENTATION('',(#830),#834);
#830 = LINE('',#831,#832);
#831 = CARTESIAN_POINT('',(-2.188730268294,38.376624388842));
#832 = VECTOR('',#833,1.);
#833 = DIRECTION('',(-1.,0.));
#834 = ( GEOMETRIC_REPRESENTATION_CONTEXT(2) 
PARAMETRIC_REPRESENTATION_CONTEXT() REPRESENTATION_CONTEXT('2D SPACE',''
  ) );
#835 = ORIENTED_EDGE('',*,*,#836,.F.);
#836 = EDGE_CURVE('',#837,#814,#839,.T.);
#837 = VERTEX_POINT('',#838);
#838 = CARTESIAN_POINT('',(-3.3,-1.145,0.84));
#839 = SURFACE_CURVE('',#840,(#844,#851),.PCURVE_S1.);
#840 = LINE('',#841,#842);
#841 = CARTESIAN_POINT('',(-3.3,-1.145,0.841614));
#842 = VECTOR('',#843,1.);
#843 = DIRECTION('',(2.289834988289E-16,1.065228634467E-16,1.));
#844 = PCURVE('',#72,#845);
#845 = DEFINITIONAL_REPRESENTATION('',(#846),#850);
#846 = LINE('',#847,#848);
#847 = CARTESIAN_POINT('',(-0.714863,-7.61492537321E-17));
#848 = VECTOR('',#849,1.);
#849 = DIRECTION('',(0.,1.));
#850 = ( GEOMETRIC_REPRESENTATION_CONTEXT(2) 
PARAMETRIC_REPRESENTATION_CONTEXT() REPRESENTATION_CONTEXT('2D SPACE',''
  ) );
#851 = PCURVE('',#852,#857);
#852 = PLANE('',#853);
#853 = AXIS2_PLACEMENT_3D('',#854,#855,#856);
#854 = CARTESIAN_POINT('',(7.3,-1.145,1.05));
#855 = DIRECTION('',(-2.804146475864E-32,-1.,1.065228634467E-16));
#856 = DIRECTION('',(-2.289834988289E-16,-1.065228634467E-16,-1.));
#857 = DEFINITIONAL_REPRESENTATION('',(#858),#862);
#858 = LINE('',#859,#860);
#859 = CARTESIAN_POINT('',(0.208386,-10.6));
#860 = VECTOR('',#861,1.);
#861 = DIRECTION('',(-1.,0.));
#862 = ( GEOMETRIC_REPRESENTATION_CONTEXT(2) 
PARAMETRIC_REPRESENTATION_CONTEXT() REPRESENTATION_CONTEXT('2D SPACE',''
  ) );
#863 = ORIENTED_EDGE('',*,*,#864,.F.);
#864 = EDGE_CURVE('',#57,#837,#865,.T.);
#865 = SURFACE_CURVE('',#866,(#870,#877),.PCURVE_S1.);
#866 = LINE('',#867,#868);
#867 = CARTESIAN_POINT('',(-3.3,-0.430137,0.84));
#868 = VECTOR('',#869,1.);
#869 = DIRECTION('',(-2.804146475864E-32,-1.,1.065228634467E-16));
#870 = PCURVE('',#72,#871);
#871 = DEFINITIONAL_REPRESENTATION('',(#872),#876);
#872 = LINE('',#873,#874);
#873 = CARTESIAN_POINT('',(-9.99028794261E-16,-1.61399999999E-03));
#874 = VECTOR('',#875,1.);
#875 = DIRECTION('',(-1.,0.));
#876 = ( GEOMETRIC_REPRESENTATION_CONTEXT(2) 
PARAMETRIC_REPRESENTATION_CONTEXT() REPRESENTATION_CONTEXT('2D SPACE',''
  ) );
#877 = PCURVE('',#235,#878);
#878 = DEFINITIONAL_REPRESENTATION('',(#879),#883);
#879 = LINE('',#880,#881);
#880 = CARTESIAN_POINT('',(0.764863,-1.025));
#881 = VECTOR('',#882,1.);
#882 = DIRECTION('',(-1.,-1.094764425254E-46));
#883 = ( GEOMETRIC_REPRESENTATION_CONTEXT(2) 
PARAMETRIC_REPRESENTATION_CONTEXT() REPRESENTATION_CONTEXT('2D SPACE',''
  ) );
#884 = ADVANCED_FACE('',(#885),#899,.T.);
#885 = FACE_BOUND('',#886,.T.);
#886 = EDGE_LOOP('',(#887,#922,#945,#973));
#887 = ORIENTED_EDGE('',*,*,#888,.T.);
#888 = EDGE_CURVE('',#889,#891,#893,.T.);
#889 = VERTEX_POINT('',#890);
#890 = CARTESIAN_POINT('',(-3.5,-1.925,8.E-02));
#891 = VERTEX_POINT('',#892);
#892 = CARTESIAN_POINT('',(-3.5,-0.125,8.E-02));
#893 = SURFACE_CURVE('',#894,(#898,#910),.PCURVE_S1.);
#894 = LINE('',#895,#896);
#895 = CARTESIAN_POINT('',(-3.5,0.619235,8.E-02));
#896 = VECTOR('',#897,1.);
#897 = DIRECTION('',(2.804146475864E-32,1.,-1.065228634467E-16));
#898 = PCURVE('',#899,#904);
#899 = PLANE('',#900);
#900 = AXIS2_PLACEMENT_3D('',#901,#902,#903);
#901 = CARTESIAN_POINT('',(-3.5,-0.125,8.E-02));
#902 = DIRECTION('',(-2.289834988289E-16,-1.065228634467E-16,-1.));
#903 = DIRECTION('',(-2.804146475864E-32,-1.,1.065228634467E-16));
#904 = DEFINITIONAL_REPRESENTATION('',(#905),#909);
#905 = LINE('',#906,#907);
#906 = CARTESIAN_POINT('',(-0.744235,1.995609680515E-32));
#907 = VECTOR('',#908,1.);
#908 = DIRECTION('',(-1.,-2.736911063134E-48));
#909 = ( GEOMETRIC_REPRESENTATION_CONTEXT(2) 
PARAMETRIC_REPRESENTATION_CONTEXT() REPRESENTATION_CONTEXT('2D SPACE',''
  ) );
#910 = PCURVE('',#911,#916);
#911 = PLANE('',#912);
#912 = AXIS2_PLACEMENT_3D('',#913,#914,#915);
#913 = CARTESIAN_POINT('',(-3.5,-0.430137,0.841614));
#914 = DIRECTION('',(1.,-5.243344273594E-32,-2.289834988289E-16));
#915 = DIRECTION('',(2.804146475864E-32,1.,-1.065228634467E-16));
#916 = DEFINITIONAL_REPRESENTATION('',(#917),#921);
#917 = LINE('',#918,#919);
#918 = CARTESIAN_POINT('',(1.049372,-0.761614));
#919 = VECTOR('',#920,1.);
#920 = DIRECTION('',(1.,0.));
#921 = ( GEOMETRIC_REPRESENTATION_CONTEXT(2) 
PARAMETRIC_REPRESENTATION_CONTEXT() REPRESENTATION_CONTEXT('2D SPACE',''
  ) );
#922 = ORIENTED_EDGE('',*,*,#923,.F.);
#923 = EDGE_CURVE('',#924,#891,#926,.T.);
#924 = VERTEX_POINT('',#925);
#925 = CARTESIAN_POINT('',(-2.9525,-0.125,8.E-02));
#926 = SURFACE_CURVE('',#927,(#931,#938),.PCURVE_S1.);
#927 = LINE('',#928,#929);
#928 = CARTESIAN_POINT('',(13.5,-0.125,8.E-02));
#929 = VECTOR('',#930,1.);
#930 = DIRECTION('',(-1.,5.243344273594E-32,2.289834988289E-16));
#931 = PCURVE('',#899,#932);
#932 = DEFINITIONAL_REPRESENTATION('',(#933),#937);
#933 = LINE('',#934,#935);
#934 = CARTESIAN_POINT('',(-8.921076773588E-31,-17.));
#935 = VECTOR('',#936,1.);
#936 = DIRECTION('',(9.031806508344E-47,1.));
#937 = ( GEOMETRIC_REPRESENTATION_CONTEXT(2) 
PARAMETRIC_REPRESENTATION_CONTEXT() REPRESENTATION_CONTEXT('2D SPACE',''
  ) );
#938 = PCURVE('',#154,#939);
#939 = DEFINITIONAL_REPRESENTATION('',(#940),#944);
#940 = LINE('',#941,#942);
#941 = CARTESIAN_POINT('',(0.23,-10.675));
#942 = VECTOR('',#943,1.);
#943 = DIRECTION('',(0.,1.));
#944 = ( GEOMETRIC_REPRESENTATION_CONTEXT(2) 
PARAMETRIC_REPRESENTATION_CONTEXT() REPRESENTATION_CONTEXT('2D SPACE',''
  ) );
#945 = ORIENTED_EDGE('',*,*,#946,.F.);
#946 = EDGE_CURVE('',#947,#924,#949,.T.);
#947 = VERTEX_POINT('',#948);
#948 = CARTESIAN_POINT('',(-2.9525,-1.925,8.E-02));
#949 = SURFACE_CURVE('',#950,(#954,#961),.PCURVE_S1.);
#950 = LINE('',#951,#952);
#951 = CARTESIAN_POINT('',(-2.9525,-3.025,8.E-02));
#952 = VECTOR('',#953,1.);
#953 = DIRECTION('',(2.804146475864E-32,1.,-1.065228634467E-16));
#954 = PCURVE('',#899,#955);
#955 = DEFINITIONAL_REPRESENTATION('',(#956),#960);
#956 = LINE('',#957,#958);
#957 = CARTESIAN_POINT('',(2.9,-0.5475));
#958 = VECTOR('',#959,1.);
#959 = DIRECTION('',(-1.,-2.736911063134E-48));
#960 = ( GEOMETRIC_REPRESENTATION_CONTEXT(2) 
PARAMETRIC_REPRESENTATION_CONTEXT() REPRESENTATION_CONTEXT('2D SPACE',''
  ) );
#961 = PCURVE('',#962,#967);
#962 = PLANE('',#963);
#963 = AXIS2_PLACEMENT_3D('',#964,#965,#966);
#964 = CARTESIAN_POINT('',(-2.9525,-3.025,3.E-02));
#965 = DIRECTION('',(1.,-5.243344273594E-32,-2.289834988289E-16));
#966 = DIRECTION('',(-2.289834988289E-16,-1.065228634467E-16,-1.));
#967 = DEFINITIONAL_REPRESENTATION('',(#968),#972);
#968 = LINE('',#969,#970);
#969 = CARTESIAN_POINT('',(-5.E-02,-5.326143172335E-18));
#970 = VECTOR('',#971,1.);
#971 = DIRECTION('',(0.,1.));
#972 = ( GEOMETRIC_REPRESENTATION_CONTEXT(2) 
PARAMETRIC_REPRESENTATION_CONTEXT() REPRESENTATION_CONTEXT('2D SPACE',''
  ) );
#973 = ORIENTED_EDGE('',*,*,#974,.T.);
#974 = EDGE_CURVE('',#947,#889,#975,.T.);
#975 = SURFACE_CURVE('',#976,(#980,#987),.PCURVE_S1.);
#976 = LINE('',#977,#978);
#977 = CARTESIAN_POINT('',(-3.1025,-1.925,8.E-02));
#978 = VECTOR('',#979,1.);
#979 = DIRECTION('',(-1.,5.243344273594E-32,2.289834988289E-16));
#980 = PCURVE('',#899,#981);
#981 = DEFINITIONAL_REPRESENTATION('',(#982),#986);
#982 = LINE('',#983,#984);
#983 = CARTESIAN_POINT('',(1.8,-0.3975));
#984 = VECTOR('',#985,1.);
#985 = DIRECTION('',(9.031806508344E-47,1.));
#986 = ( GEOMETRIC_REPRESENTATION_CONTEXT(2) 
PARAMETRIC_REPRESENTATION_CONTEXT() REPRESENTATION_CONTEXT('2D SPACE',''
  ) );
#987 = PCURVE('',#988,#993);
#988 = PLANE('',#989);
#989 = AXIS2_PLACEMENT_3D('',#990,#991,#992);
#990 = CARTESIAN_POINT('',(-2.93367832869,-1.925,0.556369515365));
#991 = DIRECTION('',(-2.804146475864E-32,-1.,1.065228634467E-16));
#992 = DIRECTION('',(-2.289834988289E-16,-1.065228634467E-16,-1.));
#993 = DEFINITIONAL_REPRESENTATION('',(#994),#998);
#994 = LINE('',#995,#996);
#995 = CARTESIAN_POINT('',(0.476369515365,-0.16882167131));
#996 = VECTOR('',#997,1.);
#997 = DIRECTION('',(0.,-1.));
#998 = ( GEOMETRIC_REPRESENTATION_CONTEXT(2) 
PARAMETRIC_REPRESENTATION_CONTEXT() REPRESENTATION_CONTEXT('2D SPACE',''
  ) );
#999 = ADVANCED_FACE('',(#1000),#351,.T.);
#1000 = FACE_BOUND('',#1001,.T.);
#1001 = EDGE_LOOP('',(#1002,#1025,#1026,#1049));
#1002 = ORIENTED_EDGE('',*,*,#1003,.T.);
#1003 = EDGE_CURVE('',#1004,#251,#1006,.T.);
#1004 = VERTEX_POINT('',#1005);
#1005 = CARTESIAN_POINT('',(3.22,-0.615,0.94));
#1006 = SURFACE_CURVE('',#1007,(#1011,#1018),.PCURVE_S1.);
#1007 = LINE('',#1008,#1009);
#1008 = CARTESIAN_POINT('',(8.25,-0.615,0.94));
#1009 = VECTOR('',#1010,1.);
#1010 = DIRECTION('',(-1.,5.243344273594E-32,2.289834988289E-16));
#1011 = PCURVE('',#351,#1012);
#1012 = DEFINITIONAL_REPRESENTATION('',(#1013),#1017);
#1013 = LINE('',#1014,#1015);
#1014 = CARTESIAN_POINT('',(4.712388980385,-6.5));
#1015 = VECTOR('',#1016,1.);
#1016 = DIRECTION('',(0.,1.));
#1017 = ( GEOMETRIC_REPRESENTATION_CONTEXT(2) 
PARAMETRIC_REPRESENTATION_CONTEXT() REPRESENTATION_CONTEXT('2D SPACE',''
  ) );
#1018 = PCURVE('',#273,#1019);
#1019 = DEFINITIONAL_REPRESENTATION('',(#1020),#1024);
#1020 = LINE('',#1021,#1022);
#1021 = CARTESIAN_POINT('',(-2.372431776125E-02,2.));
#1022 = VECTOR('',#1023,1.);
#1023 = DIRECTION('',(-2.080052407982E-46,-1.));
#1024 = ( GEOMETRIC_REPRESENTATION_CONTEXT(2) 
PARAMETRIC_REPRESENTATION_CONTEXT() REPRESENTATION_CONTEXT('2D SPACE',''
  ) );
#1025 = ORIENTED_EDGE('',*,*,#336,.F.);
#1026 = ORIENTED_EDGE('',*,*,#1027,.F.);
#1027 = EDGE_CURVE('',#1028,#314,#1030,.T.);
#1028 = VERTEX_POINT('',#1029);
#1029 = CARTESIAN_POINT('',(3.27,-0.665,0.89));
#1030 = SURFACE_CURVE('',#1031,(#1035,#1042),.PCURVE_S1.);
#1031 = LINE('',#1032,#1033);
#1032 = CARTESIAN_POINT('',(1.75,-0.665,0.89));
#1033 = VECTOR('',#1034,1.);
#1034 = DIRECTION('',(-1.,5.243344273594E-32,2.289834988289E-16));
#1035 = PCURVE('',#351,#1036);
#1036 = DEFINITIONAL_REPRESENTATION('',(#1037),#1041);
#1037 = LINE('',#1038,#1039);
#1038 = CARTESIAN_POINT('',(3.14159265359,-2.22044604925E-16));
#1039 = VECTOR('',#1040,1.);
#1040 = DIRECTION('',(0.,1.));
#1041 = ( GEOMETRIC_REPRESENTATION_CONTEXT(2) 
PARAMETRIC_REPRESENTATION_CONTEXT() REPRESENTATION_CONTEXT('2D SPACE',''
  ) );
#1042 = PCURVE('',#404,#1043);
#1043 = DEFINITIONAL_REPRESENTATION('',(#1044),#1048);
#1044 = LINE('',#1045,#1046);
#1045 = CARTESIAN_POINT('',(8.326672684688E-17,-4.));
#1046 = VECTOR('',#1047,1.);
#1047 = DIRECTION('',(0.,-1.));
#1048 = ( GEOMETRIC_REPRESENTATION_CONTEXT(2) 
PARAMETRIC_REPRESENTATION_CONTEXT() REPRESENTATION_CONTEXT('2D SPACE',''
  ) );
#1049 = ORIENTED_EDGE('',*,*,#1050,.T.);
#1050 = EDGE_CURVE('',#1028,#1004,#1051,.T.);
#1051 = SURFACE_CURVE('',#1052,(#1057,#1086),.PCURVE_S1.);
#1052 = ELLIPSE('',#1053,7.071067811865E-02,5.E-02);
#1053 = AXIS2_PLACEMENT_3D('',#1054,#1055,#1056);
#1054 = CARTESIAN_POINT('',(3.27,-0.615,0.89));
#1055 = DIRECTION('',(-0.707106781187,-7.532303909457E-17,
    -0.707106781187));
#1056 = DIRECTION('',(-0.707106781187,7.532303909457E-17,0.707106781187)
  );
#1057 = PCURVE('',#351,#1058);
#1058 = DEFINITIONAL_REPRESENTATION('',(#1059),#1085);
#1059 = B_SPLINE_CURVE_WITH_KNOTS('',3,(#1060,#1061,#1062,#1063,#1064,
    #1065,#1066,#1067,#1068,#1069,#1070,#1071,#1072,#1073,#1074,#1075,
    #1076,#1077,#1078,#1079,#1080,#1081,#1082,#1083,#1084),
  .UNSPECIFIED.,.F.,.F.,(4,1,1,1,1,1,1,1,1,1,1,1,1,1,1,1,1,1,1,1,1,1,4),
  (4.712388980385,4.783788813421,4.855188646457,4.926588479493,
    4.997988312529,5.069388145565,5.140787978601,5.212187811638,
    5.283587644674,5.35498747771,5.426387310746,5.497787143782,
    5.569186976818,5.640586809854,5.711986642891,5.783386475927,
    5.854786308963,5.926186141999,5.997585975035,6.068985808071,
    6.140385641107,6.211785474143,6.28318530718),.QUASI_UNIFORM_KNOTS.);
#1060 = CARTESIAN_POINT('',(3.14159265359,-1.52));
#1061 = CARTESIAN_POINT('',(3.165392597935,-1.518809993522));
#1062 = CARTESIAN_POINT('',(3.212992486626,-1.516430013242));
#1063 = CARTESIAN_POINT('',(3.284392319662,-1.512878208411));
#1064 = CARTESIAN_POINT('',(3.355792152698,-1.509362701631));
#1065 = CARTESIAN_POINT('',(3.427191985734,-1.5059013982));
#1066 = CARTESIAN_POINT('',(3.49859181877,-1.502511938517));
#1067 = CARTESIAN_POINT('',(3.569991651807,-1.499211593852));
#1068 = CARTESIAN_POINT('',(3.641391484843,-1.496017182175));
#1069 = CARTESIAN_POINT('',(3.712791317879,-1.492944981431));
#1070 = CARTESIAN_POINT('',(3.784191150915,-1.490010646863));
#1071 = CARTESIAN_POINT('',(3.855590983951,-1.487229131163));
#1072 = CARTESIAN_POINT('',(3.926990816987,-1.4846146083));
#1073 = CARTESIAN_POINT('',(3.998390650023,-1.482180401281));
#1074 = CARTESIAN_POINT('',(4.069790483059,-1.47993891427));
#1075 = CARTESIAN_POINT('',(4.141190316096,-1.477901569361));
#1076 = CARTESIAN_POINT('',(4.212590149132,-1.476078748435));
#1077 = CARTESIAN_POINT('',(4.283989982168,-1.474479740028));
#1078 = CARTESIAN_POINT('',(4.355389815204,-1.473112692846));
#1079 = CARTESIAN_POINT('',(4.42678964824,-1.471984571087));
#1080 = CARTESIAN_POINT('',(4.498189481276,-1.47110113072));
#1081 = CARTESIAN_POINT('',(4.569589314312,-1.470466846242));
#1082 = CARTESIAN_POINT('',(4.640989147349,-1.470085051748));
#1083 = CARTESIAN_POINT('',(4.688589036039,-1.469999892172));
#1084 = CARTESIAN_POINT('',(4.712388980385,-1.47));
#1085 = ( GEOMETRIC_REPRESENTATION_CONTEXT(2) 
PARAMETRIC_REPRESENTATION_CONTEXT() REPRESENTATION_CONTEXT('2D SPACE',''
  ) );
#1086 = PCURVE('',#1087,#1092);
#1087 = PLANE('',#1088);
#1088 = AXIS2_PLACEMENT_3D('',#1089,#1090,#1091);
#1089 = CARTESIAN_POINT('',(3.245,0.478724317761,0.915));
#1090 = DIRECTION('',(-0.707106781187,-7.532303909457E-17,
    -0.707106781187));
#1091 = DIRECTION('',(-0.707106781187,7.532303909457E-17,0.707106781187)
  );
#1092 = DEFINITIONAL_REPRESENTATION('',(#1093),#1097);
#1093 = ELLIPSE('',#1094,7.071067811865E-02,5.E-02);
#1094 = AXIS2_PLACEMENT_2D('',#1095,#1096);
#1095 = CARTESIAN_POINT('',(-3.535533905933E-02,-1.093724317761));
#1096 = DIRECTION('',(1.,0.));
#1097 = ( GEOMETRIC_REPRESENTATION_CONTEXT(2) 
PARAMETRIC_REPRESENTATION_CONTEXT() REPRESENTATION_CONTEXT('2D SPACE',''
  ) );
#1098 = ADVANCED_FACE('',(#1099),#1113,.T.);
#1099 = FACE_BOUND('',#1100,.T.);
#1100 = EDGE_LOOP('',(#1101,#1131,#1159,#1187));
#1101 = ORIENTED_EDGE('',*,*,#1102,.T.);
#1102 = EDGE_CURVE('',#1103,#1105,#1107,.T.);
#1103 = VERTEX_POINT('',#1104);
#1104 = CARTESIAN_POINT('',(-1.05,-0.425,3.E-02));
#1105 = VERTEX_POINT('',#1106);
#1106 = CARTESIAN_POINT('',(-1.45,-0.425,3.E-02));
#1107 = SURFACE_CURVE('',#1108,(#1112,#1124),.PCURVE_S1.);
#1108 = LINE('',#1109,#1110);
#1109 = CARTESIAN_POINT('',(1.,-0.425,3.E-02));
#1110 = VECTOR('',#1111,1.);
#1111 = DIRECTION('',(-1.,5.243344273594E-32,2.289834988289E-16));
#1112 = PCURVE('',#1113,#1118);
#1113 = PLANE('',#1114);
#1114 = AXIS2_PLACEMENT_3D('',#1115,#1116,#1117);
#1115 = CARTESIAN_POINT('',(-1.3375,-0.205,8.E-02));
#1116 = DIRECTION('',(-2.232893331422E-16,0.221621103589,-0.975132855791
    ));
#1117 = DIRECTION('',(-5.074757571413E-17,-0.975132855791,
    -0.221621103589));
#1118 = DEFINITIONAL_REPRESENTATION('',(#1119),#1123);
#1119 = LINE('',#1120,#1121);
#1120 = CARTESIAN_POINT('',(0.225610283454,-2.3375));
#1121 = VECTOR('',#1122,1.);
#1122 = DIRECTION('',(-1.848892746612E-31,1.));
#1123 = ( GEOMETRIC_REPRESENTATION_CONTEXT(2) 
PARAMETRIC_REPRESENTATION_CONTEXT() REPRESENTATION_CONTEXT('2D SPACE',''
  ) );
#1124 = PCURVE('',#649,#1125);
#1125 = DEFINITIONAL_REPRESENTATION('',(#1126),#1130);
#1126 = LINE('',#1127,#1128);
#1127 = CARTESIAN_POINT('',(0.3,-48.1025));
#1128 = VECTOR('',#1129,1.);
#1129 = DIRECTION('',(9.031806508344E-47,1.));
#1130 = ( GEOMETRIC_REPRESENTATION_CONTEXT(2) 
PARAMETRIC_REPRESENTATION_CONTEXT() REPRESENTATION_CONTEXT('2D SPACE',''
  ) );
#1131 = ORIENTED_EDGE('',*,*,#1132,.F.);
#1132 = EDGE_CURVE('',#1133,#1105,#1135,.T.);
#1133 = VERTEX_POINT('',#1134);
#1134 = CARTESIAN_POINT('',(-1.4,-0.205,8.E-02));
#1135 = SURFACE_CURVE('',#1136,(#1140,#1147),.PCURVE_S1.);
#1136 = LINE('',#1137,#1138);
#1137 = CARTESIAN_POINT('',(-1.4511675,-0.430137,2.88325E-02));
#1138 = VECTOR('',#1139,1.);
#1139 = DIRECTION('',(-0.216371161204,-0.952033109297,-0.216371161204));
#1140 = PCURVE('',#1113,#1141);
#1141 = DEFINITIONAL_REPRESENTATION('',(#1142),#1146);
#1142 = LINE('',#1143,#1144);
#1143 = CARTESIAN_POINT('',(0.230878283572,0.1136675));
#1144 = VECTOR('',#1145,1.);
#1145 = DIRECTION('',(0.976311180208,0.216371161204));
#1146 = ( GEOMETRIC_REPRESENTATION_CONTEXT(2) 
PARAMETRIC_REPRESENTATION_CONTEXT() REPRESENTATION_CONTEXT('2D SPACE',''
  ) );
#1147 = PCURVE('',#1148,#1153);
#1148 = PLANE('',#1149);
#1149 = AXIS2_PLACEMENT_3D('',#1150,#1151,#1152);
#1150 = CARTESIAN_POINT('',(-1.425,-0.275,5.5E-02));
#1151 = DIRECTION('',(0.707106781187,-7.532303909457E-17,-0.707106781187
    ));
#1152 = DIRECTION('',(-0.707106781187,6.231304445401E-16,-0.707106781187
    ));
#1153 = DEFINITIONAL_REPRESENTATION('',(#1154),#1158);
#1154 = LINE('',#1155,#1156);
#1155 = CARTESIAN_POINT('',(3.70064333934E-02,-0.155137));
#1156 = VECTOR('',#1157,1.);
#1157 = DIRECTION('',(0.305995030681,-0.952033109297));
#1158 = ( GEOMETRIC_REPRESENTATION_CONTEXT(2) 
PARAMETRIC_REPRESENTATION_CONTEXT() REPRESENTATION_CONTEXT('2D SPACE',''
  ) );
#1159 = ORIENTED_EDGE('',*,*,#1160,.F.);
#1160 = EDGE_CURVE('',#1161,#1133,#1163,.T.);
#1161 = VERTEX_POINT('',#1162);
#1162 = CARTESIAN_POINT('',(-1.1,-0.205,8.E-02));
#1163 = SURFACE_CURVE('',#1164,(#1168,#1175),.PCURVE_S1.);
#1164 = LINE('',#1165,#1166);
#1165 = CARTESIAN_POINT('',(-17.,-0.205,8.E-02));
#1166 = VECTOR('',#1167,1.);
#1167 = DIRECTION('',(-1.,5.243344273594E-32,2.289834988289E-16));
#1168 = PCURVE('',#1113,#1169);
#1169 = DEFINITIONAL_REPRESENTATION('',(#1170),#1174);
#1170 = LINE('',#1171,#1172);
#1171 = CARTESIAN_POINT('',(-2.881462727102E-17,15.6625));
#1172 = VECTOR('',#1173,1.);
#1173 = DIRECTION('',(-1.848892746612E-31,1.));
#1174 = ( GEOMETRIC_REPRESENTATION_CONTEXT(2) 
PARAMETRIC_REPRESENTATION_CONTEXT() REPRESENTATION_CONTEXT('2D SPACE',''
  ) );
#1175 = PCURVE('',#1176,#1181);
#1176 = PLANE('',#1177);
#1177 = AXIS2_PLACEMENT_3D('',#1178,#1179,#1180);
#1178 = CARTESIAN_POINT('',(-1.3375,-0.125,8.E-02));
#1179 = DIRECTION('',(-2.289834988289E-16,-2.289834988289E-16,-1.));
#1180 = DIRECTION('',(0.,-1.,2.289834988289E-16));
#1181 = DEFINITIONAL_REPRESENTATION('',(#1182),#1186);
#1182 = LINE('',#1183,#1184);
#1183 = CARTESIAN_POINT('',(8.E-02,15.6625));
#1184 = VECTOR('',#1185,1.);
#1185 = DIRECTION('',(2.080052407982E-46,1.));
#1186 = ( GEOMETRIC_REPRESENTATION_CONTEXT(2) 
PARAMETRIC_REPRESENTATION_CONTEXT() REPRESENTATION_CONTEXT('2D SPACE',''
  ) );
#1187 = ORIENTED_EDGE('',*,*,#1188,.F.);
#1188 = EDGE_CURVE('',#1103,#1161,#1189,.T.);
#1189 = SURFACE_CURVE('',#1190,(#1194,#1201),.PCURVE_S1.);
#1190 = LINE('',#1191,#1192);
#1191 = CARTESIAN_POINT('',(-1.0488325,-0.430137,2.88325E-02));
#1192 = VECTOR('',#1193,1.);
#1193 = DIRECTION('',(-0.216371161204,0.952033109297,0.216371161204));
#1194 = PCURVE('',#1113,#1195);
#1195 = DEFINITIONAL_REPRESENTATION('',(#1196),#1200);
#1196 = LINE('',#1197,#1198);
#1197 = CARTESIAN_POINT('',(0.230878283572,-0.2886675));
#1198 = VECTOR('',#1199,1.);
#1199 = DIRECTION('',(-0.976311180208,0.216371161204));
#1200 = ( GEOMETRIC_REPRESENTATION_CONTEXT(2) 
PARAMETRIC_REPRESENTATION_CONTEXT() REPRESENTATION_CONTEXT('2D SPACE',''
  ) );
#1201 = PCURVE('',#1202,#1207);
#1202 = PLANE('',#1203);
#1203 = AXIS2_PLACEMENT_3D('',#1204,#1205,#1206);
#1204 = CARTESIAN_POINT('',(-1.075,-0.275,5.5E-02));
#1205 = DIRECTION('',(-0.707106781187,-7.532303909457E-17,
    -0.707106781187));
#1206 = DIRECTION('',(0.707106781187,6.231304445401E-16,-0.707106781187)
  );
#1207 = DEFINITIONAL_REPRESENTATION('',(#1208),#1212);
#1208 = LINE('',#1209,#1210);
#1209 = CARTESIAN_POINT('',(3.70064333934E-02,0.155137));
#1210 = VECTOR('',#1211,1.);
#1211 = DIRECTION('',(-0.305995030681,-0.952033109297));
#1212 = ( GEOMETRIC_REPRESENTATION_CONTEXT(2) 
PARAMETRIC_REPRESENTATION_CONTEXT() REPRESENTATION_CONTEXT('2D SPACE',''
  ) );
#1213 = ADVANCED_FACE('',(#1214),#1228,.T.);
#1214 = FACE_BOUND('',#1215,.T.);
#1215 = EDGE_LOOP('',(#1216,#1251,#1280,#1308));
#1216 = ORIENTED_EDGE('',*,*,#1217,.T.);
#1217 = EDGE_CURVE('',#1218,#1220,#1222,.T.);
#1218 = VERTEX_POINT('',#1219);
#1219 = CARTESIAN_POINT('',(-1.325,-0.205,3.619548911246E-02));
#1220 = VERTEX_POINT('',#1221);
#1221 = CARTESIAN_POINT('',(-1.175,-0.205,3.619548911246E-02));
#1222 = SURFACE_CURVE('',#1223,(#1227,#1239),.PCURVE_S1.);
#1223 = LINE('',#1224,#1225);
#1224 = CARTESIAN_POINT('',(-1.325,-0.205,3.619548911246E-02));
#1225 = VECTOR('',#1226,1.);
#1226 = DIRECTION('',(1.,-5.243344273594E-32,-2.289834988289E-16));
#1227 = PCURVE('',#1228,#1233);
#1228 = CYLINDRICAL_SURFACE('',#1229,3.E-02);
#1229 = AXIS2_PLACEMENT_3D('',#1230,#1231,#1232);
#1230 = CARTESIAN_POINT('',(-1.325,-0.175,3.619548911246E-02));
#1231 = DIRECTION('',(1.,-5.243344273594E-32,-2.289834988289E-16));
#1232 = DIRECTION('',(-2.080052407982E-46,1.,-2.289834988289E-16));
#1233 = DEFINITIONAL_REPRESENTATION('',(#1234),#1238);
#1234 = LINE('',#1235,#1236);
#1235 = CARTESIAN_POINT('',(3.14159265359,0.));
#1236 = VECTOR('',#1237,1.);
#1237 = DIRECTION('',(0.,1.));
#1238 = ( GEOMETRIC_REPRESENTATION_CONTEXT(2) 
PARAMETRIC_REPRESENTATION_CONTEXT() REPRESENTATION_CONTEXT('2D SPACE',''
  ) );
#1239 = PCURVE('',#1240,#1245);
#1240 = PLANE('',#1241);
#1241 = AXIS2_PLACEMENT_3D('',#1242,#1243,#1244);
#1242 = CARTESIAN_POINT('',(-1.325,-0.205,-5.551115123126E-16));
#1243 = DIRECTION('',(0.,-1.,2.289834988289E-16));
#1244 = DIRECTION('',(2.289834988289E-16,2.289834988289E-16,1.));
#1245 = DEFINITIONAL_REPRESENTATION('',(#1246),#1250);
#1246 = LINE('',#1247,#1248);
#1247 = CARTESIAN_POINT('',(3.619548911246E-02,8.288169738796E-18));
#1248 = VECTOR('',#1249,1.);
#1249 = DIRECTION('',(0.,-1.));
#1250 = ( GEOMETRIC_REPRESENTATION_CONTEXT(2) 
PARAMETRIC_REPRESENTATION_CONTEXT() REPRESENTATION_CONTEXT('2D SPACE',''
  ) );
#1251 = ORIENTED_EDGE('',*,*,#1252,.F.);
#1252 = EDGE_CURVE('',#1253,#1220,#1255,.T.);
#1253 = VERTEX_POINT('',#1254);
#1254 = CARTESIAN_POINT('',(-1.175,-0.181813366389,6.541154699934E-02));
#1255 = SURFACE_CURVE('',#1256,(#1261,#1268),.PCURVE_S1.);
#1256 = CIRCLE('',#1257,3.E-02);
#1257 = AXIS2_PLACEMENT_3D('',#1258,#1259,#1260);
#1258 = CARTESIAN_POINT('',(-1.175,-0.175,3.619548911246E-02));
#1259 = DIRECTION('',(1.,-5.243344273594E-32,-2.289834988289E-16));
#1260 = DIRECTION('',(-2.080052407982E-46,1.,-2.289834988289E-16));
#1261 = PCURVE('',#1228,#1262);
#1262 = DEFINITIONAL_REPRESENTATION('',(#1263),#1267);
#1263 = LINE('',#1264,#1265);
#1264 = CARTESIAN_POINT('',(-8.881784197001E-16,0.15));
#1265 = VECTOR('',#1266,1.);
#1266 = DIRECTION('',(1.,0.));
#1267 = ( GEOMETRIC_REPRESENTATION_CONTEXT(2) 
PARAMETRIC_REPRESENTATION_CONTEXT() REPRESENTATION_CONTEXT('2D SPACE',''
  ) );
#1268 = PCURVE('',#1269,#1274);
#1269 = PLANE('',#1270);
#1270 = AXIS2_PLACEMENT_3D('',#1271,#1272,#1273);
#1271 = CARTESIAN_POINT('',(-1.175,0.120779075398,0.170500231015));
#1272 = DIRECTION('',(1.,-5.243344273594E-32,-2.289834988289E-16));
#1273 = DIRECTION('',(5.243344273594E-32,1.,0.));
#1274 = DEFINITIONAL_REPRESENTATION('',(#1275),#1279);
#1275 = CIRCLE('',#1276,3.E-02);
#1276 = AXIS2_PLACEMENT_2D('',#1277,#1278);
#1277 = CARTESIAN_POINT('',(-0.295779075398,-0.134304741903));
#1278 = DIRECTION('',(1.,-2.289834988289E-16));
#1279 = ( GEOMETRIC_REPRESENTATION_CONTEXT(2) 
PARAMETRIC_REPRESENTATION_CONTEXT() REPRESENTATION_CONTEXT('2D SPACE',''
  ) );
#1280 = ORIENTED_EDGE('',*,*,#1281,.F.);
#1281 = EDGE_CURVE('',#1282,#1253,#1284,.T.);
#1282 = VERTEX_POINT('',#1283);
#1283 = CARTESIAN_POINT('',(-1.325,-0.181813366389,6.541154699934E-02));
#1284 = SURFACE_CURVE('',#1285,(#1289,#1296),.PCURVE_S1.);
#1285 = LINE('',#1286,#1287);
#1286 = CARTESIAN_POINT('',(-1.325,-0.181813366389,6.541154699934E-02));
#1287 = VECTOR('',#1288,1.);
#1288 = DIRECTION('',(1.,-5.243344273594E-32,-2.289834988289E-16));
#1289 = PCURVE('',#1228,#1290);
#1290 = DEFINITIONAL_REPRESENTATION('',(#1291),#1295);
#1291 = LINE('',#1292,#1293);
#1292 = CARTESIAN_POINT('',(1.799907705522,0.));
#1293 = VECTOR('',#1294,1.);
#1294 = DIRECTION('',(0.,1.));
#1295 = ( GEOMETRIC_REPRESENTATION_CONTEXT(2) 
PARAMETRIC_REPRESENTATION_CONTEXT() REPRESENTATION_CONTEXT('2D SPACE',''
  ) );
#1296 = PCURVE('',#1297,#1302);
#1297 = PLANE('',#1298);
#1298 = AXIS2_PLACEMENT_3D('',#1299,#1300,#1301);
#1299 = CARTESIAN_POINT('',(-1.325,-0.181813366389,6.541154699934E-02));
#1300 = DIRECTION('',(2.229998385642E-16,-0.227112212966,0.973868596229)
  );
#1301 = DIRECTION('',(5.200494915182E-17,0.973868596229,0.227112212966)
  );
#1302 = DEFINITIONAL_REPRESENTATION('',(#1303),#1307);
#1303 = LINE('',#1304,#1305);
#1304 = CARTESIAN_POINT('',(0.,0.));
#1305 = VECTOR('',#1306,1.);
#1306 = DIRECTION('',(-9.244463733059E-32,-1.));
#1307 = ( GEOMETRIC_REPRESENTATION_CONTEXT(2) 
PARAMETRIC_REPRESENTATION_CONTEXT() REPRESENTATION_CONTEXT('2D SPACE',''
  ) );
#1308 = ORIENTED_EDGE('',*,*,#1309,.T.);
#1309 = EDGE_CURVE('',#1282,#1218,#1310,.T.);
#1310 = SURFACE_CURVE('',#1311,(#1316,#1323),.PCURVE_S1.);
#1311 = CIRCLE('',#1312,3.E-02);
#1312 = AXIS2_PLACEMENT_3D('',#1313,#1314,#1315);
#1313 = CARTESIAN_POINT('',(-1.325,-0.175,3.619548911246E-02));
#1314 = DIRECTION('',(1.,-5.243344273594E-32,-2.289834988289E-16));
#1315 = DIRECTION('',(-2.080052407982E-46,1.,-2.289834988289E-16));
#1316 = PCURVE('',#1228,#1317);
#1317 = DEFINITIONAL_REPRESENTATION('',(#1318),#1322);
#1318 = LINE('',#1319,#1320);
#1319 = CARTESIAN_POINT('',(-6.661338147751E-16,0.));
#1320 = VECTOR('',#1321,1.);
#1321 = DIRECTION('',(1.,0.));
#1322 = ( GEOMETRIC_REPRESENTATION_CONTEXT(2) 
PARAMETRIC_REPRESENTATION_CONTEXT() REPRESENTATION_CONTEXT('2D SPACE',''
  ) );
#1323 = PCURVE('',#1324,#1329);
#1324 = PLANE('',#1325);
#1325 = AXIS2_PLACEMENT_3D('',#1326,#1327,#1328);
#1326 = CARTESIAN_POINT('',(-1.325,0.120779075398,0.170500231015));
#1327 = DIRECTION('',(1.,-5.243344273594E-32,-2.289834988289E-16));
#1328 = DIRECTION('',(5.243344273594E-32,1.,0.));
#1329 = DEFINITIONAL_REPRESENTATION('',(#1330),#1334);
#1330 = CIRCLE('',#1331,3.E-02);
#1331 = AXIS2_PLACEMENT_2D('',#1332,#1333);
#1332 = CARTESIAN_POINT('',(-0.295779075398,-0.134304741903));
#1333 = DIRECTION('',(1.,-2.289834988289E-16));
#1334 = ( GEOMETRIC_REPRESENTATION_CONTEXT(2) 
PARAMETRIC_REPRESENTATION_CONTEXT() REPRESENTATION_CONTEXT('2D SPACE',''
  ) );
#1335 = ADVANCED_FACE('',(#1336),#713,.T.);
#1336 = FACE_BOUND('',#1337,.T.);
#1337 = EDGE_LOOP('',(#1338,#1361,#1389,#1410));
#1338 = ORIENTED_EDGE('',*,*,#1339,.F.);
#1339 = EDGE_CURVE('',#1340,#691,#1342,.T.);
#1340 = VERTEX_POINT('',#1341);
#1341 = CARTESIAN_POINT('',(-0.825,-0.205,-6.661338147751E-16));
#1342 = SURFACE_CURVE('',#1343,(#1347,#1354),.PCURVE_S1.);
#1343 = LINE('',#1344,#1345);
#1344 = CARTESIAN_POINT('',(-0.825,-0.205,-6.661338147751E-16));
#1345 = VECTOR('',#1346,1.);
#1346 = DIRECTION('',(2.289834988289E-16,2.289834988289E-16,1.));
#1347 = PCURVE('',#713,#1348);
#1348 = DEFINITIONAL_REPRESENTATION('',(#1349),#1353);
#1349 = LINE('',#1350,#1351);
#1350 = CARTESIAN_POINT('',(0.,0.));
#1351 = VECTOR('',#1352,1.);
#1352 = DIRECTION('',(1.,0.));
#1353 = ( GEOMETRIC_REPRESENTATION_CONTEXT(2) 
PARAMETRIC_REPRESENTATION_CONTEXT() REPRESENTATION_CONTEXT('2D SPACE',''
  ) );
#1354 = PCURVE('',#797,#1355);
#1355 = DEFINITIONAL_REPRESENTATION('',(#1356),#1360);
#1356 = LINE('',#1357,#1358);
#1357 = CARTESIAN_POINT('',(-0.325779075398,-0.170500231015));
#1358 = VECTOR('',#1359,1.);
#1359 = DIRECTION('',(2.289834988289E-16,1.));
#1360 = ( GEOMETRIC_REPRESENTATION_CONTEXT(2) 
PARAMETRIC_REPRESENTATION_CONTEXT() REPRESENTATION_CONTEXT('2D SPACE',''
  ) );
#1361 = ORIENTED_EDGE('',*,*,#1362,.T.);
#1362 = EDGE_CURVE('',#1340,#1363,#1365,.T.);
#1363 = VERTEX_POINT('',#1364);
#1364 = CARTESIAN_POINT('',(-0.675,-0.205,-6.661338147751E-16));
#1365 = SURFACE_CURVE('',#1366,(#1370,#1377),.PCURVE_S1.);
#1366 = LINE('',#1367,#1368);
#1367 = CARTESIAN_POINT('',(-0.825,-0.205,-6.661338147751E-16));
#1368 = VECTOR('',#1369,1.);
#1369 = DIRECTION('',(1.,-5.243344273594E-32,-2.289834988289E-16));
#1370 = PCURVE('',#713,#1371);
#1371 = DEFINITIONAL_REPRESENTATION('',(#1372),#1376);
#1372 = LINE('',#1373,#1374);
#1373 = CARTESIAN_POINT('',(0.,0.));
#1374 = VECTOR('',#1375,1.);
#1375 = DIRECTION('',(0.,-1.));
#1376 = ( GEOMETRIC_REPRESENTATION_CONTEXT(2) 
PARAMETRIC_REPRESENTATION_CONTEXT() REPRESENTATION_CONTEXT('2D SPACE',''
  ) );
#1377 = PCURVE('',#1378,#1383);
#1378 = PLANE('',#1379);
#1379 = AXIS2_PLACEMENT_3D('',#1380,#1381,#1382);
#1380 = CARTESIAN_POINT('',(-0.825,0.125,-7.771561172376E-16));
#1381 = DIRECTION('',(-2.289834988289E-16,-2.289834988289E-16,-1.));
#1382 = DIRECTION('',(0.,-1.,2.289834988289E-16));
#1383 = DEFINITIONAL_REPRESENTATION('',(#1384),#1388);
#1384 = LINE('',#1385,#1386);
#1385 = CARTESIAN_POINT('',(0.33,5.473822126269E-48));
#1386 = VECTOR('',#1387,1.);
#1387 = DIRECTION('',(-2.080052407982E-46,-1.));
#1388 = ( GEOMETRIC_REPRESENTATION_CONTEXT(2) 
PARAMETRIC_REPRESENTATION_CONTEXT() REPRESENTATION_CONTEXT('2D SPACE',''
  ) );
#1389 = ORIENTED_EDGE('',*,*,#1390,.T.);
#1390 = EDGE_CURVE('',#1363,#693,#1391,.T.);
#1391 = SURFACE_CURVE('',#1392,(#1396,#1403),.PCURVE_S1.);
#1392 = LINE('',#1393,#1394);
#1393 = CARTESIAN_POINT('',(-0.675,-0.205,0.841614));
#1394 = VECTOR('',#1395,1.);
#1395 = DIRECTION('',(2.289834988289E-16,2.289834988289E-16,1.));
#1396 = PCURVE('',#713,#1397);
#1397 = DEFINITIONAL_REPRESENTATION('',(#1398),#1402);
#1398 = LINE('',#1399,#1400);
#1399 = CARTESIAN_POINT('',(0.841614,-0.15));
#1400 = VECTOR('',#1401,1.);
#1401 = DIRECTION('',(1.,0.));
#1402 = ( GEOMETRIC_REPRESENTATION_CONTEXT(2) 
PARAMETRIC_REPRESENTATION_CONTEXT() REPRESENTATION_CONTEXT('2D SPACE',''
  ) );
#1403 = PCURVE('',#742,#1404);
#1404 = DEFINITIONAL_REPRESENTATION('',(#1405),#1409);
#1405 = LINE('',#1406,#1407);
#1406 = CARTESIAN_POINT('',(-0.325779075398,0.671113768985));
#1407 = VECTOR('',#1408,1.);
#1408 = DIRECTION('',(2.289834988289E-16,1.));
#1409 = ( GEOMETRIC_REPRESENTATION_CONTEXT(2) 
PARAMETRIC_REPRESENTATION_CONTEXT() REPRESENTATION_CONTEXT('2D SPACE',''
  ) );
#1410 = ORIENTED_EDGE('',*,*,#690,.F.);
#1411 = ADVANCED_FACE('',(#1412),#1426,.T.);
#1412 = FACE_BOUND('',#1413,.T.);
#1413 = EDGE_LOOP('',(#1414,#1449,#1477,#1500));
#1414 = ORIENTED_EDGE('',*,*,#1415,.F.);
#1415 = EDGE_CURVE('',#1416,#1418,#1420,.T.);
#1416 = VERTEX_POINT('',#1417);
#1417 = CARTESIAN_POINT('',(1.1,-0.205,8.E-02));
#1418 = VERTEX_POINT('',#1419);
#1419 = CARTESIAN_POINT('',(1.1,-0.125,8.E-02));
#1420 = SURFACE_CURVE('',#1421,(#1425,#1437),.PCURVE_S1.);
#1421 = LINE('',#1422,#1423);
#1422 = CARTESIAN_POINT('',(1.1,-0.430137,8.E-02));
#1423 = VECTOR('',#1424,1.);
#1424 = DIRECTION('',(-1.224606353822E-16,1.,-2.289834988289E-16));
#1425 = PCURVE('',#1426,#1431);
#1426 = PLANE('',#1427);
#1427 = AXIS2_PLACEMENT_3D('',#1428,#1429,#1430);
#1428 = CARTESIAN_POINT('',(1.075,-0.275,5.5E-02));
#1429 = DIRECTION('',(0.707106781187,-7.532303909457E-17,-0.707106781187
    ));
#1430 = DIRECTION('',(-0.707106781187,6.231304445401E-16,-0.707106781187
    ));
#1431 = DEFINITIONAL_REPRESENTATION('',(#1432),#1436);
#1432 = LINE('',#1433,#1434);
#1433 = CARTESIAN_POINT('',(-3.535533905933E-02,-0.155137));
#1434 = VECTOR('',#1435,1.);
#1435 = DIRECTION('',(8.716389750491E-16,1.));
#1436 = ( GEOMETRIC_REPRESENTATION_CONTEXT(2) 
PARAMETRIC_REPRESENTATION_CONTEXT() REPRESENTATION_CONTEXT('2D SPACE',''
  ) );
#1437 = PCURVE('',#1438,#1443);
#1438 = PLANE('',#1439);
#1439 = AXIS2_PLACEMENT_3D('',#1440,#1441,#1442);
#1440 = CARTESIAN_POINT('',(1.1625,-0.125,8.E-02));
#1441 = DIRECTION('',(-2.289834988289E-16,-2.289834988289E-16,-1.));
#1442 = DIRECTION('',(0.,-1.,2.289834988289E-16));
#1443 = DEFINITIONAL_REPRESENTATION('',(#1444),#1448);
#1444 = LINE('',#1445,#1446);
#1445 = CARTESIAN_POINT('',(0.305137,6.25E-02));
#1446 = VECTOR('',#1447,1.);
#1447 = DIRECTION('',(-1.,1.224606353822E-16));
#1448 = ( GEOMETRIC_REPRESENTATION_CONTEXT(2) 
PARAMETRIC_REPRESENTATION_CONTEXT() REPRESENTATION_CONTEXT('2D SPACE',''
  ) );
#1449 = ORIENTED_EDGE('',*,*,#1450,.T.);
#1450 = EDGE_CURVE('',#1416,#1451,#1453,.T.);
#1451 = VERTEX_POINT('',#1452);
#1452 = CARTESIAN_POINT('',(1.05,-0.425,3.E-02));
#1453 = SURFACE_CURVE('',#1454,(#1458,#1465),.PCURVE_S1.);
#1454 = LINE('',#1455,#1456);
#1455 = CARTESIAN_POINT('',(1.0488325,-0.430137,2.88325E-02));
#1456 = VECTOR('',#1457,1.);
#1457 = DIRECTION('',(-0.216371161204,-0.952033109297,-0.216371161204));
#1458 = PCURVE('',#1426,#1459);
#1459 = DEFINITIONAL_REPRESENTATION('',(#1460),#1464);
#1460 = LINE('',#1461,#1462);
#1461 = CARTESIAN_POINT('',(3.70064333934E-02,-0.155137));
#1462 = VECTOR('',#1463,1.);
#1463 = DIRECTION('',(0.305995030681,-0.952033109297));
#1464 = ( GEOMETRIC_REPRESENTATION_CONTEXT(2) 
PARAMETRIC_REPRESENTATION_CONTEXT() REPRESENTATION_CONTEXT('2D SPACE',''
  ) );
#1465 = PCURVE('',#1466,#1471);
#1466 = PLANE('',#1467);
#1467 = AXIS2_PLACEMENT_3D('',#1468,#1469,#1470);
#1468 = CARTESIAN_POINT('',(1.1625,-0.205,8.E-02));
#1469 = DIRECTION('',(-2.232893331422E-16,0.221621103589,-0.975132855791
    ));
#1470 = DIRECTION('',(-5.074757571413E-17,-0.975132855791,
    -0.221621103589));
#1471 = DEFINITIONAL_REPRESENTATION('',(#1472),#1476);
#1472 = LINE('',#1473,#1474);
#1473 = CARTESIAN_POINT('',(0.230878283572,0.1136675));
#1474 = VECTOR('',#1475,1.);
#1475 = DIRECTION('',(0.976311180208,0.216371161204));
#1476 = ( GEOMETRIC_REPRESENTATION_CONTEXT(2) 
PARAMETRIC_REPRESENTATION_CONTEXT() REPRESENTATION_CONTEXT('2D SPACE',''
  ) );
#1477 = ORIENTED_EDGE('',*,*,#1478,.F.);
#1478 = EDGE_CURVE('',#1479,#1451,#1481,.T.);
#1479 = VERTEX_POINT('',#1480);
#1480 = CARTESIAN_POINT('',(1.05,-0.125,3.E-02));
#1481 = SURFACE_CURVE('',#1482,(#1486,#1493),.PCURVE_S1.);
#1482 = LINE('',#1483,#1484);
#1483 = CARTESIAN_POINT('',(1.05,-0.430137,3.E-02));
#1484 = VECTOR('',#1485,1.);
#1485 = DIRECTION('',(-3.675722875075E-32,-1.,1.065228634467E-16));
#1486 = PCURVE('',#1426,#1487);
#1487 = DEFINITIONAL_REPRESENTATION('',(#1488),#1492);
#1488 = LINE('',#1489,#1490);
#1489 = CARTESIAN_POINT('',(3.535533905933E-02,-0.155137));
#1490 = VECTOR('',#1491,1.);
#1491 = DIRECTION('',(-6.984534836347E-16,-1.));
#1492 = ( GEOMETRIC_REPRESENTATION_CONTEXT(2) 
PARAMETRIC_REPRESENTATION_CONTEXT() REPRESENTATION_CONTEXT('2D SPACE',''
  ) );
#1493 = PCURVE('',#649,#1494);
#1494 = DEFINITIONAL_REPRESENTATION('',(#1495),#1499);
#1495 = LINE('',#1496,#1497);
#1496 = CARTESIAN_POINT('',(0.305137,-48.1525));
#1497 = VECTOR('',#1498,1.);
#1498 = DIRECTION('',(1.,8.715763992105E-33));
#1499 = ( GEOMETRIC_REPRESENTATION_CONTEXT(2) 
PARAMETRIC_REPRESENTATION_CONTEXT() REPRESENTATION_CONTEXT('2D SPACE',''
  ) );
#1500 = ORIENTED_EDGE('',*,*,#1501,.F.);
#1501 = EDGE_CURVE('',#1418,#1479,#1502,.T.);
#1502 = SURFACE_CURVE('',#1503,(#1507,#1514),.PCURVE_S1.);
#1503 = LINE('',#1504,#1505);
#1504 = CARTESIAN_POINT('',(-14.5,-0.125,-15.52));
#1505 = VECTOR('',#1506,1.);
#1506 = DIRECTION('',(-0.707106781187,-1.064046335705E-16,
    -0.707106781187));
#1507 = PCURVE('',#1426,#1508);
#1508 = DEFINITIONAL_REPRESENTATION('',(#1509),#1513);
#1509 = LINE('',#1510,#1511);
#1510 = CARTESIAN_POINT('',(22.026376233961,0.15));
#1511 = VECTOR('',#1512,1.);
#1512 = DIRECTION('',(1.,-7.295350781106E-16));
#1513 = ( GEOMETRIC_REPRESENTATION_CONTEXT(2) 
PARAMETRIC_REPRESENTATION_CONTEXT() REPRESENTATION_CONTEXT('2D SPACE',''
  ) );
#1514 = PCURVE('',#1515,#1520);
#1515 = PLANE('',#1516);
#1516 = AXIS2_PLACEMENT_3D('',#1517,#1518,#1519);
#1517 = CARTESIAN_POINT('',(4.825,-0.125,0.31));
#1518 = DIRECTION('',(2.804146475864E-32,1.,-1.065228634467E-16));
#1519 = DIRECTION('',(-2.289834988289E-16,-1.065228634467E-16,-1.));
#1520 = DEFINITIONAL_REPRESENTATION('',(#1521),#1525);
#1521 = LINE('',#1522,#1523);
#1522 = CARTESIAN_POINT('',(15.83,19.325));
#1523 = VECTOR('',#1524,1.);
#1524 = DIRECTION('',(0.707106781187,0.707106781187));
#1525 = ( GEOMETRIC_REPRESENTATION_CONTEXT(2) 
PARAMETRIC_REPRESENTATION_CONTEXT() REPRESENTATION_CONTEXT('2D SPACE',''
  ) );
#1526 = ADVANCED_FACE('',(#1527),#1176,.T.);
#1527 = FACE_BOUND('',#1528,.T.);
#1528 = EDGE_LOOP('',(#1529,#1530,#1553,#1576,#1604,#1632));
#1529 = ORIENTED_EDGE('',*,*,#1160,.T.);
#1530 = ORIENTED_EDGE('',*,*,#1531,.T.);
#1531 = EDGE_CURVE('',#1133,#1532,#1534,.T.);
#1532 = VERTEX_POINT('',#1533);
#1533 = CARTESIAN_POINT('',(-1.4,-0.125,8.E-02));
#1534 = SURFACE_CURVE('',#1535,(#1539,#1546),.PCURVE_S1.);
#1535 = LINE('',#1536,#1537);
#1536 = CARTESIAN_POINT('',(-1.4,-0.430137,8.E-02));
#1537 = VECTOR('',#1538,1.);
#1538 = DIRECTION('',(-1.224606353822E-16,1.,-2.289834988289E-16));
#1539 = PCURVE('',#1176,#1540);
#1540 = DEFINITIONAL_REPRESENTATION('',(#1541),#1545);
#1541 = LINE('',#1542,#1543);
#1542 = CARTESIAN_POINT('',(0.305137,6.25E-02));
#1543 = VECTOR('',#1544,1.);
#1544 = DIRECTION('',(-1.,1.224606353822E-16));
#1545 = ( GEOMETRIC_REPRESENTATION_CONTEXT(2) 
PARAMETRIC_REPRESENTATION_CONTEXT() REPRESENTATION_CONTEXT('2D SPACE',''
  ) );
#1546 = PCURVE('',#1148,#1547);
#1547 = DEFINITIONAL_REPRESENTATION('',(#1548),#1552);
#1548 = LINE('',#1549,#1550);
#1549 = CARTESIAN_POINT('',(-3.535533905933E-02,-0.155137));
#1550 = VECTOR('',#1551,1.);
#1551 = DIRECTION('',(8.716389750491E-16,1.));
#1552 = ( GEOMETRIC_REPRESENTATION_CONTEXT(2) 
PARAMETRIC_REPRESENTATION_CONTEXT() REPRESENTATION_CONTEXT('2D SPACE',''
  ) );
#1553 = ORIENTED_EDGE('',*,*,#1554,.F.);
#1554 = EDGE_CURVE('',#1555,#1532,#1557,.T.);
#1555 = VERTEX_POINT('',#1556);
#1556 = CARTESIAN_POINT('',(-1.325,-0.125,8.E-02));
#1557 = SURFACE_CURVE('',#1558,(#1562,#1569),.PCURVE_S1.);
#1558 = LINE('',#1559,#1560);
#1559 = CARTESIAN_POINT('',(-17.,-0.125,8.E-02));
#1560 = VECTOR('',#1561,1.);
#1561 = DIRECTION('',(-1.,5.243344273594E-32,2.289834988289E-16));
#1562 = PCURVE('',#1176,#1563);
#1563 = DEFINITIONAL_REPRESENTATION('',(#1564),#1568);
#1564 = LINE('',#1565,#1566);
#1565 = CARTESIAN_POINT('',(8.198683773256E-31,15.6625));
#1566 = VECTOR('',#1567,1.);
#1567 = DIRECTION('',(2.080052407982E-46,1.));
#1568 = ( GEOMETRIC_REPRESENTATION_CONTEXT(2) 
PARAMETRIC_REPRESENTATION_CONTEXT() REPRESENTATION_CONTEXT('2D SPACE',''
  ) );
#1569 = PCURVE('',#621,#1570);
#1570 = DEFINITIONAL_REPRESENTATION('',(#1571),#1575);
#1571 = LINE('',#1572,#1573);
#1572 = CARTESIAN_POINT('',(0.23,19.325));
#1573 = VECTOR('',#1574,1.);
#1574 = DIRECTION('',(0.,1.));
#1575 = ( GEOMETRIC_REPRESENTATION_CONTEXT(2) 
PARAMETRIC_REPRESENTATION_CONTEXT() REPRESENTATION_CONTEXT('2D SPACE',''
  ) );
#1576 = ORIENTED_EDGE('',*,*,#1577,.T.);
#1577 = EDGE_CURVE('',#1555,#1578,#1580,.T.);
#1578 = VERTEX_POINT('',#1579);
#1579 = CARTESIAN_POINT('',(-1.175,-0.125,8.E-02));
#1580 = SURFACE_CURVE('',#1581,(#1585,#1592),.PCURVE_S1.);
#1581 = LINE('',#1582,#1583);
#1582 = CARTESIAN_POINT('',(4.,-0.125,8.E-02));
#1583 = VECTOR('',#1584,1.);
#1584 = DIRECTION('',(1.,-5.243344273594E-32,-2.289834988289E-16));
#1585 = PCURVE('',#1176,#1586);
#1586 = DEFINITIONAL_REPRESENTATION('',(#1587),#1591);
#1587 = LINE('',#1588,#1589);
#1588 = CARTESIAN_POINT('',(-2.79645027925E-31,-5.3375));
#1589 = VECTOR('',#1590,1.);
#1590 = DIRECTION('',(-2.080052407982E-46,-1.));
#1591 = ( GEOMETRIC_REPRESENTATION_CONTEXT(2) 
PARAMETRIC_REPRESENTATION_CONTEXT() REPRESENTATION_CONTEXT('2D SPACE',''
  ) );
#1592 = PCURVE('',#1593,#1598);
#1593 = PLANE('',#1594);
#1594 = AXIS2_PLACEMENT_3D('',#1595,#1596,#1597);
#1595 = CARTESIAN_POINT('',(-1.175,-0.125,7.866077735406E-02));
#1596 = DIRECTION('',(2.804146475864E-32,1.,-1.065228634467E-16));
#1597 = DIRECTION('',(-2.289834988289E-16,-1.065228634467E-16,-1.));
#1598 = DEFINITIONAL_REPRESENTATION('',(#1599),#1603);
#1599 = LINE('',#1600,#1601);
#1600 = CARTESIAN_POINT('',(-1.339222645935E-03,-5.175));
#1601 = VECTOR('',#1602,1.);
#1602 = DIRECTION('',(0.,-1.));
#1603 = ( GEOMETRIC_REPRESENTATION_CONTEXT(2) 
PARAMETRIC_REPRESENTATION_CONTEXT() REPRESENTATION_CONTEXT('2D SPACE',''
  ) );
#1604 = ORIENTED_EDGE('',*,*,#1605,.F.);
#1605 = EDGE_CURVE('',#1606,#1578,#1608,.T.);
#1606 = VERTEX_POINT('',#1607);
#1607 = CARTESIAN_POINT('',(-1.1,-0.125,8.E-02));
#1608 = SURFACE_CURVE('',#1609,(#1613,#1620),.PCURVE_S1.);
#1609 = LINE('',#1610,#1611);
#1610 = CARTESIAN_POINT('',(-17.,-0.125,8.E-02));
#1611 = VECTOR('',#1612,1.);
#1612 = DIRECTION('',(-1.,5.243344273594E-32,2.289834988289E-16));
#1613 = PCURVE('',#1176,#1614);
#1614 = DEFINITIONAL_REPRESENTATION('',(#1615),#1619);
#1615 = LINE('',#1616,#1617);
#1616 = CARTESIAN_POINT('',(8.198683773256E-31,15.6625));
#1617 = VECTOR('',#1618,1.);
#1618 = DIRECTION('',(2.080052407982E-46,1.));
#1619 = ( GEOMETRIC_REPRESENTATION_CONTEXT(2) 
PARAMETRIC_REPRESENTATION_CONTEXT() REPRESENTATION_CONTEXT('2D SPACE',''
  ) );
#1620 = PCURVE('',#1621,#1626);
#1621 = PLANE('',#1622);
#1622 = AXIS2_PLACEMENT_3D('',#1623,#1624,#1625);
#1623 = CARTESIAN_POINT('',(2.825,-0.125,0.31));
#1624 = DIRECTION('',(2.804146475864E-32,1.,-1.065228634467E-16));
#1625 = DIRECTION('',(-2.289834988289E-16,-1.065228634467E-16,-1.));
#1626 = DEFINITIONAL_REPRESENTATION('',(#1627),#1631);
#1627 = LINE('',#1628,#1629);
#1628 = CARTESIAN_POINT('',(0.23,19.825));
#1629 = VECTOR('',#1630,1.);
#1630 = DIRECTION('',(0.,1.));
#1631 = ( GEOMETRIC_REPRESENTATION_CONTEXT(2) 
PARAMETRIC_REPRESENTATION_CONTEXT() REPRESENTATION_CONTEXT('2D SPACE',''
  ) );
#1632 = ORIENTED_EDGE('',*,*,#1633,.T.);
#1633 = EDGE_CURVE('',#1606,#1161,#1634,.T.);
#1634 = SURFACE_CURVE('',#1635,(#1639,#1646),.PCURVE_S1.);
#1635 = LINE('',#1636,#1637);
#1636 = CARTESIAN_POINT('',(-1.1,-0.430137,8.E-02));
#1637 = VECTOR('',#1638,1.);
#1638 = DIRECTION('',(-1.224606353822E-16,-1.,2.289834988289E-16));
#1639 = PCURVE('',#1176,#1640);
#1640 = DEFINITIONAL_REPRESENTATION('',(#1641),#1645);
#1641 = LINE('',#1642,#1643);
#1642 = CARTESIAN_POINT('',(0.305137,-0.2375));
#1643 = VECTOR('',#1644,1.);
#1644 = DIRECTION('',(1.,1.224606353822E-16));
#1645 = ( GEOMETRIC_REPRESENTATION_CONTEXT(2) 
PARAMETRIC_REPRESENTATION_CONTEXT() REPRESENTATION_CONTEXT('2D SPACE',''
  ) );
#1646 = PCURVE('',#1202,#1647);
#1647 = DEFINITIONAL_REPRESENTATION('',(#1648),#1652);
#1648 = LINE('',#1649,#1650);
#1649 = CARTESIAN_POINT('',(-3.535533905933E-02,0.155137));
#1650 = VECTOR('',#1651,1.);
#1651 = DIRECTION('',(-8.716389750491E-16,1.));
#1652 = ( GEOMETRIC_REPRESENTATION_CONTEXT(2) 
PARAMETRIC_REPRESENTATION_CONTEXT() REPRESENTATION_CONTEXT('2D SPACE',''
  ) );
#1653 = ADVANCED_FACE('',(#1654),#154,.T.);
#1654 = FACE_BOUND('',#1655,.T.);
#1655 = EDGE_LOOP('',(#1656,#1686,#1714,#1742,#1765,#1786,#1787,#1810,
    #1831,#1832,#1853));
#1656 = ORIENTED_EDGE('',*,*,#1657,.T.);
#1657 = EDGE_CURVE('',#1658,#1660,#1662,.T.);
#1658 = VERTEX_POINT('',#1659);
#1659 = CARTESIAN_POINT('',(-2.325,-0.125,0.31));
#1660 = VERTEX_POINT('',#1661);
#1661 = CARTESIAN_POINT('',(-2.325,-0.125,8.E-02));
#1662 = SURFACE_CURVE('',#1663,(#1667,#1674),.PCURVE_S1.);
#1663 = LINE('',#1664,#1665);
#1664 = CARTESIAN_POINT('',(-2.325,-0.125,0.841614));
#1665 = VECTOR('',#1666,1.);
#1666 = DIRECTION('',(-2.289834988289E-16,-1.065228634467E-16,-1.));
#1667 = PCURVE('',#154,#1668);
#1668 = DEFINITIONAL_REPRESENTATION('',(#1669),#1673);
#1669 = LINE('',#1670,#1671);
#1670 = CARTESIAN_POINT('',(-0.531614,5.15));
#1671 = VECTOR('',#1672,1.);
#1672 = DIRECTION('',(1.,0.));
#1673 = ( GEOMETRIC_REPRESENTATION_CONTEXT(2) 
PARAMETRIC_REPRESENTATION_CONTEXT() REPRESENTATION_CONTEXT('2D SPACE',''
  ) );
#1674 = PCURVE('',#1675,#1680);
#1675 = PLANE('',#1676);
#1676 = AXIS2_PLACEMENT_3D('',#1677,#1678,#1679);
#1677 = CARTESIAN_POINT('',(-2.325,2.499702236056,-0.833697738616));
#1678 = DIRECTION('',(1.,-5.243344273594E-32,-2.289834988289E-16));
#1679 = DIRECTION('',(-2.080052407982E-46,1.,-2.289834988289E-16));
#1680 = DEFINITIONAL_REPRESENTATION('',(#1681),#1685);
#1681 = LINE('',#1682,#1683);
#1682 = CARTESIAN_POINT('',(-2.624702236056,1.675311738616));
#1683 = VECTOR('',#1684,1.);
#1684 = DIRECTION('',(1.224606353822E-16,-1.));
#1685 = ( GEOMETRIC_REPRESENTATION_CONTEXT(2) 
PARAMETRIC_REPRESENTATION_CONTEXT() REPRESENTATION_CONTEXT('2D SPACE',''
  ) );
#1686 = ORIENTED_EDGE('',*,*,#1687,.T.);
#1687 = EDGE_CURVE('',#1660,#1688,#1690,.T.);
#1688 = VERTEX_POINT('',#1689);
#1689 = CARTESIAN_POINT('',(-2.4,-0.125,8.E-02));
#1690 = SURFACE_CURVE('',#1691,(#1695,#1702),.PCURVE_S1.);
#1691 = LINE('',#1692,#1693);
#1692 = CARTESIAN_POINT('',(13.5,-0.125,8.E-02));
#1693 = VECTOR('',#1694,1.);
#1694 = DIRECTION('',(-1.,5.243344273594E-32,2.289834988289E-16));
#1695 = PCURVE('',#154,#1696);
#1696 = DEFINITIONAL_REPRESENTATION('',(#1697),#1701);
#1697 = LINE('',#1698,#1699);
#1698 = CARTESIAN_POINT('',(0.23,-10.675));
#1699 = VECTOR('',#1700,1.);
#1700 = DIRECTION('',(0.,1.));
#1701 = ( GEOMETRIC_REPRESENTATION_CONTEXT(2) 
PARAMETRIC_REPRESENTATION_CONTEXT() REPRESENTATION_CONTEXT('2D SPACE',''
  ) );
#1702 = PCURVE('',#1703,#1708);
#1703 = PLANE('',#1704);
#1704 = AXIS2_PLACEMENT_3D('',#1705,#1706,#1707);
#1705 = CARTESIAN_POINT('',(-2.1625,-0.125,8.E-02));
#1706 = DIRECTION('',(2.289834988289E-16,2.289834988289E-16,1.));
#1707 = DIRECTION('',(0.,-1.,2.289834988289E-16));
#1708 = DEFINITIONAL_REPRESENTATION('',(#1709),#1713);
#1709 = LINE('',#1710,#1711);
#1710 = CARTESIAN_POINT('',(-8.198683773256E-31,15.6625));
#1711 = VECTOR('',#1712,1.);
#1712 = DIRECTION('',(2.080052407982E-46,-1.));
#1713 = ( GEOMETRIC_REPRESENTATION_CONTEXT(2) 
PARAMETRIC_REPRESENTATION_CONTEXT() REPRESENTATION_CONTEXT('2D SPACE',''
  ) );
#1714 = ORIENTED_EDGE('',*,*,#1715,.T.);
#1715 = EDGE_CURVE('',#1688,#1716,#1718,.T.);
#1716 = VERTEX_POINT('',#1717);
#1717 = CARTESIAN_POINT('',(-2.45,-0.125,3.E-02));
#1718 = SURFACE_CURVE('',#1719,(#1723,#1730),.PCURVE_S1.);
#1719 = LINE('',#1720,#1721);
#1720 = CARTESIAN_POINT('',(13.5,-0.125,15.98));
#1721 = VECTOR('',#1722,1.);
#1722 = DIRECTION('',(-0.707106781187,-1.064046335705E-16,
    -0.707106781187));
#1723 = PCURVE('',#154,#1724);
#1724 = DEFINITIONAL_REPRESENTATION('',(#1725),#1729);
#1725 = LINE('',#1726,#1727);
#1726 = CARTESIAN_POINT('',(-15.67,-10.675));
#1727 = VECTOR('',#1728,1.);
#1728 = DIRECTION('',(0.707106781187,0.707106781187));
#1729 = ( GEOMETRIC_REPRESENTATION_CONTEXT(2) 
PARAMETRIC_REPRESENTATION_CONTEXT() REPRESENTATION_CONTEXT('2D SPACE',''
  ) );
#1730 = PCURVE('',#1731,#1736);
#1731 = PLANE('',#1732);
#1732 = AXIS2_PLACEMENT_3D('',#1733,#1734,#1735);
#1733 = CARTESIAN_POINT('',(-2.425,-0.275,5.5E-02));
#1734 = DIRECTION('',(0.707106781187,-7.532303909457E-17,-0.707106781187
    ));
#1735 = DIRECTION('',(0.707106781187,1.619157848018E-16,0.707106781187)
  );
#1736 = DEFINITIONAL_REPRESENTATION('',(#1737),#1741);
#1737 = LINE('',#1738,#1739);
#1738 = CARTESIAN_POINT('',(22.521350980791,-0.15));
#1739 = VECTOR('',#1740,1.);
#1740 = DIRECTION('',(-1.,-5.551115123126E-17));
#1741 = ( GEOMETRIC_REPRESENTATION_CONTEXT(2) 
PARAMETRIC_REPRESENTATION_CONTEXT() REPRESENTATION_CONTEXT('2D SPACE',''
  ) );
#1742 = ORIENTED_EDGE('',*,*,#1743,.T.);
#1743 = EDGE_CURVE('',#1716,#1744,#1746,.T.);
#1744 = VERTEX_POINT('',#1745);
#1745 = CARTESIAN_POINT('',(-2.9525,-0.125,3.E-02));
#1746 = SURFACE_CURVE('',#1747,(#1751,#1758),.PCURVE_S1.);
#1747 = LINE('',#1748,#1749);
#1748 = CARTESIAN_POINT('',(13.5,-0.125,3.E-02));
#1749 = VECTOR('',#1750,1.);
#1750 = DIRECTION('',(-1.,5.243344273594E-32,2.289834988289E-16));
#1751 = PCURVE('',#154,#1752);
#1752 = DEFINITIONAL_REPRESENTATION('',(#1753),#1757);
#1753 = LINE('',#1754,#1755);
#1754 = CARTESIAN_POINT('',(0.28,-10.675));
#1755 = VECTOR('',#1756,1.);
#1756 = DIRECTION('',(0.,1.));
#1757 = ( GEOMETRIC_REPRESENTATION_CONTEXT(2) 
PARAMETRIC_REPRESENTATION_CONTEXT() REPRESENTATION_CONTEXT('2D SPACE',''
  ) );
#1758 = PCURVE('',#649,#1759);
#1759 = DEFINITIONAL_REPRESENTATION('',(#1760),#1764);
#1760 = LINE('',#1761,#1762);
#1761 = CARTESIAN_POINT('',(-3.17768456363E-30,-60.6025));
#1762 = VECTOR('',#1763,1.);
#1763 = DIRECTION('',(9.031806508344E-47,1.));
#1764 = ( GEOMETRIC_REPRESENTATION_CONTEXT(2) 
PARAMETRIC_REPRESENTATION_CONTEXT() REPRESENTATION_CONTEXT('2D SPACE',''
  ) );
#1765 = ORIENTED_EDGE('',*,*,#1766,.F.);
#1766 = EDGE_CURVE('',#924,#1744,#1767,.T.);
#1767 = SURFACE_CURVE('',#1768,(#1772,#1779),.PCURVE_S1.);
#1768 = LINE('',#1769,#1770);
#1769 = CARTESIAN_POINT('',(-2.9525,-0.125,0.841614));
#1770 = VECTOR('',#1771,1.);
#1771 = DIRECTION('',(-2.289834988289E-16,-1.065228634467E-16,-1.));
#1772 = PCURVE('',#154,#1773);
#1773 = DEFINITIONAL_REPRESENTATION('',(#1774),#1778);
#1774 = LINE('',#1775,#1776);
#1775 = CARTESIAN_POINT('',(-0.531614,5.7775));
#1776 = VECTOR('',#1777,1.);
#1777 = DIRECTION('',(1.,0.));
#1778 = ( GEOMETRIC_REPRESENTATION_CONTEXT(2) 
PARAMETRIC_REPRESENTATION_CONTEXT() REPRESENTATION_CONTEXT('2D SPACE',''
  ) );
#1779 = PCURVE('',#962,#1780);
#1780 = DEFINITIONAL_REPRESENTATION('',(#1781),#1785);
#1781 = LINE('',#1782,#1783);
#1782 = CARTESIAN_POINT('',(-0.811614,2.9));
#1783 = VECTOR('',#1784,1.);
#1784 = DIRECTION('',(1.,0.));
#1785 = ( GEOMETRIC_REPRESENTATION_CONTEXT(2) 
PARAMETRIC_REPRESENTATION_CONTEXT() REPRESENTATION_CONTEXT('2D SPACE',''
  ) );
#1786 = ORIENTED_EDGE('',*,*,#923,.T.);
#1787 = ORIENTED_EDGE('',*,*,#1788,.F.);
#1788 = EDGE_CURVE('',#1789,#891,#1791,.T.);
#1789 = VERTEX_POINT('',#1790);
#1790 = CARTESIAN_POINT('',(-3.5,-0.125,1.));
#1791 = SURFACE_CURVE('',#1792,(#1796,#1803),.PCURVE_S1.);
#1792 = LINE('',#1793,#1794);
#1793 = CARTESIAN_POINT('',(-3.5,-0.125,0.841614));
#1794 = VECTOR('',#1795,1.);
#1795 = DIRECTION('',(-2.289834988289E-16,-1.065228634467E-16,-1.));
#1796 = PCURVE('',#154,#1797);
#1797 = DEFINITIONAL_REPRESENTATION('',(#1798),#1802);
#1798 = LINE('',#1799,#1800);
#1799 = CARTESIAN_POINT('',(-0.531614,6.325));
#1800 = VECTOR('',#1801,1.);
#1801 = DIRECTION('',(1.,0.));
#1802 = ( GEOMETRIC_REPRESENTATION_CONTEXT(2) 
PARAMETRIC_REPRESENTATION_CONTEXT() REPRESENTATION_CONTEXT('2D SPACE',''
  ) );
#1803 = PCURVE('',#911,#1804);
#1804 = DEFINITIONAL_REPRESENTATION('',(#1805),#1809);
#1805 = LINE('',#1806,#1807);
#1806 = CARTESIAN_POINT('',(0.305137,3.250406698354E-17));
#1807 = VECTOR('',#1808,1.);
#1808 = DIRECTION('',(0.,-1.));
#1809 = ( GEOMETRIC_REPRESENTATION_CONTEXT(2) 
PARAMETRIC_REPRESENTATION_CONTEXT() REPRESENTATION_CONTEXT('2D SPACE',''
  ) );
#1810 = ORIENTED_EDGE('',*,*,#1811,.F.);
#1811 = EDGE_CURVE('',#24,#1789,#1812,.T.);
#1812 = SURFACE_CURVE('',#1813,(#1817,#1824),.PCURVE_S1.);
#1813 = LINE('',#1814,#1815);
#1814 = CARTESIAN_POINT('',(13.5,-0.125,1.));
#1815 = VECTOR('',#1816,1.);
#1816 = DIRECTION('',(-1.,5.243344273594E-32,2.289834988289E-16));
#1817 = PCURVE('',#154,#1818);
#1818 = DEFINITIONAL_REPRESENTATION('',(#1819),#1823);
#1819 = LINE('',#1820,#1821);
#1820 = CARTESIAN_POINT('',(-0.69,-10.675));
#1821 = VECTOR('',#1822,1.);
#1822 = DIRECTION('',(0.,1.));
#1823 = ( GEOMETRIC_REPRESENTATION_CONTEXT(2) 
PARAMETRIC_REPRESENTATION_CONTEXT() REPRESENTATION_CONTEXT('2D SPACE',''
  ) );
#1824 = PCURVE('',#44,#1825);
#1825 = DEFINITIONAL_REPRESENTATION('',(#1826),#1830);
#1826 = LINE('',#1827,#1828);
#1827 = CARTESIAN_POINT('',(-2.493867268294,55.176624388842));
#1828 = VECTOR('',#1829,1.);
#1829 = DIRECTION('',(2.080052407982E-46,-1.));
#1830 = ( GEOMETRIC_REPRESENTATION_CONTEXT(2) 
PARAMETRIC_REPRESENTATION_CONTEXT() REPRESENTATION_CONTEXT('2D SPACE',''
  ) );
#1831 = ORIENTED_EDGE('',*,*,#140,.T.);
#1832 = ORIENTED_EDGE('',*,*,#1833,.T.);
#1833 = EDGE_CURVE('',#113,#497,#1834,.T.);
#1834 = SURFACE_CURVE('',#1835,(#1839,#1846),.PCURVE_S1.);
#1835 = LINE('',#1836,#1837);
#1836 = CARTESIAN_POINT('',(13.5,-0.125,0.31));
#1837 = VECTOR('',#1838,1.);
#1838 = DIRECTION('',(1.,-5.243344273594E-32,-2.289834988289E-16));
#1839 = PCURVE('',#154,#1840);
#1840 = DEFINITIONAL_REPRESENTATION('',(#1841),#1845);
#1841 = LINE('',#1842,#1843);
#1842 = CARTESIAN_POINT('',(-4.459974056736E-16,-10.675));
#1843 = VECTOR('',#1844,1.);
#1844 = DIRECTION('',(0.,-1.));
#1845 = ( GEOMETRIC_REPRESENTATION_CONTEXT(2) 
PARAMETRIC_REPRESENTATION_CONTEXT() REPRESENTATION_CONTEXT('2D SPACE',''
  ) );
#1846 = PCURVE('',#128,#1847);
#1847 = DEFINITIONAL_REPRESENTATION('',(#1848),#1852);
#1848 = LINE('',#1849,#1850);
#1849 = CARTESIAN_POINT('',(0.71,-16.8));
#1850 = VECTOR('',#1851,1.);
#1851 = DIRECTION('',(9.031806508344E-47,-1.));
#1852 = ( GEOMETRIC_REPRESENTATION_CONTEXT(2) 
PARAMETRIC_REPRESENTATION_CONTEXT() REPRESENTATION_CONTEXT('2D SPACE',''
  ) );
#1853 = ORIENTED_EDGE('',*,*,#1854,.T.);
#1854 = EDGE_CURVE('',#497,#1658,#1855,.T.);
#1855 = SURFACE_CURVE('',#1856,(#1860,#1867),.PCURVE_S1.);
#1856 = LINE('',#1857,#1858);
#1857 = CARTESIAN_POINT('',(4.5,-0.125,0.31));
#1858 = VECTOR('',#1859,1.);
#1859 = DIRECTION('',(1.,-5.243344273594E-32,-2.289834988289E-16));
#1860 = PCURVE('',#154,#1861);
#1861 = DEFINITIONAL_REPRESENTATION('',(#1862),#1866);
#1862 = LINE('',#1863,#1864);
#1863 = CARTESIAN_POINT('',(-3.835473605385E-16,-1.675));
#1864 = VECTOR('',#1865,1.);
#1865 = DIRECTION('',(0.,-1.));
#1866 = ( GEOMETRIC_REPRESENTATION_CONTEXT(2) 
PARAMETRIC_REPRESENTATION_CONTEXT() REPRESENTATION_CONTEXT('2D SPACE',''
  ) );
#1867 = PCURVE('',#512,#1868);
#1868 = DEFINITIONAL_REPRESENTATION('',(#1869),#1873);
#1869 = LINE('',#1870,#1871);
#1870 = CARTESIAN_POINT('',(-3.15,0.673724317761));
#1871 = VECTOR('',#1872,1.);
#1872 = DIRECTION('',(-1.,-2.736911063134E-48));
#1873 = ( GEOMETRIC_REPRESENTATION_CONTEXT(2) 
PARAMETRIC_REPRESENTATION_CONTEXT() REPRESENTATION_CONTEXT('2D SPACE',''
  ) );
#1874 = ADVANCED_FACE('',(#1875),#1889,.T.);
#1875 = FACE_BOUND('',#1876,.T.);
#1876 = EDGE_LOOP('',(#1877,#1912,#1940,#1969,#1997,#2025,#2053,#2081,
    #2110,#2138,#2161));
#1877 = ORIENTED_EDGE('',*,*,#1878,.T.);
#1878 = EDGE_CURVE('',#1879,#1881,#1883,.T.);
#1879 = VERTEX_POINT('',#1880);
#1880 = CARTESIAN_POINT('',(-2.175,-0.125,8.E-02));
#1881 = VERTEX_POINT('',#1882);
#1882 = CARTESIAN_POINT('',(-2.175,-0.125,7.866077735406E-02));
#1883 = SURFACE_CURVE('',#1884,(#1888,#1900),.PCURVE_S1.);
#1884 = LINE('',#1885,#1886);
#1885 = CARTESIAN_POINT('',(-2.175,-0.125,0.841614));
#1886 = VECTOR('',#1887,1.);
#1887 = DIRECTION('',(-2.289834988289E-16,-1.065228634467E-16,-1.));
#1888 = PCURVE('',#1889,#1894);
#1889 = PLANE('',#1890);
#1890 = AXIS2_PLACEMENT_3D('',#1891,#1892,#1893);
#1891 = CARTESIAN_POINT('',(-2.175,0.120779075398,0.170500231015));
#1892 = DIRECTION('',(1.,-5.243344273594E-32,-2.289834988289E-16));
#1893 = DIRECTION('',(5.243344273594E-32,1.,0.));
#1894 = DEFINITIONAL_REPRESENTATION('',(#1895),#1899);
#1895 = LINE('',#1896,#1897);
#1896 = CARTESIAN_POINT('',(-0.245779075398,0.671113768985));
#1897 = VECTOR('',#1898,1.);
#1898 = DIRECTION('',(-1.065228634467E-16,-1.));
#1899 = ( GEOMETRIC_REPRESENTATION_CONTEXT(2) 
PARAMETRIC_REPRESENTATION_CONTEXT() REPRESENTATION_CONTEXT('2D SPACE',''
  ) );
#1900 = PCURVE('',#1901,#1906);
#1901 = PLANE('',#1902);
#1902 = AXIS2_PLACEMENT_3D('',#1903,#1904,#1905);
#1903 = CARTESIAN_POINT('',(-2.175,-0.125,7.866077735406E-02));
#1904 = DIRECTION('',(2.804146475864E-32,1.,-1.065228634467E-16));
#1905 = DIRECTION('',(-2.289834988289E-16,-1.065228634467E-16,-1.));
#1906 = DEFINITIONAL_REPRESENTATION('',(#1907),#1911);
#1907 = LINE('',#1908,#1909);
#1908 = CARTESIAN_POINT('',(-0.762953222646,1.747036983643E-16));
#1909 = VECTOR('',#1910,1.);
#1910 = DIRECTION('',(1.,0.));
#1911 = ( GEOMETRIC_REPRESENTATION_CONTEXT(2) 
PARAMETRIC_REPRESENTATION_CONTEXT() REPRESENTATION_CONTEXT('2D SPACE',''
  ) );
#1912 = ORIENTED_EDGE('',*,*,#1913,.F.);
#1913 = EDGE_CURVE('',#1914,#1881,#1916,.T.);
#1914 = VERTEX_POINT('',#1915);
#1915 = CARTESIAN_POINT('',(-2.175,-0.181813366389,6.541154699934E-02));
#1916 = SURFACE_CURVE('',#1917,(#1921,#1928),.PCURVE_S1.);
#1917 = LINE('',#1918,#1919);
#1918 = CARTESIAN_POINT('',(-2.175,-0.181813366389,6.541154699934E-02));
#1919 = VECTOR('',#1920,1.);
#1920 = DIRECTION('',(5.200494915182E-17,0.973868596229,0.227112212966)
  );
#1921 = PCURVE('',#1889,#1922);
#1922 = DEFINITIONAL_REPRESENTATION('',(#1923),#1927);
#1923 = LINE('',#1924,#1925);
#1924 = CARTESIAN_POINT('',(-0.302592441787,-0.105088684016));
#1925 = VECTOR('',#1926,1.);
#1926 = DIRECTION('',(0.973868596229,0.227112212966));
#1927 = ( GEOMETRIC_REPRESENTATION_CONTEXT(2) 
PARAMETRIC_REPRESENTATION_CONTEXT() REPRESENTATION_CONTEXT('2D SPACE',''
  ) );
#1928 = PCURVE('',#1929,#1934);
#1929 = PLANE('',#1930);
#1930 = AXIS2_PLACEMENT_3D('',#1931,#1932,#1933);
#1931 = CARTESIAN_POINT('',(-2.325,-0.181813366389,6.541154699934E-02));
#1932 = DIRECTION('',(2.229998385642E-16,-0.227112212966,0.973868596229)
  );
#1933 = DIRECTION('',(5.200494915182E-17,0.973868596229,0.227112212966)
  );
#1934 = DEFINITIONAL_REPRESENTATION('',(#1935),#1939);
#1935 = LINE('',#1936,#1937);
#1936 = CARTESIAN_POINT('',(1.497112172552E-18,-0.15));
#1937 = VECTOR('',#1938,1.);
#1938 = DIRECTION('',(1.,-3.697785493223E-32));
#1939 = ( GEOMETRIC_REPRESENTATION_CONTEXT(2) 
PARAMETRIC_REPRESENTATION_CONTEXT() REPRESENTATION_CONTEXT('2D SPACE',''
  ) );
#1940 = ORIENTED_EDGE('',*,*,#1941,.T.);
#1941 = EDGE_CURVE('',#1914,#1942,#1944,.T.);
#1942 = VERTEX_POINT('',#1943);
#1943 = CARTESIAN_POINT('',(-2.175,-0.205,3.619548911246E-02));
#1944 = SURFACE_CURVE('',#1945,(#1950,#1957),.PCURVE_S1.);
#1945 = CIRCLE('',#1946,3.E-02);
#1946 = AXIS2_PLACEMENT_3D('',#1947,#1948,#1949);
#1947 = CARTESIAN_POINT('',(-2.175,-0.175,3.619548911246E-02));
#1948 = DIRECTION('',(1.,-5.243344273594E-32,-2.289834988289E-16));
#1949 = DIRECTION('',(-2.080052407982E-46,1.,-2.289834988289E-16));
#1950 = PCURVE('',#1889,#1951);
#1951 = DEFINITIONAL_REPRESENTATION('',(#1952),#1956);
#1952 = CIRCLE('',#1953,3.E-02);
#1953 = AXIS2_PLACEMENT_2D('',#1954,#1955);
#1954 = CARTESIAN_POINT('',(-0.295779075398,-0.134304741903));
#1955 = DIRECTION('',(1.,-2.289834988289E-16));
#1956 = ( GEOMETRIC_REPRESENTATION_CONTEXT(2) 
PARAMETRIC_REPRESENTATION_CONTEXT() REPRESENTATION_CONTEXT('2D SPACE',''
  ) );
#1957 = PCURVE('',#1958,#1963);
#1958 = CYLINDRICAL_SURFACE('',#1959,3.E-02);
#1959 = AXIS2_PLACEMENT_3D('',#1960,#1961,#1962);
#1960 = CARTESIAN_POINT('',(-2.175,-0.175,3.619548911246E-02));
#1961 = DIRECTION('',(-1.,5.243344273594E-32,2.289834988289E-16));
#1962 = DIRECTION('',(-2.080052407982E-46,1.,-2.289834988289E-16));
#1963 = DEFINITIONAL_REPRESENTATION('',(#1964),#1968);
#1964 = LINE('',#1965,#1966);
#1965 = CARTESIAN_POINT('',(6.28318530718,0.));
#1966 = VECTOR('',#1967,1.);
#1967 = DIRECTION('',(-1.,0.));
#1968 = ( GEOMETRIC_REPRESENTATION_CONTEXT(2) 
PARAMETRIC_REPRESENTATION_CONTEXT() REPRESENTATION_CONTEXT('2D SPACE',''
  ) );
#1969 = ORIENTED_EDGE('',*,*,#1970,.F.);
#1970 = EDGE_CURVE('',#1971,#1942,#1973,.T.);
#1971 = VERTEX_POINT('',#1972);
#1972 = CARTESIAN_POINT('',(-2.175,-0.205,-3.330669073875E-16));
#1973 = SURFACE_CURVE('',#1974,(#1978,#1985),.PCURVE_S1.);
#1974 = LINE('',#1975,#1976);
#1975 = CARTESIAN_POINT('',(-2.175,-0.205,-3.330669073875E-16));
#1976 = VECTOR('',#1977,1.);
#1977 = DIRECTION('',(2.289834988289E-16,2.289834988289E-16,1.));
#1978 = PCURVE('',#1889,#1979);
#1979 = DEFINITIONAL_REPRESENTATION('',(#1980),#1984);
#1980 = LINE('',#1981,#1982);
#1981 = CARTESIAN_POINT('',(-0.325779075398,-0.170500231015));
#1982 = VECTOR('',#1983,1.);
#1983 = DIRECTION('',(2.289834988289E-16,1.));
#1984 = ( GEOMETRIC_REPRESENTATION_CONTEXT(2) 
PARAMETRIC_REPRESENTATION_CONTEXT() REPRESENTATION_CONTEXT('2D SPACE',''
  ) );
#1985 = PCURVE('',#1986,#1991);
#1986 = PLANE('',#1987);
#1987 = AXIS2_PLACEMENT_3D('',#1988,#1989,#1990);
#1988 = CARTESIAN_POINT('',(-2.175,-0.205,-3.330669073875E-16));
#1989 = DIRECTION('',(0.,1.,-2.289834988289E-16));
#1990 = DIRECTION('',(2.289834988289E-16,2.289834988289E-16,1.));
#1991 = DEFINITIONAL_REPRESENTATION('',(#1992),#1996);
#1992 = LINE('',#1993,#1994);
#1993 = CARTESIAN_POINT('',(0.,0.));
#1994 = VECTOR('',#1995,1.);
#1995 = DIRECTION('',(1.,0.));
#1996 = ( GEOMETRIC_REPRESENTATION_CONTEXT(2) 
PARAMETRIC_REPRESENTATION_CONTEXT() REPRESENTATION_CONTEXT('2D SPACE',''
  ) );
#1997 = ORIENTED_EDGE('',*,*,#1998,.T.);
#1998 = EDGE_CURVE('',#1971,#1999,#2001,.T.);
#1999 = VERTEX_POINT('',#2000);
#2000 = CARTESIAN_POINT('',(-2.175,0.125,-4.440892098501E-16));
#2001 = SURFACE_CURVE('',#2002,(#2006,#2013),.PCURVE_S1.);
#2002 = LINE('',#2003,#2004);
#2003 = CARTESIAN_POINT('',(-2.175,-0.205,-3.330669073875E-16));
#2004 = VECTOR('',#2005,1.);
#2005 = DIRECTION('',(0.,1.,-2.289834988289E-16));
#2006 = PCURVE('',#1889,#2007);
#2007 = DEFINITIONAL_REPRESENTATION('',(#2008),#2012);
#2008 = LINE('',#2009,#2010);
#2009 = CARTESIAN_POINT('',(-0.325779075398,-0.170500231015));
#2010 = VECTOR('',#2011,1.);
#2011 = DIRECTION('',(1.,-2.289834988289E-16));
#2012 = ( GEOMETRIC_REPRESENTATION_CONTEXT(2) 
PARAMETRIC_REPRESENTATION_CONTEXT() REPRESENTATION_CONTEXT('2D SPACE',''
  ) );
#2013 = PCURVE('',#2014,#2019);
#2014 = PLANE('',#2015);
#2015 = AXIS2_PLACEMENT_3D('',#2016,#2017,#2018);
#2016 = CARTESIAN_POINT('',(-2.325,0.125,-4.440892098501E-16));
#2017 = DIRECTION('',(-2.289834988289E-16,-2.289834988289E-16,-1.));
#2018 = DIRECTION('',(0.,-1.,2.289834988289E-16));
#2019 = DEFINITIONAL_REPRESENTATION('',(#2020),#2024);
#2020 = LINE('',#2021,#2022);
#2021 = CARTESIAN_POINT('',(0.33,-0.15));
#2022 = VECTOR('',#2023,1.);
#2023 = DIRECTION('',(-1.,0.));
#2024 = ( GEOMETRIC_REPRESENTATION_CONTEXT(2) 
PARAMETRIC_REPRESENTATION_CONTEXT() REPRESENTATION_CONTEXT('2D SPACE',''
  ) );
#2025 = ORIENTED_EDGE('',*,*,#2026,.F.);
#2026 = EDGE_CURVE('',#2027,#1999,#2029,.T.);
#2027 = VERTEX_POINT('',#2028);
#2028 = CARTESIAN_POINT('',(-2.175,0.175,5.E-02));
#2029 = SURFACE_CURVE('',#2030,(#2034,#2041),.PCURVE_S1.);
#2030 = LINE('',#2031,#2032);
#2031 = CARTESIAN_POINT('',(-2.175,0.175,5.E-02));
#2032 = VECTOR('',#2033,1.);
#2033 = DIRECTION('',(-1.619157848018E-16,-0.707106781187,
    -0.707106781186));
#2034 = PCURVE('',#1889,#2035);
#2035 = DEFINITIONAL_REPRESENTATION('',(#2036),#2040);
#2036 = LINE('',#2037,#2038);
#2037 = CARTESIAN_POINT('',(5.422092460224E-02,-0.120500231015));
#2038 = VECTOR('',#2039,1.);
#2039 = DIRECTION('',(-0.707106781187,-0.707106781186));
#2040 = ( GEOMETRIC_REPRESENTATION_CONTEXT(2) 
PARAMETRIC_REPRESENTATION_CONTEXT() REPRESENTATION_CONTEXT('2D SPACE',''
  ) );
#2041 = PCURVE('',#2042,#2047);
#2042 = PLANE('',#2043);
#2043 = AXIS2_PLACEMENT_3D('',#2044,#2045,#2046);
#2044 = CARTESIAN_POINT('',(-2.175,0.175,5.E-02));
#2045 = DIRECTION('',(1.619157848018E-16,-0.707106781186,0.707106781187)
  );
#2046 = DIRECTION('',(-1.619157848018E-16,-0.707106781187,
    -0.707106781186));
#2047 = DEFINITIONAL_REPRESENTATION('',(#2048),#2052);
#2048 = LINE('',#2049,#2050);
#2049 = CARTESIAN_POINT('',(-0.,0.));
#2050 = VECTOR('',#2051,1.);
#2051 = DIRECTION('',(1.,7.395570986447E-32));
#2052 = ( GEOMETRIC_REPRESENTATION_CONTEXT(2) 
PARAMETRIC_REPRESENTATION_CONTEXT() REPRESENTATION_CONTEXT('2D SPACE',''
  ) );
#2053 = ORIENTED_EDGE('',*,*,#2054,.F.);
#2054 = EDGE_CURVE('',#2055,#2027,#2057,.T.);
#2055 = VERTEX_POINT('',#2056);
#2056 = CARTESIAN_POINT('',(-2.175,0.175,0.11));
#2057 = SURFACE_CURVE('',#2058,(#2062,#2069),.PCURVE_S1.);
#2058 = LINE('',#2059,#2060);
#2059 = CARTESIAN_POINT('',(-2.175,0.175,0.11));
#2060 = VECTOR('',#2061,1.);
#2061 = DIRECTION('',(-2.289834988289E-16,-2.289834988289E-16,-1.));
#2062 = PCURVE('',#1889,#2063);
#2063 = DEFINITIONAL_REPRESENTATION('',(#2064),#2068);
#2064 = LINE('',#2065,#2066);
#2065 = CARTESIAN_POINT('',(5.422092460224E-02,-6.050023101547E-02));
#2066 = VECTOR('',#2067,1.);
#2067 = DIRECTION('',(-2.289834988289E-16,-1.));
#2068 = ( GEOMETRIC_REPRESENTATION_CONTEXT(2) 
PARAMETRIC_REPRESENTATION_CONTEXT() REPRESENTATION_CONTEXT('2D SPACE',''
  ) );
#2069 = PCURVE('',#2070,#2075);
#2070 = PLANE('',#2071);
#2071 = AXIS2_PLACEMENT_3D('',#2072,#2073,#2074);
#2072 = CARTESIAN_POINT('',(-2.175,0.175,0.11));
#2073 = DIRECTION('',(0.,-1.,2.289834988289E-16));
#2074 = DIRECTION('',(-2.289834988289E-16,-2.289834988289E-16,-1.));
#2075 = DEFINITIONAL_REPRESENTATION('',(#2076),#2080);
#2076 = LINE('',#2077,#2078);
#2077 = CARTESIAN_POINT('',(-0.,0.));
#2078 = VECTOR('',#2079,1.);
#2079 = DIRECTION('',(1.,0.));
#2080 = ( GEOMETRIC_REPRESENTATION_CONTEXT(2) 
PARAMETRIC_REPRESENTATION_CONTEXT() REPRESENTATION_CONTEXT('2D SPACE',''
  ) );
#2081 = ORIENTED_EDGE('',*,*,#2082,.F.);
#2082 = EDGE_CURVE('',#2083,#2055,#2085,.T.);
#2083 = VERTEX_POINT('',#2084);
#2084 = CARTESIAN_POINT('',(-2.175,0.225,0.16));
#2085 = SURFACE_CURVE('',#2086,(#2091,#2098),.PCURVE_S1.);
#2086 = CIRCLE('',#2087,5.E-02);
#2087 = AXIS2_PLACEMENT_3D('',#2088,#2089,#2090);
#2088 = CARTESIAN_POINT('',(-2.175,0.225,0.11));
#2089 = DIRECTION('',(1.,-5.243344273594E-32,-2.289834988289E-16));
#2090 = DIRECTION('',(-2.080052407982E-46,1.,-2.289834988289E-16));
#2091 = PCURVE('',#1889,#2092);
#2092 = DEFINITIONAL_REPRESENTATION('',(#2093),#2097);
#2093 = CIRCLE('',#2094,5.E-02);
#2094 = AXIS2_PLACEMENT_2D('',#2095,#2096);
#2095 = CARTESIAN_POINT('',(0.104220924602,-6.050023101547E-02));
#2096 = DIRECTION('',(1.,-2.289834988289E-16));
#2097 = ( GEOMETRIC_REPRESENTATION_CONTEXT(2) 
PARAMETRIC_REPRESENTATION_CONTEXT() REPRESENTATION_CONTEXT('2D SPACE',''
  ) );
#2098 = PCURVE('',#2099,#2104);
#2099 = CYLINDRICAL_SURFACE('',#2100,5.E-02);
#2100 = AXIS2_PLACEMENT_3D('',#2101,#2102,#2103);
#2101 = CARTESIAN_POINT('',(-2.175,0.225,0.11));
#2102 = DIRECTION('',(-1.,5.243344273594E-32,2.289834988289E-16));
#2103 = DIRECTION('',(-2.080052407982E-46,1.,-2.289834988289E-16));
#2104 = DEFINITIONAL_REPRESENTATION('',(#2105),#2109);
#2105 = LINE('',#2106,#2107);
#2106 = CARTESIAN_POINT('',(6.28318530718,0.));
#2107 = VECTOR('',#2108,1.);
#2108 = DIRECTION('',(-1.,0.));
#2109 = ( GEOMETRIC_REPRESENTATION_CONTEXT(2) 
PARAMETRIC_REPRESENTATION_CONTEXT() REPRESENTATION_CONTEXT('2D SPACE',''
  ) );
#2110 = ORIENTED_EDGE('',*,*,#2111,.T.);
#2111 = EDGE_CURVE('',#2083,#2112,#2114,.T.);
#2112 = VERTEX_POINT('',#2113);
#2113 = CARTESIAN_POINT('',(-2.175,0.225,0.31));
#2114 = SURFACE_CURVE('',#2115,(#2119,#2126),.PCURVE_S1.);
#2115 = LINE('',#2116,#2117);
#2116 = CARTESIAN_POINT('',(-2.175,0.225,0.31));
#2117 = VECTOR('',#2118,1.);
#2118 = DIRECTION('',(2.289834988289E-16,2.289834988289E-16,1.));
#2119 = PCURVE('',#1889,#2120);
#2120 = DEFINITIONAL_REPRESENTATION('',(#2121),#2125);
#2121 = LINE('',#2122,#2123);
#2122 = CARTESIAN_POINT('',(0.104220924602,0.139499768985));
#2123 = VECTOR('',#2124,1.);
#2124 = DIRECTION('',(2.289834988289E-16,1.));
#2125 = ( GEOMETRIC_REPRESENTATION_CONTEXT(2) 
PARAMETRIC_REPRESENTATION_CONTEXT() REPRESENTATION_CONTEXT('2D SPACE',''
  ) );
#2126 = PCURVE('',#2127,#2132);
#2127 = PLANE('',#2128);
#2128 = AXIS2_PLACEMENT_3D('',#2129,#2130,#2131);
#2129 = CARTESIAN_POINT('',(-2.325,0.225,0.31));
#2130 = DIRECTION('',(0.,1.,-2.289834988289E-16));
#2131 = DIRECTION('',(-2.289834988289E-16,-2.289834988289E-16,-1.));
#2132 = DEFINITIONAL_REPRESENTATION('',(#2133),#2137);
#2133 = LINE('',#2134,#2135);
#2134 = CARTESIAN_POINT('',(-3.434752482434E-17,-0.15));
#2135 = VECTOR('',#2136,1.);
#2136 = DIRECTION('',(-1.,0.));
#2137 = ( GEOMETRIC_REPRESENTATION_CONTEXT(2) 
PARAMETRIC_REPRESENTATION_CONTEXT() REPRESENTATION_CONTEXT('2D SPACE',''
  ) );
#2138 = ORIENTED_EDGE('',*,*,#2139,.T.);
#2139 = EDGE_CURVE('',#2112,#2140,#2142,.T.);
#2140 = VERTEX_POINT('',#2141);
#2141 = CARTESIAN_POINT('',(-2.175,-0.125,0.31));
#2142 = SURFACE_CURVE('',#2143,(#2147,#2154),.PCURVE_S1.);
#2143 = LINE('',#2144,#2145);
#2144 = CARTESIAN_POINT('',(-2.175,-0.430137,0.31));
#2145 = VECTOR('',#2146,1.);
#2146 = DIRECTION('',(-2.804146475864E-32,-1.,1.065228634467E-16));
#2147 = PCURVE('',#1889,#2148);
#2148 = DEFINITIONAL_REPRESENTATION('',(#2149),#2153);
#2149 = LINE('',#2150,#2151);
#2150 = CARTESIAN_POINT('',(-0.550916075398,0.139499768985));
#2151 = VECTOR('',#2152,1.);
#2152 = DIRECTION('',(-1.,1.065228634467E-16));
#2153 = ( GEOMETRIC_REPRESENTATION_CONTEXT(2) 
PARAMETRIC_REPRESENTATION_CONTEXT() REPRESENTATION_CONTEXT('2D SPACE',''
  ) );
#2154 = PCURVE('',#512,#2155);
#2155 = DEFINITIONAL_REPRESENTATION('',(#2156),#2160);
#2156 = LINE('',#2157,#2158);
#2157 = CARTESIAN_POINT('',(3.525,0.978861317761));
#2158 = VECTOR('',#2159,1.);
#2159 = DIRECTION('',(9.031806508344E-47,1.));
#2160 = ( GEOMETRIC_REPRESENTATION_CONTEXT(2) 
PARAMETRIC_REPRESENTATION_CONTEXT() REPRESENTATION_CONTEXT('2D SPACE',''
  ) );
#2161 = ORIENTED_EDGE('',*,*,#2162,.T.);
#2162 = EDGE_CURVE('',#2140,#1879,#2163,.T.);
#2163 = SURFACE_CURVE('',#2164,(#2168,#2175),.PCURVE_S1.);
#2164 = LINE('',#2165,#2166);
#2165 = CARTESIAN_POINT('',(-2.175,-0.125,0.841614));
#2166 = VECTOR('',#2167,1.);
#2167 = DIRECTION('',(-2.289834988289E-16,-1.065228634467E-16,-1.));
#2168 = PCURVE('',#1889,#2169);
#2169 = DEFINITIONAL_REPRESENTATION('',(#2170),#2174);
#2170 = LINE('',#2171,#2172);
#2171 = CARTESIAN_POINT('',(-0.245779075398,0.671113768985));
#2172 = VECTOR('',#2173,1.);
#2173 = DIRECTION('',(-1.065228634467E-16,-1.));
#2174 = ( GEOMETRIC_REPRESENTATION_CONTEXT(2) 
PARAMETRIC_REPRESENTATION_CONTEXT() REPRESENTATION_CONTEXT('2D SPACE',''
  ) );
#2175 = PCURVE('',#2176,#2181);
#2176 = PLANE('',#2177);
#2177 = AXIS2_PLACEMENT_3D('',#2178,#2179,#2180);
#2178 = CARTESIAN_POINT('',(2.825,-0.125,0.31));
#2179 = DIRECTION('',(2.804146475864E-32,1.,-1.065228634467E-16));
#2180 = DIRECTION('',(-2.289834988289E-16,-1.065228634467E-16,-1.));
#2181 = DEFINITIONAL_REPRESENTATION('',(#2182),#2186);
#2182 = LINE('',#2183,#2184);
#2183 = CARTESIAN_POINT('',(-0.531614,5.));
#2184 = VECTOR('',#2185,1.);
#2185 = DIRECTION('',(1.,0.));
#2186 = ( GEOMETRIC_REPRESENTATION_CONTEXT(2) 
PARAMETRIC_REPRESENTATION_CONTEXT() REPRESENTATION_CONTEXT('2D SPACE',''
  ) );
#2187 = ADVANCED_FACE('',(#2188),#1901,.F.);
#2188 = FACE_BOUND('',#2189,.T.);
#2189 = EDGE_LOOP('',(#2190,#2211,#2234,#2255));
#2190 = ORIENTED_EDGE('',*,*,#2191,.T.);
#2191 = EDGE_CURVE('',#1879,#1660,#2192,.T.);
#2192 = SURFACE_CURVE('',#2193,(#2197,#2204),.PCURVE_S1.);
#2193 = LINE('',#2194,#2195);
#2194 = CARTESIAN_POINT('',(4.5,-0.125,8.E-02));
#2195 = VECTOR('',#2196,1.);
#2196 = DIRECTION('',(-1.,5.243344273594E-32,2.289834988289E-16));
#2197 = PCURVE('',#1901,#2198);
#2198 = DEFINITIONAL_REPRESENTATION('',(#2199),#2203);
#2199 = LINE('',#2200,#2201);
#2200 = CARTESIAN_POINT('',(-1.339222645935E-03,-6.675));
#2201 = VECTOR('',#2202,1.);
#2202 = DIRECTION('',(0.,1.));
#2203 = ( GEOMETRIC_REPRESENTATION_CONTEXT(2) 
PARAMETRIC_REPRESENTATION_CONTEXT() REPRESENTATION_CONTEXT('2D SPACE',''
  ) );
#2204 = PCURVE('',#1703,#2205);
#2205 = DEFINITIONAL_REPRESENTATION('',(#2206),#2210);
#2206 = LINE('',#2207,#2208);
#2207 = CARTESIAN_POINT('',(-3.495562849063E-31,6.6625));
#2208 = VECTOR('',#2209,1.);
#2209 = DIRECTION('',(2.080052407982E-46,-1.));
#2210 = ( GEOMETRIC_REPRESENTATION_CONTEXT(2) 
PARAMETRIC_REPRESENTATION_CONTEXT() REPRESENTATION_CONTEXT('2D SPACE',''
  ) );
#2211 = ORIENTED_EDGE('',*,*,#2212,.T.);
#2212 = EDGE_CURVE('',#1660,#2213,#2215,.T.);
#2213 = VERTEX_POINT('',#2214);
#2214 = CARTESIAN_POINT('',(-2.325,-0.125,7.866077735406E-02));
#2215 = SURFACE_CURVE('',#2216,(#2220,#2227),.PCURVE_S1.);
#2216 = LINE('',#2217,#2218);
#2217 = CARTESIAN_POINT('',(-2.325,-0.125,0.841614));
#2218 = VECTOR('',#2219,1.);
#2219 = DIRECTION('',(-2.289834988289E-16,-1.065228634467E-16,-1.));
#2220 = PCURVE('',#1901,#2221);
#2221 = DEFINITIONAL_REPRESENTATION('',(#2222),#2226);
#2222 = LINE('',#2223,#2224);
#2223 = CARTESIAN_POINT('',(-0.762953222646,0.15));
#2224 = VECTOR('',#2225,1.);
#2225 = DIRECTION('',(1.,0.));
#2226 = ( GEOMETRIC_REPRESENTATION_CONTEXT(2) 
PARAMETRIC_REPRESENTATION_CONTEXT() REPRESENTATION_CONTEXT('2D SPACE',''
  ) );
#2227 = PCURVE('',#1675,#2228);
#2228 = DEFINITIONAL_REPRESENTATION('',(#2229),#2233);
#2229 = LINE('',#2230,#2231);
#2230 = CARTESIAN_POINT('',(-2.624702236056,1.675311738616));
#2231 = VECTOR('',#2232,1.);
#2232 = DIRECTION('',(1.224606353822E-16,-1.));
#2233 = ( GEOMETRIC_REPRESENTATION_CONTEXT(2) 
PARAMETRIC_REPRESENTATION_CONTEXT() REPRESENTATION_CONTEXT('2D SPACE',''
  ) );
#2234 = ORIENTED_EDGE('',*,*,#2235,.F.);
#2235 = EDGE_CURVE('',#1881,#2213,#2236,.T.);
#2236 = SURFACE_CURVE('',#2237,(#2241,#2248),.PCURVE_S1.);
#2237 = LINE('',#2238,#2239);
#2238 = CARTESIAN_POINT('',(4.5,-0.125,7.866077735406E-02));
#2239 = VECTOR('',#2240,1.);
#2240 = DIRECTION('',(-1.,5.243344273594E-32,2.289834988289E-16));
#2241 = PCURVE('',#1901,#2242);
#2242 = DEFINITIONAL_REPRESENTATION('',(#2243),#2247);
#2243 = LINE('',#2244,#2245);
#2244 = CARTESIAN_POINT('',(-1.268082860939E-16,-6.675));
#2245 = VECTOR('',#2246,1.);
#2246 = DIRECTION('',(0.,1.));
#2247 = ( GEOMETRIC_REPRESENTATION_CONTEXT(2) 
PARAMETRIC_REPRESENTATION_CONTEXT() REPRESENTATION_CONTEXT('2D SPACE',''
  ) );
#2248 = PCURVE('',#1929,#2249);
#2249 = DEFINITIONAL_REPRESENTATION('',(#2250),#2254);
#2250 = LINE('',#2251,#2252);
#2251 = CARTESIAN_POINT('',(5.833781539828E-02,-6.825));
#2252 = VECTOR('',#2253,1.);
#2253 = DIRECTION('',(9.244463733059E-32,1.));
#2254 = ( GEOMETRIC_REPRESENTATION_CONTEXT(2) 
PARAMETRIC_REPRESENTATION_CONTEXT() REPRESENTATION_CONTEXT('2D SPACE',''
  ) );
#2255 = ORIENTED_EDGE('',*,*,#1878,.F.);
#2256 = ADVANCED_FACE('',(#2257),#1675,.F.);
#2257 = FACE_BOUND('',#2258,.T.);
#2258 = EDGE_LOOP('',(#2259,#2284,#2308,#2331,#2354,#2377,#2400,#2424,
    #2445,#2446,#2447));
#2259 = ORIENTED_EDGE('',*,*,#2260,.F.);
#2260 = EDGE_CURVE('',#2261,#2263,#2265,.T.);
#2261 = VERTEX_POINT('',#2262);
#2262 = CARTESIAN_POINT('',(-2.325,0.225,0.16));
#2263 = VERTEX_POINT('',#2264);
#2264 = CARTESIAN_POINT('',(-2.325,0.225,0.31));
#2265 = SURFACE_CURVE('',#2266,(#2270,#2277),.PCURVE_S1.);
#2266 = LINE('',#2267,#2268);
#2267 = CARTESIAN_POINT('',(-2.325,0.225,0.31));
#2268 = VECTOR('',#2269,1.);
#2269 = DIRECTION('',(2.289834988289E-16,2.289834988289E-16,1.));
#2270 = PCURVE('',#1675,#2271);
#2271 = DEFINITIONAL_REPRESENTATION('',(#2272),#2276);
#2272 = LINE('',#2273,#2274);
#2273 = CARTESIAN_POINT('',(-2.274702236056,1.143697738616));
#2274 = VECTOR('',#2275,1.);
#2275 = DIRECTION('',(0.,1.));
#2276 = ( GEOMETRIC_REPRESENTATION_CONTEXT(2) 
PARAMETRIC_REPRESENTATION_CONTEXT() REPRESENTATION_CONTEXT('2D SPACE',''
  ) );
#2277 = PCURVE('',#2127,#2278);
#2278 = DEFINITIONAL_REPRESENTATION('',(#2279),#2283);
#2279 = LINE('',#2280,#2281);
#2280 = CARTESIAN_POINT('',(-0.,0.));
#2281 = VECTOR('',#2282,1.);
#2282 = DIRECTION('',(-1.,0.));
#2283 = ( GEOMETRIC_REPRESENTATION_CONTEXT(2) 
PARAMETRIC_REPRESENTATION_CONTEXT() REPRESENTATION_CONTEXT('2D SPACE',''
  ) );
#2284 = ORIENTED_EDGE('',*,*,#2285,.T.);
#2285 = EDGE_CURVE('',#2261,#2286,#2288,.T.);
#2286 = VERTEX_POINT('',#2287);
#2287 = CARTESIAN_POINT('',(-2.325,0.175,0.11));
#2288 = SURFACE_CURVE('',#2289,(#2294,#2301),.PCURVE_S1.);
#2289 = CIRCLE('',#2290,5.E-02);
#2290 = AXIS2_PLACEMENT_3D('',#2291,#2292,#2293);
#2291 = CARTESIAN_POINT('',(-2.325,0.225,0.11));
#2292 = DIRECTION('',(1.,-5.243344273594E-32,-2.289834988289E-16));
#2293 = DIRECTION('',(-2.080052407982E-46,1.,-2.289834988289E-16));
#2294 = PCURVE('',#1675,#2295);
#2295 = DEFINITIONAL_REPRESENTATION('',(#2296),#2300);
#2296 = CIRCLE('',#2297,5.E-02);
#2297 = AXIS2_PLACEMENT_2D('',#2298,#2299);
#2298 = CARTESIAN_POINT('',(-2.274702236056,0.943697738616));
#2299 = DIRECTION('',(1.,0.));
#2300 = ( GEOMETRIC_REPRESENTATION_CONTEXT(2) 
PARAMETRIC_REPRESENTATION_CONTEXT() REPRESENTATION_CONTEXT('2D SPACE',''
  ) );
#2301 = PCURVE('',#2099,#2302);
#2302 = DEFINITIONAL_REPRESENTATION('',(#2303),#2307);
#2303 = LINE('',#2304,#2305);
#2304 = CARTESIAN_POINT('',(6.28318530718,0.15));
#2305 = VECTOR('',#2306,1.);
#2306 = DIRECTION('',(-1.,0.));
#2307 = ( GEOMETRIC_REPRESENTATION_CONTEXT(2) 
PARAMETRIC_REPRESENTATION_CONTEXT() REPRESENTATION_CONTEXT('2D SPACE',''
  ) );
#2308 = ORIENTED_EDGE('',*,*,#2309,.T.);
#2309 = EDGE_CURVE('',#2286,#2310,#2312,.T.);
#2310 = VERTEX_POINT('',#2311);
#2311 = CARTESIAN_POINT('',(-2.325,0.175,5.E-02));
#2312 = SURFACE_CURVE('',#2313,(#2317,#2324),.PCURVE_S1.);
#2313 = LINE('',#2314,#2315);
#2314 = CARTESIAN_POINT('',(-2.325,0.175,0.11));
#2315 = VECTOR('',#2316,1.);
#2316 = DIRECTION('',(-2.289834988289E-16,-2.289834988289E-16,-1.));
#2317 = PCURVE('',#1675,#2318);
#2318 = DEFINITIONAL_REPRESENTATION('',(#2319),#2323);
#2319 = LINE('',#2320,#2321);
#2320 = CARTESIAN_POINT('',(-2.324702236056,0.943697738616));
#2321 = VECTOR('',#2322,1.);
#2322 = DIRECTION('',(0.,-1.));
#2323 = ( GEOMETRIC_REPRESENTATION_CONTEXT(2) 
PARAMETRIC_REPRESENTATION_CONTEXT() REPRESENTATION_CONTEXT('2D SPACE',''
  ) );
#2324 = PCURVE('',#2070,#2325);
#2325 = DEFINITIONAL_REPRESENTATION('',(#2326),#2330);
#2326 = LINE('',#2327,#2328);
#2327 = CARTESIAN_POINT('',(3.434752482434E-17,-0.15));
#2328 = VECTOR('',#2329,1.);
#2329 = DIRECTION('',(1.,0.));
#2330 = ( GEOMETRIC_REPRESENTATION_CONTEXT(2) 
PARAMETRIC_REPRESENTATION_CONTEXT() REPRESENTATION_CONTEXT('2D SPACE',''
  ) );
#2331 = ORIENTED_EDGE('',*,*,#2332,.T.);
#2332 = EDGE_CURVE('',#2310,#2333,#2335,.T.);
#2333 = VERTEX_POINT('',#2334);
#2334 = CARTESIAN_POINT('',(-2.325,0.125,-1.110223024625E-16));
#2335 = SURFACE_CURVE('',#2336,(#2340,#2347),.PCURVE_S1.);
#2336 = LINE('',#2337,#2338);
#2337 = CARTESIAN_POINT('',(-2.325,0.175,5.E-02));
#2338 = VECTOR('',#2339,1.);
#2339 = DIRECTION('',(-1.619157848018E-16,-0.707106781187,
    -0.707106781186));
#2340 = PCURVE('',#1675,#2341);
#2341 = DEFINITIONAL_REPRESENTATION('',(#2342),#2346);
#2342 = LINE('',#2343,#2344);
#2343 = CARTESIAN_POINT('',(-2.324702236056,0.883697738616));
#2344 = VECTOR('',#2345,1.);
#2345 = DIRECTION('',(-0.707106781187,-0.707106781186));
#2346 = ( GEOMETRIC_REPRESENTATION_CONTEXT(2) 
PARAMETRIC_REPRESENTATION_CONTEXT() REPRESENTATION_CONTEXT('2D SPACE',''
  ) );
#2347 = PCURVE('',#2042,#2348);
#2348 = DEFINITIONAL_REPRESENTATION('',(#2349),#2353);
#2349 = LINE('',#2350,#2351);
#2350 = CARTESIAN_POINT('',(3.410044558704E-17,-0.15));
#2351 = VECTOR('',#2352,1.);
#2352 = DIRECTION('',(1.,7.395570986447E-32));
#2353 = ( GEOMETRIC_REPRESENTATION_CONTEXT(2) 
PARAMETRIC_REPRESENTATION_CONTEXT() REPRESENTATION_CONTEXT('2D SPACE',''
  ) );
#2354 = ORIENTED_EDGE('',*,*,#2355,.F.);
#2355 = EDGE_CURVE('',#2356,#2333,#2358,.T.);
#2356 = VERTEX_POINT('',#2357);
#2357 = CARTESIAN_POINT('',(-2.325,-0.205,-3.330669073875E-16));
#2358 = SURFACE_CURVE('',#2359,(#2363,#2370),.PCURVE_S1.);
#2359 = LINE('',#2360,#2361);
#2360 = CARTESIAN_POINT('',(-2.325,-0.205,-3.330669073875E-16));
#2361 = VECTOR('',#2362,1.);
#2362 = DIRECTION('',(0.,1.,-2.289834988289E-16));
#2363 = PCURVE('',#1675,#2364);
#2364 = DEFINITIONAL_REPRESENTATION('',(#2365),#2369);
#2365 = LINE('',#2366,#2367);
#2366 = CARTESIAN_POINT('',(-2.704702236056,0.833697738616));
#2367 = VECTOR('',#2368,1.);
#2368 = DIRECTION('',(1.,0.));
#2369 = ( GEOMETRIC_REPRESENTATION_CONTEXT(2) 
PARAMETRIC_REPRESENTATION_CONTEXT() REPRESENTATION_CONTEXT('2D SPACE',''
  ) );
#2370 = PCURVE('',#2014,#2371);
#2371 = DEFINITIONAL_REPRESENTATION('',(#2372),#2376);
#2372 = LINE('',#2373,#2374);
#2373 = CARTESIAN_POINT('',(0.33,-5.473822126269E-48));
#2374 = VECTOR('',#2375,1.);
#2375 = DIRECTION('',(-1.,0.));
#2376 = ( GEOMETRIC_REPRESENTATION_CONTEXT(2) 
PARAMETRIC_REPRESENTATION_CONTEXT() REPRESENTATION_CONTEXT('2D SPACE',''
  ) );
#2377 = ORIENTED_EDGE('',*,*,#2378,.T.);
#2378 = EDGE_CURVE('',#2356,#2379,#2381,.T.);
#2379 = VERTEX_POINT('',#2380);
#2380 = CARTESIAN_POINT('',(-2.325,-0.205,3.619548911246E-02));
#2381 = SURFACE_CURVE('',#2382,(#2386,#2393),.PCURVE_S1.);
#2382 = LINE('',#2383,#2384);
#2383 = CARTESIAN_POINT('',(-2.325,-0.205,-3.330669073875E-16));
#2384 = VECTOR('',#2385,1.);
#2385 = DIRECTION('',(2.289834988289E-16,2.289834988289E-16,1.));
#2386 = PCURVE('',#1675,#2387);
#2387 = DEFINITIONAL_REPRESENTATION('',(#2388),#2392);
#2388 = LINE('',#2389,#2390);
#2389 = CARTESIAN_POINT('',(-2.704702236056,0.833697738616));
#2390 = VECTOR('',#2391,1.);
#2391 = DIRECTION('',(0.,1.));
#2392 = ( GEOMETRIC_REPRESENTATION_CONTEXT(2) 
PARAMETRIC_REPRESENTATION_CONTEXT() REPRESENTATION_CONTEXT('2D SPACE',''
  ) );
#2393 = PCURVE('',#1986,#2394);
#2394 = DEFINITIONAL_REPRESENTATION('',(#2395),#2399);
#2395 = LINE('',#2396,#2397);
#2396 = CARTESIAN_POINT('',(-3.434752482434E-17,-0.15));
#2397 = VECTOR('',#2398,1.);
#2398 = DIRECTION('',(1.,0.));
#2399 = ( GEOMETRIC_REPRESENTATION_CONTEXT(2) 
PARAMETRIC_REPRESENTATION_CONTEXT() REPRESENTATION_CONTEXT('2D SPACE',''
  ) );
#2400 = ORIENTED_EDGE('',*,*,#2401,.F.);
#2401 = EDGE_CURVE('',#2402,#2379,#2404,.T.);
#2402 = VERTEX_POINT('',#2403);
#2403 = CARTESIAN_POINT('',(-2.325,-0.181813366389,6.541154699934E-02));
#2404 = SURFACE_CURVE('',#2405,(#2410,#2417),.PCURVE_S1.);
#2405 = CIRCLE('',#2406,3.E-02);
#2406 = AXIS2_PLACEMENT_3D('',#2407,#2408,#2409);
#2407 = CARTESIAN_POINT('',(-2.325,-0.175,3.619548911246E-02));
#2408 = DIRECTION('',(1.,-5.243344273594E-32,-2.289834988289E-16));
#2409 = DIRECTION('',(-2.080052407982E-46,1.,-2.289834988289E-16));
#2410 = PCURVE('',#1675,#2411);
#2411 = DEFINITIONAL_REPRESENTATION('',(#2412),#2416);
#2412 = CIRCLE('',#2413,3.E-02);
#2413 = AXIS2_PLACEMENT_2D('',#2414,#2415);
#2414 = CARTESIAN_POINT('',(-2.674702236056,0.869893227728));
#2415 = DIRECTION('',(1.,0.));
#2416 = ( GEOMETRIC_REPRESENTATION_CONTEXT(2) 
PARAMETRIC_REPRESENTATION_CONTEXT() REPRESENTATION_CONTEXT('2D SPACE',''
  ) );
#2417 = PCURVE('',#1958,#2418);
#2418 = DEFINITIONAL_REPRESENTATION('',(#2419),#2423);
#2419 = LINE('',#2420,#2421);
#2420 = CARTESIAN_POINT('',(6.28318530718,0.15));
#2421 = VECTOR('',#2422,1.);
#2422 = DIRECTION('',(-1.,0.));
#2423 = ( GEOMETRIC_REPRESENTATION_CONTEXT(2) 
PARAMETRIC_REPRESENTATION_CONTEXT() REPRESENTATION_CONTEXT('2D SPACE',''
  ) );
#2424 = ORIENTED_EDGE('',*,*,#2425,.T.);
#2425 = EDGE_CURVE('',#2402,#2213,#2426,.T.);
#2426 = SURFACE_CURVE('',#2427,(#2431,#2438),.PCURVE_S1.);
#2427 = LINE('',#2428,#2429);
#2428 = CARTESIAN_POINT('',(-2.325,-0.181813366389,6.541154699934E-02));
#2429 = VECTOR('',#2430,1.);
#2430 = DIRECTION('',(5.200494915182E-17,0.973868596229,0.227112212966)
  );
#2431 = PCURVE('',#1675,#2432);
#2432 = DEFINITIONAL_REPRESENTATION('',(#2433),#2437);
#2433 = LINE('',#2434,#2435);
#2434 = CARTESIAN_POINT('',(-2.681515602445,0.899109285615));
#2435 = VECTOR('',#2436,1.);
#2436 = DIRECTION('',(0.973868596229,0.227112212966));
#2437 = ( GEOMETRIC_REPRESENTATION_CONTEXT(2) 
PARAMETRIC_REPRESENTATION_CONTEXT() REPRESENTATION_CONTEXT('2D SPACE',''
  ) );
#2438 = PCURVE('',#1929,#2439);
#2439 = DEFINITIONAL_REPRESENTATION('',(#2440),#2444);
#2440 = LINE('',#2441,#2442);
#2441 = CARTESIAN_POINT('',(0.,0.));
#2442 = VECTOR('',#2443,1.);
#2443 = DIRECTION('',(1.,-3.697785493223E-32));
#2444 = ( GEOMETRIC_REPRESENTATION_CONTEXT(2) 
PARAMETRIC_REPRESENTATION_CONTEXT() REPRESENTATION_CONTEXT('2D SPACE',''
  ) );
#2445 = ORIENTED_EDGE('',*,*,#2212,.F.);
#2446 = ORIENTED_EDGE('',*,*,#1657,.F.);
#2447 = ORIENTED_EDGE('',*,*,#2448,.F.);
#2448 = EDGE_CURVE('',#2263,#1658,#2449,.T.);
#2449 = SURFACE_CURVE('',#2450,(#2454,#2461),.PCURVE_S1.);
#2450 = LINE('',#2451,#2452);
#2451 = CARTESIAN_POINT('',(-2.325,-0.430137,0.31));
#2452 = VECTOR('',#2453,1.);
#2453 = DIRECTION('',(-2.804146475864E-32,-1.,1.065228634467E-16));
#2454 = PCURVE('',#1675,#2455);
#2455 = DEFINITIONAL_REPRESENTATION('',(#2456),#2460);
#2456 = LINE('',#2457,#2458);
#2457 = CARTESIAN_POINT('',(-2.929839236056,1.143697738616));
#2458 = VECTOR('',#2459,1.);
#2459 = DIRECTION('',(-1.,-1.224606353822E-16));
#2460 = ( GEOMETRIC_REPRESENTATION_CONTEXT(2) 
PARAMETRIC_REPRESENTATION_CONTEXT() REPRESENTATION_CONTEXT('2D SPACE',''
  ) );
#2461 = PCURVE('',#512,#2462);
#2462 = DEFINITIONAL_REPRESENTATION('',(#2463),#2467);
#2463 = LINE('',#2464,#2465);
#2464 = CARTESIAN_POINT('',(3.675,0.978861317761));
#2465 = VECTOR('',#2466,1.);
#2466 = DIRECTION('',(9.031806508344E-47,1.));
#2467 = ( GEOMETRIC_REPRESENTATION_CONTEXT(2) 
PARAMETRIC_REPRESENTATION_CONTEXT() REPRESENTATION_CONTEXT('2D SPACE',''
  ) );
#2468 = ADVANCED_FACE('',(#2469),#2176,.T.);
#2469 = FACE_BOUND('',#2470,.T.);
#2470 = EDGE_LOOP('',(#2471,#2501,#2524,#2552,#2575,#2603,#2624,#2625));
#2471 = ORIENTED_EDGE('',*,*,#2472,.T.);
#2472 = EDGE_CURVE('',#2473,#2475,#2477,.T.);
#2473 = VERTEX_POINT('',#2474);
#2474 = CARTESIAN_POINT('',(-1.825,-0.125,0.31));
#2475 = VERTEX_POINT('',#2476);
#2476 = CARTESIAN_POINT('',(-1.825,-0.125,8.E-02));
#2477 = SURFACE_CURVE('',#2478,(#2482,#2489),.PCURVE_S1.);
#2478 = LINE('',#2479,#2480);
#2479 = CARTESIAN_POINT('',(-1.825,-0.125,0.841614));
#2480 = VECTOR('',#2481,1.);
#2481 = DIRECTION('',(-2.289834988289E-16,-1.065228634467E-16,-1.));
#2482 = PCURVE('',#2176,#2483);
#2483 = DEFINITIONAL_REPRESENTATION('',(#2484),#2488);
#2484 = LINE('',#2485,#2486);
#2485 = CARTESIAN_POINT('',(-0.531614,4.65));
#2486 = VECTOR('',#2487,1.);
#2487 = DIRECTION('',(1.,0.));
#2488 = ( GEOMETRIC_REPRESENTATION_CONTEXT(2) 
PARAMETRIC_REPRESENTATION_CONTEXT() REPRESENTATION_CONTEXT('2D SPACE',''
  ) );
#2489 = PCURVE('',#2490,#2495);
#2490 = PLANE('',#2491);
#2491 = AXIS2_PLACEMENT_3D('',#2492,#2493,#2494);
#2492 = CARTESIAN_POINT('',(-1.825,0.120779075398,0.170500231015));
#2493 = DIRECTION('',(1.,-5.243344273594E-32,-2.289834988289E-16));
#2494 = DIRECTION('',(5.243344273594E-32,1.,0.));
#2495 = DEFINITIONAL_REPRESENTATION('',(#2496),#2500);
#2496 = LINE('',#2497,#2498);
#2497 = CARTESIAN_POINT('',(-0.245779075398,0.671113768985));
#2498 = VECTOR('',#2499,1.);
#2499 = DIRECTION('',(-1.065228634467E-16,-1.));
#2500 = ( GEOMETRIC_REPRESENTATION_CONTEXT(2) 
PARAMETRIC_REPRESENTATION_CONTEXT() REPRESENTATION_CONTEXT('2D SPACE',''
  ) );
#2501 = ORIENTED_EDGE('',*,*,#2502,.T.);
#2502 = EDGE_CURVE('',#2475,#2503,#2505,.T.);
#2503 = VERTEX_POINT('',#2504);
#2504 = CARTESIAN_POINT('',(-1.9,-0.125,8.E-02));
#2505 = SURFACE_CURVE('',#2506,(#2510,#2517),.PCURVE_S1.);
#2506 = LINE('',#2507,#2508);
#2507 = CARTESIAN_POINT('',(-17.5,-0.125,8.E-02));
#2508 = VECTOR('',#2509,1.);
#2509 = DIRECTION('',(-1.,5.243344273594E-32,2.289834988289E-16));
#2510 = PCURVE('',#2176,#2511);
#2511 = DEFINITIONAL_REPRESENTATION('',(#2512),#2516);
#2512 = LINE('',#2513,#2514);
#2513 = CARTESIAN_POINT('',(0.23,20.325));
#2514 = VECTOR('',#2515,1.);
#2515 = DIRECTION('',(0.,1.));
#2516 = ( GEOMETRIC_REPRESENTATION_CONTEXT(2) 
PARAMETRIC_REPRESENTATION_CONTEXT() REPRESENTATION_CONTEXT('2D SPACE',''
  ) );
#2517 = PCURVE('',#593,#2518);
#2518 = DEFINITIONAL_REPRESENTATION('',(#2519),#2523);
#2519 = LINE('',#2520,#2521);
#2520 = CARTESIAN_POINT('',(8.198683773256E-31,15.6625));
#2521 = VECTOR('',#2522,1.);
#2522 = DIRECTION('',(2.080052407982E-46,1.));
#2523 = ( GEOMETRIC_REPRESENTATION_CONTEXT(2) 
PARAMETRIC_REPRESENTATION_CONTEXT() REPRESENTATION_CONTEXT('2D SPACE',''
  ) );
#2524 = ORIENTED_EDGE('',*,*,#2525,.T.);
#2525 = EDGE_CURVE('',#2503,#2526,#2528,.T.);
#2526 = VERTEX_POINT('',#2527);
#2527 = CARTESIAN_POINT('',(-1.95,-0.125,3.E-02));
#2528 = SURFACE_CURVE('',#2529,(#2533,#2540),.PCURVE_S1.);
#2529 = LINE('',#2530,#2531);
#2530 = CARTESIAN_POINT('',(-17.5,-0.125,-15.52));
#2531 = VECTOR('',#2532,1.);
#2532 = DIRECTION('',(-0.707106781187,-1.064046335705E-16,
    -0.707106781187));
#2533 = PCURVE('',#2176,#2534);
#2534 = DEFINITIONAL_REPRESENTATION('',(#2535),#2539);
#2535 = LINE('',#2536,#2537);
#2536 = CARTESIAN_POINT('',(15.83,20.325));
#2537 = VECTOR('',#2538,1.);
#2538 = DIRECTION('',(0.707106781187,0.707106781187));
#2539 = ( GEOMETRIC_REPRESENTATION_CONTEXT(2) 
PARAMETRIC_REPRESENTATION_CONTEXT() REPRESENTATION_CONTEXT('2D SPACE',''
  ) );
#2540 = PCURVE('',#2541,#2546);
#2541 = PLANE('',#2542);
#2542 = AXIS2_PLACEMENT_3D('',#2543,#2544,#2545);
#2543 = CARTESIAN_POINT('',(-1.925,-0.275,5.5E-02));
#2544 = DIRECTION('',(0.707106781187,-7.532303909457E-17,-0.707106781187
    ));
#2545 = DIRECTION('',(-0.707106781187,6.231304445401E-16,-0.707106781187
    ));
#2546 = DEFINITIONAL_REPRESENTATION('',(#2547),#2551);
#2547 = LINE('',#2548,#2549);
#2548 = CARTESIAN_POINT('',(22.026376233961,0.15));
#2549 = VECTOR('',#2550,1.);
#2550 = DIRECTION('',(1.,-7.295350781106E-16));
#2551 = ( GEOMETRIC_REPRESENTATION_CONTEXT(2) 
PARAMETRIC_REPRESENTATION_CONTEXT() REPRESENTATION_CONTEXT('2D SPACE',''
  ) );
#2552 = ORIENTED_EDGE('',*,*,#2553,.F.);
#2553 = EDGE_CURVE('',#2554,#2526,#2556,.T.);
#2554 = VERTEX_POINT('',#2555);
#2555 = CARTESIAN_POINT('',(-2.05,-0.125,3.E-02));
#2556 = SURFACE_CURVE('',#2557,(#2561,#2568),.PCURVE_S1.);
#2557 = LINE('',#2558,#2559);
#2558 = CARTESIAN_POINT('',(-17.5,-0.125,3.E-02));
#2559 = VECTOR('',#2560,1.);
#2560 = DIRECTION('',(1.,-5.243344273594E-32,-2.289834988289E-16));
#2561 = PCURVE('',#2176,#2562);
#2562 = DEFINITIONAL_REPRESENTATION('',(#2563),#2567);
#2563 = LINE('',#2564,#2565);
#2564 = CARTESIAN_POINT('',(0.28,20.325));
#2565 = VECTOR('',#2566,1.);
#2566 = DIRECTION('',(0.,-1.));
#2567 = ( GEOMETRIC_REPRESENTATION_CONTEXT(2) 
PARAMETRIC_REPRESENTATION_CONTEXT() REPRESENTATION_CONTEXT('2D SPACE',''
  ) );
#2568 = PCURVE('',#649,#2569);
#2569 = DEFINITIONAL_REPRESENTATION('',(#2570),#2574);
#2570 = LINE('',#2571,#2572);
#2571 = CARTESIAN_POINT('',(-1.552247838815E-30,-29.6025));
#2572 = VECTOR('',#2573,1.);
#2573 = DIRECTION('',(-9.031806508344E-47,-1.));
#2574 = ( GEOMETRIC_REPRESENTATION_CONTEXT(2) 
PARAMETRIC_REPRESENTATION_CONTEXT() REPRESENTATION_CONTEXT('2D SPACE',''
  ) );
#2575 = ORIENTED_EDGE('',*,*,#2576,.T.);
#2576 = EDGE_CURVE('',#2554,#2577,#2579,.T.);
#2577 = VERTEX_POINT('',#2578);
#2578 = CARTESIAN_POINT('',(-2.1,-0.125,8.E-02));
#2579 = SURFACE_CURVE('',#2580,(#2584,#2591),.PCURVE_S1.);
#2580 = LINE('',#2581,#2582);
#2581 = CARTESIAN_POINT('',(-17.5,-0.125,15.48));
#2582 = VECTOR('',#2583,1.);
#2583 = DIRECTION('',(-0.707106781187,1.064046335705E-16,0.707106781187)
  );
#2584 = PCURVE('',#2176,#2585);
#2585 = DEFINITIONAL_REPRESENTATION('',(#2586),#2590);
#2586 = LINE('',#2587,#2588);
#2587 = CARTESIAN_POINT('',(-15.17,20.325));
#2588 = VECTOR('',#2589,1.);
#2589 = DIRECTION('',(-0.707106781187,0.707106781187));
#2590 = ( GEOMETRIC_REPRESENTATION_CONTEXT(2) 
PARAMETRIC_REPRESENTATION_CONTEXT() REPRESENTATION_CONTEXT('2D SPACE',''
  ) );
#2591 = PCURVE('',#2592,#2597);
#2592 = PLANE('',#2593);
#2593 = AXIS2_PLACEMENT_3D('',#2594,#2595,#2596);
#2594 = CARTESIAN_POINT('',(-2.075,-0.275,5.5E-02));
#2595 = DIRECTION('',(-0.707106781187,-7.532303909457E-17,
    -0.707106781187));
#2596 = DIRECTION('',(0.707106781187,6.231304445401E-16,-0.707106781187)
  );
#2597 = DEFINITIONAL_REPRESENTATION('',(#2598),#2602);
#2598 = LINE('',#2599,#2600);
#2599 = CARTESIAN_POINT('',(-21.8142441996,-0.15));
#2600 = VECTOR('',#2601,1.);
#2601 = DIRECTION('',(-1.,-7.295350781106E-16));
#2602 = ( GEOMETRIC_REPRESENTATION_CONTEXT(2) 
PARAMETRIC_REPRESENTATION_CONTEXT() REPRESENTATION_CONTEXT('2D SPACE',''
  ) );
#2603 = ORIENTED_EDGE('',*,*,#2604,.T.);
#2604 = EDGE_CURVE('',#2577,#1879,#2605,.T.);
#2605 = SURFACE_CURVE('',#2606,(#2610,#2617),.PCURVE_S1.);
#2606 = LINE('',#2607,#2608);
#2607 = CARTESIAN_POINT('',(13.5,-0.125,8.E-02));
#2608 = VECTOR('',#2609,1.);
#2609 = DIRECTION('',(-1.,5.243344273594E-32,2.289834988289E-16));
#2610 = PCURVE('',#2176,#2611);
#2611 = DEFINITIONAL_REPRESENTATION('',(#2612),#2616);
#2612 = LINE('',#2613,#2614);
#2613 = CARTESIAN_POINT('',(0.23,-10.675));
#2614 = VECTOR('',#2615,1.);
#2615 = DIRECTION('',(0.,1.));
#2616 = ( GEOMETRIC_REPRESENTATION_CONTEXT(2) 
PARAMETRIC_REPRESENTATION_CONTEXT() REPRESENTATION_CONTEXT('2D SPACE',''
  ) );
#2617 = PCURVE('',#1703,#2618);
#2618 = DEFINITIONAL_REPRESENTATION('',(#2619),#2623);
#2619 = LINE('',#2620,#2621);
#2620 = CARTESIAN_POINT('',(-8.198683773256E-31,15.6625));
#2621 = VECTOR('',#2622,1.);
#2622 = DIRECTION('',(2.080052407982E-46,-1.));
#2623 = ( GEOMETRIC_REPRESENTATION_CONTEXT(2) 
PARAMETRIC_REPRESENTATION_CONTEXT() REPRESENTATION_CONTEXT('2D SPACE',''
  ) );
#2624 = ORIENTED_EDGE('',*,*,#2162,.F.);
#2625 = ORIENTED_EDGE('',*,*,#2626,.T.);
#2626 = EDGE_CURVE('',#2140,#2473,#2627,.T.);
#2627 = SURFACE_CURVE('',#2628,(#2632,#2639),.PCURVE_S1.);
#2628 = LINE('',#2629,#2630);
#2629 = CARTESIAN_POINT('',(4.5,-0.125,0.31));
#2630 = VECTOR('',#2631,1.);
#2631 = DIRECTION('',(1.,-5.243344273594E-32,-2.289834988289E-16));
#2632 = PCURVE('',#2176,#2633);
#2633 = DEFINITIONAL_REPRESENTATION('',(#2634),#2638);
#2634 = LINE('',#2635,#2636);
#2635 = CARTESIAN_POINT('',(-3.835473605385E-16,-1.675));
#2636 = VECTOR('',#2637,1.);
#2637 = DIRECTION('',(0.,-1.));
#2638 = ( GEOMETRIC_REPRESENTATION_CONTEXT(2) 
PARAMETRIC_REPRESENTATION_CONTEXT() REPRESENTATION_CONTEXT('2D SPACE',''
  ) );
#2639 = PCURVE('',#512,#2640);
#2640 = DEFINITIONAL_REPRESENTATION('',(#2641),#2645);
#2641 = LINE('',#2642,#2643);
#2642 = CARTESIAN_POINT('',(-3.15,0.673724317761));
#2643 = VECTOR('',#2644,1.);
#2644 = DIRECTION('',(-1.,-2.736911063134E-48));
#2645 = ( GEOMETRIC_REPRESENTATION_CONTEXT(2) 
PARAMETRIC_REPRESENTATION_CONTEXT() REPRESENTATION_CONTEXT('2D SPACE',''
  ) );
#2646 = ADVANCED_FACE('',(#2647),#2661,.T.);
#2647 = FACE_BOUND('',#2648,.T.);
#2648 = EDGE_LOOP('',(#2649,#2684,#2712,#2741,#2769,#2797,#2825,#2853,
    #2882,#2910,#2933));
#2649 = ORIENTED_EDGE('',*,*,#2650,.T.);
#2650 = EDGE_CURVE('',#2651,#2653,#2655,.T.);
#2651 = VERTEX_POINT('',#2652);
#2652 = CARTESIAN_POINT('',(-1.675,-0.125,8.E-02));
#2653 = VERTEX_POINT('',#2654);
#2654 = CARTESIAN_POINT('',(-1.675,-0.125,7.866077735406E-02));
#2655 = SURFACE_CURVE('',#2656,(#2660,#2672),.PCURVE_S1.);
#2656 = LINE('',#2657,#2658);
#2657 = CARTESIAN_POINT('',(-1.675,-0.125,0.841614));
#2658 = VECTOR('',#2659,1.);
#2659 = DIRECTION('',(-2.289834988289E-16,-1.065228634467E-16,-1.));
#2660 = PCURVE('',#2661,#2666);
#2661 = PLANE('',#2662);
#2662 = AXIS2_PLACEMENT_3D('',#2663,#2664,#2665);
#2663 = CARTESIAN_POINT('',(-1.675,2.499702236056,-0.833697738616));
#2664 = DIRECTION('',(1.,-5.243344273594E-32,-2.289834988289E-16));
#2665 = DIRECTION('',(-2.080052407982E-46,1.,-2.289834988289E-16));
#2666 = DEFINITIONAL_REPRESENTATION('',(#2667),#2671);
#2667 = LINE('',#2668,#2669);
#2668 = CARTESIAN_POINT('',(-2.624702236056,1.675311738616));
#2669 = VECTOR('',#2670,1.);
#2670 = DIRECTION('',(1.224606353822E-16,-1.));
#2671 = ( GEOMETRIC_REPRESENTATION_CONTEXT(2) 
PARAMETRIC_REPRESENTATION_CONTEXT() REPRESENTATION_CONTEXT('2D SPACE',''
  ) );
#2672 = PCURVE('',#2673,#2678);
#2673 = PLANE('',#2674);
#2674 = AXIS2_PLACEMENT_3D('',#2675,#2676,#2677);
#2675 = CARTESIAN_POINT('',(-1.675,-0.125,7.866077735406E-02));
#2676 = DIRECTION('',(2.804146475864E-32,1.,-1.065228634467E-16));
#2677 = DIRECTION('',(-2.289834988289E-16,-1.065228634467E-16,-1.));
#2678 = DEFINITIONAL_REPRESENTATION('',(#2679),#2683);
#2679 = LINE('',#2680,#2681);
#2680 = CARTESIAN_POINT('',(-0.762953222646,1.747036983643E-16));
#2681 = VECTOR('',#2682,1.);
#2682 = DIRECTION('',(1.,0.));
#2683 = ( GEOMETRIC_REPRESENTATION_CONTEXT(2) 
PARAMETRIC_REPRESENTATION_CONTEXT() REPRESENTATION_CONTEXT('2D SPACE',''
  ) );
#2684 = ORIENTED_EDGE('',*,*,#2685,.F.);
#2685 = EDGE_CURVE('',#2686,#2653,#2688,.T.);
#2686 = VERTEX_POINT('',#2687);
#2687 = CARTESIAN_POINT('',(-1.675,-0.181813366389,6.541154699934E-02));
#2688 = SURFACE_CURVE('',#2689,(#2693,#2700),.PCURVE_S1.);
#2689 = LINE('',#2690,#2691);
#2690 = CARTESIAN_POINT('',(-1.675,-0.430137,7.500931358166E-03));
#2691 = VECTOR('',#2692,1.);
#2692 = DIRECTION('',(5.200494915182E-17,0.973868596229,0.227112212966)
  );
#2693 = PCURVE('',#2661,#2694);
#2694 = DEFINITIONAL_REPRESENTATION('',(#2695),#2699);
#2695 = LINE('',#2696,#2697);
#2696 = CARTESIAN_POINT('',(-2.929839236056,0.841198669974));
#2697 = VECTOR('',#2698,1.);
#2698 = DIRECTION('',(0.973868596229,0.227112212966));
#2699 = ( GEOMETRIC_REPRESENTATION_CONTEXT(2) 
PARAMETRIC_REPRESENTATION_CONTEXT() REPRESENTATION_CONTEXT('2D SPACE',''
  ) );
#2700 = PCURVE('',#2701,#2706);
#2701 = PLANE('',#2702);
#2702 = AXIS2_PLACEMENT_3D('',#2703,#2704,#2705);
#2703 = CARTESIAN_POINT('',(-1.825,-0.181813366389,6.541154699934E-02));
#2704 = DIRECTION('',(2.229998385642E-16,-0.227112212966,0.973868596229)
  );
#2705 = DIRECTION('',(5.200494915182E-17,0.973868596229,0.227112212966)
  );
#2706 = DEFINITIONAL_REPRESENTATION('',(#2707),#2711);
#2707 = LINE('',#2708,#2709);
#2708 = CARTESIAN_POINT('',(-0.254986796548,-0.15));
#2709 = VECTOR('',#2710,1.);
#2710 = DIRECTION('',(1.,-3.697785493223E-32));
#2711 = ( GEOMETRIC_REPRESENTATION_CONTEXT(2) 
PARAMETRIC_REPRESENTATION_CONTEXT() REPRESENTATION_CONTEXT('2D SPACE',''
  ) );
#2712 = ORIENTED_EDGE('',*,*,#2713,.T.);
#2713 = EDGE_CURVE('',#2686,#2714,#2716,.T.);
#2714 = VERTEX_POINT('',#2715);
#2715 = CARTESIAN_POINT('',(-1.675,-0.205,3.619548911246E-02));
#2716 = SURFACE_CURVE('',#2717,(#2722,#2729),.PCURVE_S1.);
#2717 = CIRCLE('',#2718,3.E-02);
#2718 = AXIS2_PLACEMENT_3D('',#2719,#2720,#2721);
#2719 = CARTESIAN_POINT('',(-1.675,-0.175,3.619548911246E-02));
#2720 = DIRECTION('',(1.,-5.243344273594E-32,-2.289834988289E-16));
#2721 = DIRECTION('',(-2.080052407982E-46,1.,-2.289834988289E-16));
#2722 = PCURVE('',#2661,#2723);
#2723 = DEFINITIONAL_REPRESENTATION('',(#2724),#2728);
#2724 = CIRCLE('',#2725,3.E-02);
#2725 = AXIS2_PLACEMENT_2D('',#2726,#2727);
#2726 = CARTESIAN_POINT('',(-2.674702236056,0.869893227728));
#2727 = DIRECTION('',(1.,0.));
#2728 = ( GEOMETRIC_REPRESENTATION_CONTEXT(2) 
PARAMETRIC_REPRESENTATION_CONTEXT() REPRESENTATION_CONTEXT('2D SPACE',''
  ) );
#2729 = PCURVE('',#2730,#2735);
#2730 = CYLINDRICAL_SURFACE('',#2731,3.E-02);
#2731 = AXIS2_PLACEMENT_3D('',#2732,#2733,#2734);
#2732 = CARTESIAN_POINT('',(-1.825,-0.175,3.619548911246E-02));
#2733 = DIRECTION('',(1.,-5.243344273594E-32,-2.289834988289E-16));
#2734 = DIRECTION('',(-2.080052407982E-46,1.,-2.289834988289E-16));
#2735 = DEFINITIONAL_REPRESENTATION('',(#2736),#2740);
#2736 = LINE('',#2737,#2738);
#2737 = CARTESIAN_POINT('',(-8.881784197001E-16,0.15));
#2738 = VECTOR('',#2739,1.);
#2739 = DIRECTION('',(1.,0.));
#2740 = ( GEOMETRIC_REPRESENTATION_CONTEXT(2) 
PARAMETRIC_REPRESENTATION_CONTEXT() REPRESENTATION_CONTEXT('2D SPACE',''
  ) );
#2741 = ORIENTED_EDGE('',*,*,#2742,.F.);
#2742 = EDGE_CURVE('',#2743,#2714,#2745,.T.);
#2743 = VERTEX_POINT('',#2744);
#2744 = CARTESIAN_POINT('',(-1.675,-0.205,-4.440892098501E-16));
#2745 = SURFACE_CURVE('',#2746,(#2750,#2757),.PCURVE_S1.);
#2746 = LINE('',#2747,#2748);
#2747 = CARTESIAN_POINT('',(-1.675,-0.205,0.841614));
#2748 = VECTOR('',#2749,1.);
#2749 = DIRECTION('',(2.289834988289E-16,2.289834988289E-16,1.));
#2750 = PCURVE('',#2661,#2751);
#2751 = DEFINITIONAL_REPRESENTATION('',(#2752),#2756);
#2752 = LINE('',#2753,#2754);
#2753 = CARTESIAN_POINT('',(-2.704702236056,1.675311738616));
#2754 = VECTOR('',#2755,1.);
#2755 = DIRECTION('',(0.,1.));
#2756 = ( GEOMETRIC_REPRESENTATION_CONTEXT(2) 
PARAMETRIC_REPRESENTATION_CONTEXT() REPRESENTATION_CONTEXT('2D SPACE',''
  ) );
#2757 = PCURVE('',#2758,#2763);
#2758 = PLANE('',#2759);
#2759 = AXIS2_PLACEMENT_3D('',#2760,#2761,#2762);
#2760 = CARTESIAN_POINT('',(-1.825,-0.205,-4.440892098501E-16));
#2761 = DIRECTION('',(0.,-1.,2.289834988289E-16));
#2762 = DIRECTION('',(2.289834988289E-16,2.289834988289E-16,1.));
#2763 = DEFINITIONAL_REPRESENTATION('',(#2764),#2768);
#2764 = LINE('',#2765,#2766);
#2765 = CARTESIAN_POINT('',(0.841614,-0.15));
#2766 = VECTOR('',#2767,1.);
#2767 = DIRECTION('',(1.,0.));
#2768 = ( GEOMETRIC_REPRESENTATION_CONTEXT(2) 
PARAMETRIC_REPRESENTATION_CONTEXT() REPRESENTATION_CONTEXT('2D SPACE',''
  ) );
#2769 = ORIENTED_EDGE('',*,*,#2770,.F.);
#2770 = EDGE_CURVE('',#2771,#2743,#2773,.T.);
#2771 = VERTEX_POINT('',#2772);
#2772 = CARTESIAN_POINT('',(-1.675,0.125,-5.551115123126E-16));
#2773 = SURFACE_CURVE('',#2774,(#2778,#2785),.PCURVE_S1.);
#2774 = LINE('',#2775,#2776);
#2775 = CARTESIAN_POINT('',(-1.675,-0.430137,-4.440892098501E-16));
#2776 = VECTOR('',#2777,1.);
#2777 = DIRECTION('',(0.,-1.,2.289834988289E-16));
#2778 = PCURVE('',#2661,#2779);
#2779 = DEFINITIONAL_REPRESENTATION('',(#2780),#2784);
#2780 = LINE('',#2781,#2782);
#2781 = CARTESIAN_POINT('',(-2.929839236056,0.833697738616));
#2782 = VECTOR('',#2783,1.);
#2783 = DIRECTION('',(-1.,0.));
#2784 = ( GEOMETRIC_REPRESENTATION_CONTEXT(2) 
PARAMETRIC_REPRESENTATION_CONTEXT() REPRESENTATION_CONTEXT('2D SPACE',''
  ) );
#2785 = PCURVE('',#2786,#2791);
#2786 = PLANE('',#2787);
#2787 = AXIS2_PLACEMENT_3D('',#2788,#2789,#2790);
#2788 = CARTESIAN_POINT('',(-1.825,0.125,-5.551115123126E-16));
#2789 = DIRECTION('',(-2.289834988289E-16,-2.289834988289E-16,-1.));
#2790 = DIRECTION('',(0.,-1.,2.289834988289E-16));
#2791 = DEFINITIONAL_REPRESENTATION('',(#2792),#2796);
#2792 = LINE('',#2793,#2794);
#2793 = CARTESIAN_POINT('',(0.555137,-0.15));
#2794 = VECTOR('',#2795,1.);
#2795 = DIRECTION('',(1.,0.));
#2796 = ( GEOMETRIC_REPRESENTATION_CONTEXT(2) 
PARAMETRIC_REPRESENTATION_CONTEXT() REPRESENTATION_CONTEXT('2D SPACE',''
  ) );
#2797 = ORIENTED_EDGE('',*,*,#2798,.F.);
#2798 = EDGE_CURVE('',#2799,#2771,#2801,.T.);
#2799 = VERTEX_POINT('',#2800);
#2800 = CARTESIAN_POINT('',(-1.675,0.175,5.E-02));
#2801 = SURFACE_CURVE('',#2802,(#2806,#2813),.PCURVE_S1.);
#2802 = LINE('',#2803,#2804);
#2803 = CARTESIAN_POINT('',(-1.675,-0.430137,-0.555137));
#2804 = VECTOR('',#2805,1.);
#2805 = DIRECTION('',(-1.619157848018E-16,-0.707106781187,
    -0.707106781186));
#2806 = PCURVE('',#2661,#2807);
#2807 = DEFINITIONAL_REPRESENTATION('',(#2808),#2812);
#2808 = LINE('',#2809,#2810);
#2809 = CARTESIAN_POINT('',(-2.929839236056,0.278560738616));
#2810 = VECTOR('',#2811,1.);
#2811 = DIRECTION('',(-0.707106781187,-0.707106781186));
#2812 = ( GEOMETRIC_REPRESENTATION_CONTEXT(2) 
PARAMETRIC_REPRESENTATION_CONTEXT() REPRESENTATION_CONTEXT('2D SPACE',''
  ) );
#2813 = PCURVE('',#2814,#2819);
#2814 = PLANE('',#2815);
#2815 = AXIS2_PLACEMENT_3D('',#2816,#2817,#2818);
#2816 = CARTESIAN_POINT('',(-1.825,0.175,5.E-02));
#2817 = DIRECTION('',(-1.619157848018E-16,0.707106781186,-0.707106781187
    ));
#2818 = DIRECTION('',(-1.619157848018E-16,-0.707106781187,
    -0.707106781186));
#2819 = DEFINITIONAL_REPRESENTATION('',(#2820),#2824);
#2820 = LINE('',#2821,#2822);
#2821 = CARTESIAN_POINT('',(0.855792952494,-0.15));
#2822 = VECTOR('',#2823,1.);
#2823 = DIRECTION('',(1.,-7.395570986447E-32));
#2824 = ( GEOMETRIC_REPRESENTATION_CONTEXT(2) 
PARAMETRIC_REPRESENTATION_CONTEXT() REPRESENTATION_CONTEXT('2D SPACE',''
  ) );
#2825 = ORIENTED_EDGE('',*,*,#2826,.F.);
#2826 = EDGE_CURVE('',#2827,#2799,#2829,.T.);
#2827 = VERTEX_POINT('',#2828);
#2828 = CARTESIAN_POINT('',(-1.675,0.175,0.11));
#2829 = SURFACE_CURVE('',#2830,(#2834,#2841),.PCURVE_S1.);
#2830 = LINE('',#2831,#2832);
#2831 = CARTESIAN_POINT('',(-1.675,0.175,0.841614));
#2832 = VECTOR('',#2833,1.);
#2833 = DIRECTION('',(-2.289834988289E-16,-2.289834988289E-16,-1.));
#2834 = PCURVE('',#2661,#2835);
#2835 = DEFINITIONAL_REPRESENTATION('',(#2836),#2840);
#2836 = LINE('',#2837,#2838);
#2837 = CARTESIAN_POINT('',(-2.324702236056,1.675311738616));
#2838 = VECTOR('',#2839,1.);
#2839 = DIRECTION('',(0.,-1.));
#2840 = ( GEOMETRIC_REPRESENTATION_CONTEXT(2) 
PARAMETRIC_REPRESENTATION_CONTEXT() REPRESENTATION_CONTEXT('2D SPACE',''
  ) );
#2841 = PCURVE('',#2842,#2847);
#2842 = PLANE('',#2843);
#2843 = AXIS2_PLACEMENT_3D('',#2844,#2845,#2846);
#2844 = CARTESIAN_POINT('',(-1.825,0.175,0.11));
#2845 = DIRECTION('',(0.,1.,-2.289834988289E-16));
#2846 = DIRECTION('',(-2.289834988289E-16,-2.289834988289E-16,-1.));
#2847 = DEFINITIONAL_REPRESENTATION('',(#2848),#2852);
#2848 = LINE('',#2849,#2850);
#2849 = CARTESIAN_POINT('',(-0.731614,-0.15));
#2850 = VECTOR('',#2851,1.);
#2851 = DIRECTION('',(1.,0.));
#2852 = ( GEOMETRIC_REPRESENTATION_CONTEXT(2) 
PARAMETRIC_REPRESENTATION_CONTEXT() REPRESENTATION_CONTEXT('2D SPACE',''
  ) );
#2853 = ORIENTED_EDGE('',*,*,#2854,.F.);
#2854 = EDGE_CURVE('',#2855,#2827,#2857,.T.);
#2855 = VERTEX_POINT('',#2856);
#2856 = CARTESIAN_POINT('',(-1.675,0.225,0.16));
#2857 = SURFACE_CURVE('',#2858,(#2863,#2870),.PCURVE_S1.);
#2858 = CIRCLE('',#2859,5.E-02);
#2859 = AXIS2_PLACEMENT_3D('',#2860,#2861,#2862);
#2860 = CARTESIAN_POINT('',(-1.675,0.225,0.11));
#2861 = DIRECTION('',(1.,-5.243344273594E-32,-2.289834988289E-16));
#2862 = DIRECTION('',(-2.080052407982E-46,1.,-2.289834988289E-16));
#2863 = PCURVE('',#2661,#2864);
#2864 = DEFINITIONAL_REPRESENTATION('',(#2865),#2869);
#2865 = CIRCLE('',#2866,5.E-02);
#2866 = AXIS2_PLACEMENT_2D('',#2867,#2868);
#2867 = CARTESIAN_POINT('',(-2.274702236056,0.943697738616));
#2868 = DIRECTION('',(1.,0.));
#2869 = ( GEOMETRIC_REPRESENTATION_CONTEXT(2) 
PARAMETRIC_REPRESENTATION_CONTEXT() REPRESENTATION_CONTEXT('2D SPACE',''
  ) );
#2870 = PCURVE('',#2871,#2876);
#2871 = CYLINDRICAL_SURFACE('',#2872,5.E-02);
#2872 = AXIS2_PLACEMENT_3D('',#2873,#2874,#2875);
#2873 = CARTESIAN_POINT('',(-1.825,0.225,0.11));
#2874 = DIRECTION('',(1.,-5.243344273594E-32,-2.289834988289E-16));
#2875 = DIRECTION('',(-2.080052407982E-46,1.,-2.289834988289E-16));
#2876 = DEFINITIONAL_REPRESENTATION('',(#2877),#2881);
#2877 = LINE('',#2878,#2879);
#2878 = CARTESIAN_POINT('',(-2.22044604925E-16,0.15));
#2879 = VECTOR('',#2880,1.);
#2880 = DIRECTION('',(1.,0.));
#2881 = ( GEOMETRIC_REPRESENTATION_CONTEXT(2) 
PARAMETRIC_REPRESENTATION_CONTEXT() REPRESENTATION_CONTEXT('2D SPACE',''
  ) );
#2882 = ORIENTED_EDGE('',*,*,#2883,.F.);
#2883 = EDGE_CURVE('',#2884,#2855,#2886,.T.);
#2884 = VERTEX_POINT('',#2885);
#2885 = CARTESIAN_POINT('',(-1.675,0.225,0.31));
#2886 = SURFACE_CURVE('',#2887,(#2891,#2898),.PCURVE_S1.);
#2887 = LINE('',#2888,#2889);
#2888 = CARTESIAN_POINT('',(-1.675,0.225,0.841614));
#2889 = VECTOR('',#2890,1.);
#2890 = DIRECTION('',(-2.289834988289E-16,-2.289834988289E-16,-1.));
#2891 = PCURVE('',#2661,#2892);
#2892 = DEFINITIONAL_REPRESENTATION('',(#2893),#2897);
#2893 = LINE('',#2894,#2895);
#2894 = CARTESIAN_POINT('',(-2.274702236056,1.675311738616));
#2895 = VECTOR('',#2896,1.);
#2896 = DIRECTION('',(0.,-1.));
#2897 = ( GEOMETRIC_REPRESENTATION_CONTEXT(2) 
PARAMETRIC_REPRESENTATION_CONTEXT() REPRESENTATION_CONTEXT('2D SPACE',''
  ) );
#2898 = PCURVE('',#2899,#2904);
#2899 = PLANE('',#2900);
#2900 = AXIS2_PLACEMENT_3D('',#2901,#2902,#2903);
#2901 = CARTESIAN_POINT('',(-1.825,0.225,0.31));
#2902 = DIRECTION('',(0.,1.,-2.289834988289E-16));
#2903 = DIRECTION('',(-2.289834988289E-16,-2.289834988289E-16,-1.));
#2904 = DEFINITIONAL_REPRESENTATION('',(#2905),#2909);
#2905 = LINE('',#2906,#2907);
#2906 = CARTESIAN_POINT('',(-0.531614,-0.15));
#2907 = VECTOR('',#2908,1.);
#2908 = DIRECTION('',(1.,0.));
#2909 = ( GEOMETRIC_REPRESENTATION_CONTEXT(2) 
PARAMETRIC_REPRESENTATION_CONTEXT() REPRESENTATION_CONTEXT('2D SPACE',''
  ) );
#2910 = ORIENTED_EDGE('',*,*,#2911,.T.);
#2911 = EDGE_CURVE('',#2884,#2912,#2914,.T.);
#2912 = VERTEX_POINT('',#2913);
#2913 = CARTESIAN_POINT('',(-1.675,-0.125,0.31));
#2914 = SURFACE_CURVE('',#2915,(#2919,#2926),.PCURVE_S1.);
#2915 = LINE('',#2916,#2917);
#2916 = CARTESIAN_POINT('',(-1.675,-0.430137,0.31));
#2917 = VECTOR('',#2918,1.);
#2918 = DIRECTION('',(-2.804146475864E-32,-1.,1.065228634467E-16));
#2919 = PCURVE('',#2661,#2920);
#2920 = DEFINITIONAL_REPRESENTATION('',(#2921),#2925);
#2921 = LINE('',#2922,#2923);
#2922 = CARTESIAN_POINT('',(-2.929839236056,1.143697738616));
#2923 = VECTOR('',#2924,1.);
#2924 = DIRECTION('',(-1.,-1.224606353822E-16));
#2925 = ( GEOMETRIC_REPRESENTATION_CONTEXT(2) 
PARAMETRIC_REPRESENTATION_CONTEXT() REPRESENTATION_CONTEXT('2D SPACE',''
  ) );
#2926 = PCURVE('',#512,#2927);
#2927 = DEFINITIONAL_REPRESENTATION('',(#2928),#2932);
#2928 = LINE('',#2929,#2930);
#2929 = CARTESIAN_POINT('',(3.025,0.978861317761));
#2930 = VECTOR('',#2931,1.);
#2931 = DIRECTION('',(9.031806508344E-47,1.));
#2932 = ( GEOMETRIC_REPRESENTATION_CONTEXT(2) 
PARAMETRIC_REPRESENTATION_CONTEXT() REPRESENTATION_CONTEXT('2D SPACE',''
  ) );
#2933 = ORIENTED_EDGE('',*,*,#2934,.F.);
#2934 = EDGE_CURVE('',#2651,#2912,#2935,.T.);
#2935 = SURFACE_CURVE('',#2936,(#2940,#2947),.PCURVE_S1.);
#2936 = LINE('',#2937,#2938);
#2937 = CARTESIAN_POINT('',(-1.675,-0.125,0.841614));
#2938 = VECTOR('',#2939,1.);
#2939 = DIRECTION('',(2.289834988289E-16,1.065228634467E-16,1.));
#2940 = PCURVE('',#2661,#2941);
#2941 = DEFINITIONAL_REPRESENTATION('',(#2942),#2946);
#2942 = LINE('',#2943,#2944);
#2943 = CARTESIAN_POINT('',(-2.624702236056,1.675311738616));
#2944 = VECTOR('',#2945,1.);
#2945 = DIRECTION('',(-1.224606353822E-16,1.));
#2946 = ( GEOMETRIC_REPRESENTATION_CONTEXT(2) 
PARAMETRIC_REPRESENTATION_CONTEXT() REPRESENTATION_CONTEXT('2D SPACE',''
  ) );
#2947 = PCURVE('',#621,#2948);
#2948 = DEFINITIONAL_REPRESENTATION('',(#2949),#2953);
#2949 = LINE('',#2950,#2951);
#2950 = CARTESIAN_POINT('',(-0.531614,4.));
#2951 = VECTOR('',#2952,1.);
#2952 = DIRECTION('',(-1.,0.));
#2953 = ( GEOMETRIC_REPRESENTATION_CONTEXT(2) 
PARAMETRIC_REPRESENTATION_CONTEXT() REPRESENTATION_CONTEXT('2D SPACE',''
  ) );
#2954 = ADVANCED_FACE('',(#2955),#2899,.T.);
#2955 = FACE_BOUND('',#2956,.T.);
#2956 = EDGE_LOOP('',(#2957,#2980,#2981,#3004));
#2957 = ORIENTED_EDGE('',*,*,#2958,.T.);
#2958 = EDGE_CURVE('',#2959,#2884,#2961,.T.);
#2959 = VERTEX_POINT('',#2960);
#2960 = CARTESIAN_POINT('',(-1.825,0.225,0.31));
#2961 = SURFACE_CURVE('',#2962,(#2966,#2973),.PCURVE_S1.);
#2962 = LINE('',#2963,#2964);
#2963 = CARTESIAN_POINT('',(1.,0.225,0.31));
#2964 = VECTOR('',#2965,1.);
#2965 = DIRECTION('',(1.,-5.243344273594E-32,-2.289834988289E-16));
#2966 = PCURVE('',#2899,#2967);
#2967 = DEFINITIONAL_REPRESENTATION('',(#2968),#2972);
#2968 = LINE('',#2969,#2970);
#2969 = CARTESIAN_POINT('',(2.350723782296E-15,-2.825));
#2970 = VECTOR('',#2971,1.);
#2971 = DIRECTION('',(0.,-1.));
#2972 = ( GEOMETRIC_REPRESENTATION_CONTEXT(2) 
PARAMETRIC_REPRESENTATION_CONTEXT() REPRESENTATION_CONTEXT('2D SPACE',''
  ) );
#2973 = PCURVE('',#512,#2974);
#2974 = DEFINITIONAL_REPRESENTATION('',(#2975),#2979);
#2975 = LINE('',#2976,#2977);
#2976 = CARTESIAN_POINT('',(0.35,0.323724317761));
#2977 = VECTOR('',#2978,1.);
#2978 = DIRECTION('',(-1.,-2.736911063134E-48));
#2979 = ( GEOMETRIC_REPRESENTATION_CONTEXT(2) 
PARAMETRIC_REPRESENTATION_CONTEXT() REPRESENTATION_CONTEXT('2D SPACE',''
  ) );
#2980 = ORIENTED_EDGE('',*,*,#2883,.T.);
#2981 = ORIENTED_EDGE('',*,*,#2982,.F.);
#2982 = EDGE_CURVE('',#2983,#2855,#2985,.T.);
#2983 = VERTEX_POINT('',#2984);
#2984 = CARTESIAN_POINT('',(-1.825,0.225,0.16));
#2985 = SURFACE_CURVE('',#2986,(#2990,#2997),.PCURVE_S1.);
#2986 = LINE('',#2987,#2988);
#2987 = CARTESIAN_POINT('',(-1.825,0.225,0.16));
#2988 = VECTOR('',#2989,1.);
#2989 = DIRECTION('',(1.,-5.243344273594E-32,-2.289834988289E-16));
#2990 = PCURVE('',#2899,#2991);
#2991 = DEFINITIONAL_REPRESENTATION('',(#2992),#2996);
#2992 = LINE('',#2993,#2994);
#2993 = CARTESIAN_POINT('',(0.15,-3.434752482434E-17));
#2994 = VECTOR('',#2995,1.);
#2995 = DIRECTION('',(0.,-1.));
#2996 = ( GEOMETRIC_REPRESENTATION_CONTEXT(2) 
PARAMETRIC_REPRESENTATION_CONTEXT() REPRESENTATION_CONTEXT('2D SPACE',''
  ) );
#2997 = PCURVE('',#2871,#2998);
#2998 = DEFINITIONAL_REPRESENTATION('',(#2999),#3003);
#2999 = LINE('',#3000,#3001);
#3000 = CARTESIAN_POINT('',(1.570796326795,0.));
#3001 = VECTOR('',#3002,1.);
#3002 = DIRECTION('',(0.,1.));
#3003 = ( GEOMETRIC_REPRESENTATION_CONTEXT(2) 
PARAMETRIC_REPRESENTATION_CONTEXT() REPRESENTATION_CONTEXT('2D SPACE',''
  ) );
#3004 = ORIENTED_EDGE('',*,*,#3005,.T.);
#3005 = EDGE_CURVE('',#2983,#2959,#3006,.T.);
#3006 = SURFACE_CURVE('',#3007,(#3011,#3018),.PCURVE_S1.);
#3007 = LINE('',#3008,#3009);
#3008 = CARTESIAN_POINT('',(-1.825,0.225,0.31));
#3009 = VECTOR('',#3010,1.);
#3010 = DIRECTION('',(2.289834988289E-16,2.289834988289E-16,1.));
#3011 = PCURVE('',#2899,#3012);
#3012 = DEFINITIONAL_REPRESENTATION('',(#3013),#3017);
#3013 = LINE('',#3014,#3015);
#3014 = CARTESIAN_POINT('',(-0.,0.));
#3015 = VECTOR('',#3016,1.);
#3016 = DIRECTION('',(-1.,0.));
#3017 = ( GEOMETRIC_REPRESENTATION_CONTEXT(2) 
PARAMETRIC_REPRESENTATION_CONTEXT() REPRESENTATION_CONTEXT('2D SPACE',''
  ) );
#3018 = PCURVE('',#2490,#3019);
#3019 = DEFINITIONAL_REPRESENTATION('',(#3020),#3024);
#3020 = LINE('',#3021,#3022);
#3021 = CARTESIAN_POINT('',(0.104220924602,0.139499768985));
#3022 = VECTOR('',#3023,1.);
#3023 = DIRECTION('',(2.289834988289E-16,1.));
#3024 = ( GEOMETRIC_REPRESENTATION_CONTEXT(2) 
PARAMETRIC_REPRESENTATION_CONTEXT() REPRESENTATION_CONTEXT('2D SPACE',''
  ) );
#3025 = ADVANCED_FACE('',(#3026),#2673,.F.);
#3026 = FACE_BOUND('',#3027,.T.);
#3027 = EDGE_LOOP('',(#3028,#3049,#3072,#3093));
#3028 = ORIENTED_EDGE('',*,*,#3029,.F.);
#3029 = EDGE_CURVE('',#2475,#2651,#3030,.T.);
#3030 = SURFACE_CURVE('',#3031,(#3035,#3042),.PCURVE_S1.);
#3031 = LINE('',#3032,#3033);
#3032 = CARTESIAN_POINT('',(4.5,-0.125,8.E-02));
#3033 = VECTOR('',#3034,1.);
#3034 = DIRECTION('',(1.,-5.243344273594E-32,-2.289834988289E-16));
#3035 = PCURVE('',#2673,#3036);
#3036 = DEFINITIONAL_REPRESENTATION('',(#3037),#3041);
#3037 = LINE('',#3038,#3039);
#3038 = CARTESIAN_POINT('',(-1.339222645935E-03,-6.175));
#3039 = VECTOR('',#3040,1.);
#3040 = DIRECTION('',(0.,-1.));
#3041 = ( GEOMETRIC_REPRESENTATION_CONTEXT(2) 
PARAMETRIC_REPRESENTATION_CONTEXT() REPRESENTATION_CONTEXT('2D SPACE',''
  ) );
#3042 = PCURVE('',#593,#3043);
#3043 = DEFINITIONAL_REPRESENTATION('',(#3044),#3048);
#3044 = LINE('',#3045,#3046);
#3045 = CARTESIAN_POINT('',(-3.336673628651E-31,-6.3375));
#3046 = VECTOR('',#3047,1.);
#3047 = DIRECTION('',(-2.080052407982E-46,-1.));
#3048 = ( GEOMETRIC_REPRESENTATION_CONTEXT(2) 
PARAMETRIC_REPRESENTATION_CONTEXT() REPRESENTATION_CONTEXT('2D SPACE',''
  ) );
#3049 = ORIENTED_EDGE('',*,*,#3050,.T.);
#3050 = EDGE_CURVE('',#2475,#3051,#3053,.T.);
#3051 = VERTEX_POINT('',#3052);
#3052 = CARTESIAN_POINT('',(-1.825,-0.125,7.866077735406E-02));
#3053 = SURFACE_CURVE('',#3054,(#3058,#3065),.PCURVE_S1.);
#3054 = LINE('',#3055,#3056);
#3055 = CARTESIAN_POINT('',(-1.825,-0.125,0.841614));
#3056 = VECTOR('',#3057,1.);
#3057 = DIRECTION('',(-2.289834988289E-16,-1.065228634467E-16,-1.));
#3058 = PCURVE('',#2673,#3059);
#3059 = DEFINITIONAL_REPRESENTATION('',(#3060),#3064);
#3060 = LINE('',#3061,#3062);
#3061 = CARTESIAN_POINT('',(-0.762953222646,0.15));
#3062 = VECTOR('',#3063,1.);
#3063 = DIRECTION('',(1.,0.));
#3064 = ( GEOMETRIC_REPRESENTATION_CONTEXT(2) 
PARAMETRIC_REPRESENTATION_CONTEXT() REPRESENTATION_CONTEXT('2D SPACE',''
  ) );
#3065 = PCURVE('',#2490,#3066);
#3066 = DEFINITIONAL_REPRESENTATION('',(#3067),#3071);
#3067 = LINE('',#3068,#3069);
#3068 = CARTESIAN_POINT('',(-0.245779075398,0.671113768985));
#3069 = VECTOR('',#3070,1.);
#3070 = DIRECTION('',(-1.065228634467E-16,-1.));
#3071 = ( GEOMETRIC_REPRESENTATION_CONTEXT(2) 
PARAMETRIC_REPRESENTATION_CONTEXT() REPRESENTATION_CONTEXT('2D SPACE',''
  ) );
#3072 = ORIENTED_EDGE('',*,*,#3073,.F.);
#3073 = EDGE_CURVE('',#2653,#3051,#3074,.T.);
#3074 = SURFACE_CURVE('',#3075,(#3079,#3086),.PCURVE_S1.);
#3075 = LINE('',#3076,#3077);
#3076 = CARTESIAN_POINT('',(4.5,-0.125,7.866077735406E-02));
#3077 = VECTOR('',#3078,1.);
#3078 = DIRECTION('',(-1.,5.243344273594E-32,2.289834988289E-16));
#3079 = PCURVE('',#2673,#3080);
#3080 = DEFINITIONAL_REPRESENTATION('',(#3081),#3085);
#3081 = LINE('',#3082,#3083);
#3082 = CARTESIAN_POINT('',(-1.094610513341E-16,-6.175));
#3083 = VECTOR('',#3084,1.);
#3084 = DIRECTION('',(0.,1.));
#3085 = ( GEOMETRIC_REPRESENTATION_CONTEXT(2) 
PARAMETRIC_REPRESENTATION_CONTEXT() REPRESENTATION_CONTEXT('2D SPACE',''
  ) );
#3086 = PCURVE('',#2701,#3087);
#3087 = DEFINITIONAL_REPRESENTATION('',(#3088),#3092);
#3088 = LINE('',#3089,#3090);
#3089 = CARTESIAN_POINT('',(5.833781539828E-02,-6.325));
#3090 = VECTOR('',#3091,1.);
#3091 = DIRECTION('',(9.244463733059E-32,1.));
#3092 = ( GEOMETRIC_REPRESENTATION_CONTEXT(2) 
PARAMETRIC_REPRESENTATION_CONTEXT() REPRESENTATION_CONTEXT('2D SPACE',''
  ) );
#3093 = ORIENTED_EDGE('',*,*,#2650,.F.);
#3094 = ADVANCED_FACE('',(#3095),#2490,.F.);
#3095 = FACE_BOUND('',#3096,.T.);
#3096 = EDGE_LOOP('',(#3097,#3098,#3119,#3120,#3144,#3167,#3190,#3213,
    #3236,#3260,#3281));
#3097 = ORIENTED_EDGE('',*,*,#2472,.F.);
#3098 = ORIENTED_EDGE('',*,*,#3099,.F.);
#3099 = EDGE_CURVE('',#2959,#2473,#3100,.T.);
#3100 = SURFACE_CURVE('',#3101,(#3105,#3112),.PCURVE_S1.);
#3101 = LINE('',#3102,#3103);
#3102 = CARTESIAN_POINT('',(-1.825,-0.430137,0.31));
#3103 = VECTOR('',#3104,1.);
#3104 = DIRECTION('',(-2.804146475864E-32,-1.,1.065228634467E-16));
#3105 = PCURVE('',#2490,#3106);
#3106 = DEFINITIONAL_REPRESENTATION('',(#3107),#3111);
#3107 = LINE('',#3108,#3109);
#3108 = CARTESIAN_POINT('',(-0.550916075398,0.139499768985));
#3109 = VECTOR('',#3110,1.);
#3110 = DIRECTION('',(-1.,1.065228634467E-16));
#3111 = ( GEOMETRIC_REPRESENTATION_CONTEXT(2) 
PARAMETRIC_REPRESENTATION_CONTEXT() REPRESENTATION_CONTEXT('2D SPACE',''
  ) );
#3112 = PCURVE('',#512,#3113);
#3113 = DEFINITIONAL_REPRESENTATION('',(#3114),#3118);
#3114 = LINE('',#3115,#3116);
#3115 = CARTESIAN_POINT('',(3.175,0.978861317761));
#3116 = VECTOR('',#3117,1.);
#3117 = DIRECTION('',(9.031806508344E-47,1.));
#3118 = ( GEOMETRIC_REPRESENTATION_CONTEXT(2) 
PARAMETRIC_REPRESENTATION_CONTEXT() REPRESENTATION_CONTEXT('2D SPACE',''
  ) );
#3119 = ORIENTED_EDGE('',*,*,#3005,.F.);
#3120 = ORIENTED_EDGE('',*,*,#3121,.T.);
#3121 = EDGE_CURVE('',#2983,#3122,#3124,.T.);
#3122 = VERTEX_POINT('',#3123);
#3123 = CARTESIAN_POINT('',(-1.825,0.175,0.11));
#3124 = SURFACE_CURVE('',#3125,(#3130,#3137),.PCURVE_S1.);
#3125 = CIRCLE('',#3126,5.E-02);
#3126 = AXIS2_PLACEMENT_3D('',#3127,#3128,#3129);
#3127 = CARTESIAN_POINT('',(-1.825,0.225,0.11));
#3128 = DIRECTION('',(1.,-5.243344273594E-32,-2.289834988289E-16));
#3129 = DIRECTION('',(-2.080052407982E-46,1.,-2.289834988289E-16));
#3130 = PCURVE('',#2490,#3131);
#3131 = DEFINITIONAL_REPRESENTATION('',(#3132),#3136);
#3132 = CIRCLE('',#3133,5.E-02);
#3133 = AXIS2_PLACEMENT_2D('',#3134,#3135);
#3134 = CARTESIAN_POINT('',(0.104220924602,-6.050023101547E-02));
#3135 = DIRECTION('',(1.,-2.289834988289E-16));
#3136 = ( GEOMETRIC_REPRESENTATION_CONTEXT(2) 
PARAMETRIC_REPRESENTATION_CONTEXT() REPRESENTATION_CONTEXT('2D SPACE',''
  ) );
#3137 = PCURVE('',#2871,#3138);
#3138 = DEFINITIONAL_REPRESENTATION('',(#3139),#3143);
#3139 = LINE('',#3140,#3141);
#3140 = CARTESIAN_POINT('',(-2.22044604925E-16,0.));
#3141 = VECTOR('',#3142,1.);
#3142 = DIRECTION('',(1.,0.));
#3143 = ( GEOMETRIC_REPRESENTATION_CONTEXT(2) 
PARAMETRIC_REPRESENTATION_CONTEXT() REPRESENTATION_CONTEXT('2D SPACE',''
  ) );
#3144 = ORIENTED_EDGE('',*,*,#3145,.T.);
#3145 = EDGE_CURVE('',#3122,#3146,#3148,.T.);
#3146 = VERTEX_POINT('',#3147);
#3147 = CARTESIAN_POINT('',(-1.825,0.175,5.E-02));
#3148 = SURFACE_CURVE('',#3149,(#3153,#3160),.PCURVE_S1.);
#3149 = LINE('',#3150,#3151);
#3150 = CARTESIAN_POINT('',(-1.825,0.175,0.11));
#3151 = VECTOR('',#3152,1.);
#3152 = DIRECTION('',(-2.289834988289E-16,-2.289834988289E-16,-1.));
#3153 = PCURVE('',#2490,#3154);
#3154 = DEFINITIONAL_REPRESENTATION('',(#3155),#3159);
#3155 = LINE('',#3156,#3157);
#3156 = CARTESIAN_POINT('',(5.422092460224E-02,-6.050023101547E-02));
#3157 = VECTOR('',#3158,1.);
#3158 = DIRECTION('',(-2.289834988289E-16,-1.));
#3159 = ( GEOMETRIC_REPRESENTATION_CONTEXT(2) 
PARAMETRIC_REPRESENTATION_CONTEXT() REPRESENTATION_CONTEXT('2D SPACE',''
  ) );
#3160 = PCURVE('',#2842,#3161);
#3161 = DEFINITIONAL_REPRESENTATION('',(#3162),#3166);
#3162 = LINE('',#3163,#3164);
#3163 = CARTESIAN_POINT('',(-0.,0.));
#3164 = VECTOR('',#3165,1.);
#3165 = DIRECTION('',(1.,0.));
#3166 = ( GEOMETRIC_REPRESENTATION_CONTEXT(2) 
PARAMETRIC_REPRESENTATION_CONTEXT() REPRESENTATION_CONTEXT('2D SPACE',''
  ) );
#3167 = ORIENTED_EDGE('',*,*,#3168,.T.);
#3168 = EDGE_CURVE('',#3146,#3169,#3171,.T.);
#3169 = VERTEX_POINT('',#3170);
#3170 = CARTESIAN_POINT('',(-1.825,0.125,-5.551115123126E-16));
#3171 = SURFACE_CURVE('',#3172,(#3176,#3183),.PCURVE_S1.);
#3172 = LINE('',#3173,#3174);
#3173 = CARTESIAN_POINT('',(-1.825,0.175,5.E-02));
#3174 = VECTOR('',#3175,1.);
#3175 = DIRECTION('',(-1.619157848018E-16,-0.707106781187,
    -0.707106781186));
#3176 = PCURVE('',#2490,#3177);
#3177 = DEFINITIONAL_REPRESENTATION('',(#3178),#3182);
#3178 = LINE('',#3179,#3180);
#3179 = CARTESIAN_POINT('',(5.422092460224E-02,-0.120500231015));
#3180 = VECTOR('',#3181,1.);
#3181 = DIRECTION('',(-0.707106781187,-0.707106781186));
#3182 = ( GEOMETRIC_REPRESENTATION_CONTEXT(2) 
PARAMETRIC_REPRESENTATION_CONTEXT() REPRESENTATION_CONTEXT('2D SPACE',''
  ) );
#3183 = PCURVE('',#2814,#3184);
#3184 = DEFINITIONAL_REPRESENTATION('',(#3185),#3189);
#3185 = LINE('',#3186,#3187);
#3186 = CARTESIAN_POINT('',(-0.,0.));
#3187 = VECTOR('',#3188,1.);
#3188 = DIRECTION('',(1.,-7.395570986447E-32));
#3189 = ( GEOMETRIC_REPRESENTATION_CONTEXT(2) 
PARAMETRIC_REPRESENTATION_CONTEXT() REPRESENTATION_CONTEXT('2D SPACE',''
  ) );
#3190 = ORIENTED_EDGE('',*,*,#3191,.F.);
#3191 = EDGE_CURVE('',#3192,#3169,#3194,.T.);
#3192 = VERTEX_POINT('',#3193);
#3193 = CARTESIAN_POINT('',(-1.825,-0.205,-4.440892098501E-16));
#3194 = SURFACE_CURVE('',#3195,(#3199,#3206),.PCURVE_S1.);
#3195 = LINE('',#3196,#3197);
#3196 = CARTESIAN_POINT('',(-1.825,-0.205,-4.440892098501E-16));
#3197 = VECTOR('',#3198,1.);
#3198 = DIRECTION('',(0.,1.,-2.289834988289E-16));
#3199 = PCURVE('',#2490,#3200);
#3200 = DEFINITIONAL_REPRESENTATION('',(#3201),#3205);
#3201 = LINE('',#3202,#3203);
#3202 = CARTESIAN_POINT('',(-0.325779075398,-0.170500231015));
#3203 = VECTOR('',#3204,1.);
#3204 = DIRECTION('',(1.,-2.289834988289E-16));
#3205 = ( GEOMETRIC_REPRESENTATION_CONTEXT(2) 
PARAMETRIC_REPRESENTATION_CONTEXT() REPRESENTATION_CONTEXT('2D SPACE',''
  ) );
#3206 = PCURVE('',#2786,#3207);
#3207 = DEFINITIONAL_REPRESENTATION('',(#3208),#3212);
#3208 = LINE('',#3209,#3210);
#3209 = CARTESIAN_POINT('',(0.33,5.473822126269E-48));
#3210 = VECTOR('',#3211,1.);
#3211 = DIRECTION('',(-1.,0.));
#3212 = ( GEOMETRIC_REPRESENTATION_CONTEXT(2) 
PARAMETRIC_REPRESENTATION_CONTEXT() REPRESENTATION_CONTEXT('2D SPACE',''
  ) );
#3213 = ORIENTED_EDGE('',*,*,#3214,.T.);
#3214 = EDGE_CURVE('',#3192,#3215,#3217,.T.);
#3215 = VERTEX_POINT('',#3216);
#3216 = CARTESIAN_POINT('',(-1.825,-0.205,3.619548911246E-02));
#3217 = SURFACE_CURVE('',#3218,(#3222,#3229),.PCURVE_S1.);
#3218 = LINE('',#3219,#3220);
#3219 = CARTESIAN_POINT('',(-1.825,-0.205,-4.440892098501E-16));
#3220 = VECTOR('',#3221,1.);
#3221 = DIRECTION('',(2.289834988289E-16,2.289834988289E-16,1.));
#3222 = PCURVE('',#2490,#3223);
#3223 = DEFINITIONAL_REPRESENTATION('',(#3224),#3228);
#3224 = LINE('',#3225,#3226);
#3225 = CARTESIAN_POINT('',(-0.325779075398,-0.170500231015));
#3226 = VECTOR('',#3227,1.);
#3227 = DIRECTION('',(2.289834988289E-16,1.));
#3228 = ( GEOMETRIC_REPRESENTATION_CONTEXT(2) 
PARAMETRIC_REPRESENTATION_CONTEXT() REPRESENTATION_CONTEXT('2D SPACE',''
  ) );
#3229 = PCURVE('',#2758,#3230);
#3230 = DEFINITIONAL_REPRESENTATION('',(#3231),#3235);
#3231 = LINE('',#3232,#3233);
#3232 = CARTESIAN_POINT('',(0.,0.));
#3233 = VECTOR('',#3234,1.);
#3234 = DIRECTION('',(1.,0.));
#3235 = ( GEOMETRIC_REPRESENTATION_CONTEXT(2) 
PARAMETRIC_REPRESENTATION_CONTEXT() REPRESENTATION_CONTEXT('2D SPACE',''
  ) );
#3236 = ORIENTED_EDGE('',*,*,#3237,.F.);
#3237 = EDGE_CURVE('',#3238,#3215,#3240,.T.);
#3238 = VERTEX_POINT('',#3239);
#3239 = CARTESIAN_POINT('',(-1.825,-0.181813366389,6.541154699934E-02));
#3240 = SURFACE_CURVE('',#3241,(#3246,#3253),.PCURVE_S1.);
#3241 = CIRCLE('',#3242,3.E-02);
#3242 = AXIS2_PLACEMENT_3D('',#3243,#3244,#3245);
#3243 = CARTESIAN_POINT('',(-1.825,-0.175,3.619548911246E-02));
#3244 = DIRECTION('',(1.,-5.243344273594E-32,-2.289834988289E-16));
#3245 = DIRECTION('',(-2.080052407982E-46,1.,-2.289834988289E-16));
#3246 = PCURVE('',#2490,#3247);
#3247 = DEFINITIONAL_REPRESENTATION('',(#3248),#3252);
#3248 = CIRCLE('',#3249,3.E-02);
#3249 = AXIS2_PLACEMENT_2D('',#3250,#3251);
#3250 = CARTESIAN_POINT('',(-0.295779075398,-0.134304741903));
#3251 = DIRECTION('',(1.,-2.289834988289E-16));
#3252 = ( GEOMETRIC_REPRESENTATION_CONTEXT(2) 
PARAMETRIC_REPRESENTATION_CONTEXT() REPRESENTATION_CONTEXT('2D SPACE',''
  ) );
#3253 = PCURVE('',#2730,#3254);
#3254 = DEFINITIONAL_REPRESENTATION('',(#3255),#3259);
#3255 = LINE('',#3256,#3257);
#3256 = CARTESIAN_POINT('',(-6.661338147751E-16,0.));
#3257 = VECTOR('',#3258,1.);
#3258 = DIRECTION('',(1.,0.));
#3259 = ( GEOMETRIC_REPRESENTATION_CONTEXT(2) 
PARAMETRIC_REPRESENTATION_CONTEXT() REPRESENTATION_CONTEXT('2D SPACE',''
  ) );
#3260 = ORIENTED_EDGE('',*,*,#3261,.T.);
#3261 = EDGE_CURVE('',#3238,#3051,#3262,.T.);
#3262 = SURFACE_CURVE('',#3263,(#3267,#3274),.PCURVE_S1.);
#3263 = LINE('',#3264,#3265);
#3264 = CARTESIAN_POINT('',(-1.825,-0.181813366389,6.541154699934E-02));
#3265 = VECTOR('',#3266,1.);
#3266 = DIRECTION('',(5.200494915182E-17,0.973868596229,0.227112212966)
  );
#3267 = PCURVE('',#2490,#3268);
#3268 = DEFINITIONAL_REPRESENTATION('',(#3269),#3273);
#3269 = LINE('',#3270,#3271);
#3270 = CARTESIAN_POINT('',(-0.302592441787,-0.105088684016));
#3271 = VECTOR('',#3272,1.);
#3272 = DIRECTION('',(0.973868596229,0.227112212966));
#3273 = ( GEOMETRIC_REPRESENTATION_CONTEXT(2) 
PARAMETRIC_REPRESENTATION_CONTEXT() REPRESENTATION_CONTEXT('2D SPACE',''
  ) );
#3274 = PCURVE('',#2701,#3275);
#3275 = DEFINITIONAL_REPRESENTATION('',(#3276),#3280);
#3276 = LINE('',#3277,#3278);
#3277 = CARTESIAN_POINT('',(0.,0.));
#3278 = VECTOR('',#3279,1.);
#3279 = DIRECTION('',(1.,-3.697785493223E-32));
#3280 = ( GEOMETRIC_REPRESENTATION_CONTEXT(2) 
PARAMETRIC_REPRESENTATION_CONTEXT() REPRESENTATION_CONTEXT('2D SPACE',''
  ) );
#3281 = ORIENTED_EDGE('',*,*,#3050,.F.);
#3282 = ADVANCED_FACE('',(#3283),#2701,.T.);
#3283 = FACE_BOUND('',#3284,.T.);
#3284 = EDGE_LOOP('',(#3285,#3286,#3287,#3308));
#3285 = ORIENTED_EDGE('',*,*,#3073,.T.);
#3286 = ORIENTED_EDGE('',*,*,#3261,.F.);
#3287 = ORIENTED_EDGE('',*,*,#3288,.T.);
#3288 = EDGE_CURVE('',#3238,#2686,#3289,.T.);
#3289 = SURFACE_CURVE('',#3290,(#3294,#3301),.PCURVE_S1.);
#3290 = LINE('',#3291,#3292);
#3291 = CARTESIAN_POINT('',(-1.825,-0.181813366389,6.541154699934E-02));
#3292 = VECTOR('',#3293,1.);
#3293 = DIRECTION('',(1.,-5.243344273594E-32,-2.289834988289E-16));
#3294 = PCURVE('',#2701,#3295);
#3295 = DEFINITIONAL_REPRESENTATION('',(#3296),#3300);
#3296 = LINE('',#3297,#3298);
#3297 = CARTESIAN_POINT('',(0.,0.));
#3298 = VECTOR('',#3299,1.);
#3299 = DIRECTION('',(-9.244463733059E-32,-1.));
#3300 = ( GEOMETRIC_REPRESENTATION_CONTEXT(2) 
PARAMETRIC_REPRESENTATION_CONTEXT() REPRESENTATION_CONTEXT('2D SPACE',''
  ) );
#3301 = PCURVE('',#2730,#3302);
#3302 = DEFINITIONAL_REPRESENTATION('',(#3303),#3307);
#3303 = LINE('',#3304,#3305);
#3304 = CARTESIAN_POINT('',(1.799907705522,0.));
#3305 = VECTOR('',#3306,1.);
#3306 = DIRECTION('',(0.,1.));
#3307 = ( GEOMETRIC_REPRESENTATION_CONTEXT(2) 
PARAMETRIC_REPRESENTATION_CONTEXT() REPRESENTATION_CONTEXT('2D SPACE',''
  ) );
#3308 = ORIENTED_EDGE('',*,*,#2685,.T.);
#3309 = ADVANCED_FACE('',(#3310),#2730,.T.);
#3310 = FACE_BOUND('',#3311,.T.);
#3311 = EDGE_LOOP('',(#3312,#3333,#3334,#3335));
#3312 = ORIENTED_EDGE('',*,*,#3313,.T.);
#3313 = EDGE_CURVE('',#3215,#2714,#3314,.T.);
#3314 = SURFACE_CURVE('',#3315,(#3319,#3326),.PCURVE_S1.);
#3315 = LINE('',#3316,#3317);
#3316 = CARTESIAN_POINT('',(-1.825,-0.205,3.619548911246E-02));
#3317 = VECTOR('',#3318,1.);
#3318 = DIRECTION('',(1.,-5.243344273594E-32,-2.289834988289E-16));
#3319 = PCURVE('',#2730,#3320);
#3320 = DEFINITIONAL_REPRESENTATION('',(#3321),#3325);
#3321 = LINE('',#3322,#3323);
#3322 = CARTESIAN_POINT('',(3.14159265359,0.));
#3323 = VECTOR('',#3324,1.);
#3324 = DIRECTION('',(0.,1.));
#3325 = ( GEOMETRIC_REPRESENTATION_CONTEXT(2) 
PARAMETRIC_REPRESENTATION_CONTEXT() REPRESENTATION_CONTEXT('2D SPACE',''
  ) );
#3326 = PCURVE('',#2758,#3327);
#3327 = DEFINITIONAL_REPRESENTATION('',(#3328),#3332);
#3328 = LINE('',#3329,#3330);
#3329 = CARTESIAN_POINT('',(3.619548911246E-02,8.288169738796E-18));
#3330 = VECTOR('',#3331,1.);
#3331 = DIRECTION('',(0.,-1.));
#3332 = ( GEOMETRIC_REPRESENTATION_CONTEXT(2) 
PARAMETRIC_REPRESENTATION_CONTEXT() REPRESENTATION_CONTEXT('2D SPACE',''
  ) );
#3333 = ORIENTED_EDGE('',*,*,#2713,.F.);
#3334 = ORIENTED_EDGE('',*,*,#3288,.F.);
#3335 = ORIENTED_EDGE('',*,*,#3237,.T.);
#3336 = ADVANCED_FACE('',(#3337),#2758,.T.);
#3337 = FACE_BOUND('',#3338,.T.);
#3338 = EDGE_LOOP('',(#3339,#3340,#3361,#3362));
#3339 = ORIENTED_EDGE('',*,*,#3214,.F.);
#3340 = ORIENTED_EDGE('',*,*,#3341,.T.);
#3341 = EDGE_CURVE('',#3192,#2743,#3342,.T.);
#3342 = SURFACE_CURVE('',#3343,(#3347,#3354),.PCURVE_S1.);
#3343 = LINE('',#3344,#3345);
#3344 = CARTESIAN_POINT('',(-1.825,-0.205,-4.440892098501E-16));
#3345 = VECTOR('',#3346,1.);
#3346 = DIRECTION('',(1.,-5.243344273594E-32,-2.289834988289E-16));
#3347 = PCURVE('',#2758,#3348);
#3348 = DEFINITIONAL_REPRESENTATION('',(#3349),#3353);
#3349 = LINE('',#3350,#3351);
#3350 = CARTESIAN_POINT('',(0.,0.));
#3351 = VECTOR('',#3352,1.);
#3352 = DIRECTION('',(0.,-1.));
#3353 = ( GEOMETRIC_REPRESENTATION_CONTEXT(2) 
PARAMETRIC_REPRESENTATION_CONTEXT() REPRESENTATION_CONTEXT('2D SPACE',''
  ) );
#3354 = PCURVE('',#2786,#3355);
#3355 = DEFINITIONAL_REPRESENTATION('',(#3356),#3360);
#3356 = LINE('',#3357,#3358);
#3357 = CARTESIAN_POINT('',(0.33,5.473822126269E-48));
#3358 = VECTOR('',#3359,1.);
#3359 = DIRECTION('',(-2.080052407982E-46,-1.));
#3360 = ( GEOMETRIC_REPRESENTATION_CONTEXT(2) 
PARAMETRIC_REPRESENTATION_CONTEXT() REPRESENTATION_CONTEXT('2D SPACE',''
  ) );
#3361 = ORIENTED_EDGE('',*,*,#2742,.T.);
#3362 = ORIENTED_EDGE('',*,*,#3313,.F.);
#3363 = ADVANCED_FACE('',(#3364),#2786,.T.);
#3364 = FACE_BOUND('',#3365,.T.);
#3365 = EDGE_LOOP('',(#3366,#3367,#3388,#3389));
#3366 = ORIENTED_EDGE('',*,*,#3191,.T.);
#3367 = ORIENTED_EDGE('',*,*,#3368,.T.);
#3368 = EDGE_CURVE('',#3169,#2771,#3369,.T.);
#3369 = SURFACE_CURVE('',#3370,(#3374,#3381),.PCURVE_S1.);
#3370 = LINE('',#3371,#3372);
#3371 = CARTESIAN_POINT('',(-1.825,0.125,-5.551115123126E-16));
#3372 = VECTOR('',#3373,1.);
#3373 = DIRECTION('',(1.,-5.243344273594E-32,-2.289834988289E-16));
#3374 = PCURVE('',#2786,#3375);
#3375 = DEFINITIONAL_REPRESENTATION('',(#3376),#3380);
#3376 = LINE('',#3377,#3378);
#3377 = CARTESIAN_POINT('',(0.,0.));
#3378 = VECTOR('',#3379,1.);
#3379 = DIRECTION('',(-2.080052407982E-46,-1.));
#3380 = ( GEOMETRIC_REPRESENTATION_CONTEXT(2) 
PARAMETRIC_REPRESENTATION_CONTEXT() REPRESENTATION_CONTEXT('2D SPACE',''
  ) );
#3381 = PCURVE('',#2814,#3382);
#3382 = DEFINITIONAL_REPRESENTATION('',(#3383),#3387);
#3383 = LINE('',#3384,#3385);
#3384 = CARTESIAN_POINT('',(7.071067811866E-02,-1.144917494145E-17));
#3385 = VECTOR('',#3386,1.);
#3386 = DIRECTION('',(2.465190328816E-32,-1.));
#3387 = ( GEOMETRIC_REPRESENTATION_CONTEXT(2) 
PARAMETRIC_REPRESENTATION_CONTEXT() REPRESENTATION_CONTEXT('2D SPACE',''
  ) );
#3388 = ORIENTED_EDGE('',*,*,#2770,.T.);
#3389 = ORIENTED_EDGE('',*,*,#3341,.F.);
#3390 = ADVANCED_FACE('',(#3391),#2814,.T.);
#3391 = FACE_BOUND('',#3392,.T.);
#3392 = EDGE_LOOP('',(#3393,#3414,#3415,#3416));
#3393 = ORIENTED_EDGE('',*,*,#3394,.T.);
#3394 = EDGE_CURVE('',#3146,#2799,#3395,.T.);
#3395 = SURFACE_CURVE('',#3396,(#3400,#3407),.PCURVE_S1.);
#3396 = LINE('',#3397,#3398);
#3397 = CARTESIAN_POINT('',(-1.825,0.175,5.E-02));
#3398 = VECTOR('',#3399,1.);
#3399 = DIRECTION('',(1.,-5.243344273594E-32,-2.289834988289E-16));
#3400 = PCURVE('',#2814,#3401);
#3401 = DEFINITIONAL_REPRESENTATION('',(#3402),#3406);
#3402 = LINE('',#3403,#3404);
#3403 = CARTESIAN_POINT('',(-0.,0.));
#3404 = VECTOR('',#3405,1.);
#3405 = DIRECTION('',(2.465190328816E-32,-1.));
#3406 = ( GEOMETRIC_REPRESENTATION_CONTEXT(2) 
PARAMETRIC_REPRESENTATION_CONTEXT() REPRESENTATION_CONTEXT('2D SPACE',''
  ) );
#3407 = PCURVE('',#2842,#3408);
#3408 = DEFINITIONAL_REPRESENTATION('',(#3409),#3413);
#3409 = LINE('',#3410,#3411);
#3410 = CARTESIAN_POINT('',(6.E-02,-1.373900992974E-17));
#3411 = VECTOR('',#3412,1.);
#3412 = DIRECTION('',(0.,-1.));
#3413 = ( GEOMETRIC_REPRESENTATION_CONTEXT(2) 
PARAMETRIC_REPRESENTATION_CONTEXT() REPRESENTATION_CONTEXT('2D SPACE',''
  ) );
#3414 = ORIENTED_EDGE('',*,*,#2798,.T.);
#3415 = ORIENTED_EDGE('',*,*,#3368,.F.);
#3416 = ORIENTED_EDGE('',*,*,#3168,.F.);
#3417 = ADVANCED_FACE('',(#3418),#2842,.T.);
#3418 = FACE_BOUND('',#3419,.T.);
#3419 = EDGE_LOOP('',(#3420,#3441,#3442,#3443));
#3420 = ORIENTED_EDGE('',*,*,#3421,.T.);
#3421 = EDGE_CURVE('',#3122,#2827,#3422,.T.);
#3422 = SURFACE_CURVE('',#3423,(#3427,#3434),.PCURVE_S1.);
#3423 = LINE('',#3424,#3425);
#3424 = CARTESIAN_POINT('',(-1.825,0.175,0.11));
#3425 = VECTOR('',#3426,1.);
#3426 = DIRECTION('',(1.,-5.243344273594E-32,-2.289834988289E-16));
#3427 = PCURVE('',#2842,#3428);
#3428 = DEFINITIONAL_REPRESENTATION('',(#3429),#3433);
#3429 = LINE('',#3430,#3431);
#3430 = CARTESIAN_POINT('',(-0.,0.));
#3431 = VECTOR('',#3432,1.);
#3432 = DIRECTION('',(0.,-1.));
#3433 = ( GEOMETRIC_REPRESENTATION_CONTEXT(2) 
PARAMETRIC_REPRESENTATION_CONTEXT() REPRESENTATION_CONTEXT('2D SPACE',''
  ) );
#3434 = PCURVE('',#2871,#3435);
#3435 = DEFINITIONAL_REPRESENTATION('',(#3436),#3440);
#3436 = LINE('',#3437,#3438);
#3437 = CARTESIAN_POINT('',(3.14159265359,0.));
#3438 = VECTOR('',#3439,1.);
#3439 = DIRECTION('',(0.,1.));
#3440 = ( GEOMETRIC_REPRESENTATION_CONTEXT(2) 
PARAMETRIC_REPRESENTATION_CONTEXT() REPRESENTATION_CONTEXT('2D SPACE',''
  ) );
#3441 = ORIENTED_EDGE('',*,*,#2826,.T.);
#3442 = ORIENTED_EDGE('',*,*,#3394,.F.);
#3443 = ORIENTED_EDGE('',*,*,#3145,.F.);
#3444 = ADVANCED_FACE('',(#3445),#2871,.F.);
#3445 = FACE_BOUND('',#3446,.F.);
#3446 = EDGE_LOOP('',(#3447,#3448,#3449,#3450));
#3447 = ORIENTED_EDGE('',*,*,#3421,.T.);
#3448 = ORIENTED_EDGE('',*,*,#2854,.F.);
#3449 = ORIENTED_EDGE('',*,*,#2982,.F.);
#3450 = ORIENTED_EDGE('',*,*,#3121,.T.);
#3451 = ADVANCED_FACE('',(#3452),#3466,.F.);
#3452 = FACE_BOUND('',#3453,.T.);
#3453 = EDGE_LOOP('',(#3454,#3489,#3517,#3545,#3573,#3601,#3629,#3657,
    #3685,#3713));
#3454 = ORIENTED_EDGE('',*,*,#3455,.F.);
#3455 = EDGE_CURVE('',#3456,#3458,#3460,.T.);
#3456 = VERTEX_POINT('',#3457);
#3457 = CARTESIAN_POINT('',(-2.765,-2.905,0.188888888889));
#3458 = VERTEX_POINT('',#3459);
#3459 = CARTESIAN_POINT('',(-2.765,-2.905,0.893333333333));
#3460 = SURFACE_CURVE('',#3461,(#3465,#3477),.PCURVE_S1.);
#3461 = LINE('',#3462,#3463);
#3462 = CARTESIAN_POINT('',(-2.765,-2.905,0.841614));
#3463 = VECTOR('',#3464,1.);
#3464 = DIRECTION('',(2.289834988289E-16,2.289834988289E-16,1.));
#3465 = PCURVE('',#3466,#3471);
#3466 = PLANE('',#3467);
#3467 = AXIS2_PLACEMENT_3D('',#3468,#3469,#3470);
#3468 = CARTESIAN_POINT('',(-2.765,-2.925,1.05));
#3469 = DIRECTION('',(-1.,5.243344273594E-32,2.289834988289E-16));
#3470 = DIRECTION('',(-2.080052407982E-46,1.,-2.289834988289E-16));
#3471 = DEFINITIONAL_REPRESENTATION('',(#3472),#3476);
#3472 = LINE('',#3473,#3474);
#3473 = CARTESIAN_POINT('',(2.E-02,0.208386));
#3474 = VECTOR('',#3475,1.);
#3475 = DIRECTION('',(0.,-1.));
#3476 = ( GEOMETRIC_REPRESENTATION_CONTEXT(2) 
PARAMETRIC_REPRESENTATION_CONTEXT() REPRESENTATION_CONTEXT('2D SPACE',''
  ) );
#3477 = PCURVE('',#3478,#3483);
#3478 = PLANE('',#3479);
#3479 = AXIS2_PLACEMENT_3D('',#3480,#3481,#3482);
#3480 = CARTESIAN_POINT('',(-2.835,-2.975,0.575));
#3481 = DIRECTION('',(-0.707106781187,0.707106781187,7.149051953565E-31)
  );
#3482 = DIRECTION('',(-0.707106781187,-0.707106781187,3.238315696035E-16
    ));
#3483 = DEFINITIONAL_REPRESENTATION('',(#3484),#3488);
#3484 = LINE('',#3485,#3486);
#3485 = CARTESIAN_POINT('',(-9.899494936612E-02,0.266614));
#3486 = VECTOR('',#3487,1.);
#3487 = DIRECTION('',(-2.958228394579E-31,1.));
#3488 = ( GEOMETRIC_REPRESENTATION_CONTEXT(2) 
PARAMETRIC_REPRESENTATION_CONTEXT() REPRESENTATION_CONTEXT('2D SPACE',''
  ) );
#3489 = ORIENTED_EDGE('',*,*,#3490,.T.);
#3490 = EDGE_CURVE('',#3456,#3491,#3493,.T.);
#3491 = VERTEX_POINT('',#3492);
#3492 = CARTESIAN_POINT('',(-2.765,-2.755,0.3));
#3493 = SURFACE_CURVE('',#3494,(#3498,#3505),.PCURVE_S1.);
#3494 = LINE('',#3495,#3496);
#3495 = CARTESIAN_POINT('',(-2.765,-0.430137,2.022120740741));
#3496 = VECTOR('',#3497,1.);
#3497 = DIRECTION('',(1.362972871417E-16,0.803557193345,0.595227550626)
  );
#3498 = PCURVE('',#3466,#3499);
#3499 = DEFINITIONAL_REPRESENTATION('',(#3500),#3504);
#3500 = LINE('',#3501,#3502);
#3501 = CARTESIAN_POINT('',(2.494863,-0.972120740741));
#3502 = VECTOR('',#3503,1.);
#3503 = DIRECTION('',(0.803557193345,-0.595227550626));
#3504 = ( GEOMETRIC_REPRESENTATION_CONTEXT(2) 
PARAMETRIC_REPRESENTATION_CONTEXT() REPRESENTATION_CONTEXT('2D SPACE',''
  ) );
#3505 = PCURVE('',#3506,#3511);
#3506 = PLANE('',#3507);
#3507 = AXIS2_PLACEMENT_3D('',#3508,#3509,#3510);
#3508 = CARTESIAN_POINT('',(6.765,-2.755,0.3));
#3509 = DIRECTION('',(-1.840013376412E-16,0.595227550626,-0.803557193345
    ));
#3510 = DIRECTION('',(1.362972871417E-16,0.803557193345,0.595227550626)
  );
#3511 = DEFINITIONAL_REPRESENTATION('',(#3512),#3516);
#3512 = LINE('',#3513,#3514);
#3513 = CARTESIAN_POINT('',(2.893214097584,-9.53));
#3514 = VECTOR('',#3515,1.);
#3515 = DIRECTION('',(1.,0.));
#3516 = ( GEOMETRIC_REPRESENTATION_CONTEXT(2) 
PARAMETRIC_REPRESENTATION_CONTEXT() REPRESENTATION_CONTEXT('2D SPACE',''
  ) );
#3517 = ORIENTED_EDGE('',*,*,#3518,.T.);
#3518 = EDGE_CURVE('',#3491,#3519,#3521,.T.);
#3519 = VERTEX_POINT('',#3520);
#3520 = CARTESIAN_POINT('',(-2.765,-2.325,0.3));
#3521 = SURFACE_CURVE('',#3522,(#3526,#3533),.PCURVE_S1.);
#3522 = LINE('',#3523,#3524);
#3523 = CARTESIAN_POINT('',(-2.765,-0.430137,0.3));
#3524 = VECTOR('',#3525,1.);
#3525 = DIRECTION('',(5.243344273594E-32,1.,0.));
#3526 = PCURVE('',#3466,#3527);
#3527 = DEFINITIONAL_REPRESENTATION('',(#3528),#3532);
#3528 = LINE('',#3529,#3530);
#3529 = CARTESIAN_POINT('',(2.494863,0.75));
#3530 = VECTOR('',#3531,1.);
#3531 = DIRECTION('',(1.,-2.289834988289E-16));
#3532 = ( GEOMETRIC_REPRESENTATION_CONTEXT(2) 
PARAMETRIC_REPRESENTATION_CONTEXT() REPRESENTATION_CONTEXT('2D SPACE',''
  ) );
#3533 = PCURVE('',#3534,#3539);
#3534 = PLANE('',#3535);
#3535 = AXIS2_PLACEMENT_3D('',#3536,#3537,#3538);
#3536 = CARTESIAN_POINT('',(5.8375,-1.195,0.3));
#3537 = DIRECTION('',(-2.289834988289E-16,-2.289834988289E-16,-1.));
#3538 = DIRECTION('',(0.,-1.,2.289834988289E-16));
#3539 = DEFINITIONAL_REPRESENTATION('',(#3540),#3544);
#3540 = LINE('',#3541,#3542);
#3541 = CARTESIAN_POINT('',(-0.764863,8.6025));
#3542 = VECTOR('',#3543,1.);
#3543 = DIRECTION('',(-1.,2.080052407982E-46));
#3544 = ( GEOMETRIC_REPRESENTATION_CONTEXT(2) 
PARAMETRIC_REPRESENTATION_CONTEXT() REPRESENTATION_CONTEXT('2D SPACE',''
  ) );
#3545 = ORIENTED_EDGE('',*,*,#3546,.F.);
#3546 = EDGE_CURVE('',#3547,#3519,#3549,.T.);
#3547 = VERTEX_POINT('',#3548);
#3548 = CARTESIAN_POINT('',(-2.765,-1.825,0.33));
#3549 = SURFACE_CURVE('',#3550,(#3554,#3561),.PCURVE_S1.);
#3550 = LINE('',#3551,#3552);
#3551 = CARTESIAN_POINT('',(-2.765,-0.430137,0.41369178));
#3552 = VECTOR('',#3553,1.);
#3553 = DIRECTION('',(-1.371434628377E-17,-0.998204845466,
    -5.989229072795E-02));
#3554 = PCURVE('',#3466,#3555);
#3555 = DEFINITIONAL_REPRESENTATION('',(#3556),#3560);
#3556 = LINE('',#3557,#3558);
#3557 = CARTESIAN_POINT('',(2.494863,0.63630822));
#3558 = VECTOR('',#3559,1.);
#3559 = DIRECTION('',(-0.998204845466,5.989229072795E-02));
#3560 = ( GEOMETRIC_REPRESENTATION_CONTEXT(2) 
PARAMETRIC_REPRESENTATION_CONTEXT() REPRESENTATION_CONTEXT('2D SPACE',''
  ) );
#3561 = PCURVE('',#3562,#3567);
#3562 = PLANE('',#3563);
#3563 = AXIS2_PLACEMENT_3D('',#3564,#3565,#3566);
#3564 = CARTESIAN_POINT('',(6.785,-2.325,0.3));
#3565 = DIRECTION('',(-2.285724380628E-16,5.989229072795E-02,
    -0.998204845466));
#3566 = DIRECTION('',(1.371434628377E-17,0.998204845466,
    5.989229072795E-02));
#3567 = DEFINITIONAL_REPRESENTATION('',(#3568),#3572);
#3568 = LINE('',#3569,#3570);
#3569 = CARTESIAN_POINT('',(1.898270689235,-9.55));
#3570 = VECTOR('',#3571,1.);
#3571 = DIRECTION('',(-1.,4.622231866529E-33));
#3572 = ( GEOMETRIC_REPRESENTATION_CONTEXT(2) 
PARAMETRIC_REPRESENTATION_CONTEXT() REPRESENTATION_CONTEXT('2D SPACE',''
  ) );
#3573 = ORIENTED_EDGE('',*,*,#3574,.F.);
#3574 = EDGE_CURVE('',#3575,#3547,#3577,.T.);
#3575 = VERTEX_POINT('',#3576);
#3576 = CARTESIAN_POINT('',(-2.765,-1.725,0.33));
#3577 = SURFACE_CURVE('',#3578,(#3582,#3589),.PCURVE_S1.);
#3578 = LINE('',#3579,#3580);
#3579 = CARTESIAN_POINT('',(-2.765,-0.430137,0.33));
#3580 = VECTOR('',#3581,1.);
#3581 = DIRECTION('',(-2.804146475864E-32,-1.,1.065228634467E-16));
#3582 = PCURVE('',#3466,#3583);
#3583 = DEFINITIONAL_REPRESENTATION('',(#3584),#3588);
#3584 = LINE('',#3585,#3586);
#3585 = CARTESIAN_POINT('',(2.494863,0.72));
#3586 = VECTOR('',#3587,1.);
#3587 = DIRECTION('',(-1.,1.224606353822E-16));
#3588 = ( GEOMETRIC_REPRESENTATION_CONTEXT(2) 
PARAMETRIC_REPRESENTATION_CONTEXT() REPRESENTATION_CONTEXT('2D SPACE',''
  ) );
#3589 = PCURVE('',#3590,#3595);
#3590 = PLANE('',#3591);
#3591 = AXIS2_PLACEMENT_3D('',#3592,#3593,#3594);
#3592 = CARTESIAN_POINT('',(6.585,-1.725,0.33));
#3593 = DIRECTION('',(-2.289834988289E-16,-1.065228634467E-16,-1.));
#3594 = DIRECTION('',(-1.,5.243344273594E-32,2.289834988289E-16));
#3595 = DEFINITIONAL_REPRESENTATION('',(#3596),#3600);
#3596 = LINE('',#3597,#3598);
#3597 = CARTESIAN_POINT('',(9.35,1.294863));
#3598 = VECTOR('',#3599,1.);
#3599 = DIRECTION('',(9.031806508344E-47,-1.));
#3600 = ( GEOMETRIC_REPRESENTATION_CONTEXT(2) 
PARAMETRIC_REPRESENTATION_CONTEXT() REPRESENTATION_CONTEXT('2D SPACE',''
  ) );
#3601 = ORIENTED_EDGE('',*,*,#3602,.F.);
#3602 = EDGE_CURVE('',#3603,#3575,#3605,.T.);
#3603 = VERTEX_POINT('',#3604);
#3604 = CARTESIAN_POINT('',(-2.765,-1.725,0.69));
#3605 = SURFACE_CURVE('',#3606,(#3610,#3617),.PCURVE_S1.);
#3606 = LINE('',#3607,#3608);
#3607 = CARTESIAN_POINT('',(-2.765,-1.725,0.402847335292));
#3608 = VECTOR('',#3609,1.);
#3609 = DIRECTION('',(-2.289834988289E-16,-1.065228634467E-16,-1.));
#3610 = PCURVE('',#3466,#3611);
#3611 = DEFINITIONAL_REPRESENTATION('',(#3612),#3616);
#3612 = LINE('',#3613,#3614);
#3613 = CARTESIAN_POINT('',(1.2,0.647152664708));
#3614 = VECTOR('',#3615,1.);
#3615 = DIRECTION('',(1.224606353822E-16,1.));
#3616 = ( GEOMETRIC_REPRESENTATION_CONTEXT(2) 
PARAMETRIC_REPRESENTATION_CONTEXT() REPRESENTATION_CONTEXT('2D SPACE',''
  ) );
#3617 = PCURVE('',#3618,#3623);
#3618 = PLANE('',#3619);
#3619 = AXIS2_PLACEMENT_3D('',#3620,#3621,#3622);
#3620 = CARTESIAN_POINT('',(-18.62071951488,-1.725,0.48745549758));
#3621 = DIRECTION('',(-2.804146475864E-32,-1.,1.065228634467E-16));
#3622 = DIRECTION('',(-2.289834988289E-16,-1.065228634467E-16,-1.));
#3623 = DEFINITIONAL_REPRESENTATION('',(#3624),#3628);
#3624 = LINE('',#3625,#3626);
#3625 = CARTESIAN_POINT('',(8.460816228835E-02,15.855719514881));
#3626 = VECTOR('',#3627,1.);
#3627 = DIRECTION('',(1.,0.));
#3628 = ( GEOMETRIC_REPRESENTATION_CONTEXT(2) 
PARAMETRIC_REPRESENTATION_CONTEXT() REPRESENTATION_CONTEXT('2D SPACE',''
  ) );
#3629 = ORIENTED_EDGE('',*,*,#3630,.F.);
#3630 = EDGE_CURVE('',#3631,#3603,#3633,.T.);
#3631 = VERTEX_POINT('',#3632);
#3632 = CARTESIAN_POINT('',(-2.765,-1.825,0.69));
#3633 = SURFACE_CURVE('',#3634,(#3638,#3645),.PCURVE_S1.);
#3634 = LINE('',#3635,#3636);
#3635 = CARTESIAN_POINT('',(-2.765,-1.050063769579,0.69));
#3636 = VECTOR('',#3637,1.);
#3637 = DIRECTION('',(3.757481798336E-32,1.,-6.488950002326E-17));
#3638 = PCURVE('',#3466,#3639);
#3639 = DEFINITIONAL_REPRESENTATION('',(#3640),#3644);
#3640 = LINE('',#3641,#3642);
#3641 = CARTESIAN_POINT('',(1.874936230421,0.36));
#3642 = VECTOR('',#3643,1.);
#3643 = DIRECTION('',(1.,-1.640939988057E-16));
#3644 = ( GEOMETRIC_REPRESENTATION_CONTEXT(2) 
PARAMETRIC_REPRESENTATION_CONTEXT() REPRESENTATION_CONTEXT('2D SPACE',''
  ) );
#3645 = PCURVE('',#3646,#3651);
#3646 = PLANE('',#3647);
#3647 = AXIS2_PLACEMENT_3D('',#3648,#3649,#3650);
#3648 = CARTESIAN_POINT('',(-6.785,-1.725,0.69));
#3649 = DIRECTION('',(-2.289834988289E-16,-6.488950002326E-17,-1.));
#3650 = DIRECTION('',(-3.757481798336E-32,-1.,6.488950002326E-17));
#3651 = DEFINITIONAL_REPRESENTATION('',(#3652),#3656);
#3652 = LINE('',#3653,#3654);
#3653 = CARTESIAN_POINT('',(-0.674936230421,-4.02));
#3654 = VECTOR('',#3655,1.);
#3655 = DIRECTION('',(-1.,-2.736911063134E-48));
#3656 = ( GEOMETRIC_REPRESENTATION_CONTEXT(2) 
PARAMETRIC_REPRESENTATION_CONTEXT() REPRESENTATION_CONTEXT('2D SPACE',''
  ) );
#3657 = ORIENTED_EDGE('',*,*,#3658,.T.);
#3658 = EDGE_CURVE('',#3631,#3659,#3661,.T.);
#3659 = VERTEX_POINT('',#3660);
#3660 = CARTESIAN_POINT('',(-2.765,-2.225,0.72));
#3661 = SURFACE_CURVE('',#3662,(#3666,#3673),.PCURVE_S1.);
#3662 = LINE('',#3663,#3664);
#3663 = CARTESIAN_POINT('',(-2.765,-1.825,0.69));
#3664 = VECTOR('',#3665,1.);
#3665 = DIRECTION('',(1.71256640256E-17,-0.997199309888,
    7.478994824163E-02));
#3666 = PCURVE('',#3466,#3667);
#3667 = DEFINITIONAL_REPRESENTATION('',(#3668),#3672);
#3668 = LINE('',#3669,#3670);
#3669 = CARTESIAN_POINT('',(1.1,0.36));
#3670 = VECTOR('',#3671,1.);
#3671 = DIRECTION('',(-0.997199309888,-7.478994824163E-02));
#3672 = ( GEOMETRIC_REPRESENTATION_CONTEXT(2) 
PARAMETRIC_REPRESENTATION_CONTEXT() REPRESENTATION_CONTEXT('2D SPACE',''
  ) );
#3673 = PCURVE('',#3674,#3679);
#3674 = PLANE('',#3675);
#3675 = AXIS2_PLACEMENT_3D('',#3676,#3677,#3678);
#3676 = CARTESIAN_POINT('',(6.765,-1.825,0.69));
#3677 = DIRECTION('',(2.283421870081E-16,7.478994824163E-02,
    0.997199309888));
#3678 = DIRECTION('',(1.71256640256E-17,-0.997199309888,
    7.478994824163E-02));
#3679 = DEFINITIONAL_REPRESENTATION('',(#3680),#3684);
#3680 = LINE('',#3681,#3682);
#3681 = CARTESIAN_POINT('',(2.85946693276E-18,-9.53));
#3682 = VECTOR('',#3683,1.);
#3683 = DIRECTION('',(1.,-9.244463733059E-33));
#3684 = ( GEOMETRIC_REPRESENTATION_CONTEXT(2) 
PARAMETRIC_REPRESENTATION_CONTEXT() REPRESENTATION_CONTEXT('2D SPACE',''
  ) );
#3685 = ORIENTED_EDGE('',*,*,#3686,.T.);
#3686 = EDGE_CURVE('',#3659,#3687,#3689,.T.);
#3687 = VERTEX_POINT('',#3688);
#3688 = CARTESIAN_POINT('',(-2.765,-2.775,0.72));
#3689 = SURFACE_CURVE('',#3690,(#3694,#3701),.PCURVE_S1.);
#3690 = LINE('',#3691,#3692);
#3691 = CARTESIAN_POINT('',(-2.765,-2.325,0.72));
#3692 = VECTOR('',#3693,1.);
#3693 = DIRECTION('',(-5.243344273594E-32,-1.,0.));
#3694 = PCURVE('',#3466,#3695);
#3695 = DEFINITIONAL_REPRESENTATION('',(#3696),#3700);
#3696 = LINE('',#3697,#3698);
#3697 = CARTESIAN_POINT('',(0.6,0.33));
#3698 = VECTOR('',#3699,1.);
#3699 = DIRECTION('',(-1.,2.289834988289E-16));
#3700 = ( GEOMETRIC_REPRESENTATION_CONTEXT(2) 
PARAMETRIC_REPRESENTATION_CONTEXT() REPRESENTATION_CONTEXT('2D SPACE',''
  ) );
#3701 = PCURVE('',#3702,#3707);
#3702 = PLANE('',#3703);
#3703 = AXIS2_PLACEMENT_3D('',#3704,#3705,#3706);
#3704 = CARTESIAN_POINT('',(-6.785,-2.325,0.72));
#3705 = DIRECTION('',(-2.289834988289E-16,-1.065228634467E-16,-1.));
#3706 = DIRECTION('',(-2.804146475864E-32,-1.,1.065228634467E-16));
#3707 = DEFINITIONAL_REPRESENTATION('',(#3708),#3712);
#3708 = LINE('',#3709,#3710);
#3709 = CARTESIAN_POINT('',(-2.073379968478E-31,-4.02));
#3710 = VECTOR('',#3711,1.);
#3711 = DIRECTION('',(1.,-8.484424295717E-47));
#3712 = ( GEOMETRIC_REPRESENTATION_CONTEXT(2) 
PARAMETRIC_REPRESENTATION_CONTEXT() REPRESENTATION_CONTEXT('2D SPACE',''
  ) );
#3713 = ORIENTED_EDGE('',*,*,#3714,.T.);
#3714 = EDGE_CURVE('',#3687,#3458,#3715,.T.);
#3715 = SURFACE_CURVE('',#3716,(#3720,#3727),.PCURVE_S1.);
#3716 = LINE('',#3717,#3718);
#3717 = CARTESIAN_POINT('',(-2.765,-2.8662105,0.841614));
#3718 = VECTOR('',#3719,1.);
#3719 = DIRECTION('',(1.831867990632E-16,-0.6,0.8));
#3720 = PCURVE('',#3466,#3721);
#3721 = DEFINITIONAL_REPRESENTATION('',(#3722),#3726);
#3722 = LINE('',#3723,#3724);
#3723 = CARTESIAN_POINT('',(5.87895E-02,0.208386));
#3724 = VECTOR('',#3725,1.);
#3725 = DIRECTION('',(-0.6,-0.8));
#3726 = ( GEOMETRIC_REPRESENTATION_CONTEXT(2) 
PARAMETRIC_REPRESENTATION_CONTEXT() REPRESENTATION_CONTEXT('2D SPACE',''
  ) );
#3727 = PCURVE('',#3728,#3733);
#3728 = PLANE('',#3729);
#3729 = AXIS2_PLACEMENT_3D('',#3730,#3731,#3732);
#3730 = CARTESIAN_POINT('',(6.785,-2.775,0.72));
#3731 = DIRECTION('',(1.373900992974E-16,0.8,0.6));
#3732 = DIRECTION('',(1.831867990632E-16,-0.6,0.8));
#3733 = DEFINITIONAL_REPRESENTATION('',(#3734),#3738);
#3734 = LINE('',#3735,#3736);
#3735 = CARTESIAN_POINT('',(0.1520175,-9.55));
#3736 = VECTOR('',#3737,1.);
#3737 = DIRECTION('',(1.,2.465190328816E-32));
#3738 = ( GEOMETRIC_REPRESENTATION_CONTEXT(2) 
PARAMETRIC_REPRESENTATION_CONTEXT() REPRESENTATION_CONTEXT('2D SPACE',''
  ) );
#3739 = ADVANCED_FACE('',(#3740),#3754,.F.);
#3740 = FACE_BOUND('',#3741,.T.);
#3741 = EDGE_LOOP('',(#3742,#3777,#3800,#3823));
#3742 = ORIENTED_EDGE('',*,*,#3743,.F.);
#3743 = EDGE_CURVE('',#3744,#3746,#3748,.T.);
#3744 = VERTEX_POINT('',#3745);
#3745 = CARTESIAN_POINT('',(-3.0025,-1.925,0.18));
#3746 = VERTEX_POINT('',#3747);
#3747 = CARTESIAN_POINT('',(-3.0025,-2.975,0.18));
#3748 = SURFACE_CURVE('',#3749,(#3753,#3765),.PCURVE_S1.);
#3749 = LINE('',#3750,#3751);
#3750 = CARTESIAN_POINT('',(-3.0025,-1.050063769579,0.18));
#3751 = VECTOR('',#3752,1.);
#3752 = DIRECTION('',(-2.804146475864E-32,-1.,1.065228634467E-16));
#3753 = PCURVE('',#3754,#3759);
#3754 = PLANE('',#3755);
#3755 = AXIS2_PLACEMENT_3D('',#3756,#3757,#3758);
#3756 = CARTESIAN_POINT('',(-2.9775,-2.475,0.155));
#3757 = DIRECTION('',(0.707106781187,7.532303909457E-17,0.707106781187)
  );
#3758 = DIRECTION('',(0.707106781187,-7.532303909457E-17,-0.707106781187
    ));
#3759 = DEFINITIONAL_REPRESENTATION('',(#3760),#3764);
#3760 = LINE('',#3761,#3762);
#3761 = CARTESIAN_POINT('',(-3.535533905933E-02,1.424936230421));
#3762 = VECTOR('',#3763,1.);
#3763 = DIRECTION('',(-6.162975822039E-32,-1.));
#3764 = ( GEOMETRIC_REPRESENTATION_CONTEXT(2) 
PARAMETRIC_REPRESENTATION_CONTEXT() REPRESENTATION_CONTEXT('2D SPACE',''
  ) );
#3765 = PCURVE('',#3766,#3771);
#3766 = PLANE('',#3767);
#3767 = AXIS2_PLACEMENT_3D('',#3768,#3769,#3770);
#3768 = CARTESIAN_POINT('',(-2.9525,-3.025,0.18));
#3769 = DIRECTION('',(2.289834988289E-16,1.065228634467E-16,1.));
#3770 = DIRECTION('',(1.,-5.243344273594E-32,-2.289834988289E-16));
#3771 = DEFINITIONAL_REPRESENTATION('',(#3772),#3776);
#3772 = LINE('',#3773,#3774);
#3773 = CARTESIAN_POINT('',(-5.E-02,1.974936230421));
#3774 = VECTOR('',#3775,1.);
#3775 = DIRECTION('',(-9.031806508344E-47,-1.));
#3776 = ( GEOMETRIC_REPRESENTATION_CONTEXT(2) 
PARAMETRIC_REPRESENTATION_CONTEXT() REPRESENTATION_CONTEXT('2D SPACE',''
  ) );
#3777 = ORIENTED_EDGE('',*,*,#3778,.T.);
#3778 = EDGE_CURVE('',#3744,#3779,#3781,.T.);
#3779 = VERTEX_POINT('',#3780);
#3780 = CARTESIAN_POINT('',(-2.9525,-1.925,0.13));
#3781 = SURFACE_CURVE('',#3782,(#3786,#3793),.PCURVE_S1.);
#3782 = LINE('',#3783,#3784);
#3783 = CARTESIAN_POINT('',(-3.1025,-1.925,0.28));
#3784 = VECTOR('',#3785,1.);
#3785 = DIRECTION('',(0.707106781187,-7.532303909457E-17,-0.707106781187
    ));
#3786 = PCURVE('',#3754,#3787);
#3787 = DEFINITIONAL_REPRESENTATION('',(#3788),#3792);
#3788 = LINE('',#3789,#3790);
#3789 = CARTESIAN_POINT('',(-0.176776695297,0.55));
#3790 = VECTOR('',#3791,1.);
#3791 = DIRECTION('',(1.,8.628166150855E-32));
#3792 = ( GEOMETRIC_REPRESENTATION_CONTEXT(2) 
PARAMETRIC_REPRESENTATION_CONTEXT() REPRESENTATION_CONTEXT('2D SPACE',''
  ) );
#3793 = PCURVE('',#988,#3794);
#3794 = DEFINITIONAL_REPRESENTATION('',(#3795),#3799);
#3795 = LINE('',#3796,#3797);
#3796 = CARTESIAN_POINT('',(0.276369515365,-0.16882167131));
#3797 = VECTOR('',#3798,1.);
#3798 = DIRECTION('',(0.707106781187,0.707106781187));
#3799 = ( GEOMETRIC_REPRESENTATION_CONTEXT(2) 
PARAMETRIC_REPRESENTATION_CONTEXT() REPRESENTATION_CONTEXT('2D SPACE',''
  ) );
#3800 = ORIENTED_EDGE('',*,*,#3801,.F.);
#3801 = EDGE_CURVE('',#3802,#3779,#3804,.T.);
#3802 = VERTEX_POINT('',#3803);
#3803 = CARTESIAN_POINT('',(-2.9525,-3.025,0.13));
#3804 = SURFACE_CURVE('',#3805,(#3809,#3816),.PCURVE_S1.);
#3805 = LINE('',#3806,#3807);
#3806 = CARTESIAN_POINT('',(-2.9525,-1.050063769579,0.13));
#3807 = VECTOR('',#3808,1.);
#3808 = DIRECTION('',(2.804146475864E-32,1.,-1.065228634467E-16));
#3809 = PCURVE('',#3754,#3810);
#3810 = DEFINITIONAL_REPRESENTATION('',(#3811),#3815);
#3811 = LINE('',#3812,#3813);
#3812 = CARTESIAN_POINT('',(3.535533905933E-02,1.424936230421));
#3813 = VECTOR('',#3814,1.);
#3814 = DIRECTION('',(6.162975822039E-32,1.));
#3815 = ( GEOMETRIC_REPRESENTATION_CONTEXT(2) 
PARAMETRIC_REPRESENTATION_CONTEXT() REPRESENTATION_CONTEXT('2D SPACE',''
  ) );
#3816 = PCURVE('',#962,#3817);
#3817 = DEFINITIONAL_REPRESENTATION('',(#3818),#3822);
#3818 = LINE('',#3819,#3820);
#3819 = CARTESIAN_POINT('',(-0.1,1.974936230421));
#3820 = VECTOR('',#3821,1.);
#3821 = DIRECTION('',(0.,1.));
#3822 = ( GEOMETRIC_REPRESENTATION_CONTEXT(2) 
PARAMETRIC_REPRESENTATION_CONTEXT() REPRESENTATION_CONTEXT('2D SPACE',''
  ) );
#3823 = ORIENTED_EDGE('',*,*,#3824,.T.);
#3824 = EDGE_CURVE('',#3802,#3746,#3825,.T.);
#3825 = SURFACE_CURVE('',#3826,(#3830,#3837),.PCURVE_S1.);
#3826 = LINE('',#3827,#3828);
#3827 = CARTESIAN_POINT('',(-5.547363,-0.430137,2.724863));
#3828 = VECTOR('',#3829,1.);
#3829 = DIRECTION('',(-0.57735026919,0.57735026919,0.57735026919));
#3830 = PCURVE('',#3754,#3831);
#3831 = DEFINITIONAL_REPRESENTATION('',(#3832),#3836);
#3832 = LINE('',#3833,#3834);
#3833 = CARTESIAN_POINT('',(-3.634335108041,2.044863));
#3834 = VECTOR('',#3835,1.);
#3835 = DIRECTION('',(-0.816496580928,0.57735026919));
#3836 = ( GEOMETRIC_REPRESENTATION_CONTEXT(2) 
PARAMETRIC_REPRESENTATION_CONTEXT() REPRESENTATION_CONTEXT('2D SPACE',''
  ) );
#3837 = PCURVE('',#3838,#3843);
#3838 = PLANE('',#3839);
#3839 = AXIS2_PLACEMENT_3D('',#3840,#3841,#3842);
#3840 = CARTESIAN_POINT('',(-3.0275,-2.95,0.615));
#3841 = DIRECTION('',(0.707106781187,0.707106781187,-3.238315696035E-16)
  );
#3842 = DIRECTION('',(-0.707106781187,0.707106781187,-1.454462294001E-30
    ));
#3843 = DEFINITIONAL_REPRESENTATION('',(#3844),#3848);
#3844 = LINE('',#3845,#3846);
#3845 = CARTESIAN_POINT('',(3.563624429922,2.109863));
#3846 = VECTOR('',#3847,1.);
#3847 = DIRECTION('',(0.816496580928,0.57735026919));
#3848 = ( GEOMETRIC_REPRESENTATION_CONTEXT(2) 
PARAMETRIC_REPRESENTATION_CONTEXT() REPRESENTATION_CONTEXT('2D SPACE',''
  ) );
#3849 = ADVANCED_FACE('',(#3850),#3864,.T.);
#3850 = FACE_BOUND('',#3851,.T.);
#3851 = EDGE_LOOP('',(#3852,#3887,#3910,#3938));
#3852 = ORIENTED_EDGE('',*,*,#3853,.T.);
#3853 = EDGE_CURVE('',#3854,#3856,#3858,.T.);
#3854 = VERTEX_POINT('',#3855);
#3855 = CARTESIAN_POINT('',(-1.325,0.175,0.11));
#3856 = VERTEX_POINT('',#3857);
#3857 = CARTESIAN_POINT('',(-1.175,0.175,0.11));
#3858 = SURFACE_CURVE('',#3859,(#3863,#3875),.PCURVE_S1.);
#3859 = LINE('',#3860,#3861);
#3860 = CARTESIAN_POINT('',(-1.325,0.175,0.11));
#3861 = VECTOR('',#3862,1.);
#3862 = DIRECTION('',(1.,-5.243344273594E-32,-2.289834988289E-16));
#3863 = PCURVE('',#3864,#3869);
#3864 = PLANE('',#3865);
#3865 = AXIS2_PLACEMENT_3D('',#3866,#3867,#3868);
#3866 = CARTESIAN_POINT('',(-1.325,0.175,0.11));
#3867 = DIRECTION('',(0.,1.,-2.289834988289E-16));
#3868 = DIRECTION('',(-2.289834988289E-16,-2.289834988289E-16,-1.));
#3869 = DEFINITIONAL_REPRESENTATION('',(#3870),#3874);
#3870 = LINE('',#3871,#3872);
#3871 = CARTESIAN_POINT('',(-0.,0.));
#3872 = VECTOR('',#3873,1.);
#3873 = DIRECTION('',(0.,-1.));
#3874 = ( GEOMETRIC_REPRESENTATION_CONTEXT(2) 
PARAMETRIC_REPRESENTATION_CONTEXT() REPRESENTATION_CONTEXT('2D SPACE',''
  ) );
#3875 = PCURVE('',#3876,#3881);
#3876 = CYLINDRICAL_SURFACE('',#3877,5.E-02);
#3877 = AXIS2_PLACEMENT_3D('',#3878,#3879,#3880);
#3878 = CARTESIAN_POINT('',(-1.325,0.225,0.11));
#3879 = DIRECTION('',(1.,-5.243344273594E-32,-2.289834988289E-16));
#3880 = DIRECTION('',(-2.080052407982E-46,1.,-2.289834988289E-16));
#3881 = DEFINITIONAL_REPRESENTATION('',(#3882),#3886);
#3882 = LINE('',#3883,#3884);
#3883 = CARTESIAN_POINT('',(3.14159265359,0.));
#3884 = VECTOR('',#3885,1.);
#3885 = DIRECTION('',(0.,1.));
#3886 = ( GEOMETRIC_REPRESENTATION_CONTEXT(2) 
PARAMETRIC_REPRESENTATION_CONTEXT() REPRESENTATION_CONTEXT('2D SPACE',''
  ) );
#3887 = ORIENTED_EDGE('',*,*,#3888,.T.);
#3888 = EDGE_CURVE('',#3856,#3889,#3891,.T.);
#3889 = VERTEX_POINT('',#3890);
#3890 = CARTESIAN_POINT('',(-1.175,0.175,5.E-02));
#3891 = SURFACE_CURVE('',#3892,(#3896,#3903),.PCURVE_S1.);
#3892 = LINE('',#3893,#3894);
#3893 = CARTESIAN_POINT('',(-1.175,0.175,0.841614));
#3894 = VECTOR('',#3895,1.);
#3895 = DIRECTION('',(-2.289834988289E-16,-2.289834988289E-16,-1.));
#3896 = PCURVE('',#3864,#3897);
#3897 = DEFINITIONAL_REPRESENTATION('',(#3898),#3902);
#3898 = LINE('',#3899,#3900);
#3899 = CARTESIAN_POINT('',(-0.731614,-0.15));
#3900 = VECTOR('',#3901,1.);
#3901 = DIRECTION('',(1.,0.));
#3902 = ( GEOMETRIC_REPRESENTATION_CONTEXT(2) 
PARAMETRIC_REPRESENTATION_CONTEXT() REPRESENTATION_CONTEXT('2D SPACE',''
  ) );
#3903 = PCURVE('',#1269,#3904);
#3904 = DEFINITIONAL_REPRESENTATION('',(#3905),#3909);
#3905 = LINE('',#3906,#3907);
#3906 = CARTESIAN_POINT('',(5.422092460224E-02,0.671113768985));
#3907 = VECTOR('',#3908,1.);
#3908 = DIRECTION('',(-2.289834988289E-16,-1.));
#3909 = ( GEOMETRIC_REPRESENTATION_CONTEXT(2) 
PARAMETRIC_REPRESENTATION_CONTEXT() REPRESENTATION_CONTEXT('2D SPACE',''
  ) );
#3910 = ORIENTED_EDGE('',*,*,#3911,.F.);
#3911 = EDGE_CURVE('',#3912,#3889,#3914,.T.);
#3912 = VERTEX_POINT('',#3913);
#3913 = CARTESIAN_POINT('',(-1.325,0.175,5.E-02));
#3914 = SURFACE_CURVE('',#3915,(#3919,#3926),.PCURVE_S1.);
#3915 = LINE('',#3916,#3917);
#3916 = CARTESIAN_POINT('',(-1.325,0.175,5.E-02));
#3917 = VECTOR('',#3918,1.);
#3918 = DIRECTION('',(1.,-5.243344273594E-32,-2.289834988289E-16));
#3919 = PCURVE('',#3864,#3920);
#3920 = DEFINITIONAL_REPRESENTATION('',(#3921),#3925);
#3921 = LINE('',#3922,#3923);
#3922 = CARTESIAN_POINT('',(6.E-02,-1.373900992974E-17));
#3923 = VECTOR('',#3924,1.);
#3924 = DIRECTION('',(0.,-1.));
#3925 = ( GEOMETRIC_REPRESENTATION_CONTEXT(2) 
PARAMETRIC_REPRESENTATION_CONTEXT() REPRESENTATION_CONTEXT('2D SPACE',''
  ) );
#3926 = PCURVE('',#3927,#3932);
#3927 = PLANE('',#3928);
#3928 = AXIS2_PLACEMENT_3D('',#3929,#3930,#3931);
#3929 = CARTESIAN_POINT('',(-1.325,0.175,5.E-02));
#3930 = DIRECTION('',(-1.619157848018E-16,0.707106781186,-0.707106781187
    ));
#3931 = DIRECTION('',(-1.619157848018E-16,-0.707106781187,
    -0.707106781186));
#3932 = DEFINITIONAL_REPRESENTATION('',(#3933),#3937);
#3933 = LINE('',#3934,#3935);
#3934 = CARTESIAN_POINT('',(-0.,0.));
#3935 = VECTOR('',#3936,1.);
#3936 = DIRECTION('',(2.465190328816E-32,-1.));
#3937 = ( GEOMETRIC_REPRESENTATION_CONTEXT(2) 
PARAMETRIC_REPRESENTATION_CONTEXT() REPRESENTATION_CONTEXT('2D SPACE',''
  ) );
#3938 = ORIENTED_EDGE('',*,*,#3939,.F.);
#3939 = EDGE_CURVE('',#3854,#3912,#3940,.T.);
#3940 = SURFACE_CURVE('',#3941,(#3945,#3952),.PCURVE_S1.);
#3941 = LINE('',#3942,#3943);
#3942 = CARTESIAN_POINT('',(-1.325,0.175,0.11));
#3943 = VECTOR('',#3944,1.);
#3944 = DIRECTION('',(-2.289834988289E-16,-2.289834988289E-16,-1.));
#3945 = PCURVE('',#3864,#3946);
#3946 = DEFINITIONAL_REPRESENTATION('',(#3947),#3951);
#3947 = LINE('',#3948,#3949);
#3948 = CARTESIAN_POINT('',(-0.,0.));
#3949 = VECTOR('',#3950,1.);
#3950 = DIRECTION('',(1.,0.));
#3951 = ( GEOMETRIC_REPRESENTATION_CONTEXT(2) 
PARAMETRIC_REPRESENTATION_CONTEXT() REPRESENTATION_CONTEXT('2D SPACE',''
  ) );
#3952 = PCURVE('',#1324,#3953);
#3953 = DEFINITIONAL_REPRESENTATION('',(#3954),#3958);
#3954 = LINE('',#3955,#3956);
#3955 = CARTESIAN_POINT('',(5.422092460224E-02,-6.050023101547E-02));
#3956 = VECTOR('',#3957,1.);
#3957 = DIRECTION('',(-2.289834988289E-16,-1.));
#3958 = ( GEOMETRIC_REPRESENTATION_CONTEXT(2) 
PARAMETRIC_REPRESENTATION_CONTEXT() REPRESENTATION_CONTEXT('2D SPACE',''
  ) );
#3959 = ADVANCED_FACE('',(#3960),#3974,.T.);
#3960 = FACE_BOUND('',#3961,.T.);
#3961 = EDGE_LOOP('',(#3962,#3997,#4025,#4048));
#3962 = ORIENTED_EDGE('',*,*,#3963,.F.);
#3963 = EDGE_CURVE('',#3964,#3966,#3968,.T.);
#3964 = VERTEX_POINT('',#3965);
#3965 = CARTESIAN_POINT('',(1.9,-0.125,8.E-02));
#3966 = VERTEX_POINT('',#3967);
#3967 = CARTESIAN_POINT('',(1.9,-0.205,8.E-02));
#3968 = SURFACE_CURVE('',#3969,(#3973,#3985),.PCURVE_S1.);
#3969 = LINE('',#3970,#3971);
#3970 = CARTESIAN_POINT('',(1.9,-0.430137,8.E-02));
#3971 = VECTOR('',#3972,1.);
#3972 = DIRECTION('',(-1.224606353822E-16,-1.,2.289834988289E-16));
#3973 = PCURVE('',#3974,#3979);
#3974 = PLANE('',#3975);
#3975 = AXIS2_PLACEMENT_3D('',#3976,#3977,#3978);
#3976 = CARTESIAN_POINT('',(1.925,-0.275,5.5E-02));
#3977 = DIRECTION('',(-0.707106781187,-7.532303909457E-17,
    -0.707106781187));
#3978 = DIRECTION('',(0.707106781187,6.231304445401E-16,-0.707106781187)
  );
#3979 = DEFINITIONAL_REPRESENTATION('',(#3980),#3984);
#3980 = LINE('',#3981,#3982);
#3981 = CARTESIAN_POINT('',(-3.535533905933E-02,0.155137));
#3982 = VECTOR('',#3983,1.);
#3983 = DIRECTION('',(-8.716389750491E-16,1.));
#3984 = ( GEOMETRIC_REPRESENTATION_CONTEXT(2) 
PARAMETRIC_REPRESENTATION_CONTEXT() REPRESENTATION_CONTEXT('2D SPACE',''
  ) );
#3985 = PCURVE('',#3986,#3991);
#3986 = PLANE('',#3987);
#3987 = AXIS2_PLACEMENT_3D('',#3988,#3989,#3990);
#3988 = CARTESIAN_POINT('',(1.6625,-0.125,8.E-02));
#3989 = DIRECTION('',(-2.289834988289E-16,-2.289834988289E-16,-1.));
#3990 = DIRECTION('',(0.,-1.,2.289834988289E-16));
#3991 = DEFINITIONAL_REPRESENTATION('',(#3992),#3996);
#3992 = LINE('',#3993,#3994);
#3993 = CARTESIAN_POINT('',(0.305137,-0.2375));
#3994 = VECTOR('',#3995,1.);
#3995 = DIRECTION('',(1.,1.224606353822E-16));
#3996 = ( GEOMETRIC_REPRESENTATION_CONTEXT(2) 
PARAMETRIC_REPRESENTATION_CONTEXT() REPRESENTATION_CONTEXT('2D SPACE',''
  ) );
#3997 = ORIENTED_EDGE('',*,*,#3998,.F.);
#3998 = EDGE_CURVE('',#3999,#3964,#4001,.T.);
#3999 = VERTEX_POINT('',#4000);
#4000 = CARTESIAN_POINT('',(1.95,-0.125,3.E-02));
#4001 = SURFACE_CURVE('',#4002,(#4006,#4013),.PCURVE_S1.);
#4002 = LINE('',#4003,#4004);
#4003 = CARTESIAN_POINT('',(-13.5,-0.125,15.48));
#4004 = VECTOR('',#4005,1.);
#4005 = DIRECTION('',(-0.707106781187,1.064046335705E-16,0.707106781187)
  );
#4006 = PCURVE('',#3974,#4007);
#4007 = DEFINITIONAL_REPRESENTATION('',(#4008),#4012);
#4008 = LINE('',#4009,#4010);
#4009 = CARTESIAN_POINT('',(-21.8142441996,-0.15));
#4010 = VECTOR('',#4011,1.);
#4011 = DIRECTION('',(-1.,-7.295350781106E-16));
#4012 = ( GEOMETRIC_REPRESENTATION_CONTEXT(2) 
PARAMETRIC_REPRESENTATION_CONTEXT() REPRESENTATION_CONTEXT('2D SPACE',''
  ) );
#4013 = PCURVE('',#4014,#4019);
#4014 = PLANE('',#4015);
#4015 = AXIS2_PLACEMENT_3D('',#4016,#4017,#4018);
#4016 = CARTESIAN_POINT('',(2.325,-0.125,0.31));
#4017 = DIRECTION('',(2.804146475864E-32,1.,-1.065228634467E-16));
#4018 = DIRECTION('',(-2.289834988289E-16,-1.065228634467E-16,-1.));
#4019 = DEFINITIONAL_REPRESENTATION('',(#4020),#4024);
#4020 = LINE('',#4021,#4022);
#4021 = CARTESIAN_POINT('',(-15.17,15.825));
#4022 = VECTOR('',#4023,1.);
#4023 = DIRECTION('',(-0.707106781187,0.707106781187));
#4024 = ( GEOMETRIC_REPRESENTATION_CONTEXT(2) 
PARAMETRIC_REPRESENTATION_CONTEXT() REPRESENTATION_CONTEXT('2D SPACE',''
  ) );
#4025 = ORIENTED_EDGE('',*,*,#4026,.F.);
#4026 = EDGE_CURVE('',#4027,#3999,#4029,.T.);
#4027 = VERTEX_POINT('',#4028);
#4028 = CARTESIAN_POINT('',(1.95,-0.425,3.E-02));
#4029 = SURFACE_CURVE('',#4030,(#4034,#4041),.PCURVE_S1.);
#4030 = LINE('',#4031,#4032);
#4031 = CARTESIAN_POINT('',(1.95,-0.430137,3.E-02));
#4032 = VECTOR('',#4033,1.);
#4033 = DIRECTION('',(1.932570076653E-32,1.,-1.065228634467E-16));
#4034 = PCURVE('',#3974,#4035);
#4035 = DEFINITIONAL_REPRESENTATION('',(#4036),#4040);
#4036 = LINE('',#4037,#4038);
#4037 = CARTESIAN_POINT('',(3.535533905933E-02,0.155137));
#4038 = VECTOR('',#4039,1.);
#4039 = DIRECTION('',(6.984534836347E-16,-1.));
#4040 = ( GEOMETRIC_REPRESENTATION_CONTEXT(2) 
PARAMETRIC_REPRESENTATION_CONTEXT() REPRESENTATION_CONTEXT('2D SPACE',''
  ) );
#4041 = PCURVE('',#649,#4042);
#4042 = DEFINITIONAL_REPRESENTATION('',(#4043),#4047);
#4043 = LINE('',#4044,#4045);
#4044 = CARTESIAN_POINT('',(0.305137,-49.0525));
#4045 = VECTOR('',#4046,1.);
#4046 = DIRECTION('',(-1.,8.715763992105E-33));
#4047 = ( GEOMETRIC_REPRESENTATION_CONTEXT(2) 
PARAMETRIC_REPRESENTATION_CONTEXT() REPRESENTATION_CONTEXT('2D SPACE',''
  ) );
#4048 = ORIENTED_EDGE('',*,*,#4049,.T.);
#4049 = EDGE_CURVE('',#4027,#3966,#4050,.T.);
#4050 = SURFACE_CURVE('',#4051,(#4055,#4062),.PCURVE_S1.);
#4051 = LINE('',#4052,#4053);
#4052 = CARTESIAN_POINT('',(1.9511675,-0.430137,2.88325E-02));
#4053 = VECTOR('',#4054,1.);
#4054 = DIRECTION('',(-0.216371161204,0.952033109297,0.216371161204));
#4055 = PCURVE('',#3974,#4056);
#4056 = DEFINITIONAL_REPRESENTATION('',(#4057),#4061);
#4057 = LINE('',#4058,#4059);
#4058 = CARTESIAN_POINT('',(3.70064333934E-02,0.155137));
#4059 = VECTOR('',#4060,1.);
#4060 = DIRECTION('',(-0.305995030681,-0.952033109297));
#4061 = ( GEOMETRIC_REPRESENTATION_CONTEXT(2) 
PARAMETRIC_REPRESENTATION_CONTEXT() REPRESENTATION_CONTEXT('2D SPACE',''
  ) );
#4062 = PCURVE('',#4063,#4068);
#4063 = PLANE('',#4064);
#4064 = AXIS2_PLACEMENT_3D('',#4065,#4066,#4067);
#4065 = CARTESIAN_POINT('',(1.6625,-0.205,8.E-02));
#4066 = DIRECTION('',(-2.232893331422E-16,0.221621103589,-0.975132855791
    ));
#4067 = DIRECTION('',(-5.074757571413E-17,-0.975132855791,
    -0.221621103589));
#4068 = DEFINITIONAL_REPRESENTATION('',(#4069),#4073);
#4069 = LINE('',#4070,#4071);
#4070 = CARTESIAN_POINT('',(0.230878283572,-0.2886675));
#4071 = VECTOR('',#4072,1.);
#4072 = DIRECTION('',(-0.976311180208,0.216371161204));
#4073 = ( GEOMETRIC_REPRESENTATION_CONTEXT(2) 
PARAMETRIC_REPRESENTATION_CONTEXT() REPRESENTATION_CONTEXT('2D SPACE',''
  ) );
#4074 = ADVANCED_FACE('',(#4075),#3534,.F.);
#4075 = FACE_BOUND('',#4076,.T.);
#4076 = EDGE_LOOP('',(#4077,#4100,#4128,#4149));
#4077 = ORIENTED_EDGE('',*,*,#4078,.F.);
#4078 = EDGE_CURVE('',#4079,#3491,#4081,.T.);
#4079 = VERTEX_POINT('',#4080);
#4080 = CARTESIAN_POINT('',(2.765,-2.755,0.3));
#4081 = SURFACE_CURVE('',#4082,(#4086,#4093),.PCURVE_S1.);
#4082 = LINE('',#4083,#4084);
#4083 = CARTESIAN_POINT('',(-2.235,-2.755,0.3));
#4084 = VECTOR('',#4085,1.);
#4085 = DIRECTION('',(-1.,5.243344273594E-32,2.289834988289E-16));
#4086 = PCURVE('',#3534,#4087);
#4087 = DEFINITIONAL_REPRESENTATION('',(#4088),#4092);
#4088 = LINE('',#4089,#4090);
#4089 = CARTESIAN_POINT('',(1.56,8.0725));
#4090 = VECTOR('',#4091,1.);
#4091 = DIRECTION('',(2.080052407982E-46,1.));
#4092 = ( GEOMETRIC_REPRESENTATION_CONTEXT(2) 
PARAMETRIC_REPRESENTATION_CONTEXT() REPRESENTATION_CONTEXT('2D SPACE',''
  ) );
#4093 = PCURVE('',#3506,#4094);
#4094 = DEFINITIONAL_REPRESENTATION('',(#4095),#4099);
#4095 = LINE('',#4096,#4097);
#4096 = CARTESIAN_POINT('',(-4.130220822471E-18,-9.));
#4097 = VECTOR('',#4098,1.);
#4098 = DIRECTION('',(6.902532920684E-31,-1.));
#4099 = ( GEOMETRIC_REPRESENTATION_CONTEXT(2) 
PARAMETRIC_REPRESENTATION_CONTEXT() REPRESENTATION_CONTEXT('2D SPACE',''
  ) );
#4100 = ORIENTED_EDGE('',*,*,#4101,.T.);
#4101 = EDGE_CURVE('',#4079,#4102,#4104,.T.);
#4102 = VERTEX_POINT('',#4103);
#4103 = CARTESIAN_POINT('',(2.765,-2.325,0.3));
#4104 = SURFACE_CURVE('',#4105,(#4109,#4116),.PCURVE_S1.);
#4105 = LINE('',#4106,#4107);
#4106 = CARTESIAN_POINT('',(2.765,-0.430137,0.3));
#4107 = VECTOR('',#4108,1.);
#4108 = DIRECTION('',(5.243344273594E-32,1.,0.));
#4109 = PCURVE('',#3534,#4110);
#4110 = DEFINITIONAL_REPRESENTATION('',(#4111),#4115);
#4111 = LINE('',#4112,#4113);
#4112 = CARTESIAN_POINT('',(-0.764863,3.0725));
#4113 = VECTOR('',#4114,1.);
#4114 = DIRECTION('',(-1.,2.080052407982E-46));
#4115 = ( GEOMETRIC_REPRESENTATION_CONTEXT(2) 
PARAMETRIC_REPRESENTATION_CONTEXT() REPRESENTATION_CONTEXT('2D SPACE',''
  ) );
#4116 = PCURVE('',#4117,#4122);
#4117 = PLANE('',#4118);
#4118 = AXIS2_PLACEMENT_3D('',#4119,#4120,#4121);
#4119 = CARTESIAN_POINT('',(2.765,-2.925,1.05));
#4120 = DIRECTION('',(-1.,5.243344273594E-32,2.289834988289E-16));
#4121 = DIRECTION('',(-2.080052407982E-46,1.,-2.289834988289E-16));
#4122 = DEFINITIONAL_REPRESENTATION('',(#4123),#4127);
#4123 = LINE('',#4124,#4125);
#4124 = CARTESIAN_POINT('',(2.494863,0.75));
#4125 = VECTOR('',#4126,1.);
#4126 = DIRECTION('',(1.,-2.289834988289E-16));
#4127 = ( GEOMETRIC_REPRESENTATION_CONTEXT(2) 
PARAMETRIC_REPRESENTATION_CONTEXT() REPRESENTATION_CONTEXT('2D SPACE',''
  ) );
#4128 = ORIENTED_EDGE('',*,*,#4129,.T.);
#4129 = EDGE_CURVE('',#4102,#3519,#4130,.T.);
#4130 = SURFACE_CURVE('',#4131,(#4135,#4142),.PCURVE_S1.);
#4131 = LINE('',#4132,#4133);
#4132 = CARTESIAN_POINT('',(-16.,-2.325,0.3));
#4133 = VECTOR('',#4134,1.);
#4134 = DIRECTION('',(-1.,5.243344273594E-32,2.289834988289E-16));
#4135 = PCURVE('',#3534,#4136);
#4136 = DEFINITIONAL_REPRESENTATION('',(#4137),#4141);
#4137 = LINE('',#4138,#4139);
#4138 = CARTESIAN_POINT('',(1.13,21.8375));
#4139 = VECTOR('',#4140,1.);
#4140 = DIRECTION('',(2.080052407982E-46,1.));
#4141 = ( GEOMETRIC_REPRESENTATION_CONTEXT(2) 
PARAMETRIC_REPRESENTATION_CONTEXT() REPRESENTATION_CONTEXT('2D SPACE',''
  ) );
#4142 = PCURVE('',#3562,#4143);
#4143 = DEFINITIONAL_REPRESENTATION('',(#4144),#4148);
#4144 = LINE('',#4145,#4146);
#4145 = CARTESIAN_POINT('',(-9.785631443399E-15,-22.785));
#4146 = VECTOR('',#4147,1.);
#4147 = DIRECTION('',(4.622231866529E-33,-1.));
#4148 = ( GEOMETRIC_REPRESENTATION_CONTEXT(2) 
PARAMETRIC_REPRESENTATION_CONTEXT() REPRESENTATION_CONTEXT('2D SPACE',''
  ) );
#4149 = ORIENTED_EDGE('',*,*,#3518,.F.);
#4150 = ADVANCED_FACE('',(#4151),#3838,.F.);
#4151 = FACE_BOUND('',#4152,.T.);
#4152 = EDGE_LOOP('',(#4153,#4178,#4206,#4227,#4228));
#4153 = ORIENTED_EDGE('',*,*,#4154,.F.);
#4154 = EDGE_CURVE('',#4155,#4157,#4159,.T.);
#4155 = VERTEX_POINT('',#4156);
#4156 = CARTESIAN_POINT('',(-3.1025,-2.875,1.));
#4157 = VERTEX_POINT('',#4158);
#4158 = CARTESIAN_POINT('',(-2.9525,-3.025,1.));
#4159 = SURFACE_CURVE('',#4160,(#4164,#4171),.PCURVE_S1.);
#4160 = LINE('',#4161,#4162);
#4161 = CARTESIAN_POINT('',(-5.547363,-0.430137,1.));
#4162 = VECTOR('',#4163,1.);
#4163 = DIRECTION('',(0.707106781187,-0.707106781187,1.429810390713E-30)
  );
#4164 = PCURVE('',#3838,#4165);
#4165 = DEFINITIONAL_REPRESENTATION('',(#4166),#4170);
#4166 = LINE('',#4167,#4168);
#4167 = CARTESIAN_POINT('',(3.563624429922,0.385));
#4168 = VECTOR('',#4169,1.);
#4169 = DIRECTION('',(-1.,-2.465190328816E-32));
#4170 = ( GEOMETRIC_REPRESENTATION_CONTEXT(2) 
PARAMETRIC_REPRESENTATION_CONTEXT() REPRESENTATION_CONTEXT('2D SPACE',''
  ) );
#4171 = PCURVE('',#44,#4172);
#4172 = DEFINITIONAL_REPRESENTATION('',(#4173),#4177);
#4173 = LINE('',#4174,#4175);
#4174 = CARTESIAN_POINT('',(-2.188730268294,36.129261388842));
#4175 = VECTOR('',#4176,1.);
#4176 = DIRECTION('',(0.707106781187,0.707106781187));
#4177 = ( GEOMETRIC_REPRESENTATION_CONTEXT(2) 
PARAMETRIC_REPRESENTATION_CONTEXT() REPRESENTATION_CONTEXT('2D SPACE',''
  ) );
#4178 = ORIENTED_EDGE('',*,*,#4179,.F.);
#4179 = EDGE_CURVE('',#4180,#4155,#4182,.T.);
#4180 = VERTEX_POINT('',#4181);
#4181 = CARTESIAN_POINT('',(-3.1025,-2.875,0.18));
#4182 = SURFACE_CURVE('',#4183,(#4187,#4194),.PCURVE_S1.);
#4183 = LINE('',#4184,#4185);
#4184 = CARTESIAN_POINT('',(-3.1025,-2.875,0.615));
#4185 = VECTOR('',#4186,1.);
#4186 = DIRECTION('',(2.289834988289E-16,2.289834988289E-16,1.));
#4187 = PCURVE('',#3838,#4188);
#4188 = DEFINITIONAL_REPRESENTATION('',(#4189),#4193);
#4189 = LINE('',#4190,#4191);
#4190 = CARTESIAN_POINT('',(0.106066017178,1.879707625722E-31));
#4191 = VECTOR('',#4192,1.);
#4192 = DIRECTION('',(1.479114197289E-31,1.));
#4193 = ( GEOMETRIC_REPRESENTATION_CONTEXT(2) 
PARAMETRIC_REPRESENTATION_CONTEXT() REPRESENTATION_CONTEXT('2D SPACE',''
  ) );
#4194 = PCURVE('',#4195,#4200);
#4195 = PLANE('',#4196);
#4196 = AXIS2_PLACEMENT_3D('',#4197,#4198,#4199);
#4197 = CARTESIAN_POINT('',(-3.1025,-1.050063769579,0.402847335292));
#4198 = DIRECTION('',(1.,-5.243344273594E-32,-2.289834988289E-16));
#4199 = DIRECTION('',(2.804146475864E-32,1.,-1.065228634467E-16));
#4200 = DEFINITIONAL_REPRESENTATION('',(#4201),#4205);
#4201 = LINE('',#4202,#4203);
#4202 = CARTESIAN_POINT('',(-1.824936230421,0.212152664708));
#4203 = VECTOR('',#4204,1.);
#4204 = DIRECTION('',(1.224606353822E-16,1.));
#4205 = ( GEOMETRIC_REPRESENTATION_CONTEXT(2) 
PARAMETRIC_REPRESENTATION_CONTEXT() REPRESENTATION_CONTEXT('2D SPACE',''
  ) );
#4206 = ORIENTED_EDGE('',*,*,#4207,.F.);
#4207 = EDGE_CURVE('',#3746,#4180,#4208,.T.);
#4208 = SURFACE_CURVE('',#4209,(#4213,#4220),.PCURVE_S1.);
#4209 = LINE('',#4210,#4211);
#4210 = CARTESIAN_POINT('',(-5.547363,-0.430137,0.18));
#4211 = VECTOR('',#4212,1.);
#4212 = DIRECTION('',(-0.707106781187,0.707106781187,1.110223024625E-16)
  );
#4213 = PCURVE('',#3838,#4214);
#4214 = DEFINITIONAL_REPRESENTATION('',(#4215),#4219);
#4215 = LINE('',#4216,#4217);
#4216 = CARTESIAN_POINT('',(3.563624429922,-0.435));
#4217 = VECTOR('',#4218,1.);
#4218 = DIRECTION('',(1.,1.110223024625E-16));
#4219 = ( GEOMETRIC_REPRESENTATION_CONTEXT(2) 
PARAMETRIC_REPRESENTATION_CONTEXT() REPRESENTATION_CONTEXT('2D SPACE',''
  ) );
#4220 = PCURVE('',#3766,#4221);
#4221 = DEFINITIONAL_REPRESENTATION('',(#4222),#4226);
#4222 = LINE('',#4223,#4224);
#4223 = CARTESIAN_POINT('',(-2.594863,2.594863));
#4224 = VECTOR('',#4225,1.);
#4225 = DIRECTION('',(-0.707106781187,0.707106781187));
#4226 = ( GEOMETRIC_REPRESENTATION_CONTEXT(2) 
PARAMETRIC_REPRESENTATION_CONTEXT() REPRESENTATION_CONTEXT('2D SPACE',''
  ) );
#4227 = ORIENTED_EDGE('',*,*,#3824,.F.);
#4228 = ORIENTED_EDGE('',*,*,#4229,.T.);
#4229 = EDGE_CURVE('',#3802,#4157,#4230,.T.);
#4230 = SURFACE_CURVE('',#4231,(#4235,#4242),.PCURVE_S1.);
#4231 = LINE('',#4232,#4233);
#4232 = CARTESIAN_POINT('',(-2.9525,-3.025,0.615));
#4233 = VECTOR('',#4234,1.);
#4234 = DIRECTION('',(2.289834988289E-16,2.289834988289E-16,1.));
#4235 = PCURVE('',#3838,#4236);
#4236 = DEFINITIONAL_REPRESENTATION('',(#4237),#4241);
#4237 = LINE('',#4238,#4239);
#4238 = CARTESIAN_POINT('',(-0.106066017178,-1.879707625722E-31));
#4239 = VECTOR('',#4240,1.);
#4240 = DIRECTION('',(1.479114197289E-31,1.));
#4241 = ( GEOMETRIC_REPRESENTATION_CONTEXT(2) 
PARAMETRIC_REPRESENTATION_CONTEXT() REPRESENTATION_CONTEXT('2D SPACE',''
  ) );
#4242 = PCURVE('',#4243,#4248);
#4243 = PLANE('',#4244);
#4244 = AXIS2_PLACEMENT_3D('',#4245,#4246,#4247);
#4245 = CARTESIAN_POINT('',(-22.885,-3.025,1.05));
#4246 = DIRECTION('',(0.,-1.,2.289834988289E-16));
#4247 = DIRECTION('',(-1.,5.243344273594E-32,2.289834988289E-16));
#4248 = DEFINITIONAL_REPRESENTATION('',(#4249),#4253);
#4249 = LINE('',#4250,#4251);
#4250 = CARTESIAN_POINT('',(-19.9325,0.435));
#4251 = VECTOR('',#4252,1.);
#4252 = DIRECTION('',(0.,-1.));
#4253 = ( GEOMETRIC_REPRESENTATION_CONTEXT(2) 
PARAMETRIC_REPRESENTATION_CONTEXT() REPRESENTATION_CONTEXT('2D SPACE',''
  ) );
#4254 = ADVANCED_FACE('',(#4255),#962,.F.);
#4255 = FACE_BOUND('',#4256,.T.);
#4256 = EDGE_LOOP('',(#4257,#4258,#4279,#4280,#4281,#4304));
#4257 = ORIENTED_EDGE('',*,*,#3801,.T.);
#4258 = ORIENTED_EDGE('',*,*,#4259,.F.);
#4259 = EDGE_CURVE('',#947,#3779,#4260,.T.);
#4260 = SURFACE_CURVE('',#4261,(#4265,#4272),.PCURVE_S1.);
#4261 = LINE('',#4262,#4263);
#4262 = CARTESIAN_POINT('',(-2.9525,-1.925,0.402847335292));
#4263 = VECTOR('',#4264,1.);
#4264 = DIRECTION('',(2.289834988289E-16,1.065228634467E-16,1.));
#4265 = PCURVE('',#962,#4266);
#4266 = DEFINITIONAL_REPRESENTATION('',(#4267),#4271);
#4267 = LINE('',#4268,#4269);
#4268 = CARTESIAN_POINT('',(-0.372847335292,1.1));
#4269 = VECTOR('',#4270,1.);
#4270 = DIRECTION('',(-1.,0.));
#4271 = ( GEOMETRIC_REPRESENTATION_CONTEXT(2) 
PARAMETRIC_REPRESENTATION_CONTEXT() REPRESENTATION_CONTEXT('2D SPACE',''
  ) );
#4272 = PCURVE('',#988,#4273);
#4273 = DEFINITIONAL_REPRESENTATION('',(#4274),#4278);
#4274 = LINE('',#4275,#4276);
#4275 = CARTESIAN_POINT('',(0.153522180073,-1.882167131029E-02));
#4276 = VECTOR('',#4277,1.);
#4277 = DIRECTION('',(-1.,0.));
#4278 = ( GEOMETRIC_REPRESENTATION_CONTEXT(2) 
PARAMETRIC_REPRESENTATION_CONTEXT() REPRESENTATION_CONTEXT('2D SPACE',''
  ) );
#4279 = ORIENTED_EDGE('',*,*,#946,.T.);
#4280 = ORIENTED_EDGE('',*,*,#1766,.T.);
#4281 = ORIENTED_EDGE('',*,*,#4282,.T.);
#4282 = EDGE_CURVE('',#1744,#4283,#4285,.T.);
#4283 = VERTEX_POINT('',#4284);
#4284 = CARTESIAN_POINT('',(-2.9525,-3.025,3.E-02));
#4285 = SURFACE_CURVE('',#4286,(#4290,#4297),.PCURVE_S1.);
#4286 = LINE('',#4287,#4288);
#4287 = CARTESIAN_POINT('',(-2.9525,-0.430137,3.E-02));
#4288 = VECTOR('',#4289,1.);
#4289 = DIRECTION('',(-2.804146475864E-32,-1.,1.065228634467E-16));
#4290 = PCURVE('',#962,#4291);
#4291 = DEFINITIONAL_REPRESENTATION('',(#4292),#4296);
#4292 = LINE('',#4293,#4294);
#4293 = CARTESIAN_POINT('',(-1.757982754052E-16,2.594863));
#4294 = VECTOR('',#4295,1.);
#4295 = DIRECTION('',(0.,-1.));
#4296 = ( GEOMETRIC_REPRESENTATION_CONTEXT(2) 
PARAMETRIC_REPRESENTATION_CONTEXT() REPRESENTATION_CONTEXT('2D SPACE',''
  ) );
#4297 = PCURVE('',#649,#4298);
#4298 = DEFINITIONAL_REPRESENTATION('',(#4299),#4303);
#4299 = LINE('',#4300,#4301);
#4300 = CARTESIAN_POINT('',(0.305137,-44.15));
#4301 = VECTOR('',#4302,1.);
#4302 = DIRECTION('',(1.,2.736911063134E-48));
#4303 = ( GEOMETRIC_REPRESENTATION_CONTEXT(2) 
PARAMETRIC_REPRESENTATION_CONTEXT() REPRESENTATION_CONTEXT('2D SPACE',''
  ) );
#4304 = ORIENTED_EDGE('',*,*,#4305,.T.);
#4305 = EDGE_CURVE('',#4283,#3802,#4306,.T.);
#4306 = SURFACE_CURVE('',#4307,(#4311,#4318),.PCURVE_S1.);
#4307 = LINE('',#4308,#4309);
#4308 = CARTESIAN_POINT('',(-2.9525,-3.025,0.402847335292));
#4309 = VECTOR('',#4310,1.);
#4310 = DIRECTION('',(2.289834988289E-16,1.065228634467E-16,1.));
#4311 = PCURVE('',#962,#4312);
#4312 = DEFINITIONAL_REPRESENTATION('',(#4313),#4317);
#4313 = LINE('',#4314,#4315);
#4314 = CARTESIAN_POINT('',(-0.372847335292,-3.971676578378E-17));
#4315 = VECTOR('',#4316,1.);
#4316 = DIRECTION('',(-1.,0.));
#4317 = ( GEOMETRIC_REPRESENTATION_CONTEXT(2) 
PARAMETRIC_REPRESENTATION_CONTEXT() REPRESENTATION_CONTEXT('2D SPACE',''
  ) );
#4318 = PCURVE('',#4243,#4319);
#4319 = DEFINITIONAL_REPRESENTATION('',(#4320),#4324);
#4320 = LINE('',#4321,#4322);
#4321 = CARTESIAN_POINT('',(-19.9325,0.647152664708));
#4322 = VECTOR('',#4323,1.);
#4323 = DIRECTION('',(0.,-1.));
#4324 = ( GEOMETRIC_REPRESENTATION_CONTEXT(2) 
PARAMETRIC_REPRESENTATION_CONTEXT() REPRESENTATION_CONTEXT('2D SPACE',''
  ) );
#4325 = ADVANCED_FACE('',(#4326),#593,.T.);
#4326 = FACE_BOUND('',#4327,.T.);
#4327 = EDGE_LOOP('',(#4328,#4351,#4372,#4373,#4374,#4395));
#4328 = ORIENTED_EDGE('',*,*,#4329,.T.);
#4329 = EDGE_CURVE('',#573,#4330,#4332,.T.);
#4330 = VERTEX_POINT('',#4331);
#4331 = CARTESIAN_POINT('',(-1.9,-0.205,8.E-02));
#4332 = SURFACE_CURVE('',#4333,(#4337,#4344),.PCURVE_S1.);
#4333 = LINE('',#4334,#4335);
#4334 = CARTESIAN_POINT('',(-17.5,-0.205,8.E-02));
#4335 = VECTOR('',#4336,1.);
#4336 = DIRECTION('',(-1.,5.243344273594E-32,2.289834988289E-16));
#4337 = PCURVE('',#593,#4338);
#4338 = DEFINITIONAL_REPRESENTATION('',(#4339),#4343);
#4339 = LINE('',#4340,#4341);
#4340 = CARTESIAN_POINT('',(8.E-02,15.6625));
#4341 = VECTOR('',#4342,1.);
#4342 = DIRECTION('',(2.080052407982E-46,1.));
#4343 = ( GEOMETRIC_REPRESENTATION_CONTEXT(2) 
PARAMETRIC_REPRESENTATION_CONTEXT() REPRESENTATION_CONTEXT('2D SPACE',''
  ) );
#4344 = PCURVE('',#675,#4345);
#4345 = DEFINITIONAL_REPRESENTATION('',(#4346),#4350);
#4346 = LINE('',#4347,#4348);
#4347 = CARTESIAN_POINT('',(-2.881462727102E-17,15.6625));
#4348 = VECTOR('',#4349,1.);
#4349 = DIRECTION('',(-1.848892746612E-31,1.));
#4350 = ( GEOMETRIC_REPRESENTATION_CONTEXT(2) 
PARAMETRIC_REPRESENTATION_CONTEXT() REPRESENTATION_CONTEXT('2D SPACE',''
  ) );
#4351 = ORIENTED_EDGE('',*,*,#4352,.T.);
#4352 = EDGE_CURVE('',#4330,#2503,#4353,.T.);
#4353 = SURFACE_CURVE('',#4354,(#4358,#4365),.PCURVE_S1.);
#4354 = LINE('',#4355,#4356);
#4355 = CARTESIAN_POINT('',(-1.9,-0.430137,8.E-02));
#4356 = VECTOR('',#4357,1.);
#4357 = DIRECTION('',(-1.224606353822E-16,1.,-2.289834988289E-16));
#4358 = PCURVE('',#593,#4359);
#4359 = DEFINITIONAL_REPRESENTATION('',(#4360),#4364);
#4360 = LINE('',#4361,#4362);
#4361 = CARTESIAN_POINT('',(0.305137,6.25E-02));
#4362 = VECTOR('',#4363,1.);
#4363 = DIRECTION('',(-1.,1.224606353822E-16));
#4364 = ( GEOMETRIC_REPRESENTATION_CONTEXT(2) 
PARAMETRIC_REPRESENTATION_CONTEXT() REPRESENTATION_CONTEXT('2D SPACE',''
  ) );
#4365 = PCURVE('',#2541,#4366);
#4366 = DEFINITIONAL_REPRESENTATION('',(#4367),#4371);
#4367 = LINE('',#4368,#4369);
#4368 = CARTESIAN_POINT('',(-3.535533905933E-02,-0.155137));
#4369 = VECTOR('',#4370,1.);
#4370 = DIRECTION('',(8.716389750491E-16,1.));
#4371 = ( GEOMETRIC_REPRESENTATION_CONTEXT(2) 
PARAMETRIC_REPRESENTATION_CONTEXT() REPRESENTATION_CONTEXT('2D SPACE',''
  ) );
#4372 = ORIENTED_EDGE('',*,*,#2502,.F.);
#4373 = ORIENTED_EDGE('',*,*,#3029,.T.);
#4374 = ORIENTED_EDGE('',*,*,#4375,.F.);
#4375 = EDGE_CURVE('',#571,#2651,#4376,.T.);
#4376 = SURFACE_CURVE('',#4377,(#4381,#4388),.PCURVE_S1.);
#4377 = LINE('',#4378,#4379);
#4378 = CARTESIAN_POINT('',(-17.5,-0.125,8.E-02));
#4379 = VECTOR('',#4380,1.);
#4380 = DIRECTION('',(-1.,5.243344273594E-32,2.289834988289E-16));
#4381 = PCURVE('',#593,#4382);
#4382 = DEFINITIONAL_REPRESENTATION('',(#4383),#4387);
#4383 = LINE('',#4384,#4385);
#4384 = CARTESIAN_POINT('',(8.198683773256E-31,15.6625));
#4385 = VECTOR('',#4386,1.);
#4386 = DIRECTION('',(2.080052407982E-46,1.));
#4387 = ( GEOMETRIC_REPRESENTATION_CONTEXT(2) 
PARAMETRIC_REPRESENTATION_CONTEXT() REPRESENTATION_CONTEXT('2D SPACE',''
  ) );
#4388 = PCURVE('',#621,#4389);
#4389 = DEFINITIONAL_REPRESENTATION('',(#4390),#4394);
#4390 = LINE('',#4391,#4392);
#4391 = CARTESIAN_POINT('',(0.23,19.825));
#4392 = VECTOR('',#4393,1.);
#4393 = DIRECTION('',(0.,1.));
#4394 = ( GEOMETRIC_REPRESENTATION_CONTEXT(2) 
PARAMETRIC_REPRESENTATION_CONTEXT() REPRESENTATION_CONTEXT('2D SPACE',''
  ) );
#4395 = ORIENTED_EDGE('',*,*,#570,.T.);
#4396 = ADVANCED_FACE('',(#4397),#4411,.T.);
#4397 = FACE_BOUND('',#4398,.T.);
#4398 = EDGE_LOOP('',(#4399,#4429,#4452,#4475));
#4399 = ORIENTED_EDGE('',*,*,#4400,.T.);
#4400 = EDGE_CURVE('',#4401,#4403,#4405,.T.);
#4401 = VERTEX_POINT('',#4402);
#4402 = CARTESIAN_POINT('',(-1.325,0.225,0.31));
#4403 = VERTEX_POINT('',#4404);
#4404 = CARTESIAN_POINT('',(-1.175,0.225,0.31));
#4405 = SURFACE_CURVE('',#4406,(#4410,#4422),.PCURVE_S1.);
#4406 = LINE('',#4407,#4408);
#4407 = CARTESIAN_POINT('',(1.5,0.225,0.31));
#4408 = VECTOR('',#4409,1.);
#4409 = DIRECTION('',(1.,-5.243344273594E-32,-2.289834988289E-16));
#4410 = PCURVE('',#4411,#4416);
#4411 = PLANE('',#4412);
#4412 = AXIS2_PLACEMENT_3D('',#4413,#4414,#4415);
#4413 = CARTESIAN_POINT('',(-1.325,0.225,0.31));
#4414 = DIRECTION('',(0.,1.,-2.289834988289E-16));
#4415 = DIRECTION('',(-2.289834988289E-16,-2.289834988289E-16,-1.));
#4416 = DEFINITIONAL_REPRESENTATION('',(#4417),#4421);
#4417 = LINE('',#4418,#4419);
#4418 = CARTESIAN_POINT('',(3.349924504459E-15,-2.825));
#4419 = VECTOR('',#4420,1.);
#4420 = DIRECTION('',(0.,-1.));
#4421 = ( GEOMETRIC_REPRESENTATION_CONTEXT(2) 
PARAMETRIC_REPRESENTATION_CONTEXT() REPRESENTATION_CONTEXT('2D SPACE',''
  ) );
#4422 = PCURVE('',#512,#4423);
#4423 = DEFINITIONAL_REPRESENTATION('',(#4424),#4428);
#4424 = LINE('',#4425,#4426);
#4425 = CARTESIAN_POINT('',(-0.15,0.323724317761));
#4426 = VECTOR('',#4427,1.);
#4427 = DIRECTION('',(-1.,-2.736911063134E-48));
#4428 = ( GEOMETRIC_REPRESENTATION_CONTEXT(2) 
PARAMETRIC_REPRESENTATION_CONTEXT() REPRESENTATION_CONTEXT('2D SPACE',''
  ) );
#4429 = ORIENTED_EDGE('',*,*,#4430,.T.);
#4430 = EDGE_CURVE('',#4403,#4431,#4433,.T.);
#4431 = VERTEX_POINT('',#4432);
#4432 = CARTESIAN_POINT('',(-1.175,0.225,0.16));
#4433 = SURFACE_CURVE('',#4434,(#4438,#4445),.PCURVE_S1.);
#4434 = LINE('',#4435,#4436);
#4435 = CARTESIAN_POINT('',(-1.175,0.225,0.841614));
#4436 = VECTOR('',#4437,1.);
#4437 = DIRECTION('',(-2.289834988289E-16,-2.289834988289E-16,-1.));
#4438 = PCURVE('',#4411,#4439);
#4439 = DEFINITIONAL_REPRESENTATION('',(#4440),#4444);
#4440 = LINE('',#4441,#4442);
#4441 = CARTESIAN_POINT('',(-0.531614,-0.15));
#4442 = VECTOR('',#4443,1.);
#4443 = DIRECTION('',(1.,0.));
#4444 = ( GEOMETRIC_REPRESENTATION_CONTEXT(2) 
PARAMETRIC_REPRESENTATION_CONTEXT() REPRESENTATION_CONTEXT('2D SPACE',''
  ) );
#4445 = PCURVE('',#1269,#4446);
#4446 = DEFINITIONAL_REPRESENTATION('',(#4447),#4451);
#4447 = LINE('',#4448,#4449);
#4448 = CARTESIAN_POINT('',(0.104220924602,0.671113768985));
#4449 = VECTOR('',#4450,1.);
#4450 = DIRECTION('',(-2.289834988289E-16,-1.));
#4451 = ( GEOMETRIC_REPRESENTATION_CONTEXT(2) 
PARAMETRIC_REPRESENTATION_CONTEXT() REPRESENTATION_CONTEXT('2D SPACE',''
  ) );
#4452 = ORIENTED_EDGE('',*,*,#4453,.F.);
#4453 = EDGE_CURVE('',#4454,#4431,#4456,.T.);
#4454 = VERTEX_POINT('',#4455);
#4455 = CARTESIAN_POINT('',(-1.325,0.225,0.16));
#4456 = SURFACE_CURVE('',#4457,(#4461,#4468),.PCURVE_S1.);
#4457 = LINE('',#4458,#4459);
#4458 = CARTESIAN_POINT('',(-1.325,0.225,0.16));
#4459 = VECTOR('',#4460,1.);
#4460 = DIRECTION('',(1.,-5.243344273594E-32,-2.289834988289E-16));
#4461 = PCURVE('',#4411,#4462);
#4462 = DEFINITIONAL_REPRESENTATION('',(#4463),#4467);
#4463 = LINE('',#4464,#4465);
#4464 = CARTESIAN_POINT('',(0.15,-3.434752482434E-17));
#4465 = VECTOR('',#4466,1.);
#4466 = DIRECTION('',(0.,-1.));
#4467 = ( GEOMETRIC_REPRESENTATION_CONTEXT(2) 
PARAMETRIC_REPRESENTATION_CONTEXT() REPRESENTATION_CONTEXT('2D SPACE',''
  ) );
#4468 = PCURVE('',#3876,#4469);
#4469 = DEFINITIONAL_REPRESENTATION('',(#4470),#4474);
#4470 = LINE('',#4471,#4472);
#4471 = CARTESIAN_POINT('',(1.570796326795,0.));
#4472 = VECTOR('',#4473,1.);
#4473 = DIRECTION('',(0.,1.));
#4474 = ( GEOMETRIC_REPRESENTATION_CONTEXT(2) 
PARAMETRIC_REPRESENTATION_CONTEXT() REPRESENTATION_CONTEXT('2D SPACE',''
  ) );
#4475 = ORIENTED_EDGE('',*,*,#4476,.T.);
#4476 = EDGE_CURVE('',#4454,#4401,#4477,.T.);
#4477 = SURFACE_CURVE('',#4478,(#4482,#4489),.PCURVE_S1.);
#4478 = LINE('',#4479,#4480);
#4479 = CARTESIAN_POINT('',(-1.325,0.225,0.31));
#4480 = VECTOR('',#4481,1.);
#4481 = DIRECTION('',(2.289834988289E-16,2.289834988289E-16,1.));
#4482 = PCURVE('',#4411,#4483);
#4483 = DEFINITIONAL_REPRESENTATION('',(#4484),#4488);
#4484 = LINE('',#4485,#4486);
#4485 = CARTESIAN_POINT('',(-0.,0.));
#4486 = VECTOR('',#4487,1.);
#4487 = DIRECTION('',(-1.,0.));
#4488 = ( GEOMETRIC_REPRESENTATION_CONTEXT(2) 
PARAMETRIC_REPRESENTATION_CONTEXT() REPRESENTATION_CONTEXT('2D SPACE',''
  ) );
#4489 = PCURVE('',#1324,#4490);
#4490 = DEFINITIONAL_REPRESENTATION('',(#4491),#4495);
#4491 = LINE('',#4492,#4493);
#4492 = CARTESIAN_POINT('',(0.104220924602,0.139499768985));
#4493 = VECTOR('',#4494,1.);
#4494 = DIRECTION('',(2.289834988289E-16,1.));
#4495 = ( GEOMETRIC_REPRESENTATION_CONTEXT(2) 
PARAMETRIC_REPRESENTATION_CONTEXT() REPRESENTATION_CONTEXT('2D SPACE',''
  ) );
#4496 = ADVANCED_FACE('',(#4497),#235,.T.);
#4497 = FACE_BOUND('',#4498,.T.);
#4498 = EDGE_LOOP('',(#4499,#4522,#4523,#4524,#4525,#4548,#4576,#4604));
#4499 = ORIENTED_EDGE('',*,*,#4500,.F.);
#4500 = EDGE_CURVE('',#389,#4501,#4503,.T.);
#4501 = VERTEX_POINT('',#4502);
#4502 = CARTESIAN_POINT('',(3.27,-0.665,0.84));
#4503 = SURFACE_CURVE('',#4504,(#4508,#4515),.PCURVE_S1.);
#4504 = LINE('',#4505,#4506);
#4505 = CARTESIAN_POINT('',(-1.5,-0.665,0.84));
#4506 = VECTOR('',#4507,1.);
#4507 = DIRECTION('',(1.,-5.243344273594E-32,-2.289834988289E-16));
#4508 = PCURVE('',#235,#4509);
#4509 = DEFINITIONAL_REPRESENTATION('',(#4510),#4514);
#4510 = LINE('',#4511,#4512);
#4511 = CARTESIAN_POINT('',(0.53,-2.825));
#4512 = VECTOR('',#4513,1.);
#4513 = DIRECTION('',(2.080052407982E-46,-1.));
#4514 = ( GEOMETRIC_REPRESENTATION_CONTEXT(2) 
PARAMETRIC_REPRESENTATION_CONTEXT() REPRESENTATION_CONTEXT('2D SPACE',''
  ) );
#4515 = PCURVE('',#404,#4516);
#4516 = DEFINITIONAL_REPRESENTATION('',(#4517),#4521);
#4517 = LINE('',#4518,#4519);
#4518 = CARTESIAN_POINT('',(-4.999999999999E-02,-7.25));
#4519 = VECTOR('',#4520,1.);
#4520 = DIRECTION('',(0.,1.));
#4521 = ( GEOMETRIC_REPRESENTATION_CONTEXT(2) 
PARAMETRIC_REPRESENTATION_CONTEXT() REPRESENTATION_CONTEXT('2D SPACE',''
  ) );
#4522 = ORIENTED_EDGE('',*,*,#546,.T.);
#4523 = ORIENTED_EDGE('',*,*,#221,.T.);
#4524 = ORIENTED_EDGE('',*,*,#864,.T.);
#4525 = ORIENTED_EDGE('',*,*,#4526,.F.);
#4526 = EDGE_CURVE('',#4527,#837,#4529,.T.);
#4527 = VERTEX_POINT('',#4528);
#4528 = CARTESIAN_POINT('',(3.3,-1.145,0.84));
#4529 = SURFACE_CURVE('',#4530,(#4534,#4541),.PCURVE_S1.);
#4530 = LINE('',#4531,#4532);
#4531 = CARTESIAN_POINT('',(8.,-1.145,0.84));
#4532 = VECTOR('',#4533,1.);
#4533 = DIRECTION('',(-1.,5.243344273594E-32,2.289834988289E-16));
#4534 = PCURVE('',#235,#4535);
#4535 = DEFINITIONAL_REPRESENTATION('',(#4536),#4540);
#4536 = LINE('',#4537,#4538);
#4537 = CARTESIAN_POINT('',(4.999999999979E-02,-12.325));
#4538 = VECTOR('',#4539,1.);
#4539 = DIRECTION('',(-2.080052407982E-46,1.));
#4540 = ( GEOMETRIC_REPRESENTATION_CONTEXT(2) 
PARAMETRIC_REPRESENTATION_CONTEXT() REPRESENTATION_CONTEXT('2D SPACE',''
  ) );
#4541 = PCURVE('',#852,#4542);
#4542 = DEFINITIONAL_REPRESENTATION('',(#4543),#4547);
#4543 = LINE('',#4544,#4545);
#4544 = CARTESIAN_POINT('',(0.21,0.7));
#4545 = VECTOR('',#4546,1.);
#4546 = DIRECTION('',(0.,-1.));
#4547 = ( GEOMETRIC_REPRESENTATION_CONTEXT(2) 
PARAMETRIC_REPRESENTATION_CONTEXT() REPRESENTATION_CONTEXT('2D SPACE',''
  ) );
#4548 = ORIENTED_EDGE('',*,*,#4549,.F.);
#4549 = EDGE_CURVE('',#4550,#4527,#4552,.T.);
#4550 = VERTEX_POINT('',#4551);
#4551 = CARTESIAN_POINT('',(3.3,-0.225,0.84));
#4552 = SURFACE_CURVE('',#4553,(#4557,#4564),.PCURVE_S1.);
#4553 = LINE('',#4554,#4555);
#4554 = CARTESIAN_POINT('',(3.3,-0.430137,0.84));
#4555 = VECTOR('',#4556,1.);
#4556 = DIRECTION('',(-2.804146475864E-32,-1.,1.065228634467E-16));
#4557 = PCURVE('',#235,#4558);
#4558 = DEFINITIONAL_REPRESENTATION('',(#4559),#4563);
#4559 = LINE('',#4560,#4561);
#4560 = CARTESIAN_POINT('',(0.764863,-7.625));
#4561 = VECTOR('',#4562,1.);
#4562 = DIRECTION('',(-1.,-1.094764425254E-46));
#4563 = ( GEOMETRIC_REPRESENTATION_CONTEXT(2) 
PARAMETRIC_REPRESENTATION_CONTEXT() REPRESENTATION_CONTEXT('2D SPACE',''
  ) );
#4564 = PCURVE('',#4565,#4570);
#4565 = PLANE('',#4566);
#4566 = AXIS2_PLACEMENT_3D('',#4567,#4568,#4569);
#4567 = CARTESIAN_POINT('',(3.3,-0.430137,0.841614));
#4568 = DIRECTION('',(1.,-5.243344273594E-32,-2.289834988289E-16));
#4569 = DIRECTION('',(2.804146475864E-32,1.,-1.065228634467E-16));
#4570 = DEFINITIONAL_REPRESENTATION('',(#4571),#4575);
#4571 = LINE('',#4572,#4573);
#4572 = CARTESIAN_POINT('',(-9.99028794261E-16,-1.61399999999E-03));
#4573 = VECTOR('',#4574,1.);
#4574 = DIRECTION('',(-1.,0.));
#4575 = ( GEOMETRIC_REPRESENTATION_CONTEXT(2) 
PARAMETRIC_REPRESENTATION_CONTEXT() REPRESENTATION_CONTEXT('2D SPACE',''
  ) );
#4576 = ORIENTED_EDGE('',*,*,#4577,.F.);
#4577 = EDGE_CURVE('',#4578,#4550,#4580,.T.);
#4578 = VERTEX_POINT('',#4579);
#4579 = CARTESIAN_POINT('',(3.27,-0.225,0.84));
#4580 = SURFACE_CURVE('',#4581,(#4585,#4592),.PCURVE_S1.);
#4581 = LINE('',#4582,#4583);
#4582 = CARTESIAN_POINT('',(4.,-0.225,0.84));
#4583 = VECTOR('',#4584,1.);
#4584 = DIRECTION('',(1.,-5.243344273594E-32,-2.289834988289E-16));
#4585 = PCURVE('',#235,#4586);
#4586 = DEFINITIONAL_REPRESENTATION('',(#4587),#4591);
#4587 = LINE('',#4588,#4589);
#4588 = CARTESIAN_POINT('',(0.97,-8.325));
#4589 = VECTOR('',#4590,1.);
#4590 = DIRECTION('',(2.080052407982E-46,-1.));
#4591 = ( GEOMETRIC_REPRESENTATION_CONTEXT(2) 
PARAMETRIC_REPRESENTATION_CONTEXT() REPRESENTATION_CONTEXT('2D SPACE',''
  ) );
#4592 = PCURVE('',#4593,#4598);
#4593 = PLANE('',#4594);
#4594 = AXIS2_PLACEMENT_3D('',#4595,#4596,#4597);
#4595 = CARTESIAN_POINT('',(2.25,-0.225,0.29));
#4596 = DIRECTION('',(2.804146475864E-32,1.,-1.065228634467E-16));
#4597 = DIRECTION('',(1.,-5.243344273594E-32,-2.289834988289E-16));
#4598 = DEFINITIONAL_REPRESENTATION('',(#4599),#4603);
#4599 = LINE('',#4600,#4601);
#4600 = CARTESIAN_POINT('',(1.75,-0.55));
#4601 = VECTOR('',#4602,1.);
#4602 = DIRECTION('',(1.,0.));
#4603 = ( GEOMETRIC_REPRESENTATION_CONTEXT(2) 
PARAMETRIC_REPRESENTATION_CONTEXT() REPRESENTATION_CONTEXT('2D SPACE',''
  ) );
#4604 = ORIENTED_EDGE('',*,*,#4605,.F.);
#4605 = EDGE_CURVE('',#4501,#4578,#4606,.T.);
#4606 = SURFACE_CURVE('',#4607,(#4611,#4618),.PCURVE_S1.);
#4607 = LINE('',#4608,#4609);
#4608 = CARTESIAN_POINT('',(3.27,-0.430137,0.84));
#4609 = VECTOR('',#4610,1.);
#4610 = DIRECTION('',(2.804146475864E-32,1.,-1.065228634467E-16));
#4611 = PCURVE('',#235,#4612);
#4612 = DEFINITIONAL_REPRESENTATION('',(#4613),#4617);
#4613 = LINE('',#4614,#4615);
#4614 = CARTESIAN_POINT('',(0.764863,-7.595));
#4615 = VECTOR('',#4616,1.);
#4616 = DIRECTION('',(1.,1.094764425254E-46));
#4617 = ( GEOMETRIC_REPRESENTATION_CONTEXT(2) 
PARAMETRIC_REPRESENTATION_CONTEXT() REPRESENTATION_CONTEXT('2D SPACE',''
  ) );
#4618 = PCURVE('',#4619,#4624);
#4619 = PLANE('',#4620);
#4620 = AXIS2_PLACEMENT_3D('',#4621,#4622,#4623);
#4621 = CARTESIAN_POINT('',(3.27,-7.939768223874E-02,-0.794708));
#4622 = DIRECTION('',(1.,-5.243344273594E-32,-2.289834988289E-16));
#4623 = DIRECTION('',(2.804146475864E-32,1.,-1.065228634467E-16));
#4624 = DEFINITIONAL_REPRESENTATION('',(#4625),#4629);
#4625 = LINE('',#4626,#4627);
#4626 = CARTESIAN_POINT('',(-0.350739317761,1.634708));
#4627 = VECTOR('',#4628,1.);
#4628 = DIRECTION('',(1.,0.));
#4629 = ( GEOMETRIC_REPRESENTATION_CONTEXT(2) 
PARAMETRIC_REPRESENTATION_CONTEXT() REPRESENTATION_CONTEXT('2D SPACE',''
  ) );
#4630 = ADVANCED_FACE('',(#4631),#1593,.F.);
#4631 = FACE_BOUND('',#4632,.T.);
#4632 = EDGE_LOOP('',(#4633,#4634,#4657,#4680));
#4633 = ORIENTED_EDGE('',*,*,#1577,.F.);
#4634 = ORIENTED_EDGE('',*,*,#4635,.T.);
#4635 = EDGE_CURVE('',#1555,#4636,#4638,.T.);
#4636 = VERTEX_POINT('',#4637);
#4637 = CARTESIAN_POINT('',(-1.325,-0.125,7.866077735406E-02));
#4638 = SURFACE_CURVE('',#4639,(#4643,#4650),.PCURVE_S1.);
#4639 = LINE('',#4640,#4641);
#4640 = CARTESIAN_POINT('',(-1.325,-0.125,0.841614));
#4641 = VECTOR('',#4642,1.);
#4642 = DIRECTION('',(-2.289834988289E-16,-1.065228634467E-16,-1.));
#4643 = PCURVE('',#1593,#4644);
#4644 = DEFINITIONAL_REPRESENTATION('',(#4645),#4649);
#4645 = LINE('',#4646,#4647);
#4646 = CARTESIAN_POINT('',(-0.762953222646,0.15));
#4647 = VECTOR('',#4648,1.);
#4648 = DIRECTION('',(1.,0.));
#4649 = ( GEOMETRIC_REPRESENTATION_CONTEXT(2) 
PARAMETRIC_REPRESENTATION_CONTEXT() REPRESENTATION_CONTEXT('2D SPACE',''
  ) );
#4650 = PCURVE('',#1324,#4651);
#4651 = DEFINITIONAL_REPRESENTATION('',(#4652),#4656);
#4652 = LINE('',#4653,#4654);
#4653 = CARTESIAN_POINT('',(-0.245779075398,0.671113768985));
#4654 = VECTOR('',#4655,1.);
#4655 = DIRECTION('',(-1.065228634467E-16,-1.));
#4656 = ( GEOMETRIC_REPRESENTATION_CONTEXT(2) 
PARAMETRIC_REPRESENTATION_CONTEXT() REPRESENTATION_CONTEXT('2D SPACE',''
  ) );
#4657 = ORIENTED_EDGE('',*,*,#4658,.F.);
#4658 = EDGE_CURVE('',#4659,#4636,#4661,.T.);
#4659 = VERTEX_POINT('',#4660);
#4660 = CARTESIAN_POINT('',(-1.175,-0.125,7.866077735406E-02));
#4661 = SURFACE_CURVE('',#4662,(#4666,#4673),.PCURVE_S1.);
#4662 = LINE('',#4663,#4664);
#4663 = CARTESIAN_POINT('',(4.,-0.125,7.866077735406E-02));
#4664 = VECTOR('',#4665,1.);
#4665 = DIRECTION('',(-1.,5.243344273594E-32,2.289834988289E-16));
#4666 = PCURVE('',#1593,#4667);
#4667 = DEFINITIONAL_REPRESENTATION('',(#4668),#4672);
#4668 = LINE('',#4669,#4670);
#4669 = CARTESIAN_POINT('',(-7.47665818146E-17,-5.175));
#4670 = VECTOR('',#4671,1.);
#4671 = DIRECTION('',(0.,1.));
#4672 = ( GEOMETRIC_REPRESENTATION_CONTEXT(2) 
PARAMETRIC_REPRESENTATION_CONTEXT() REPRESENTATION_CONTEXT('2D SPACE',''
  ) );
#4673 = PCURVE('',#1297,#4674);
#4674 = DEFINITIONAL_REPRESENTATION('',(#4675),#4679);
#4675 = LINE('',#4676,#4677);
#4676 = CARTESIAN_POINT('',(5.833781539828E-02,-5.325));
#4677 = VECTOR('',#4678,1.);
#4678 = DIRECTION('',(9.244463733059E-32,1.));
#4679 = ( GEOMETRIC_REPRESENTATION_CONTEXT(2) 
PARAMETRIC_REPRESENTATION_CONTEXT() REPRESENTATION_CONTEXT('2D SPACE',''
  ) );
#4680 = ORIENTED_EDGE('',*,*,#4681,.F.);
#4681 = EDGE_CURVE('',#1578,#4659,#4682,.T.);
#4682 = SURFACE_CURVE('',#4683,(#4687,#4694),.PCURVE_S1.);
#4683 = LINE('',#4684,#4685);
#4684 = CARTESIAN_POINT('',(-1.175,-0.125,0.841614));
#4685 = VECTOR('',#4686,1.);
#4686 = DIRECTION('',(-2.289834988289E-16,-1.065228634467E-16,-1.));
#4687 = PCURVE('',#1593,#4688);
#4688 = DEFINITIONAL_REPRESENTATION('',(#4689),#4693);
#4689 = LINE('',#4690,#4691);
#4690 = CARTESIAN_POINT('',(-0.762953222646,1.747036983643E-16));
#4691 = VECTOR('',#4692,1.);
#4692 = DIRECTION('',(1.,0.));
#4693 = ( GEOMETRIC_REPRESENTATION_CONTEXT(2) 
PARAMETRIC_REPRESENTATION_CONTEXT() REPRESENTATION_CONTEXT('2D SPACE',''
  ) );
#4694 = PCURVE('',#1269,#4695);
#4695 = DEFINITIONAL_REPRESENTATION('',(#4696),#4700);
#4696 = LINE('',#4697,#4698);
#4697 = CARTESIAN_POINT('',(-0.245779075398,0.671113768985));
#4698 = VECTOR('',#4699,1.);
#4699 = DIRECTION('',(-1.065228634467E-16,-1.));
#4700 = ( GEOMETRIC_REPRESENTATION_CONTEXT(2) 
PARAMETRIC_REPRESENTATION_CONTEXT() REPRESENTATION_CONTEXT('2D SPACE',''
  ) );
#4701 = ADVANCED_FACE('',(#4702),#3646,.T.);
#4702 = FACE_BOUND('',#4703,.T.);
#4703 = EDGE_LOOP('',(#4704,#4727,#4750,#4771));
#4704 = ORIENTED_EDGE('',*,*,#4705,.F.);
#4705 = EDGE_CURVE('',#4706,#3603,#4708,.T.);
#4706 = VERTEX_POINT('',#4707);
#4707 = CARTESIAN_POINT('',(2.765,-1.725,0.69));
#4708 = SURFACE_CURVE('',#4709,(#4713,#4720),.PCURVE_S1.);
#4709 = LINE('',#4710,#4711);
#4710 = CARTESIAN_POINT('',(5.285,-1.725,0.69));
#4711 = VECTOR('',#4712,1.);
#4712 = DIRECTION('',(-1.,5.243344273594E-32,2.289834988289E-16));
#4713 = PCURVE('',#3646,#4714);
#4714 = DEFINITIONAL_REPRESENTATION('',(#4715),#4719);
#4715 = LINE('',#4716,#4717);
#4716 = CARTESIAN_POINT('',(-6.336325955147E-31,-12.07));
#4717 = VECTOR('',#4718,1.);
#4718 = DIRECTION('',(-2.736911063134E-48,1.));
#4719 = ( GEOMETRIC_REPRESENTATION_CONTEXT(2) 
PARAMETRIC_REPRESENTATION_CONTEXT() REPRESENTATION_CONTEXT('2D SPACE',''
  ) );
#4720 = PCURVE('',#3618,#4721);
#4721 = DEFINITIONAL_REPRESENTATION('',(#4722),#4726);
#4722 = LINE('',#4723,#4724);
#4723 = CARTESIAN_POINT('',(-0.20254450242,23.905719514881));
#4724 = VECTOR('',#4725,1.);
#4725 = DIRECTION('',(0.,-1.));
#4726 = ( GEOMETRIC_REPRESENTATION_CONTEXT(2) 
PARAMETRIC_REPRESENTATION_CONTEXT() REPRESENTATION_CONTEXT('2D SPACE',''
  ) );
#4727 = ORIENTED_EDGE('',*,*,#4728,.F.);
#4728 = EDGE_CURVE('',#4729,#4706,#4731,.T.);
#4729 = VERTEX_POINT('',#4730);
#4730 = CARTESIAN_POINT('',(2.765,-1.825,0.69));
#4731 = SURFACE_CURVE('',#4732,(#4736,#4743),.PCURVE_S1.);
#4732 = LINE('',#4733,#4734);
#4733 = CARTESIAN_POINT('',(2.765,-1.050063769579,0.69));
#4734 = VECTOR('',#4735,1.);
#4735 = DIRECTION('',(3.757481798336E-32,1.,-6.488950002326E-17));
#4736 = PCURVE('',#3646,#4737);
#4737 = DEFINITIONAL_REPRESENTATION('',(#4738),#4742);
#4738 = LINE('',#4739,#4740);
#4739 = CARTESIAN_POINT('',(-0.674936230421,-9.55));
#4740 = VECTOR('',#4741,1.);
#4741 = DIRECTION('',(-1.,-2.736911063134E-48));
#4742 = ( GEOMETRIC_REPRESENTATION_CONTEXT(2) 
PARAMETRIC_REPRESENTATION_CONTEXT() REPRESENTATION_CONTEXT('2D SPACE',''
  ) );
#4743 = PCURVE('',#4117,#4744);
#4744 = DEFINITIONAL_REPRESENTATION('',(#4745),#4749);
#4745 = LINE('',#4746,#4747);
#4746 = CARTESIAN_POINT('',(1.874936230421,0.36));
#4747 = VECTOR('',#4748,1.);
#4748 = DIRECTION('',(1.,-1.640939988057E-16));
#4749 = ( GEOMETRIC_REPRESENTATION_CONTEXT(2) 
PARAMETRIC_REPRESENTATION_CONTEXT() REPRESENTATION_CONTEXT('2D SPACE',''
  ) );
#4750 = ORIENTED_EDGE('',*,*,#4751,.T.);
#4751 = EDGE_CURVE('',#4729,#3631,#4752,.T.);
#4752 = SURFACE_CURVE('',#4753,(#4757,#4764),.PCURVE_S1.);
#4753 = LINE('',#4754,#4755);
#4754 = CARTESIAN_POINT('',(10.5,-1.825,0.69));
#4755 = VECTOR('',#4756,1.);
#4756 = DIRECTION('',(-1.,5.243344273594E-32,2.289834988289E-16));
#4757 = PCURVE('',#3646,#4758);
#4758 = DEFINITIONAL_REPRESENTATION('',(#4759),#4763);
#4759 = LINE('',#4760,#4761);
#4760 = CARTESIAN_POINT('',(0.1,-17.285));
#4761 = VECTOR('',#4762,1.);
#4762 = DIRECTION('',(-2.736911063134E-48,1.));
#4763 = ( GEOMETRIC_REPRESENTATION_CONTEXT(2) 
PARAMETRIC_REPRESENTATION_CONTEXT() REPRESENTATION_CONTEXT('2D SPACE',''
  ) );
#4764 = PCURVE('',#3674,#4765);
#4765 = DEFINITIONAL_REPRESENTATION('',(#4766),#4770);
#4766 = LINE('',#4767,#4768);
#4767 = CARTESIAN_POINT('',(-2.462462903076E-18,3.735));
#4768 = VECTOR('',#4769,1.);
#4769 = DIRECTION('',(1.54074395551E-32,-1.));
#4770 = ( GEOMETRIC_REPRESENTATION_CONTEXT(2) 
PARAMETRIC_REPRESENTATION_CONTEXT() REPRESENTATION_CONTEXT('2D SPACE',''
  ) );
#4771 = ORIENTED_EDGE('',*,*,#3630,.T.);
#4772 = ADVANCED_FACE('',(#4773),#4787,.T.);
#4773 = FACE_BOUND('',#4774,.T.);
#4774 = EDGE_LOOP('',(#4775,#4810,#4838,#4861));
#4775 = ORIENTED_EDGE('',*,*,#4776,.F.);
#4776 = EDGE_CURVE('',#4777,#4779,#4781,.T.);
#4777 = VERTEX_POINT('',#4778);
#4778 = CARTESIAN_POINT('',(-0.9,-0.205,8.E-02));
#4779 = VERTEX_POINT('',#4780);
#4780 = CARTESIAN_POINT('',(-0.9,-0.125,8.E-02));
#4781 = SURFACE_CURVE('',#4782,(#4786,#4798),.PCURVE_S1.);
#4782 = LINE('',#4783,#4784);
#4783 = CARTESIAN_POINT('',(-0.9,-0.430137,8.E-02));
#4784 = VECTOR('',#4785,1.);
#4785 = DIRECTION('',(-1.224606353822E-16,1.,-2.289834988289E-16));
#4786 = PCURVE('',#4787,#4792);
#4787 = PLANE('',#4788);
#4788 = AXIS2_PLACEMENT_3D('',#4789,#4790,#4791);
#4789 = CARTESIAN_POINT('',(-0.925,-0.275,5.5E-02));
#4790 = DIRECTION('',(0.707106781187,-7.532303909457E-17,-0.707106781187
    ));
#4791 = DIRECTION('',(-0.707106781187,6.231304445401E-16,-0.707106781187
    ));
#4792 = DEFINITIONAL_REPRESENTATION('',(#4793),#4797);
#4793 = LINE('',#4794,#4795);
#4794 = CARTESIAN_POINT('',(-3.535533905933E-02,-0.155137));
#4795 = VECTOR('',#4796,1.);
#4796 = DIRECTION('',(8.716389750491E-16,1.));
#4797 = ( GEOMETRIC_REPRESENTATION_CONTEXT(2) 
PARAMETRIC_REPRESENTATION_CONTEXT() REPRESENTATION_CONTEXT('2D SPACE',''
  ) );
#4798 = PCURVE('',#4799,#4804);
#4799 = PLANE('',#4800);
#4800 = AXIS2_PLACEMENT_3D('',#4801,#4802,#4803);
#4801 = CARTESIAN_POINT('',(-0.8375,-0.125,8.E-02));
#4802 = DIRECTION('',(-2.289834988289E-16,-2.289834988289E-16,-1.));
#4803 = DIRECTION('',(0.,-1.,2.289834988289E-16));
#4804 = DEFINITIONAL_REPRESENTATION('',(#4805),#4809);
#4805 = LINE('',#4806,#4807);
#4806 = CARTESIAN_POINT('',(0.305137,6.25E-02));
#4807 = VECTOR('',#4808,1.);
#4808 = DIRECTION('',(-1.,1.224606353822E-16));
#4809 = ( GEOMETRIC_REPRESENTATION_CONTEXT(2) 
PARAMETRIC_REPRESENTATION_CONTEXT() REPRESENTATION_CONTEXT('2D SPACE',''
  ) );
#4810 = ORIENTED_EDGE('',*,*,#4811,.T.);
#4811 = EDGE_CURVE('',#4777,#4812,#4814,.T.);
#4812 = VERTEX_POINT('',#4813);
#4813 = CARTESIAN_POINT('',(-0.95,-0.425,3.E-02));
#4814 = SURFACE_CURVE('',#4815,(#4819,#4826),.PCURVE_S1.);
#4815 = LINE('',#4816,#4817);
#4816 = CARTESIAN_POINT('',(-0.9511675,-0.430137,2.88325E-02));
#4817 = VECTOR('',#4818,1.);
#4818 = DIRECTION('',(-0.216371161204,-0.952033109297,-0.216371161204));
#4819 = PCURVE('',#4787,#4820);
#4820 = DEFINITIONAL_REPRESENTATION('',(#4821),#4825);
#4821 = LINE('',#4822,#4823);
#4822 = CARTESIAN_POINT('',(3.70064333934E-02,-0.155137));
#4823 = VECTOR('',#4824,1.);
#4824 = DIRECTION('',(0.305995030681,-0.952033109297));
#4825 = ( GEOMETRIC_REPRESENTATION_CONTEXT(2) 
PARAMETRIC_REPRESENTATION_CONTEXT() REPRESENTATION_CONTEXT('2D SPACE',''
  ) );
#4826 = PCURVE('',#4827,#4832);
#4827 = PLANE('',#4828);
#4828 = AXIS2_PLACEMENT_3D('',#4829,#4830,#4831);
#4829 = CARTESIAN_POINT('',(-0.8375,-0.205,8.E-02));
#4830 = DIRECTION('',(-2.232893331422E-16,0.221621103589,-0.975132855791
    ));
#4831 = DIRECTION('',(-5.074757571413E-17,-0.975132855791,
    -0.221621103589));
#4832 = DEFINITIONAL_REPRESENTATION('',(#4833),#4837);
#4833 = LINE('',#4834,#4835);
#4834 = CARTESIAN_POINT('',(0.230878283572,0.1136675));
#4835 = VECTOR('',#4836,1.);
#4836 = DIRECTION('',(0.976311180208,0.216371161204));
#4837 = ( GEOMETRIC_REPRESENTATION_CONTEXT(2) 
PARAMETRIC_REPRESENTATION_CONTEXT() REPRESENTATION_CONTEXT('2D SPACE',''
  ) );
#4838 = ORIENTED_EDGE('',*,*,#4839,.F.);
#4839 = EDGE_CURVE('',#4840,#4812,#4842,.T.);
#4840 = VERTEX_POINT('',#4841);
#4841 = CARTESIAN_POINT('',(-0.95,-0.125,3.E-02));
#4842 = SURFACE_CURVE('',#4843,(#4847,#4854),.PCURVE_S1.);
#4843 = LINE('',#4844,#4845);
#4844 = CARTESIAN_POINT('',(-0.95,-0.430137,3.E-02));
#4845 = VECTOR('',#4846,1.);
#4846 = DIRECTION('',(-3.675722875075E-32,-1.,1.065228634467E-16));
#4847 = PCURVE('',#4787,#4848);
#4848 = DEFINITIONAL_REPRESENTATION('',(#4849),#4853);
#4849 = LINE('',#4850,#4851);
#4850 = CARTESIAN_POINT('',(3.535533905933E-02,-0.155137));
#4851 = VECTOR('',#4852,1.);
#4852 = DIRECTION('',(-6.984534836347E-16,-1.));
#4853 = ( GEOMETRIC_REPRESENTATION_CONTEXT(2) 
PARAMETRIC_REPRESENTATION_CONTEXT() REPRESENTATION_CONTEXT('2D SPACE',''
  ) );
#4854 = PCURVE('',#649,#4855);
#4855 = DEFINITIONAL_REPRESENTATION('',(#4856),#4860);
#4856 = LINE('',#4857,#4858);
#4857 = CARTESIAN_POINT('',(0.305137,-46.1525));
#4858 = VECTOR('',#4859,1.);
#4859 = DIRECTION('',(1.,8.715763992105E-33));
#4860 = ( GEOMETRIC_REPRESENTATION_CONTEXT(2) 
PARAMETRIC_REPRESENTATION_CONTEXT() REPRESENTATION_CONTEXT('2D SPACE',''
  ) );
#4861 = ORIENTED_EDGE('',*,*,#4862,.F.);
#4862 = EDGE_CURVE('',#4779,#4840,#4863,.T.);
#4863 = SURFACE_CURVE('',#4864,(#4868,#4875),.PCURVE_S1.);
#4864 = LINE('',#4865,#4866);
#4865 = CARTESIAN_POINT('',(-16.5,-0.125,-15.52));
#4866 = VECTOR('',#4867,1.);
#4867 = DIRECTION('',(-0.707106781187,-1.064046335705E-16,
    -0.707106781187));
#4868 = PCURVE('',#4787,#4869);
#4869 = DEFINITIONAL_REPRESENTATION('',(#4870),#4874);
#4870 = LINE('',#4871,#4872);
#4871 = CARTESIAN_POINT('',(22.026376233961,0.15));
#4872 = VECTOR('',#4873,1.);
#4873 = DIRECTION('',(1.,-7.295350781106E-16));
#4874 = ( GEOMETRIC_REPRESENTATION_CONTEXT(2) 
PARAMETRIC_REPRESENTATION_CONTEXT() REPRESENTATION_CONTEXT('2D SPACE',''
  ) );
#4875 = PCURVE('',#1621,#4876);
#4876 = DEFINITIONAL_REPRESENTATION('',(#4877),#4881);
#4877 = LINE('',#4878,#4879);
#4878 = CARTESIAN_POINT('',(15.83,19.325));
#4879 = VECTOR('',#4880,1.);
#4880 = DIRECTION('',(0.707106781187,0.707106781187));
#4881 = ( GEOMETRIC_REPRESENTATION_CONTEXT(2) 
PARAMETRIC_REPRESENTATION_CONTEXT() REPRESENTATION_CONTEXT('2D SPACE',''
  ) );
#4882 = ADVANCED_FACE('',(#4883),#4897,.T.);
#4883 = FACE_BOUND('',#4884,.T.);
#4884 = EDGE_LOOP('',(#4885,#4915,#4938,#4966));
#4885 = ORIENTED_EDGE('',*,*,#4886,.T.);
#4886 = EDGE_CURVE('',#4887,#4889,#4891,.T.);
#4887 = VERTEX_POINT('',#4888);
#4888 = CARTESIAN_POINT('',(-3.5,-1.925,0.18));
#4889 = VERTEX_POINT('',#4890);
#4890 = CARTESIAN_POINT('',(-3.1025,-1.925,0.18));
#4891 = SURFACE_CURVE('',#4892,(#4896,#4908),.PCURVE_S1.);
#4892 = LINE('',#4893,#4894);
#4893 = CARTESIAN_POINT('',(-3.5,-1.925,0.18));
#4894 = VECTOR('',#4895,1.);
#4895 = DIRECTION('',(1.,-5.243344273594E-32,-2.289834988289E-16));
#4896 = PCURVE('',#4897,#4902);
#4897 = PLANE('',#4898);
#4898 = AXIS2_PLACEMENT_3D('',#4899,#4900,#4901);
#4899 = CARTESIAN_POINT('',(-3.3,-1.925,0.18));
#4900 = DIRECTION('',(-1.831867990632E-16,-0.6,-0.8));
#4901 = DIRECTION('',(1.373900992974E-16,-0.8,0.6));
#4902 = DEFINITIONAL_REPRESENTATION('',(#4903),#4907);
#4903 = LINE('',#4904,#4905);
#4904 = CARTESIAN_POINT('',(-1.08246744901E-17,0.2));
#4905 = VECTOR('',#4906,1.);
#4906 = DIRECTION('',(-3.451266460342E-31,-1.));
#4907 = ( GEOMETRIC_REPRESENTATION_CONTEXT(2) 
PARAMETRIC_REPRESENTATION_CONTEXT() REPRESENTATION_CONTEXT('2D SPACE',''
  ) );
#4908 = PCURVE('',#988,#4909);
#4909 = DEFINITIONAL_REPRESENTATION('',(#4910),#4914);
#4910 = LINE('',#4911,#4912);
#4911 = CARTESIAN_POINT('',(0.376369515365,-0.56632167131));
#4912 = VECTOR('',#4913,1.);
#4913 = DIRECTION('',(0.,1.));
#4914 = ( GEOMETRIC_REPRESENTATION_CONTEXT(2) 
PARAMETRIC_REPRESENTATION_CONTEXT() REPRESENTATION_CONTEXT('2D SPACE',''
  ) );
#4915 = ORIENTED_EDGE('',*,*,#4916,.T.);
#4916 = EDGE_CURVE('',#4889,#4917,#4919,.T.);
#4917 = VERTEX_POINT('',#4918);
#4918 = CARTESIAN_POINT('',(-3.1025,-2.125,0.33));
#4919 = SURFACE_CURVE('',#4920,(#4924,#4931),.PCURVE_S1.);
#4920 = LINE('',#4921,#4922);
#4921 = CARTESIAN_POINT('',(-3.1025,-0.430137,-0.94114725));
#4922 = VECTOR('',#4923,1.);
#4923 = DIRECTION('',(1.373900992974E-16,-0.8,0.6));
#4924 = PCURVE('',#4897,#4925);
#4925 = DEFINITIONAL_REPRESENTATION('',(#4926),#4930);
#4926 = LINE('',#4927,#4928);
#4927 = CARTESIAN_POINT('',(-1.86857875,-0.1975));
#4928 = VECTOR('',#4929,1.);
#4929 = DIRECTION('',(1.,0.));
#4930 = ( GEOMETRIC_REPRESENTATION_CONTEXT(2) 
PARAMETRIC_REPRESENTATION_CONTEXT() REPRESENTATION_CONTEXT('2D SPACE',''
  ) );
#4931 = PCURVE('',#4195,#4932);
#4932 = DEFINITIONAL_REPRESENTATION('',(#4933),#4937);
#4933 = LINE('',#4934,#4935);
#4934 = CARTESIAN_POINT('',(0.619926769579,-1.343994585292));
#4935 = VECTOR('',#4936,1.);
#4936 = DIRECTION('',(-0.8,0.6));
#4937 = ( GEOMETRIC_REPRESENTATION_CONTEXT(2) 
PARAMETRIC_REPRESENTATION_CONTEXT() REPRESENTATION_CONTEXT('2D SPACE',''
  ) );
#4938 = ORIENTED_EDGE('',*,*,#4939,.F.);
#4939 = EDGE_CURVE('',#4940,#4917,#4942,.T.);
#4940 = VERTEX_POINT('',#4941);
#4941 = CARTESIAN_POINT('',(-3.5,-2.125,0.33));
#4942 = SURFACE_CURVE('',#4943,(#4947,#4954),.PCURVE_S1.);
#4943 = LINE('',#4944,#4945);
#4944 = CARTESIAN_POINT('',(-4.,-2.125,0.33));
#4945 = VECTOR('',#4946,1.);
#4946 = DIRECTION('',(1.,-5.243344273594E-32,-2.289834988289E-16));
#4947 = PCURVE('',#4897,#4948);
#4948 = DEFINITIONAL_REPRESENTATION('',(#4949),#4953);
#4949 = LINE('',#4950,#4951);
#4950 = CARTESIAN_POINT('',(0.25,0.7));
#4951 = VECTOR('',#4952,1.);
#4952 = DIRECTION('',(-3.451266460342E-31,-1.));
#4953 = ( GEOMETRIC_REPRESENTATION_CONTEXT(2) 
PARAMETRIC_REPRESENTATION_CONTEXT() REPRESENTATION_CONTEXT('2D SPACE',''
  ) );
#4954 = PCURVE('',#4955,#4960);
#4955 = PLANE('',#4956);
#4956 = AXIS2_PLACEMENT_3D('',#4957,#4958,#4959);
#4957 = CARTESIAN_POINT('',(-3.3,-2.125,0.33));
#4958 = DIRECTION('',(-2.804146475864E-32,-1.,1.065228634467E-16));
#4959 = DIRECTION('',(2.289834988289E-16,1.065228634467E-16,1.));
#4960 = DEFINITIONAL_REPRESENTATION('',(#4961),#4965);
#4961 = LINE('',#4962,#4963);
#4962 = CARTESIAN_POINT('',(-1.602884491803E-16,0.7));
#4963 = VECTOR('',#4964,1.);
#4964 = DIRECTION('',(0.,-1.));
#4965 = ( GEOMETRIC_REPRESENTATION_CONTEXT(2) 
PARAMETRIC_REPRESENTATION_CONTEXT() REPRESENTATION_CONTEXT('2D SPACE',''
  ) );
#4966 = ORIENTED_EDGE('',*,*,#4967,.F.);
#4967 = EDGE_CURVE('',#4887,#4940,#4968,.T.);
#4968 = SURFACE_CURVE('',#4969,(#4973,#4980),.PCURVE_S1.);
#4969 = LINE('',#4970,#4971);
#4970 = CARTESIAN_POINT('',(-3.5,-1.925,0.18));
#4971 = VECTOR('',#4972,1.);
#4972 = DIRECTION('',(1.373900992974E-16,-0.8,0.6));
#4973 = PCURVE('',#4897,#4974);
#4974 = DEFINITIONAL_REPRESENTATION('',(#4975),#4979);
#4975 = LINE('',#4976,#4977);
#4976 = CARTESIAN_POINT('',(-1.08246744901E-17,0.2));
#4977 = VECTOR('',#4978,1.);
#4978 = DIRECTION('',(1.,0.));
#4979 = ( GEOMETRIC_REPRESENTATION_CONTEXT(2) 
PARAMETRIC_REPRESENTATION_CONTEXT() REPRESENTATION_CONTEXT('2D SPACE',''
  ) );
#4980 = PCURVE('',#911,#4981);
#4981 = DEFINITIONAL_REPRESENTATION('',(#4982),#4986);
#4982 = LINE('',#4983,#4984);
#4983 = CARTESIAN_POINT('',(-1.494863,-0.661614));
#4984 = VECTOR('',#4985,1.);
#4985 = DIRECTION('',(-0.8,0.6));
#4986 = ( GEOMETRIC_REPRESENTATION_CONTEXT(2) 
PARAMETRIC_REPRESENTATION_CONTEXT() REPRESENTATION_CONTEXT('2D SPACE',''
  ) );
#4987 = ADVANCED_FACE('',(#4988),#770,.T.);
#4988 = FACE_BOUND('',#4989,.T.);
#4989 = EDGE_LOOP('',(#4990,#4991,#5014,#5042));
#4990 = ORIENTED_EDGE('',*,*,#754,.T.);
#4991 = ORIENTED_EDGE('',*,*,#4992,.T.);
#4992 = EDGE_CURVE('',#726,#4993,#4995,.T.);
#4993 = VERTEX_POINT('',#4994);
#4994 = CARTESIAN_POINT('',(-0.675,-0.125,7.866077735406E-02));
#4995 = SURFACE_CURVE('',#4996,(#5000,#5007),.PCURVE_S1.);
#4996 = LINE('',#4997,#4998);
#4997 = CARTESIAN_POINT('',(-0.675,-0.430137,7.500931358166E-03));
#4998 = VECTOR('',#4999,1.);
#4999 = DIRECTION('',(5.200494915182E-17,0.973868596229,0.227112212966)
  );
#5000 = PCURVE('',#770,#5001);
#5001 = DEFINITIONAL_REPRESENTATION('',(#5002),#5006);
#5002 = LINE('',#5003,#5004);
#5003 = CARTESIAN_POINT('',(-0.254986796548,-0.15));
#5004 = VECTOR('',#5005,1.);
#5005 = DIRECTION('',(1.,-3.697785493223E-32));
#5006 = ( GEOMETRIC_REPRESENTATION_CONTEXT(2) 
PARAMETRIC_REPRESENTATION_CONTEXT() REPRESENTATION_CONTEXT('2D SPACE',''
  ) );
#5007 = PCURVE('',#742,#5008);
#5008 = DEFINITIONAL_REPRESENTATION('',(#5009),#5013);
#5009 = LINE('',#5010,#5011);
#5010 = CARTESIAN_POINT('',(-0.550916075398,-0.162999299657));
#5011 = VECTOR('',#5012,1.);
#5012 = DIRECTION('',(0.973868596229,0.227112212966));
#5013 = ( GEOMETRIC_REPRESENTATION_CONTEXT(2) 
PARAMETRIC_REPRESENTATION_CONTEXT() REPRESENTATION_CONTEXT('2D SPACE',''
  ) );
#5014 = ORIENTED_EDGE('',*,*,#5015,.T.);
#5015 = EDGE_CURVE('',#4993,#5016,#5018,.T.);
#5016 = VERTEX_POINT('',#5017);
#5017 = CARTESIAN_POINT('',(-0.825,-0.125,7.866077735406E-02));
#5018 = SURFACE_CURVE('',#5019,(#5023,#5030),.PCURVE_S1.);
#5019 = LINE('',#5020,#5021);
#5020 = CARTESIAN_POINT('',(4.5,-0.125,7.866077735406E-02));
#5021 = VECTOR('',#5022,1.);
#5022 = DIRECTION('',(-1.,5.243344273594E-32,2.289834988289E-16));
#5023 = PCURVE('',#770,#5024);
#5024 = DEFINITIONAL_REPRESENTATION('',(#5025),#5029);
#5025 = LINE('',#5026,#5027);
#5026 = CARTESIAN_POINT('',(5.833781539828E-02,-5.325));
#5027 = VECTOR('',#5028,1.);
#5028 = DIRECTION('',(9.244463733059E-32,1.));
#5029 = ( GEOMETRIC_REPRESENTATION_CONTEXT(2) 
PARAMETRIC_REPRESENTATION_CONTEXT() REPRESENTATION_CONTEXT('2D SPACE',''
  ) );
#5030 = PCURVE('',#5031,#5036);
#5031 = PLANE('',#5032);
#5032 = AXIS2_PLACEMENT_3D('',#5033,#5034,#5035);
#5033 = CARTESIAN_POINT('',(-0.675,-0.125,7.866077735406E-02));
#5034 = DIRECTION('',(2.804146475864E-32,1.,-1.065228634467E-16));
#5035 = DIRECTION('',(-2.289834988289E-16,-1.065228634467E-16,-1.));
#5036 = DEFINITIONAL_REPRESENTATION('',(#5037),#5041);
#5037 = LINE('',#5038,#5039);
#5038 = CARTESIAN_POINT('',(-8.864436962242E-17,-5.175));
#5039 = VECTOR('',#5040,1.);
#5040 = DIRECTION('',(0.,1.));
#5041 = ( GEOMETRIC_REPRESENTATION_CONTEXT(2) 
PARAMETRIC_REPRESENTATION_CONTEXT() REPRESENTATION_CONTEXT('2D SPACE',''
  ) );
#5042 = ORIENTED_EDGE('',*,*,#5043,.F.);
#5043 = EDGE_CURVE('',#755,#5016,#5044,.T.);
#5044 = SURFACE_CURVE('',#5045,(#5049,#5056),.PCURVE_S1.);
#5045 = LINE('',#5046,#5047);
#5046 = CARTESIAN_POINT('',(-0.825,-0.181813366389,6.541154699934E-02));
#5047 = VECTOR('',#5048,1.);
#5048 = DIRECTION('',(5.200494915182E-17,0.973868596229,0.227112212966)
  );
#5049 = PCURVE('',#770,#5050);
#5050 = DEFINITIONAL_REPRESENTATION('',(#5051),#5055);
#5051 = LINE('',#5052,#5053);
#5052 = CARTESIAN_POINT('',(0.,0.));
#5053 = VECTOR('',#5054,1.);
#5054 = DIRECTION('',(1.,-3.697785493223E-32));
#5055 = ( GEOMETRIC_REPRESENTATION_CONTEXT(2) 
PARAMETRIC_REPRESENTATION_CONTEXT() REPRESENTATION_CONTEXT('2D SPACE',''
  ) );
#5056 = PCURVE('',#797,#5057);
#5057 = DEFINITIONAL_REPRESENTATION('',(#5058),#5062);
#5058 = LINE('',#5059,#5060);
#5059 = CARTESIAN_POINT('',(-0.302592441787,-0.105088684016));
#5060 = VECTOR('',#5061,1.);
#5061 = DIRECTION('',(0.973868596229,0.227112212966));
#5062 = ( GEOMETRIC_REPRESENTATION_CONTEXT(2) 
PARAMETRIC_REPRESENTATION_CONTEXT() REPRESENTATION_CONTEXT('2D SPACE',''
  ) );
#5063 = ADVANCED_FACE('',(#5064),#988,.T.);
#5064 = FACE_BOUND('',#5065,.T.);
#5065 = EDGE_LOOP('',(#5066,#5087,#5088,#5109,#5110,#5111));
#5066 = ORIENTED_EDGE('',*,*,#5067,.T.);
#5067 = EDGE_CURVE('',#3744,#4889,#5068,.T.);
#5068 = SURFACE_CURVE('',#5069,(#5073,#5080),.PCURVE_S1.);
#5069 = LINE('',#5070,#5071);
#5070 = CARTESIAN_POINT('',(-3.1025,-1.925,0.18));
#5071 = VECTOR('',#5072,1.);
#5072 = DIRECTION('',(-1.,5.243344273594E-32,2.289834988289E-16));
#5073 = PCURVE('',#988,#5074);
#5074 = DEFINITIONAL_REPRESENTATION('',(#5075),#5079);
#5075 = LINE('',#5076,#5077);
#5076 = CARTESIAN_POINT('',(0.376369515365,-0.16882167131));
#5077 = VECTOR('',#5078,1.);
#5078 = DIRECTION('',(0.,-1.));
#5079 = ( GEOMETRIC_REPRESENTATION_CONTEXT(2) 
PARAMETRIC_REPRESENTATION_CONTEXT() REPRESENTATION_CONTEXT('2D SPACE',''
  ) );
#5080 = PCURVE('',#3766,#5081);
#5081 = DEFINITIONAL_REPRESENTATION('',(#5082),#5086);
#5082 = LINE('',#5083,#5084);
#5083 = CARTESIAN_POINT('',(-0.15,1.1));
#5084 = VECTOR('',#5085,1.);
#5085 = DIRECTION('',(-1.,-2.736911063134E-48));
#5086 = ( GEOMETRIC_REPRESENTATION_CONTEXT(2) 
PARAMETRIC_REPRESENTATION_CONTEXT() REPRESENTATION_CONTEXT('2D SPACE',''
  ) );
#5087 = ORIENTED_EDGE('',*,*,#4886,.F.);
#5088 = ORIENTED_EDGE('',*,*,#5089,.F.);
#5089 = EDGE_CURVE('',#889,#4887,#5090,.T.);
#5090 = SURFACE_CURVE('',#5091,(#5095,#5102),.PCURVE_S1.);
#5091 = LINE('',#5092,#5093);
#5092 = CARTESIAN_POINT('',(-3.5,-1.925,1.258386));
#5093 = VECTOR('',#5094,1.);
#5094 = DIRECTION('',(2.289834988289E-16,1.065228634467E-16,1.));
#5095 = PCURVE('',#988,#5096);
#5096 = DEFINITIONAL_REPRESENTATION('',(#5097),#5101);
#5097 = LINE('',#5098,#5099);
#5098 = CARTESIAN_POINT('',(-0.702016484635,-0.56632167131));
#5099 = VECTOR('',#5100,1.);
#5100 = DIRECTION('',(-1.,0.));
#5101 = ( GEOMETRIC_REPRESENTATION_CONTEXT(2) 
PARAMETRIC_REPRESENTATION_CONTEXT() REPRESENTATION_CONTEXT('2D SPACE',''
  ) );
#5102 = PCURVE('',#911,#5103);
#5103 = DEFINITIONAL_REPRESENTATION('',(#5104),#5108);
#5104 = LINE('',#5105,#5106);
#5105 = CARTESIAN_POINT('',(-1.494863,0.416772));
#5106 = VECTOR('',#5107,1.);
#5107 = DIRECTION('',(0.,1.));
#5108 = ( GEOMETRIC_REPRESENTATION_CONTEXT(2) 
PARAMETRIC_REPRESENTATION_CONTEXT() REPRESENTATION_CONTEXT('2D SPACE',''
  ) );
#5109 = ORIENTED_EDGE('',*,*,#974,.F.);
#5110 = ORIENTED_EDGE('',*,*,#4259,.T.);
#5111 = ORIENTED_EDGE('',*,*,#3778,.F.);
#5112 = ADVANCED_FACE('',(#5113),#5127,.T.);
#5113 = FACE_BOUND('',#5114,.T.);
#5114 = EDGE_LOOP('',(#5115,#5145,#5168,#5191));
#5115 = ORIENTED_EDGE('',*,*,#5116,.T.);
#5116 = EDGE_CURVE('',#5117,#5119,#5121,.T.);
#5117 = VERTEX_POINT('',#5118);
#5118 = CARTESIAN_POINT('',(-1.325,0.125,-6.661338147751E-16));
#5119 = VERTEX_POINT('',#5120);
#5120 = CARTESIAN_POINT('',(-1.175,0.125,-6.661338147751E-16));
#5121 = SURFACE_CURVE('',#5122,(#5126,#5138),.PCURVE_S1.);
#5122 = LINE('',#5123,#5124);
#5123 = CARTESIAN_POINT('',(-1.325,0.125,-6.661338147751E-16));
#5124 = VECTOR('',#5125,1.);
#5125 = DIRECTION('',(1.,-5.243344273594E-32,-2.289834988289E-16));
#5126 = PCURVE('',#5127,#5132);
#5127 = PLANE('',#5128);
#5128 = AXIS2_PLACEMENT_3D('',#5129,#5130,#5131);
#5129 = CARTESIAN_POINT('',(-1.325,0.125,-6.661338147751E-16));
#5130 = DIRECTION('',(-2.289834988289E-16,-2.289834988289E-16,-1.));
#5131 = DIRECTION('',(0.,-1.,2.289834988289E-16));
#5132 = DEFINITIONAL_REPRESENTATION('',(#5133),#5137);
#5133 = LINE('',#5134,#5135);
#5134 = CARTESIAN_POINT('',(0.,0.));
#5135 = VECTOR('',#5136,1.);
#5136 = DIRECTION('',(-2.080052407982E-46,-1.));
#5137 = ( GEOMETRIC_REPRESENTATION_CONTEXT(2) 
PARAMETRIC_REPRESENTATION_CONTEXT() REPRESENTATION_CONTEXT('2D SPACE',''
  ) );
#5138 = PCURVE('',#3927,#5139);
#5139 = DEFINITIONAL_REPRESENTATION('',(#5140),#5144);
#5140 = LINE('',#5141,#5142);
#5141 = CARTESIAN_POINT('',(7.071067811866E-02,-1.144917494145E-17));
#5142 = VECTOR('',#5143,1.);
#5143 = DIRECTION('',(2.465190328816E-32,-1.));
#5144 = ( GEOMETRIC_REPRESENTATION_CONTEXT(2) 
PARAMETRIC_REPRESENTATION_CONTEXT() REPRESENTATION_CONTEXT('2D SPACE',''
  ) );
#5145 = ORIENTED_EDGE('',*,*,#5146,.T.);
#5146 = EDGE_CURVE('',#5119,#5147,#5149,.T.);
#5147 = VERTEX_POINT('',#5148);
#5148 = CARTESIAN_POINT('',(-1.175,-0.205,-5.551115123126E-16));
#5149 = SURFACE_CURVE('',#5150,(#5154,#5161),.PCURVE_S1.);
#5150 = LINE('',#5151,#5152);
#5151 = CARTESIAN_POINT('',(-1.175,-0.430137,-5.551115123126E-16));
#5152 = VECTOR('',#5153,1.);
#5153 = DIRECTION('',(0.,-1.,2.289834988289E-16));
#5154 = PCURVE('',#5127,#5155);
#5155 = DEFINITIONAL_REPRESENTATION('',(#5156),#5160);
#5156 = LINE('',#5157,#5158);
#5157 = CARTESIAN_POINT('',(0.555137,-0.15));
#5158 = VECTOR('',#5159,1.);
#5159 = DIRECTION('',(1.,0.));
#5160 = ( GEOMETRIC_REPRESENTATION_CONTEXT(2) 
PARAMETRIC_REPRESENTATION_CONTEXT() REPRESENTATION_CONTEXT('2D SPACE',''
  ) );
#5161 = PCURVE('',#1269,#5162);
#5162 = DEFINITIONAL_REPRESENTATION('',(#5163),#5167);
#5163 = LINE('',#5164,#5165);
#5164 = CARTESIAN_POINT('',(-0.550916075398,-0.170500231015));
#5165 = VECTOR('',#5166,1.);
#5166 = DIRECTION('',(-1.,2.289834988289E-16));
#5167 = ( GEOMETRIC_REPRESENTATION_CONTEXT(2) 
PARAMETRIC_REPRESENTATION_CONTEXT() REPRESENTATION_CONTEXT('2D SPACE',''
  ) );
#5168 = ORIENTED_EDGE('',*,*,#5169,.F.);
#5169 = EDGE_CURVE('',#5170,#5147,#5172,.T.);
#5170 = VERTEX_POINT('',#5171);
#5171 = CARTESIAN_POINT('',(-1.325,-0.205,-5.551115123126E-16));
#5172 = SURFACE_CURVE('',#5173,(#5177,#5184),.PCURVE_S1.);
#5173 = LINE('',#5174,#5175);
#5174 = CARTESIAN_POINT('',(-1.325,-0.205,-5.551115123126E-16));
#5175 = VECTOR('',#5176,1.);
#5176 = DIRECTION('',(1.,-5.243344273594E-32,-2.289834988289E-16));
#5177 = PCURVE('',#5127,#5178);
#5178 = DEFINITIONAL_REPRESENTATION('',(#5179),#5183);
#5179 = LINE('',#5180,#5181);
#5180 = CARTESIAN_POINT('',(0.33,5.473822126269E-48));
#5181 = VECTOR('',#5182,1.);
#5182 = DIRECTION('',(-2.080052407982E-46,-1.));
#5183 = ( GEOMETRIC_REPRESENTATION_CONTEXT(2) 
PARAMETRIC_REPRESENTATION_CONTEXT() REPRESENTATION_CONTEXT('2D SPACE',''
  ) );
#5184 = PCURVE('',#1240,#5185);
#5185 = DEFINITIONAL_REPRESENTATION('',(#5186),#5190);
#5186 = LINE('',#5187,#5188);
#5187 = CARTESIAN_POINT('',(0.,0.));
#5188 = VECTOR('',#5189,1.);
#5189 = DIRECTION('',(0.,-1.));
#5190 = ( GEOMETRIC_REPRESENTATION_CONTEXT(2) 
PARAMETRIC_REPRESENTATION_CONTEXT() REPRESENTATION_CONTEXT('2D SPACE',''
  ) );
#5191 = ORIENTED_EDGE('',*,*,#5192,.T.);
#5192 = EDGE_CURVE('',#5170,#5117,#5193,.T.);
#5193 = SURFACE_CURVE('',#5194,(#5198,#5205),.PCURVE_S1.);
#5194 = LINE('',#5195,#5196);
#5195 = CARTESIAN_POINT('',(-1.325,-0.205,-5.551115123126E-16));
#5196 = VECTOR('',#5197,1.);
#5197 = DIRECTION('',(0.,1.,-2.289834988289E-16));
#5198 = PCURVE('',#5127,#5199);
#5199 = DEFINITIONAL_REPRESENTATION('',(#5200),#5204);
#5200 = LINE('',#5201,#5202);
#5201 = CARTESIAN_POINT('',(0.33,5.473822126269E-48));
#5202 = VECTOR('',#5203,1.);
#5203 = DIRECTION('',(-1.,0.));
#5204 = ( GEOMETRIC_REPRESENTATION_CONTEXT(2) 
PARAMETRIC_REPRESENTATION_CONTEXT() REPRESENTATION_CONTEXT('2D SPACE',''
  ) );
#5205 = PCURVE('',#1324,#5206);
#5206 = DEFINITIONAL_REPRESENTATION('',(#5207),#5211);
#5207 = LINE('',#5208,#5209);
#5208 = CARTESIAN_POINT('',(-0.325779075398,-0.170500231015));
#5209 = VECTOR('',#5210,1.);
#5210 = DIRECTION('',(1.,-2.289834988289E-16));
#5211 = ( GEOMETRIC_REPRESENTATION_CONTEXT(2) 
PARAMETRIC_REPRESENTATION_CONTEXT() REPRESENTATION_CONTEXT('2D SPACE',''
  ) );
#5212 = ADVANCED_FACE('',(#5213),#3766,.F.);
#5213 = FACE_BOUND('',#5214,.T.);
#5214 = EDGE_LOOP('',(#5215,#5216,#5217,#5218));
#5215 = ORIENTED_EDGE('',*,*,#5067,.F.);
#5216 = ORIENTED_EDGE('',*,*,#3743,.T.);
#5217 = ORIENTED_EDGE('',*,*,#4207,.T.);
#5218 = ORIENTED_EDGE('',*,*,#5219,.T.);
#5219 = EDGE_CURVE('',#4180,#4889,#5220,.T.);
#5220 = SURFACE_CURVE('',#5221,(#5225,#5232),.PCURVE_S1.);
#5221 = LINE('',#5222,#5223);
#5222 = CARTESIAN_POINT('',(-3.1025,-0.430137,0.18));
#5223 = VECTOR('',#5224,1.);
#5224 = DIRECTION('',(2.804146475864E-32,1.,-1.065228634467E-16));
#5225 = PCURVE('',#3766,#5226);
#5226 = DEFINITIONAL_REPRESENTATION('',(#5227),#5231);
#5227 = LINE('',#5228,#5229);
#5228 = CARTESIAN_POINT('',(-0.15,2.594863));
#5229 = VECTOR('',#5230,1.);
#5230 = DIRECTION('',(9.031806508344E-47,1.));
#5231 = ( GEOMETRIC_REPRESENTATION_CONTEXT(2) 
PARAMETRIC_REPRESENTATION_CONTEXT() REPRESENTATION_CONTEXT('2D SPACE',''
  ) );
#5232 = PCURVE('',#4195,#5233);
#5233 = DEFINITIONAL_REPRESENTATION('',(#5234),#5238);
#5234 = LINE('',#5235,#5236);
#5235 = CARTESIAN_POINT('',(0.619926769579,-0.222847335292));
#5236 = VECTOR('',#5237,1.);
#5237 = DIRECTION('',(1.,0.));
#5238 = ( GEOMETRIC_REPRESENTATION_CONTEXT(2) 
PARAMETRIC_REPRESENTATION_CONTEXT() REPRESENTATION_CONTEXT('2D SPACE',''
  ) );
#5239 = ADVANCED_FACE('',(#5240),#2127,.T.);
#5240 = FACE_BOUND('',#5241,.T.);
#5241 = EDGE_LOOP('',(#5242,#5263,#5264,#5285));
#5242 = ORIENTED_EDGE('',*,*,#5243,.F.);
#5243 = EDGE_CURVE('',#2112,#2263,#5244,.T.);
#5244 = SURFACE_CURVE('',#5245,(#5249,#5256),.PCURVE_S1.);
#5245 = LINE('',#5246,#5247);
#5246 = CARTESIAN_POINT('',(-4.,0.225,0.31));
#5247 = VECTOR('',#5248,1.);
#5248 = DIRECTION('',(-1.,5.243344273594E-32,2.289834988289E-16));
#5249 = PCURVE('',#2127,#5250);
#5250 = DEFINITIONAL_REPRESENTATION('',(#5251),#5255);
#5251 = LINE('',#5252,#5253);
#5252 = CARTESIAN_POINT('',(2.381948804864E-15,1.675));
#5253 = VECTOR('',#5254,1.);
#5254 = DIRECTION('',(0.,1.));
#5255 = ( GEOMETRIC_REPRESENTATION_CONTEXT(2) 
PARAMETRIC_REPRESENTATION_CONTEXT() REPRESENTATION_CONTEXT('2D SPACE',''
  ) );
#5256 = PCURVE('',#512,#5257);
#5257 = DEFINITIONAL_REPRESENTATION('',(#5258),#5262);
#5258 = LINE('',#5259,#5260);
#5259 = CARTESIAN_POINT('',(5.35,0.323724317761));
#5260 = VECTOR('',#5261,1.);
#5261 = DIRECTION('',(1.,2.736911063134E-48));
#5262 = ( GEOMETRIC_REPRESENTATION_CONTEXT(2) 
PARAMETRIC_REPRESENTATION_CONTEXT() REPRESENTATION_CONTEXT('2D SPACE',''
  ) );
#5263 = ORIENTED_EDGE('',*,*,#2111,.F.);
#5264 = ORIENTED_EDGE('',*,*,#5265,.F.);
#5265 = EDGE_CURVE('',#2261,#2083,#5266,.T.);
#5266 = SURFACE_CURVE('',#5267,(#5271,#5278),.PCURVE_S1.);
#5267 = LINE('',#5268,#5269);
#5268 = CARTESIAN_POINT('',(-2.325,0.225,0.16));
#5269 = VECTOR('',#5270,1.);
#5270 = DIRECTION('',(1.,-5.243344273594E-32,-2.289834988289E-16));
#5271 = PCURVE('',#2127,#5272);
#5272 = DEFINITIONAL_REPRESENTATION('',(#5273),#5277);
#5273 = LINE('',#5274,#5275);
#5274 = CARTESIAN_POINT('',(0.15,-3.434752482434E-17));
#5275 = VECTOR('',#5276,1.);
#5276 = DIRECTION('',(0.,-1.));
#5277 = ( GEOMETRIC_REPRESENTATION_CONTEXT(2) 
PARAMETRIC_REPRESENTATION_CONTEXT() REPRESENTATION_CONTEXT('2D SPACE',''
  ) );
#5278 = PCURVE('',#2099,#5279);
#5279 = DEFINITIONAL_REPRESENTATION('',(#5280),#5284);
#5280 = LINE('',#5281,#5282);
#5281 = CARTESIAN_POINT('',(4.712388980385,0.15));
#5282 = VECTOR('',#5283,1.);
#5283 = DIRECTION('',(0.,-1.));
#5284 = ( GEOMETRIC_REPRESENTATION_CONTEXT(2) 
PARAMETRIC_REPRESENTATION_CONTEXT() REPRESENTATION_CONTEXT('2D SPACE',''
  ) );
#5285 = ORIENTED_EDGE('',*,*,#2260,.T.);
#5286 = ADVANCED_FACE('',(#5287),#128,.T.);
#5287 = FACE_BOUND('',#5288,.T.);
#5288 = EDGE_LOOP('',(#5289,#5290,#5291,#5292));
#5289 = ORIENTED_EDGE('',*,*,#524,.F.);
#5290 = ORIENTED_EDGE('',*,*,#1833,.F.);
#5291 = ORIENTED_EDGE('',*,*,#112,.F.);
#5292 = ORIENTED_EDGE('',*,*,#199,.F.);
#5293 = ADVANCED_FACE('',(#5294),#1929,.T.);
#5294 = FACE_BOUND('',#5295,.T.);
#5295 = EDGE_LOOP('',(#5296,#5317,#5318,#5319));
#5296 = ORIENTED_EDGE('',*,*,#5297,.F.);
#5297 = EDGE_CURVE('',#1914,#2402,#5298,.T.);
#5298 = SURFACE_CURVE('',#5299,(#5303,#5310),.PCURVE_S1.);
#5299 = LINE('',#5300,#5301);
#5300 = CARTESIAN_POINT('',(-2.175,-0.181813366389,6.541154699934E-02));
#5301 = VECTOR('',#5302,1.);
#5302 = DIRECTION('',(-1.,5.243344273594E-32,2.289834988289E-16));
#5303 = PCURVE('',#1929,#5304);
#5304 = DEFINITIONAL_REPRESENTATION('',(#5305),#5309);
#5305 = LINE('',#5306,#5307);
#5306 = CARTESIAN_POINT('',(1.497112172552E-18,-0.15));
#5307 = VECTOR('',#5308,1.);
#5308 = DIRECTION('',(9.244463733059E-32,1.));
#5309 = ( GEOMETRIC_REPRESENTATION_CONTEXT(2) 
PARAMETRIC_REPRESENTATION_CONTEXT() REPRESENTATION_CONTEXT('2D SPACE',''
  ) );
#5310 = PCURVE('',#1958,#5311);
#5311 = DEFINITIONAL_REPRESENTATION('',(#5312),#5316);
#5312 = LINE('',#5313,#5314);
#5313 = CARTESIAN_POINT('',(4.483277601658,0.));
#5314 = VECTOR('',#5315,1.);
#5315 = DIRECTION('',(0.,1.));
#5316 = ( GEOMETRIC_REPRESENTATION_CONTEXT(2) 
PARAMETRIC_REPRESENTATION_CONTEXT() REPRESENTATION_CONTEXT('2D SPACE',''
  ) );
#5317 = ORIENTED_EDGE('',*,*,#1913,.T.);
#5318 = ORIENTED_EDGE('',*,*,#2235,.T.);
#5319 = ORIENTED_EDGE('',*,*,#2425,.F.);
#5320 = ADVANCED_FACE('',(#5321),#1958,.T.);
#5321 = FACE_BOUND('',#5322,.T.);
#5322 = EDGE_LOOP('',(#5323,#5324,#5325,#5346));
#5323 = ORIENTED_EDGE('',*,*,#5297,.T.);
#5324 = ORIENTED_EDGE('',*,*,#2401,.T.);
#5325 = ORIENTED_EDGE('',*,*,#5326,.F.);
#5326 = EDGE_CURVE('',#1942,#2379,#5327,.T.);
#5327 = SURFACE_CURVE('',#5328,(#5332,#5339),.PCURVE_S1.);
#5328 = LINE('',#5329,#5330);
#5329 = CARTESIAN_POINT('',(-2.175,-0.205,3.619548911246E-02));
#5330 = VECTOR('',#5331,1.);
#5331 = DIRECTION('',(-1.,5.243344273594E-32,2.289834988289E-16));
#5332 = PCURVE('',#1958,#5333);
#5333 = DEFINITIONAL_REPRESENTATION('',(#5334),#5338);
#5334 = LINE('',#5335,#5336);
#5335 = CARTESIAN_POINT('',(3.14159265359,0.));
#5336 = VECTOR('',#5337,1.);
#5337 = DIRECTION('',(0.,1.));
#5338 = ( GEOMETRIC_REPRESENTATION_CONTEXT(2) 
PARAMETRIC_REPRESENTATION_CONTEXT() REPRESENTATION_CONTEXT('2D SPACE',''
  ) );
#5339 = PCURVE('',#1986,#5340);
#5340 = DEFINITIONAL_REPRESENTATION('',(#5341),#5345);
#5341 = LINE('',#5342,#5343);
#5342 = CARTESIAN_POINT('',(3.619548911246E-02,-8.288169738796E-18));
#5343 = VECTOR('',#5344,1.);
#5344 = DIRECTION('',(0.,-1.));
#5345 = ( GEOMETRIC_REPRESENTATION_CONTEXT(2) 
PARAMETRIC_REPRESENTATION_CONTEXT() REPRESENTATION_CONTEXT('2D SPACE',''
  ) );
#5346 = ORIENTED_EDGE('',*,*,#1941,.F.);
#5347 = ADVANCED_FACE('',(#5348),#1986,.F.);
#5348 = FACE_BOUND('',#5349,.T.);
#5349 = EDGE_LOOP('',(#5350,#5351,#5352,#5373));
#5350 = ORIENTED_EDGE('',*,*,#5326,.T.);
#5351 = ORIENTED_EDGE('',*,*,#2378,.F.);
#5352 = ORIENTED_EDGE('',*,*,#5353,.T.);
#5353 = EDGE_CURVE('',#2356,#1971,#5354,.T.);
#5354 = SURFACE_CURVE('',#5355,(#5359,#5366),.PCURVE_S1.);
#5355 = LINE('',#5356,#5357);
#5356 = CARTESIAN_POINT('',(-2.325,-0.205,-3.330669073875E-16));
#5357 = VECTOR('',#5358,1.);
#5358 = DIRECTION('',(1.,-5.243344273594E-32,-2.289834988289E-16));
#5359 = PCURVE('',#1986,#5360);
#5360 = DEFINITIONAL_REPRESENTATION('',(#5361),#5365);
#5361 = LINE('',#5362,#5363);
#5362 = CARTESIAN_POINT('',(-3.434752482434E-17,-0.15));
#5363 = VECTOR('',#5364,1.);
#5364 = DIRECTION('',(0.,1.));
#5365 = ( GEOMETRIC_REPRESENTATION_CONTEXT(2) 
PARAMETRIC_REPRESENTATION_CONTEXT() REPRESENTATION_CONTEXT('2D SPACE',''
  ) );
#5366 = PCURVE('',#2014,#5367);
#5367 = DEFINITIONAL_REPRESENTATION('',(#5368),#5372);
#5368 = LINE('',#5369,#5370);
#5369 = CARTESIAN_POINT('',(0.33,-5.473822126269E-48));
#5370 = VECTOR('',#5371,1.);
#5371 = DIRECTION('',(-2.080052407982E-46,-1.));
#5372 = ( GEOMETRIC_REPRESENTATION_CONTEXT(2) 
PARAMETRIC_REPRESENTATION_CONTEXT() REPRESENTATION_CONTEXT('2D SPACE',''
  ) );
#5373 = ORIENTED_EDGE('',*,*,#1970,.T.);
#5374 = ADVANCED_FACE('',(#5375),#2014,.T.);
#5375 = FACE_BOUND('',#5376,.T.);
#5376 = EDGE_LOOP('',(#5377,#5398,#5399,#5400));
#5377 = ORIENTED_EDGE('',*,*,#5378,.F.);
#5378 = EDGE_CURVE('',#1999,#2333,#5379,.T.);
#5379 = SURFACE_CURVE('',#5380,(#5384,#5391),.PCURVE_S1.);
#5380 = LINE('',#5381,#5382);
#5381 = CARTESIAN_POINT('',(-2.175,0.125,-4.440892098501E-16));
#5382 = VECTOR('',#5383,1.);
#5383 = DIRECTION('',(-1.,5.243344273594E-32,2.289834988289E-16));
#5384 = PCURVE('',#2014,#5385);
#5385 = DEFINITIONAL_REPRESENTATION('',(#5386),#5390);
#5386 = LINE('',#5387,#5388);
#5387 = CARTESIAN_POINT('',(-7.865016410391E-33,-0.15));
#5388 = VECTOR('',#5389,1.);
#5389 = DIRECTION('',(2.080052407982E-46,1.));
#5390 = ( GEOMETRIC_REPRESENTATION_CONTEXT(2) 
PARAMETRIC_REPRESENTATION_CONTEXT() REPRESENTATION_CONTEXT('2D SPACE',''
  ) );
#5391 = PCURVE('',#2042,#5392);
#5392 = DEFINITIONAL_REPRESENTATION('',(#5393),#5397);
#5393 = LINE('',#5394,#5395);
#5394 = CARTESIAN_POINT('',(7.071067811866E-02,1.144917494145E-17));
#5395 = VECTOR('',#5396,1.);
#5396 = DIRECTION('',(-2.465190328816E-32,-1.));
#5397 = ( GEOMETRIC_REPRESENTATION_CONTEXT(2) 
PARAMETRIC_REPRESENTATION_CONTEXT() REPRESENTATION_CONTEXT('2D SPACE',''
  ) );
#5398 = ORIENTED_EDGE('',*,*,#1998,.F.);
#5399 = ORIENTED_EDGE('',*,*,#5353,.F.);
#5400 = ORIENTED_EDGE('',*,*,#2355,.T.);
#5401 = ADVANCED_FACE('',(#5402),#2042,.F.);
#5402 = FACE_BOUND('',#5403,.T.);
#5403 = EDGE_LOOP('',(#5404,#5405,#5406,#5427));
#5404 = ORIENTED_EDGE('',*,*,#5378,.T.);
#5405 = ORIENTED_EDGE('',*,*,#2332,.F.);
#5406 = ORIENTED_EDGE('',*,*,#5407,.F.);
#5407 = EDGE_CURVE('',#2027,#2310,#5408,.T.);
#5408 = SURFACE_CURVE('',#5409,(#5413,#5420),.PCURVE_S1.);
#5409 = LINE('',#5410,#5411);
#5410 = CARTESIAN_POINT('',(-2.175,0.175,5.E-02));
#5411 = VECTOR('',#5412,1.);
#5412 = DIRECTION('',(-1.,5.243344273594E-32,2.289834988289E-16));
#5413 = PCURVE('',#2042,#5414);
#5414 = DEFINITIONAL_REPRESENTATION('',(#5415),#5419);
#5415 = LINE('',#5416,#5417);
#5416 = CARTESIAN_POINT('',(-0.,0.));
#5417 = VECTOR('',#5418,1.);
#5418 = DIRECTION('',(-2.465190328816E-32,-1.));
#5419 = ( GEOMETRIC_REPRESENTATION_CONTEXT(2) 
PARAMETRIC_REPRESENTATION_CONTEXT() REPRESENTATION_CONTEXT('2D SPACE',''
  ) );
#5420 = PCURVE('',#2070,#5421);
#5421 = DEFINITIONAL_REPRESENTATION('',(#5422),#5426);
#5422 = LINE('',#5423,#5424);
#5423 = CARTESIAN_POINT('',(6.E-02,1.373900992974E-17));
#5424 = VECTOR('',#5425,1.);
#5425 = DIRECTION('',(0.,-1.));
#5426 = ( GEOMETRIC_REPRESENTATION_CONTEXT(2) 
PARAMETRIC_REPRESENTATION_CONTEXT() REPRESENTATION_CONTEXT('2D SPACE',''
  ) );
#5427 = ORIENTED_EDGE('',*,*,#2026,.T.);
#5428 = ADVANCED_FACE('',(#5429),#2070,.F.);
#5429 = FACE_BOUND('',#5430,.T.);
#5430 = EDGE_LOOP('',(#5431,#5432,#5433,#5454));
#5431 = ORIENTED_EDGE('',*,*,#5407,.T.);
#5432 = ORIENTED_EDGE('',*,*,#2309,.F.);
#5433 = ORIENTED_EDGE('',*,*,#5434,.F.);
#5434 = EDGE_CURVE('',#2055,#2286,#5435,.T.);
#5435 = SURFACE_CURVE('',#5436,(#5440,#5447),.PCURVE_S1.);
#5436 = LINE('',#5437,#5438);
#5437 = CARTESIAN_POINT('',(-2.175,0.175,0.11));
#5438 = VECTOR('',#5439,1.);
#5439 = DIRECTION('',(-1.,5.243344273594E-32,2.289834988289E-16));
#5440 = PCURVE('',#2070,#5441);
#5441 = DEFINITIONAL_REPRESENTATION('',(#5442),#5446);
#5442 = LINE('',#5443,#5444);
#5443 = CARTESIAN_POINT('',(-0.,0.));
#5444 = VECTOR('',#5445,1.);
#5445 = DIRECTION('',(0.,-1.));
#5446 = ( GEOMETRIC_REPRESENTATION_CONTEXT(2) 
PARAMETRIC_REPRESENTATION_CONTEXT() REPRESENTATION_CONTEXT('2D SPACE',''
  ) );
#5447 = PCURVE('',#2099,#5448);
#5448 = DEFINITIONAL_REPRESENTATION('',(#5449),#5453);
#5449 = LINE('',#5450,#5451);
#5450 = CARTESIAN_POINT('',(3.14159265359,0.));
#5451 = VECTOR('',#5452,1.);
#5452 = DIRECTION('',(0.,1.));
#5453 = ( GEOMETRIC_REPRESENTATION_CONTEXT(2) 
PARAMETRIC_REPRESENTATION_CONTEXT() REPRESENTATION_CONTEXT('2D SPACE',''
  ) );
#5454 = ORIENTED_EDGE('',*,*,#2054,.T.);
#5455 = ADVANCED_FACE('',(#5456),#2099,.F.);
#5456 = FACE_BOUND('',#5457,.F.);
#5457 = EDGE_LOOP('',(#5458,#5459,#5460,#5461));
#5458 = ORIENTED_EDGE('',*,*,#2082,.F.);
#5459 = ORIENTED_EDGE('',*,*,#5265,.F.);
#5460 = ORIENTED_EDGE('',*,*,#2285,.T.);
#5461 = ORIENTED_EDGE('',*,*,#5434,.F.);
#5462 = ADVANCED_FACE('',(#5463),#1148,.T.);
#5463 = FACE_BOUND('',#5464,.T.);
#5464 = EDGE_LOOP('',(#5465,#5466,#5467,#5490));
#5465 = ORIENTED_EDGE('',*,*,#1531,.F.);
#5466 = ORIENTED_EDGE('',*,*,#1132,.T.);
#5467 = ORIENTED_EDGE('',*,*,#5468,.F.);
#5468 = EDGE_CURVE('',#5469,#1105,#5471,.T.);
#5469 = VERTEX_POINT('',#5470);
#5470 = CARTESIAN_POINT('',(-1.45,-0.125,3.E-02));
#5471 = SURFACE_CURVE('',#5472,(#5476,#5483),.PCURVE_S1.);
#5472 = LINE('',#5473,#5474);
#5473 = CARTESIAN_POINT('',(-1.45,-0.430137,3.E-02));
#5474 = VECTOR('',#5475,1.);
#5475 = DIRECTION('',(-3.675722875075E-32,-1.,1.065228634467E-16));
#5476 = PCURVE('',#1148,#5477);
#5477 = DEFINITIONAL_REPRESENTATION('',(#5478),#5482);
#5478 = LINE('',#5479,#5480);
#5479 = CARTESIAN_POINT('',(3.535533905933E-02,-0.155137));
#5480 = VECTOR('',#5481,1.);
#5481 = DIRECTION('',(-6.984534836347E-16,-1.));
#5482 = ( GEOMETRIC_REPRESENTATION_CONTEXT(2) 
PARAMETRIC_REPRESENTATION_CONTEXT() REPRESENTATION_CONTEXT('2D SPACE',''
  ) );
#5483 = PCURVE('',#649,#5484);
#5484 = DEFINITIONAL_REPRESENTATION('',(#5485),#5489);
#5485 = LINE('',#5486,#5487);
#5486 = CARTESIAN_POINT('',(0.305137,-45.6525));
#5487 = VECTOR('',#5488,1.);
#5488 = DIRECTION('',(1.,8.715763992105E-33));
#5489 = ( GEOMETRIC_REPRESENTATION_CONTEXT(2) 
PARAMETRIC_REPRESENTATION_CONTEXT() REPRESENTATION_CONTEXT('2D SPACE',''
  ) );
#5490 = ORIENTED_EDGE('',*,*,#5491,.F.);
#5491 = EDGE_CURVE('',#1532,#5469,#5492,.T.);
#5492 = SURFACE_CURVE('',#5493,(#5497,#5504),.PCURVE_S1.);
#5493 = LINE('',#5494,#5495);
#5494 = CARTESIAN_POINT('',(-17.,-0.125,-15.52));
#5495 = VECTOR('',#5496,1.);
#5496 = DIRECTION('',(-0.707106781187,-1.064046335705E-16,
    -0.707106781187));
#5497 = PCURVE('',#1148,#5498);
#5498 = DEFINITIONAL_REPRESENTATION('',(#5499),#5503);
#5499 = LINE('',#5500,#5501);
#5500 = CARTESIAN_POINT('',(22.026376233961,0.15));
#5501 = VECTOR('',#5502,1.);
#5502 = DIRECTION('',(1.,-7.295350781106E-16));
#5503 = ( GEOMETRIC_REPRESENTATION_CONTEXT(2) 
PARAMETRIC_REPRESENTATION_CONTEXT() REPRESENTATION_CONTEXT('2D SPACE',''
  ) );
#5504 = PCURVE('',#621,#5505);
#5505 = DEFINITIONAL_REPRESENTATION('',(#5506),#5510);
#5506 = LINE('',#5507,#5508);
#5507 = CARTESIAN_POINT('',(15.83,19.325));
#5508 = VECTOR('',#5509,1.);
#5509 = DIRECTION('',(0.707106781187,0.707106781187));
#5510 = ( GEOMETRIC_REPRESENTATION_CONTEXT(2) 
PARAMETRIC_REPRESENTATION_CONTEXT() REPRESENTATION_CONTEXT('2D SPACE',''
  ) );
#5511 = ADVANCED_FACE('',(#5512),#742,.T.);
#5512 = FACE_BOUND('',#5513,.T.);
#5513 = EDGE_LOOP('',(#5514,#5537,#5538,#5539,#5540,#5563,#5591,#5619,
    #5648,#5676,#5699));
#5514 = ORIENTED_EDGE('',*,*,#5515,.T.);
#5515 = EDGE_CURVE('',#5516,#4993,#5518,.T.);
#5516 = VERTEX_POINT('',#5517);
#5517 = CARTESIAN_POINT('',(-0.675,-0.125,8.E-02));
#5518 = SURFACE_CURVE('',#5519,(#5523,#5530),.PCURVE_S1.);
#5519 = LINE('',#5520,#5521);
#5520 = CARTESIAN_POINT('',(-0.675,-0.125,0.841614));
#5521 = VECTOR('',#5522,1.);
#5522 = DIRECTION('',(-2.289834988289E-16,-1.065228634467E-16,-1.));
#5523 = PCURVE('',#742,#5524);
#5524 = DEFINITIONAL_REPRESENTATION('',(#5525),#5529);
#5525 = LINE('',#5526,#5527);
#5526 = CARTESIAN_POINT('',(-0.245779075398,0.671113768985));
#5527 = VECTOR('',#5528,1.);
#5528 = DIRECTION('',(-1.065228634467E-16,-1.));
#5529 = ( GEOMETRIC_REPRESENTATION_CONTEXT(2) 
PARAMETRIC_REPRESENTATION_CONTEXT() REPRESENTATION_CONTEXT('2D SPACE',''
  ) );
#5530 = PCURVE('',#5031,#5531);
#5531 = DEFINITIONAL_REPRESENTATION('',(#5532),#5536);
#5532 = LINE('',#5533,#5534);
#5533 = CARTESIAN_POINT('',(-0.762953222646,1.747036983643E-16));
#5534 = VECTOR('',#5535,1.);
#5535 = DIRECTION('',(1.,0.));
#5536 = ( GEOMETRIC_REPRESENTATION_CONTEXT(2) 
PARAMETRIC_REPRESENTATION_CONTEXT() REPRESENTATION_CONTEXT('2D SPACE',''
  ) );
#5537 = ORIENTED_EDGE('',*,*,#4992,.F.);
#5538 = ORIENTED_EDGE('',*,*,#725,.T.);
#5539 = ORIENTED_EDGE('',*,*,#1390,.F.);
#5540 = ORIENTED_EDGE('',*,*,#5541,.F.);
#5541 = EDGE_CURVE('',#5542,#1363,#5544,.T.);
#5542 = VERTEX_POINT('',#5543);
#5543 = CARTESIAN_POINT('',(-0.675,0.125,-7.771561172376E-16));
#5544 = SURFACE_CURVE('',#5545,(#5549,#5556),.PCURVE_S1.);
#5545 = LINE('',#5546,#5547);
#5546 = CARTESIAN_POINT('',(-0.675,-0.430137,-6.661338147751E-16));
#5547 = VECTOR('',#5548,1.);
#5548 = DIRECTION('',(0.,-1.,2.289834988289E-16));
#5549 = PCURVE('',#742,#5550);
#5550 = DEFINITIONAL_REPRESENTATION('',(#5551),#5555);
#5551 = LINE('',#5552,#5553);
#5552 = CARTESIAN_POINT('',(-0.550916075398,-0.170500231015));
#5553 = VECTOR('',#5554,1.);
#5554 = DIRECTION('',(-1.,2.289834988289E-16));
#5555 = ( GEOMETRIC_REPRESENTATION_CONTEXT(2) 
PARAMETRIC_REPRESENTATION_CONTEXT() REPRESENTATION_CONTEXT('2D SPACE',''
  ) );
#5556 = PCURVE('',#1378,#5557);
#5557 = DEFINITIONAL_REPRESENTATION('',(#5558),#5562);
#5558 = LINE('',#5559,#5560);
#5559 = CARTESIAN_POINT('',(0.555137,-0.15));
#5560 = VECTOR('',#5561,1.);
#5561 = DIRECTION('',(1.,0.));
#5562 = ( GEOMETRIC_REPRESENTATION_CONTEXT(2) 
PARAMETRIC_REPRESENTATION_CONTEXT() REPRESENTATION_CONTEXT('2D SPACE',''
  ) );
#5563 = ORIENTED_EDGE('',*,*,#5564,.F.);
#5564 = EDGE_CURVE('',#5565,#5542,#5567,.T.);
#5565 = VERTEX_POINT('',#5566);
#5566 = CARTESIAN_POINT('',(-0.675,0.175,5.E-02));
#5567 = SURFACE_CURVE('',#5568,(#5572,#5579),.PCURVE_S1.);
#5568 = LINE('',#5569,#5570);
#5569 = CARTESIAN_POINT('',(-0.675,-0.430137,-0.555137));
#5570 = VECTOR('',#5571,1.);
#5571 = DIRECTION('',(-1.619157848018E-16,-0.707106781187,
    -0.707106781186));
#5572 = PCURVE('',#742,#5573);
#5573 = DEFINITIONAL_REPRESENTATION('',(#5574),#5578);
#5574 = LINE('',#5575,#5576);
#5575 = CARTESIAN_POINT('',(-0.550916075398,-0.725637231015));
#5576 = VECTOR('',#5577,1.);
#5577 = DIRECTION('',(-0.707106781187,-0.707106781186));
#5578 = ( GEOMETRIC_REPRESENTATION_CONTEXT(2) 
PARAMETRIC_REPRESENTATION_CONTEXT() REPRESENTATION_CONTEXT('2D SPACE',''
  ) );
#5579 = PCURVE('',#5580,#5585);
#5580 = PLANE('',#5581);
#5581 = AXIS2_PLACEMENT_3D('',#5582,#5583,#5584);
#5582 = CARTESIAN_POINT('',(-0.825,0.175,5.E-02));
#5583 = DIRECTION('',(-1.619157848018E-16,0.707106781186,-0.707106781187
    ));
#5584 = DIRECTION('',(-1.619157848018E-16,-0.707106781187,
    -0.707106781186));
#5585 = DEFINITIONAL_REPRESENTATION('',(#5586),#5590);
#5586 = LINE('',#5587,#5588);
#5587 = CARTESIAN_POINT('',(0.855792952494,-0.15));
#5588 = VECTOR('',#5589,1.);
#5589 = DIRECTION('',(1.,-7.395570986447E-32));
#5590 = ( GEOMETRIC_REPRESENTATION_CONTEXT(2) 
PARAMETRIC_REPRESENTATION_CONTEXT() REPRESENTATION_CONTEXT('2D SPACE',''
  ) );
#5591 = ORIENTED_EDGE('',*,*,#5592,.F.);
#5592 = EDGE_CURVE('',#5593,#5565,#5595,.T.);
#5593 = VERTEX_POINT('',#5594);
#5594 = CARTESIAN_POINT('',(-0.675,0.175,0.11));
#5595 = SURFACE_CURVE('',#5596,(#5600,#5607),.PCURVE_S1.);
#5596 = LINE('',#5597,#5598);
#5597 = CARTESIAN_POINT('',(-0.675,0.175,0.841614));
#5598 = VECTOR('',#5599,1.);
#5599 = DIRECTION('',(-2.289834988289E-16,-2.289834988289E-16,-1.));
#5600 = PCURVE('',#742,#5601);
#5601 = DEFINITIONAL_REPRESENTATION('',(#5602),#5606);
#5602 = LINE('',#5603,#5604);
#5603 = CARTESIAN_POINT('',(5.422092460224E-02,0.671113768985));
#5604 = VECTOR('',#5605,1.);
#5605 = DIRECTION('',(-2.289834988289E-16,-1.));
#5606 = ( GEOMETRIC_REPRESENTATION_CONTEXT(2) 
PARAMETRIC_REPRESENTATION_CONTEXT() REPRESENTATION_CONTEXT('2D SPACE',''
  ) );
#5607 = PCURVE('',#5608,#5613);
#5608 = PLANE('',#5609);
#5609 = AXIS2_PLACEMENT_3D('',#5610,#5611,#5612);
#5610 = CARTESIAN_POINT('',(-0.825,0.175,0.11));
#5611 = DIRECTION('',(0.,1.,-2.289834988289E-16));
#5612 = DIRECTION('',(-2.289834988289E-16,-2.289834988289E-16,-1.));
#5613 = DEFINITIONAL_REPRESENTATION('',(#5614),#5618);
#5614 = LINE('',#5615,#5616);
#5615 = CARTESIAN_POINT('',(-0.731614,-0.15));
#5616 = VECTOR('',#5617,1.);
#5617 = DIRECTION('',(1.,0.));
#5618 = ( GEOMETRIC_REPRESENTATION_CONTEXT(2) 
PARAMETRIC_REPRESENTATION_CONTEXT() REPRESENTATION_CONTEXT('2D SPACE',''
  ) );
#5619 = ORIENTED_EDGE('',*,*,#5620,.F.);
#5620 = EDGE_CURVE('',#5621,#5593,#5623,.T.);
#5621 = VERTEX_POINT('',#5622);
#5622 = CARTESIAN_POINT('',(-0.675,0.225,0.16));
#5623 = SURFACE_CURVE('',#5624,(#5629,#5636),.PCURVE_S1.);
#5624 = CIRCLE('',#5625,5.E-02);
#5625 = AXIS2_PLACEMENT_3D('',#5626,#5627,#5628);
#5626 = CARTESIAN_POINT('',(-0.675,0.225,0.11));
#5627 = DIRECTION('',(1.,-5.243344273594E-32,-2.289834988289E-16));
#5628 = DIRECTION('',(-2.080052407982E-46,1.,-2.289834988289E-16));
#5629 = PCURVE('',#742,#5630);
#5630 = DEFINITIONAL_REPRESENTATION('',(#5631),#5635);
#5631 = CIRCLE('',#5632,5.E-02);
#5632 = AXIS2_PLACEMENT_2D('',#5633,#5634);
#5633 = CARTESIAN_POINT('',(0.104220924602,-6.050023101547E-02));
#5634 = DIRECTION('',(1.,-2.289834988289E-16));
#5635 = ( GEOMETRIC_REPRESENTATION_CONTEXT(2) 
PARAMETRIC_REPRESENTATION_CONTEXT() REPRESENTATION_CONTEXT('2D SPACE',''
  ) );
#5636 = PCURVE('',#5637,#5642);
#5637 = CYLINDRICAL_SURFACE('',#5638,5.E-02);
#5638 = AXIS2_PLACEMENT_3D('',#5639,#5640,#5641);
#5639 = CARTESIAN_POINT('',(-0.825,0.225,0.11));
#5640 = DIRECTION('',(1.,-5.243344273594E-32,-2.289834988289E-16));
#5641 = DIRECTION('',(-2.080052407982E-46,1.,-2.289834988289E-16));
#5642 = DEFINITIONAL_REPRESENTATION('',(#5643),#5647);
#5643 = LINE('',#5644,#5645);
#5644 = CARTESIAN_POINT('',(-2.22044604925E-16,0.15));
#5645 = VECTOR('',#5646,1.);
#5646 = DIRECTION('',(1.,0.));
#5647 = ( GEOMETRIC_REPRESENTATION_CONTEXT(2) 
PARAMETRIC_REPRESENTATION_CONTEXT() REPRESENTATION_CONTEXT('2D SPACE',''
  ) );
#5648 = ORIENTED_EDGE('',*,*,#5649,.F.);
#5649 = EDGE_CURVE('',#5650,#5621,#5652,.T.);
#5650 = VERTEX_POINT('',#5651);
#5651 = CARTESIAN_POINT('',(-0.675,0.225,0.31));
#5652 = SURFACE_CURVE('',#5653,(#5657,#5664),.PCURVE_S1.);
#5653 = LINE('',#5654,#5655);
#5654 = CARTESIAN_POINT('',(-0.675,0.225,0.841614));
#5655 = VECTOR('',#5656,1.);
#5656 = DIRECTION('',(-2.289834988289E-16,-2.289834988289E-16,-1.));
#5657 = PCURVE('',#742,#5658);
#5658 = DEFINITIONAL_REPRESENTATION('',(#5659),#5663);
#5659 = LINE('',#5660,#5661);
#5660 = CARTESIAN_POINT('',(0.104220924602,0.671113768985));
#5661 = VECTOR('',#5662,1.);
#5662 = DIRECTION('',(-2.289834988289E-16,-1.));
#5663 = ( GEOMETRIC_REPRESENTATION_CONTEXT(2) 
PARAMETRIC_REPRESENTATION_CONTEXT() REPRESENTATION_CONTEXT('2D SPACE',''
  ) );
#5664 = PCURVE('',#5665,#5670);
#5665 = PLANE('',#5666);
#5666 = AXIS2_PLACEMENT_3D('',#5667,#5668,#5669);
#5667 = CARTESIAN_POINT('',(-0.825,0.225,0.31));
#5668 = DIRECTION('',(0.,1.,-2.289834988289E-16));
#5669 = DIRECTION('',(-2.289834988289E-16,-2.289834988289E-16,-1.));
#5670 = DEFINITIONAL_REPRESENTATION('',(#5671),#5675);
#5671 = LINE('',#5672,#5673);
#5672 = CARTESIAN_POINT('',(-0.531614,-0.15));
#5673 = VECTOR('',#5674,1.);
#5674 = DIRECTION('',(1.,0.));
#5675 = ( GEOMETRIC_REPRESENTATION_CONTEXT(2) 
PARAMETRIC_REPRESENTATION_CONTEXT() REPRESENTATION_CONTEXT('2D SPACE',''
  ) );
#5676 = ORIENTED_EDGE('',*,*,#5677,.F.);
#5677 = EDGE_CURVE('',#5678,#5650,#5680,.T.);
#5678 = VERTEX_POINT('',#5679);
#5679 = CARTESIAN_POINT('',(-0.675,-0.125,0.31));
#5680 = SURFACE_CURVE('',#5681,(#5685,#5692),.PCURVE_S1.);
#5681 = LINE('',#5682,#5683);
#5682 = CARTESIAN_POINT('',(-0.675,-0.430137,0.31));
#5683 = VECTOR('',#5684,1.);
#5684 = DIRECTION('',(2.804146475864E-32,1.,-1.065228634467E-16));
#5685 = PCURVE('',#742,#5686);
#5686 = DEFINITIONAL_REPRESENTATION('',(#5687),#5691);
#5687 = LINE('',#5688,#5689);
#5688 = CARTESIAN_POINT('',(-0.550916075398,0.139499768985));
#5689 = VECTOR('',#5690,1.);
#5690 = DIRECTION('',(1.,-1.065228634467E-16));
#5691 = ( GEOMETRIC_REPRESENTATION_CONTEXT(2) 
PARAMETRIC_REPRESENTATION_CONTEXT() REPRESENTATION_CONTEXT('2D SPACE',''
  ) );
#5692 = PCURVE('',#512,#5693);
#5693 = DEFINITIONAL_REPRESENTATION('',(#5694),#5698);
#5694 = LINE('',#5695,#5696);
#5695 = CARTESIAN_POINT('',(2.025,0.978861317761));
#5696 = VECTOR('',#5697,1.);
#5697 = DIRECTION('',(-9.031806508344E-47,-1.));
#5698 = ( GEOMETRIC_REPRESENTATION_CONTEXT(2) 
PARAMETRIC_REPRESENTATION_CONTEXT() REPRESENTATION_CONTEXT('2D SPACE',''
  ) );
#5699 = ORIENTED_EDGE('',*,*,#5700,.T.);
#5700 = EDGE_CURVE('',#5678,#5516,#5701,.T.);
#5701 = SURFACE_CURVE('',#5702,(#5706,#5713),.PCURVE_S1.);
#5702 = LINE('',#5703,#5704);
#5703 = CARTESIAN_POINT('',(-0.675,-0.125,0.841614));
#5704 = VECTOR('',#5705,1.);
#5705 = DIRECTION('',(-2.289834988289E-16,-1.065228634467E-16,-1.));
#5706 = PCURVE('',#742,#5707);
#5707 = DEFINITIONAL_REPRESENTATION('',(#5708),#5712);
#5708 = LINE('',#5709,#5710);
#5709 = CARTESIAN_POINT('',(-0.245779075398,0.671113768985));
#5710 = VECTOR('',#5711,1.);
#5711 = DIRECTION('',(-1.065228634467E-16,-1.));
#5712 = ( GEOMETRIC_REPRESENTATION_CONTEXT(2) 
PARAMETRIC_REPRESENTATION_CONTEXT() REPRESENTATION_CONTEXT('2D SPACE',''
  ) );
#5713 = PCURVE('',#5714,#5719);
#5714 = PLANE('',#5715);
#5715 = AXIS2_PLACEMENT_3D('',#5716,#5717,#5718);
#5716 = CARTESIAN_POINT('',(3.325,-0.125,0.31));
#5717 = DIRECTION('',(2.804146475864E-32,1.,-1.065228634467E-16));
#5718 = DIRECTION('',(-2.289834988289E-16,-1.065228634467E-16,-1.));
#5719 = DEFINITIONAL_REPRESENTATION('',(#5720),#5724);
#5720 = LINE('',#5721,#5722);
#5721 = CARTESIAN_POINT('',(-0.531614,4.));
#5722 = VECTOR('',#5723,1.);
#5723 = DIRECTION('',(1.,0.));
#5724 = ( GEOMETRIC_REPRESENTATION_CONTEXT(2) 
PARAMETRIC_REPRESENTATION_CONTEXT() REPRESENTATION_CONTEXT('2D SPACE',''
  ) );
#5725 = ADVANCED_FACE('',(#5726),#3478,.F.);
#5726 = FACE_BOUND('',#5727,.T.);
#5727 = EDGE_LOOP('',(#5728,#5751,#5779,#5802,#5825,#5846));
#5728 = ORIENTED_EDGE('',*,*,#5729,.F.);
#5729 = EDGE_CURVE('',#5730,#3458,#5732,.T.);
#5730 = VERTEX_POINT('',#5731);
#5731 = CARTESIAN_POINT('',(-2.785,-2.925,0.92));
#5732 = SURFACE_CURVE('',#5733,(#5737,#5744),.PCURVE_S1.);
#5733 = LINE('',#5734,#5735);
#5734 = CARTESIAN_POINT('',(-2.7262105,-2.8662105,0.841614));
#5735 = VECTOR('',#5736,1.);
#5736 = DIRECTION('',(0.514495755428,0.514495755428,-0.68599434057));
#5737 = PCURVE('',#3478,#5738);
#5738 = DEFINITIONAL_REPRESENTATION('',(#5739),#5743);
#5739 = LINE('',#5740,#5741);
#5740 = CARTESIAN_POINT('',(-0.153851586344,0.266614));
#5741 = VECTOR('',#5742,1.);
#5742 = DIRECTION('',(-0.727606875109,-0.68599434057));
#5743 = ( GEOMETRIC_REPRESENTATION_CONTEXT(2) 
PARAMETRIC_REPRESENTATION_CONTEXT() REPRESENTATION_CONTEXT('2D SPACE',''
  ) );
#5744 = PCURVE('',#3728,#5745);
#5745 = DEFINITIONAL_REPRESENTATION('',(#5746),#5750);
#5746 = LINE('',#5747,#5748);
#5747 = CARTESIAN_POINT('',(0.1520175,-9.5112105));
#5748 = VECTOR('',#5749,1.);
#5749 = DIRECTION('',(-0.857492925713,0.514495755428));
#5750 = ( GEOMETRIC_REPRESENTATION_CONTEXT(2) 
PARAMETRIC_REPRESENTATION_CONTEXT() REPRESENTATION_CONTEXT('2D SPACE',''
  ) );
#5751 = ORIENTED_EDGE('',*,*,#5752,.T.);
#5752 = EDGE_CURVE('',#5730,#5753,#5755,.T.);
#5753 = VERTEX_POINT('',#5754);
#5754 = CARTESIAN_POINT('',(-2.785,-2.925,1.));
#5755 = SURFACE_CURVE('',#5756,(#5760,#5767),.PCURVE_S1.);
#5756 = LINE('',#5757,#5758);
#5757 = CARTESIAN_POINT('',(-2.785,-2.925,0.841614));
#5758 = VECTOR('',#5759,1.);
#5759 = DIRECTION('',(1.065228634467E-16,1.065228634467E-16,1.));
#5760 = PCURVE('',#3478,#5761);
#5761 = DEFINITIONAL_REPRESENTATION('',(#5762),#5766);
#5762 = LINE('',#5763,#5764);
#5763 = CARTESIAN_POINT('',(-7.071067811865E-02,0.266614));
#5764 = VECTOR('',#5765,1.);
#5765 = DIRECTION('',(1.731854914144E-16,1.));
#5766 = ( GEOMETRIC_REPRESENTATION_CONTEXT(2) 
PARAMETRIC_REPRESENTATION_CONTEXT() REPRESENTATION_CONTEXT('2D SPACE',''
  ) );
#5767 = PCURVE('',#5768,#5773);
#5768 = PLANE('',#5769);
#5769 = AXIS2_PLACEMENT_3D('',#5770,#5771,#5772);
#5770 = CARTESIAN_POINT('',(21.285,-2.925,0.92));
#5771 = DIRECTION('',(2.804146475864E-32,1.,-1.065228634467E-16));
#5772 = DIRECTION('',(2.289834988289E-16,1.065228634467E-16,1.));
#5773 = DEFINITIONAL_REPRESENTATION('',(#5774),#5778);
#5774 = LINE('',#5775,#5776);
#5775 = CARTESIAN_POINT('',(-7.8386E-02,-24.07));
#5776 = VECTOR('',#5777,1.);
#5777 = DIRECTION('',(1.,-1.224606353822E-16));
#5778 = ( GEOMETRIC_REPRESENTATION_CONTEXT(2) 
PARAMETRIC_REPRESENTATION_CONTEXT() REPRESENTATION_CONTEXT('2D SPACE',''
  ) );
#5779 = ORIENTED_EDGE('',*,*,#5780,.F.);
#5780 = EDGE_CURVE('',#5781,#5753,#5783,.T.);
#5781 = VERTEX_POINT('',#5782);
#5782 = CARTESIAN_POINT('',(-2.885,-3.025,1.));
#5783 = SURFACE_CURVE('',#5784,(#5788,#5795),.PCURVE_S1.);
#5784 = LINE('',#5785,#5786);
#5785 = CARTESIAN_POINT('',(-0.290137,-0.430137,1.));
#5786 = VECTOR('',#5787,1.);
#5787 = DIRECTION('',(0.707106781187,0.707106781187,-3.238315696035E-16)
  );
#5788 = PCURVE('',#3478,#5789);
#5789 = DEFINITIONAL_REPRESENTATION('',(#5790),#5794);
#5790 = LINE('',#5791,#5792);
#5791 = CARTESIAN_POINT('',(-3.598979768981,0.425));
#5792 = VECTOR('',#5793,1.);
#5793 = DIRECTION('',(-1.,-4.930380657631E-32));
#5794 = ( GEOMETRIC_REPRESENTATION_CONTEXT(2) 
PARAMETRIC_REPRESENTATION_CONTEXT() REPRESENTATION_CONTEXT('2D SPACE',''
  ) );
#5795 = PCURVE('',#44,#5796);
#5796 = DEFINITIONAL_REPRESENTATION('',(#5797),#5801);
#5797 = LINE('',#5798,#5799);
#5798 = CARTESIAN_POINT('',(-2.188730268294,41.386487388842));
#5799 = VECTOR('',#5800,1.);
#5800 = DIRECTION('',(-0.707106781187,0.707106781187));
#5801 = ( GEOMETRIC_REPRESENTATION_CONTEXT(2) 
PARAMETRIC_REPRESENTATION_CONTEXT() REPRESENTATION_CONTEXT('2D SPACE',''
  ) );
#5802 = ORIENTED_EDGE('',*,*,#5803,.F.);
#5803 = EDGE_CURVE('',#5804,#5781,#5806,.T.);
#5804 = VERTEX_POINT('',#5805);
#5805 = CARTESIAN_POINT('',(-2.885,-3.025,0.1));
#5806 = SURFACE_CURVE('',#5807,(#5811,#5818),.PCURVE_S1.);
#5807 = LINE('',#5808,#5809);
#5808 = CARTESIAN_POINT('',(-2.885,-3.025,0.575));
#5809 = VECTOR('',#5810,1.);
#5810 = DIRECTION('',(2.289834988289E-16,2.289834988289E-16,1.));
#5811 = PCURVE('',#3478,#5812);
#5812 = DEFINITIONAL_REPRESENTATION('',(#5813),#5817);
#5813 = LINE('',#5814,#5815);
#5814 = CARTESIAN_POINT('',(7.071067811865E-02,-2.289834988289E-17));
#5815 = VECTOR('',#5816,1.);
#5816 = DIRECTION('',(-2.958228394579E-31,1.));
#5817 = ( GEOMETRIC_REPRESENTATION_CONTEXT(2) 
PARAMETRIC_REPRESENTATION_CONTEXT() REPRESENTATION_CONTEXT('2D SPACE',''
  ) );
#5818 = PCURVE('',#4243,#5819);
#5819 = DEFINITIONAL_REPRESENTATION('',(#5820),#5824);
#5820 = LINE('',#5821,#5822);
#5821 = CARTESIAN_POINT('',(-20.,0.475));
#5822 = VECTOR('',#5823,1.);
#5823 = DIRECTION('',(0.,-1.));
#5824 = ( GEOMETRIC_REPRESENTATION_CONTEXT(2) 
PARAMETRIC_REPRESENTATION_CONTEXT() REPRESENTATION_CONTEXT('2D SPACE',''
  ) );
#5825 = ORIENTED_EDGE('',*,*,#5826,.T.);
#5826 = EDGE_CURVE('',#5804,#3456,#5827,.T.);
#5827 = SURFACE_CURVE('',#5828,(#5832,#5839),.PCURVE_S1.);
#5828 = LINE('',#5829,#5830);
#5829 = CARTESIAN_POINT('',(-0.290137,-0.430137,2.022120740741));
#5830 = VECTOR('',#5831,1.);
#5831 = DIRECTION('',(0.626384365641,0.626384365641,0.463988418994));
#5832 = PCURVE('',#3478,#5833);
#5833 = DEFINITIONAL_REPRESENTATION('',(#5834),#5838);
#5834 = LINE('',#5835,#5836);
#5835 = CARTESIAN_POINT('',(-3.598979768981,1.447120740741));
#5836 = VECTOR('',#5837,1.);
#5837 = DIRECTION('',(-0.885841265148,0.463988418994));
#5838 = ( GEOMETRIC_REPRESENTATION_CONTEXT(2) 
PARAMETRIC_REPRESENTATION_CONTEXT() REPRESENTATION_CONTEXT('2D SPACE',''
  ) );
#5839 = PCURVE('',#3506,#5840);
#5840 = DEFINITIONAL_REPRESENTATION('',(#5841),#5845);
#5841 = LINE('',#5842,#5843);
#5842 = CARTESIAN_POINT('',(2.893214097584,-7.055137));
#5843 = VECTOR('',#5844,1.);
#5844 = DIRECTION('',(0.779514352966,0.626384365641));
#5845 = ( GEOMETRIC_REPRESENTATION_CONTEXT(2) 
PARAMETRIC_REPRESENTATION_CONTEXT() REPRESENTATION_CONTEXT('2D SPACE',''
  ) );
#5846 = ORIENTED_EDGE('',*,*,#3455,.T.);
#5847 = ADVANCED_FACE('',(#5848),#1297,.T.);
#5848 = FACE_BOUND('',#5849,.T.);
#5849 = EDGE_LOOP('',(#5850,#5851,#5872,#5873));
#5850 = ORIENTED_EDGE('',*,*,#1281,.T.);
#5851 = ORIENTED_EDGE('',*,*,#5852,.T.);
#5852 = EDGE_CURVE('',#1253,#4659,#5853,.T.);
#5853 = SURFACE_CURVE('',#5854,(#5858,#5865),.PCURVE_S1.);
#5854 = LINE('',#5855,#5856);
#5855 = CARTESIAN_POINT('',(-1.175,-0.430137,7.500931358166E-03));
#5856 = VECTOR('',#5857,1.);
#5857 = DIRECTION('',(5.200494915182E-17,0.973868596229,0.227112212966)
  );
#5858 = PCURVE('',#1297,#5859);
#5859 = DEFINITIONAL_REPRESENTATION('',(#5860),#5864);
#5860 = LINE('',#5861,#5862);
#5861 = CARTESIAN_POINT('',(-0.254986796548,-0.15));
#5862 = VECTOR('',#5863,1.);
#5863 = DIRECTION('',(1.,-3.697785493223E-32));
#5864 = ( GEOMETRIC_REPRESENTATION_CONTEXT(2) 
PARAMETRIC_REPRESENTATION_CONTEXT() REPRESENTATION_CONTEXT('2D SPACE',''
  ) );
#5865 = PCURVE('',#1269,#5866);
#5866 = DEFINITIONAL_REPRESENTATION('',(#5867),#5871);
#5867 = LINE('',#5868,#5869);
#5868 = CARTESIAN_POINT('',(-0.550916075398,-0.162999299657));
#5869 = VECTOR('',#5870,1.);
#5870 = DIRECTION('',(0.973868596229,0.227112212966));
#5871 = ( GEOMETRIC_REPRESENTATION_CONTEXT(2) 
PARAMETRIC_REPRESENTATION_CONTEXT() REPRESENTATION_CONTEXT('2D SPACE',''
  ) );
#5872 = ORIENTED_EDGE('',*,*,#4658,.T.);
#5873 = ORIENTED_EDGE('',*,*,#5874,.F.);
#5874 = EDGE_CURVE('',#1282,#4636,#5875,.T.);
#5875 = SURFACE_CURVE('',#5876,(#5880,#5887),.PCURVE_S1.);
#5876 = LINE('',#5877,#5878);
#5877 = CARTESIAN_POINT('',(-1.325,-0.181813366389,6.541154699934E-02));
#5878 = VECTOR('',#5879,1.);
#5879 = DIRECTION('',(5.200494915182E-17,0.973868596229,0.227112212966)
  );
#5880 = PCURVE('',#1297,#5881);
#5881 = DEFINITIONAL_REPRESENTATION('',(#5882),#5886);
#5882 = LINE('',#5883,#5884);
#5883 = CARTESIAN_POINT('',(0.,0.));
#5884 = VECTOR('',#5885,1.);
#5885 = DIRECTION('',(1.,-3.697785493223E-32));
#5886 = ( GEOMETRIC_REPRESENTATION_CONTEXT(2) 
PARAMETRIC_REPRESENTATION_CONTEXT() REPRESENTATION_CONTEXT('2D SPACE',''
  ) );
#5887 = PCURVE('',#1324,#5888);
#5888 = DEFINITIONAL_REPRESENTATION('',(#5889),#5893);
#5889 = LINE('',#5890,#5891);
#5890 = CARTESIAN_POINT('',(-0.302592441787,-0.105088684016));
#5891 = VECTOR('',#5892,1.);
#5892 = DIRECTION('',(0.973868596229,0.227112212966));
#5893 = ( GEOMETRIC_REPRESENTATION_CONTEXT(2) 
PARAMETRIC_REPRESENTATION_CONTEXT() REPRESENTATION_CONTEXT('2D SPACE',''
  ) );
#5894 = ADVANCED_FACE('',(#5895),#4195,.F.);
#5895 = FACE_BOUND('',#5896,.T.);
#5896 = EDGE_LOOP('',(#5897,#5898,#5899,#5900,#5923));
#5897 = ORIENTED_EDGE('',*,*,#4916,.F.);
#5898 = ORIENTED_EDGE('',*,*,#5219,.F.);
#5899 = ORIENTED_EDGE('',*,*,#4179,.T.);
#5900 = ORIENTED_EDGE('',*,*,#5901,.T.);
#5901 = EDGE_CURVE('',#4155,#5902,#5904,.T.);
#5902 = VERTEX_POINT('',#5903);
#5903 = CARTESIAN_POINT('',(-3.1025,-2.125,1.));
#5904 = SURFACE_CURVE('',#5905,(#5909,#5916),.PCURVE_S1.);
#5905 = LINE('',#5906,#5907);
#5906 = CARTESIAN_POINT('',(-3.1025,-0.430137,1.));
#5907 = VECTOR('',#5908,1.);
#5908 = DIRECTION('',(0.,1.,-2.289834988289E-16));
#5909 = PCURVE('',#4195,#5910);
#5910 = DEFINITIONAL_REPRESENTATION('',(#5911),#5915);
#5911 = LINE('',#5912,#5913);
#5912 = CARTESIAN_POINT('',(0.619926769579,0.597152664708));
#5913 = VECTOR('',#5914,1.);
#5914 = DIRECTION('',(1.,-1.224606353822E-16));
#5915 = ( GEOMETRIC_REPRESENTATION_CONTEXT(2) 
PARAMETRIC_REPRESENTATION_CONTEXT() REPRESENTATION_CONTEXT('2D SPACE',''
  ) );
#5916 = PCURVE('',#44,#5917);
#5917 = DEFINITIONAL_REPRESENTATION('',(#5918),#5922);
#5918 = LINE('',#5919,#5920);
#5919 = CARTESIAN_POINT('',(-2.188730268294,38.574124388842));
#5920 = VECTOR('',#5921,1.);
#5921 = DIRECTION('',(-1.,0.));
#5922 = ( GEOMETRIC_REPRESENTATION_CONTEXT(2) 
PARAMETRIC_REPRESENTATION_CONTEXT() REPRESENTATION_CONTEXT('2D SPACE',''
  ) );
#5923 = ORIENTED_EDGE('',*,*,#5924,.T.);
#5924 = EDGE_CURVE('',#5902,#4917,#5925,.T.);
#5925 = SURFACE_CURVE('',#5926,(#5930,#5937),.PCURVE_S1.);
#5926 = LINE('',#5927,#5928);
#5927 = CARTESIAN_POINT('',(-3.1025,-2.125,0.841614));
#5928 = VECTOR('',#5929,1.);
#5929 = DIRECTION('',(-2.289834988289E-16,-1.065228634467E-16,-1.));
#5930 = PCURVE('',#4195,#5931);
#5931 = DEFINITIONAL_REPRESENTATION('',(#5932),#5936);
#5932 = LINE('',#5933,#5934);
#5933 = CARTESIAN_POINT('',(-1.074936230421,0.438766664708));
#5934 = VECTOR('',#5935,1.);
#5935 = DIRECTION('',(0.,-1.));
#5936 = ( GEOMETRIC_REPRESENTATION_CONTEXT(2) 
PARAMETRIC_REPRESENTATION_CONTEXT() REPRESENTATION_CONTEXT('2D SPACE',''
  ) );
#5937 = PCURVE('',#4955,#5938);
#5938 = DEFINITIONAL_REPRESENTATION('',(#5939),#5943);
#5939 = LINE('',#5940,#5941);
#5940 = CARTESIAN_POINT('',(0.511614,-0.1975));
#5941 = VECTOR('',#5942,1.);
#5942 = DIRECTION('',(-1.,0.));
#5943 = ( GEOMETRIC_REPRESENTATION_CONTEXT(2) 
PARAMETRIC_REPRESENTATION_CONTEXT() REPRESENTATION_CONTEXT('2D SPACE',''
  ) );
#5944 = ADVANCED_FACE('',(#5945,#6059),#4955,.T.);
#5945 = FACE_BOUND('',#5946,.T.);
#5946 = EDGE_LOOP('',(#5947,#5977,#6005,#6033));
#5947 = ORIENTED_EDGE('',*,*,#5948,.F.);
#5948 = EDGE_CURVE('',#5949,#5951,#5953,.T.);
#5949 = VERTEX_POINT('',#5950);
#5950 = CARTESIAN_POINT('',(-3.115,-2.125,0.51));
#5951 = VERTEX_POINT('',#5952);
#5952 = CARTESIAN_POINT('',(-3.115,-2.125,0.82));
#5953 = SURFACE_CURVE('',#5954,(#5958,#5965),.PCURVE_S1.);
#5954 = LINE('',#5955,#5956);
#5955 = CARTESIAN_POINT('',(-3.115,-2.125,0.841614));
#5956 = VECTOR('',#5957,1.);
#5957 = DIRECTION('',(2.289834988289E-16,1.065228634467E-16,1.));
#5958 = PCURVE('',#4955,#5959);
#5959 = DEFINITIONAL_REPRESENTATION('',(#5960),#5964);
#5960 = LINE('',#5961,#5962);
#5961 = CARTESIAN_POINT('',(0.511614,-0.185));
#5962 = VECTOR('',#5963,1.);
#5963 = DIRECTION('',(1.,0.));
#5964 = ( GEOMETRIC_REPRESENTATION_CONTEXT(2) 
PARAMETRIC_REPRESENTATION_CONTEXT() REPRESENTATION_CONTEXT('2D SPACE',''
  ) );
#5965 = PCURVE('',#5966,#5971);
#5966 = PLANE('',#5967);
#5967 = AXIS2_PLACEMENT_3D('',#5968,#5969,#5970);
#5968 = CARTESIAN_POINT('',(-3.115,-2.589196,0.375201));
#5969 = DIRECTION('',(1.,-5.243344273594E-32,-2.289834988289E-16));
#5970 = DIRECTION('',(5.243344273594E-32,1.,0.));
#5971 = DEFINITIONAL_REPRESENTATION('',(#5972),#5976);
#5972 = LINE('',#5973,#5974);
#5973 = CARTESIAN_POINT('',(0.464196,0.466413));
#5974 = VECTOR('',#5975,1.);
#5975 = DIRECTION('',(1.065228634467E-16,1.));
#5976 = ( GEOMETRIC_REPRESENTATION_CONTEXT(2) 
PARAMETRIC_REPRESENTATION_CONTEXT() REPRESENTATION_CONTEXT('2D SPACE',''
  ) );
#5977 = ORIENTED_EDGE('',*,*,#5978,.F.);
#5978 = EDGE_CURVE('',#5979,#5949,#5981,.T.);
#5979 = VERTEX_POINT('',#5980);
#5980 = CARTESIAN_POINT('',(-3.265,-2.125,0.51));
#5981 = SURFACE_CURVE('',#5982,(#5986,#5993),.PCURVE_S1.);
#5982 = LINE('',#5983,#5984);
#5983 = CARTESIAN_POINT('',(4.5,-2.125,0.51));
#5984 = VECTOR('',#5985,1.);
#5985 = DIRECTION('',(1.,-5.243344273594E-32,-2.289834988289E-16));
#5986 = PCURVE('',#4955,#5987);
#5987 = DEFINITIONAL_REPRESENTATION('',(#5988),#5992);
#5988 = LINE('',#5989,#5990);
#5989 = CARTESIAN_POINT('',(0.18,-7.8));
#5990 = VECTOR('',#5991,1.);
#5991 = DIRECTION('',(0.,-1.));
#5992 = ( GEOMETRIC_REPRESENTATION_CONTEXT(2) 
PARAMETRIC_REPRESENTATION_CONTEXT() REPRESENTATION_CONTEXT('2D SPACE',''
  ) );
#5993 = PCURVE('',#5994,#5999);
#5994 = PLANE('',#5995);
#5995 = AXIS2_PLACEMENT_3D('',#5996,#5997,#5998);
#5996 = CARTESIAN_POINT('',(-3.265,-2.225,0.51));
#5997 = DIRECTION('',(2.289834988289E-16,2.289834988289E-16,1.));
#5998 = DIRECTION('',(0.,1.,-2.289834988289E-16));
#5999 = DEFINITIONAL_REPRESENTATION('',(#6000),#6004);
#6000 = LINE('',#6001,#6002);
#6001 = CARTESIAN_POINT('',(0.1,-7.765));
#6002 = VECTOR('',#6003,1.);
#6003 = DIRECTION('',(2.080052407982E-46,-1.));
#6004 = ( GEOMETRIC_REPRESENTATION_CONTEXT(2) 
PARAMETRIC_REPRESENTATION_CONTEXT() REPRESENTATION_CONTEXT('2D SPACE',''
  ) );
#6005 = ORIENTED_EDGE('',*,*,#6006,.T.);
#6006 = EDGE_CURVE('',#5979,#6007,#6009,.T.);
#6007 = VERTEX_POINT('',#6008);
#6008 = CARTESIAN_POINT('',(-3.265,-2.125,0.82));
#6009 = SURFACE_CURVE('',#6010,(#6014,#6021),.PCURVE_S1.);
#6010 = LINE('',#6011,#6012);
#6011 = CARTESIAN_POINT('',(-3.265,-2.125,0.841614));
#6012 = VECTOR('',#6013,1.);
#6013 = DIRECTION('',(2.289834988289E-16,1.065228634467E-16,1.));
#6014 = PCURVE('',#4955,#6015);
#6015 = DEFINITIONAL_REPRESENTATION('',(#6016),#6020);
#6016 = LINE('',#6017,#6018);
#6017 = CARTESIAN_POINT('',(0.511614,-3.5E-02));
#6018 = VECTOR('',#6019,1.);
#6019 = DIRECTION('',(1.,0.));
#6020 = ( GEOMETRIC_REPRESENTATION_CONTEXT(2) 
PARAMETRIC_REPRESENTATION_CONTEXT() REPRESENTATION_CONTEXT('2D SPACE',''
  ) );
#6021 = PCURVE('',#6022,#6027);
#6022 = PLANE('',#6023);
#6023 = AXIS2_PLACEMENT_3D('',#6024,#6025,#6026);
#6024 = CARTESIAN_POINT('',(-3.265,-2.589196,0.375201));
#6025 = DIRECTION('',(1.,-5.243344273594E-32,-2.289834988289E-16));
#6026 = DIRECTION('',(5.243344273594E-32,1.,0.));
#6027 = DEFINITIONAL_REPRESENTATION('',(#6028),#6032);
#6028 = LINE('',#6029,#6030);
#6029 = CARTESIAN_POINT('',(0.464196,0.466413));
#6030 = VECTOR('',#6031,1.);
#6031 = DIRECTION('',(1.065228634467E-16,1.));
#6032 = ( GEOMETRIC_REPRESENTATION_CONTEXT(2) 
PARAMETRIC_REPRESENTATION_CONTEXT() REPRESENTATION_CONTEXT('2D SPACE',''
  ) );
#6033 = ORIENTED_EDGE('',*,*,#6034,.F.);
#6034 = EDGE_CURVE('',#5951,#6007,#6035,.T.);
#6035 = SURFACE_CURVE('',#6036,(#6040,#6047),.PCURVE_S1.);
#6036 = LINE('',#6037,#6038);
#6037 = CARTESIAN_POINT('',(4.5,-2.125,0.82));
#6038 = VECTOR('',#6039,1.);
#6039 = DIRECTION('',(-1.,5.243344273594E-32,2.289834988289E-16));
#6040 = PCURVE('',#4955,#6041);
#6041 = DEFINITIONAL_REPRESENTATION('',(#6042),#6046);
#6042 = LINE('',#6043,#6044);
#6043 = CARTESIAN_POINT('',(0.49,-7.8));
#6044 = VECTOR('',#6045,1.);
#6045 = DIRECTION('',(0.,1.));
#6046 = ( GEOMETRIC_REPRESENTATION_CONTEXT(2) 
PARAMETRIC_REPRESENTATION_CONTEXT() REPRESENTATION_CONTEXT('2D SPACE',''
  ) );
#6047 = PCURVE('',#6048,#6053);
#6048 = PLANE('',#6049);
#6049 = AXIS2_PLACEMENT_3D('',#6050,#6051,#6052);
#6050 = CARTESIAN_POINT('',(-3.265,-3.025,0.82));
#6051 = DIRECTION('',(2.289834988289E-16,-1.200639317332E-47,1.));
#6052 = DIRECTION('',(5.243344273594E-32,1.,-2.917038411497E-62));
#6053 = DEFINITIONAL_REPRESENTATION('',(#6054),#6058);
#6054 = LINE('',#6055,#6056);
#6055 = CARTESIAN_POINT('',(0.9,-7.765));
#6056 = VECTOR('',#6057,1.);
#6057 = DIRECTION('',(-6.679536616831E-78,1.));
#6058 = ( GEOMETRIC_REPRESENTATION_CONTEXT(2) 
PARAMETRIC_REPRESENTATION_CONTEXT() REPRESENTATION_CONTEXT('2D SPACE',''
  ) );
#6059 = FACE_BOUND('',#6060,.T.);
#6060 = EDGE_LOOP('',(#6061,#6084,#6105,#6106));
#6061 = ORIENTED_EDGE('',*,*,#6062,.F.);
#6062 = EDGE_CURVE('',#6063,#5902,#6065,.T.);
#6063 = VERTEX_POINT('',#6064);
#6064 = CARTESIAN_POINT('',(-3.5,-2.125,1.));
#6065 = SURFACE_CURVE('',#6066,(#6070,#6077),.PCURVE_S1.);
#6066 = LINE('',#6067,#6068);
#6067 = CARTESIAN_POINT('',(13.5,-2.125,1.));
#6068 = VECTOR('',#6069,1.);
#6069 = DIRECTION('',(1.,-5.243344273594E-32,-2.289834988289E-16));
#6070 = PCURVE('',#4955,#6071);
#6071 = DEFINITIONAL_REPRESENTATION('',(#6072),#6076);
#6072 = LINE('',#6073,#6074);
#6073 = CARTESIAN_POINT('',(0.67,-16.8));
#6074 = VECTOR('',#6075,1.);
#6075 = DIRECTION('',(0.,-1.));
#6076 = ( GEOMETRIC_REPRESENTATION_CONTEXT(2) 
PARAMETRIC_REPRESENTATION_CONTEXT() REPRESENTATION_CONTEXT('2D SPACE',''
  ) );
#6077 = PCURVE('',#44,#6078);
#6078 = DEFINITIONAL_REPRESENTATION('',(#6079),#6083);
#6079 = LINE('',#6080,#6081);
#6080 = CARTESIAN_POINT('',(-0.493867268294,55.176624388842));
#6081 = VECTOR('',#6082,1.);
#6082 = DIRECTION('',(-2.080052407982E-46,1.));
#6083 = ( GEOMETRIC_REPRESENTATION_CONTEXT(2) 
PARAMETRIC_REPRESENTATION_CONTEXT() REPRESENTATION_CONTEXT('2D SPACE',''
  ) );
#6084 = ORIENTED_EDGE('',*,*,#6085,.T.);
#6085 = EDGE_CURVE('',#6063,#4940,#6086,.T.);
#6086 = SURFACE_CURVE('',#6087,(#6091,#6098),.PCURVE_S1.);
#6087 = LINE('',#6088,#6089);
#6088 = CARTESIAN_POINT('',(-3.5,-2.125,0.841614));
#6089 = VECTOR('',#6090,1.);
#6090 = DIRECTION('',(-2.289834988289E-16,-1.065228634467E-16,-1.));
#6091 = PCURVE('',#4955,#6092);
#6092 = DEFINITIONAL_REPRESENTATION('',(#6093),#6097);
#6093 = LINE('',#6094,#6095);
#6094 = CARTESIAN_POINT('',(0.511614,0.2));
#6095 = VECTOR('',#6096,1.);
#6096 = DIRECTION('',(-1.,0.));
#6097 = ( GEOMETRIC_REPRESENTATION_CONTEXT(2) 
PARAMETRIC_REPRESENTATION_CONTEXT() REPRESENTATION_CONTEXT('2D SPACE',''
  ) );
#6098 = PCURVE('',#911,#6099);
#6099 = DEFINITIONAL_REPRESENTATION('',(#6100),#6104);
#6100 = LINE('',#6101,#6102);
#6101 = CARTESIAN_POINT('',(-1.694863,-1.805416599099E-16));
#6102 = VECTOR('',#6103,1.);
#6103 = DIRECTION('',(0.,-1.));
#6104 = ( GEOMETRIC_REPRESENTATION_CONTEXT(2) 
PARAMETRIC_REPRESENTATION_CONTEXT() REPRESENTATION_CONTEXT('2D SPACE',''
  ) );
#6105 = ORIENTED_EDGE('',*,*,#4939,.T.);
#6106 = ORIENTED_EDGE('',*,*,#5924,.F.);
#6107 = ADVANCED_FACE('',(#6108),#6123,.T.);
#6108 = FACE_BOUND('',#6109,.T.);
#6109 = EDGE_LOOP('',(#6110,#6145,#6173,#6201));
#6110 = ORIENTED_EDGE('',*,*,#6111,.F.);
#6111 = EDGE_CURVE('',#6112,#6114,#6116,.T.);
#6112 = VERTEX_POINT('',#6113);
#6113 = CARTESIAN_POINT('',(-3.265,-2.225,6.782713613136E-02));
#6114 = VERTEX_POINT('',#6115);
#6115 = CARTESIAN_POINT('',(-3.265,-2.272779969319,1.787644580805E-02));
#6116 = SURFACE_CURVE('',#6117,(#6122,#6134),.PCURVE_S1.);
#6117 = CIRCLE('',#6118,5.E-02);
#6118 = AXIS2_PLACEMENT_3D('',#6119,#6120,#6121);
#6119 = CARTESIAN_POINT('',(-3.265,-2.275,6.782713613136E-02));
#6120 = DIRECTION('',(-1.,5.243344273594E-32,2.289834988289E-16));
#6121 = DIRECTION('',(-5.243344273594E-32,-1.,0.));
#6122 = PCURVE('',#6123,#6128);
#6123 = CYLINDRICAL_SURFACE('',#6124,5.E-02);
#6124 = AXIS2_PLACEMENT_3D('',#6125,#6126,#6127);
#6125 = CARTESIAN_POINT('',(-3.265,-2.275,6.782713613136E-02));
#6126 = DIRECTION('',(-1.,5.243344273594E-32,2.289834988289E-16));
#6127 = DIRECTION('',(-5.243344273594E-32,-1.,0.));
#6128 = DEFINITIONAL_REPRESENTATION('',(#6129),#6133);
#6129 = LINE('',#6130,#6131);
#6130 = CARTESIAN_POINT('',(0.,0.));
#6131 = VECTOR('',#6132,1.);
#6132 = DIRECTION('',(1.,0.));
#6133 = ( GEOMETRIC_REPRESENTATION_CONTEXT(2) 
PARAMETRIC_REPRESENTATION_CONTEXT() REPRESENTATION_CONTEXT('2D SPACE',''
  ) );
#6134 = PCURVE('',#6022,#6135);
#6135 = DEFINITIONAL_REPRESENTATION('',(#6136),#6144);
#6136 = ( BOUNDED_CURVE() B_SPLINE_CURVE(2,(#6137,#6138,#6139,#6140,
#6141,#6142,#6143),.UNSPECIFIED.,.T.,.F.) B_SPLINE_CURVE_WITH_KNOTS((1,2
    ,2,2,2,1),(-2.094395102393,0.,2.094395102393,4.188790204786,
6.28318530718,8.377580409573),.UNSPECIFIED.) CURVE() 
GEOMETRIC_REPRESENTATION_ITEM() RATIONAL_B_SPLINE_CURVE((1.,0.5,1.,0.5,
1.,0.5,1.)) REPRESENTATION_ITEM('') );
#6137 = CARTESIAN_POINT('',(0.264196,-0.307373863869));
#6138 = CARTESIAN_POINT('',(0.264196,-0.22077132349));
#6139 = CARTESIAN_POINT('',(0.339196,-0.264072593679));
#6140 = CARTESIAN_POINT('',(0.414196,-0.307373863869));
#6141 = CARTESIAN_POINT('',(0.339196,-0.350675134058));
#6142 = CARTESIAN_POINT('',(0.264196,-0.393976404247));
#6143 = CARTESIAN_POINT('',(0.264196,-0.307373863869));
#6144 = ( GEOMETRIC_REPRESENTATION_CONTEXT(2) 
PARAMETRIC_REPRESENTATION_CONTEXT() REPRESENTATION_CONTEXT('2D SPACE',''
  ) );
#6145 = ORIENTED_EDGE('',*,*,#6146,.F.);
#6146 = EDGE_CURVE('',#6147,#6112,#6149,.T.);
#6147 = VERTEX_POINT('',#6148);
#6148 = CARTESIAN_POINT('',(-3.115,-2.225,6.782713613136E-02));
#6149 = SURFACE_CURVE('',#6150,(#6154,#6161),.PCURVE_S1.);
#6150 = LINE('',#6151,#6152);
#6151 = CARTESIAN_POINT('',(-3.265,-2.225,6.782713613136E-02));
#6152 = VECTOR('',#6153,1.);
#6153 = DIRECTION('',(-1.,5.243344273594E-32,2.289834988289E-16));
#6154 = PCURVE('',#6123,#6155);
#6155 = DEFINITIONAL_REPRESENTATION('',(#6156),#6160);
#6156 = LINE('',#6157,#6158);
#6157 = CARTESIAN_POINT('',(3.14159265359,0.));
#6158 = VECTOR('',#6159,1.);
#6159 = DIRECTION('',(0.,1.));
#6160 = ( GEOMETRIC_REPRESENTATION_CONTEXT(2) 
PARAMETRIC_REPRESENTATION_CONTEXT() REPRESENTATION_CONTEXT('2D SPACE',''
  ) );
#6161 = PCURVE('',#6162,#6167);
#6162 = PLANE('',#6163);
#6163 = AXIS2_PLACEMENT_3D('',#6164,#6165,#6166);
#6164 = CARTESIAN_POINT('',(-3.265,-2.225,0.46));
#6165 = DIRECTION('',(5.243344273594E-32,1.,-1.200639317332E-47));
#6166 = DIRECTION('',(-2.289834988289E-16,2.917038411497E-62,-1.));
#6167 = DEFINITIONAL_REPRESENTATION('',(#6168),#6172);
#6168 = LINE('',#6169,#6170);
#6169 = CARTESIAN_POINT('',(0.392172863869,-8.980111451441E-17));
#6170 = VECTOR('',#6171,1.);
#6171 = DIRECTION('',(0.,1.));
#6172 = ( GEOMETRIC_REPRESENTATION_CONTEXT(2) 
PARAMETRIC_REPRESENTATION_CONTEXT() REPRESENTATION_CONTEXT('2D SPACE',''
  ) );
#6173 = ORIENTED_EDGE('',*,*,#6174,.T.);
#6174 = EDGE_CURVE('',#6147,#6175,#6177,.T.);
#6175 = VERTEX_POINT('',#6176);
#6176 = CARTESIAN_POINT('',(-3.115,-2.272779969319,1.787644580805E-02));
#6177 = SURFACE_CURVE('',#6178,(#6183,#6190),.PCURVE_S1.);
#6178 = CIRCLE('',#6179,5.E-02);
#6179 = AXIS2_PLACEMENT_3D('',#6180,#6181,#6182);
#6180 = CARTESIAN_POINT('',(-3.115,-2.275,6.782713613136E-02));
#6181 = DIRECTION('',(-1.,5.243344273594E-32,2.289834988289E-16));
#6182 = DIRECTION('',(-5.243344273594E-32,-1.,0.));
#6183 = PCURVE('',#6123,#6184);
#6184 = DEFINITIONAL_REPRESENTATION('',(#6185),#6189);
#6185 = LINE('',#6186,#6187);
#6186 = CARTESIAN_POINT('',(-8.881784197001E-16,-0.15));
#6187 = VECTOR('',#6188,1.);
#6188 = DIRECTION('',(1.,0.));
#6189 = ( GEOMETRIC_REPRESENTATION_CONTEXT(2) 
PARAMETRIC_REPRESENTATION_CONTEXT() REPRESENTATION_CONTEXT('2D SPACE',''
  ) );
#6190 = PCURVE('',#5966,#6191);
#6191 = DEFINITIONAL_REPRESENTATION('',(#6192),#6200);
#6192 = ( BOUNDED_CURVE() B_SPLINE_CURVE(2,(#6193,#6194,#6195,#6196,
#6197,#6198,#6199),.UNSPECIFIED.,.T.,.F.) B_SPLINE_CURVE_WITH_KNOTS((1,2
    ,2,2,2,1),(-2.094395102393,0.,2.094395102393,4.188790204786,
6.28318530718,8.377580409573),.UNSPECIFIED.) CURVE() 
GEOMETRIC_REPRESENTATION_ITEM() RATIONAL_B_SPLINE_CURVE((1.,0.5,1.,0.5,
1.,0.5,1.)) REPRESENTATION_ITEM('') );
#6193 = CARTESIAN_POINT('',(0.264196,-0.307373863869));
#6194 = CARTESIAN_POINT('',(0.264196,-0.22077132349));
#6195 = CARTESIAN_POINT('',(0.339196,-0.264072593679));
#6196 = CARTESIAN_POINT('',(0.414196,-0.307373863869));
#6197 = CARTESIAN_POINT('',(0.339196,-0.350675134058));
#6198 = CARTESIAN_POINT('',(0.264196,-0.393976404247));
#6199 = CARTESIAN_POINT('',(0.264196,-0.307373863869));
#6200 = ( GEOMETRIC_REPRESENTATION_CONTEXT(2) 
PARAMETRIC_REPRESENTATION_CONTEXT() REPRESENTATION_CONTEXT('2D SPACE',''
  ) );
#6201 = ORIENTED_EDGE('',*,*,#6202,.F.);
#6202 = EDGE_CURVE('',#6114,#6175,#6203,.T.);
#6203 = SURFACE_CURVE('',#6204,(#6208,#6215),.PCURVE_S1.);
#6204 = LINE('',#6205,#6206);
#6205 = CARTESIAN_POINT('',(-3.265,-2.272779969319,1.787644580805E-02));
#6206 = VECTOR('',#6207,1.);
#6207 = DIRECTION('',(1.,-5.243344273594E-32,-2.289834988289E-16));
#6208 = PCURVE('',#6123,#6209);
#6209 = DEFINITIONAL_REPRESENTATION('',(#6210),#6214);
#6210 = LINE('',#6211,#6212);
#6211 = CARTESIAN_POINT('',(4.667973765138,0.));
#6212 = VECTOR('',#6213,1.);
#6213 = DIRECTION('',(0.,-1.));
#6214 = ( GEOMETRIC_REPRESENTATION_CONTEXT(2) 
PARAMETRIC_REPRESENTATION_CONTEXT() REPRESENTATION_CONTEXT('2D SPACE',''
  ) );
#6215 = PCURVE('',#6216,#6221);
#6216 = PLANE('',#6217);
#6217 = AXIS2_PLACEMENT_3D('',#6218,#6219,#6220);
#6218 = CARTESIAN_POINT('',(-3.265,-2.272779969319,1.787644580805E-02));
#6219 = DIRECTION('',(-2.28757676783E-16,4.440061362072E-02,
    -0.999013806466));
#6220 = DIRECTION('',(-1.016700785703E-17,-0.999013806466,
    -4.440061362072E-02));
#6221 = DEFINITIONAL_REPRESENTATION('',(#6222),#6226);
#6222 = LINE('',#6223,#6224);
#6223 = CARTESIAN_POINT('',(-0.,0.));
#6224 = VECTOR('',#6225,1.);
#6225 = DIRECTION('',(4.160008679876E-32,-1.));
#6226 = ( GEOMETRIC_REPRESENTATION_CONTEXT(2) 
PARAMETRIC_REPRESENTATION_CONTEXT() REPRESENTATION_CONTEXT('2D SPACE',''
  ) );
#6227 = ADVANCED_FACE('',(#6228),#6216,.T.);
#6228 = FACE_BOUND('',#6229,.T.);
#6229 = EDGE_LOOP('',(#6230,#6253,#6254,#6277));
#6230 = ORIENTED_EDGE('',*,*,#6231,.T.);
#6231 = EDGE_CURVE('',#6232,#6114,#6234,.T.);
#6232 = VERTEX_POINT('',#6233);
#6233 = CARTESIAN_POINT('',(-3.265,-2.675,-3.330669073875E-16));
#6234 = SURFACE_CURVE('',#6235,(#6239,#6246),.PCURVE_S1.);
#6235 = LINE('',#6236,#6237);
#6236 = CARTESIAN_POINT('',(-3.265,-2.675,-3.330669073875E-16));
#6237 = VECTOR('',#6238,1.);
#6238 = DIRECTION('',(1.016700785703E-17,0.999013806466,
    4.440061362072E-02));
#6239 = PCURVE('',#6216,#6240);
#6240 = DEFINITIONAL_REPRESENTATION('',(#6241),#6245);
#6241 = LINE('',#6242,#6243);
#6242 = CARTESIAN_POINT('',(0.402617089051,-4.093411107753E-18));
#6243 = VECTOR('',#6244,1.);
#6244 = DIRECTION('',(-1.,0.));
#6245 = ( GEOMETRIC_REPRESENTATION_CONTEXT(2) 
PARAMETRIC_REPRESENTATION_CONTEXT() REPRESENTATION_CONTEXT('2D SPACE',''
  ) );
#6246 = PCURVE('',#6022,#6247);
#6247 = DEFINITIONAL_REPRESENTATION('',(#6248),#6252);
#6248 = LINE('',#6249,#6250);
#6249 = CARTESIAN_POINT('',(-8.5804E-02,-0.375201));
#6250 = VECTOR('',#6251,1.);
#6251 = DIRECTION('',(0.999013806466,4.440061362072E-02));
#6252 = ( GEOMETRIC_REPRESENTATION_CONTEXT(2) 
PARAMETRIC_REPRESENTATION_CONTEXT() REPRESENTATION_CONTEXT('2D SPACE',''
  ) );
#6253 = ORIENTED_EDGE('',*,*,#6202,.T.);
#6254 = ORIENTED_EDGE('',*,*,#6255,.F.);
#6255 = EDGE_CURVE('',#6256,#6175,#6258,.T.);
#6256 = VERTEX_POINT('',#6257);
#6257 = CARTESIAN_POINT('',(-3.115,-2.675,-3.330669073875E-16));
#6258 = SURFACE_CURVE('',#6259,(#6263,#6270),.PCURVE_S1.);
#6259 = LINE('',#6260,#6261);
#6260 = CARTESIAN_POINT('',(-3.115,-2.675,-3.330669073875E-16));
#6261 = VECTOR('',#6262,1.);
#6262 = DIRECTION('',(1.016700785703E-17,0.999013806466,
    4.440061362072E-02));
#6263 = PCURVE('',#6216,#6264);
#6264 = DEFINITIONAL_REPRESENTATION('',(#6265),#6269);
#6265 = LINE('',#6266,#6267);
#6266 = CARTESIAN_POINT('',(0.402617089051,-0.15));
#6267 = VECTOR('',#6268,1.);
#6268 = DIRECTION('',(-1.,0.));
#6269 = ( GEOMETRIC_REPRESENTATION_CONTEXT(2) 
PARAMETRIC_REPRESENTATION_CONTEXT() REPRESENTATION_CONTEXT('2D SPACE',''
  ) );
#6270 = PCURVE('',#5966,#6271);
#6271 = DEFINITIONAL_REPRESENTATION('',(#6272),#6276);
#6272 = LINE('',#6273,#6274);
#6273 = CARTESIAN_POINT('',(-8.5804E-02,-0.375201));
#6274 = VECTOR('',#6275,1.);
#6275 = DIRECTION('',(0.999013806466,4.440061362072E-02));
#6276 = ( GEOMETRIC_REPRESENTATION_CONTEXT(2) 
PARAMETRIC_REPRESENTATION_CONTEXT() REPRESENTATION_CONTEXT('2D SPACE',''
  ) );
#6277 = ORIENTED_EDGE('',*,*,#6278,.F.);
#6278 = EDGE_CURVE('',#6232,#6256,#6279,.T.);
#6279 = SURFACE_CURVE('',#6280,(#6284,#6291),.PCURVE_S1.);
#6280 = LINE('',#6281,#6282);
#6281 = CARTESIAN_POINT('',(-3.265,-2.675,-3.330669073875E-16));
#6282 = VECTOR('',#6283,1.);
#6283 = DIRECTION('',(1.,-5.243344273594E-32,-2.289834988289E-16));
#6284 = PCURVE('',#6216,#6285);
#6285 = DEFINITIONAL_REPRESENTATION('',(#6286),#6290);
#6286 = LINE('',#6287,#6288);
#6287 = CARTESIAN_POINT('',(0.402617089051,-4.093411107753E-18));
#6288 = VECTOR('',#6289,1.);
#6289 = DIRECTION('',(4.160008679876E-32,-1.));
#6290 = ( GEOMETRIC_REPRESENTATION_CONTEXT(2) 
PARAMETRIC_REPRESENTATION_CONTEXT() REPRESENTATION_CONTEXT('2D SPACE',''
  ) );
#6291 = PCURVE('',#6292,#6297);
#6292 = PLANE('',#6293);
#6293 = AXIS2_PLACEMENT_3D('',#6294,#6295,#6296);
#6294 = CARTESIAN_POINT('',(-3.265,-2.675,-3.330669073875E-16));
#6295 = DIRECTION('',(-1.619157848018E-16,-0.707106781187,
    -0.707106781187));
#6296 = DIRECTION('',(1.619157848018E-16,-0.707106781187,0.707106781187)
  );
#6297 = DEFINITIONAL_REPRESENTATION('',(#6298),#6302);
#6298 = LINE('',#6299,#6300);
#6299 = CARTESIAN_POINT('',(0.,0.));
#6300 = VECTOR('',#6301,1.);
#6301 = DIRECTION('',(-3.697785493223E-31,-1.));
#6302 = ( GEOMETRIC_REPRESENTATION_CONTEXT(2) 
PARAMETRIC_REPRESENTATION_CONTEXT() REPRESENTATION_CONTEXT('2D SPACE',''
  ) );
#6303 = ADVANCED_FACE('',(#6304),#6292,.T.);
#6304 = FACE_BOUND('',#6305,.T.);
#6305 = EDGE_LOOP('',(#6306,#6329,#6330,#6353));
#6306 = ORIENTED_EDGE('',*,*,#6307,.T.);
#6307 = EDGE_CURVE('',#6308,#6232,#6310,.T.);
#6308 = VERTEX_POINT('',#6309);
#6309 = CARTESIAN_POINT('',(-3.265,-2.725,5.E-02));
#6310 = SURFACE_CURVE('',#6311,(#6315,#6322),.PCURVE_S1.);
#6311 = LINE('',#6312,#6313);
#6312 = CARTESIAN_POINT('',(-3.265,-2.725,5.E-02));
#6313 = VECTOR('',#6314,1.);
#6314 = DIRECTION('',(-1.619157848018E-16,0.707106781187,-0.707106781187
    ));
#6315 = PCURVE('',#6292,#6316);
#6316 = DEFINITIONAL_REPRESENTATION('',(#6317),#6321);
#6317 = LINE('',#6318,#6319);
#6318 = CARTESIAN_POINT('',(7.071067811866E-02,1.144917494145E-17));
#6319 = VECTOR('',#6320,1.);
#6320 = DIRECTION('',(-1.,-2.465190328816E-32));
#6321 = ( GEOMETRIC_REPRESENTATION_CONTEXT(2) 
PARAMETRIC_REPRESENTATION_CONTEXT() REPRESENTATION_CONTEXT('2D SPACE',''
  ) );
#6322 = PCURVE('',#6022,#6323);
#6323 = DEFINITIONAL_REPRESENTATION('',(#6324),#6328);
#6324 = LINE('',#6325,#6326);
#6325 = CARTESIAN_POINT('',(-0.135804,-0.325201));
#6326 = VECTOR('',#6327,1.);
#6327 = DIRECTION('',(0.707106781187,-0.707106781187));
#6328 = ( GEOMETRIC_REPRESENTATION_CONTEXT(2) 
PARAMETRIC_REPRESENTATION_CONTEXT() REPRESENTATION_CONTEXT('2D SPACE',''
  ) );
#6329 = ORIENTED_EDGE('',*,*,#6278,.T.);
#6330 = ORIENTED_EDGE('',*,*,#6331,.F.);
#6331 = EDGE_CURVE('',#6332,#6256,#6334,.T.);
#6332 = VERTEX_POINT('',#6333);
#6333 = CARTESIAN_POINT('',(-3.115,-2.725,5.E-02));
#6334 = SURFACE_CURVE('',#6335,(#6339,#6346),.PCURVE_S1.);
#6335 = LINE('',#6336,#6337);
#6336 = CARTESIAN_POINT('',(-3.115,-2.725,5.E-02));
#6337 = VECTOR('',#6338,1.);
#6338 = DIRECTION('',(-1.619157848018E-16,0.707106781187,-0.707106781187
    ));
#6339 = PCURVE('',#6292,#6340);
#6340 = DEFINITIONAL_REPRESENTATION('',(#6341),#6345);
#6341 = LINE('',#6342,#6343);
#6342 = CARTESIAN_POINT('',(7.071067811866E-02,-0.15));
#6343 = VECTOR('',#6344,1.);
#6344 = DIRECTION('',(-1.,-2.465190328816E-32));
#6345 = ( GEOMETRIC_REPRESENTATION_CONTEXT(2) 
PARAMETRIC_REPRESENTATION_CONTEXT() REPRESENTATION_CONTEXT('2D SPACE',''
  ) );
#6346 = PCURVE('',#5966,#6347);
#6347 = DEFINITIONAL_REPRESENTATION('',(#6348),#6352);
#6348 = LINE('',#6349,#6350);
#6349 = CARTESIAN_POINT('',(-0.135804,-0.325201));
#6350 = VECTOR('',#6351,1.);
#6351 = DIRECTION('',(0.707106781187,-0.707106781187));
#6352 = ( GEOMETRIC_REPRESENTATION_CONTEXT(2) 
PARAMETRIC_REPRESENTATION_CONTEXT() REPRESENTATION_CONTEXT('2D SPACE',''
  ) );
#6353 = ORIENTED_EDGE('',*,*,#6354,.F.);
#6354 = EDGE_CURVE('',#6308,#6332,#6355,.T.);
#6355 = SURFACE_CURVE('',#6356,(#6360,#6367),.PCURVE_S1.);
#6356 = LINE('',#6357,#6358);
#6357 = CARTESIAN_POINT('',(-3.265,-2.725,5.E-02));
#6358 = VECTOR('',#6359,1.);
#6359 = DIRECTION('',(1.,-5.243344273594E-32,-2.289834988289E-16));
#6360 = PCURVE('',#6292,#6361);
#6361 = DEFINITIONAL_REPRESENTATION('',(#6362),#6366);
#6362 = LINE('',#6363,#6364);
#6363 = CARTESIAN_POINT('',(7.071067811866E-02,1.144917494145E-17));
#6364 = VECTOR('',#6365,1.);
#6365 = DIRECTION('',(-3.697785493223E-31,-1.));
#6366 = ( GEOMETRIC_REPRESENTATION_CONTEXT(2) 
PARAMETRIC_REPRESENTATION_CONTEXT() REPRESENTATION_CONTEXT('2D SPACE',''
  ) );
#6367 = PCURVE('',#6368,#6373);
#6368 = PLANE('',#6369);
#6369 = AXIS2_PLACEMENT_3D('',#6370,#6371,#6372);
#6370 = CARTESIAN_POINT('',(-3.265,-2.725,5.E-02));
#6371 = DIRECTION('',(-5.243344273594E-32,-1.,1.200639317332E-47));
#6372 = DIRECTION('',(2.289834988289E-16,-2.917038411497E-62,1.));
#6373 = DEFINITIONAL_REPRESENTATION('',(#6374),#6378);
#6374 = LINE('',#6375,#6376);
#6375 = CARTESIAN_POINT('',(0.,0.));
#6376 = VECTOR('',#6377,1.);
#6377 = DIRECTION('',(0.,-1.));
#6378 = ( GEOMETRIC_REPRESENTATION_CONTEXT(2) 
PARAMETRIC_REPRESENTATION_CONTEXT() REPRESENTATION_CONTEXT('2D SPACE',''
  ) );
#6379 = ADVANCED_FACE('',(#6380),#6368,.T.);
#6380 = FACE_BOUND('',#6381,.T.);
#6381 = EDGE_LOOP('',(#6382,#6405,#6406,#6429));
#6382 = ORIENTED_EDGE('',*,*,#6383,.F.);
#6383 = EDGE_CURVE('',#6308,#6384,#6386,.T.);
#6384 = VERTEX_POINT('',#6385);
#6385 = CARTESIAN_POINT('',(-3.265,-2.725,0.12));
#6386 = SURFACE_CURVE('',#6387,(#6391,#6398),.PCURVE_S1.);
#6387 = LINE('',#6388,#6389);
#6388 = CARTESIAN_POINT('',(-3.265,-2.725,5.E-02));
#6389 = VECTOR('',#6390,1.);
#6390 = DIRECTION('',(2.289834988289E-16,0.,1.));
#6391 = PCURVE('',#6368,#6392);
#6392 = DEFINITIONAL_REPRESENTATION('',(#6393),#6397);
#6393 = LINE('',#6394,#6395);
#6394 = CARTESIAN_POINT('',(0.,0.));
#6395 = VECTOR('',#6396,1.);
#6396 = DIRECTION('',(1.,0.));
#6397 = ( GEOMETRIC_REPRESENTATION_CONTEXT(2) 
PARAMETRIC_REPRESENTATION_CONTEXT() REPRESENTATION_CONTEXT('2D SPACE',''
  ) );
#6398 = PCURVE('',#6022,#6399);
#6399 = DEFINITIONAL_REPRESENTATION('',(#6400),#6404);
#6400 = LINE('',#6401,#6402);
#6401 = CARTESIAN_POINT('',(-0.135804,-0.325201));
#6402 = VECTOR('',#6403,1.);
#6403 = DIRECTION('',(1.200639317332E-47,1.));
#6404 = ( GEOMETRIC_REPRESENTATION_CONTEXT(2) 
PARAMETRIC_REPRESENTATION_CONTEXT() REPRESENTATION_CONTEXT('2D SPACE',''
  ) );
#6405 = ORIENTED_EDGE('',*,*,#6354,.T.);
#6406 = ORIENTED_EDGE('',*,*,#6407,.T.);
#6407 = EDGE_CURVE('',#6332,#6408,#6410,.T.);
#6408 = VERTEX_POINT('',#6409);
#6409 = CARTESIAN_POINT('',(-3.115,-2.725,0.12));
#6410 = SURFACE_CURVE('',#6411,(#6415,#6422),.PCURVE_S1.);
#6411 = LINE('',#6412,#6413);
#6412 = CARTESIAN_POINT('',(-3.115,-2.725,5.E-02));
#6413 = VECTOR('',#6414,1.);
#6414 = DIRECTION('',(2.289834988289E-16,0.,1.));
#6415 = PCURVE('',#6368,#6416);
#6416 = DEFINITIONAL_REPRESENTATION('',(#6417),#6421);
#6417 = LINE('',#6418,#6419);
#6418 = CARTESIAN_POINT('',(3.434752482434E-17,-0.15));
#6419 = VECTOR('',#6420,1.);
#6420 = DIRECTION('',(1.,0.));
#6421 = ( GEOMETRIC_REPRESENTATION_CONTEXT(2) 
PARAMETRIC_REPRESENTATION_CONTEXT() REPRESENTATION_CONTEXT('2D SPACE',''
  ) );
#6422 = PCURVE('',#5966,#6423);
#6423 = DEFINITIONAL_REPRESENTATION('',(#6424),#6428);
#6424 = LINE('',#6425,#6426);
#6425 = CARTESIAN_POINT('',(-0.135804,-0.325201));
#6426 = VECTOR('',#6427,1.);
#6427 = DIRECTION('',(1.200639317332E-47,1.));
#6428 = ( GEOMETRIC_REPRESENTATION_CONTEXT(2) 
PARAMETRIC_REPRESENTATION_CONTEXT() REPRESENTATION_CONTEXT('2D SPACE',''
  ) );
#6429 = ORIENTED_EDGE('',*,*,#6430,.T.);
#6430 = EDGE_CURVE('',#6408,#6384,#6431,.T.);
#6431 = SURFACE_CURVE('',#6432,(#6436,#6443),.PCURVE_S1.);
#6432 = LINE('',#6433,#6434);
#6433 = CARTESIAN_POINT('',(-3.265,-2.725,0.12));
#6434 = VECTOR('',#6435,1.);
#6435 = DIRECTION('',(-1.,5.243344273594E-32,2.289834988289E-16));
#6436 = PCURVE('',#6368,#6437);
#6437 = DEFINITIONAL_REPRESENTATION('',(#6438),#6442);
#6438 = LINE('',#6439,#6440);
#6439 = CARTESIAN_POINT('',(7.E-02,1.602884491803E-17));
#6440 = VECTOR('',#6441,1.);
#6441 = DIRECTION('',(0.,1.));
#6442 = ( GEOMETRIC_REPRESENTATION_CONTEXT(2) 
PARAMETRIC_REPRESENTATION_CONTEXT() REPRESENTATION_CONTEXT('2D SPACE',''
  ) );
#6443 = PCURVE('',#6444,#6449);
#6444 = CYLINDRICAL_SURFACE('',#6445,5.E-02);
#6445 = AXIS2_PLACEMENT_3D('',#6446,#6447,#6448);
#6446 = CARTESIAN_POINT('',(-3.265,-2.775,0.12));
#6447 = DIRECTION('',(-1.,5.243344273594E-32,2.289834988289E-16));
#6448 = DIRECTION('',(-5.243344273594E-32,-1.,0.));
#6449 = DEFINITIONAL_REPRESENTATION('',(#6450),#6454);
#6450 = LINE('',#6451,#6452);
#6451 = CARTESIAN_POINT('',(3.14159265359,0.));
#6452 = VECTOR('',#6453,1.);
#6453 = DIRECTION('',(0.,1.));
#6454 = ( GEOMETRIC_REPRESENTATION_CONTEXT(2) 
PARAMETRIC_REPRESENTATION_CONTEXT() REPRESENTATION_CONTEXT('2D SPACE',''
  ) );
#6455 = ADVANCED_FACE('',(#6456),#6444,.F.);
#6456 = FACE_BOUND('',#6457,.F.);
#6457 = EDGE_LOOP('',(#6458,#6488,#6514,#6515));
#6458 = ORIENTED_EDGE('',*,*,#6459,.T.);
#6459 = EDGE_CURVE('',#6460,#6462,#6464,.T.);
#6460 = VERTEX_POINT('',#6461);
#6461 = CARTESIAN_POINT('',(-3.265,-2.775,0.17));
#6462 = VERTEX_POINT('',#6463);
#6463 = CARTESIAN_POINT('',(-3.115,-2.775,0.17));
#6464 = SURFACE_CURVE('',#6465,(#6469,#6476),.PCURVE_S1.);
#6465 = LINE('',#6466,#6467);
#6466 = CARTESIAN_POINT('',(-3.265,-2.775,0.17));
#6467 = VECTOR('',#6468,1.);
#6468 = DIRECTION('',(1.,-5.243344273594E-32,-2.289834988289E-16));
#6469 = PCURVE('',#6444,#6470);
#6470 = DEFINITIONAL_REPRESENTATION('',(#6471),#6475);
#6471 = LINE('',#6472,#6473);
#6472 = CARTESIAN_POINT('',(1.570796326795,0.));
#6473 = VECTOR('',#6474,1.);
#6474 = DIRECTION('',(0.,-1.));
#6475 = ( GEOMETRIC_REPRESENTATION_CONTEXT(2) 
PARAMETRIC_REPRESENTATION_CONTEXT() REPRESENTATION_CONTEXT('2D SPACE',''
  ) );
#6476 = PCURVE('',#6477,#6482);
#6477 = PLANE('',#6478);
#6478 = AXIS2_PLACEMENT_3D('',#6479,#6480,#6481);
#6479 = CARTESIAN_POINT('',(-3.265,-2.775,0.17));
#6480 = DIRECTION('',(-2.289834988289E-16,1.200639317332E-47,-1.));
#6481 = DIRECTION('',(-5.243344273594E-32,-1.,2.917038411497E-62));
#6482 = DEFINITIONAL_REPRESENTATION('',(#6483),#6487);
#6483 = LINE('',#6484,#6485);
#6484 = CARTESIAN_POINT('',(0.,0.));
#6485 = VECTOR('',#6486,1.);
#6486 = DIRECTION('',(-6.679536616831E-78,-1.));
#6487 = ( GEOMETRIC_REPRESENTATION_CONTEXT(2) 
PARAMETRIC_REPRESENTATION_CONTEXT() REPRESENTATION_CONTEXT('2D SPACE',''
  ) );
#6488 = ORIENTED_EDGE('',*,*,#6489,.T.);
#6489 = EDGE_CURVE('',#6462,#6408,#6490,.T.);
#6490 = SURFACE_CURVE('',#6491,(#6496,#6503),.PCURVE_S1.);
#6491 = CIRCLE('',#6492,5.E-02);
#6492 = AXIS2_PLACEMENT_3D('',#6493,#6494,#6495);
#6493 = CARTESIAN_POINT('',(-3.115,-2.775,0.12));
#6494 = DIRECTION('',(-1.,5.243344273594E-32,2.289834988289E-16));
#6495 = DIRECTION('',(-5.243344273594E-32,-1.,0.));
#6496 = PCURVE('',#6444,#6497);
#6497 = DEFINITIONAL_REPRESENTATION('',(#6498),#6502);
#6498 = LINE('',#6499,#6500);
#6499 = CARTESIAN_POINT('',(0.,-0.15));
#6500 = VECTOR('',#6501,1.);
#6501 = DIRECTION('',(1.,0.));
#6502 = ( GEOMETRIC_REPRESENTATION_CONTEXT(2) 
PARAMETRIC_REPRESENTATION_CONTEXT() REPRESENTATION_CONTEXT('2D SPACE',''
  ) );
#6503 = PCURVE('',#5966,#6504);
#6504 = DEFINITIONAL_REPRESENTATION('',(#6505),#6513);
#6505 = ( BOUNDED_CURVE() B_SPLINE_CURVE(2,(#6506,#6507,#6508,#6509,
#6510,#6511,#6512),.UNSPECIFIED.,.T.,.F.) B_SPLINE_CURVE_WITH_KNOTS((1,2
    ,2,2,2,1),(-2.094395102393,0.,2.094395102393,4.188790204786,
6.28318530718,8.377580409573),.UNSPECIFIED.) CURVE() 
GEOMETRIC_REPRESENTATION_ITEM() RATIONAL_B_SPLINE_CURVE((1.,0.5,1.,0.5,
1.,0.5,1.)) REPRESENTATION_ITEM('') );
#6506 = CARTESIAN_POINT('',(-0.235804,-0.255201));
#6507 = CARTESIAN_POINT('',(-0.235804,-0.168598459622));
#6508 = CARTESIAN_POINT('',(-0.160804,-0.211899729811));
#6509 = CARTESIAN_POINT('',(-8.5804E-02,-0.255201));
#6510 = CARTESIAN_POINT('',(-0.160804,-0.298502270189));
#6511 = CARTESIAN_POINT('',(-0.235804,-0.341803540378));
#6512 = CARTESIAN_POINT('',(-0.235804,-0.255201));
#6513 = ( GEOMETRIC_REPRESENTATION_CONTEXT(2) 
PARAMETRIC_REPRESENTATION_CONTEXT() REPRESENTATION_CONTEXT('2D SPACE',''
  ) );
#6514 = ORIENTED_EDGE('',*,*,#6430,.T.);
#6515 = ORIENTED_EDGE('',*,*,#6516,.F.);
#6516 = EDGE_CURVE('',#6460,#6384,#6517,.T.);
#6517 = SURFACE_CURVE('',#6518,(#6523,#6530),.PCURVE_S1.);
#6518 = CIRCLE('',#6519,5.E-02);
#6519 = AXIS2_PLACEMENT_3D('',#6520,#6521,#6522);
#6520 = CARTESIAN_POINT('',(-3.265,-2.775,0.12));
#6521 = DIRECTION('',(-1.,5.243344273594E-32,2.289834988289E-16));
#6522 = DIRECTION('',(-5.243344273594E-32,-1.,0.));
#6523 = PCURVE('',#6444,#6524);
#6524 = DEFINITIONAL_REPRESENTATION('',(#6525),#6529);
#6525 = LINE('',#6526,#6527);
#6526 = CARTESIAN_POINT('',(0.,0.));
#6527 = VECTOR('',#6528,1.);
#6528 = DIRECTION('',(1.,0.));
#6529 = ( GEOMETRIC_REPRESENTATION_CONTEXT(2) 
PARAMETRIC_REPRESENTATION_CONTEXT() REPRESENTATION_CONTEXT('2D SPACE',''
  ) );
#6530 = PCURVE('',#6022,#6531);
#6531 = DEFINITIONAL_REPRESENTATION('',(#6532),#6540);
#6532 = ( BOUNDED_CURVE() B_SPLINE_CURVE(2,(#6533,#6534,#6535,#6536,
#6537,#6538,#6539),.UNSPECIFIED.,.T.,.F.) B_SPLINE_CURVE_WITH_KNOTS((1,2
    ,2,2,2,1),(-2.094395102393,0.,2.094395102393,4.188790204786,
6.28318530718,8.377580409573),.UNSPECIFIED.) CURVE() 
GEOMETRIC_REPRESENTATION_ITEM() RATIONAL_B_SPLINE_CURVE((1.,0.5,1.,0.5,
1.,0.5,1.)) REPRESENTATION_ITEM('') );
#6533 = CARTESIAN_POINT('',(-0.235804,-0.255201));
#6534 = CARTESIAN_POINT('',(-0.235804,-0.168598459622));
#6535 = CARTESIAN_POINT('',(-0.160804,-0.211899729811));
#6536 = CARTESIAN_POINT('',(-8.5804E-02,-0.255201));
#6537 = CARTESIAN_POINT('',(-0.160804,-0.298502270189));
#6538 = CARTESIAN_POINT('',(-0.235804,-0.341803540378));
#6539 = CARTESIAN_POINT('',(-0.235804,-0.255201));
#6540 = ( GEOMETRIC_REPRESENTATION_CONTEXT(2) 
PARAMETRIC_REPRESENTATION_CONTEXT() REPRESENTATION_CONTEXT('2D SPACE',''
  ) );
#6541 = ADVANCED_FACE('',(#6542),#6477,.T.);
#6542 = FACE_BOUND('',#6543,.T.);
#6543 = EDGE_LOOP('',(#6544,#6567,#6568,#6591));
#6544 = ORIENTED_EDGE('',*,*,#6545,.F.);
#6545 = EDGE_CURVE('',#6460,#6546,#6548,.T.);
#6546 = VERTEX_POINT('',#6547);
#6547 = CARTESIAN_POINT('',(-3.265,-2.95,0.17));
#6548 = SURFACE_CURVE('',#6549,(#6553,#6560),.PCURVE_S1.);
#6549 = LINE('',#6550,#6551);
#6550 = CARTESIAN_POINT('',(-3.265,-2.775,0.17));
#6551 = VECTOR('',#6552,1.);
#6552 = DIRECTION('',(-5.243344273594E-32,-1.,0.));
#6553 = PCURVE('',#6477,#6554);
#6554 = DEFINITIONAL_REPRESENTATION('',(#6555),#6559);
#6555 = LINE('',#6556,#6557);
#6556 = CARTESIAN_POINT('',(0.,0.));
#6557 = VECTOR('',#6558,1.);
#6558 = DIRECTION('',(1.,6.679536616831E-78));
#6559 = ( GEOMETRIC_REPRESENTATION_CONTEXT(2) 
PARAMETRIC_REPRESENTATION_CONTEXT() REPRESENTATION_CONTEXT('2D SPACE',''
  ) );
#6560 = PCURVE('',#6022,#6561);
#6561 = DEFINITIONAL_REPRESENTATION('',(#6562),#6566);
#6562 = LINE('',#6563,#6564);
#6563 = CARTESIAN_POINT('',(-0.185804,-0.205201));
#6564 = VECTOR('',#6565,1.);
#6565 = DIRECTION('',(-1.,0.));
#6566 = ( GEOMETRIC_REPRESENTATION_CONTEXT(2) 
PARAMETRIC_REPRESENTATION_CONTEXT() REPRESENTATION_CONTEXT('2D SPACE',''
  ) );
#6567 = ORIENTED_EDGE('',*,*,#6459,.T.);
#6568 = ORIENTED_EDGE('',*,*,#6569,.T.);
#6569 = EDGE_CURVE('',#6462,#6570,#6572,.T.);
#6570 = VERTEX_POINT('',#6571);
#6571 = CARTESIAN_POINT('',(-3.115,-2.95,0.17));
#6572 = SURFACE_CURVE('',#6573,(#6577,#6584),.PCURVE_S1.);
#6573 = LINE('',#6574,#6575);
#6574 = CARTESIAN_POINT('',(-3.115,-2.775,0.17));
#6575 = VECTOR('',#6576,1.);
#6576 = DIRECTION('',(-5.243344273594E-32,-1.,0.));
#6577 = PCURVE('',#6477,#6578);
#6578 = DEFINITIONAL_REPRESENTATION('',(#6579),#6583);
#6579 = LINE('',#6580,#6581);
#6580 = CARTESIAN_POINT('',(-7.865016410391E-33,-0.15));
#6581 = VECTOR('',#6582,1.);
#6582 = DIRECTION('',(1.,6.679536616831E-78));
#6583 = ( GEOMETRIC_REPRESENTATION_CONTEXT(2) 
PARAMETRIC_REPRESENTATION_CONTEXT() REPRESENTATION_CONTEXT('2D SPACE',''
  ) );
#6584 = PCURVE('',#5966,#6585);
#6585 = DEFINITIONAL_REPRESENTATION('',(#6586),#6590);
#6586 = LINE('',#6587,#6588);
#6587 = CARTESIAN_POINT('',(-0.185804,-0.205201));
#6588 = VECTOR('',#6589,1.);
#6589 = DIRECTION('',(-1.,0.));
#6590 = ( GEOMETRIC_REPRESENTATION_CONTEXT(2) 
PARAMETRIC_REPRESENTATION_CONTEXT() REPRESENTATION_CONTEXT('2D SPACE',''
  ) );
#6591 = ORIENTED_EDGE('',*,*,#6592,.F.);
#6592 = EDGE_CURVE('',#6546,#6570,#6593,.T.);
#6593 = SURFACE_CURVE('',#6594,(#6598,#6605),.PCURVE_S1.);
#6594 = LINE('',#6595,#6596);
#6595 = CARTESIAN_POINT('',(-3.265,-2.95,0.17));
#6596 = VECTOR('',#6597,1.);
#6597 = DIRECTION('',(1.,-5.243344273594E-32,-2.289834988289E-16));
#6598 = PCURVE('',#6477,#6599);
#6599 = DEFINITIONAL_REPRESENTATION('',(#6600),#6604);
#6600 = LINE('',#6601,#6602);
#6601 = CARTESIAN_POINT('',(0.175,-9.175852478789E-33));
#6602 = VECTOR('',#6603,1.);
#6603 = DIRECTION('',(-6.679536616831E-78,-1.));
#6604 = ( GEOMETRIC_REPRESENTATION_CONTEXT(2) 
PARAMETRIC_REPRESENTATION_CONTEXT() REPRESENTATION_CONTEXT('2D SPACE',''
  ) );
#6605 = PCURVE('',#6606,#6611);
#6606 = PLANE('',#6607);
#6607 = AXIS2_PLACEMENT_3D('',#6608,#6609,#6610);
#6608 = CARTESIAN_POINT('',(-3.265,-2.95,0.17));
#6609 = DIRECTION('',(-5.243344273594E-32,-1.,1.200639317332E-47));
#6610 = DIRECTION('',(2.289834988289E-16,-2.917038411497E-62,1.));
#6611 = DEFINITIONAL_REPRESENTATION('',(#6612),#6616);
#6612 = LINE('',#6613,#6614);
#6613 = CARTESIAN_POINT('',(0.,0.));
#6614 = VECTOR('',#6615,1.);
#6615 = DIRECTION('',(0.,-1.));
#6616 = ( GEOMETRIC_REPRESENTATION_CONTEXT(2) 
PARAMETRIC_REPRESENTATION_CONTEXT() REPRESENTATION_CONTEXT('2D SPACE',''
  ) );
#6617 = ADVANCED_FACE('',(#6618),#6606,.T.);
#6618 = FACE_BOUND('',#6619,.T.);
#6619 = EDGE_LOOP('',(#6620,#6643,#6644,#6667));
#6620 = ORIENTED_EDGE('',*,*,#6621,.T.);
#6621 = EDGE_CURVE('',#6622,#6546,#6624,.T.);
#6622 = VERTEX_POINT('',#6623);
#6623 = CARTESIAN_POINT('',(-3.265,-2.95,0.37));
#6624 = SURFACE_CURVE('',#6625,(#6629,#6636),.PCURVE_S1.);
#6625 = LINE('',#6626,#6627);
#6626 = CARTESIAN_POINT('',(-3.265,-2.95,0.37));
#6627 = VECTOR('',#6628,1.);
#6628 = DIRECTION('',(-2.289834988289E-16,0.,-1.));
#6629 = PCURVE('',#6606,#6630);
#6630 = DEFINITIONAL_REPRESENTATION('',(#6631),#6635);
#6631 = LINE('',#6632,#6633);
#6632 = CARTESIAN_POINT('',(0.2,4.579669976579E-17));
#6633 = VECTOR('',#6634,1.);
#6634 = DIRECTION('',(-1.,0.));
#6635 = ( GEOMETRIC_REPRESENTATION_CONTEXT(2) 
PARAMETRIC_REPRESENTATION_CONTEXT() REPRESENTATION_CONTEXT('2D SPACE',''
  ) );
#6636 = PCURVE('',#6022,#6637);
#6637 = DEFINITIONAL_REPRESENTATION('',(#6638),#6642);
#6638 = LINE('',#6639,#6640);
#6639 = CARTESIAN_POINT('',(-0.360804,-5.201E-03));
#6640 = VECTOR('',#6641,1.);
#6641 = DIRECTION('',(-1.200639317332E-47,-1.));
#6642 = ( GEOMETRIC_REPRESENTATION_CONTEXT(2) 
PARAMETRIC_REPRESENTATION_CONTEXT() REPRESENTATION_CONTEXT('2D SPACE',''
  ) );
#6643 = ORIENTED_EDGE('',*,*,#6592,.T.);
#6644 = ORIENTED_EDGE('',*,*,#6645,.F.);
#6645 = EDGE_CURVE('',#6646,#6570,#6648,.T.);
#6646 = VERTEX_POINT('',#6647);
#6647 = CARTESIAN_POINT('',(-3.115,-2.95,0.37));
#6648 = SURFACE_CURVE('',#6649,(#6653,#6660),.PCURVE_S1.);
#6649 = LINE('',#6650,#6651);
#6650 = CARTESIAN_POINT('',(-3.115,-2.95,0.37));
#6651 = VECTOR('',#6652,1.);
#6652 = DIRECTION('',(-2.289834988289E-16,0.,-1.));
#6653 = PCURVE('',#6606,#6654);
#6654 = DEFINITIONAL_REPRESENTATION('',(#6655),#6659);
#6655 = LINE('',#6656,#6657);
#6656 = CARTESIAN_POINT('',(0.2,-0.15));
#6657 = VECTOR('',#6658,1.);
#6658 = DIRECTION('',(-1.,0.));
#6659 = ( GEOMETRIC_REPRESENTATION_CONTEXT(2) 
PARAMETRIC_REPRESENTATION_CONTEXT() REPRESENTATION_CONTEXT('2D SPACE',''
  ) );
#6660 = PCURVE('',#5966,#6661);
#6661 = DEFINITIONAL_REPRESENTATION('',(#6662),#6666);
#6662 = LINE('',#6663,#6664);
#6663 = CARTESIAN_POINT('',(-0.360804,-5.201E-03));
#6664 = VECTOR('',#6665,1.);
#6665 = DIRECTION('',(-1.200639317332E-47,-1.));
#6666 = ( GEOMETRIC_REPRESENTATION_CONTEXT(2) 
PARAMETRIC_REPRESENTATION_CONTEXT() REPRESENTATION_CONTEXT('2D SPACE',''
  ) );
#6667 = ORIENTED_EDGE('',*,*,#6668,.F.);
#6668 = EDGE_CURVE('',#6622,#6646,#6669,.T.);
#6669 = SURFACE_CURVE('',#6670,(#6674,#6681),.PCURVE_S1.);
#6670 = LINE('',#6671,#6672);
#6671 = CARTESIAN_POINT('',(-3.265,-2.95,0.37));
#6672 = VECTOR('',#6673,1.);
#6673 = DIRECTION('',(1.,-5.243344273594E-32,-2.289834988289E-16));
#6674 = PCURVE('',#6606,#6675);
#6675 = DEFINITIONAL_REPRESENTATION('',(#6676),#6680);
#6676 = LINE('',#6677,#6678);
#6677 = CARTESIAN_POINT('',(0.2,4.579669976579E-17));
#6678 = VECTOR('',#6679,1.);
#6679 = DIRECTION('',(0.,-1.));
#6680 = ( GEOMETRIC_REPRESENTATION_CONTEXT(2) 
PARAMETRIC_REPRESENTATION_CONTEXT() REPRESENTATION_CONTEXT('2D SPACE',''
  ) );
#6681 = PCURVE('',#6682,#6687);
#6682 = PLANE('',#6683);
#6683 = AXIS2_PLACEMENT_3D('',#6684,#6685,#6686);
#6684 = CARTESIAN_POINT('',(-3.265,-2.95,0.37));
#6685 = DIRECTION('',(2.289834988289E-16,-1.200639317332E-47,1.));
#6686 = DIRECTION('',(5.243344273594E-32,1.,-2.917038411497E-62));
#6687 = DEFINITIONAL_REPRESENTATION('',(#6688),#6692);
#6688 = LINE('',#6689,#6690);
#6689 = CARTESIAN_POINT('',(0.,0.));
#6690 = VECTOR('',#6691,1.);
#6691 = DIRECTION('',(6.679536616831E-78,-1.));
#6692 = ( GEOMETRIC_REPRESENTATION_CONTEXT(2) 
PARAMETRIC_REPRESENTATION_CONTEXT() REPRESENTATION_CONTEXT('2D SPACE',''
  ) );
#6693 = ADVANCED_FACE('',(#6694),#6682,.T.);
#6694 = FACE_BOUND('',#6695,.T.);
#6695 = EDGE_LOOP('',(#6696,#6719,#6720,#6743));
#6696 = ORIENTED_EDGE('',*,*,#6697,.T.);
#6697 = EDGE_CURVE('',#6698,#6622,#6700,.T.);
#6698 = VERTEX_POINT('',#6699);
#6699 = CARTESIAN_POINT('',(-3.265,-2.925,0.37));
#6700 = SURFACE_CURVE('',#6701,(#6705,#6712),.PCURVE_S1.);
#6701 = LINE('',#6702,#6703);
#6702 = CARTESIAN_POINT('',(-3.265,-2.925,0.37));
#6703 = VECTOR('',#6704,1.);
#6704 = DIRECTION('',(-5.243344273594E-32,-1.,0.));
#6705 = PCURVE('',#6682,#6706);
#6706 = DEFINITIONAL_REPRESENTATION('',(#6707),#6711);
#6707 = LINE('',#6708,#6709);
#6708 = CARTESIAN_POINT('',(2.5E-02,1.310836068399E-33));
#6709 = VECTOR('',#6710,1.);
#6710 = DIRECTION('',(-1.,6.679536616831E-78));
#6711 = ( GEOMETRIC_REPRESENTATION_CONTEXT(2) 
PARAMETRIC_REPRESENTATION_CONTEXT() REPRESENTATION_CONTEXT('2D SPACE',''
  ) );
#6712 = PCURVE('',#6022,#6713);
#6713 = DEFINITIONAL_REPRESENTATION('',(#6714),#6718);
#6714 = LINE('',#6715,#6716);
#6715 = CARTESIAN_POINT('',(-0.335804,-5.201E-03));
#6716 = VECTOR('',#6717,1.);
#6717 = DIRECTION('',(-1.,0.));
#6718 = ( GEOMETRIC_REPRESENTATION_CONTEXT(2) 
PARAMETRIC_REPRESENTATION_CONTEXT() REPRESENTATION_CONTEXT('2D SPACE',''
  ) );
#6719 = ORIENTED_EDGE('',*,*,#6668,.T.);
#6720 = ORIENTED_EDGE('',*,*,#6721,.F.);
#6721 = EDGE_CURVE('',#6722,#6646,#6724,.T.);
#6722 = VERTEX_POINT('',#6723);
#6723 = CARTESIAN_POINT('',(-3.115,-2.925,0.37));
#6724 = SURFACE_CURVE('',#6725,(#6729,#6736),.PCURVE_S1.);
#6725 = LINE('',#6726,#6727);
#6726 = CARTESIAN_POINT('',(-3.115,-2.925,0.37));
#6727 = VECTOR('',#6728,1.);
#6728 = DIRECTION('',(-5.243344273594E-32,-1.,0.));
#6729 = PCURVE('',#6682,#6730);
#6730 = DEFINITIONAL_REPRESENTATION('',(#6731),#6735);
#6731 = LINE('',#6732,#6733);
#6732 = CARTESIAN_POINT('',(2.5E-02,-0.15));
#6733 = VECTOR('',#6734,1.);
#6734 = DIRECTION('',(-1.,6.679536616831E-78));
#6735 = ( GEOMETRIC_REPRESENTATION_CONTEXT(2) 
PARAMETRIC_REPRESENTATION_CONTEXT() REPRESENTATION_CONTEXT('2D SPACE',''
  ) );
#6736 = PCURVE('',#5966,#6737);
#6737 = DEFINITIONAL_REPRESENTATION('',(#6738),#6742);
#6738 = LINE('',#6739,#6740);
#6739 = CARTESIAN_POINT('',(-0.335804,-5.201E-03));
#6740 = VECTOR('',#6741,1.);
#6741 = DIRECTION('',(-1.,0.));
#6742 = ( GEOMETRIC_REPRESENTATION_CONTEXT(2) 
PARAMETRIC_REPRESENTATION_CONTEXT() REPRESENTATION_CONTEXT('2D SPACE',''
  ) );
#6743 = ORIENTED_EDGE('',*,*,#6744,.F.);
#6744 = EDGE_CURVE('',#6698,#6722,#6745,.T.);
#6745 = SURFACE_CURVE('',#6746,(#6750,#6757),.PCURVE_S1.);
#6746 = LINE('',#6747,#6748);
#6747 = CARTESIAN_POINT('',(-3.265,-2.925,0.37));
#6748 = VECTOR('',#6749,1.);
#6749 = DIRECTION('',(1.,-5.243344273594E-32,-2.289834988289E-16));
#6750 = PCURVE('',#6682,#6751);
#6751 = DEFINITIONAL_REPRESENTATION('',(#6752),#6756);
#6752 = LINE('',#6753,#6754);
#6753 = CARTESIAN_POINT('',(2.5E-02,1.310836068399E-33));
#6754 = VECTOR('',#6755,1.);
#6755 = DIRECTION('',(6.679536616831E-78,-1.));
#6756 = ( GEOMETRIC_REPRESENTATION_CONTEXT(2) 
PARAMETRIC_REPRESENTATION_CONTEXT() REPRESENTATION_CONTEXT('2D SPACE',''
  ) );
#6757 = PCURVE('',#6758,#6763);
#6758 = CYLINDRICAL_SURFACE('',#6759,5.E-02);
#6759 = AXIS2_PLACEMENT_3D('',#6760,#6761,#6762);
#6760 = CARTESIAN_POINT('',(-3.265,-2.925,0.42));
#6761 = DIRECTION('',(-1.,5.243344273594E-32,2.289834988289E-16));
#6762 = DIRECTION('',(-5.243344273594E-32,-1.,0.));
#6763 = DEFINITIONAL_REPRESENTATION('',(#6764),#6768);
#6764 = LINE('',#6765,#6766);
#6765 = CARTESIAN_POINT('',(4.712388980385,0.));
#6766 = VECTOR('',#6767,1.);
#6767 = DIRECTION('',(0.,-1.));
#6768 = ( GEOMETRIC_REPRESENTATION_CONTEXT(2) 
PARAMETRIC_REPRESENTATION_CONTEXT() REPRESENTATION_CONTEXT('2D SPACE',''
  ) );
#6769 = ADVANCED_FACE('',(#6770),#6758,.F.);
#6770 = FACE_BOUND('',#6771,.F.);
#6771 = EDGE_LOOP('',(#6772,#6802,#6828,#6829));
#6772 = ORIENTED_EDGE('',*,*,#6773,.F.);
#6773 = EDGE_CURVE('',#6774,#6776,#6778,.T.);
#6774 = VERTEX_POINT('',#6775);
#6775 = CARTESIAN_POINT('',(-3.115,-2.875,0.42));
#6776 = VERTEX_POINT('',#6777);
#6777 = CARTESIAN_POINT('',(-3.265,-2.875,0.42));
#6778 = SURFACE_CURVE('',#6779,(#6783,#6790),.PCURVE_S1.);
#6779 = LINE('',#6780,#6781);
#6780 = CARTESIAN_POINT('',(-3.265,-2.875,0.42));
#6781 = VECTOR('',#6782,1.);
#6782 = DIRECTION('',(-1.,5.243344273594E-32,2.289834988289E-16));
#6783 = PCURVE('',#6758,#6784);
#6784 = DEFINITIONAL_REPRESENTATION('',(#6785),#6789);
#6785 = LINE('',#6786,#6787);
#6786 = CARTESIAN_POINT('',(3.14159265359,0.));
#6787 = VECTOR('',#6788,1.);
#6788 = DIRECTION('',(-5.921189464668E-15,1.));
#6789 = ( GEOMETRIC_REPRESENTATION_CONTEXT(2) 
PARAMETRIC_REPRESENTATION_CONTEXT() REPRESENTATION_CONTEXT('2D SPACE',''
  ) );
#6790 = PCURVE('',#6791,#6796);
#6791 = PLANE('',#6792);
#6792 = AXIS2_PLACEMENT_3D('',#6793,#6794,#6795);
#6793 = CARTESIAN_POINT('',(-3.265,-2.875,0.42));
#6794 = DIRECTION('',(-5.243344273594E-32,-1.,1.200639317332E-47));
#6795 = DIRECTION('',(2.289834988289E-16,-2.917038411497E-62,1.));
#6796 = DEFINITIONAL_REPRESENTATION('',(#6797),#6801);
#6797 = LINE('',#6798,#6799);
#6798 = CARTESIAN_POINT('',(0.,0.));
#6799 = VECTOR('',#6800,1.);
#6800 = DIRECTION('',(0.,1.));
#6801 = ( GEOMETRIC_REPRESENTATION_CONTEXT(2) 
PARAMETRIC_REPRESENTATION_CONTEXT() REPRESENTATION_CONTEXT('2D SPACE',''
  ) );
#6802 = ORIENTED_EDGE('',*,*,#6803,.T.);
#6803 = EDGE_CURVE('',#6774,#6722,#6804,.T.);
#6804 = SURFACE_CURVE('',#6805,(#6810,#6817),.PCURVE_S1.);
#6805 = CIRCLE('',#6806,5.E-02);
#6806 = AXIS2_PLACEMENT_3D('',#6807,#6808,#6809);
#6807 = CARTESIAN_POINT('',(-3.115,-2.925,0.42));
#6808 = DIRECTION('',(-1.,5.243344273594E-32,2.289834988289E-16));
#6809 = DIRECTION('',(-5.243344273594E-32,-1.,0.));
#6810 = PCURVE('',#6758,#6811);
#6811 = DEFINITIONAL_REPRESENTATION('',(#6812),#6816);
#6812 = LINE('',#6813,#6814);
#6813 = CARTESIAN_POINT('',(0.,-0.15));
#6814 = VECTOR('',#6815,1.);
#6815 = DIRECTION('',(1.,0.));
#6816 = ( GEOMETRIC_REPRESENTATION_CONTEXT(2) 
PARAMETRIC_REPRESENTATION_CONTEXT() REPRESENTATION_CONTEXT('2D SPACE',''
  ) );
#6817 = PCURVE('',#5966,#6818);
#6818 = DEFINITIONAL_REPRESENTATION('',(#6819),#6827);
#6819 = ( BOUNDED_CURVE() B_SPLINE_CURVE(2,(#6820,#6821,#6822,#6823,
#6824,#6825,#6826),.UNSPECIFIED.,.T.,.F.) B_SPLINE_CURVE_WITH_KNOTS((1,2
    ,2,2,2,1),(-2.094395102393,0.,2.094395102393,4.188790204786,
6.28318530718,8.377580409573),.UNSPECIFIED.) CURVE() 
GEOMETRIC_REPRESENTATION_ITEM() RATIONAL_B_SPLINE_CURVE((1.,0.5,1.,0.5,
1.,0.5,1.)) REPRESENTATION_ITEM('') );
#6820 = CARTESIAN_POINT('',(-0.385804,4.4799E-02));
#6821 = CARTESIAN_POINT('',(-0.385804,0.131401540378));
#6822 = CARTESIAN_POINT('',(-0.310804,8.810027018922E-02));
#6823 = CARTESIAN_POINT('',(-0.235804,4.4799E-02));
#6824 = CARTESIAN_POINT('',(-0.310804,1.49772981078E-03));
#6825 = CARTESIAN_POINT('',(-0.385804,-4.180354037844E-02));
#6826 = CARTESIAN_POINT('',(-0.385804,4.4799E-02));
#6827 = ( GEOMETRIC_REPRESENTATION_CONTEXT(2) 
PARAMETRIC_REPRESENTATION_CONTEXT() REPRESENTATION_CONTEXT('2D SPACE',''
  ) );
#6828 = ORIENTED_EDGE('',*,*,#6744,.F.);
#6829 = ORIENTED_EDGE('',*,*,#6830,.F.);
#6830 = EDGE_CURVE('',#6776,#6698,#6831,.T.);
#6831 = SURFACE_CURVE('',#6832,(#6837,#6844),.PCURVE_S1.);
#6832 = CIRCLE('',#6833,5.E-02);
#6833 = AXIS2_PLACEMENT_3D('',#6834,#6835,#6836);
#6834 = CARTESIAN_POINT('',(-3.265,-2.925,0.42));
#6835 = DIRECTION('',(-1.,5.243344273594E-32,2.289834988289E-16));
#6836 = DIRECTION('',(-5.243344273594E-32,-1.,0.));
#6837 = PCURVE('',#6758,#6838);
#6838 = DEFINITIONAL_REPRESENTATION('',(#6839),#6843);
#6839 = LINE('',#6840,#6841);
#6840 = CARTESIAN_POINT('',(0.,0.));
#6841 = VECTOR('',#6842,1.);
#6842 = DIRECTION('',(1.,0.));
#6843 = ( GEOMETRIC_REPRESENTATION_CONTEXT(2) 
PARAMETRIC_REPRESENTATION_CONTEXT() REPRESENTATION_CONTEXT('2D SPACE',''
  ) );
#6844 = PCURVE('',#6022,#6845);
#6845 = DEFINITIONAL_REPRESENTATION('',(#6846),#6854);
#6846 = ( BOUNDED_CURVE() B_SPLINE_CURVE(2,(#6847,#6848,#6849,#6850,
#6851,#6852,#6853),.UNSPECIFIED.,.T.,.F.) B_SPLINE_CURVE_WITH_KNOTS((1,2
    ,2,2,2,1),(-2.094395102393,0.,2.094395102393,4.188790204786,
6.28318530718,8.377580409573),.UNSPECIFIED.) CURVE() 
GEOMETRIC_REPRESENTATION_ITEM() RATIONAL_B_SPLINE_CURVE((1.,0.5,1.,0.5,
1.,0.5,1.)) REPRESENTATION_ITEM('') );
#6847 = CARTESIAN_POINT('',(-0.385804,4.4799E-02));
#6848 = CARTESIAN_POINT('',(-0.385804,0.131401540378));
#6849 = CARTESIAN_POINT('',(-0.310804,8.810027018922E-02));
#6850 = CARTESIAN_POINT('',(-0.235804,4.4799E-02));
#6851 = CARTESIAN_POINT('',(-0.310804,1.49772981078E-03));
#6852 = CARTESIAN_POINT('',(-0.385804,-4.180354037844E-02));
#6853 = CARTESIAN_POINT('',(-0.385804,4.4799E-02));
#6854 = ( GEOMETRIC_REPRESENTATION_CONTEXT(2) 
PARAMETRIC_REPRESENTATION_CONTEXT() REPRESENTATION_CONTEXT('2D SPACE',''
  ) );
#6855 = ADVANCED_FACE('',(#6856),#6791,.T.);
#6856 = FACE_BOUND('',#6857,.T.);
#6857 = EDGE_LOOP('',(#6858,#6881,#6882,#6905));
#6858 = ORIENTED_EDGE('',*,*,#6859,.F.);
#6859 = EDGE_CURVE('',#6776,#6860,#6862,.T.);
#6860 = VERTEX_POINT('',#6861);
#6861 = CARTESIAN_POINT('',(-3.265,-2.875,0.47));
#6862 = SURFACE_CURVE('',#6863,(#6867,#6874),.PCURVE_S1.);
#6863 = LINE('',#6864,#6865);
#6864 = CARTESIAN_POINT('',(-3.265,-2.875,0.42));
#6865 = VECTOR('',#6866,1.);
#6866 = DIRECTION('',(2.289834988289E-16,0.,1.));
#6867 = PCURVE('',#6791,#6868);
#6868 = DEFINITIONAL_REPRESENTATION('',(#6869),#6873);
#6869 = LINE('',#6870,#6871);
#6870 = CARTESIAN_POINT('',(0.,0.));
#6871 = VECTOR('',#6872,1.);
#6872 = DIRECTION('',(1.,0.));
#6873 = ( GEOMETRIC_REPRESENTATION_CONTEXT(2) 
PARAMETRIC_REPRESENTATION_CONTEXT() REPRESENTATION_CONTEXT('2D SPACE',''
  ) );
#6874 = PCURVE('',#6022,#6875);
#6875 = DEFINITIONAL_REPRESENTATION('',(#6876),#6880);
#6876 = LINE('',#6877,#6878);
#6877 = CARTESIAN_POINT('',(-0.285804,4.4799E-02));
#6878 = VECTOR('',#6879,1.);
#6879 = DIRECTION('',(1.200639317332E-47,1.));
#6880 = ( GEOMETRIC_REPRESENTATION_CONTEXT(2) 
PARAMETRIC_REPRESENTATION_CONTEXT() REPRESENTATION_CONTEXT('2D SPACE',''
  ) );
#6881 = ORIENTED_EDGE('',*,*,#6773,.F.);
#6882 = ORIENTED_EDGE('',*,*,#6883,.T.);
#6883 = EDGE_CURVE('',#6774,#6884,#6886,.T.);
#6884 = VERTEX_POINT('',#6885);
#6885 = CARTESIAN_POINT('',(-3.115,-2.875,0.47));
#6886 = SURFACE_CURVE('',#6887,(#6891,#6898),.PCURVE_S1.);
#6887 = LINE('',#6888,#6889);
#6888 = CARTESIAN_POINT('',(-3.115,-2.875,0.42));
#6889 = VECTOR('',#6890,1.);
#6890 = DIRECTION('',(2.289834988289E-16,0.,1.));
#6891 = PCURVE('',#6791,#6892);
#6892 = DEFINITIONAL_REPRESENTATION('',(#6893),#6897);
#6893 = LINE('',#6894,#6895);
#6894 = CARTESIAN_POINT('',(3.434752482434E-17,-0.15));
#6895 = VECTOR('',#6896,1.);
#6896 = DIRECTION('',(1.,0.));
#6897 = ( GEOMETRIC_REPRESENTATION_CONTEXT(2) 
PARAMETRIC_REPRESENTATION_CONTEXT() REPRESENTATION_CONTEXT('2D SPACE',''
  ) );
#6898 = PCURVE('',#5966,#6899);
#6899 = DEFINITIONAL_REPRESENTATION('',(#6900),#6904);
#6900 = LINE('',#6901,#6902);
#6901 = CARTESIAN_POINT('',(-0.285804,4.4799E-02));
#6902 = VECTOR('',#6903,1.);
#6903 = DIRECTION('',(1.200639317332E-47,1.));
#6904 = ( GEOMETRIC_REPRESENTATION_CONTEXT(2) 
PARAMETRIC_REPRESENTATION_CONTEXT() REPRESENTATION_CONTEXT('2D SPACE',''
  ) );
#6905 = ORIENTED_EDGE('',*,*,#6906,.T.);
#6906 = EDGE_CURVE('',#6884,#6860,#6907,.T.);
#6907 = SURFACE_CURVE('',#6908,(#6912,#6919),.PCURVE_S1.);
#6908 = LINE('',#6909,#6910);
#6909 = CARTESIAN_POINT('',(-3.265,-2.875,0.47));
#6910 = VECTOR('',#6911,1.);
#6911 = DIRECTION('',(-1.,5.243344273594E-32,2.289834988289E-16));
#6912 = PCURVE('',#6791,#6913);
#6913 = DEFINITIONAL_REPRESENTATION('',(#6914),#6918);
#6914 = LINE('',#6915,#6916);
#6915 = CARTESIAN_POINT('',(5.E-02,1.144917494145E-17));
#6916 = VECTOR('',#6917,1.);
#6917 = DIRECTION('',(0.,1.));
#6918 = ( GEOMETRIC_REPRESENTATION_CONTEXT(2) 
PARAMETRIC_REPRESENTATION_CONTEXT() REPRESENTATION_CONTEXT('2D SPACE',''
  ) );
#6919 = PCURVE('',#6920,#6925);
#6920 = CYLINDRICAL_SURFACE('',#6921,5.E-02);
#6921 = AXIS2_PLACEMENT_3D('',#6922,#6923,#6924);
#6922 = CARTESIAN_POINT('',(-3.265,-2.925,0.47));
#6923 = DIRECTION('',(-1.,5.243344273594E-32,2.289834988289E-16));
#6924 = DIRECTION('',(-5.243344273594E-32,-1.,0.));
#6925 = DEFINITIONAL_REPRESENTATION('',(#6926),#6930);
#6926 = LINE('',#6927,#6928);
#6927 = CARTESIAN_POINT('',(3.14159265359,0.));
#6928 = VECTOR('',#6929,1.);
#6929 = DIRECTION('',(-5.921189464668E-15,1.));
#6930 = ( GEOMETRIC_REPRESENTATION_CONTEXT(2) 
PARAMETRIC_REPRESENTATION_CONTEXT() REPRESENTATION_CONTEXT('2D SPACE',''
  ) );
#6931 = ADVANCED_FACE('',(#6932),#6920,.F.);
#6932 = FACE_BOUND('',#6933,.F.);
#6933 = EDGE_LOOP('',(#6934,#6964,#6990,#6991));
#6934 = ORIENTED_EDGE('',*,*,#6935,.T.);
#6935 = EDGE_CURVE('',#6936,#6938,#6940,.T.);
#6936 = VERTEX_POINT('',#6937);
#6937 = CARTESIAN_POINT('',(-3.265,-2.925,0.52));
#6938 = VERTEX_POINT('',#6939);
#6939 = CARTESIAN_POINT('',(-3.115,-2.925,0.52));
#6940 = SURFACE_CURVE('',#6941,(#6945,#6952),.PCURVE_S1.);
#6941 = LINE('',#6942,#6943);
#6942 = CARTESIAN_POINT('',(-3.265,-2.925,0.52));
#6943 = VECTOR('',#6944,1.);
#6944 = DIRECTION('',(1.,-5.243344273594E-32,-2.289834988289E-16));
#6945 = PCURVE('',#6920,#6946);
#6946 = DEFINITIONAL_REPRESENTATION('',(#6947),#6951);
#6947 = LINE('',#6948,#6949);
#6948 = CARTESIAN_POINT('',(1.570796326795,0.));
#6949 = VECTOR('',#6950,1.);
#6950 = DIRECTION('',(0.,-1.));
#6951 = ( GEOMETRIC_REPRESENTATION_CONTEXT(2) 
PARAMETRIC_REPRESENTATION_CONTEXT() REPRESENTATION_CONTEXT('2D SPACE',''
  ) );
#6952 = PCURVE('',#6953,#6958);
#6953 = PLANE('',#6954);
#6954 = AXIS2_PLACEMENT_3D('',#6955,#6956,#6957);
#6955 = CARTESIAN_POINT('',(-3.265,-2.925,0.52));
#6956 = DIRECTION('',(-2.289834988289E-16,1.200639317332E-47,-1.));
#6957 = DIRECTION('',(-5.243344273594E-32,-1.,2.917038411497E-62));
#6958 = DEFINITIONAL_REPRESENTATION('',(#6959),#6963);
#6959 = LINE('',#6960,#6961);
#6960 = CARTESIAN_POINT('',(0.,0.));
#6961 = VECTOR('',#6962,1.);
#6962 = DIRECTION('',(-6.679536616831E-78,-1.));
#6963 = ( GEOMETRIC_REPRESENTATION_CONTEXT(2) 
PARAMETRIC_REPRESENTATION_CONTEXT() REPRESENTATION_CONTEXT('2D SPACE',''
  ) );
#6964 = ORIENTED_EDGE('',*,*,#6965,.T.);
#6965 = EDGE_CURVE('',#6938,#6884,#6966,.T.);
#6966 = SURFACE_CURVE('',#6967,(#6972,#6979),.PCURVE_S1.);
#6967 = CIRCLE('',#6968,5.E-02);
#6968 = AXIS2_PLACEMENT_3D('',#6969,#6970,#6971);
#6969 = CARTESIAN_POINT('',(-3.115,-2.925,0.47));
#6970 = DIRECTION('',(-1.,5.243344273594E-32,2.289834988289E-16));
#6971 = DIRECTION('',(-5.243344273594E-32,-1.,0.));
#6972 = PCURVE('',#6920,#6973);
#6973 = DEFINITIONAL_REPRESENTATION('',(#6974),#6978);
#6974 = LINE('',#6975,#6976);
#6975 = CARTESIAN_POINT('',(0.,-0.15));
#6976 = VECTOR('',#6977,1.);
#6977 = DIRECTION('',(1.,0.));
#6978 = ( GEOMETRIC_REPRESENTATION_CONTEXT(2) 
PARAMETRIC_REPRESENTATION_CONTEXT() REPRESENTATION_CONTEXT('2D SPACE',''
  ) );
#6979 = PCURVE('',#5966,#6980);
#6980 = DEFINITIONAL_REPRESENTATION('',(#6981),#6989);
#6981 = ( BOUNDED_CURVE() B_SPLINE_CURVE(2,(#6982,#6983,#6984,#6985,
#6986,#6987,#6988),.UNSPECIFIED.,.T.,.F.) B_SPLINE_CURVE_WITH_KNOTS((1,2
    ,2,2,2,1),(-2.094395102393,0.,2.094395102393,4.188790204786,
6.28318530718,8.377580409573),.UNSPECIFIED.) CURVE() 
GEOMETRIC_REPRESENTATION_ITEM() RATIONAL_B_SPLINE_CURVE((1.,0.5,1.,0.5,
1.,0.5,1.)) REPRESENTATION_ITEM('') );
#6982 = CARTESIAN_POINT('',(-0.385804,9.4799E-02));
#6983 = CARTESIAN_POINT('',(-0.385804,0.181401540378));
#6984 = CARTESIAN_POINT('',(-0.310804,0.138100270189));
#6985 = CARTESIAN_POINT('',(-0.235804,9.4799E-02));
#6986 = CARTESIAN_POINT('',(-0.310804,5.149772981078E-02));
#6987 = CARTESIAN_POINT('',(-0.385804,8.196459621556E-03));
#6988 = CARTESIAN_POINT('',(-0.385804,9.4799E-02));
#6989 = ( GEOMETRIC_REPRESENTATION_CONTEXT(2) 
PARAMETRIC_REPRESENTATION_CONTEXT() REPRESENTATION_CONTEXT('2D SPACE',''
  ) );
#6990 = ORIENTED_EDGE('',*,*,#6906,.T.);
#6991 = ORIENTED_EDGE('',*,*,#6992,.F.);
#6992 = EDGE_CURVE('',#6936,#6860,#6993,.T.);
#6993 = SURFACE_CURVE('',#6994,(#6999,#7006),.PCURVE_S1.);
#6994 = CIRCLE('',#6995,5.E-02);
#6995 = AXIS2_PLACEMENT_3D('',#6996,#6997,#6998);
#6996 = CARTESIAN_POINT('',(-3.265,-2.925,0.47));
#6997 = DIRECTION('',(-1.,5.243344273594E-32,2.289834988289E-16));
#6998 = DIRECTION('',(-5.243344273594E-32,-1.,0.));
#6999 = PCURVE('',#6920,#7000);
#7000 = DEFINITIONAL_REPRESENTATION('',(#7001),#7005);
#7001 = LINE('',#7002,#7003);
#7002 = CARTESIAN_POINT('',(0.,0.));
#7003 = VECTOR('',#7004,1.);
#7004 = DIRECTION('',(1.,0.));
#7005 = ( GEOMETRIC_REPRESENTATION_CONTEXT(2) 
PARAMETRIC_REPRESENTATION_CONTEXT() REPRESENTATION_CONTEXT('2D SPACE',''
  ) );
#7006 = PCURVE('',#6022,#7007);
#7007 = DEFINITIONAL_REPRESENTATION('',(#7008),#7016);
#7008 = ( BOUNDED_CURVE() B_SPLINE_CURVE(2,(#7009,#7010,#7011,#7012,
#7013,#7014,#7015),.UNSPECIFIED.,.T.,.F.) B_SPLINE_CURVE_WITH_KNOTS((1,2
    ,2,2,2,1),(-2.094395102393,0.,2.094395102393,4.188790204786,
6.28318530718,8.377580409573),.UNSPECIFIED.) CURVE() 
GEOMETRIC_REPRESENTATION_ITEM() RATIONAL_B_SPLINE_CURVE((1.,0.5,1.,0.5,
1.,0.5,1.)) REPRESENTATION_ITEM('') );
#7009 = CARTESIAN_POINT('',(-0.385804,9.4799E-02));
#7010 = CARTESIAN_POINT('',(-0.385804,0.181401540378));
#7011 = CARTESIAN_POINT('',(-0.310804,0.138100270189));
#7012 = CARTESIAN_POINT('',(-0.235804,9.4799E-02));
#7013 = CARTESIAN_POINT('',(-0.310804,5.149772981078E-02));
#7014 = CARTESIAN_POINT('',(-0.385804,8.196459621556E-03));
#7015 = CARTESIAN_POINT('',(-0.385804,9.4799E-02));
#7016 = ( GEOMETRIC_REPRESENTATION_CONTEXT(2) 
PARAMETRIC_REPRESENTATION_CONTEXT() REPRESENTATION_CONTEXT('2D SPACE',''
  ) );
#7017 = ADVANCED_FACE('',(#7018),#6953,.T.);
#7018 = FACE_BOUND('',#7019,.T.);
#7019 = EDGE_LOOP('',(#7020,#7043,#7044,#7067));
#7020 = ORIENTED_EDGE('',*,*,#7021,.T.);
#7021 = EDGE_CURVE('',#7022,#6936,#7024,.T.);
#7022 = VERTEX_POINT('',#7023);
#7023 = CARTESIAN_POINT('',(-3.265,-3.025,0.52));
#7024 = SURFACE_CURVE('',#7025,(#7029,#7036),.PCURVE_S1.);
#7025 = LINE('',#7026,#7027);
#7026 = CARTESIAN_POINT('',(-3.265,-3.025,0.52));
#7027 = VECTOR('',#7028,1.);
#7028 = DIRECTION('',(5.243344273594E-32,1.,0.));
#7029 = PCURVE('',#6953,#7030);
#7030 = DEFINITIONAL_REPRESENTATION('',(#7031),#7035);
#7031 = LINE('',#7032,#7033);
#7032 = CARTESIAN_POINT('',(0.1,-5.243344273595E-33));
#7033 = VECTOR('',#7034,1.);
#7034 = DIRECTION('',(-1.,-6.679536616831E-78));
#7035 = ( GEOMETRIC_REPRESENTATION_CONTEXT(2) 
PARAMETRIC_REPRESENTATION_CONTEXT() REPRESENTATION_CONTEXT('2D SPACE',''
  ) );
#7036 = PCURVE('',#6022,#7037);
#7037 = DEFINITIONAL_REPRESENTATION('',(#7038),#7042);
#7038 = LINE('',#7039,#7040);
#7039 = CARTESIAN_POINT('',(-0.435804,0.144799));
#7040 = VECTOR('',#7041,1.);
#7041 = DIRECTION('',(1.,0.));
#7042 = ( GEOMETRIC_REPRESENTATION_CONTEXT(2) 
PARAMETRIC_REPRESENTATION_CONTEXT() REPRESENTATION_CONTEXT('2D SPACE',''
  ) );
#7043 = ORIENTED_EDGE('',*,*,#6935,.T.);
#7044 = ORIENTED_EDGE('',*,*,#7045,.F.);
#7045 = EDGE_CURVE('',#7046,#6938,#7048,.T.);
#7046 = VERTEX_POINT('',#7047);
#7047 = CARTESIAN_POINT('',(-3.115,-3.025,0.52));
#7048 = SURFACE_CURVE('',#7049,(#7053,#7060),.PCURVE_S1.);
#7049 = LINE('',#7050,#7051);
#7050 = CARTESIAN_POINT('',(-3.115,-3.025,0.52));
#7051 = VECTOR('',#7052,1.);
#7052 = DIRECTION('',(5.243344273594E-32,1.,0.));
#7053 = PCURVE('',#6953,#7054);
#7054 = DEFINITIONAL_REPRESENTATION('',(#7055),#7059);
#7055 = LINE('',#7056,#7057);
#7056 = CARTESIAN_POINT('',(0.1,-0.15));
#7057 = VECTOR('',#7058,1.);
#7058 = DIRECTION('',(-1.,-6.679536616831E-78));
#7059 = ( GEOMETRIC_REPRESENTATION_CONTEXT(2) 
PARAMETRIC_REPRESENTATION_CONTEXT() REPRESENTATION_CONTEXT('2D SPACE',''
  ) );
#7060 = PCURVE('',#5966,#7061);
#7061 = DEFINITIONAL_REPRESENTATION('',(#7062),#7066);
#7062 = LINE('',#7063,#7064);
#7063 = CARTESIAN_POINT('',(-0.435804,0.144799));
#7064 = VECTOR('',#7065,1.);
#7065 = DIRECTION('',(1.,0.));
#7066 = ( GEOMETRIC_REPRESENTATION_CONTEXT(2) 
PARAMETRIC_REPRESENTATION_CONTEXT() REPRESENTATION_CONTEXT('2D SPACE',''
  ) );
#7067 = ORIENTED_EDGE('',*,*,#7068,.F.);
#7068 = EDGE_CURVE('',#7022,#7046,#7069,.T.);
#7069 = SURFACE_CURVE('',#7070,(#7074,#7081),.PCURVE_S1.);
#7070 = LINE('',#7071,#7072);
#7071 = CARTESIAN_POINT('',(-3.265,-3.025,0.52));
#7072 = VECTOR('',#7073,1.);
#7073 = DIRECTION('',(1.,-5.243344273594E-32,-2.289834988289E-16));
#7074 = PCURVE('',#6953,#7075);
#7075 = DEFINITIONAL_REPRESENTATION('',(#7076),#7080);
#7076 = LINE('',#7077,#7078);
#7077 = CARTESIAN_POINT('',(0.1,-5.243344273595E-33));
#7078 = VECTOR('',#7079,1.);
#7079 = DIRECTION('',(-6.679536616831E-78,-1.));
#7080 = ( GEOMETRIC_REPRESENTATION_CONTEXT(2) 
PARAMETRIC_REPRESENTATION_CONTEXT() REPRESENTATION_CONTEXT('2D SPACE',''
  ) );
#7081 = PCURVE('',#7082,#7087);
#7082 = PLANE('',#7083);
#7083 = AXIS2_PLACEMENT_3D('',#7084,#7085,#7086);
#7084 = CARTESIAN_POINT('',(-3.265,-3.025,0.52));
#7085 = DIRECTION('',(-5.243344273594E-32,-1.,1.200639317332E-47));
#7086 = DIRECTION('',(2.289834988289E-16,-2.917038411497E-62,1.));
#7087 = DEFINITIONAL_REPRESENTATION('',(#7088),#7092);
#7088 = LINE('',#7089,#7090);
#7089 = CARTESIAN_POINT('',(0.,0.));
#7090 = VECTOR('',#7091,1.);
#7091 = DIRECTION('',(0.,-1.));
#7092 = ( GEOMETRIC_REPRESENTATION_CONTEXT(2) 
PARAMETRIC_REPRESENTATION_CONTEXT() REPRESENTATION_CONTEXT('2D SPACE',''
  ) );
#7093 = ADVANCED_FACE('',(#7094),#7082,.T.);
#7094 = FACE_BOUND('',#7095,.T.);
#7095 = EDGE_LOOP('',(#7096,#7119,#7120,#7143));
#7096 = ORIENTED_EDGE('',*,*,#7097,.F.);
#7097 = EDGE_CURVE('',#7022,#7098,#7100,.T.);
#7098 = VERTEX_POINT('',#7099);
#7099 = CARTESIAN_POINT('',(-3.265,-3.025,0.82));
#7100 = SURFACE_CURVE('',#7101,(#7105,#7112),.PCURVE_S1.);
#7101 = LINE('',#7102,#7103);
#7102 = CARTESIAN_POINT('',(-3.265,-3.025,0.52));
#7103 = VECTOR('',#7104,1.);
#7104 = DIRECTION('',(2.289834988289E-16,0.,1.));
#7105 = PCURVE('',#7082,#7106);
#7106 = DEFINITIONAL_REPRESENTATION('',(#7107),#7111);
#7107 = LINE('',#7108,#7109);
#7108 = CARTESIAN_POINT('',(9.992007221626E-16,2.288004773932E-31));
#7109 = VECTOR('',#7110,1.);
#7110 = DIRECTION('',(1.,0.));
#7111 = ( GEOMETRIC_REPRESENTATION_CONTEXT(2) 
PARAMETRIC_REPRESENTATION_CONTEXT() REPRESENTATION_CONTEXT('2D SPACE',''
  ) );
#7112 = PCURVE('',#6022,#7113);
#7113 = DEFINITIONAL_REPRESENTATION('',(#7114),#7118);
#7114 = LINE('',#7115,#7116);
#7115 = CARTESIAN_POINT('',(-0.435804,0.144799));
#7116 = VECTOR('',#7117,1.);
#7117 = DIRECTION('',(1.200639317332E-47,1.));
#7118 = ( GEOMETRIC_REPRESENTATION_CONTEXT(2) 
PARAMETRIC_REPRESENTATION_CONTEXT() REPRESENTATION_CONTEXT('2D SPACE',''
  ) );
#7119 = ORIENTED_EDGE('',*,*,#7068,.T.);
#7120 = ORIENTED_EDGE('',*,*,#7121,.T.);
#7121 = EDGE_CURVE('',#7046,#7122,#7124,.T.);
#7122 = VERTEX_POINT('',#7123);
#7123 = CARTESIAN_POINT('',(-3.115,-3.025,0.82));
#7124 = SURFACE_CURVE('',#7125,(#7129,#7136),.PCURVE_S1.);
#7125 = LINE('',#7126,#7127);
#7126 = CARTESIAN_POINT('',(-3.115,-3.025,0.52));
#7127 = VECTOR('',#7128,1.);
#7128 = DIRECTION('',(2.289834988289E-16,0.,1.));
#7129 = PCURVE('',#7082,#7130);
#7130 = DEFINITIONAL_REPRESENTATION('',(#7131),#7135);
#7131 = LINE('',#7132,#7133);
#7132 = CARTESIAN_POINT('',(1.033548246987E-15,-0.15));
#7133 = VECTOR('',#7134,1.);
#7134 = DIRECTION('',(1.,0.));
#7135 = ( GEOMETRIC_REPRESENTATION_CONTEXT(2) 
PARAMETRIC_REPRESENTATION_CONTEXT() REPRESENTATION_CONTEXT('2D SPACE',''
  ) );
#7136 = PCURVE('',#5966,#7137);
#7137 = DEFINITIONAL_REPRESENTATION('',(#7138),#7142);
#7138 = LINE('',#7139,#7140);
#7139 = CARTESIAN_POINT('',(-0.435804,0.144799));
#7140 = VECTOR('',#7141,1.);
#7141 = DIRECTION('',(1.200639317332E-47,1.));
#7142 = ( GEOMETRIC_REPRESENTATION_CONTEXT(2) 
PARAMETRIC_REPRESENTATION_CONTEXT() REPRESENTATION_CONTEXT('2D SPACE',''
  ) );
#7143 = ORIENTED_EDGE('',*,*,#7144,.F.);
#7144 = EDGE_CURVE('',#7098,#7122,#7145,.T.);
#7145 = SURFACE_CURVE('',#7146,(#7150,#7157),.PCURVE_S1.);
#7146 = LINE('',#7147,#7148);
#7147 = CARTESIAN_POINT('',(-3.265,-3.025,0.82));
#7148 = VECTOR('',#7149,1.);
#7149 = DIRECTION('',(1.,-5.243344273594E-32,-2.289834988289E-16));
#7150 = PCURVE('',#7082,#7151);
#7151 = DEFINITIONAL_REPRESENTATION('',(#7152),#7156);
#7152 = LINE('',#7153,#7154);
#7153 = CARTESIAN_POINT('',(0.3,6.869504964868E-17));
#7154 = VECTOR('',#7155,1.);
#7155 = DIRECTION('',(0.,-1.));
#7156 = ( GEOMETRIC_REPRESENTATION_CONTEXT(2) 
PARAMETRIC_REPRESENTATION_CONTEXT() REPRESENTATION_CONTEXT('2D SPACE',''
  ) );
#7157 = PCURVE('',#6048,#7158);
#7158 = DEFINITIONAL_REPRESENTATION('',(#7159),#7163);
#7159 = LINE('',#7160,#7161);
#7160 = CARTESIAN_POINT('',(0.,0.));
#7161 = VECTOR('',#7162,1.);
#7162 = DIRECTION('',(6.679536616831E-78,-1.));
#7163 = ( GEOMETRIC_REPRESENTATION_CONTEXT(2) 
PARAMETRIC_REPRESENTATION_CONTEXT() REPRESENTATION_CONTEXT('2D SPACE',''
  ) );
#7164 = ADVANCED_FACE('',(#7165),#6162,.T.);
#7165 = FACE_BOUND('',#7166,.T.);
#7166 = EDGE_LOOP('',(#7167,#7190,#7218,#7239));
#7167 = ORIENTED_EDGE('',*,*,#7168,.T.);
#7168 = EDGE_CURVE('',#6112,#7169,#7171,.T.);
#7169 = VERTEX_POINT('',#7170);
#7170 = CARTESIAN_POINT('',(-3.265,-2.225,0.46));
#7171 = SURFACE_CURVE('',#7172,(#7176,#7183),.PCURVE_S1.);
#7172 = LINE('',#7173,#7174);
#7173 = CARTESIAN_POINT('',(-3.265,-2.225,0.841614));
#7174 = VECTOR('',#7175,1.);
#7175 = DIRECTION('',(2.289834988289E-16,2.289834988289E-16,1.));
#7176 = PCURVE('',#6162,#7177);
#7177 = DEFINITIONAL_REPRESENTATION('',(#7178),#7182);
#7178 = LINE('',#7179,#7180);
#7179 = CARTESIAN_POINT('',(-0.381614,8.738330892211E-17));
#7180 = VECTOR('',#7181,1.);
#7181 = DIRECTION('',(-1.,0.));
#7182 = ( GEOMETRIC_REPRESENTATION_CONTEXT(2) 
PARAMETRIC_REPRESENTATION_CONTEXT() REPRESENTATION_CONTEXT('2D SPACE',''
  ) );
#7183 = PCURVE('',#6022,#7184);
#7184 = DEFINITIONAL_REPRESENTATION('',(#7185),#7189);
#7185 = LINE('',#7186,#7187);
#7186 = CARTESIAN_POINT('',(0.364196,0.466413));
#7187 = VECTOR('',#7188,1.);
#7188 = DIRECTION('',(2.289834988289E-16,1.));
#7189 = ( GEOMETRIC_REPRESENTATION_CONTEXT(2) 
PARAMETRIC_REPRESENTATION_CONTEXT() REPRESENTATION_CONTEXT('2D SPACE',''
  ) );
#7190 = ORIENTED_EDGE('',*,*,#7191,.T.);
#7191 = EDGE_CURVE('',#7169,#7192,#7194,.T.);
#7192 = VERTEX_POINT('',#7193);
#7193 = CARTESIAN_POINT('',(-3.115,-2.225,0.46));
#7194 = SURFACE_CURVE('',#7195,(#7199,#7206),.PCURVE_S1.);
#7195 = LINE('',#7196,#7197);
#7196 = CARTESIAN_POINT('',(-3.265,-2.225,0.46));
#7197 = VECTOR('',#7198,1.);
#7198 = DIRECTION('',(1.,-5.243344273594E-32,-2.289834988289E-16));
#7199 = PCURVE('',#6162,#7200);
#7200 = DEFINITIONAL_REPRESENTATION('',(#7201),#7205);
#7201 = LINE('',#7202,#7203);
#7202 = CARTESIAN_POINT('',(9.992007221626E-16,-2.288004773932E-31));
#7203 = VECTOR('',#7204,1.);
#7204 = DIRECTION('',(0.,-1.));
#7205 = ( GEOMETRIC_REPRESENTATION_CONTEXT(2) 
PARAMETRIC_REPRESENTATION_CONTEXT() REPRESENTATION_CONTEXT('2D SPACE',''
  ) );
#7206 = PCURVE('',#7207,#7212);
#7207 = CYLINDRICAL_SURFACE('',#7208,5.E-02);
#7208 = AXIS2_PLACEMENT_3D('',#7209,#7210,#7211);
#7209 = CARTESIAN_POINT('',(-3.265,-2.175,0.46));
#7210 = DIRECTION('',(1.,-5.243344273594E-32,-2.289834988289E-16));
#7211 = DIRECTION('',(-2.080052407982E-46,1.,-2.289834988289E-16));
#7212 = DEFINITIONAL_REPRESENTATION('',(#7213),#7217);
#7213 = LINE('',#7214,#7215);
#7214 = CARTESIAN_POINT('',(3.14159265359,0.));
#7215 = VECTOR('',#7216,1.);
#7216 = DIRECTION('',(0.,1.));
#7217 = ( GEOMETRIC_REPRESENTATION_CONTEXT(2) 
PARAMETRIC_REPRESENTATION_CONTEXT() REPRESENTATION_CONTEXT('2D SPACE',''
  ) );
#7218 = ORIENTED_EDGE('',*,*,#7219,.F.);
#7219 = EDGE_CURVE('',#6147,#7192,#7220,.T.);
#7220 = SURFACE_CURVE('',#7221,(#7225,#7232),.PCURVE_S1.);
#7221 = LINE('',#7222,#7223);
#7222 = CARTESIAN_POINT('',(-3.115,-2.225,0.841614));
#7223 = VECTOR('',#7224,1.);
#7224 = DIRECTION('',(2.289834988289E-16,2.289834988289E-16,1.));
#7225 = PCURVE('',#6162,#7226);
#7226 = DEFINITIONAL_REPRESENTATION('',(#7227),#7231);
#7227 = LINE('',#7228,#7229);
#7228 = CARTESIAN_POINT('',(-0.381614,-0.15));
#7229 = VECTOR('',#7230,1.);
#7230 = DIRECTION('',(-1.,0.));
#7231 = ( GEOMETRIC_REPRESENTATION_CONTEXT(2) 
PARAMETRIC_REPRESENTATION_CONTEXT() REPRESENTATION_CONTEXT('2D SPACE',''
  ) );
#7232 = PCURVE('',#5966,#7233);
#7233 = DEFINITIONAL_REPRESENTATION('',(#7234),#7238);
#7234 = LINE('',#7235,#7236);
#7235 = CARTESIAN_POINT('',(0.364196,0.466413));
#7236 = VECTOR('',#7237,1.);
#7237 = DIRECTION('',(2.289834988289E-16,1.));
#7238 = ( GEOMETRIC_REPRESENTATION_CONTEXT(2) 
PARAMETRIC_REPRESENTATION_CONTEXT() REPRESENTATION_CONTEXT('2D SPACE',''
  ) );
#7239 = ORIENTED_EDGE('',*,*,#6146,.T.);
#7240 = ADVANCED_FACE('',(#7241),#6048,.T.);
#7241 = FACE_BOUND('',#7242,.T.);
#7242 = EDGE_LOOP('',(#7243,#7264,#7265,#7286));
#7243 = ORIENTED_EDGE('',*,*,#7244,.T.);
#7244 = EDGE_CURVE('',#6007,#7098,#7245,.T.);
#7245 = SURFACE_CURVE('',#7246,(#7250,#7257),.PCURVE_S1.);
#7246 = LINE('',#7247,#7248);
#7247 = CARTESIAN_POINT('',(-3.265,-0.430137,0.82));
#7248 = VECTOR('',#7249,1.);
#7249 = DIRECTION('',(0.,-1.,2.289834988289E-16));
#7250 = PCURVE('',#6048,#7251);
#7251 = DEFINITIONAL_REPRESENTATION('',(#7252),#7256);
#7252 = LINE('',#7253,#7254);
#7253 = CARTESIAN_POINT('',(2.594863,1.360576005181E-31));
#7254 = VECTOR('',#7255,1.);
#7255 = DIRECTION('',(-1.,2.080052407982E-46));
#7256 = ( GEOMETRIC_REPRESENTATION_CONTEXT(2) 
PARAMETRIC_REPRESENTATION_CONTEXT() REPRESENTATION_CONTEXT('2D SPACE',''
  ) );
#7257 = PCURVE('',#6022,#7258);
#7258 = DEFINITIONAL_REPRESENTATION('',(#7259),#7263);
#7259 = LINE('',#7260,#7261);
#7260 = CARTESIAN_POINT('',(2.159059,0.444799));
#7261 = VECTOR('',#7262,1.);
#7262 = DIRECTION('',(-1.,2.289834988289E-16));
#7263 = ( GEOMETRIC_REPRESENTATION_CONTEXT(2) 
PARAMETRIC_REPRESENTATION_CONTEXT() REPRESENTATION_CONTEXT('2D SPACE',''
  ) );
#7264 = ORIENTED_EDGE('',*,*,#7144,.T.);
#7265 = ORIENTED_EDGE('',*,*,#7266,.F.);
#7266 = EDGE_CURVE('',#5951,#7122,#7267,.T.);
#7267 = SURFACE_CURVE('',#7268,(#7272,#7279),.PCURVE_S1.);
#7268 = LINE('',#7269,#7270);
#7269 = CARTESIAN_POINT('',(-3.115,-0.430137,0.82));
#7270 = VECTOR('',#7271,1.);
#7271 = DIRECTION('',(0.,-1.,2.289834988289E-16));
#7272 = PCURVE('',#6048,#7273);
#7273 = DEFINITIONAL_REPRESENTATION('',(#7274),#7278);
#7274 = LINE('',#7275,#7276);
#7275 = CARTESIAN_POINT('',(2.594863,-0.15));
#7276 = VECTOR('',#7277,1.);
#7277 = DIRECTION('',(-1.,2.080052407982E-46));
#7278 = ( GEOMETRIC_REPRESENTATION_CONTEXT(2) 
PARAMETRIC_REPRESENTATION_CONTEXT() REPRESENTATION_CONTEXT('2D SPACE',''
  ) );
#7279 = PCURVE('',#5966,#7280);
#7280 = DEFINITIONAL_REPRESENTATION('',(#7281),#7285);
#7281 = LINE('',#7282,#7283);
#7282 = CARTESIAN_POINT('',(2.159059,0.444799));
#7283 = VECTOR('',#7284,1.);
#7284 = DIRECTION('',(-1.,2.289834988289E-16));
#7285 = ( GEOMETRIC_REPRESENTATION_CONTEXT(2) 
PARAMETRIC_REPRESENTATION_CONTEXT() REPRESENTATION_CONTEXT('2D SPACE',''
  ) );
#7286 = ORIENTED_EDGE('',*,*,#6034,.T.);
#7287 = ADVANCED_FACE('',(#7288),#5966,.T.);
#7288 = FACE_BOUND('',#7289,.T.);
#7289 = EDGE_LOOP('',(#7290,#7291,#7292,#7293,#7294,#7295,#7296,#7297,
    #7298,#7299,#7300,#7301,#7302,#7303,#7304,#7332,#7353,#7354));
#7290 = ORIENTED_EDGE('',*,*,#7121,.F.);
#7291 = ORIENTED_EDGE('',*,*,#7045,.T.);
#7292 = ORIENTED_EDGE('',*,*,#6965,.T.);
#7293 = ORIENTED_EDGE('',*,*,#6883,.F.);
#7294 = ORIENTED_EDGE('',*,*,#6803,.T.);
#7295 = ORIENTED_EDGE('',*,*,#6721,.T.);
#7296 = ORIENTED_EDGE('',*,*,#6645,.T.);
#7297 = ORIENTED_EDGE('',*,*,#6569,.F.);
#7298 = ORIENTED_EDGE('',*,*,#6489,.T.);
#7299 = ORIENTED_EDGE('',*,*,#6407,.F.);
#7300 = ORIENTED_EDGE('',*,*,#6331,.T.);
#7301 = ORIENTED_EDGE('',*,*,#6255,.T.);
#7302 = ORIENTED_EDGE('',*,*,#6174,.F.);
#7303 = ORIENTED_EDGE('',*,*,#7219,.T.);
#7304 = ORIENTED_EDGE('',*,*,#7305,.T.);
#7305 = EDGE_CURVE('',#7192,#7306,#7308,.T.);
#7306 = VERTEX_POINT('',#7307);
#7307 = CARTESIAN_POINT('',(-3.115,-2.175,0.51));
#7308 = SURFACE_CURVE('',#7309,(#7314,#7325),.PCURVE_S1.);
#7309 = CIRCLE('',#7310,5.E-02);
#7310 = AXIS2_PLACEMENT_3D('',#7311,#7312,#7313);
#7311 = CARTESIAN_POINT('',(-3.115,-2.175,0.46));
#7312 = DIRECTION('',(-1.,5.243344273594E-32,2.289834988289E-16));
#7313 = DIRECTION('',(-2.080052407982E-46,1.,-2.289834988289E-16));
#7314 = PCURVE('',#5966,#7315);
#7315 = DEFINITIONAL_REPRESENTATION('',(#7316),#7324);
#7316 = ( BOUNDED_CURVE() B_SPLINE_CURVE(2,(#7317,#7318,#7319,#7320,
#7321,#7322,#7323),.UNSPECIFIED.,.T.,.F.) B_SPLINE_CURVE_WITH_KNOTS((1,2
    ,2,2,2,1),(-2.094395102393,0.,2.094395102393,4.188790204786,
6.28318530718,8.377580409573),.UNSPECIFIED.) CURVE() 
GEOMETRIC_REPRESENTATION_ITEM() RATIONAL_B_SPLINE_CURVE((1.,0.5,1.,0.5,
1.,0.5,1.)) REPRESENTATION_ITEM('') );
#7317 = CARTESIAN_POINT('',(0.464196,8.4799E-02));
#7318 = CARTESIAN_POINT('',(0.464196,-1.803540378445E-03));
#7319 = CARTESIAN_POINT('',(0.389196,4.149772981078E-02));
#7320 = CARTESIAN_POINT('',(0.314196,8.4799E-02));
#7321 = CARTESIAN_POINT('',(0.389196,0.128100270189));
#7322 = CARTESIAN_POINT('',(0.464196,0.171401540378));
#7323 = CARTESIAN_POINT('',(0.464196,8.4799E-02));
#7324 = ( GEOMETRIC_REPRESENTATION_CONTEXT(2) 
PARAMETRIC_REPRESENTATION_CONTEXT() REPRESENTATION_CONTEXT('2D SPACE',''
  ) );
#7325 = PCURVE('',#7207,#7326);
#7326 = DEFINITIONAL_REPRESENTATION('',(#7327),#7331);
#7327 = LINE('',#7328,#7329);
#7328 = CARTESIAN_POINT('',(6.28318530718,0.15));
#7329 = VECTOR('',#7330,1.);
#7330 = DIRECTION('',(-1.,0.));
#7331 = ( GEOMETRIC_REPRESENTATION_CONTEXT(2) 
PARAMETRIC_REPRESENTATION_CONTEXT() REPRESENTATION_CONTEXT('2D SPACE',''
  ) );
#7332 = ORIENTED_EDGE('',*,*,#7333,.T.);
#7333 = EDGE_CURVE('',#7306,#5949,#7334,.T.);
#7334 = SURFACE_CURVE('',#7335,(#7339,#7346),.PCURVE_S1.);
#7335 = LINE('',#7336,#7337);
#7336 = CARTESIAN_POINT('',(-3.115,-0.430137,0.51));
#7337 = VECTOR('',#7338,1.);
#7338 = DIRECTION('',(0.,1.,-2.289834988289E-16));
#7339 = PCURVE('',#5966,#7340);
#7340 = DEFINITIONAL_REPRESENTATION('',(#7341),#7345);
#7341 = LINE('',#7342,#7343);
#7342 = CARTESIAN_POINT('',(2.159059,0.134799));
#7343 = VECTOR('',#7344,1.);
#7344 = DIRECTION('',(1.,-2.289834988289E-16));
#7345 = ( GEOMETRIC_REPRESENTATION_CONTEXT(2) 
PARAMETRIC_REPRESENTATION_CONTEXT() REPRESENTATION_CONTEXT('2D SPACE',''
  ) );
#7346 = PCURVE('',#5994,#7347);
#7347 = DEFINITIONAL_REPRESENTATION('',(#7348),#7352);
#7348 = LINE('',#7349,#7350);
#7349 = CARTESIAN_POINT('',(1.794863,-0.15));
#7350 = VECTOR('',#7351,1.);
#7351 = DIRECTION('',(1.,0.));
#7352 = ( GEOMETRIC_REPRESENTATION_CONTEXT(2) 
PARAMETRIC_REPRESENTATION_CONTEXT() REPRESENTATION_CONTEXT('2D SPACE',''
  ) );
#7353 = ORIENTED_EDGE('',*,*,#5948,.T.);
#7354 = ORIENTED_EDGE('',*,*,#7266,.T.);
#7355 = ADVANCED_FACE('',(#7356),#6022,.F.);
#7356 = FACE_BOUND('',#7357,.T.);
#7357 = EDGE_LOOP('',(#7358,#7359,#7360,#7361,#7362,#7363,#7364,#7365,
    #7366,#7367,#7368,#7369,#7370,#7371,#7372,#7373,#7374,#7397));
#7358 = ORIENTED_EDGE('',*,*,#7168,.F.);
#7359 = ORIENTED_EDGE('',*,*,#6111,.T.);
#7360 = ORIENTED_EDGE('',*,*,#6231,.F.);
#7361 = ORIENTED_EDGE('',*,*,#6307,.F.);
#7362 = ORIENTED_EDGE('',*,*,#6383,.T.);
#7363 = ORIENTED_EDGE('',*,*,#6516,.F.);
#7364 = ORIENTED_EDGE('',*,*,#6545,.T.);
#7365 = ORIENTED_EDGE('',*,*,#6621,.F.);
#7366 = ORIENTED_EDGE('',*,*,#6697,.F.);
#7367 = ORIENTED_EDGE('',*,*,#6830,.F.);
#7368 = ORIENTED_EDGE('',*,*,#6859,.T.);
#7369 = ORIENTED_EDGE('',*,*,#6992,.F.);
#7370 = ORIENTED_EDGE('',*,*,#7021,.F.);
#7371 = ORIENTED_EDGE('',*,*,#7097,.T.);
#7372 = ORIENTED_EDGE('',*,*,#7244,.F.);
#7373 = ORIENTED_EDGE('',*,*,#6006,.F.);
#7374 = ORIENTED_EDGE('',*,*,#7375,.F.);
#7375 = EDGE_CURVE('',#7376,#5979,#7378,.T.);
#7376 = VERTEX_POINT('',#7377);
#7377 = CARTESIAN_POINT('',(-3.265,-2.175,0.51));
#7378 = SURFACE_CURVE('',#7379,(#7383,#7390),.PCURVE_S1.);
#7379 = LINE('',#7380,#7381);
#7380 = CARTESIAN_POINT('',(-3.265,-0.430137,0.51));
#7381 = VECTOR('',#7382,1.);
#7382 = DIRECTION('',(0.,1.,-2.289834988289E-16));
#7383 = PCURVE('',#6022,#7384);
#7384 = DEFINITIONAL_REPRESENTATION('',(#7385),#7389);
#7385 = LINE('',#7386,#7387);
#7386 = CARTESIAN_POINT('',(2.159059,0.134799));
#7387 = VECTOR('',#7388,1.);
#7388 = DIRECTION('',(1.,-2.289834988289E-16));
#7389 = ( GEOMETRIC_REPRESENTATION_CONTEXT(2) 
PARAMETRIC_REPRESENTATION_CONTEXT() REPRESENTATION_CONTEXT('2D SPACE',''
  ) );
#7390 = PCURVE('',#5994,#7391);
#7391 = DEFINITIONAL_REPRESENTATION('',(#7392),#7396);
#7392 = LINE('',#7393,#7394);
#7393 = CARTESIAN_POINT('',(1.794863,-7.578254734284E-33));
#7394 = VECTOR('',#7395,1.);
#7395 = DIRECTION('',(1.,0.));
#7396 = ( GEOMETRIC_REPRESENTATION_CONTEXT(2) 
PARAMETRIC_REPRESENTATION_CONTEXT() REPRESENTATION_CONTEXT('2D SPACE',''
  ) );
#7397 = ORIENTED_EDGE('',*,*,#7398,.F.);
#7398 = EDGE_CURVE('',#7169,#7376,#7399,.T.);
#7399 = SURFACE_CURVE('',#7400,(#7405,#7416),.PCURVE_S1.);
#7400 = CIRCLE('',#7401,5.E-02);
#7401 = AXIS2_PLACEMENT_3D('',#7402,#7403,#7404);
#7402 = CARTESIAN_POINT('',(-3.265,-2.175,0.46));
#7403 = DIRECTION('',(-1.,5.243344273594E-32,2.289834988289E-16));
#7404 = DIRECTION('',(-2.080052407982E-46,1.,-2.289834988289E-16));
#7405 = PCURVE('',#6022,#7406);
#7406 = DEFINITIONAL_REPRESENTATION('',(#7407),#7415);
#7407 = ( BOUNDED_CURVE() B_SPLINE_CURVE(2,(#7408,#7409,#7410,#7411,
#7412,#7413,#7414),.UNSPECIFIED.,.T.,.F.) B_SPLINE_CURVE_WITH_KNOTS((1,2
    ,2,2,2,1),(-2.094395102393,0.,2.094395102393,4.188790204786,
6.28318530718,8.377580409573),.UNSPECIFIED.) CURVE() 
GEOMETRIC_REPRESENTATION_ITEM() RATIONAL_B_SPLINE_CURVE((1.,0.5,1.,0.5,
1.,0.5,1.)) REPRESENTATION_ITEM('') );
#7408 = CARTESIAN_POINT('',(0.464196,8.4799E-02));
#7409 = CARTESIAN_POINT('',(0.464196,-1.803540378445E-03));
#7410 = CARTESIAN_POINT('',(0.389196,4.149772981078E-02));
#7411 = CARTESIAN_POINT('',(0.314196,8.4799E-02));
#7412 = CARTESIAN_POINT('',(0.389196,0.128100270189));
#7413 = CARTESIAN_POINT('',(0.464196,0.171401540378));
#7414 = CARTESIAN_POINT('',(0.464196,8.4799E-02));
#7415 = ( GEOMETRIC_REPRESENTATION_CONTEXT(2) 
PARAMETRIC_REPRESENTATION_CONTEXT() REPRESENTATION_CONTEXT('2D SPACE',''
  ) );
#7416 = PCURVE('',#7207,#7417);
#7417 = DEFINITIONAL_REPRESENTATION('',(#7418),#7422);
#7418 = LINE('',#7419,#7420);
#7419 = CARTESIAN_POINT('',(6.28318530718,0.));
#7420 = VECTOR('',#7421,1.);
#7421 = DIRECTION('',(-1.,0.));
#7422 = ( GEOMETRIC_REPRESENTATION_CONTEXT(2) 
PARAMETRIC_REPRESENTATION_CONTEXT() REPRESENTATION_CONTEXT('2D SPACE',''
  ) );
#7423 = ADVANCED_FACE('',(#7424),#5994,.F.);
#7424 = FACE_BOUND('',#7425,.T.);
#7425 = EDGE_LOOP('',(#7426,#7427,#7428,#7429));
#7426 = ORIENTED_EDGE('',*,*,#7375,.T.);
#7427 = ORIENTED_EDGE('',*,*,#5978,.T.);
#7428 = ORIENTED_EDGE('',*,*,#7333,.F.);
#7429 = ORIENTED_EDGE('',*,*,#7430,.T.);
#7430 = EDGE_CURVE('',#7306,#7376,#7431,.T.);
#7431 = SURFACE_CURVE('',#7432,(#7436,#7443),.PCURVE_S1.);
#7432 = LINE('',#7433,#7434);
#7433 = CARTESIAN_POINT('',(-3.11494,-2.175,0.51));
#7434 = VECTOR('',#7435,1.);
#7435 = DIRECTION('',(-1.,5.243344273594E-32,2.289834988289E-16));
#7436 = PCURVE('',#5994,#7437);
#7437 = DEFINITIONAL_REPRESENTATION('',(#7438),#7442);
#7438 = LINE('',#7439,#7440);
#7439 = CARTESIAN_POINT('',(5.E-02,-0.15006));
#7440 = VECTOR('',#7441,1.);
#7441 = DIRECTION('',(-2.080052407982E-46,1.));
#7442 = ( GEOMETRIC_REPRESENTATION_CONTEXT(2) 
PARAMETRIC_REPRESENTATION_CONTEXT() REPRESENTATION_CONTEXT('2D SPACE',''
  ) );
#7443 = PCURVE('',#7207,#7444);
#7444 = DEFINITIONAL_REPRESENTATION('',(#7445),#7449);
#7445 = LINE('',#7446,#7447);
#7446 = CARTESIAN_POINT('',(1.570796326795,0.15006));
#7447 = VECTOR('',#7448,1.);
#7448 = DIRECTION('',(0.,-1.));
#7449 = ( GEOMETRIC_REPRESENTATION_CONTEXT(2) 
PARAMETRIC_REPRESENTATION_CONTEXT() REPRESENTATION_CONTEXT('2D SPACE',''
  ) );
#7450 = ADVANCED_FACE('',(#7451),#7207,.F.);
#7451 = FACE_BOUND('',#7452,.F.);
#7452 = EDGE_LOOP('',(#7453,#7454,#7455,#7456));
#7453 = ORIENTED_EDGE('',*,*,#7430,.T.);
#7454 = ORIENTED_EDGE('',*,*,#7398,.F.);
#7455 = ORIENTED_EDGE('',*,*,#7191,.T.);
#7456 = ORIENTED_EDGE('',*,*,#7305,.T.);
#7457 = ADVANCED_FACE('',(#7458),#911,.F.);
#7458 = FACE_BOUND('',#7459,.T.);
#7459 = EDGE_LOOP('',(#7460,#7461,#7462,#7463,#7464,#7465));
#7460 = ORIENTED_EDGE('',*,*,#1788,.T.);
#7461 = ORIENTED_EDGE('',*,*,#888,.F.);
#7462 = ORIENTED_EDGE('',*,*,#5089,.T.);
#7463 = ORIENTED_EDGE('',*,*,#4967,.T.);
#7464 = ORIENTED_EDGE('',*,*,#6085,.F.);
#7465 = ORIENTED_EDGE('',*,*,#7466,.T.);
#7466 = EDGE_CURVE('',#6063,#1789,#7467,.T.);
#7467 = SURFACE_CURVE('',#7468,(#7472,#7479),.PCURVE_S1.);
#7468 = LINE('',#7469,#7470);
#7469 = CARTESIAN_POINT('',(-3.5,-0.430137,1.));
#7470 = VECTOR('',#7471,1.);
#7471 = DIRECTION('',(0.,1.,-2.289834988289E-16));
#7472 = PCURVE('',#911,#7473);
#7473 = DEFINITIONAL_REPRESENTATION('',(#7474),#7478);
#7474 = LINE('',#7475,#7476);
#7475 = CARTESIAN_POINT('',(-1.687173024987E-17,0.158386));
#7476 = VECTOR('',#7477,1.);
#7477 = DIRECTION('',(1.,-1.224606353822E-16));
#7478 = ( GEOMETRIC_REPRESENTATION_CONTEXT(2) 
PARAMETRIC_REPRESENTATION_CONTEXT() REPRESENTATION_CONTEXT('2D SPACE',''
  ) );
#7479 = PCURVE('',#44,#7480);
#7480 = DEFINITIONAL_REPRESENTATION('',(#7481),#7485);
#7481 = LINE('',#7482,#7483);
#7482 = CARTESIAN_POINT('',(-2.188730268294,38.176624388842));
#7483 = VECTOR('',#7484,1.);
#7484 = DIRECTION('',(-1.,0.));
#7485 = ( GEOMETRIC_REPRESENTATION_CONTEXT(2) 
PARAMETRIC_REPRESENTATION_CONTEXT() REPRESENTATION_CONTEXT('2D SPACE',''
  ) );
#7486 = ADVANCED_FACE('',(#7487),#1731,.T.);
#7487 = FACE_BOUND('',#7488,.T.);
#7488 = EDGE_LOOP('',(#7489,#7490,#7513,#7541));
#7489 = ORIENTED_EDGE('',*,*,#1715,.F.);
#7490 = ORIENTED_EDGE('',*,*,#7491,.F.);
#7491 = EDGE_CURVE('',#7492,#1688,#7494,.T.);
#7492 = VERTEX_POINT('',#7493);
#7493 = CARTESIAN_POINT('',(-2.4,-0.205,8.E-02));
#7494 = SURFACE_CURVE('',#7495,(#7499,#7506),.PCURVE_S1.);
#7495 = LINE('',#7496,#7497);
#7496 = CARTESIAN_POINT('',(-2.4,-0.430137,8.E-02));
#7497 = VECTOR('',#7498,1.);
#7498 = DIRECTION('',(-1.224606353822E-16,1.,-2.289834988289E-16));
#7499 = PCURVE('',#1731,#7500);
#7500 = DEFINITIONAL_REPRESENTATION('',(#7501),#7505);
#7501 = LINE('',#7502,#7503);
#7502 = CARTESIAN_POINT('',(3.535533905933E-02,0.155137));
#7503 = VECTOR('',#7504,1.);
#7504 = DIRECTION('',(-8.659274570719E-17,-1.));
#7505 = ( GEOMETRIC_REPRESENTATION_CONTEXT(2) 
PARAMETRIC_REPRESENTATION_CONTEXT() REPRESENTATION_CONTEXT('2D SPACE',''
  ) );
#7506 = PCURVE('',#1703,#7507);
#7507 = DEFINITIONAL_REPRESENTATION('',(#7508),#7512);
#7508 = LINE('',#7509,#7510);
#7509 = CARTESIAN_POINT('',(0.305137,-0.2375));
#7510 = VECTOR('',#7511,1.);
#7511 = DIRECTION('',(-1.,-1.224606353822E-16));
#7512 = ( GEOMETRIC_REPRESENTATION_CONTEXT(2) 
PARAMETRIC_REPRESENTATION_CONTEXT() REPRESENTATION_CONTEXT('2D SPACE',''
  ) );
#7513 = ORIENTED_EDGE('',*,*,#7514,.F.);
#7514 = EDGE_CURVE('',#7515,#7492,#7517,.T.);
#7515 = VERTEX_POINT('',#7516);
#7516 = CARTESIAN_POINT('',(-2.45,-0.425,3.E-02));
#7517 = SURFACE_CURVE('',#7518,(#7522,#7529),.PCURVE_S1.);
#7518 = LINE('',#7519,#7520);
#7519 = CARTESIAN_POINT('',(-2.4511675,-0.430137,2.88325E-02));
#7520 = VECTOR('',#7521,1.);
#7521 = DIRECTION('',(0.216371161204,0.952033109297,0.216371161204));
#7522 = PCURVE('',#1731,#7523);
#7523 = DEFINITIONAL_REPRESENTATION('',(#7524),#7528);
#7524 = LINE('',#7525,#7526);
#7525 = CARTESIAN_POINT('',(-3.70064333934E-02,0.155137));
#7526 = VECTOR('',#7527,1.);
#7527 = DIRECTION('',(0.305995030681,-0.952033109297));
#7528 = ( GEOMETRIC_REPRESENTATION_CONTEXT(2) 
PARAMETRIC_REPRESENTATION_CONTEXT() REPRESENTATION_CONTEXT('2D SPACE',''
  ) );
#7529 = PCURVE('',#7530,#7535);
#7530 = PLANE('',#7531);
#7531 = AXIS2_PLACEMENT_3D('',#7532,#7533,#7534);
#7532 = CARTESIAN_POINT('',(-2.3375,-0.205,8.E-02));
#7533 = DIRECTION('',(-2.232893331422E-16,0.221621103589,-0.975132855791
    ));
#7534 = DIRECTION('',(-5.074757571413E-17,-0.975132855791,
    -0.221621103589));
#7535 = DEFINITIONAL_REPRESENTATION('',(#7536),#7540);
#7536 = LINE('',#7537,#7538);
#7537 = CARTESIAN_POINT('',(0.230878283572,0.1136675));
#7538 = VECTOR('',#7539,1.);
#7539 = DIRECTION('',(-0.976311180208,-0.216371161204));
#7540 = ( GEOMETRIC_REPRESENTATION_CONTEXT(2) 
PARAMETRIC_REPRESENTATION_CONTEXT() REPRESENTATION_CONTEXT('2D SPACE',''
  ) );
#7541 = ORIENTED_EDGE('',*,*,#7542,.F.);
#7542 = EDGE_CURVE('',#1716,#7515,#7543,.T.);
#7543 = SURFACE_CURVE('',#7544,(#7548,#7555),.PCURVE_S1.);
#7544 = LINE('',#7545,#7546);
#7545 = CARTESIAN_POINT('',(-2.45,-0.430137,3.E-02));
#7546 = VECTOR('',#7547,1.);
#7547 = DIRECTION('',(-3.675722875075E-32,-1.,1.065228634467E-16));
#7548 = PCURVE('',#1731,#7549);
#7549 = DEFINITIONAL_REPRESENTATION('',(#7550),#7554);
#7550 = LINE('',#7551,#7552);
#7551 = CARTESIAN_POINT('',(-3.535533905933E-02,0.155137));
#7552 = VECTOR('',#7553,1.);
#7553 = DIRECTION('',(-8.659274570719E-17,1.));
#7554 = ( GEOMETRIC_REPRESENTATION_CONTEXT(2) 
PARAMETRIC_REPRESENTATION_CONTEXT() REPRESENTATION_CONTEXT('2D SPACE',''
  ) );
#7555 = PCURVE('',#649,#7556);
#7556 = DEFINITIONAL_REPRESENTATION('',(#7557),#7561);
#7557 = LINE('',#7558,#7559);
#7558 = CARTESIAN_POINT('',(0.305137,-44.6525));
#7559 = VECTOR('',#7560,1.);
#7560 = DIRECTION('',(1.,8.715763992105E-33));
#7561 = ( GEOMETRIC_REPRESENTATION_CONTEXT(2) 
PARAMETRIC_REPRESENTATION_CONTEXT() REPRESENTATION_CONTEXT('2D SPACE',''
  ) );
#7562 = ADVANCED_FACE('',(#7563),#7530,.T.);
#7563 = FACE_BOUND('',#7564,.T.);
#7564 = EDGE_LOOP('',(#7565,#7588,#7611,#7632));
#7565 = ORIENTED_EDGE('',*,*,#7566,.F.);
#7566 = EDGE_CURVE('',#7567,#7492,#7569,.T.);
#7567 = VERTEX_POINT('',#7568);
#7568 = CARTESIAN_POINT('',(-2.1,-0.205,8.E-02));
#7569 = SURFACE_CURVE('',#7570,(#7574,#7581),.PCURVE_S1.);
#7570 = LINE('',#7571,#7572);
#7571 = CARTESIAN_POINT('',(-18.,-0.205,8.E-02));
#7572 = VECTOR('',#7573,1.);
#7573 = DIRECTION('',(-1.,5.243344273594E-32,2.289834988289E-16));
#7574 = PCURVE('',#7530,#7575);
#7575 = DEFINITIONAL_REPRESENTATION('',(#7576),#7580);
#7576 = LINE('',#7577,#7578);
#7577 = CARTESIAN_POINT('',(-2.881462727102E-17,15.6625));
#7578 = VECTOR('',#7579,1.);
#7579 = DIRECTION('',(-1.848892746612E-31,1.));
#7580 = ( GEOMETRIC_REPRESENTATION_CONTEXT(2) 
PARAMETRIC_REPRESENTATION_CONTEXT() REPRESENTATION_CONTEXT('2D SPACE',''
  ) );
#7581 = PCURVE('',#1703,#7582);
#7582 = DEFINITIONAL_REPRESENTATION('',(#7583),#7587);
#7583 = LINE('',#7584,#7585);
#7584 = CARTESIAN_POINT('',(8.E-02,-15.8375));
#7585 = VECTOR('',#7586,1.);
#7586 = DIRECTION('',(2.080052407982E-46,-1.));
#7587 = ( GEOMETRIC_REPRESENTATION_CONTEXT(2) 
PARAMETRIC_REPRESENTATION_CONTEXT() REPRESENTATION_CONTEXT('2D SPACE',''
  ) );
#7588 = ORIENTED_EDGE('',*,*,#7589,.F.);
#7589 = EDGE_CURVE('',#7590,#7567,#7592,.T.);
#7590 = VERTEX_POINT('',#7591);
#7591 = CARTESIAN_POINT('',(-2.05,-0.425,3.E-02));
#7592 = SURFACE_CURVE('',#7593,(#7597,#7604),.PCURVE_S1.);
#7593 = LINE('',#7594,#7595);
#7594 = CARTESIAN_POINT('',(-2.0488325,-0.430137,2.88325E-02));
#7595 = VECTOR('',#7596,1.);
#7596 = DIRECTION('',(-0.216371161204,0.952033109297,0.216371161204));
#7597 = PCURVE('',#7530,#7598);
#7598 = DEFINITIONAL_REPRESENTATION('',(#7599),#7603);
#7599 = LINE('',#7600,#7601);
#7600 = CARTESIAN_POINT('',(0.230878283572,-0.2886675));
#7601 = VECTOR('',#7602,1.);
#7602 = DIRECTION('',(-0.976311180208,0.216371161204));
#7603 = ( GEOMETRIC_REPRESENTATION_CONTEXT(2) 
PARAMETRIC_REPRESENTATION_CONTEXT() REPRESENTATION_CONTEXT('2D SPACE',''
  ) );
#7604 = PCURVE('',#2592,#7605);
#7605 = DEFINITIONAL_REPRESENTATION('',(#7606),#7610);
#7606 = LINE('',#7607,#7608);
#7607 = CARTESIAN_POINT('',(3.70064333934E-02,0.155137));
#7608 = VECTOR('',#7609,1.);
#7609 = DIRECTION('',(-0.305995030681,-0.952033109297));
#7610 = ( GEOMETRIC_REPRESENTATION_CONTEXT(2) 
PARAMETRIC_REPRESENTATION_CONTEXT() REPRESENTATION_CONTEXT('2D SPACE',''
  ) );
#7611 = ORIENTED_EDGE('',*,*,#7612,.T.);
#7612 = EDGE_CURVE('',#7590,#7515,#7613,.T.);
#7613 = SURFACE_CURVE('',#7614,(#7618,#7625),.PCURVE_S1.);
#7614 = LINE('',#7615,#7616);
#7615 = CARTESIAN_POINT('',(13.5,-0.425,3.E-02));
#7616 = VECTOR('',#7617,1.);
#7617 = DIRECTION('',(-1.,5.243344273594E-32,2.289834988289E-16));
#7618 = PCURVE('',#7530,#7619);
#7619 = DEFINITIONAL_REPRESENTATION('',(#7620),#7624);
#7620 = LINE('',#7621,#7622);
#7621 = CARTESIAN_POINT('',(0.225610283454,-15.8375));
#7622 = VECTOR('',#7623,1.);
#7623 = DIRECTION('',(-1.848892746612E-31,1.));
#7624 = ( GEOMETRIC_REPRESENTATION_CONTEXT(2) 
PARAMETRIC_REPRESENTATION_CONTEXT() REPRESENTATION_CONTEXT('2D SPACE',''
  ) );
#7625 = PCURVE('',#649,#7626);
#7626 = DEFINITIONAL_REPRESENTATION('',(#7627),#7631);
#7627 = LINE('',#7628,#7629);
#7628 = CARTESIAN_POINT('',(0.3,-60.6025));
#7629 = VECTOR('',#7630,1.);
#7630 = DIRECTION('',(9.031806508344E-47,1.));
#7631 = ( GEOMETRIC_REPRESENTATION_CONTEXT(2) 
PARAMETRIC_REPRESENTATION_CONTEXT() REPRESENTATION_CONTEXT('2D SPACE',''
  ) );
#7632 = ORIENTED_EDGE('',*,*,#7514,.T.);
#7633 = ADVANCED_FACE('',(#7634),#2592,.T.);
#7634 = FACE_BOUND('',#7635,.T.);
#7635 = EDGE_LOOP('',(#7636,#7657,#7658,#7679));
#7636 = ORIENTED_EDGE('',*,*,#7637,.F.);
#7637 = EDGE_CURVE('',#2577,#7567,#7638,.T.);
#7638 = SURFACE_CURVE('',#7639,(#7643,#7650),.PCURVE_S1.);
#7639 = LINE('',#7640,#7641);
#7640 = CARTESIAN_POINT('',(-2.1,-0.430137,8.E-02));
#7641 = VECTOR('',#7642,1.);
#7642 = DIRECTION('',(-1.224606353822E-16,-1.,2.289834988289E-16));
#7643 = PCURVE('',#2592,#7644);
#7644 = DEFINITIONAL_REPRESENTATION('',(#7645),#7649);
#7645 = LINE('',#7646,#7647);
#7646 = CARTESIAN_POINT('',(-3.535533905933E-02,0.155137));
#7647 = VECTOR('',#7648,1.);
#7648 = DIRECTION('',(-8.716389750491E-16,1.));
#7649 = ( GEOMETRIC_REPRESENTATION_CONTEXT(2) 
PARAMETRIC_REPRESENTATION_CONTEXT() REPRESENTATION_CONTEXT('2D SPACE',''
  ) );
#7650 = PCURVE('',#1703,#7651);
#7651 = DEFINITIONAL_REPRESENTATION('',(#7652),#7656);
#7652 = LINE('',#7653,#7654);
#7653 = CARTESIAN_POINT('',(0.305137,6.25E-02));
#7654 = VECTOR('',#7655,1.);
#7655 = DIRECTION('',(1.,-1.224606353822E-16));
#7656 = ( GEOMETRIC_REPRESENTATION_CONTEXT(2) 
PARAMETRIC_REPRESENTATION_CONTEXT() REPRESENTATION_CONTEXT('2D SPACE',''
  ) );
#7657 = ORIENTED_EDGE('',*,*,#2576,.F.);
#7658 = ORIENTED_EDGE('',*,*,#7659,.F.);
#7659 = EDGE_CURVE('',#7590,#2554,#7660,.T.);
#7660 = SURFACE_CURVE('',#7661,(#7665,#7672),.PCURVE_S1.);
#7661 = LINE('',#7662,#7663);
#7662 = CARTESIAN_POINT('',(-2.05,-0.430137,3.E-02));
#7663 = VECTOR('',#7664,1.);
#7664 = DIRECTION('',(1.932570076653E-32,1.,-1.065228634467E-16));
#7665 = PCURVE('',#2592,#7666);
#7666 = DEFINITIONAL_REPRESENTATION('',(#7667),#7671);
#7667 = LINE('',#7668,#7669);
#7668 = CARTESIAN_POINT('',(3.535533905933E-02,0.155137));
#7669 = VECTOR('',#7670,1.);
#7670 = DIRECTION('',(6.984534836347E-16,-1.));
#7671 = ( GEOMETRIC_REPRESENTATION_CONTEXT(2) 
PARAMETRIC_REPRESENTATION_CONTEXT() REPRESENTATION_CONTEXT('2D SPACE',''
  ) );
#7672 = PCURVE('',#649,#7673);
#7673 = DEFINITIONAL_REPRESENTATION('',(#7674),#7678);
#7674 = LINE('',#7675,#7676);
#7675 = CARTESIAN_POINT('',(0.305137,-45.0525));
#7676 = VECTOR('',#7677,1.);
#7677 = DIRECTION('',(-1.,8.715763992105E-33));
#7678 = ( GEOMETRIC_REPRESENTATION_CONTEXT(2) 
PARAMETRIC_REPRESENTATION_CONTEXT() REPRESENTATION_CONTEXT('2D SPACE',''
  ) );
#7679 = ORIENTED_EDGE('',*,*,#7589,.T.);
#7680 = ADVANCED_FACE('',(#7681),#1703,.F.);
#7681 = FACE_BOUND('',#7682,.T.);
#7682 = EDGE_LOOP('',(#7683,#7684,#7685,#7686,#7687,#7688));
#7683 = ORIENTED_EDGE('',*,*,#7566,.T.);
#7684 = ORIENTED_EDGE('',*,*,#7491,.T.);
#7685 = ORIENTED_EDGE('',*,*,#1687,.F.);
#7686 = ORIENTED_EDGE('',*,*,#2191,.F.);
#7687 = ORIENTED_EDGE('',*,*,#2604,.F.);
#7688 = ORIENTED_EDGE('',*,*,#7637,.T.);
#7689 = ADVANCED_FACE('',(#7690),#675,.T.);
#7690 = FACE_BOUND('',#7691,.T.);
#7691 = EDGE_LOOP('',(#7692,#7715,#7736,#7737));
#7692 = ORIENTED_EDGE('',*,*,#7693,.T.);
#7693 = EDGE_CURVE('',#634,#7694,#7696,.T.);
#7694 = VERTEX_POINT('',#7695);
#7695 = CARTESIAN_POINT('',(-1.95,-0.425,3.E-02));
#7696 = SURFACE_CURVE('',#7697,(#7701,#7708),.PCURVE_S1.);
#7697 = LINE('',#7698,#7699);
#7698 = CARTESIAN_POINT('',(0.5,-0.425,3.E-02));
#7699 = VECTOR('',#7700,1.);
#7700 = DIRECTION('',(-1.,5.243344273594E-32,2.289834988289E-16));
#7701 = PCURVE('',#675,#7702);
#7702 = DEFINITIONAL_REPRESENTATION('',(#7703),#7707);
#7703 = LINE('',#7704,#7705);
#7704 = CARTESIAN_POINT('',(0.225610283454,-2.3375));
#7705 = VECTOR('',#7706,1.);
#7706 = DIRECTION('',(-1.848892746612E-31,1.));
#7707 = ( GEOMETRIC_REPRESENTATION_CONTEXT(2) 
PARAMETRIC_REPRESENTATION_CONTEXT() REPRESENTATION_CONTEXT('2D SPACE',''
  ) );
#7708 = PCURVE('',#649,#7709);
#7709 = DEFINITIONAL_REPRESENTATION('',(#7710),#7714);
#7710 = LINE('',#7711,#7712);
#7711 = CARTESIAN_POINT('',(0.3,-47.6025));
#7712 = VECTOR('',#7713,1.);
#7713 = DIRECTION('',(9.031806508344E-47,1.));
#7714 = ( GEOMETRIC_REPRESENTATION_CONTEXT(2) 
PARAMETRIC_REPRESENTATION_CONTEXT() REPRESENTATION_CONTEXT('2D SPACE',''
  ) );
#7715 = ORIENTED_EDGE('',*,*,#7716,.F.);
#7716 = EDGE_CURVE('',#4330,#7694,#7717,.T.);
#7717 = SURFACE_CURVE('',#7718,(#7722,#7729),.PCURVE_S1.);
#7718 = LINE('',#7719,#7720);
#7719 = CARTESIAN_POINT('',(-1.9511675,-0.430137,2.88325E-02));
#7720 = VECTOR('',#7721,1.);
#7721 = DIRECTION('',(-0.216371161204,-0.952033109297,-0.216371161204));
#7722 = PCURVE('',#675,#7723);
#7723 = DEFINITIONAL_REPRESENTATION('',(#7724),#7728);
#7724 = LINE('',#7725,#7726);
#7725 = CARTESIAN_POINT('',(0.230878283572,0.1136675));
#7726 = VECTOR('',#7727,1.);
#7727 = DIRECTION('',(0.976311180208,0.216371161204));
#7728 = ( GEOMETRIC_REPRESENTATION_CONTEXT(2) 
PARAMETRIC_REPRESENTATION_CONTEXT() REPRESENTATION_CONTEXT('2D SPACE',''
  ) );
#7729 = PCURVE('',#2541,#7730);
#7730 = DEFINITIONAL_REPRESENTATION('',(#7731),#7735);
#7731 = LINE('',#7732,#7733);
#7732 = CARTESIAN_POINT('',(3.70064333934E-02,-0.155137));
#7733 = VECTOR('',#7734,1.);
#7734 = DIRECTION('',(0.305995030681,-0.952033109297));
#7735 = ( GEOMETRIC_REPRESENTATION_CONTEXT(2) 
PARAMETRIC_REPRESENTATION_CONTEXT() REPRESENTATION_CONTEXT('2D SPACE',''
  ) );
#7736 = ORIENTED_EDGE('',*,*,#4329,.F.);
#7737 = ORIENTED_EDGE('',*,*,#661,.F.);
#7738 = ADVANCED_FACE('',(#7739),#2541,.T.);
#7739 = FACE_BOUND('',#7740,.T.);
#7740 = EDGE_LOOP('',(#7741,#7742,#7743,#7764));
#7741 = ORIENTED_EDGE('',*,*,#4352,.F.);
#7742 = ORIENTED_EDGE('',*,*,#7716,.T.);
#7743 = ORIENTED_EDGE('',*,*,#7744,.F.);
#7744 = EDGE_CURVE('',#2526,#7694,#7745,.T.);
#7745 = SURFACE_CURVE('',#7746,(#7750,#7757),.PCURVE_S1.);
#7746 = LINE('',#7747,#7748);
#7747 = CARTESIAN_POINT('',(-1.95,-0.430137,3.E-02));
#7748 = VECTOR('',#7749,1.);
#7749 = DIRECTION('',(-3.675722875075E-32,-1.,1.065228634467E-16));
#7750 = PCURVE('',#2541,#7751);
#7751 = DEFINITIONAL_REPRESENTATION('',(#7752),#7756);
#7752 = LINE('',#7753,#7754);
#7753 = CARTESIAN_POINT('',(3.535533905933E-02,-0.155137));
#7754 = VECTOR('',#7755,1.);
#7755 = DIRECTION('',(-6.984534836347E-16,-1.));
#7756 = ( GEOMETRIC_REPRESENTATION_CONTEXT(2) 
PARAMETRIC_REPRESENTATION_CONTEXT() REPRESENTATION_CONTEXT('2D SPACE',''
  ) );
#7757 = PCURVE('',#649,#7758);
#7758 = DEFINITIONAL_REPRESENTATION('',(#7759),#7763);
#7759 = LINE('',#7760,#7761);
#7760 = CARTESIAN_POINT('',(0.305137,-45.1525));
#7761 = VECTOR('',#7762,1.);
#7762 = DIRECTION('',(1.,8.715763992105E-33));
#7763 = ( GEOMETRIC_REPRESENTATION_CONTEXT(2) 
PARAMETRIC_REPRESENTATION_CONTEXT() REPRESENTATION_CONTEXT('2D SPACE',''
  ) );
#7764 = ORIENTED_EDGE('',*,*,#2525,.F.);
#7765 = ADVANCED_FACE('',(#7766),#5580,.T.);
#7766 = FACE_BOUND('',#7767,.T.);
#7767 = EDGE_LOOP('',(#7768,#7791,#7792,#7815));
#7768 = ORIENTED_EDGE('',*,*,#7769,.T.);
#7769 = EDGE_CURVE('',#7770,#5565,#7772,.T.);
#7770 = VERTEX_POINT('',#7771);
#7771 = CARTESIAN_POINT('',(-0.825,0.175,5.E-02));
#7772 = SURFACE_CURVE('',#7773,(#7777,#7784),.PCURVE_S1.);
#7773 = LINE('',#7774,#7775);
#7774 = CARTESIAN_POINT('',(-0.825,0.175,5.E-02));
#7775 = VECTOR('',#7776,1.);
#7776 = DIRECTION('',(1.,-5.243344273594E-32,-2.289834988289E-16));
#7777 = PCURVE('',#5580,#7778);
#7778 = DEFINITIONAL_REPRESENTATION('',(#7779),#7783);
#7779 = LINE('',#7780,#7781);
#7780 = CARTESIAN_POINT('',(-0.,0.));
#7781 = VECTOR('',#7782,1.);
#7782 = DIRECTION('',(2.465190328816E-32,-1.));
#7783 = ( GEOMETRIC_REPRESENTATION_CONTEXT(2) 
PARAMETRIC_REPRESENTATION_CONTEXT() REPRESENTATION_CONTEXT('2D SPACE',''
  ) );
#7784 = PCURVE('',#5608,#7785);
#7785 = DEFINITIONAL_REPRESENTATION('',(#7786),#7790);
#7786 = LINE('',#7787,#7788);
#7787 = CARTESIAN_POINT('',(6.E-02,-1.373900992974E-17));
#7788 = VECTOR('',#7789,1.);
#7789 = DIRECTION('',(0.,-1.));
#7790 = ( GEOMETRIC_REPRESENTATION_CONTEXT(2) 
PARAMETRIC_REPRESENTATION_CONTEXT() REPRESENTATION_CONTEXT('2D SPACE',''
  ) );
#7791 = ORIENTED_EDGE('',*,*,#5564,.T.);
#7792 = ORIENTED_EDGE('',*,*,#7793,.F.);
#7793 = EDGE_CURVE('',#7794,#5542,#7796,.T.);
#7794 = VERTEX_POINT('',#7795);
#7795 = CARTESIAN_POINT('',(-0.825,0.125,-7.771561172376E-16));
#7796 = SURFACE_CURVE('',#7797,(#7801,#7808),.PCURVE_S1.);
#7797 = LINE('',#7798,#7799);
#7798 = CARTESIAN_POINT('',(-0.825,0.125,-7.771561172376E-16));
#7799 = VECTOR('',#7800,1.);
#7800 = DIRECTION('',(1.,-5.243344273594E-32,-2.289834988289E-16));
#7801 = PCURVE('',#5580,#7802);
#7802 = DEFINITIONAL_REPRESENTATION('',(#7803),#7807);
#7803 = LINE('',#7804,#7805);
#7804 = CARTESIAN_POINT('',(7.071067811866E-02,-1.144917494145E-17));
#7805 = VECTOR('',#7806,1.);
#7806 = DIRECTION('',(2.465190328816E-32,-1.));
#7807 = ( GEOMETRIC_REPRESENTATION_CONTEXT(2) 
PARAMETRIC_REPRESENTATION_CONTEXT() REPRESENTATION_CONTEXT('2D SPACE',''
  ) );
#7808 = PCURVE('',#1378,#7809);
#7809 = DEFINITIONAL_REPRESENTATION('',(#7810),#7814);
#7810 = LINE('',#7811,#7812);
#7811 = CARTESIAN_POINT('',(0.,0.));
#7812 = VECTOR('',#7813,1.);
#7813 = DIRECTION('',(-2.080052407982E-46,-1.));
#7814 = ( GEOMETRIC_REPRESENTATION_CONTEXT(2) 
PARAMETRIC_REPRESENTATION_CONTEXT() REPRESENTATION_CONTEXT('2D SPACE',''
  ) );
#7815 = ORIENTED_EDGE('',*,*,#7816,.F.);
#7816 = EDGE_CURVE('',#7770,#7794,#7817,.T.);
#7817 = SURFACE_CURVE('',#7818,(#7822,#7829),.PCURVE_S1.);
#7818 = LINE('',#7819,#7820);
#7819 = CARTESIAN_POINT('',(-0.825,0.175,5.E-02));
#7820 = VECTOR('',#7821,1.);
#7821 = DIRECTION('',(-1.619157848018E-16,-0.707106781187,
    -0.707106781186));
#7822 = PCURVE('',#5580,#7823);
#7823 = DEFINITIONAL_REPRESENTATION('',(#7824),#7828);
#7824 = LINE('',#7825,#7826);
#7825 = CARTESIAN_POINT('',(-0.,0.));
#7826 = VECTOR('',#7827,1.);
#7827 = DIRECTION('',(1.,-7.395570986447E-32));
#7828 = ( GEOMETRIC_REPRESENTATION_CONTEXT(2) 
PARAMETRIC_REPRESENTATION_CONTEXT() REPRESENTATION_CONTEXT('2D SPACE',''
  ) );
#7829 = PCURVE('',#797,#7830);
#7830 = DEFINITIONAL_REPRESENTATION('',(#7831),#7835);
#7831 = LINE('',#7832,#7833);
#7832 = CARTESIAN_POINT('',(5.422092460224E-02,-0.120500231015));
#7833 = VECTOR('',#7834,1.);
#7834 = DIRECTION('',(-0.707106781187,-0.707106781186));
#7835 = ( GEOMETRIC_REPRESENTATION_CONTEXT(2) 
PARAMETRIC_REPRESENTATION_CONTEXT() REPRESENTATION_CONTEXT('2D SPACE',''
  ) );
#7836 = ADVANCED_FACE('',(#7837),#7852,.F.);
#7837 = FACE_BOUND('',#7838,.F.);
#7838 = EDGE_LOOP('',(#7839,#7875,#7903,#7932));
#7839 = ORIENTED_EDGE('',*,*,#7840,.T.);
#7840 = EDGE_CURVE('',#7841,#7843,#7845,.T.);
#7841 = VERTEX_POINT('',#7842);
#7842 = CARTESIAN_POINT('',(-0.325,0.225,0.16));
#7843 = VERTEX_POINT('',#7844);
#7844 = CARTESIAN_POINT('',(-0.325,0.175,0.11));
#7845 = SURFACE_CURVE('',#7846,(#7851,#7863),.PCURVE_S1.);
#7846 = CIRCLE('',#7847,5.E-02);
#7847 = AXIS2_PLACEMENT_3D('',#7848,#7849,#7850);
#7848 = CARTESIAN_POINT('',(-0.325,0.225,0.11));
#7849 = DIRECTION('',(1.,-5.243344273594E-32,-2.289834988289E-16));
#7850 = DIRECTION('',(-2.080052407982E-46,1.,-2.289834988289E-16));
#7851 = PCURVE('',#7852,#7857);
#7852 = CYLINDRICAL_SURFACE('',#7853,5.E-02);
#7853 = AXIS2_PLACEMENT_3D('',#7854,#7855,#7856);
#7854 = CARTESIAN_POINT('',(-0.325,0.225,0.11));
#7855 = DIRECTION('',(1.,-5.243344273594E-32,-2.289834988289E-16));
#7856 = DIRECTION('',(-2.080052407982E-46,1.,-2.289834988289E-16));
#7857 = DEFINITIONAL_REPRESENTATION('',(#7858),#7862);
#7858 = LINE('',#7859,#7860);
#7859 = CARTESIAN_POINT('',(-2.22044604925E-16,-1.110223024625E-16));
#7860 = VECTOR('',#7861,1.);
#7861 = DIRECTION('',(1.,3.533949646071E-17));
#7862 = ( GEOMETRIC_REPRESENTATION_CONTEXT(2) 
PARAMETRIC_REPRESENTATION_CONTEXT() REPRESENTATION_CONTEXT('2D SPACE',''
  ) );
#7863 = PCURVE('',#7864,#7869);
#7864 = PLANE('',#7865);
#7865 = AXIS2_PLACEMENT_3D('',#7866,#7867,#7868);
#7866 = CARTESIAN_POINT('',(-0.325,0.120779075398,0.170500231015));
#7867 = DIRECTION('',(1.,-5.243344273594E-32,-2.289834988289E-16));
#7868 = DIRECTION('',(5.243344273594E-32,1.,0.));
#7869 = DEFINITIONAL_REPRESENTATION('',(#7870),#7874);
#7870 = CIRCLE('',#7871,5.E-02);
#7871 = AXIS2_PLACEMENT_2D('',#7872,#7873);
#7872 = CARTESIAN_POINT('',(0.104220924602,-6.050023101547E-02));
#7873 = DIRECTION('',(1.,-2.289834988289E-16));
#7874 = ( GEOMETRIC_REPRESENTATION_CONTEXT(2) 
PARAMETRIC_REPRESENTATION_CONTEXT() REPRESENTATION_CONTEXT('2D SPACE',''
  ) );
#7875 = ORIENTED_EDGE('',*,*,#7876,.T.);
#7876 = EDGE_CURVE('',#7843,#7877,#7879,.T.);
#7877 = VERTEX_POINT('',#7878);
#7878 = CARTESIAN_POINT('',(-0.175,0.175,0.11));
#7879 = SURFACE_CURVE('',#7880,(#7884,#7891),.PCURVE_S1.);
#7880 = LINE('',#7881,#7882);
#7881 = CARTESIAN_POINT('',(-0.325,0.175,0.11));
#7882 = VECTOR('',#7883,1.);
#7883 = DIRECTION('',(1.,-5.243344273594E-32,-2.289834988289E-16));
#7884 = PCURVE('',#7852,#7885);
#7885 = DEFINITIONAL_REPRESENTATION('',(#7886),#7890);
#7886 = LINE('',#7887,#7888);
#7887 = CARTESIAN_POINT('',(3.14159265359,0.));
#7888 = VECTOR('',#7889,1.);
#7889 = DIRECTION('',(0.,1.));
#7890 = ( GEOMETRIC_REPRESENTATION_CONTEXT(2) 
PARAMETRIC_REPRESENTATION_CONTEXT() REPRESENTATION_CONTEXT('2D SPACE',''
  ) );
#7891 = PCURVE('',#7892,#7897);
#7892 = PLANE('',#7893);
#7893 = AXIS2_PLACEMENT_3D('',#7894,#7895,#7896);
#7894 = CARTESIAN_POINT('',(-0.325,0.175,0.11));
#7895 = DIRECTION('',(0.,1.,-2.289834988289E-16));
#7896 = DIRECTION('',(-2.289834988289E-16,-2.289834988289E-16,-1.));
#7897 = DEFINITIONAL_REPRESENTATION('',(#7898),#7902);
#7898 = LINE('',#7899,#7900);
#7899 = CARTESIAN_POINT('',(-0.,0.));
#7900 = VECTOR('',#7901,1.);
#7901 = DIRECTION('',(0.,-1.));
#7902 = ( GEOMETRIC_REPRESENTATION_CONTEXT(2) 
PARAMETRIC_REPRESENTATION_CONTEXT() REPRESENTATION_CONTEXT('2D SPACE',''
  ) );
#7903 = ORIENTED_EDGE('',*,*,#7904,.F.);
#7904 = EDGE_CURVE('',#7905,#7877,#7907,.T.);
#7905 = VERTEX_POINT('',#7906);
#7906 = CARTESIAN_POINT('',(-0.175,0.225,0.16));
#7907 = SURFACE_CURVE('',#7908,(#7913,#7920),.PCURVE_S1.);
#7908 = CIRCLE('',#7909,5.E-02);
#7909 = AXIS2_PLACEMENT_3D('',#7910,#7911,#7912);
#7910 = CARTESIAN_POINT('',(-0.175,0.225,0.11));
#7911 = DIRECTION('',(1.,-5.243344273594E-32,-2.289834988289E-16));
#7912 = DIRECTION('',(-2.080052407982E-46,1.,-2.289834988289E-16));
#7913 = PCURVE('',#7852,#7914);
#7914 = DEFINITIONAL_REPRESENTATION('',(#7915),#7919);
#7915 = LINE('',#7916,#7917);
#7916 = CARTESIAN_POINT('',(-2.22044604925E-16,0.15));
#7917 = VECTOR('',#7918,1.);
#7918 = DIRECTION('',(1.,0.));
#7919 = ( GEOMETRIC_REPRESENTATION_CONTEXT(2) 
PARAMETRIC_REPRESENTATION_CONTEXT() REPRESENTATION_CONTEXT('2D SPACE',''
  ) );
#7920 = PCURVE('',#7921,#7926);
#7921 = PLANE('',#7922);
#7922 = AXIS2_PLACEMENT_3D('',#7923,#7924,#7925);
#7923 = CARTESIAN_POINT('',(-0.175,0.120779075398,0.170500231015));
#7924 = DIRECTION('',(1.,-5.243344273594E-32,-2.289834988289E-16));
#7925 = DIRECTION('',(5.243344273594E-32,1.,0.));
#7926 = DEFINITIONAL_REPRESENTATION('',(#7927),#7931);
#7927 = CIRCLE('',#7928,5.E-02);
#7928 = AXIS2_PLACEMENT_2D('',#7929,#7930);
#7929 = CARTESIAN_POINT('',(0.104220924602,-6.050023101547E-02));
#7930 = DIRECTION('',(1.,-2.289834988289E-16));
#7931 = ( GEOMETRIC_REPRESENTATION_CONTEXT(2) 
PARAMETRIC_REPRESENTATION_CONTEXT() REPRESENTATION_CONTEXT('2D SPACE',''
  ) );
#7932 = ORIENTED_EDGE('',*,*,#7933,.F.);
#7933 = EDGE_CURVE('',#7841,#7905,#7934,.T.);
#7934 = SURFACE_CURVE('',#7935,(#7939,#7946),.PCURVE_S1.);
#7935 = LINE('',#7936,#7937);
#7936 = CARTESIAN_POINT('',(-0.325,0.225,0.16));
#7937 = VECTOR('',#7938,1.);
#7938 = DIRECTION('',(1.,-5.243344273594E-32,-2.289834988289E-16));
#7939 = PCURVE('',#7852,#7940);
#7940 = DEFINITIONAL_REPRESENTATION('',(#7941),#7945);
#7941 = LINE('',#7942,#7943);
#7942 = CARTESIAN_POINT('',(1.570796326795,-5.551115123126E-17));
#7943 = VECTOR('',#7944,1.);
#7944 = DIRECTION('',(0.,1.));
#7945 = ( GEOMETRIC_REPRESENTATION_CONTEXT(2) 
PARAMETRIC_REPRESENTATION_CONTEXT() REPRESENTATION_CONTEXT('2D SPACE',''
  ) );
#7946 = PCURVE('',#7947,#7952);
#7947 = PLANE('',#7948);
#7948 = AXIS2_PLACEMENT_3D('',#7949,#7950,#7951);
#7949 = CARTESIAN_POINT('',(-0.325,0.225,0.31));
#7950 = DIRECTION('',(0.,1.,-2.289834988289E-16));
#7951 = DIRECTION('',(-2.289834988289E-16,-2.289834988289E-16,-1.));
#7952 = DEFINITIONAL_REPRESENTATION('',(#7953),#7957);
#7953 = LINE('',#7954,#7955);
#7954 = CARTESIAN_POINT('',(0.15,-3.434752482434E-17));
#7955 = VECTOR('',#7956,1.);
#7956 = DIRECTION('',(0.,-1.));
#7957 = ( GEOMETRIC_REPRESENTATION_CONTEXT(2) 
PARAMETRIC_REPRESENTATION_CONTEXT() REPRESENTATION_CONTEXT('2D SPACE',''
  ) );
#7958 = ADVANCED_FACE('',(#7959),#4243,.T.);
#7959 = FACE_BOUND('',#7960,.T.);
#7960 = EDGE_LOOP('',(#7961,#7984,#7985,#8006,#8007,#8008,#8031,#8059,
    #8087,#8110));
#7961 = ORIENTED_EDGE('',*,*,#7962,.F.);
#7962 = EDGE_CURVE('',#5804,#7963,#7965,.T.);
#7963 = VERTEX_POINT('',#7964);
#7964 = CARTESIAN_POINT('',(2.885,-3.025,1.E-01));
#7965 = SURFACE_CURVE('',#7966,(#7970,#7977),.PCURVE_S1.);
#7966 = LINE('',#7967,#7968);
#7967 = CARTESIAN_POINT('',(1.,-3.025,1.E-01));
#7968 = VECTOR('',#7969,1.);
#7969 = DIRECTION('',(1.,-5.243344273594E-32,-2.289834988289E-16));
#7970 = PCURVE('',#4243,#7971);
#7971 = DEFINITIONAL_REPRESENTATION('',(#7972),#7976);
#7972 = LINE('',#7973,#7974);
#7973 = CARTESIAN_POINT('',(-23.885,0.95));
#7974 = VECTOR('',#7975,1.);
#7975 = DIRECTION('',(-1.,0.));
#7976 = ( GEOMETRIC_REPRESENTATION_CONTEXT(2) 
PARAMETRIC_REPRESENTATION_CONTEXT() REPRESENTATION_CONTEXT('2D SPACE',''
  ) );
#7977 = PCURVE('',#3506,#7978);
#7978 = DEFINITIONAL_REPRESENTATION('',(#7979),#7983);
#7979 = LINE('',#7980,#7981);
#7980 = CARTESIAN_POINT('',(-0.336005952328,-5.765));
#7981 = VECTOR('',#7982,1.);
#7982 = DIRECTION('',(-6.902532920684E-31,1.));
#7983 = ( GEOMETRIC_REPRESENTATION_CONTEXT(2) 
PARAMETRIC_REPRESENTATION_CONTEXT() REPRESENTATION_CONTEXT('2D SPACE',''
  ) );
#7984 = ORIENTED_EDGE('',*,*,#5803,.T.);
#7985 = ORIENTED_EDGE('',*,*,#7986,.T.);
#7986 = EDGE_CURVE('',#5781,#4157,#7987,.T.);
#7987 = SURFACE_CURVE('',#7988,(#7992,#7999),.PCURVE_S1.);
#7988 = LINE('',#7989,#7990);
#7989 = CARTESIAN_POINT('',(-4.,-3.025,1.));
#7990 = VECTOR('',#7991,1.);
#7991 = DIRECTION('',(-1.,5.243344273594E-32,2.289834988289E-16));
#7992 = PCURVE('',#4243,#7993);
#7993 = DEFINITIONAL_REPRESENTATION('',(#7994),#7998);
#7994 = LINE('',#7995,#7996);
#7995 = CARTESIAN_POINT('',(-18.885,5.E-02));
#7996 = VECTOR('',#7997,1.);
#7997 = DIRECTION('',(1.,0.));
#7998 = ( GEOMETRIC_REPRESENTATION_CONTEXT(2) 
PARAMETRIC_REPRESENTATION_CONTEXT() REPRESENTATION_CONTEXT('2D SPACE',''
  ) );
#7999 = PCURVE('',#44,#8000);
#8000 = DEFINITIONAL_REPRESENTATION('',(#8001),#8005);
#8001 = LINE('',#8002,#8003);
#8002 = CARTESIAN_POINT('',(0.406132731706,37.676624388842));
#8003 = VECTOR('',#8004,1.);
#8004 = DIRECTION('',(2.080052407982E-46,-1.));
#8005 = ( GEOMETRIC_REPRESENTATION_CONTEXT(2) 
PARAMETRIC_REPRESENTATION_CONTEXT() REPRESENTATION_CONTEXT('2D SPACE',''
  ) );
#8006 = ORIENTED_EDGE('',*,*,#4229,.F.);
#8007 = ORIENTED_EDGE('',*,*,#4305,.F.);
#8008 = ORIENTED_EDGE('',*,*,#8009,.F.);
#8009 = EDGE_CURVE('',#8010,#4283,#8012,.T.);
#8010 = VERTEX_POINT('',#8011);
#8011 = CARTESIAN_POINT('',(2.9525,-3.025,3.E-02));
#8012 = SURFACE_CURVE('',#8013,(#8017,#8024),.PCURVE_S1.);
#8013 = LINE('',#8014,#8015);
#8014 = CARTESIAN_POINT('',(8.881784197001E-16,-3.025,3.E-02));
#8015 = VECTOR('',#8016,1.);
#8016 = DIRECTION('',(-1.,5.243344273594E-32,2.289834988289E-16));
#8017 = PCURVE('',#4243,#8018);
#8018 = DEFINITIONAL_REPRESENTATION('',(#8019),#8023);
#8019 = LINE('',#8020,#8021);
#8020 = CARTESIAN_POINT('',(-22.885,1.02));
#8021 = VECTOR('',#8022,1.);
#8022 = DIRECTION('',(1.,0.));
#8023 = ( GEOMETRIC_REPRESENTATION_CONTEXT(2) 
PARAMETRIC_REPRESENTATION_CONTEXT() REPRESENTATION_CONTEXT('2D SPACE',''
  ) );
#8024 = PCURVE('',#649,#8025);
#8025 = DEFINITIONAL_REPRESENTATION('',(#8026),#8030);
#8026 = LINE('',#8027,#8028);
#8027 = CARTESIAN_POINT('',(2.9,-47.1025));
#8028 = VECTOR('',#8029,1.);
#8029 = DIRECTION('',(9.031806508344E-47,1.));
#8030 = ( GEOMETRIC_REPRESENTATION_CONTEXT(2) 
PARAMETRIC_REPRESENTATION_CONTEXT() REPRESENTATION_CONTEXT('2D SPACE',''
  ) );
#8031 = ORIENTED_EDGE('',*,*,#8032,.T.);
#8032 = EDGE_CURVE('',#8010,#8033,#8035,.T.);
#8033 = VERTEX_POINT('',#8034);
#8034 = CARTESIAN_POINT('',(2.9525,-3.025,0.13));
#8035 = SURFACE_CURVE('',#8036,(#8040,#8047),.PCURVE_S1.);
#8036 = LINE('',#8037,#8038);
#8037 = CARTESIAN_POINT('',(2.9525,-3.025,0.402847335292));
#8038 = VECTOR('',#8039,1.);
#8039 = DIRECTION('',(2.289834988289E-16,1.065228634467E-16,1.));
#8040 = PCURVE('',#4243,#8041);
#8041 = DEFINITIONAL_REPRESENTATION('',(#8042),#8046);
#8042 = LINE('',#8043,#8044);
#8043 = CARTESIAN_POINT('',(-25.8375,0.647152664708));
#8044 = VECTOR('',#8045,1.);
#8045 = DIRECTION('',(0.,-1.));
#8046 = ( GEOMETRIC_REPRESENTATION_CONTEXT(2) 
PARAMETRIC_REPRESENTATION_CONTEXT() REPRESENTATION_CONTEXT('2D SPACE',''
  ) );
#8047 = PCURVE('',#8048,#8053);
#8048 = PLANE('',#8049);
#8049 = AXIS2_PLACEMENT_3D('',#8050,#8051,#8052);
#8050 = CARTESIAN_POINT('',(2.9525,-3.025,3.E-02));
#8051 = DIRECTION('',(1.,-5.243344273594E-32,-2.289834988289E-16));
#8052 = DIRECTION('',(-2.289834988289E-16,-1.065228634467E-16,-1.));
#8053 = DEFINITIONAL_REPRESENTATION('',(#8054),#8058);
#8054 = LINE('',#8055,#8056);
#8055 = CARTESIAN_POINT('',(-0.372847335292,-3.971676578378E-17));
#8056 = VECTOR('',#8057,1.);
#8057 = DIRECTION('',(-1.,0.));
#8058 = ( GEOMETRIC_REPRESENTATION_CONTEXT(2) 
PARAMETRIC_REPRESENTATION_CONTEXT() REPRESENTATION_CONTEXT('2D SPACE',''
  ) );
#8059 = ORIENTED_EDGE('',*,*,#8060,.T.);
#8060 = EDGE_CURVE('',#8033,#8061,#8063,.T.);
#8061 = VERTEX_POINT('',#8062);
#8062 = CARTESIAN_POINT('',(2.9525,-3.025,1.));
#8063 = SURFACE_CURVE('',#8064,(#8068,#8075),.PCURVE_S1.);
#8064 = LINE('',#8065,#8066);
#8065 = CARTESIAN_POINT('',(2.9525,-3.025,0.615));
#8066 = VECTOR('',#8067,1.);
#8067 = DIRECTION('',(2.289834988289E-16,2.289834988289E-16,1.));
#8068 = PCURVE('',#4243,#8069);
#8069 = DEFINITIONAL_REPRESENTATION('',(#8070),#8074);
#8070 = LINE('',#8071,#8072);
#8071 = CARTESIAN_POINT('',(-25.8375,0.435));
#8072 = VECTOR('',#8073,1.);
#8073 = DIRECTION('',(0.,-1.));
#8074 = ( GEOMETRIC_REPRESENTATION_CONTEXT(2) 
PARAMETRIC_REPRESENTATION_CONTEXT() REPRESENTATION_CONTEXT('2D SPACE',''
  ) );
#8075 = PCURVE('',#8076,#8081);
#8076 = PLANE('',#8077);
#8077 = AXIS2_PLACEMENT_3D('',#8078,#8079,#8080);
#8078 = CARTESIAN_POINT('',(3.0275,-2.95,0.615));
#8079 = DIRECTION('',(0.707106781187,-0.707106781187,-1.429810390713E-30
    ));
#8080 = DIRECTION('',(0.707106781187,0.707106781187,-3.238315696035E-16)
  );
#8081 = DEFINITIONAL_REPRESENTATION('',(#8082),#8086);
#8082 = LINE('',#8083,#8084);
#8083 = CARTESIAN_POINT('',(-0.106066017178,-3.434752482434E-17));
#8084 = VECTOR('',#8085,1.);
#8085 = DIRECTION('',(1.972152263053E-31,1.));
#8086 = ( GEOMETRIC_REPRESENTATION_CONTEXT(2) 
PARAMETRIC_REPRESENTATION_CONTEXT() REPRESENTATION_CONTEXT('2D SPACE',''
  ) );
#8087 = ORIENTED_EDGE('',*,*,#8088,.F.);
#8088 = EDGE_CURVE('',#8089,#8061,#8091,.T.);
#8089 = VERTEX_POINT('',#8090);
#8090 = CARTESIAN_POINT('',(2.885,-3.025,1.));
#8091 = SURFACE_CURVE('',#8092,(#8096,#8103),.PCURVE_S1.);
#8092 = LINE('',#8093,#8094);
#8093 = CARTESIAN_POINT('',(4.,-3.025,1.));
#8094 = VECTOR('',#8095,1.);
#8095 = DIRECTION('',(1.,-5.243344273594E-32,-2.289834988289E-16));
#8096 = PCURVE('',#4243,#8097);
#8097 = DEFINITIONAL_REPRESENTATION('',(#8098),#8102);
#8098 = LINE('',#8099,#8100);
#8099 = CARTESIAN_POINT('',(-26.885,5.E-02));
#8100 = VECTOR('',#8101,1.);
#8101 = DIRECTION('',(-1.,0.));
#8102 = ( GEOMETRIC_REPRESENTATION_CONTEXT(2) 
PARAMETRIC_REPRESENTATION_CONTEXT() REPRESENTATION_CONTEXT('2D SPACE',''
  ) );
#8103 = PCURVE('',#44,#8104);
#8104 = DEFINITIONAL_REPRESENTATION('',(#8105),#8109);
#8105 = LINE('',#8106,#8107);
#8106 = CARTESIAN_POINT('',(0.406132731706,45.676624388842));
#8107 = VECTOR('',#8108,1.);
#8108 = DIRECTION('',(-2.080052407982E-46,1.));
#8109 = ( GEOMETRIC_REPRESENTATION_CONTEXT(2) 
PARAMETRIC_REPRESENTATION_CONTEXT() REPRESENTATION_CONTEXT('2D SPACE',''
  ) );
#8110 = ORIENTED_EDGE('',*,*,#8111,.F.);
#8111 = EDGE_CURVE('',#7963,#8089,#8112,.T.);
#8112 = SURFACE_CURVE('',#8113,(#8117,#8124),.PCURVE_S1.);
#8113 = LINE('',#8114,#8115);
#8114 = CARTESIAN_POINT('',(2.885,-3.025,0.575));
#8115 = VECTOR('',#8116,1.);
#8116 = DIRECTION('',(2.289834988289E-16,2.289834988289E-16,1.));
#8117 = PCURVE('',#4243,#8118);
#8118 = DEFINITIONAL_REPRESENTATION('',(#8119),#8123);
#8119 = LINE('',#8120,#8121);
#8120 = CARTESIAN_POINT('',(-25.77,0.475));
#8121 = VECTOR('',#8122,1.);
#8122 = DIRECTION('',(0.,-1.));
#8123 = ( GEOMETRIC_REPRESENTATION_CONTEXT(2) 
PARAMETRIC_REPRESENTATION_CONTEXT() REPRESENTATION_CONTEXT('2D SPACE',''
  ) );
#8124 = PCURVE('',#8125,#8130);
#8125 = PLANE('',#8126);
#8126 = AXIS2_PLACEMENT_3D('',#8127,#8128,#8129);
#8127 = CARTESIAN_POINT('',(2.835,-2.975,0.575));
#8128 = DIRECTION('',(-0.707106781187,-0.707106781187,3.238315696035E-16
    ));
#8129 = DIRECTION('',(0.707106781187,-0.707106781187,7.149051953565E-31)
  );
#8130 = DEFINITIONAL_REPRESENTATION('',(#8131),#8135);
#8131 = LINE('',#8132,#8133);
#8132 = CARTESIAN_POINT('',(7.071067811865E-02,-3.08148791102E-33));
#8133 = VECTOR('',#8134,1.);
#8134 = DIRECTION('',(2.465190328816E-32,1.));
#8135 = ( GEOMETRIC_REPRESENTATION_CONTEXT(2) 
PARAMETRIC_REPRESENTATION_CONTEXT() REPRESENTATION_CONTEXT('2D SPACE',''
  ) );
#8136 = ADVANCED_FACE('',(#8137),#7864,.F.);
#8137 = FACE_BOUND('',#8138,.T.);
#8138 = EDGE_LOOP('',(#8139,#8164,#8187,#8208,#8209,#8232,#8260,#8288,
    #8316,#8345,#8373));
#8139 = ORIENTED_EDGE('',*,*,#8140,.F.);
#8140 = EDGE_CURVE('',#8141,#8143,#8145,.T.);
#8141 = VERTEX_POINT('',#8142);
#8142 = CARTESIAN_POINT('',(-0.325,-0.125,0.31));
#8143 = VERTEX_POINT('',#8144);
#8144 = CARTESIAN_POINT('',(-0.325,-0.125,8.E-02));
#8145 = SURFACE_CURVE('',#8146,(#8150,#8157),.PCURVE_S1.);
#8146 = LINE('',#8147,#8148);
#8147 = CARTESIAN_POINT('',(-0.325,-0.125,0.841614));
#8148 = VECTOR('',#8149,1.);
#8149 = DIRECTION('',(-2.289834988289E-16,-1.065228634467E-16,-1.));
#8150 = PCURVE('',#7864,#8151);
#8151 = DEFINITIONAL_REPRESENTATION('',(#8152),#8156);
#8152 = LINE('',#8153,#8154);
#8153 = CARTESIAN_POINT('',(-0.245779075398,0.671113768985));
#8154 = VECTOR('',#8155,1.);
#8155 = DIRECTION('',(-1.065228634467E-16,-1.));
#8156 = ( GEOMETRIC_REPRESENTATION_CONTEXT(2) 
PARAMETRIC_REPRESENTATION_CONTEXT() REPRESENTATION_CONTEXT('2D SPACE',''
  ) );
#8157 = PCURVE('',#5714,#8158);
#8158 = DEFINITIONAL_REPRESENTATION('',(#8159),#8163);
#8159 = LINE('',#8160,#8161);
#8160 = CARTESIAN_POINT('',(-0.531614,3.65));
#8161 = VECTOR('',#8162,1.);
#8162 = DIRECTION('',(1.,0.));
#8163 = ( GEOMETRIC_REPRESENTATION_CONTEXT(2) 
PARAMETRIC_REPRESENTATION_CONTEXT() REPRESENTATION_CONTEXT('2D SPACE',''
  ) );
#8164 = ORIENTED_EDGE('',*,*,#8165,.F.);
#8165 = EDGE_CURVE('',#8166,#8141,#8168,.T.);
#8166 = VERTEX_POINT('',#8167);
#8167 = CARTESIAN_POINT('',(-0.325,0.225,0.31));
#8168 = SURFACE_CURVE('',#8169,(#8173,#8180),.PCURVE_S1.);
#8169 = LINE('',#8170,#8171);
#8170 = CARTESIAN_POINT('',(-0.325,-0.430137,0.31));
#8171 = VECTOR('',#8172,1.);
#8172 = DIRECTION('',(-2.804146475864E-32,-1.,1.065228634467E-16));
#8173 = PCURVE('',#7864,#8174);
#8174 = DEFINITIONAL_REPRESENTATION('',(#8175),#8179);
#8175 = LINE('',#8176,#8177);
#8176 = CARTESIAN_POINT('',(-0.550916075398,0.139499768985));
#8177 = VECTOR('',#8178,1.);
#8178 = DIRECTION('',(-1.,1.065228634467E-16));
#8179 = ( GEOMETRIC_REPRESENTATION_CONTEXT(2) 
PARAMETRIC_REPRESENTATION_CONTEXT() REPRESENTATION_CONTEXT('2D SPACE',''
  ) );
#8180 = PCURVE('',#512,#8181);
#8181 = DEFINITIONAL_REPRESENTATION('',(#8182),#8186);
#8182 = LINE('',#8183,#8184);
#8183 = CARTESIAN_POINT('',(1.675,0.978861317761));
#8184 = VECTOR('',#8185,1.);
#8185 = DIRECTION('',(9.031806508344E-47,1.));
#8186 = ( GEOMETRIC_REPRESENTATION_CONTEXT(2) 
PARAMETRIC_REPRESENTATION_CONTEXT() REPRESENTATION_CONTEXT('2D SPACE',''
  ) );
#8187 = ORIENTED_EDGE('',*,*,#8188,.F.);
#8188 = EDGE_CURVE('',#7841,#8166,#8189,.T.);
#8189 = SURFACE_CURVE('',#8190,(#8194,#8201),.PCURVE_S1.);
#8190 = LINE('',#8191,#8192);
#8191 = CARTESIAN_POINT('',(-0.325,0.225,0.31));
#8192 = VECTOR('',#8193,1.);
#8193 = DIRECTION('',(2.289834988289E-16,2.289834988289E-16,1.));
#8194 = PCURVE('',#7864,#8195);
#8195 = DEFINITIONAL_REPRESENTATION('',(#8196),#8200);
#8196 = LINE('',#8197,#8198);
#8197 = CARTESIAN_POINT('',(0.104220924602,0.139499768985));
#8198 = VECTOR('',#8199,1.);
#8199 = DIRECTION('',(2.289834988289E-16,1.));
#8200 = ( GEOMETRIC_REPRESENTATION_CONTEXT(2) 
PARAMETRIC_REPRESENTATION_CONTEXT() REPRESENTATION_CONTEXT('2D SPACE',''
  ) );
#8201 = PCURVE('',#7947,#8202);
#8202 = DEFINITIONAL_REPRESENTATION('',(#8203),#8207);
#8203 = LINE('',#8204,#8205);
#8204 = CARTESIAN_POINT('',(-0.,0.));
#8205 = VECTOR('',#8206,1.);
#8206 = DIRECTION('',(-1.,0.));
#8207 = ( GEOMETRIC_REPRESENTATION_CONTEXT(2) 
PARAMETRIC_REPRESENTATION_CONTEXT() REPRESENTATION_CONTEXT('2D SPACE',''
  ) );
#8208 = ORIENTED_EDGE('',*,*,#7840,.T.);
#8209 = ORIENTED_EDGE('',*,*,#8210,.T.);
#8210 = EDGE_CURVE('',#7843,#8211,#8213,.T.);
#8211 = VERTEX_POINT('',#8212);
#8212 = CARTESIAN_POINT('',(-0.325,0.175,5.E-02));
#8213 = SURFACE_CURVE('',#8214,(#8218,#8225),.PCURVE_S1.);
#8214 = LINE('',#8215,#8216);
#8215 = CARTESIAN_POINT('',(-0.325,0.175,0.11));
#8216 = VECTOR('',#8217,1.);
#8217 = DIRECTION('',(-2.289834988289E-16,-2.289834988289E-16,-1.));
#8218 = PCURVE('',#7864,#8219);
#8219 = DEFINITIONAL_REPRESENTATION('',(#8220),#8224);
#8220 = LINE('',#8221,#8222);
#8221 = CARTESIAN_POINT('',(5.422092460224E-02,-6.050023101547E-02));
#8222 = VECTOR('',#8223,1.);
#8223 = DIRECTION('',(-2.289834988289E-16,-1.));
#8224 = ( GEOMETRIC_REPRESENTATION_CONTEXT(2) 
PARAMETRIC_REPRESENTATION_CONTEXT() REPRESENTATION_CONTEXT('2D SPACE',''
  ) );
#8225 = PCURVE('',#7892,#8226);
#8226 = DEFINITIONAL_REPRESENTATION('',(#8227),#8231);
#8227 = LINE('',#8228,#8229);
#8228 = CARTESIAN_POINT('',(-0.,0.));
#8229 = VECTOR('',#8230,1.);
#8230 = DIRECTION('',(1.,0.));
#8231 = ( GEOMETRIC_REPRESENTATION_CONTEXT(2) 
PARAMETRIC_REPRESENTATION_CONTEXT() REPRESENTATION_CONTEXT('2D SPACE',''
  ) );
#8232 = ORIENTED_EDGE('',*,*,#8233,.T.);
#8233 = EDGE_CURVE('',#8211,#8234,#8236,.T.);
#8234 = VERTEX_POINT('',#8235);
#8235 = CARTESIAN_POINT('',(-0.325,0.125,-8.881784197001E-16));
#8236 = SURFACE_CURVE('',#8237,(#8241,#8248),.PCURVE_S1.);
#8237 = LINE('',#8238,#8239);
#8238 = CARTESIAN_POINT('',(-0.325,0.175,5.E-02));
#8239 = VECTOR('',#8240,1.);
#8240 = DIRECTION('',(-1.619157848018E-16,-0.707106781187,
    -0.707106781186));
#8241 = PCURVE('',#7864,#8242);
#8242 = DEFINITIONAL_REPRESENTATION('',(#8243),#8247);
#8243 = LINE('',#8244,#8245);
#8244 = CARTESIAN_POINT('',(5.422092460224E-02,-0.120500231015));
#8245 = VECTOR('',#8246,1.);
#8246 = DIRECTION('',(-0.707106781187,-0.707106781186));
#8247 = ( GEOMETRIC_REPRESENTATION_CONTEXT(2) 
PARAMETRIC_REPRESENTATION_CONTEXT() REPRESENTATION_CONTEXT('2D SPACE',''
  ) );
#8248 = PCURVE('',#8249,#8254);
#8249 = PLANE('',#8250);
#8250 = AXIS2_PLACEMENT_3D('',#8251,#8252,#8253);
#8251 = CARTESIAN_POINT('',(-0.325,0.175,5.E-02));
#8252 = DIRECTION('',(-1.619157848018E-16,0.707106781186,-0.707106781187
    ));
#8253 = DIRECTION('',(-1.619157848018E-16,-0.707106781187,
    -0.707106781186));
#8254 = DEFINITIONAL_REPRESENTATION('',(#8255),#8259);
#8255 = LINE('',#8256,#8257);
#8256 = CARTESIAN_POINT('',(-0.,0.));
#8257 = VECTOR('',#8258,1.);
#8258 = DIRECTION('',(1.,-7.395570986447E-32));
#8259 = ( GEOMETRIC_REPRESENTATION_CONTEXT(2) 
PARAMETRIC_REPRESENTATION_CONTEXT() REPRESENTATION_CONTEXT('2D SPACE',''
  ) );
#8260 = ORIENTED_EDGE('',*,*,#8261,.F.);
#8261 = EDGE_CURVE('',#8262,#8234,#8264,.T.);
#8262 = VERTEX_POINT('',#8263);
#8263 = CARTESIAN_POINT('',(-0.325,-0.205,-7.771561172376E-16));
#8264 = SURFACE_CURVE('',#8265,(#8269,#8276),.PCURVE_S1.);
#8265 = LINE('',#8266,#8267);
#8266 = CARTESIAN_POINT('',(-0.325,-0.205,-7.771561172376E-16));
#8267 = VECTOR('',#8268,1.);
#8268 = DIRECTION('',(0.,1.,-2.289834988289E-16));
#8269 = PCURVE('',#7864,#8270);
#8270 = DEFINITIONAL_REPRESENTATION('',(#8271),#8275);
#8271 = LINE('',#8272,#8273);
#8272 = CARTESIAN_POINT('',(-0.325779075398,-0.170500231015));
#8273 = VECTOR('',#8274,1.);
#8274 = DIRECTION('',(1.,-2.289834988289E-16));
#8275 = ( GEOMETRIC_REPRESENTATION_CONTEXT(2) 
PARAMETRIC_REPRESENTATION_CONTEXT() REPRESENTATION_CONTEXT('2D SPACE',''
  ) );
#8276 = PCURVE('',#8277,#8282);
#8277 = PLANE('',#8278);
#8278 = AXIS2_PLACEMENT_3D('',#8279,#8280,#8281);
#8279 = CARTESIAN_POINT('',(-0.325,0.125,-8.881784197001E-16));
#8280 = DIRECTION('',(-2.289834988289E-16,-2.289834988289E-16,-1.));
#8281 = DIRECTION('',(0.,-1.,2.289834988289E-16));
#8282 = DEFINITIONAL_REPRESENTATION('',(#8283),#8287);
#8283 = LINE('',#8284,#8285);
#8284 = CARTESIAN_POINT('',(0.33,5.473822126269E-48));
#8285 = VECTOR('',#8286,1.);
#8286 = DIRECTION('',(-1.,0.));
#8287 = ( GEOMETRIC_REPRESENTATION_CONTEXT(2) 
PARAMETRIC_REPRESENTATION_CONTEXT() REPRESENTATION_CONTEXT('2D SPACE',''
  ) );
#8288 = ORIENTED_EDGE('',*,*,#8289,.T.);
#8289 = EDGE_CURVE('',#8262,#8290,#8292,.T.);
#8290 = VERTEX_POINT('',#8291);
#8291 = CARTESIAN_POINT('',(-0.325,-0.205,3.619548911246E-02));
#8292 = SURFACE_CURVE('',#8293,(#8297,#8304),.PCURVE_S1.);
#8293 = LINE('',#8294,#8295);
#8294 = CARTESIAN_POINT('',(-0.325,-0.205,-7.771561172376E-16));
#8295 = VECTOR('',#8296,1.);
#8296 = DIRECTION('',(2.289834988289E-16,2.289834988289E-16,1.));
#8297 = PCURVE('',#7864,#8298);
#8298 = DEFINITIONAL_REPRESENTATION('',(#8299),#8303);
#8299 = LINE('',#8300,#8301);
#8300 = CARTESIAN_POINT('',(-0.325779075398,-0.170500231015));
#8301 = VECTOR('',#8302,1.);
#8302 = DIRECTION('',(2.289834988289E-16,1.));
#8303 = ( GEOMETRIC_REPRESENTATION_CONTEXT(2) 
PARAMETRIC_REPRESENTATION_CONTEXT() REPRESENTATION_CONTEXT('2D SPACE',''
  ) );
#8304 = PCURVE('',#8305,#8310);
#8305 = PLANE('',#8306);
#8306 = AXIS2_PLACEMENT_3D('',#8307,#8308,#8309);
#8307 = CARTESIAN_POINT('',(-0.325,-0.205,-7.771561172376E-16));
#8308 = DIRECTION('',(0.,-1.,2.289834988289E-16));
#8309 = DIRECTION('',(2.289834988289E-16,2.289834988289E-16,1.));
#8310 = DEFINITIONAL_REPRESENTATION('',(#8311),#8315);
#8311 = LINE('',#8312,#8313);
#8312 = CARTESIAN_POINT('',(0.,0.));
#8313 = VECTOR('',#8314,1.);
#8314 = DIRECTION('',(1.,0.));
#8315 = ( GEOMETRIC_REPRESENTATION_CONTEXT(2) 
PARAMETRIC_REPRESENTATION_CONTEXT() REPRESENTATION_CONTEXT('2D SPACE',''
  ) );
#8316 = ORIENTED_EDGE('',*,*,#8317,.F.);
#8317 = EDGE_CURVE('',#8318,#8290,#8320,.T.);
#8318 = VERTEX_POINT('',#8319);
#8319 = CARTESIAN_POINT('',(-0.325,-0.181813366389,6.541154699934E-02));
#8320 = SURFACE_CURVE('',#8321,(#8326,#8333),.PCURVE_S1.);
#8321 = CIRCLE('',#8322,3.E-02);
#8322 = AXIS2_PLACEMENT_3D('',#8323,#8324,#8325);
#8323 = CARTESIAN_POINT('',(-0.325,-0.175,3.619548911246E-02));
#8324 = DIRECTION('',(1.,-5.243344273594E-32,-2.289834988289E-16));
#8325 = DIRECTION('',(-2.080052407982E-46,1.,-2.289834988289E-16));
#8326 = PCURVE('',#7864,#8327);
#8327 = DEFINITIONAL_REPRESENTATION('',(#8328),#8332);
#8328 = CIRCLE('',#8329,3.E-02);
#8329 = AXIS2_PLACEMENT_2D('',#8330,#8331);
#8330 = CARTESIAN_POINT('',(-0.295779075398,-0.134304741903));
#8331 = DIRECTION('',(1.,-2.289834988289E-16));
#8332 = ( GEOMETRIC_REPRESENTATION_CONTEXT(2) 
PARAMETRIC_REPRESENTATION_CONTEXT() REPRESENTATION_CONTEXT('2D SPACE',''
  ) );
#8333 = PCURVE('',#8334,#8339);
#8334 = CYLINDRICAL_SURFACE('',#8335,3.E-02);
#8335 = AXIS2_PLACEMENT_3D('',#8336,#8337,#8338);
#8336 = CARTESIAN_POINT('',(-0.325,-0.175,3.619548911246E-02));
#8337 = DIRECTION('',(1.,-5.243344273594E-32,-2.289834988289E-16));
#8338 = DIRECTION('',(-2.080052407982E-46,1.,-2.289834988289E-16));
#8339 = DEFINITIONAL_REPRESENTATION('',(#8340),#8344);
#8340 = LINE('',#8341,#8342);
#8341 = CARTESIAN_POINT('',(-6.661338147751E-16,0.));
#8342 = VECTOR('',#8343,1.);
#8343 = DIRECTION('',(1.,0.));
#8344 = ( GEOMETRIC_REPRESENTATION_CONTEXT(2) 
PARAMETRIC_REPRESENTATION_CONTEXT() REPRESENTATION_CONTEXT('2D SPACE',''
  ) );
#8345 = ORIENTED_EDGE('',*,*,#8346,.T.);
#8346 = EDGE_CURVE('',#8318,#8347,#8349,.T.);
#8347 = VERTEX_POINT('',#8348);
#8348 = CARTESIAN_POINT('',(-0.325,-0.125,7.866077735406E-02));
#8349 = SURFACE_CURVE('',#8350,(#8354,#8361),.PCURVE_S1.);
#8350 = LINE('',#8351,#8352);
#8351 = CARTESIAN_POINT('',(-0.325,-0.181813366389,6.541154699934E-02));
#8352 = VECTOR('',#8353,1.);
#8353 = DIRECTION('',(5.200494915182E-17,0.973868596229,0.227112212966)
  );
#8354 = PCURVE('',#7864,#8355);
#8355 = DEFINITIONAL_REPRESENTATION('',(#8356),#8360);
#8356 = LINE('',#8357,#8358);
#8357 = CARTESIAN_POINT('',(-0.302592441787,-0.105088684016));
#8358 = VECTOR('',#8359,1.);
#8359 = DIRECTION('',(0.973868596229,0.227112212966));
#8360 = ( GEOMETRIC_REPRESENTATION_CONTEXT(2) 
PARAMETRIC_REPRESENTATION_CONTEXT() REPRESENTATION_CONTEXT('2D SPACE',''
  ) );
#8361 = PCURVE('',#8362,#8367);
#8362 = PLANE('',#8363);
#8363 = AXIS2_PLACEMENT_3D('',#8364,#8365,#8366);
#8364 = CARTESIAN_POINT('',(-0.325,-0.181813366389,6.541154699934E-02));
#8365 = DIRECTION('',(2.229998385642E-16,-0.227112212966,0.973868596229)
  );
#8366 = DIRECTION('',(5.200494915182E-17,0.973868596229,0.227112212966)
  );
#8367 = DEFINITIONAL_REPRESENTATION('',(#8368),#8372);
#8368 = LINE('',#8369,#8370);
#8369 = CARTESIAN_POINT('',(0.,0.));
#8370 = VECTOR('',#8371,1.);
#8371 = DIRECTION('',(1.,-3.697785493223E-32));
#8372 = ( GEOMETRIC_REPRESENTATION_CONTEXT(2) 
PARAMETRIC_REPRESENTATION_CONTEXT() REPRESENTATION_CONTEXT('2D SPACE',''
  ) );
#8373 = ORIENTED_EDGE('',*,*,#8374,.F.);
#8374 = EDGE_CURVE('',#8143,#8347,#8375,.T.);
#8375 = SURFACE_CURVE('',#8376,(#8380,#8387),.PCURVE_S1.);
#8376 = LINE('',#8377,#8378);
#8377 = CARTESIAN_POINT('',(-0.325,-0.125,0.841614));
#8378 = VECTOR('',#8379,1.);
#8379 = DIRECTION('',(-2.289834988289E-16,-1.065228634467E-16,-1.));
#8380 = PCURVE('',#7864,#8381);
#8381 = DEFINITIONAL_REPRESENTATION('',(#8382),#8386);
#8382 = LINE('',#8383,#8384);
#8383 = CARTESIAN_POINT('',(-0.245779075398,0.671113768985));
#8384 = VECTOR('',#8385,1.);
#8385 = DIRECTION('',(-1.065228634467E-16,-1.));
#8386 = ( GEOMETRIC_REPRESENTATION_CONTEXT(2) 
PARAMETRIC_REPRESENTATION_CONTEXT() REPRESENTATION_CONTEXT('2D SPACE',''
  ) );
#8387 = PCURVE('',#8388,#8393);
#8388 = PLANE('',#8389);
#8389 = AXIS2_PLACEMENT_3D('',#8390,#8391,#8392);
#8390 = CARTESIAN_POINT('',(-0.175,-0.125,7.866077735406E-02));
#8391 = DIRECTION('',(2.804146475864E-32,1.,-1.065228634467E-16));
#8392 = DIRECTION('',(-2.289834988289E-16,-1.065228634467E-16,-1.));
#8393 = DEFINITIONAL_REPRESENTATION('',(#8394),#8398);
#8394 = LINE('',#8395,#8396);
#8395 = CARTESIAN_POINT('',(-0.762953222646,0.15));
#8396 = VECTOR('',#8397,1.);
#8397 = DIRECTION('',(1.,0.));
#8398 = ( GEOMETRIC_REPRESENTATION_CONTEXT(2) 
PARAMETRIC_REPRESENTATION_CONTEXT() REPRESENTATION_CONTEXT('2D SPACE',''
  ) );
#8399 = ADVANCED_FACE('',(#8400),#3876,.F.);
#8400 = FACE_BOUND('',#8401,.F.);
#8401 = EDGE_LOOP('',(#8402,#8424,#8425,#8447));
#8402 = ORIENTED_EDGE('',*,*,#8403,.T.);
#8403 = EDGE_CURVE('',#4454,#3854,#8404,.T.);
#8404 = SURFACE_CURVE('',#8405,(#8410,#8417),.PCURVE_S1.);
#8405 = CIRCLE('',#8406,5.E-02);
#8406 = AXIS2_PLACEMENT_3D('',#8407,#8408,#8409);
#8407 = CARTESIAN_POINT('',(-1.325,0.225,0.11));
#8408 = DIRECTION('',(1.,-5.243344273594E-32,-2.289834988289E-16));
#8409 = DIRECTION('',(-2.080052407982E-46,1.,-2.289834988289E-16));
#8410 = PCURVE('',#3876,#8411);
#8411 = DEFINITIONAL_REPRESENTATION('',(#8412),#8416);
#8412 = LINE('',#8413,#8414);
#8413 = CARTESIAN_POINT('',(-2.22044604925E-16,0.));
#8414 = VECTOR('',#8415,1.);
#8415 = DIRECTION('',(1.,0.));
#8416 = ( GEOMETRIC_REPRESENTATION_CONTEXT(2) 
PARAMETRIC_REPRESENTATION_CONTEXT() REPRESENTATION_CONTEXT('2D SPACE',''
  ) );
#8417 = PCURVE('',#1324,#8418);
#8418 = DEFINITIONAL_REPRESENTATION('',(#8419),#8423);
#8419 = CIRCLE('',#8420,5.E-02);
#8420 = AXIS2_PLACEMENT_2D('',#8421,#8422);
#8421 = CARTESIAN_POINT('',(0.104220924602,-6.050023101547E-02));
#8422 = DIRECTION('',(1.,-2.289834988289E-16));
#8423 = ( GEOMETRIC_REPRESENTATION_CONTEXT(2) 
PARAMETRIC_REPRESENTATION_CONTEXT() REPRESENTATION_CONTEXT('2D SPACE',''
  ) );
#8424 = ORIENTED_EDGE('',*,*,#3853,.T.);
#8425 = ORIENTED_EDGE('',*,*,#8426,.F.);
#8426 = EDGE_CURVE('',#4431,#3856,#8427,.T.);
#8427 = SURFACE_CURVE('',#8428,(#8433,#8440),.PCURVE_S1.);
#8428 = CIRCLE('',#8429,5.E-02);
#8429 = AXIS2_PLACEMENT_3D('',#8430,#8431,#8432);
#8430 = CARTESIAN_POINT('',(-1.175,0.225,0.11));
#8431 = DIRECTION('',(1.,-5.243344273594E-32,-2.289834988289E-16));
#8432 = DIRECTION('',(-2.080052407982E-46,1.,-2.289834988289E-16));
#8433 = PCURVE('',#3876,#8434);
#8434 = DEFINITIONAL_REPRESENTATION('',(#8435),#8439);
#8435 = LINE('',#8436,#8437);
#8436 = CARTESIAN_POINT('',(-2.22044604925E-16,0.15));
#8437 = VECTOR('',#8438,1.);
#8438 = DIRECTION('',(1.,0.));
#8439 = ( GEOMETRIC_REPRESENTATION_CONTEXT(2) 
PARAMETRIC_REPRESENTATION_CONTEXT() REPRESENTATION_CONTEXT('2D SPACE',''
  ) );
#8440 = PCURVE('',#1269,#8441);
#8441 = DEFINITIONAL_REPRESENTATION('',(#8442),#8446);
#8442 = CIRCLE('',#8443,5.E-02);
#8443 = AXIS2_PLACEMENT_2D('',#8444,#8445);
#8444 = CARTESIAN_POINT('',(0.104220924602,-6.050023101547E-02));
#8445 = DIRECTION('',(1.,-2.289834988289E-16));
#8446 = ( GEOMETRIC_REPRESENTATION_CONTEXT(2) 
PARAMETRIC_REPRESENTATION_CONTEXT() REPRESENTATION_CONTEXT('2D SPACE',''
  ) );
#8447 = ORIENTED_EDGE('',*,*,#4453,.F.);
#8448 = ADVANCED_FACE('',(#8449),#8463,.T.);
#8449 = FACE_BOUND('',#8450,.T.);
#8450 = EDGE_LOOP('',(#8451,#8486,#8514,#8537));
#8451 = ORIENTED_EDGE('',*,*,#8452,.F.);
#8452 = EDGE_CURVE('',#8453,#8455,#8457,.T.);
#8453 = VERTEX_POINT('',#8454);
#8454 = CARTESIAN_POINT('',(2.1,-0.205,8.E-02));
#8455 = VERTEX_POINT('',#8456);
#8456 = CARTESIAN_POINT('',(2.1,-0.125,8.E-02));
#8457 = SURFACE_CURVE('',#8458,(#8462,#8474),.PCURVE_S1.);
#8458 = LINE('',#8459,#8460);
#8459 = CARTESIAN_POINT('',(2.1,-0.430137,8.E-02));
#8460 = VECTOR('',#8461,1.);
#8461 = DIRECTION('',(-1.224606353822E-16,1.,-2.289834988289E-16));
#8462 = PCURVE('',#8463,#8468);
#8463 = PLANE('',#8464);
#8464 = AXIS2_PLACEMENT_3D('',#8465,#8466,#8467);
#8465 = CARTESIAN_POINT('',(2.075,-0.275,5.5E-02));
#8466 = DIRECTION('',(0.707106781187,-7.532303909457E-17,-0.707106781187
    ));
#8467 = DIRECTION('',(-0.707106781187,6.231304445401E-16,-0.707106781187
    ));
#8468 = DEFINITIONAL_REPRESENTATION('',(#8469),#8473);
#8469 = LINE('',#8470,#8471);
#8470 = CARTESIAN_POINT('',(-3.535533905933E-02,-0.155137));
#8471 = VECTOR('',#8472,1.);
#8472 = DIRECTION('',(8.716389750491E-16,1.));
#8473 = ( GEOMETRIC_REPRESENTATION_CONTEXT(2) 
PARAMETRIC_REPRESENTATION_CONTEXT() REPRESENTATION_CONTEXT('2D SPACE',''
  ) );
#8474 = PCURVE('',#8475,#8480);
#8475 = PLANE('',#8476);
#8476 = AXIS2_PLACEMENT_3D('',#8477,#8478,#8479);
#8477 = CARTESIAN_POINT('',(2.1625,-0.125,8.E-02));
#8478 = DIRECTION('',(-2.289834988289E-16,-2.289834988289E-16,-1.));
#8479 = DIRECTION('',(0.,-1.,2.289834988289E-16));
#8480 = DEFINITIONAL_REPRESENTATION('',(#8481),#8485);
#8481 = LINE('',#8482,#8483);
#8482 = CARTESIAN_POINT('',(0.305137,6.25E-02));
#8483 = VECTOR('',#8484,1.);
#8484 = DIRECTION('',(-1.,1.224606353822E-16));
#8485 = ( GEOMETRIC_REPRESENTATION_CONTEXT(2) 
PARAMETRIC_REPRESENTATION_CONTEXT() REPRESENTATION_CONTEXT('2D SPACE',''
  ) );
#8486 = ORIENTED_EDGE('',*,*,#8487,.T.);
#8487 = EDGE_CURVE('',#8453,#8488,#8490,.T.);
#8488 = VERTEX_POINT('',#8489);
#8489 = CARTESIAN_POINT('',(2.05,-0.425,3.E-02));
#8490 = SURFACE_CURVE('',#8491,(#8495,#8502),.PCURVE_S1.);
#8491 = LINE('',#8492,#8493);
#8492 = CARTESIAN_POINT('',(2.0488325,-0.430137,2.88325E-02));
#8493 = VECTOR('',#8494,1.);
#8494 = DIRECTION('',(-0.216371161204,-0.952033109297,-0.216371161204));
#8495 = PCURVE('',#8463,#8496);
#8496 = DEFINITIONAL_REPRESENTATION('',(#8497),#8501);
#8497 = LINE('',#8498,#8499);
#8498 = CARTESIAN_POINT('',(3.70064333934E-02,-0.155137));
#8499 = VECTOR('',#8500,1.);
#8500 = DIRECTION('',(0.305995030681,-0.952033109297));
#8501 = ( GEOMETRIC_REPRESENTATION_CONTEXT(2) 
PARAMETRIC_REPRESENTATION_CONTEXT() REPRESENTATION_CONTEXT('2D SPACE',''
  ) );
#8502 = PCURVE('',#8503,#8508);
#8503 = PLANE('',#8504);
#8504 = AXIS2_PLACEMENT_3D('',#8505,#8506,#8507);
#8505 = CARTESIAN_POINT('',(2.1625,-0.205,8.E-02));
#8506 = DIRECTION('',(-2.232893331422E-16,0.221621103589,-0.975132855791
    ));
#8507 = DIRECTION('',(-5.074757571413E-17,-0.975132855791,
    -0.221621103589));
#8508 = DEFINITIONAL_REPRESENTATION('',(#8509),#8513);
#8509 = LINE('',#8510,#8511);
#8510 = CARTESIAN_POINT('',(0.230878283572,0.1136675));
#8511 = VECTOR('',#8512,1.);
#8512 = DIRECTION('',(0.976311180208,0.216371161204));
#8513 = ( GEOMETRIC_REPRESENTATION_CONTEXT(2) 
PARAMETRIC_REPRESENTATION_CONTEXT() REPRESENTATION_CONTEXT('2D SPACE',''
  ) );
#8514 = ORIENTED_EDGE('',*,*,#8515,.F.);
#8515 = EDGE_CURVE('',#8516,#8488,#8518,.T.);
#8516 = VERTEX_POINT('',#8517);
#8517 = CARTESIAN_POINT('',(2.05,-0.125,3.E-02));
#8518 = SURFACE_CURVE('',#8519,(#8523,#8530),.PCURVE_S1.);
#8519 = LINE('',#8520,#8521);
#8520 = CARTESIAN_POINT('',(2.05,-0.430137,3.E-02));
#8521 = VECTOR('',#8522,1.);
#8522 = DIRECTION('',(-3.675722875075E-32,-1.,1.065228634467E-16));
#8523 = PCURVE('',#8463,#8524);
#8524 = DEFINITIONAL_REPRESENTATION('',(#8525),#8529);
#8525 = LINE('',#8526,#8527);
#8526 = CARTESIAN_POINT('',(3.535533905933E-02,-0.155137));
#8527 = VECTOR('',#8528,1.);
#8528 = DIRECTION('',(-6.984534836347E-16,-1.));
#8529 = ( GEOMETRIC_REPRESENTATION_CONTEXT(2) 
PARAMETRIC_REPRESENTATION_CONTEXT() REPRESENTATION_CONTEXT('2D SPACE',''
  ) );
#8530 = PCURVE('',#649,#8531);
#8531 = DEFINITIONAL_REPRESENTATION('',(#8532),#8536);
#8532 = LINE('',#8533,#8534);
#8533 = CARTESIAN_POINT('',(0.305137,-49.1525));
#8534 = VECTOR('',#8535,1.);
#8535 = DIRECTION('',(1.,8.715763992105E-33));
#8536 = ( GEOMETRIC_REPRESENTATION_CONTEXT(2) 
PARAMETRIC_REPRESENTATION_CONTEXT() REPRESENTATION_CONTEXT('2D SPACE',''
  ) );
#8537 = ORIENTED_EDGE('',*,*,#8538,.F.);
#8538 = EDGE_CURVE('',#8455,#8516,#8539,.T.);
#8539 = SURFACE_CURVE('',#8540,(#8544,#8551),.PCURVE_S1.);
#8540 = LINE('',#8541,#8542);
#8541 = CARTESIAN_POINT('',(-13.5,-0.125,-15.52));
#8542 = VECTOR('',#8543,1.);
#8543 = DIRECTION('',(-0.707106781187,-1.064046335705E-16,
    -0.707106781187));
#8544 = PCURVE('',#8463,#8545);
#8545 = DEFINITIONAL_REPRESENTATION('',(#8546),#8550);
#8546 = LINE('',#8547,#8548);
#8547 = CARTESIAN_POINT('',(22.026376233961,0.15));
#8548 = VECTOR('',#8549,1.);
#8549 = DIRECTION('',(1.,-7.295350781106E-16));
#8550 = ( GEOMETRIC_REPRESENTATION_CONTEXT(2) 
PARAMETRIC_REPRESENTATION_CONTEXT() REPRESENTATION_CONTEXT('2D SPACE',''
  ) );
#8551 = PCURVE('',#4014,#8552);
#8552 = DEFINITIONAL_REPRESENTATION('',(#8553),#8557);
#8553 = LINE('',#8554,#8555);
#8554 = CARTESIAN_POINT('',(15.83,15.825));
#8555 = VECTOR('',#8556,1.);
#8556 = DIRECTION('',(0.707106781187,0.707106781187));
#8557 = ( GEOMETRIC_REPRESENTATION_CONTEXT(2) 
PARAMETRIC_REPRESENTATION_CONTEXT() REPRESENTATION_CONTEXT('2D SPACE',''
  ) );
#8558 = ADVANCED_FACE('',(#8559),#3702,.T.);
#8559 = FACE_BOUND('',#8560,.T.);
#8560 = EDGE_LOOP('',(#8561,#8584,#8585,#8608));
#8561 = ORIENTED_EDGE('',*,*,#8562,.F.);
#8562 = EDGE_CURVE('',#3687,#8563,#8565,.T.);
#8563 = VERTEX_POINT('',#8564);
#8564 = CARTESIAN_POINT('',(2.765,-2.775,0.72));
#8565 = SURFACE_CURVE('',#8566,(#8570,#8577),.PCURVE_S1.);
#8566 = LINE('',#8567,#8568);
#8567 = CARTESIAN_POINT('',(-16.,-2.775,0.72));
#8568 = VECTOR('',#8569,1.);
#8569 = DIRECTION('',(1.,-5.243344273594E-32,-2.289834988289E-16));
#8570 = PCURVE('',#3702,#8571);
#8571 = DEFINITIONAL_REPRESENTATION('',(#8572),#8576);
#8572 = LINE('',#8573,#8574);
#8573 = CARTESIAN_POINT('',(0.45,9.215));
#8574 = VECTOR('',#8575,1.);
#8575 = DIRECTION('',(-9.031806508344E-47,-1.));
#8576 = ( GEOMETRIC_REPRESENTATION_CONTEXT(2) 
PARAMETRIC_REPRESENTATION_CONTEXT() REPRESENTATION_CONTEXT('2D SPACE',''
  ) );
#8577 = PCURVE('',#3728,#8578);
#8578 = DEFINITIONAL_REPRESENTATION('',(#8579),#8583);
#8579 = LINE('',#8580,#8581);
#8580 = CARTESIAN_POINT('',(6.222522497268E-16,-22.785));
#8581 = VECTOR('',#8582,1.);
#8582 = DIRECTION('',(-1.972152263053E-31,1.));
#8583 = ( GEOMETRIC_REPRESENTATION_CONTEXT(2) 
PARAMETRIC_REPRESENTATION_CONTEXT() REPRESENTATION_CONTEXT('2D SPACE',''
  ) );
#8584 = ORIENTED_EDGE('',*,*,#3686,.F.);
#8585 = ORIENTED_EDGE('',*,*,#8586,.F.);
#8586 = EDGE_CURVE('',#8587,#3659,#8589,.T.);
#8587 = VERTEX_POINT('',#8588);
#8588 = CARTESIAN_POINT('',(2.765,-2.225,0.72));
#8589 = SURFACE_CURVE('',#8590,(#8594,#8601),.PCURVE_S1.);
#8590 = LINE('',#8591,#8592);
#8591 = CARTESIAN_POINT('',(-6.235,-2.225,0.72));
#8592 = VECTOR('',#8593,1.);
#8593 = DIRECTION('',(-1.,5.243344273594E-32,2.289834988289E-16));
#8594 = PCURVE('',#3702,#8595);
#8595 = DEFINITIONAL_REPRESENTATION('',(#8596),#8600);
#8596 = LINE('',#8597,#8598);
#8597 = CARTESIAN_POINT('',(-0.1,-0.55));
#8598 = VECTOR('',#8599,1.);
#8599 = DIRECTION('',(9.031806508344E-47,1.));
#8600 = ( GEOMETRIC_REPRESENTATION_CONTEXT(2) 
PARAMETRIC_REPRESENTATION_CONTEXT() REPRESENTATION_CONTEXT('2D SPACE',''
  ) );
#8601 = PCURVE('',#3674,#8602);
#8602 = DEFINITIONAL_REPRESENTATION('',(#8603),#8607);
#8603 = LINE('',#8604,#8605);
#8604 = CARTESIAN_POINT('',(0.401123422403,-13.));
#8605 = VECTOR('',#8606,1.);
#8606 = DIRECTION('',(1.54074395551E-32,-1.));
#8607 = ( GEOMETRIC_REPRESENTATION_CONTEXT(2) 
PARAMETRIC_REPRESENTATION_CONTEXT() REPRESENTATION_CONTEXT('2D SPACE',''
  ) );
#8608 = ORIENTED_EDGE('',*,*,#8609,.F.);
#8609 = EDGE_CURVE('',#8563,#8587,#8610,.T.);
#8610 = SURFACE_CURVE('',#8611,(#8615,#8622),.PCURVE_S1.);
#8611 = LINE('',#8612,#8613);
#8612 = CARTESIAN_POINT('',(2.765,-1.050063769579,0.72));
#8613 = VECTOR('',#8614,1.);
#8614 = DIRECTION('',(2.804146475864E-32,1.,-1.065228634467E-16));
#8615 = PCURVE('',#3702,#8616);
#8616 = DEFINITIONAL_REPRESENTATION('',(#8617),#8621);
#8617 = LINE('',#8618,#8619);
#8618 = CARTESIAN_POINT('',(-1.274936230421,-9.55));
#8619 = VECTOR('',#8620,1.);
#8620 = DIRECTION('',(-1.,-2.736911063134E-48));
#8621 = ( GEOMETRIC_REPRESENTATION_CONTEXT(2) 
PARAMETRIC_REPRESENTATION_CONTEXT() REPRESENTATION_CONTEXT('2D SPACE',''
  ) );
#8622 = PCURVE('',#4117,#8623);
#8623 = DEFINITIONAL_REPRESENTATION('',(#8624),#8628);
#8624 = LINE('',#8625,#8626);
#8625 = CARTESIAN_POINT('',(1.874936230421,0.33));
#8626 = VECTOR('',#8627,1.);
#8627 = DIRECTION('',(1.,-1.224606353822E-16));
#8628 = ( GEOMETRIC_REPRESENTATION_CONTEXT(2) 
PARAMETRIC_REPRESENTATION_CONTEXT() REPRESENTATION_CONTEXT('2D SPACE',''
  ) );
#8629 = ADVANCED_FACE('',(#8630),#3618,.T.);
#8630 = FACE_BOUND('',#8631,.T.);
#8631 = EDGE_LOOP('',(#8632,#8655,#8676,#8677));
#8632 = ORIENTED_EDGE('',*,*,#8633,.F.);
#8633 = EDGE_CURVE('',#8634,#3575,#8636,.T.);
#8634 = VERTEX_POINT('',#8635);
#8635 = CARTESIAN_POINT('',(2.765,-1.725,0.33));
#8636 = SURFACE_CURVE('',#8637,(#8641,#8648),.PCURVE_S1.);
#8637 = LINE('',#8638,#8639);
#8638 = CARTESIAN_POINT('',(-0.5,-1.725,0.33));
#8639 = VECTOR('',#8640,1.);
#8640 = DIRECTION('',(-1.,5.243344273594E-32,2.289834988289E-16));
#8641 = PCURVE('',#3618,#8642);
#8642 = DEFINITIONAL_REPRESENTATION('',(#8643),#8647);
#8643 = LINE('',#8644,#8645);
#8644 = CARTESIAN_POINT('',(0.15745549758,18.120719514881));
#8645 = VECTOR('',#8646,1.);
#8646 = DIRECTION('',(0.,-1.));
#8647 = ( GEOMETRIC_REPRESENTATION_CONTEXT(2) 
PARAMETRIC_REPRESENTATION_CONTEXT() REPRESENTATION_CONTEXT('2D SPACE',''
  ) );
#8648 = PCURVE('',#3590,#8649);
#8649 = DEFINITIONAL_REPRESENTATION('',(#8650),#8654);
#8650 = LINE('',#8651,#8652);
#8651 = CARTESIAN_POINT('',(7.085,-3.701567745039E-31));
#8652 = VECTOR('',#8653,1.);
#8653 = DIRECTION('',(1.,-2.736911063134E-48));
#8654 = ( GEOMETRIC_REPRESENTATION_CONTEXT(2) 
PARAMETRIC_REPRESENTATION_CONTEXT() REPRESENTATION_CONTEXT('2D SPACE',''
  ) );
#8655 = ORIENTED_EDGE('',*,*,#8656,.F.);
#8656 = EDGE_CURVE('',#4706,#8634,#8657,.T.);
#8657 = SURFACE_CURVE('',#8658,(#8662,#8669),.PCURVE_S1.);
#8658 = LINE('',#8659,#8660);
#8659 = CARTESIAN_POINT('',(2.765,-1.725,0.402847335292));
#8660 = VECTOR('',#8661,1.);
#8661 = DIRECTION('',(-2.289834988289E-16,-1.065228634467E-16,-1.));
#8662 = PCURVE('',#3618,#8663);
#8663 = DEFINITIONAL_REPRESENTATION('',(#8664),#8668);
#8664 = LINE('',#8665,#8666);
#8665 = CARTESIAN_POINT('',(8.460816228835E-02,21.385719514881));
#8666 = VECTOR('',#8667,1.);
#8667 = DIRECTION('',(1.,0.));
#8668 = ( GEOMETRIC_REPRESENTATION_CONTEXT(2) 
PARAMETRIC_REPRESENTATION_CONTEXT() REPRESENTATION_CONTEXT('2D SPACE',''
  ) );
#8669 = PCURVE('',#4117,#8670);
#8670 = DEFINITIONAL_REPRESENTATION('',(#8671),#8675);
#8671 = LINE('',#8672,#8673);
#8672 = CARTESIAN_POINT('',(1.2,0.647152664708));
#8673 = VECTOR('',#8674,1.);
#8674 = DIRECTION('',(1.224606353822E-16,1.));
#8675 = ( GEOMETRIC_REPRESENTATION_CONTEXT(2) 
PARAMETRIC_REPRESENTATION_CONTEXT() REPRESENTATION_CONTEXT('2D SPACE',''
  ) );
#8676 = ORIENTED_EDGE('',*,*,#4705,.T.);
#8677 = ORIENTED_EDGE('',*,*,#3602,.T.);
#8678 = ADVANCED_FACE('',(#8679),#1269,.T.);
#8679 = FACE_BOUND('',#8680,.T.);
#8680 = EDGE_LOOP('',(#8681,#8682,#8683,#8684,#8705,#8706,#8727,#8728,
    #8729,#8730,#8753));
#8681 = ORIENTED_EDGE('',*,*,#4681,.T.);
#8682 = ORIENTED_EDGE('',*,*,#5852,.F.);
#8683 = ORIENTED_EDGE('',*,*,#1252,.T.);
#8684 = ORIENTED_EDGE('',*,*,#8685,.F.);
#8685 = EDGE_CURVE('',#5147,#1220,#8686,.T.);
#8686 = SURFACE_CURVE('',#8687,(#8691,#8698),.PCURVE_S1.);
#8687 = LINE('',#8688,#8689);
#8688 = CARTESIAN_POINT('',(-1.175,-0.205,0.841614));
#8689 = VECTOR('',#8690,1.);
#8690 = DIRECTION('',(2.289834988289E-16,2.289834988289E-16,1.));
#8691 = PCURVE('',#1269,#8692);
#8692 = DEFINITIONAL_REPRESENTATION('',(#8693),#8697);
#8693 = LINE('',#8694,#8695);
#8694 = CARTESIAN_POINT('',(-0.325779075398,0.671113768985));
#8695 = VECTOR('',#8696,1.);
#8696 = DIRECTION('',(2.289834988289E-16,1.));
#8697 = ( GEOMETRIC_REPRESENTATION_CONTEXT(2) 
PARAMETRIC_REPRESENTATION_CONTEXT() REPRESENTATION_CONTEXT('2D SPACE',''
  ) );
#8698 = PCURVE('',#1240,#8699);
#8699 = DEFINITIONAL_REPRESENTATION('',(#8700),#8704);
#8700 = LINE('',#8701,#8702);
#8701 = CARTESIAN_POINT('',(0.841614,-0.15));
#8702 = VECTOR('',#8703,1.);
#8703 = DIRECTION('',(1.,0.));
#8704 = ( GEOMETRIC_REPRESENTATION_CONTEXT(2) 
PARAMETRIC_REPRESENTATION_CONTEXT() REPRESENTATION_CONTEXT('2D SPACE',''
  ) );
#8705 = ORIENTED_EDGE('',*,*,#5146,.F.);
#8706 = ORIENTED_EDGE('',*,*,#8707,.F.);
#8707 = EDGE_CURVE('',#3889,#5119,#8708,.T.);
#8708 = SURFACE_CURVE('',#8709,(#8713,#8720),.PCURVE_S1.);
#8709 = LINE('',#8710,#8711);
#8710 = CARTESIAN_POINT('',(-1.175,-0.430137,-0.555137));
#8711 = VECTOR('',#8712,1.);
#8712 = DIRECTION('',(-1.619157848018E-16,-0.707106781187,
    -0.707106781186));
#8713 = PCURVE('',#1269,#8714);
#8714 = DEFINITIONAL_REPRESENTATION('',(#8715),#8719);
#8715 = LINE('',#8716,#8717);
#8716 = CARTESIAN_POINT('',(-0.550916075398,-0.725637231015));
#8717 = VECTOR('',#8718,1.);
#8718 = DIRECTION('',(-0.707106781187,-0.707106781186));
#8719 = ( GEOMETRIC_REPRESENTATION_CONTEXT(2) 
PARAMETRIC_REPRESENTATION_CONTEXT() REPRESENTATION_CONTEXT('2D SPACE',''
  ) );
#8720 = PCURVE('',#3927,#8721);
#8721 = DEFINITIONAL_REPRESENTATION('',(#8722),#8726);
#8722 = LINE('',#8723,#8724);
#8723 = CARTESIAN_POINT('',(0.855792952494,-0.15));
#8724 = VECTOR('',#8725,1.);
#8725 = DIRECTION('',(1.,-7.395570986447E-32));
#8726 = ( GEOMETRIC_REPRESENTATION_CONTEXT(2) 
PARAMETRIC_REPRESENTATION_CONTEXT() REPRESENTATION_CONTEXT('2D SPACE',''
  ) );
#8727 = ORIENTED_EDGE('',*,*,#3888,.F.);
#8728 = ORIENTED_EDGE('',*,*,#8426,.F.);
#8729 = ORIENTED_EDGE('',*,*,#4430,.F.);
#8730 = ORIENTED_EDGE('',*,*,#8731,.F.);
#8731 = EDGE_CURVE('',#8732,#4403,#8734,.T.);
#8732 = VERTEX_POINT('',#8733);
#8733 = CARTESIAN_POINT('',(-1.175,-0.125,0.31));
#8734 = SURFACE_CURVE('',#8735,(#8739,#8746),.PCURVE_S1.);
#8735 = LINE('',#8736,#8737);
#8736 = CARTESIAN_POINT('',(-1.175,-0.430137,0.31));
#8737 = VECTOR('',#8738,1.);
#8738 = DIRECTION('',(2.804146475864E-32,1.,-1.065228634467E-16));
#8739 = PCURVE('',#1269,#8740);
#8740 = DEFINITIONAL_REPRESENTATION('',(#8741),#8745);
#8741 = LINE('',#8742,#8743);
#8742 = CARTESIAN_POINT('',(-0.550916075398,0.139499768985));
#8743 = VECTOR('',#8744,1.);
#8744 = DIRECTION('',(1.,-1.065228634467E-16));
#8745 = ( GEOMETRIC_REPRESENTATION_CONTEXT(2) 
PARAMETRIC_REPRESENTATION_CONTEXT() REPRESENTATION_CONTEXT('2D SPACE',''
  ) );
#8746 = PCURVE('',#512,#8747);
#8747 = DEFINITIONAL_REPRESENTATION('',(#8748),#8752);
#8748 = LINE('',#8749,#8750);
#8749 = CARTESIAN_POINT('',(2.525,0.978861317761));
#8750 = VECTOR('',#8751,1.);
#8751 = DIRECTION('',(-9.031806508344E-47,-1.));
#8752 = ( GEOMETRIC_REPRESENTATION_CONTEXT(2) 
PARAMETRIC_REPRESENTATION_CONTEXT() REPRESENTATION_CONTEXT('2D SPACE',''
  ) );
#8753 = ORIENTED_EDGE('',*,*,#8754,.T.);
#8754 = EDGE_CURVE('',#8732,#1578,#8755,.T.);
#8755 = SURFACE_CURVE('',#8756,(#8760,#8767),.PCURVE_S1.);
#8756 = LINE('',#8757,#8758);
#8757 = CARTESIAN_POINT('',(-1.175,-0.125,0.841614));
#8758 = VECTOR('',#8759,1.);
#8759 = DIRECTION('',(-2.289834988289E-16,-1.065228634467E-16,-1.));
#8760 = PCURVE('',#1269,#8761);
#8761 = DEFINITIONAL_REPRESENTATION('',(#8762),#8766);
#8762 = LINE('',#8763,#8764);
#8763 = CARTESIAN_POINT('',(-0.245779075398,0.671113768985));
#8764 = VECTOR('',#8765,1.);
#8765 = DIRECTION('',(-1.065228634467E-16,-1.));
#8766 = ( GEOMETRIC_REPRESENTATION_CONTEXT(2) 
PARAMETRIC_REPRESENTATION_CONTEXT() REPRESENTATION_CONTEXT('2D SPACE',''
  ) );
#8767 = PCURVE('',#1621,#8768);
#8768 = DEFINITIONAL_REPRESENTATION('',(#8769),#8773);
#8769 = LINE('',#8770,#8771);
#8770 = CARTESIAN_POINT('',(-0.531614,4.));
#8771 = VECTOR('',#8772,1.);
#8772 = DIRECTION('',(1.,0.));
#8773 = ( GEOMETRIC_REPRESENTATION_CONTEXT(2) 
PARAMETRIC_REPRESENTATION_CONTEXT() REPRESENTATION_CONTEXT('2D SPACE',''
  ) );
#8774 = ADVANCED_FACE('',(#8775),#8475,.T.);
#8775 = FACE_BOUND('',#8776,.T.);
#8776 = EDGE_LOOP('',(#8777,#8800,#8801,#8824,#8852,#8880));
#8777 = ORIENTED_EDGE('',*,*,#8778,.T.);
#8778 = EDGE_CURVE('',#8779,#8453,#8781,.T.);
#8779 = VERTEX_POINT('',#8780);
#8780 = CARTESIAN_POINT('',(2.4,-0.205,8.E-02));
#8781 = SURFACE_CURVE('',#8782,(#8786,#8793),.PCURVE_S1.);
#8782 = LINE('',#8783,#8784);
#8783 = CARTESIAN_POINT('',(-13.5,-0.205,8.E-02));
#8784 = VECTOR('',#8785,1.);
#8785 = DIRECTION('',(-1.,5.243344273594E-32,2.289834988289E-16));
#8786 = PCURVE('',#8475,#8787);
#8787 = DEFINITIONAL_REPRESENTATION('',(#8788),#8792);
#8788 = LINE('',#8789,#8790);
#8789 = CARTESIAN_POINT('',(8.E-02,15.6625));
#8790 = VECTOR('',#8791,1.);
#8791 = DIRECTION('',(2.080052407982E-46,1.));
#8792 = ( GEOMETRIC_REPRESENTATION_CONTEXT(2) 
PARAMETRIC_REPRESENTATION_CONTEXT() REPRESENTATION_CONTEXT('2D SPACE',''
  ) );
#8793 = PCURVE('',#8503,#8794);
#8794 = DEFINITIONAL_REPRESENTATION('',(#8795),#8799);
#8795 = LINE('',#8796,#8797);
#8796 = CARTESIAN_POINT('',(-1.749253556813E-18,15.6625));
#8797 = VECTOR('',#8798,1.);
#8798 = DIRECTION('',(-1.848892746612E-31,1.));
#8799 = ( GEOMETRIC_REPRESENTATION_CONTEXT(2) 
PARAMETRIC_REPRESENTATION_CONTEXT() REPRESENTATION_CONTEXT('2D SPACE',''
  ) );
#8800 = ORIENTED_EDGE('',*,*,#8452,.T.);
#8801 = ORIENTED_EDGE('',*,*,#8802,.T.);
#8802 = EDGE_CURVE('',#8455,#8803,#8805,.T.);
#8803 = VERTEX_POINT('',#8804);
#8804 = CARTESIAN_POINT('',(2.175,-0.125,8.E-02));
#8805 = SURFACE_CURVE('',#8806,(#8810,#8817),.PCURVE_S1.);
#8806 = LINE('',#8807,#8808);
#8807 = CARTESIAN_POINT('',(-13.5,-0.125,8.E-02));
#8808 = VECTOR('',#8809,1.);
#8809 = DIRECTION('',(1.,-5.243344273594E-32,-2.289834988289E-16));
#8810 = PCURVE('',#8475,#8811);
#8811 = DEFINITIONAL_REPRESENTATION('',(#8812),#8816);
#8812 = LINE('',#8813,#8814);
#8813 = CARTESIAN_POINT('',(8.198683773256E-31,15.6625));
#8814 = VECTOR('',#8815,1.);
#8815 = DIRECTION('',(-2.080052407982E-46,-1.));
#8816 = ( GEOMETRIC_REPRESENTATION_CONTEXT(2) 
PARAMETRIC_REPRESENTATION_CONTEXT() REPRESENTATION_CONTEXT('2D SPACE',''
  ) );
#8817 = PCURVE('',#4014,#8818);
#8818 = DEFINITIONAL_REPRESENTATION('',(#8819),#8823);
#8819 = LINE('',#8820,#8821);
#8820 = CARTESIAN_POINT('',(0.23,15.825));
#8821 = VECTOR('',#8822,1.);
#8822 = DIRECTION('',(0.,-1.));
#8823 = ( GEOMETRIC_REPRESENTATION_CONTEXT(2) 
PARAMETRIC_REPRESENTATION_CONTEXT() REPRESENTATION_CONTEXT('2D SPACE',''
  ) );
#8824 = ORIENTED_EDGE('',*,*,#8825,.T.);
#8825 = EDGE_CURVE('',#8803,#8826,#8828,.T.);
#8826 = VERTEX_POINT('',#8827);
#8827 = CARTESIAN_POINT('',(2.325,-0.125,8.E-02));
#8828 = SURFACE_CURVE('',#8829,(#8833,#8840),.PCURVE_S1.);
#8829 = LINE('',#8830,#8831);
#8830 = CARTESIAN_POINT('',(4.,-0.125,8.E-02));
#8831 = VECTOR('',#8832,1.);
#8832 = DIRECTION('',(1.,-5.243344273594E-32,-2.289834988289E-16));
#8833 = PCURVE('',#8475,#8834);
#8834 = DEFINITIONAL_REPRESENTATION('',(#8835),#8839);
#8835 = LINE('',#8836,#8837);
#8836 = CARTESIAN_POINT('',(-9.533353224717E-32,-1.8375));
#8837 = VECTOR('',#8838,1.);
#8838 = DIRECTION('',(-2.080052407982E-46,-1.));
#8839 = ( GEOMETRIC_REPRESENTATION_CONTEXT(2) 
PARAMETRIC_REPRESENTATION_CONTEXT() REPRESENTATION_CONTEXT('2D SPACE',''
  ) );
#8840 = PCURVE('',#8841,#8846);
#8841 = PLANE('',#8842);
#8842 = AXIS2_PLACEMENT_3D('',#8843,#8844,#8845);
#8843 = CARTESIAN_POINT('',(2.325,-0.125,7.866077735406E-02));
#8844 = DIRECTION('',(2.804146475864E-32,1.,-1.065228634467E-16));
#8845 = DIRECTION('',(-2.289834988289E-16,-1.065228634467E-16,-1.));
#8846 = DEFINITIONAL_REPRESENTATION('',(#8847),#8851);
#8847 = LINE('',#8848,#8849);
#8848 = CARTESIAN_POINT('',(-1.339222645935E-03,-1.675));
#8849 = VECTOR('',#8850,1.);
#8850 = DIRECTION('',(0.,-1.));
#8851 = ( GEOMETRIC_REPRESENTATION_CONTEXT(2) 
PARAMETRIC_REPRESENTATION_CONTEXT() REPRESENTATION_CONTEXT('2D SPACE',''
  ) );
#8852 = ORIENTED_EDGE('',*,*,#8853,.T.);
#8853 = EDGE_CURVE('',#8826,#8854,#8856,.T.);
#8854 = VERTEX_POINT('',#8855);
#8855 = CARTESIAN_POINT('',(2.4,-0.125,8.E-02));
#8856 = SURFACE_CURVE('',#8857,(#8861,#8868),.PCURVE_S1.);
#8857 = LINE('',#8858,#8859);
#8858 = CARTESIAN_POINT('',(-13.5,-0.125,8.E-02));
#8859 = VECTOR('',#8860,1.);
#8860 = DIRECTION('',(1.,-5.243344273594E-32,-2.289834988289E-16));
#8861 = PCURVE('',#8475,#8862);
#8862 = DEFINITIONAL_REPRESENTATION('',(#8863),#8867);
#8863 = LINE('',#8864,#8865);
#8864 = CARTESIAN_POINT('',(8.198683773256E-31,15.6625));
#8865 = VECTOR('',#8866,1.);
#8866 = DIRECTION('',(-2.080052407982E-46,-1.));
#8867 = ( GEOMETRIC_REPRESENTATION_CONTEXT(2) 
PARAMETRIC_REPRESENTATION_CONTEXT() REPRESENTATION_CONTEXT('2D SPACE',''
  ) );
#8868 = PCURVE('',#8869,#8874);
#8869 = PLANE('',#8870);
#8870 = AXIS2_PLACEMENT_3D('',#8871,#8872,#8873);
#8871 = CARTESIAN_POINT('',(2.325,-0.125,0.31));
#8872 = DIRECTION('',(2.804146475864E-32,1.,-1.065228634467E-16));
#8873 = DIRECTION('',(-2.289834988289E-16,-1.065228634467E-16,-1.));
#8874 = DEFINITIONAL_REPRESENTATION('',(#8875),#8879);
#8875 = LINE('',#8876,#8877);
#8876 = CARTESIAN_POINT('',(0.23,15.825));
#8877 = VECTOR('',#8878,1.);
#8878 = DIRECTION('',(0.,-1.));
#8879 = ( GEOMETRIC_REPRESENTATION_CONTEXT(2) 
PARAMETRIC_REPRESENTATION_CONTEXT() REPRESENTATION_CONTEXT('2D SPACE',''
  ) );
#8880 = ORIENTED_EDGE('',*,*,#8881,.F.);
#8881 = EDGE_CURVE('',#8779,#8854,#8882,.T.);
#8882 = SURFACE_CURVE('',#8883,(#8887,#8894),.PCURVE_S1.);
#8883 = LINE('',#8884,#8885);
#8884 = CARTESIAN_POINT('',(2.4,-0.430137,8.E-02));
#8885 = VECTOR('',#8886,1.);
#8886 = DIRECTION('',(1.224606353822E-16,1.,-2.289834988289E-16));
#8887 = PCURVE('',#8475,#8888);
#8888 = DEFINITIONAL_REPRESENTATION('',(#8889),#8893);
#8889 = LINE('',#8890,#8891);
#8890 = CARTESIAN_POINT('',(0.305137,-0.2375));
#8891 = VECTOR('',#8892,1.);
#8892 = DIRECTION('',(-1.,-1.224606353822E-16));
#8893 = ( GEOMETRIC_REPRESENTATION_CONTEXT(2) 
PARAMETRIC_REPRESENTATION_CONTEXT() REPRESENTATION_CONTEXT('2D SPACE',''
  ) );
#8894 = PCURVE('',#8895,#8900);
#8895 = PLANE('',#8896);
#8896 = AXIS2_PLACEMENT_3D('',#8897,#8898,#8899);
#8897 = CARTESIAN_POINT('',(2.425,-0.275,5.5E-02));
#8898 = DIRECTION('',(0.707106781187,7.532303909457E-17,0.707106781187)
  );
#8899 = DIRECTION('',(-0.707106781187,1.619157848018E-16,0.707106781187)
  );
#8900 = DEFINITIONAL_REPRESENTATION('',(#8901),#8905);
#8901 = LINE('',#8902,#8903);
#8902 = CARTESIAN_POINT('',(3.535533905933E-02,0.155137));
#8903 = VECTOR('',#8904,1.);
#8904 = DIRECTION('',(-8.65927457072E-17,-1.));
#8905 = ( GEOMETRIC_REPRESENTATION_CONTEXT(2) 
PARAMETRIC_REPRESENTATION_CONTEXT() REPRESENTATION_CONTEXT('2D SPACE',''
  ) );
#8906 = ADVANCED_FACE('',(#8907),#4117,.T.);
#8907 = FACE_BOUND('',#8908,.T.);
#8908 = EDGE_LOOP('',(#8909,#8932,#8933,#8954,#8955,#8956,#8979,#9000,
    #9001,#9024));
#8909 = ORIENTED_EDGE('',*,*,#8910,.F.);
#8910 = EDGE_CURVE('',#8563,#8911,#8913,.T.);
#8911 = VERTEX_POINT('',#8912);
#8912 = CARTESIAN_POINT('',(2.765,-2.905,0.893333333333));
#8913 = SURFACE_CURVE('',#8914,(#8918,#8925),.PCURVE_S1.);
#8914 = LINE('',#8915,#8916);
#8915 = CARTESIAN_POINT('',(2.765,-2.8662105,0.841614));
#8916 = VECTOR('',#8917,1.);
#8917 = DIRECTION('',(1.831867990632E-16,-0.6,0.8));
#8918 = PCURVE('',#4117,#8919);
#8919 = DEFINITIONAL_REPRESENTATION('',(#8920),#8924);
#8920 = LINE('',#8921,#8922);
#8921 = CARTESIAN_POINT('',(5.87895E-02,0.208386));
#8922 = VECTOR('',#8923,1.);
#8923 = DIRECTION('',(-0.6,-0.8));
#8924 = ( GEOMETRIC_REPRESENTATION_CONTEXT(2) 
PARAMETRIC_REPRESENTATION_CONTEXT() REPRESENTATION_CONTEXT('2D SPACE',''
  ) );
#8925 = PCURVE('',#3728,#8926);
#8926 = DEFINITIONAL_REPRESENTATION('',(#8927),#8931);
#8927 = LINE('',#8928,#8929);
#8928 = CARTESIAN_POINT('',(0.1520175,-4.02));
#8929 = VECTOR('',#8930,1.);
#8930 = DIRECTION('',(1.,2.465190328816E-32));
#8931 = ( GEOMETRIC_REPRESENTATION_CONTEXT(2) 
PARAMETRIC_REPRESENTATION_CONTEXT() REPRESENTATION_CONTEXT('2D SPACE',''
  ) );
#8932 = ORIENTED_EDGE('',*,*,#8609,.T.);
#8933 = ORIENTED_EDGE('',*,*,#8934,.F.);
#8934 = EDGE_CURVE('',#4729,#8587,#8935,.T.);
#8935 = SURFACE_CURVE('',#8936,(#8940,#8947),.PCURVE_S1.);
#8936 = LINE('',#8937,#8938);
#8937 = CARTESIAN_POINT('',(2.765,-1.825,0.69));
#8938 = VECTOR('',#8939,1.);
#8939 = DIRECTION('',(1.71256640256E-17,-0.997199309888,
    7.478994824163E-02));
#8940 = PCURVE('',#4117,#8941);
#8941 = DEFINITIONAL_REPRESENTATION('',(#8942),#8946);
#8942 = LINE('',#8943,#8944);
#8943 = CARTESIAN_POINT('',(1.1,0.36));
#8944 = VECTOR('',#8945,1.);
#8945 = DIRECTION('',(-0.997199309888,-7.478994824163E-02));
#8946 = ( GEOMETRIC_REPRESENTATION_CONTEXT(2) 
PARAMETRIC_REPRESENTATION_CONTEXT() REPRESENTATION_CONTEXT('2D SPACE',''
  ) );
#8947 = PCURVE('',#3674,#8948);
#8948 = DEFINITIONAL_REPRESENTATION('',(#8949),#8953);
#8949 = LINE('',#8950,#8951);
#8950 = CARTESIAN_POINT('',(-2.075838063709E-18,-4.));
#8951 = VECTOR('',#8952,1.);
#8952 = DIRECTION('',(1.,-9.244463733059E-33));
#8953 = ( GEOMETRIC_REPRESENTATION_CONTEXT(2) 
PARAMETRIC_REPRESENTATION_CONTEXT() REPRESENTATION_CONTEXT('2D SPACE',''
  ) );
#8954 = ORIENTED_EDGE('',*,*,#4728,.T.);
#8955 = ORIENTED_EDGE('',*,*,#8656,.T.);
#8956 = ORIENTED_EDGE('',*,*,#8957,.T.);
#8957 = EDGE_CURVE('',#8634,#8958,#8960,.T.);
#8958 = VERTEX_POINT('',#8959);
#8959 = CARTESIAN_POINT('',(2.765,-1.825,0.33));
#8960 = SURFACE_CURVE('',#8961,(#8965,#8972),.PCURVE_S1.);
#8961 = LINE('',#8962,#8963);
#8962 = CARTESIAN_POINT('',(2.765,-0.430137,0.33));
#8963 = VECTOR('',#8964,1.);
#8964 = DIRECTION('',(-2.804146475864E-32,-1.,1.065228634467E-16));
#8965 = PCURVE('',#4117,#8966);
#8966 = DEFINITIONAL_REPRESENTATION('',(#8967),#8971);
#8967 = LINE('',#8968,#8969);
#8968 = CARTESIAN_POINT('',(2.494863,0.72));
#8969 = VECTOR('',#8970,1.);
#8970 = DIRECTION('',(-1.,1.224606353822E-16));
#8971 = ( GEOMETRIC_REPRESENTATION_CONTEXT(2) 
PARAMETRIC_REPRESENTATION_CONTEXT() REPRESENTATION_CONTEXT('2D SPACE',''
  ) );
#8972 = PCURVE('',#3590,#8973);
#8973 = DEFINITIONAL_REPRESENTATION('',(#8974),#8978);
#8974 = LINE('',#8975,#8976);
#8975 = CARTESIAN_POINT('',(3.82,1.294863));
#8976 = VECTOR('',#8977,1.);
#8977 = DIRECTION('',(9.031806508344E-47,-1.));
#8978 = ( GEOMETRIC_REPRESENTATION_CONTEXT(2) 
PARAMETRIC_REPRESENTATION_CONTEXT() REPRESENTATION_CONTEXT('2D SPACE',''
  ) );
#8979 = ORIENTED_EDGE('',*,*,#8980,.T.);
#8980 = EDGE_CURVE('',#8958,#4102,#8981,.T.);
#8981 = SURFACE_CURVE('',#8982,(#8986,#8993),.PCURVE_S1.);
#8982 = LINE('',#8983,#8984);
#8983 = CARTESIAN_POINT('',(2.765,-0.430137,0.41369178));
#8984 = VECTOR('',#8985,1.);
#8985 = DIRECTION('',(-1.371434628377E-17,-0.998204845466,
    -5.989229072795E-02));
#8986 = PCURVE('',#4117,#8987);
#8987 = DEFINITIONAL_REPRESENTATION('',(#8988),#8992);
#8988 = LINE('',#8989,#8990);
#8989 = CARTESIAN_POINT('',(2.494863,0.63630822));
#8990 = VECTOR('',#8991,1.);
#8991 = DIRECTION('',(-0.998204845466,5.989229072795E-02));
#8992 = ( GEOMETRIC_REPRESENTATION_CONTEXT(2) 
PARAMETRIC_REPRESENTATION_CONTEXT() REPRESENTATION_CONTEXT('2D SPACE',''
  ) );
#8993 = PCURVE('',#3562,#8994);
#8994 = DEFINITIONAL_REPRESENTATION('',(#8995),#8999);
#8995 = LINE('',#8996,#8997);
#8996 = CARTESIAN_POINT('',(1.898270689235,-4.02));
#8997 = VECTOR('',#8998,1.);
#8998 = DIRECTION('',(-1.,4.622231866529E-33));
#8999 = ( GEOMETRIC_REPRESENTATION_CONTEXT(2) 
PARAMETRIC_REPRESENTATION_CONTEXT() REPRESENTATION_CONTEXT('2D SPACE',''
  ) );
#9000 = ORIENTED_EDGE('',*,*,#4101,.F.);
#9001 = ORIENTED_EDGE('',*,*,#9002,.F.);
#9002 = EDGE_CURVE('',#9003,#4079,#9005,.T.);
#9003 = VERTEX_POINT('',#9004);
#9004 = CARTESIAN_POINT('',(2.765,-2.905,0.188888888889));
#9005 = SURFACE_CURVE('',#9006,(#9010,#9017),.PCURVE_S1.);
#9006 = LINE('',#9007,#9008);
#9007 = CARTESIAN_POINT('',(2.765,-0.430137,2.022120740741));
#9008 = VECTOR('',#9009,1.);
#9009 = DIRECTION('',(1.362972871417E-16,0.803557193345,0.595227550626)
  );
#9010 = PCURVE('',#4117,#9011);
#9011 = DEFINITIONAL_REPRESENTATION('',(#9012),#9016);
#9012 = LINE('',#9013,#9014);
#9013 = CARTESIAN_POINT('',(2.494863,-0.972120740741));
#9014 = VECTOR('',#9015,1.);
#9015 = DIRECTION('',(0.803557193345,-0.595227550626));
#9016 = ( GEOMETRIC_REPRESENTATION_CONTEXT(2) 
PARAMETRIC_REPRESENTATION_CONTEXT() REPRESENTATION_CONTEXT('2D SPACE',''
  ) );
#9017 = PCURVE('',#3506,#9018);
#9018 = DEFINITIONAL_REPRESENTATION('',(#9019),#9023);
#9019 = LINE('',#9020,#9021);
#9020 = CARTESIAN_POINT('',(2.893214097584,-4.));
#9021 = VECTOR('',#9022,1.);
#9022 = DIRECTION('',(1.,0.));
#9023 = ( GEOMETRIC_REPRESENTATION_CONTEXT(2) 
PARAMETRIC_REPRESENTATION_CONTEXT() REPRESENTATION_CONTEXT('2D SPACE',''
  ) );
#9024 = ORIENTED_EDGE('',*,*,#9025,.F.);
#9025 = EDGE_CURVE('',#8911,#9003,#9026,.T.);
#9026 = SURFACE_CURVE('',#9027,(#9031,#9038),.PCURVE_S1.);
#9027 = LINE('',#9028,#9029);
#9028 = CARTESIAN_POINT('',(2.765,-2.905,0.841614));
#9029 = VECTOR('',#9030,1.);
#9030 = DIRECTION('',(-2.289834988289E-16,-2.289834988289E-16,-1.));
#9031 = PCURVE('',#4117,#9032);
#9032 = DEFINITIONAL_REPRESENTATION('',(#9033),#9037);
#9033 = LINE('',#9034,#9035);
#9034 = CARTESIAN_POINT('',(2.E-02,0.208386));
#9035 = VECTOR('',#9036,1.);
#9036 = DIRECTION('',(0.,1.));
#9037 = ( GEOMETRIC_REPRESENTATION_CONTEXT(2) 
PARAMETRIC_REPRESENTATION_CONTEXT() REPRESENTATION_CONTEXT('2D SPACE',''
  ) );
#9038 = PCURVE('',#8125,#9039);
#9039 = DEFINITIONAL_REPRESENTATION('',(#9040),#9044);
#9040 = LINE('',#9041,#9042);
#9041 = CARTESIAN_POINT('',(-9.899494936612E-02,0.266614));
#9042 = VECTOR('',#9043,1.);
#9043 = DIRECTION('',(-2.465190328816E-32,-1.));
#9044 = ( GEOMETRIC_REPRESENTATION_CONTEXT(2) 
PARAMETRIC_REPRESENTATION_CONTEXT() REPRESENTATION_CONTEXT('2D SPACE',''
  ) );
#9045 = ADVANCED_FACE('',(#9046),#44,.T.);
#9046 = FACE_BOUND('',#9047,.T.);
#9047 = EDGE_LOOP('',(#9048,#9071,#9072,#9073,#9074,#9075,#9076,#9077,
    #9078,#9079,#9080,#9103,#9124,#9125,#9148,#9176,#9204,#9232,#9255,
    #9283));
#9048 = ORIENTED_EDGE('',*,*,#9049,.F.);
#9049 = EDGE_CURVE('',#814,#9050,#9052,.T.);
#9050 = VERTEX_POINT('',#9051);
#9051 = CARTESIAN_POINT('',(3.3,-1.145,1.));
#9052 = SURFACE_CURVE('',#9053,(#9057,#9064),.PCURVE_S1.);
#9053 = LINE('',#9054,#9055);
#9054 = CARTESIAN_POINT('',(4.5,-1.145,1.));
#9055 = VECTOR('',#9056,1.);
#9056 = DIRECTION('',(1.,-5.243344273594E-32,-2.289834988289E-16));
#9057 = PCURVE('',#44,#9058);
#9058 = DEFINITIONAL_REPRESENTATION('',(#9059),#9063);
#9059 = LINE('',#9060,#9061);
#9060 = CARTESIAN_POINT('',(-1.473867268294,46.176624388842));
#9061 = VECTOR('',#9062,1.);
#9062 = DIRECTION('',(-2.080052407982E-46,1.));
#9063 = ( GEOMETRIC_REPRESENTATION_CONTEXT(2) 
PARAMETRIC_REPRESENTATION_CONTEXT() REPRESENTATION_CONTEXT('2D SPACE',''
  ) );
#9064 = PCURVE('',#852,#9065);
#9065 = DEFINITIONAL_REPRESENTATION('',(#9066),#9070);
#9066 = LINE('',#9067,#9068);
#9067 = CARTESIAN_POINT('',(5.E-02,-2.8));
#9068 = VECTOR('',#9069,1.);
#9069 = DIRECTION('',(0.,1.));
#9070 = ( GEOMETRIC_REPRESENTATION_CONTEXT(2) 
PARAMETRIC_REPRESENTATION_CONTEXT() REPRESENTATION_CONTEXT('2D SPACE',''
  ) );
#9071 = ORIENTED_EDGE('',*,*,#813,.T.);
#9072 = ORIENTED_EDGE('',*,*,#21,.T.);
#9073 = ORIENTED_EDGE('',*,*,#1811,.T.);
#9074 = ORIENTED_EDGE('',*,*,#7466,.F.);
#9075 = ORIENTED_EDGE('',*,*,#6062,.T.);
#9076 = ORIENTED_EDGE('',*,*,#5901,.F.);
#9077 = ORIENTED_EDGE('',*,*,#4154,.T.);
#9078 = ORIENTED_EDGE('',*,*,#7986,.F.);
#9079 = ORIENTED_EDGE('',*,*,#5780,.T.);
#9080 = ORIENTED_EDGE('',*,*,#9081,.T.);
#9081 = EDGE_CURVE('',#5753,#9082,#9084,.T.);
#9082 = VERTEX_POINT('',#9083);
#9083 = CARTESIAN_POINT('',(2.785,-2.925,1.));
#9084 = SURFACE_CURVE('',#9085,(#9089,#9096),.PCURVE_S1.);
#9085 = LINE('',#9086,#9087);
#9086 = CARTESIAN_POINT('',(4.5,-2.925,1.));
#9087 = VECTOR('',#9088,1.);
#9088 = DIRECTION('',(1.,-5.243344273594E-32,-2.289834988289E-16));
#9089 = PCURVE('',#44,#9090);
#9090 = DEFINITIONAL_REPRESENTATION('',(#9091),#9095);
#9091 = LINE('',#9092,#9093);
#9092 = CARTESIAN_POINT('',(0.306132731706,46.176624388842));
#9093 = VECTOR('',#9094,1.);
#9094 = DIRECTION('',(-2.080052407982E-46,1.));
#9095 = ( GEOMETRIC_REPRESENTATION_CONTEXT(2) 
PARAMETRIC_REPRESENTATION_CONTEXT() REPRESENTATION_CONTEXT('2D SPACE',''
  ) );
#9096 = PCURVE('',#5768,#9097);
#9097 = DEFINITIONAL_REPRESENTATION('',(#9098),#9102);
#9098 = LINE('',#9099,#9100);
#9099 = CARTESIAN_POINT('',(8.E-02,-16.785));
#9100 = VECTOR('',#9101,1.);
#9101 = DIRECTION('',(0.,1.));
#9102 = ( GEOMETRIC_REPRESENTATION_CONTEXT(2) 
PARAMETRIC_REPRESENTATION_CONTEXT() REPRESENTATION_CONTEXT('2D SPACE',''
  ) );
#9103 = ORIENTED_EDGE('',*,*,#9104,.F.);
#9104 = EDGE_CURVE('',#8089,#9082,#9105,.T.);
#9105 = SURFACE_CURVE('',#9106,(#9110,#9117),.PCURVE_S1.);
#9106 = LINE('',#9107,#9108);
#9107 = CARTESIAN_POINT('',(0.290137,-0.430137,1.));
#9108 = VECTOR('',#9109,1.);
#9109 = DIRECTION('',(-0.707106781187,0.707106781187,-7.149051953565E-31
    ));
#9110 = PCURVE('',#44,#9111);
#9111 = DEFINITIONAL_REPRESENTATION('',(#9112),#9116);
#9112 = LINE('',#9113,#9114);
#9113 = CARTESIAN_POINT('',(-2.188730268294,41.966761388842));
#9114 = VECTOR('',#9115,1.);
#9115 = DIRECTION('',(-0.707106781187,-0.707106781187));
#9116 = ( GEOMETRIC_REPRESENTATION_CONTEXT(2) 
PARAMETRIC_REPRESENTATION_CONTEXT() REPRESENTATION_CONTEXT('2D SPACE',''
  ) );
#9117 = PCURVE('',#8125,#9118);
#9118 = DEFINITIONAL_REPRESENTATION('',(#9119),#9123);
#9119 = LINE('',#9120,#9121);
#9120 = CARTESIAN_POINT('',(-3.598979768981,0.425));
#9121 = VECTOR('',#9122,1.);
#9122 = DIRECTION('',(-1.,-8.75811540203E-47));
#9123 = ( GEOMETRIC_REPRESENTATION_CONTEXT(2) 
PARAMETRIC_REPRESENTATION_CONTEXT() REPRESENTATION_CONTEXT('2D SPACE',''
  ) );
#9124 = ORIENTED_EDGE('',*,*,#8088,.T.);
#9125 = ORIENTED_EDGE('',*,*,#9126,.F.);
#9126 = EDGE_CURVE('',#9127,#8061,#9129,.T.);
#9127 = VERTEX_POINT('',#9128);
#9128 = CARTESIAN_POINT('',(3.1025,-2.875,1.));
#9129 = SURFACE_CURVE('',#9130,(#9134,#9141),.PCURVE_S1.);
#9130 = LINE('',#9131,#9132);
#9131 = CARTESIAN_POINT('',(5.547363,-0.430137,1.));
#9132 = VECTOR('',#9133,1.);
#9133 = DIRECTION('',(-0.707106781187,-0.707106781187,3.238315696035E-16
    ));
#9134 = PCURVE('',#44,#9135);
#9135 = DEFINITIONAL_REPRESENTATION('',(#9136),#9140);
#9136 = LINE('',#9137,#9138);
#9137 = CARTESIAN_POINT('',(-2.188730268294,47.223987388842));
#9138 = VECTOR('',#9139,1.);
#9139 = DIRECTION('',(0.707106781187,-0.707106781187));
#9140 = ( GEOMETRIC_REPRESENTATION_CONTEXT(2) 
PARAMETRIC_REPRESENTATION_CONTEXT() REPRESENTATION_CONTEXT('2D SPACE',''
  ) );
#9141 = PCURVE('',#8076,#9142);
#9142 = DEFINITIONAL_REPRESENTATION('',(#9143),#9147);
#9143 = LINE('',#9144,#9145);
#9144 = CARTESIAN_POINT('',(3.563624429922,0.385));
#9145 = VECTOR('',#9146,1.);
#9146 = DIRECTION('',(-1.,-4.930380657631E-32));
#9147 = ( GEOMETRIC_REPRESENTATION_CONTEXT(2) 
PARAMETRIC_REPRESENTATION_CONTEXT() REPRESENTATION_CONTEXT('2D SPACE',''
  ) );
#9148 = ORIENTED_EDGE('',*,*,#9149,.T.);
#9149 = EDGE_CURVE('',#9127,#9150,#9152,.T.);
#9150 = VERTEX_POINT('',#9151);
#9151 = CARTESIAN_POINT('',(3.1025,-2.125,1.));
#9152 = SURFACE_CURVE('',#9153,(#9157,#9164),.PCURVE_S1.);
#9153 = LINE('',#9154,#9155);
#9154 = CARTESIAN_POINT('',(3.1025,-0.430137,1.));
#9155 = VECTOR('',#9156,1.);
#9156 = DIRECTION('',(0.,1.,-2.289834988289E-16));
#9157 = PCURVE('',#44,#9158);
#9158 = DEFINITIONAL_REPRESENTATION('',(#9159),#9163);
#9159 = LINE('',#9160,#9161);
#9160 = CARTESIAN_POINT('',(-2.188730268294,44.779124388842));
#9161 = VECTOR('',#9162,1.);
#9162 = DIRECTION('',(-1.,0.));
#9163 = ( GEOMETRIC_REPRESENTATION_CONTEXT(2) 
PARAMETRIC_REPRESENTATION_CONTEXT() REPRESENTATION_CONTEXT('2D SPACE',''
  ) );
#9164 = PCURVE('',#9165,#9170);
#9165 = PLANE('',#9166);
#9166 = AXIS2_PLACEMENT_3D('',#9167,#9168,#9169);
#9167 = CARTESIAN_POINT('',(3.1025,-1.050063769579,0.402847335292));
#9168 = DIRECTION('',(1.,-5.243344273594E-32,-2.289834988289E-16));
#9169 = DIRECTION('',(2.804146475864E-32,1.,-1.065228634467E-16));
#9170 = DEFINITIONAL_REPRESENTATION('',(#9171),#9175);
#9171 = LINE('',#9172,#9173);
#9172 = CARTESIAN_POINT('',(0.619926769579,0.597152664708));
#9173 = VECTOR('',#9174,1.);
#9174 = DIRECTION('',(1.,-1.224606353822E-16));
#9175 = ( GEOMETRIC_REPRESENTATION_CONTEXT(2) 
PARAMETRIC_REPRESENTATION_CONTEXT() REPRESENTATION_CONTEXT('2D SPACE',''
  ) );
#9176 = ORIENTED_EDGE('',*,*,#9177,.F.);
#9177 = EDGE_CURVE('',#9178,#9150,#9180,.T.);
#9178 = VERTEX_POINT('',#9179);
#9179 = CARTESIAN_POINT('',(3.5,-2.125,1.));
#9180 = SURFACE_CURVE('',#9181,(#9185,#9192),.PCURVE_S1.);
#9181 = LINE('',#9182,#9183);
#9182 = CARTESIAN_POINT('',(-13.5,-2.125,1.));
#9183 = VECTOR('',#9184,1.);
#9184 = DIRECTION('',(-1.,5.243344273594E-32,2.289834988289E-16));
#9185 = PCURVE('',#44,#9186);
#9186 = DEFINITIONAL_REPRESENTATION('',(#9187),#9191);
#9187 = LINE('',#9188,#9189);
#9188 = CARTESIAN_POINT('',(-0.493867268294,28.176624388842));
#9189 = VECTOR('',#9190,1.);
#9190 = DIRECTION('',(2.080052407982E-46,-1.));
#9191 = ( GEOMETRIC_REPRESENTATION_CONTEXT(2) 
PARAMETRIC_REPRESENTATION_CONTEXT() REPRESENTATION_CONTEXT('2D SPACE',''
  ) );
#9192 = PCURVE('',#9193,#9198);
#9193 = PLANE('',#9194);
#9194 = AXIS2_PLACEMENT_3D('',#9195,#9196,#9197);
#9195 = CARTESIAN_POINT('',(3.3,-2.125,0.33));
#9196 = DIRECTION('',(2.804146475864E-32,1.,-1.065228634467E-16));
#9197 = DIRECTION('',(2.289834988289E-16,1.065228634467E-16,1.));
#9198 = DEFINITIONAL_REPRESENTATION('',(#9199),#9203);
#9199 = LINE('',#9200,#9201);
#9200 = CARTESIAN_POINT('',(0.67,-16.8));
#9201 = VECTOR('',#9202,1.);
#9202 = DIRECTION('',(0.,-1.));
#9203 = ( GEOMETRIC_REPRESENTATION_CONTEXT(2) 
PARAMETRIC_REPRESENTATION_CONTEXT() REPRESENTATION_CONTEXT('2D SPACE',''
  ) );
#9204 = ORIENTED_EDGE('',*,*,#9205,.T.);
#9205 = EDGE_CURVE('',#9178,#9206,#9208,.T.);
#9206 = VERTEX_POINT('',#9207);
#9207 = CARTESIAN_POINT('',(3.5,-0.125,1.));
#9208 = SURFACE_CURVE('',#9209,(#9213,#9220),.PCURVE_S1.);
#9209 = LINE('',#9210,#9211);
#9210 = CARTESIAN_POINT('',(3.5,-0.430137,1.));
#9211 = VECTOR('',#9212,1.);
#9212 = DIRECTION('',(0.,1.,-2.289834988289E-16));
#9213 = PCURVE('',#44,#9214);
#9214 = DEFINITIONAL_REPRESENTATION('',(#9215),#9219);
#9215 = LINE('',#9216,#9217);
#9216 = CARTESIAN_POINT('',(-2.188730268294,45.176624388842));
#9217 = VECTOR('',#9218,1.);
#9218 = DIRECTION('',(-1.,0.));
#9219 = ( GEOMETRIC_REPRESENTATION_CONTEXT(2) 
PARAMETRIC_REPRESENTATION_CONTEXT() REPRESENTATION_CONTEXT('2D SPACE',''
  ) );
#9220 = PCURVE('',#9221,#9226);
#9221 = PLANE('',#9222);
#9222 = AXIS2_PLACEMENT_3D('',#9223,#9224,#9225);
#9223 = CARTESIAN_POINT('',(3.5,-0.430137,0.841614));
#9224 = DIRECTION('',(1.,-5.243344273594E-32,-2.289834988289E-16));
#9225 = DIRECTION('',(2.804146475864E-32,1.,-1.065228634467E-16));
#9226 = DEFINITIONAL_REPRESENTATION('',(#9227),#9231);
#9227 = LINE('',#9228,#9229);
#9228 = CARTESIAN_POINT('',(-1.687173024987E-17,0.158386));
#9229 = VECTOR('',#9230,1.);
#9230 = DIRECTION('',(1.,-1.224606353822E-16));
#9231 = ( GEOMETRIC_REPRESENTATION_CONTEXT(2) 
PARAMETRIC_REPRESENTATION_CONTEXT() REPRESENTATION_CONTEXT('2D SPACE',''
  ) );
#9232 = ORIENTED_EDGE('',*,*,#9233,.F.);
#9233 = EDGE_CURVE('',#9234,#9206,#9236,.T.);
#9234 = VERTEX_POINT('',#9235);
#9235 = CARTESIAN_POINT('',(3.4,-0.125,1.));
#9236 = SURFACE_CURVE('',#9237,(#9241,#9248),.PCURVE_S1.);
#9237 = LINE('',#9238,#9239);
#9238 = CARTESIAN_POINT('',(-13.5,-0.125,1.));
#9239 = VECTOR('',#9240,1.);
#9240 = DIRECTION('',(1.,-5.243344273594E-32,-2.289834988289E-16));
#9241 = PCURVE('',#44,#9242);
#9242 = DEFINITIONAL_REPRESENTATION('',(#9243),#9247);
#9243 = LINE('',#9244,#9245);
#9244 = CARTESIAN_POINT('',(-2.493867268294,28.176624388842));
#9245 = VECTOR('',#9246,1.);
#9246 = DIRECTION('',(-2.080052407982E-46,1.));
#9247 = ( GEOMETRIC_REPRESENTATION_CONTEXT(2) 
PARAMETRIC_REPRESENTATION_CONTEXT() REPRESENTATION_CONTEXT('2D SPACE',''
  ) );
#9248 = PCURVE('',#8869,#9249);
#9249 = DEFINITIONAL_REPRESENTATION('',(#9250),#9254);
#9250 = LINE('',#9251,#9252);
#9251 = CARTESIAN_POINT('',(-0.69,15.825));
#9252 = VECTOR('',#9253,1.);
#9253 = DIRECTION('',(0.,-1.));
#9254 = ( GEOMETRIC_REPRESENTATION_CONTEXT(2) 
PARAMETRIC_REPRESENTATION_CONTEXT() REPRESENTATION_CONTEXT('2D SPACE',''
  ) );
#9255 = ORIENTED_EDGE('',*,*,#9256,.F.);
#9256 = EDGE_CURVE('',#9257,#9234,#9259,.T.);
#9257 = VERTEX_POINT('',#9258);
#9258 = CARTESIAN_POINT('',(3.3,-0.225,1.));
#9259 = SURFACE_CURVE('',#9260,(#9264,#9271),.PCURVE_S1.);
#9260 = LINE('',#9261,#9262);
#9261 = CARTESIAN_POINT('',(-13.5,-17.025,1.));
#9262 = VECTOR('',#9263,1.);
#9263 = DIRECTION('',(0.707106781187,0.707106781187,-3.238315696035E-16)
  );
#9264 = PCURVE('',#44,#9265);
#9265 = DEFINITIONAL_REPRESENTATION('',(#9266),#9270);
#9266 = LINE('',#9267,#9268);
#9267 = CARTESIAN_POINT('',(14.406132731706,28.176624388842));
#9268 = VECTOR('',#9269,1.);
#9269 = DIRECTION('',(-0.707106781187,0.707106781187));
#9270 = ( GEOMETRIC_REPRESENTATION_CONTEXT(2) 
PARAMETRIC_REPRESENTATION_CONTEXT() REPRESENTATION_CONTEXT('2D SPACE',''
  ) );
#9271 = PCURVE('',#9272,#9277);
#9272 = PLANE('',#9273);
#9273 = AXIS2_PLACEMENT_3D('',#9274,#9275,#9276);
#9274 = CARTESIAN_POINT('',(3.35,-0.175,0.675));
#9275 = DIRECTION('',(0.707106781187,-0.707106781187,-8.659274570719E-17
    ));
#9276 = DIRECTION('',(0.707106781187,0.707106781187,-4.335003812318E-16)
  );
#9277 = DEFINITIONAL_REPRESENTATION('',(#9278),#9282);
#9278 = LINE('',#9279,#9280);
#9279 = CARTESIAN_POINT('',(-23.82949852598,0.325));
#9280 = VECTOR('',#9281,1.);
#9281 = DIRECTION('',(1.,1.096688116283E-16));
#9282 = ( GEOMETRIC_REPRESENTATION_CONTEXT(2) 
PARAMETRIC_REPRESENTATION_CONTEXT() REPRESENTATION_CONTEXT('2D SPACE',''
  ) );
#9283 = ORIENTED_EDGE('',*,*,#9284,.F.);
#9284 = EDGE_CURVE('',#9050,#9257,#9285,.T.);
#9285 = SURFACE_CURVE('',#9286,(#9290,#9297),.PCURVE_S1.);
#9286 = LINE('',#9287,#9288);
#9287 = CARTESIAN_POINT('',(3.3,-0.430137,1.));
#9288 = VECTOR('',#9289,1.);
#9289 = DIRECTION('',(0.,1.,-2.289834988289E-16));
#9290 = PCURVE('',#44,#9291);
#9291 = DEFINITIONAL_REPRESENTATION('',(#9292),#9296);
#9292 = LINE('',#9293,#9294);
#9293 = CARTESIAN_POINT('',(-2.188730268294,44.976624388842));
#9294 = VECTOR('',#9295,1.);
#9295 = DIRECTION('',(-1.,0.));
#9296 = ( GEOMETRIC_REPRESENTATION_CONTEXT(2) 
PARAMETRIC_REPRESENTATION_CONTEXT() REPRESENTATION_CONTEXT('2D SPACE',''
  ) );
#9297 = PCURVE('',#4565,#9298);
#9298 = DEFINITIONAL_REPRESENTATION('',(#9299),#9303);
#9299 = LINE('',#9300,#9301);
#9300 = CARTESIAN_POINT('',(-1.687173024987E-17,0.158386));
#9301 = VECTOR('',#9302,1.);
#9302 = DIRECTION('',(1.,-1.224606353822E-16));
#9303 = ( GEOMETRIC_REPRESENTATION_CONTEXT(2) 
PARAMETRIC_REPRESENTATION_CONTEXT() REPRESENTATION_CONTEXT('2D SPACE',''
  ) );
#9304 = ADVANCED_FACE('',(#9305),#649,.T.);
#9305 = FACE_BOUND('',#9306,.T.);
#9306 = EDGE_LOOP('',(#9307,#9308,#9309,#9310,#9311,#9312,#9313,#9314,
    #9315,#9316,#9317,#9338,#9339,#9340,#9363,#9384,#9385,#9408,#9436,
    #9459,#9487,#9515,#9543,#9571,#9599,#9627,#9655,#9683,#9711,#9739,
    #9767,#9788,#9789,#9812,#9840,#9868,#9896,#9917,#9918,#9939,#9940,
    #9963,#9986,#10009));
#9307 = ORIENTED_EDGE('',*,*,#8009,.T.);
#9308 = ORIENTED_EDGE('',*,*,#4282,.F.);
#9309 = ORIENTED_EDGE('',*,*,#1743,.F.);
#9310 = ORIENTED_EDGE('',*,*,#7542,.T.);
#9311 = ORIENTED_EDGE('',*,*,#7612,.F.);
#9312 = ORIENTED_EDGE('',*,*,#7659,.T.);
#9313 = ORIENTED_EDGE('',*,*,#2553,.T.);
#9314 = ORIENTED_EDGE('',*,*,#7744,.T.);
#9315 = ORIENTED_EDGE('',*,*,#7693,.F.);
#9316 = ORIENTED_EDGE('',*,*,#633,.T.);
#9317 = ORIENTED_EDGE('',*,*,#9318,.T.);
#9318 = EDGE_CURVE('',#606,#5469,#9319,.T.);
#9319 = SURFACE_CURVE('',#9320,(#9324,#9331),.PCURVE_S1.);
#9320 = LINE('',#9321,#9322);
#9321 = CARTESIAN_POINT('',(-17.,-0.125,3.E-02));
#9322 = VECTOR('',#9323,1.);
#9323 = DIRECTION('',(1.,-5.243344273594E-32,-2.289834988289E-16));
#9324 = PCURVE('',#649,#9325);
#9325 = DEFINITIONAL_REPRESENTATION('',(#9326),#9330);
#9326 = LINE('',#9327,#9328);
#9327 = CARTESIAN_POINT('',(-1.578464560183E-30,-30.1025));
#9328 = VECTOR('',#9329,1.);
#9329 = DIRECTION('',(-9.031806508344E-47,-1.));
#9330 = ( GEOMETRIC_REPRESENTATION_CONTEXT(2) 
PARAMETRIC_REPRESENTATION_CONTEXT() REPRESENTATION_CONTEXT('2D SPACE',''
  ) );
#9331 = PCURVE('',#621,#9332);
#9332 = DEFINITIONAL_REPRESENTATION('',(#9333),#9337);
#9333 = LINE('',#9334,#9335);
#9334 = CARTESIAN_POINT('',(0.28,19.325));
#9335 = VECTOR('',#9336,1.);
#9336 = DIRECTION('',(0.,-1.));
#9337 = ( GEOMETRIC_REPRESENTATION_CONTEXT(2) 
PARAMETRIC_REPRESENTATION_CONTEXT() REPRESENTATION_CONTEXT('2D SPACE',''
  ) );
#9338 = ORIENTED_EDGE('',*,*,#5468,.T.);
#9339 = ORIENTED_EDGE('',*,*,#1102,.F.);
#9340 = ORIENTED_EDGE('',*,*,#9341,.T.);
#9341 = EDGE_CURVE('',#1103,#9342,#9344,.T.);
#9342 = VERTEX_POINT('',#9343);
#9343 = CARTESIAN_POINT('',(-1.05,-0.125,3.E-02));
#9344 = SURFACE_CURVE('',#9345,(#9349,#9356),.PCURVE_S1.);
#9345 = LINE('',#9346,#9347);
#9346 = CARTESIAN_POINT('',(-1.05,-0.430137,3.E-02));
#9347 = VECTOR('',#9348,1.);
#9348 = DIRECTION('',(1.932570076653E-32,1.,-1.065228634467E-16));
#9349 = PCURVE('',#649,#9350);
#9350 = DEFINITIONAL_REPRESENTATION('',(#9351),#9355);
#9351 = LINE('',#9352,#9353);
#9352 = CARTESIAN_POINT('',(0.305137,-46.0525));
#9353 = VECTOR('',#9354,1.);
#9354 = DIRECTION('',(-1.,8.715763992105E-33));
#9355 = ( GEOMETRIC_REPRESENTATION_CONTEXT(2) 
PARAMETRIC_REPRESENTATION_CONTEXT() REPRESENTATION_CONTEXT('2D SPACE',''
  ) );
#9356 = PCURVE('',#1202,#9357);
#9357 = DEFINITIONAL_REPRESENTATION('',(#9358),#9362);
#9358 = LINE('',#9359,#9360);
#9359 = CARTESIAN_POINT('',(3.535533905933E-02,0.155137));
#9360 = VECTOR('',#9361,1.);
#9361 = DIRECTION('',(6.984534836347E-16,-1.));
#9362 = ( GEOMETRIC_REPRESENTATION_CONTEXT(2) 
PARAMETRIC_REPRESENTATION_CONTEXT() REPRESENTATION_CONTEXT('2D SPACE',''
  ) );
#9363 = ORIENTED_EDGE('',*,*,#9364,.T.);
#9364 = EDGE_CURVE('',#9342,#4840,#9365,.T.);
#9365 = SURFACE_CURVE('',#9366,(#9370,#9377),.PCURVE_S1.);
#9366 = LINE('',#9367,#9368);
#9367 = CARTESIAN_POINT('',(-16.5,-0.125,3.E-02));
#9368 = VECTOR('',#9369,1.);
#9369 = DIRECTION('',(1.,-5.243344273594E-32,-2.289834988289E-16));
#9370 = PCURVE('',#649,#9371);
#9371 = DEFINITIONAL_REPRESENTATION('',(#9372),#9376);
#9372 = LINE('',#9373,#9374);
#9373 = CARTESIAN_POINT('',(-1.604681281551E-30,-30.6025));
#9374 = VECTOR('',#9375,1.);
#9375 = DIRECTION('',(-9.031806508344E-47,-1.));
#9376 = ( GEOMETRIC_REPRESENTATION_CONTEXT(2) 
PARAMETRIC_REPRESENTATION_CONTEXT() REPRESENTATION_CONTEXT('2D SPACE',''
  ) );
#9377 = PCURVE('',#1621,#9378);
#9378 = DEFINITIONAL_REPRESENTATION('',(#9379),#9383);
#9379 = LINE('',#9380,#9381);
#9380 = CARTESIAN_POINT('',(0.28,19.325));
#9381 = VECTOR('',#9382,1.);
#9382 = DIRECTION('',(0.,-1.));
#9383 = ( GEOMETRIC_REPRESENTATION_CONTEXT(2) 
PARAMETRIC_REPRESENTATION_CONTEXT() REPRESENTATION_CONTEXT('2D SPACE',''
  ) );
#9384 = ORIENTED_EDGE('',*,*,#4839,.T.);
#9385 = ORIENTED_EDGE('',*,*,#9386,.F.);
#9386 = EDGE_CURVE('',#9387,#4812,#9389,.T.);
#9387 = VERTEX_POINT('',#9388);
#9388 = CARTESIAN_POINT('',(-0.55,-0.425,3.E-02));
#9389 = SURFACE_CURVE('',#9390,(#9394,#9401),.PCURVE_S1.);
#9390 = LINE('',#9391,#9392);
#9391 = CARTESIAN_POINT('',(2.,-0.425,3.E-02));
#9392 = VECTOR('',#9393,1.);
#9393 = DIRECTION('',(-1.,5.243344273594E-32,2.289834988289E-16));
#9394 = PCURVE('',#649,#9395);
#9395 = DEFINITIONAL_REPRESENTATION('',(#9396),#9400);
#9396 = LINE('',#9397,#9398);
#9397 = CARTESIAN_POINT('',(0.3,-49.1025));
#9398 = VECTOR('',#9399,1.);
#9399 = DIRECTION('',(9.031806508344E-47,1.));
#9400 = ( GEOMETRIC_REPRESENTATION_CONTEXT(2) 
PARAMETRIC_REPRESENTATION_CONTEXT() REPRESENTATION_CONTEXT('2D SPACE',''
  ) );
#9401 = PCURVE('',#4827,#9402);
#9402 = DEFINITIONAL_REPRESENTATION('',(#9403),#9407);
#9403 = LINE('',#9404,#9405);
#9404 = CARTESIAN_POINT('',(0.225610283454,-2.8375));
#9405 = VECTOR('',#9406,1.);
#9406 = DIRECTION('',(-1.848892746612E-31,1.));
#9407 = ( GEOMETRIC_REPRESENTATION_CONTEXT(2) 
PARAMETRIC_REPRESENTATION_CONTEXT() REPRESENTATION_CONTEXT('2D SPACE',''
  ) );
#9408 = ORIENTED_EDGE('',*,*,#9409,.T.);
#9409 = EDGE_CURVE('',#9387,#9410,#9412,.T.);
#9410 = VERTEX_POINT('',#9411);
#9411 = CARTESIAN_POINT('',(-0.55,-0.125,3.E-02));
#9412 = SURFACE_CURVE('',#9413,(#9417,#9424),.PCURVE_S1.);
#9413 = LINE('',#9414,#9415);
#9414 = CARTESIAN_POINT('',(-0.55,-0.430137,3.E-02));
#9415 = VECTOR('',#9416,1.);
#9416 = DIRECTION('',(1.932570076653E-32,1.,-1.065228634467E-16));
#9417 = PCURVE('',#649,#9418);
#9418 = DEFINITIONAL_REPRESENTATION('',(#9419),#9423);
#9419 = LINE('',#9420,#9421);
#9420 = CARTESIAN_POINT('',(0.305137,-46.5525));
#9421 = VECTOR('',#9422,1.);
#9422 = DIRECTION('',(-1.,8.715763992105E-33));
#9423 = ( GEOMETRIC_REPRESENTATION_CONTEXT(2) 
PARAMETRIC_REPRESENTATION_CONTEXT() REPRESENTATION_CONTEXT('2D SPACE',''
  ) );
#9424 = PCURVE('',#9425,#9430);
#9425 = PLANE('',#9426);
#9426 = AXIS2_PLACEMENT_3D('',#9427,#9428,#9429);
#9427 = CARTESIAN_POINT('',(-0.575,-0.275,5.5E-02));
#9428 = DIRECTION('',(-0.707106781187,-7.532303909457E-17,
    -0.707106781187));
#9429 = DIRECTION('',(0.707106781187,6.231304445401E-16,-0.707106781187)
  );
#9430 = DEFINITIONAL_REPRESENTATION('',(#9431),#9435);
#9431 = LINE('',#9432,#9433);
#9432 = CARTESIAN_POINT('',(3.535533905933E-02,0.155137));
#9433 = VECTOR('',#9434,1.);
#9434 = DIRECTION('',(6.984534836347E-16,-1.));
#9435 = ( GEOMETRIC_REPRESENTATION_CONTEXT(2) 
PARAMETRIC_REPRESENTATION_CONTEXT() REPRESENTATION_CONTEXT('2D SPACE',''
  ) );
#9436 = ORIENTED_EDGE('',*,*,#9437,.T.);
#9437 = EDGE_CURVE('',#9410,#9438,#9440,.T.);
#9438 = VERTEX_POINT('',#9439);
#9439 = CARTESIAN_POINT('',(-0.45,-0.125,3.E-02));
#9440 = SURFACE_CURVE('',#9441,(#9445,#9452),.PCURVE_S1.);
#9441 = LINE('',#9442,#9443);
#9442 = CARTESIAN_POINT('',(-16.,-0.125,3.E-02));
#9443 = VECTOR('',#9444,1.);
#9444 = DIRECTION('',(1.,-5.243344273594E-32,-2.289834988289E-16));
#9445 = PCURVE('',#649,#9446);
#9446 = DEFINITIONAL_REPRESENTATION('',(#9447),#9451);
#9447 = LINE('',#9448,#9449);
#9448 = CARTESIAN_POINT('',(-1.630898002919E-30,-31.1025));
#9449 = VECTOR('',#9450,1.);
#9450 = DIRECTION('',(-9.031806508344E-47,-1.));
#9451 = ( GEOMETRIC_REPRESENTATION_CONTEXT(2) 
PARAMETRIC_REPRESENTATION_CONTEXT() REPRESENTATION_CONTEXT('2D SPACE',''
  ) );
#9452 = PCURVE('',#5714,#9453);
#9453 = DEFINITIONAL_REPRESENTATION('',(#9454),#9458);
#9454 = LINE('',#9455,#9456);
#9455 = CARTESIAN_POINT('',(0.28,19.325));
#9456 = VECTOR('',#9457,1.);
#9457 = DIRECTION('',(0.,-1.));
#9458 = ( GEOMETRIC_REPRESENTATION_CONTEXT(2) 
PARAMETRIC_REPRESENTATION_CONTEXT() REPRESENTATION_CONTEXT('2D SPACE',''
  ) );
#9459 = ORIENTED_EDGE('',*,*,#9460,.T.);
#9460 = EDGE_CURVE('',#9438,#9461,#9463,.T.);
#9461 = VERTEX_POINT('',#9462);
#9462 = CARTESIAN_POINT('',(-0.45,-0.425,3.E-02));
#9463 = SURFACE_CURVE('',#9464,(#9468,#9475),.PCURVE_S1.);
#9464 = LINE('',#9465,#9466);
#9465 = CARTESIAN_POINT('',(-0.45,-0.430137,3.E-02));
#9466 = VECTOR('',#9467,1.);
#9467 = DIRECTION('',(-3.675722875075E-32,-1.,1.065228634467E-16));
#9468 = PCURVE('',#649,#9469);
#9469 = DEFINITIONAL_REPRESENTATION('',(#9470),#9474);
#9470 = LINE('',#9471,#9472);
#9471 = CARTESIAN_POINT('',(0.305137,-46.6525));
#9472 = VECTOR('',#9473,1.);
#9473 = DIRECTION('',(1.,8.715763992105E-33));
#9474 = ( GEOMETRIC_REPRESENTATION_CONTEXT(2) 
PARAMETRIC_REPRESENTATION_CONTEXT() REPRESENTATION_CONTEXT('2D SPACE',''
  ) );
#9475 = PCURVE('',#9476,#9481);
#9476 = PLANE('',#9477);
#9477 = AXIS2_PLACEMENT_3D('',#9478,#9479,#9480);
#9478 = CARTESIAN_POINT('',(-0.425,-0.275,5.5E-02));
#9479 = DIRECTION('',(0.707106781187,-7.532303909457E-17,-0.707106781187
    ));
#9480 = DIRECTION('',(-0.707106781187,6.231304445401E-16,-0.707106781187
    ));
#9481 = DEFINITIONAL_REPRESENTATION('',(#9482),#9486);
#9482 = LINE('',#9483,#9484);
#9483 = CARTESIAN_POINT('',(3.535533905933E-02,-0.155137));
#9484 = VECTOR('',#9485,1.);
#9485 = DIRECTION('',(-6.984534836347E-16,-1.));
#9486 = ( GEOMETRIC_REPRESENTATION_CONTEXT(2) 
PARAMETRIC_REPRESENTATION_CONTEXT() REPRESENTATION_CONTEXT('2D SPACE',''
  ) );
#9487 = ORIENTED_EDGE('',*,*,#9488,.F.);
#9488 = EDGE_CURVE('',#9489,#9461,#9491,.T.);
#9489 = VERTEX_POINT('',#9490);
#9490 = CARTESIAN_POINT('',(-5.E-02,-0.425,3.E-02));
#9491 = SURFACE_CURVE('',#9492,(#9496,#9503),.PCURVE_S1.);
#9492 = LINE('',#9493,#9494);
#9493 = CARTESIAN_POINT('',(2.,-0.425,3.E-02));
#9494 = VECTOR('',#9495,1.);
#9495 = DIRECTION('',(-1.,5.243344273594E-32,2.289834988289E-16));
#9496 = PCURVE('',#649,#9497);
#9497 = DEFINITIONAL_REPRESENTATION('',(#9498),#9502);
#9498 = LINE('',#9499,#9500);
#9499 = CARTESIAN_POINT('',(0.3,-49.1025));
#9500 = VECTOR('',#9501,1.);
#9501 = DIRECTION('',(9.031806508344E-47,1.));
#9502 = ( GEOMETRIC_REPRESENTATION_CONTEXT(2) 
PARAMETRIC_REPRESENTATION_CONTEXT() REPRESENTATION_CONTEXT('2D SPACE',''
  ) );
#9503 = PCURVE('',#9504,#9509);
#9504 = PLANE('',#9505);
#9505 = AXIS2_PLACEMENT_3D('',#9506,#9507,#9508);
#9506 = CARTESIAN_POINT('',(-0.3375,-0.205,8.E-02));
#9507 = DIRECTION('',(-2.232893331422E-16,0.221621103589,-0.975132855791
    ));
#9508 = DIRECTION('',(-5.074757571413E-17,-0.975132855791,
    -0.221621103589));
#9509 = DEFINITIONAL_REPRESENTATION('',(#9510),#9514);
#9510 = LINE('',#9511,#9512);
#9511 = CARTESIAN_POINT('',(0.225610283454,-2.3375));
#9512 = VECTOR('',#9513,1.);
#9513 = DIRECTION('',(-1.848892746612E-31,1.));
#9514 = ( GEOMETRIC_REPRESENTATION_CONTEXT(2) 
PARAMETRIC_REPRESENTATION_CONTEXT() REPRESENTATION_CONTEXT('2D SPACE',''
  ) );
#9515 = ORIENTED_EDGE('',*,*,#9516,.T.);
#9516 = EDGE_CURVE('',#9489,#9517,#9519,.T.);
#9517 = VERTEX_POINT('',#9518);
#9518 = CARTESIAN_POINT('',(-5.E-02,-0.125,3.E-02));
#9519 = SURFACE_CURVE('',#9520,(#9524,#9531),.PCURVE_S1.);
#9520 = LINE('',#9521,#9522);
#9521 = CARTESIAN_POINT('',(-5.E-02,-0.430137,3.E-02));
#9522 = VECTOR('',#9523,1.);
#9523 = DIRECTION('',(1.932570076653E-32,1.,-1.065228634467E-16));
#9524 = PCURVE('',#649,#9525);
#9525 = DEFINITIONAL_REPRESENTATION('',(#9526),#9530);
#9526 = LINE('',#9527,#9528);
#9527 = CARTESIAN_POINT('',(0.305137,-47.0525));
#9528 = VECTOR('',#9529,1.);
#9529 = DIRECTION('',(-1.,8.715763992105E-33));
#9530 = ( GEOMETRIC_REPRESENTATION_CONTEXT(2) 
PARAMETRIC_REPRESENTATION_CONTEXT() REPRESENTATION_CONTEXT('2D SPACE',''
  ) );
#9531 = PCURVE('',#9532,#9537);
#9532 = PLANE('',#9533);
#9533 = AXIS2_PLACEMENT_3D('',#9534,#9535,#9536);
#9534 = CARTESIAN_POINT('',(-7.5E-02,-0.275,5.5E-02));
#9535 = DIRECTION('',(-0.707106781187,-7.532303909457E-17,
    -0.707106781187));
#9536 = DIRECTION('',(0.707106781187,6.231304445401E-16,-0.707106781187)
  );
#9537 = DEFINITIONAL_REPRESENTATION('',(#9538),#9542);
#9538 = LINE('',#9539,#9540);
#9539 = CARTESIAN_POINT('',(3.535533905933E-02,0.155137));
#9540 = VECTOR('',#9541,1.);
#9541 = DIRECTION('',(6.984534836347E-16,-1.));
#9542 = ( GEOMETRIC_REPRESENTATION_CONTEXT(2) 
PARAMETRIC_REPRESENTATION_CONTEXT() REPRESENTATION_CONTEXT('2D SPACE',''
  ) );
#9543 = ORIENTED_EDGE('',*,*,#9544,.T.);
#9544 = EDGE_CURVE('',#9517,#9545,#9547,.T.);
#9545 = VERTEX_POINT('',#9546);
#9546 = CARTESIAN_POINT('',(5.E-02,-0.125,3.E-02));
#9547 = SURFACE_CURVE('',#9548,(#9552,#9559),.PCURVE_S1.);
#9548 = LINE('',#9549,#9550);
#9549 = CARTESIAN_POINT('',(-15.5,-0.125,3.E-02));
#9550 = VECTOR('',#9551,1.);
#9551 = DIRECTION('',(1.,-5.243344273594E-32,-2.289834988289E-16));
#9552 = PCURVE('',#649,#9553);
#9553 = DEFINITIONAL_REPRESENTATION('',(#9554),#9558);
#9554 = LINE('',#9555,#9556);
#9555 = CARTESIAN_POINT('',(-1.657114724287E-30,-31.6025));
#9556 = VECTOR('',#9557,1.);
#9557 = DIRECTION('',(-9.031806508344E-47,-1.));
#9558 = ( GEOMETRIC_REPRESENTATION_CONTEXT(2) 
PARAMETRIC_REPRESENTATION_CONTEXT() REPRESENTATION_CONTEXT('2D SPACE',''
  ) );
#9559 = PCURVE('',#9560,#9565);
#9560 = PLANE('',#9561);
#9561 = AXIS2_PLACEMENT_3D('',#9562,#9563,#9564);
#9562 = CARTESIAN_POINT('',(3.825,-0.125,0.31));
#9563 = DIRECTION('',(2.804146475864E-32,1.,-1.065228634467E-16));
#9564 = DIRECTION('',(-2.289834988289E-16,-1.065228634467E-16,-1.));
#9565 = DEFINITIONAL_REPRESENTATION('',(#9566),#9570);
#9566 = LINE('',#9567,#9568);
#9567 = CARTESIAN_POINT('',(0.28,19.325));
#9568 = VECTOR('',#9569,1.);
#9569 = DIRECTION('',(0.,-1.));
#9570 = ( GEOMETRIC_REPRESENTATION_CONTEXT(2) 
PARAMETRIC_REPRESENTATION_CONTEXT() REPRESENTATION_CONTEXT('2D SPACE',''
  ) );
#9571 = ORIENTED_EDGE('',*,*,#9572,.T.);
#9572 = EDGE_CURVE('',#9545,#9573,#9575,.T.);
#9573 = VERTEX_POINT('',#9574);
#9574 = CARTESIAN_POINT('',(5.E-02,-0.425,3.E-02));
#9575 = SURFACE_CURVE('',#9576,(#9580,#9587),.PCURVE_S1.);
#9576 = LINE('',#9577,#9578);
#9577 = CARTESIAN_POINT('',(5.E-02,-0.430137,3.E-02));
#9578 = VECTOR('',#9579,1.);
#9579 = DIRECTION('',(-3.675722875075E-32,-1.,1.065228634467E-16));
#9580 = PCURVE('',#649,#9581);
#9581 = DEFINITIONAL_REPRESENTATION('',(#9582),#9586);
#9582 = LINE('',#9583,#9584);
#9583 = CARTESIAN_POINT('',(0.305137,-47.1525));
#9584 = VECTOR('',#9585,1.);
#9585 = DIRECTION('',(1.,8.715763992105E-33));
#9586 = ( GEOMETRIC_REPRESENTATION_CONTEXT(2) 
PARAMETRIC_REPRESENTATION_CONTEXT() REPRESENTATION_CONTEXT('2D SPACE',''
  ) );
#9587 = PCURVE('',#9588,#9593);
#9588 = PLANE('',#9589);
#9589 = AXIS2_PLACEMENT_3D('',#9590,#9591,#9592);
#9590 = CARTESIAN_POINT('',(7.5E-02,-0.275,5.5E-02));
#9591 = DIRECTION('',(0.707106781187,-7.532303909457E-17,-0.707106781187
    ));
#9592 = DIRECTION('',(-0.707106781187,6.231304445401E-16,-0.707106781187
    ));
#9593 = DEFINITIONAL_REPRESENTATION('',(#9594),#9598);
#9594 = LINE('',#9595,#9596);
#9595 = CARTESIAN_POINT('',(3.535533905933E-02,-0.155137));
#9596 = VECTOR('',#9597,1.);
#9597 = DIRECTION('',(-6.984534836347E-16,-1.));
#9598 = ( GEOMETRIC_REPRESENTATION_CONTEXT(2) 
PARAMETRIC_REPRESENTATION_CONTEXT() REPRESENTATION_CONTEXT('2D SPACE',''
  ) );
#9599 = ORIENTED_EDGE('',*,*,#9600,.F.);
#9600 = EDGE_CURVE('',#9601,#9573,#9603,.T.);
#9601 = VERTEX_POINT('',#9602);
#9602 = CARTESIAN_POINT('',(0.45,-0.425,3.E-02));
#9603 = SURFACE_CURVE('',#9604,(#9608,#9615),.PCURVE_S1.);
#9604 = LINE('',#9605,#9606);
#9605 = CARTESIAN_POINT('',(2.5,-0.425,3.E-02));
#9606 = VECTOR('',#9607,1.);
#9607 = DIRECTION('',(-1.,5.243344273594E-32,2.289834988289E-16));
#9608 = PCURVE('',#649,#9609);
#9609 = DEFINITIONAL_REPRESENTATION('',(#9610),#9614);
#9610 = LINE('',#9611,#9612);
#9611 = CARTESIAN_POINT('',(0.3,-49.6025));
#9612 = VECTOR('',#9613,1.);
#9613 = DIRECTION('',(9.031806508344E-47,1.));
#9614 = ( GEOMETRIC_REPRESENTATION_CONTEXT(2) 
PARAMETRIC_REPRESENTATION_CONTEXT() REPRESENTATION_CONTEXT('2D SPACE',''
  ) );
#9615 = PCURVE('',#9616,#9621);
#9616 = PLANE('',#9617);
#9617 = AXIS2_PLACEMENT_3D('',#9618,#9619,#9620);
#9618 = CARTESIAN_POINT('',(0.1625,-0.205,8.E-02));
#9619 = DIRECTION('',(-2.232893331422E-16,0.221621103589,-0.975132855791
    ));
#9620 = DIRECTION('',(-5.074757571413E-17,-0.975132855791,
    -0.221621103589));
#9621 = DEFINITIONAL_REPRESENTATION('',(#9622),#9626);
#9622 = LINE('',#9623,#9624);
#9623 = CARTESIAN_POINT('',(0.225610283454,-2.3375));
#9624 = VECTOR('',#9625,1.);
#9625 = DIRECTION('',(-1.848892746612E-31,1.));
#9626 = ( GEOMETRIC_REPRESENTATION_CONTEXT(2) 
PARAMETRIC_REPRESENTATION_CONTEXT() REPRESENTATION_CONTEXT('2D SPACE',''
  ) );
#9627 = ORIENTED_EDGE('',*,*,#9628,.T.);
#9628 = EDGE_CURVE('',#9601,#9629,#9631,.T.);
#9629 = VERTEX_POINT('',#9630);
#9630 = CARTESIAN_POINT('',(0.45,-0.125,3.E-02));
#9631 = SURFACE_CURVE('',#9632,(#9636,#9643),.PCURVE_S1.);
#9632 = LINE('',#9633,#9634);
#9633 = CARTESIAN_POINT('',(0.45,-0.430137,3.E-02));
#9634 = VECTOR('',#9635,1.);
#9635 = DIRECTION('',(1.932570076653E-32,1.,-1.065228634467E-16));
#9636 = PCURVE('',#649,#9637);
#9637 = DEFINITIONAL_REPRESENTATION('',(#9638),#9642);
#9638 = LINE('',#9639,#9640);
#9639 = CARTESIAN_POINT('',(0.305137,-47.5525));
#9640 = VECTOR('',#9641,1.);
#9641 = DIRECTION('',(-1.,8.715763992105E-33));
#9642 = ( GEOMETRIC_REPRESENTATION_CONTEXT(2) 
PARAMETRIC_REPRESENTATION_CONTEXT() REPRESENTATION_CONTEXT('2D SPACE',''
  ) );
#9643 = PCURVE('',#9644,#9649);
#9644 = PLANE('',#9645);
#9645 = AXIS2_PLACEMENT_3D('',#9646,#9647,#9648);
#9646 = CARTESIAN_POINT('',(0.425,-0.275,5.5E-02));
#9647 = DIRECTION('',(-0.707106781187,-7.532303909457E-17,
    -0.707106781187));
#9648 = DIRECTION('',(0.707106781187,6.231304445401E-16,-0.707106781187)
  );
#9649 = DEFINITIONAL_REPRESENTATION('',(#9650),#9654);
#9650 = LINE('',#9651,#9652);
#9651 = CARTESIAN_POINT('',(3.535533905933E-02,0.155137));
#9652 = VECTOR('',#9653,1.);
#9653 = DIRECTION('',(6.984534836347E-16,-1.));
#9654 = ( GEOMETRIC_REPRESENTATION_CONTEXT(2) 
PARAMETRIC_REPRESENTATION_CONTEXT() REPRESENTATION_CONTEXT('2D SPACE',''
  ) );
#9655 = ORIENTED_EDGE('',*,*,#9656,.T.);
#9656 = EDGE_CURVE('',#9629,#9657,#9659,.T.);
#9657 = VERTEX_POINT('',#9658);
#9658 = CARTESIAN_POINT('',(0.55,-0.125,3.E-02));
#9659 = SURFACE_CURVE('',#9660,(#9664,#9671),.PCURVE_S1.);
#9660 = LINE('',#9661,#9662);
#9661 = CARTESIAN_POINT('',(-15.,-0.125,3.E-02));
#9662 = VECTOR('',#9663,1.);
#9663 = DIRECTION('',(1.,-5.243344273594E-32,-2.289834988289E-16));
#9664 = PCURVE('',#649,#9665);
#9665 = DEFINITIONAL_REPRESENTATION('',(#9666),#9670);
#9666 = LINE('',#9667,#9668);
#9667 = CARTESIAN_POINT('',(-1.683331445655E-30,-32.1025));
#9668 = VECTOR('',#9669,1.);
#9669 = DIRECTION('',(-9.031806508344E-47,-1.));
#9670 = ( GEOMETRIC_REPRESENTATION_CONTEXT(2) 
PARAMETRIC_REPRESENTATION_CONTEXT() REPRESENTATION_CONTEXT('2D SPACE',''
  ) );
#9671 = PCURVE('',#9672,#9677);
#9672 = PLANE('',#9673);
#9673 = AXIS2_PLACEMENT_3D('',#9674,#9675,#9676);
#9674 = CARTESIAN_POINT('',(4.325,-0.125,0.31));
#9675 = DIRECTION('',(2.804146475864E-32,1.,-1.065228634467E-16));
#9676 = DIRECTION('',(-2.289834988289E-16,-1.065228634467E-16,-1.));
#9677 = DEFINITIONAL_REPRESENTATION('',(#9678),#9682);
#9678 = LINE('',#9679,#9680);
#9679 = CARTESIAN_POINT('',(0.28,19.325));
#9680 = VECTOR('',#9681,1.);
#9681 = DIRECTION('',(0.,-1.));
#9682 = ( GEOMETRIC_REPRESENTATION_CONTEXT(2) 
PARAMETRIC_REPRESENTATION_CONTEXT() REPRESENTATION_CONTEXT('2D SPACE',''
  ) );
#9683 = ORIENTED_EDGE('',*,*,#9684,.T.);
#9684 = EDGE_CURVE('',#9657,#9685,#9687,.T.);
#9685 = VERTEX_POINT('',#9686);
#9686 = CARTESIAN_POINT('',(0.55,-0.425,3.E-02));
#9687 = SURFACE_CURVE('',#9688,(#9692,#9699),.PCURVE_S1.);
#9688 = LINE('',#9689,#9690);
#9689 = CARTESIAN_POINT('',(0.55,-0.430137,3.E-02));
#9690 = VECTOR('',#9691,1.);
#9691 = DIRECTION('',(-3.675722875075E-32,-1.,1.065228634467E-16));
#9692 = PCURVE('',#649,#9693);
#9693 = DEFINITIONAL_REPRESENTATION('',(#9694),#9698);
#9694 = LINE('',#9695,#9696);
#9695 = CARTESIAN_POINT('',(0.305137,-47.6525));
#9696 = VECTOR('',#9697,1.);
#9697 = DIRECTION('',(1.,8.715763992105E-33));
#9698 = ( GEOMETRIC_REPRESENTATION_CONTEXT(2) 
PARAMETRIC_REPRESENTATION_CONTEXT() REPRESENTATION_CONTEXT('2D SPACE',''
  ) );
#9699 = PCURVE('',#9700,#9705);
#9700 = PLANE('',#9701);
#9701 = AXIS2_PLACEMENT_3D('',#9702,#9703,#9704);
#9702 = CARTESIAN_POINT('',(0.575,-0.275,5.5E-02));
#9703 = DIRECTION('',(0.707106781187,-7.532303909457E-17,-0.707106781187
    ));
#9704 = DIRECTION('',(-0.707106781187,6.231304445401E-16,-0.707106781187
    ));
#9705 = DEFINITIONAL_REPRESENTATION('',(#9706),#9710);
#9706 = LINE('',#9707,#9708);
#9707 = CARTESIAN_POINT('',(3.535533905933E-02,-0.155137));
#9708 = VECTOR('',#9709,1.);
#9709 = DIRECTION('',(-6.984534836347E-16,-1.));
#9710 = ( GEOMETRIC_REPRESENTATION_CONTEXT(2) 
PARAMETRIC_REPRESENTATION_CONTEXT() REPRESENTATION_CONTEXT('2D SPACE',''
  ) );
#9711 = ORIENTED_EDGE('',*,*,#9712,.F.);
#9712 = EDGE_CURVE('',#9713,#9685,#9715,.T.);
#9713 = VERTEX_POINT('',#9714);
#9714 = CARTESIAN_POINT('',(0.95,-0.425,3.E-02));
#9715 = SURFACE_CURVE('',#9716,(#9720,#9727),.PCURVE_S1.);
#9716 = LINE('',#9717,#9718);
#9717 = CARTESIAN_POINT('',(3.5,-0.425,3.E-02));
#9718 = VECTOR('',#9719,1.);
#9719 = DIRECTION('',(-1.,5.243344273594E-32,2.289834988289E-16));
#9720 = PCURVE('',#649,#9721);
#9721 = DEFINITIONAL_REPRESENTATION('',(#9722),#9726);
#9722 = LINE('',#9723,#9724);
#9723 = CARTESIAN_POINT('',(0.3,-50.6025));
#9724 = VECTOR('',#9725,1.);
#9725 = DIRECTION('',(9.031806508344E-47,1.));
#9726 = ( GEOMETRIC_REPRESENTATION_CONTEXT(2) 
PARAMETRIC_REPRESENTATION_CONTEXT() REPRESENTATION_CONTEXT('2D SPACE',''
  ) );
#9727 = PCURVE('',#9728,#9733);
#9728 = PLANE('',#9729);
#9729 = AXIS2_PLACEMENT_3D('',#9730,#9731,#9732);
#9730 = CARTESIAN_POINT('',(0.6625,-0.205,8.E-02));
#9731 = DIRECTION('',(-2.232893331422E-16,0.221621103589,-0.975132855791
    ));
#9732 = DIRECTION('',(-5.074757571413E-17,-0.975132855791,
    -0.221621103589));
#9733 = DEFINITIONAL_REPRESENTATION('',(#9734),#9738);
#9734 = LINE('',#9735,#9736);
#9735 = CARTESIAN_POINT('',(0.225610283454,-2.8375));
#9736 = VECTOR('',#9737,1.);
#9737 = DIRECTION('',(-1.848892746612E-31,1.));
#9738 = ( GEOMETRIC_REPRESENTATION_CONTEXT(2) 
PARAMETRIC_REPRESENTATION_CONTEXT() REPRESENTATION_CONTEXT('2D SPACE',''
  ) );
#9739 = ORIENTED_EDGE('',*,*,#9740,.T.);
#9740 = EDGE_CURVE('',#9713,#9741,#9743,.T.);
#9741 = VERTEX_POINT('',#9742);
#9742 = CARTESIAN_POINT('',(0.95,-0.125,3.E-02));
#9743 = SURFACE_CURVE('',#9744,(#9748,#9755),.PCURVE_S1.);
#9744 = LINE('',#9745,#9746);
#9745 = CARTESIAN_POINT('',(0.95,-0.430137,3.E-02));
#9746 = VECTOR('',#9747,1.);
#9747 = DIRECTION('',(1.932570076653E-32,1.,-1.065228634467E-16));
#9748 = PCURVE('',#649,#9749);
#9749 = DEFINITIONAL_REPRESENTATION('',(#9750),#9754);
#9750 = LINE('',#9751,#9752);
#9751 = CARTESIAN_POINT('',(0.305137,-48.0525));
#9752 = VECTOR('',#9753,1.);
#9753 = DIRECTION('',(-1.,8.715763992105E-33));
#9754 = ( GEOMETRIC_REPRESENTATION_CONTEXT(2) 
PARAMETRIC_REPRESENTATION_CONTEXT() REPRESENTATION_CONTEXT('2D SPACE',''
  ) );
#9755 = PCURVE('',#9756,#9761);
#9756 = PLANE('',#9757);
#9757 = AXIS2_PLACEMENT_3D('',#9758,#9759,#9760);
#9758 = CARTESIAN_POINT('',(0.925,-0.275,5.5E-02));
#9759 = DIRECTION('',(-0.707106781187,-7.532303909457E-17,
    -0.707106781187));
#9760 = DIRECTION('',(0.707106781187,6.231304445401E-16,-0.707106781187)
  );
#9761 = DEFINITIONAL_REPRESENTATION('',(#9762),#9766);
#9762 = LINE('',#9763,#9764);
#9763 = CARTESIAN_POINT('',(3.535533905933E-02,0.155137));
#9764 = VECTOR('',#9765,1.);
#9765 = DIRECTION('',(6.984534836347E-16,-1.));
#9766 = ( GEOMETRIC_REPRESENTATION_CONTEXT(2) 
PARAMETRIC_REPRESENTATION_CONTEXT() REPRESENTATION_CONTEXT('2D SPACE',''
  ) );
#9767 = ORIENTED_EDGE('',*,*,#9768,.T.);
#9768 = EDGE_CURVE('',#9741,#1479,#9769,.T.);
#9769 = SURFACE_CURVE('',#9770,(#9774,#9781),.PCURVE_S1.);
#9770 = LINE('',#9771,#9772);
#9771 = CARTESIAN_POINT('',(-14.5,-0.125,3.E-02));
#9772 = VECTOR('',#9773,1.);
#9773 = DIRECTION('',(1.,-5.243344273594E-32,-2.289834988289E-16));
#9774 = PCURVE('',#649,#9775);
#9775 = DEFINITIONAL_REPRESENTATION('',(#9776),#9780);
#9776 = LINE('',#9777,#9778);
#9777 = CARTESIAN_POINT('',(-1.709548167023E-30,-32.6025));
#9778 = VECTOR('',#9779,1.);
#9779 = DIRECTION('',(-9.031806508344E-47,-1.));
#9780 = ( GEOMETRIC_REPRESENTATION_CONTEXT(2) 
PARAMETRIC_REPRESENTATION_CONTEXT() REPRESENTATION_CONTEXT('2D SPACE',''
  ) );
#9781 = PCURVE('',#1515,#9782);
#9782 = DEFINITIONAL_REPRESENTATION('',(#9783),#9787);
#9783 = LINE('',#9784,#9785);
#9784 = CARTESIAN_POINT('',(0.28,19.325));
#9785 = VECTOR('',#9786,1.);
#9786 = DIRECTION('',(0.,-1.));
#9787 = ( GEOMETRIC_REPRESENTATION_CONTEXT(2) 
PARAMETRIC_REPRESENTATION_CONTEXT() REPRESENTATION_CONTEXT('2D SPACE',''
  ) );
#9788 = ORIENTED_EDGE('',*,*,#1478,.T.);
#9789 = ORIENTED_EDGE('',*,*,#9790,.F.);
#9790 = EDGE_CURVE('',#9791,#1451,#9793,.T.);
#9791 = VERTEX_POINT('',#9792);
#9792 = CARTESIAN_POINT('',(1.45,-0.425,3.E-02));
#9793 = SURFACE_CURVE('',#9794,(#9798,#9805),.PCURVE_S1.);
#9794 = LINE('',#9795,#9796);
#9795 = CARTESIAN_POINT('',(4.,-0.425,3.E-02));
#9796 = VECTOR('',#9797,1.);
#9797 = DIRECTION('',(-1.,5.243344273594E-32,2.289834988289E-16));
#9798 = PCURVE('',#649,#9799);
#9799 = DEFINITIONAL_REPRESENTATION('',(#9800),#9804);
#9800 = LINE('',#9801,#9802);
#9801 = CARTESIAN_POINT('',(0.3,-51.1025));
#9802 = VECTOR('',#9803,1.);
#9803 = DIRECTION('',(9.031806508344E-47,1.));
#9804 = ( GEOMETRIC_REPRESENTATION_CONTEXT(2) 
PARAMETRIC_REPRESENTATION_CONTEXT() REPRESENTATION_CONTEXT('2D SPACE',''
  ) );
#9805 = PCURVE('',#1466,#9806);
#9806 = DEFINITIONAL_REPRESENTATION('',(#9807),#9811);
#9807 = LINE('',#9808,#9809);
#9808 = CARTESIAN_POINT('',(0.225610283454,-2.8375));
#9809 = VECTOR('',#9810,1.);
#9810 = DIRECTION('',(-1.848892746612E-31,1.));
#9811 = ( GEOMETRIC_REPRESENTATION_CONTEXT(2) 
PARAMETRIC_REPRESENTATION_CONTEXT() REPRESENTATION_CONTEXT('2D SPACE',''
  ) );
#9812 = ORIENTED_EDGE('',*,*,#9813,.T.);
#9813 = EDGE_CURVE('',#9791,#9814,#9816,.T.);
#9814 = VERTEX_POINT('',#9815);
#9815 = CARTESIAN_POINT('',(1.45,-0.125,3.E-02));
#9816 = SURFACE_CURVE('',#9817,(#9821,#9828),.PCURVE_S1.);
#9817 = LINE('',#9818,#9819);
#9818 = CARTESIAN_POINT('',(1.45,-0.430137,3.E-02));
#9819 = VECTOR('',#9820,1.);
#9820 = DIRECTION('',(1.932570076653E-32,1.,-1.065228634467E-16));
#9821 = PCURVE('',#649,#9822);
#9822 = DEFINITIONAL_REPRESENTATION('',(#9823),#9827);
#9823 = LINE('',#9824,#9825);
#9824 = CARTESIAN_POINT('',(0.305137,-48.5525));
#9825 = VECTOR('',#9826,1.);
#9826 = DIRECTION('',(-1.,8.715763992105E-33));
#9827 = ( GEOMETRIC_REPRESENTATION_CONTEXT(2) 
PARAMETRIC_REPRESENTATION_CONTEXT() REPRESENTATION_CONTEXT('2D SPACE',''
  ) );
#9828 = PCURVE('',#9829,#9834);
#9829 = PLANE('',#9830);
#9830 = AXIS2_PLACEMENT_3D('',#9831,#9832,#9833);
#9831 = CARTESIAN_POINT('',(1.425,-0.275,5.5E-02));
#9832 = DIRECTION('',(-0.707106781187,-7.532303909457E-17,
    -0.707106781187));
#9833 = DIRECTION('',(0.707106781187,6.231304445401E-16,-0.707106781187)
  );
#9834 = DEFINITIONAL_REPRESENTATION('',(#9835),#9839);
#9835 = LINE('',#9836,#9837);
#9836 = CARTESIAN_POINT('',(3.535533905933E-02,0.155137));
#9837 = VECTOR('',#9838,1.);
#9838 = DIRECTION('',(6.984534836347E-16,-1.));
#9839 = ( GEOMETRIC_REPRESENTATION_CONTEXT(2) 
PARAMETRIC_REPRESENTATION_CONTEXT() REPRESENTATION_CONTEXT('2D SPACE',''
  ) );
#9840 = ORIENTED_EDGE('',*,*,#9841,.T.);
#9841 = EDGE_CURVE('',#9814,#9842,#9844,.T.);
#9842 = VERTEX_POINT('',#9843);
#9843 = CARTESIAN_POINT('',(1.55,-0.125,3.E-02));
#9844 = SURFACE_CURVE('',#9845,(#9849,#9856),.PCURVE_S1.);
#9845 = LINE('',#9846,#9847);
#9846 = CARTESIAN_POINT('',(-14.,-0.125,3.E-02));
#9847 = VECTOR('',#9848,1.);
#9848 = DIRECTION('',(1.,-5.243344273594E-32,-2.289834988289E-16));
#9849 = PCURVE('',#649,#9850);
#9850 = DEFINITIONAL_REPRESENTATION('',(#9851),#9855);
#9851 = LINE('',#9852,#9853);
#9852 = CARTESIAN_POINT('',(-1.735764888391E-30,-33.1025));
#9853 = VECTOR('',#9854,1.);
#9854 = DIRECTION('',(-9.031806508344E-47,-1.));
#9855 = ( GEOMETRIC_REPRESENTATION_CONTEXT(2) 
PARAMETRIC_REPRESENTATION_CONTEXT() REPRESENTATION_CONTEXT('2D SPACE',''
  ) );
#9856 = PCURVE('',#9857,#9862);
#9857 = PLANE('',#9858);
#9858 = AXIS2_PLACEMENT_3D('',#9859,#9860,#9861);
#9859 = CARTESIAN_POINT('',(5.325,-0.125,0.31));
#9860 = DIRECTION('',(2.804146475864E-32,1.,-1.065228634467E-16));
#9861 = DIRECTION('',(-2.289834988289E-16,-1.065228634467E-16,-1.));
#9862 = DEFINITIONAL_REPRESENTATION('',(#9863),#9867);
#9863 = LINE('',#9864,#9865);
#9864 = CARTESIAN_POINT('',(0.28,19.325));
#9865 = VECTOR('',#9866,1.);
#9866 = DIRECTION('',(0.,-1.));
#9867 = ( GEOMETRIC_REPRESENTATION_CONTEXT(2) 
PARAMETRIC_REPRESENTATION_CONTEXT() REPRESENTATION_CONTEXT('2D SPACE',''
  ) );
#9868 = ORIENTED_EDGE('',*,*,#9869,.T.);
#9869 = EDGE_CURVE('',#9842,#9870,#9872,.T.);
#9870 = VERTEX_POINT('',#9871);
#9871 = CARTESIAN_POINT('',(1.55,-0.425,3.E-02));
#9872 = SURFACE_CURVE('',#9873,(#9877,#9884),.PCURVE_S1.);
#9873 = LINE('',#9874,#9875);
#9874 = CARTESIAN_POINT('',(1.55,-0.430137,3.E-02));
#9875 = VECTOR('',#9876,1.);
#9876 = DIRECTION('',(-3.675722875075E-32,-1.,1.065228634467E-16));
#9877 = PCURVE('',#649,#9878);
#9878 = DEFINITIONAL_REPRESENTATION('',(#9879),#9883);
#9879 = LINE('',#9880,#9881);
#9880 = CARTESIAN_POINT('',(0.305137,-48.6525));
#9881 = VECTOR('',#9882,1.);
#9882 = DIRECTION('',(1.,8.715763992105E-33));
#9883 = ( GEOMETRIC_REPRESENTATION_CONTEXT(2) 
PARAMETRIC_REPRESENTATION_CONTEXT() REPRESENTATION_CONTEXT('2D SPACE',''
  ) );
#9884 = PCURVE('',#9885,#9890);
#9885 = PLANE('',#9886);
#9886 = AXIS2_PLACEMENT_3D('',#9887,#9888,#9889);
#9887 = CARTESIAN_POINT('',(1.575,-0.275,5.5E-02));
#9888 = DIRECTION('',(0.707106781187,-7.532303909457E-17,-0.707106781187
    ));
#9889 = DIRECTION('',(-0.707106781187,6.231304445401E-16,-0.707106781187
    ));
#9890 = DEFINITIONAL_REPRESENTATION('',(#9891),#9895);
#9891 = LINE('',#9892,#9893);
#9892 = CARTESIAN_POINT('',(3.535533905933E-02,-0.155137));
#9893 = VECTOR('',#9894,1.);
#9894 = DIRECTION('',(-6.984534836347E-16,-1.));
#9895 = ( GEOMETRIC_REPRESENTATION_CONTEXT(2) 
PARAMETRIC_REPRESENTATION_CONTEXT() REPRESENTATION_CONTEXT('2D SPACE',''
  ) );
#9896 = ORIENTED_EDGE('',*,*,#9897,.F.);
#9897 = EDGE_CURVE('',#4027,#9870,#9898,.T.);
#9898 = SURFACE_CURVE('',#9899,(#9903,#9910),.PCURVE_S1.);
#9899 = LINE('',#9900,#9901);
#9900 = CARTESIAN_POINT('',(4.5,-0.425,3.E-02));
#9901 = VECTOR('',#9902,1.);
#9902 = DIRECTION('',(-1.,5.243344273594E-32,2.289834988289E-16));
#9903 = PCURVE('',#649,#9904);
#9904 = DEFINITIONAL_REPRESENTATION('',(#9905),#9909);
#9905 = LINE('',#9906,#9907);
#9906 = CARTESIAN_POINT('',(0.3,-51.6025));
#9907 = VECTOR('',#9908,1.);
#9908 = DIRECTION('',(9.031806508344E-47,1.));
#9909 = ( GEOMETRIC_REPRESENTATION_CONTEXT(2) 
PARAMETRIC_REPRESENTATION_CONTEXT() REPRESENTATION_CONTEXT('2D SPACE',''
  ) );
#9910 = PCURVE('',#4063,#9911);
#9911 = DEFINITIONAL_REPRESENTATION('',(#9912),#9916);
#9912 = LINE('',#9913,#9914);
#9913 = CARTESIAN_POINT('',(0.225610283454,-2.8375));
#9914 = VECTOR('',#9915,1.);
#9915 = DIRECTION('',(-1.848892746612E-31,1.));
#9916 = ( GEOMETRIC_REPRESENTATION_CONTEXT(2) 
PARAMETRIC_REPRESENTATION_CONTEXT() REPRESENTATION_CONTEXT('2D SPACE',''
  ) );
#9917 = ORIENTED_EDGE('',*,*,#4026,.T.);
#9918 = ORIENTED_EDGE('',*,*,#9919,.T.);
#9919 = EDGE_CURVE('',#3999,#8516,#9920,.T.);
#9920 = SURFACE_CURVE('',#9921,(#9925,#9932),.PCURVE_S1.);
#9921 = LINE('',#9922,#9923);
#9922 = CARTESIAN_POINT('',(-13.5,-0.125,3.E-02));
#9923 = VECTOR('',#9924,1.);
#9924 = DIRECTION('',(1.,-5.243344273594E-32,-2.289834988289E-16));
#9925 = PCURVE('',#649,#9926);
#9926 = DEFINITIONAL_REPRESENTATION('',(#9927),#9931);
#9927 = LINE('',#9928,#9929);
#9928 = CARTESIAN_POINT('',(-9.992007221626E-16,-33.6025));
#9929 = VECTOR('',#9930,1.);
#9930 = DIRECTION('',(-9.031806508344E-47,-1.));
#9931 = ( GEOMETRIC_REPRESENTATION_CONTEXT(2) 
PARAMETRIC_REPRESENTATION_CONTEXT() REPRESENTATION_CONTEXT('2D SPACE',''
  ) );
#9932 = PCURVE('',#4014,#9933);
#9933 = DEFINITIONAL_REPRESENTATION('',(#9934),#9938);
#9934 = LINE('',#9935,#9936);
#9935 = CARTESIAN_POINT('',(0.28,15.825));
#9936 = VECTOR('',#9937,1.);
#9937 = DIRECTION('',(0.,-1.));
#9938 = ( GEOMETRIC_REPRESENTATION_CONTEXT(2) 
PARAMETRIC_REPRESENTATION_CONTEXT() REPRESENTATION_CONTEXT('2D SPACE',''
  ) );
#9939 = ORIENTED_EDGE('',*,*,#8515,.T.);
#9940 = ORIENTED_EDGE('',*,*,#9941,.T.);
#9941 = EDGE_CURVE('',#8488,#9942,#9944,.T.);
#9942 = VERTEX_POINT('',#9943);
#9943 = CARTESIAN_POINT('',(2.45,-0.425,3.E-02));
#9944 = SURFACE_CURVE('',#9945,(#9949,#9956),.PCURVE_S1.);
#9945 = LINE('',#9946,#9947);
#9946 = CARTESIAN_POINT('',(-13.5,-0.425,3.E-02));
#9947 = VECTOR('',#9948,1.);
#9948 = DIRECTION('',(1.,-5.243344273594E-32,-2.289834988289E-16));
#9949 = PCURVE('',#649,#9950);
#9950 = DEFINITIONAL_REPRESENTATION('',(#9951),#9955);
#9951 = LINE('',#9952,#9953);
#9952 = CARTESIAN_POINT('',(0.3,-33.6025));
#9953 = VECTOR('',#9954,1.);
#9954 = DIRECTION('',(-9.031806508344E-47,-1.));
#9955 = ( GEOMETRIC_REPRESENTATION_CONTEXT(2) 
PARAMETRIC_REPRESENTATION_CONTEXT() REPRESENTATION_CONTEXT('2D SPACE',''
  ) );
#9956 = PCURVE('',#8503,#9957);
#9957 = DEFINITIONAL_REPRESENTATION('',(#9958),#9962);
#9958 = LINE('',#9959,#9960);
#9959 = CARTESIAN_POINT('',(0.225610283454,15.6625));
#9960 = VECTOR('',#9961,1.);
#9961 = DIRECTION('',(1.848892746612E-31,-1.));
#9962 = ( GEOMETRIC_REPRESENTATION_CONTEXT(2) 
PARAMETRIC_REPRESENTATION_CONTEXT() REPRESENTATION_CONTEXT('2D SPACE',''
  ) );
#9963 = ORIENTED_EDGE('',*,*,#9964,.F.);
#9964 = EDGE_CURVE('',#9965,#9942,#9967,.T.);
#9965 = VERTEX_POINT('',#9966);
#9966 = CARTESIAN_POINT('',(2.45,-0.125,3.E-02));
#9967 = SURFACE_CURVE('',#9968,(#9972,#9979),.PCURVE_S1.);
#9968 = LINE('',#9969,#9970);
#9969 = CARTESIAN_POINT('',(2.45,-0.430137,3.E-02));
#9970 = VECTOR('',#9971,1.);
#9971 = DIRECTION('',(-1.932570076653E-32,-1.,1.065228634467E-16));
#9972 = PCURVE('',#649,#9973);
#9973 = DEFINITIONAL_REPRESENTATION('',(#9974),#9978);
#9974 = LINE('',#9975,#9976);
#9975 = CARTESIAN_POINT('',(0.305137,-49.5525));
#9976 = VECTOR('',#9977,1.);
#9977 = DIRECTION('',(1.,-8.715763992105E-33));
#9978 = ( GEOMETRIC_REPRESENTATION_CONTEXT(2) 
PARAMETRIC_REPRESENTATION_CONTEXT() REPRESENTATION_CONTEXT('2D SPACE',''
  ) );
#9979 = PCURVE('',#8895,#9980);
#9980 = DEFINITIONAL_REPRESENTATION('',(#9981),#9985);
#9981 = LINE('',#9982,#9983);
#9982 = CARTESIAN_POINT('',(-3.535533905933E-02,0.155137));
#9983 = VECTOR('',#9984,1.);
#9984 = DIRECTION('',(-8.659274570719E-17,1.));
#9985 = ( GEOMETRIC_REPRESENTATION_CONTEXT(2) 
PARAMETRIC_REPRESENTATION_CONTEXT() REPRESENTATION_CONTEXT('2D SPACE',''
  ) );
#9986 = ORIENTED_EDGE('',*,*,#9987,.T.);
#9987 = EDGE_CURVE('',#9965,#9988,#9990,.T.);
#9988 = VERTEX_POINT('',#9989);
#9989 = CARTESIAN_POINT('',(2.9525,-0.125,3.E-02));
#9990 = SURFACE_CURVE('',#9991,(#9995,#10002),.PCURVE_S1.);
#9991 = LINE('',#9992,#9993);
#9992 = CARTESIAN_POINT('',(-13.5,-0.125,3.E-02));
#9993 = VECTOR('',#9994,1.);
#9994 = DIRECTION('',(1.,-5.243344273594E-32,-2.289834988289E-16));
#9995 = PCURVE('',#649,#9996);
#9996 = DEFINITIONAL_REPRESENTATION('',(#9997),#10001);
#9997 = LINE('',#9998,#9999);
#9998 = CARTESIAN_POINT('',(-1.761981609759E-30,-33.6025));
#9999 = VECTOR('',#10000,1.);
#10000 = DIRECTION('',(-9.031806508344E-47,-1.));
#10001 = ( GEOMETRIC_REPRESENTATION_CONTEXT(2) 
PARAMETRIC_REPRESENTATION_CONTEXT() REPRESENTATION_CONTEXT('2D SPACE',''
  ) );
#10002 = PCURVE('',#8869,#10003);
#10003 = DEFINITIONAL_REPRESENTATION('',(#10004),#10008);
#10004 = LINE('',#10005,#10006);
#10005 = CARTESIAN_POINT('',(0.28,15.825));
#10006 = VECTOR('',#10007,1.);
#10007 = DIRECTION('',(0.,-1.));
#10008 = ( GEOMETRIC_REPRESENTATION_CONTEXT(2) 
PARAMETRIC_REPRESENTATION_CONTEXT() REPRESENTATION_CONTEXT('2D SPACE',''
  ) );
#10009 = ORIENTED_EDGE('',*,*,#10010,.T.);
#10010 = EDGE_CURVE('',#9988,#8010,#10011,.T.);
#10011 = SURFACE_CURVE('',#10012,(#10016,#10023),.PCURVE_S1.);
#10012 = LINE('',#10013,#10014);
#10013 = CARTESIAN_POINT('',(2.9525,-0.430137,3.E-02));
#10014 = VECTOR('',#10015,1.);
#10015 = DIRECTION('',(-2.804146475864E-32,-1.,1.065228634467E-16));
#10016 = PCURVE('',#649,#10017);
#10017 = DEFINITIONAL_REPRESENTATION('',(#10018),#10022);
#10018 = LINE('',#10019,#10020);
#10019 = CARTESIAN_POINT('',(0.305137,-50.055));
#10020 = VECTOR('',#10021,1.);
#10021 = DIRECTION('',(1.,2.736911063134E-48));
#10022 = ( GEOMETRIC_REPRESENTATION_CONTEXT(2) 
PARAMETRIC_REPRESENTATION_CONTEXT() REPRESENTATION_CONTEXT('2D SPACE',''
  ) );
#10023 = PCURVE('',#8048,#10024);
#10024 = DEFINITIONAL_REPRESENTATION('',(#10025),#10029);
#10025 = LINE('',#10026,#10027);
#10026 = CARTESIAN_POINT('',(-1.757982754052E-16,2.594863));
#10027 = VECTOR('',#10028,1.);
#10028 = DIRECTION('',(0.,-1.));
#10029 = ( GEOMETRIC_REPRESENTATION_CONTEXT(2) 
PARAMETRIC_REPRESENTATION_CONTEXT() REPRESENTATION_CONTEXT('2D SPACE',''
  ) );
#10030 = ADVANCED_FACE('',(#10031),#5637,.F.);
#10031 = FACE_BOUND('',#10032,.F.);
#10032 = EDGE_LOOP('',(#10033,#10059,#10080,#10081));
#10033 = ORIENTED_EDGE('',*,*,#10034,.T.);
#10034 = EDGE_CURVE('',#10035,#10037,#10039,.T.);
#10035 = VERTEX_POINT('',#10036);
#10036 = CARTESIAN_POINT('',(-0.825,0.225,0.16));
#10037 = VERTEX_POINT('',#10038);
#10038 = CARTESIAN_POINT('',(-0.825,0.175,0.11));
#10039 = SURFACE_CURVE('',#10040,(#10045,#10052),.PCURVE_S1.);
#10040 = CIRCLE('',#10041,5.E-02);
#10041 = AXIS2_PLACEMENT_3D('',#10042,#10043,#10044);
#10042 = CARTESIAN_POINT('',(-0.825,0.225,0.11));
#10043 = DIRECTION('',(1.,-5.243344273594E-32,-2.289834988289E-16));
#10044 = DIRECTION('',(-2.080052407982E-46,1.,-2.289834988289E-16));
#10045 = PCURVE('',#5637,#10046);
#10046 = DEFINITIONAL_REPRESENTATION('',(#10047),#10051);
#10047 = LINE('',#10048,#10049);
#10048 = CARTESIAN_POINT('',(-2.22044604925E-16,0.));
#10049 = VECTOR('',#10050,1.);
#10050 = DIRECTION('',(1.,0.));
#10051 = ( GEOMETRIC_REPRESENTATION_CONTEXT(2) 
PARAMETRIC_REPRESENTATION_CONTEXT() REPRESENTATION_CONTEXT('2D SPACE',''
  ) );
#10052 = PCURVE('',#797,#10053);
#10053 = DEFINITIONAL_REPRESENTATION('',(#10054),#10058);
#10054 = CIRCLE('',#10055,5.E-02);
#10055 = AXIS2_PLACEMENT_2D('',#10056,#10057);
#10056 = CARTESIAN_POINT('',(0.104220924602,-6.050023101547E-02));
#10057 = DIRECTION('',(1.,-2.289834988289E-16));
#10058 = ( GEOMETRIC_REPRESENTATION_CONTEXT(2) 
PARAMETRIC_REPRESENTATION_CONTEXT() REPRESENTATION_CONTEXT('2D SPACE',''
  ) );
#10059 = ORIENTED_EDGE('',*,*,#10060,.T.);
#10060 = EDGE_CURVE('',#10037,#5593,#10061,.T.);
#10061 = SURFACE_CURVE('',#10062,(#10066,#10073),.PCURVE_S1.);
#10062 = LINE('',#10063,#10064);
#10063 = CARTESIAN_POINT('',(-0.825,0.175,0.11));
#10064 = VECTOR('',#10065,1.);
#10065 = DIRECTION('',(1.,-5.243344273594E-32,-2.289834988289E-16));
#10066 = PCURVE('',#5637,#10067);
#10067 = DEFINITIONAL_REPRESENTATION('',(#10068),#10072);
#10068 = LINE('',#10069,#10070);
#10069 = CARTESIAN_POINT('',(3.14159265359,0.));
#10070 = VECTOR('',#10071,1.);
#10071 = DIRECTION('',(0.,1.));
#10072 = ( GEOMETRIC_REPRESENTATION_CONTEXT(2) 
PARAMETRIC_REPRESENTATION_CONTEXT() REPRESENTATION_CONTEXT('2D SPACE',''
  ) );
#10073 = PCURVE('',#5608,#10074);
#10074 = DEFINITIONAL_REPRESENTATION('',(#10075),#10079);
#10075 = LINE('',#10076,#10077);
#10076 = CARTESIAN_POINT('',(-0.,0.));
#10077 = VECTOR('',#10078,1.);
#10078 = DIRECTION('',(0.,-1.));
#10079 = ( GEOMETRIC_REPRESENTATION_CONTEXT(2) 
PARAMETRIC_REPRESENTATION_CONTEXT() REPRESENTATION_CONTEXT('2D SPACE',''
  ) );
#10080 = ORIENTED_EDGE('',*,*,#5620,.F.);
#10081 = ORIENTED_EDGE('',*,*,#10082,.F.);
#10082 = EDGE_CURVE('',#10035,#5621,#10083,.T.);
#10083 = SURFACE_CURVE('',#10084,(#10088,#10095),.PCURVE_S1.);
#10084 = LINE('',#10085,#10086);
#10085 = CARTESIAN_POINT('',(-0.825,0.225,0.16));
#10086 = VECTOR('',#10087,1.);
#10087 = DIRECTION('',(1.,-5.243344273594E-32,-2.289834988289E-16));
#10088 = PCURVE('',#5637,#10089);
#10089 = DEFINITIONAL_REPRESENTATION('',(#10090),#10094);
#10090 = LINE('',#10091,#10092);
#10091 = CARTESIAN_POINT('',(1.570796326795,0.));
#10092 = VECTOR('',#10093,1.);
#10093 = DIRECTION('',(0.,1.));
#10094 = ( GEOMETRIC_REPRESENTATION_CONTEXT(2) 
PARAMETRIC_REPRESENTATION_CONTEXT() REPRESENTATION_CONTEXT('2D SPACE',''
  ) );
#10095 = PCURVE('',#5665,#10096);
#10096 = DEFINITIONAL_REPRESENTATION('',(#10097),#10101);
#10097 = LINE('',#10098,#10099);
#10098 = CARTESIAN_POINT('',(0.15,-3.434752482434E-17));
#10099 = VECTOR('',#10100,1.);
#10100 = DIRECTION('',(0.,-1.));
#10101 = ( GEOMETRIC_REPRESENTATION_CONTEXT(2) 
PARAMETRIC_REPRESENTATION_CONTEXT() REPRESENTATION_CONTEXT('2D SPACE',''
  ) );
#10102 = ADVANCED_FACE('',(#10103),#5608,.T.);
#10103 = FACE_BOUND('',#10104,.T.);
#10104 = EDGE_LOOP('',(#10105,#10106,#10107,#10108));
#10105 = ORIENTED_EDGE('',*,*,#10060,.T.);
#10106 = ORIENTED_EDGE('',*,*,#5592,.T.);
#10107 = ORIENTED_EDGE('',*,*,#7769,.F.);
#10108 = ORIENTED_EDGE('',*,*,#10109,.F.);
#10109 = EDGE_CURVE('',#10037,#7770,#10110,.T.);
#10110 = SURFACE_CURVE('',#10111,(#10115,#10122),.PCURVE_S1.);
#10111 = LINE('',#10112,#10113);
#10112 = CARTESIAN_POINT('',(-0.825,0.175,0.11));
#10113 = VECTOR('',#10114,1.);
#10114 = DIRECTION('',(-2.289834988289E-16,-2.289834988289E-16,-1.));
#10115 = PCURVE('',#5608,#10116);
#10116 = DEFINITIONAL_REPRESENTATION('',(#10117),#10121);
#10117 = LINE('',#10118,#10119);
#10118 = CARTESIAN_POINT('',(-0.,0.));
#10119 = VECTOR('',#10120,1.);
#10120 = DIRECTION('',(1.,0.));
#10121 = ( GEOMETRIC_REPRESENTATION_CONTEXT(2) 
PARAMETRIC_REPRESENTATION_CONTEXT() REPRESENTATION_CONTEXT('2D SPACE',''
  ) );
#10122 = PCURVE('',#797,#10123);
#10123 = DEFINITIONAL_REPRESENTATION('',(#10124),#10128);
#10124 = LINE('',#10125,#10126);
#10125 = CARTESIAN_POINT('',(5.422092460224E-02,-6.050023101547E-02));
#10126 = VECTOR('',#10127,1.);
#10127 = DIRECTION('',(-2.289834988289E-16,-1.));
#10128 = ( GEOMETRIC_REPRESENTATION_CONTEXT(2) 
PARAMETRIC_REPRESENTATION_CONTEXT() REPRESENTATION_CONTEXT('2D SPACE',''
  ) );
#10129 = ADVANCED_FACE('',(#10130),#5665,.T.);
#10130 = FACE_BOUND('',#10131,.T.);
#10131 = EDGE_LOOP('',(#10132,#10155,#10156,#10157));
#10132 = ORIENTED_EDGE('',*,*,#10133,.T.);
#10133 = EDGE_CURVE('',#10134,#5650,#10136,.T.);
#10134 = VERTEX_POINT('',#10135);
#10135 = CARTESIAN_POINT('',(-0.825,0.225,0.31));
#10136 = SURFACE_CURVE('',#10137,(#10141,#10148),.PCURVE_S1.);
#10137 = LINE('',#10138,#10139);
#10138 = CARTESIAN_POINT('',(2.,0.225,0.31));
#10139 = VECTOR('',#10140,1.);
#10140 = DIRECTION('',(1.,-5.243344273594E-32,-2.289834988289E-16));
#10141 = PCURVE('',#5665,#10142);
#10142 = DEFINITIONAL_REPRESENTATION('',(#10143),#10147);
#10143 = LINE('',#10144,#10145);
#10144 = CARTESIAN_POINT('',(2.350723782296E-15,-2.825));
#10145 = VECTOR('',#10146,1.);
#10146 = DIRECTION('',(0.,-1.));
#10147 = ( GEOMETRIC_REPRESENTATION_CONTEXT(2) 
PARAMETRIC_REPRESENTATION_CONTEXT() REPRESENTATION_CONTEXT('2D SPACE',''
  ) );
#10148 = PCURVE('',#512,#10149);
#10149 = DEFINITIONAL_REPRESENTATION('',(#10150),#10154);
#10150 = LINE('',#10151,#10152);
#10151 = CARTESIAN_POINT('',(-0.65,0.323724317761));
#10152 = VECTOR('',#10153,1.);
#10153 = DIRECTION('',(-1.,-2.736911063134E-48));
#10154 = ( GEOMETRIC_REPRESENTATION_CONTEXT(2) 
PARAMETRIC_REPRESENTATION_CONTEXT() REPRESENTATION_CONTEXT('2D SPACE',''
  ) );
#10155 = ORIENTED_EDGE('',*,*,#5649,.T.);
#10156 = ORIENTED_EDGE('',*,*,#10082,.F.);
#10157 = ORIENTED_EDGE('',*,*,#10158,.T.);
#10158 = EDGE_CURVE('',#10035,#10134,#10159,.T.);
#10159 = SURFACE_CURVE('',#10160,(#10164,#10171),.PCURVE_S1.);
#10160 = LINE('',#10161,#10162);
#10161 = CARTESIAN_POINT('',(-0.825,0.225,0.31));
#10162 = VECTOR('',#10163,1.);
#10163 = DIRECTION('',(2.289834988289E-16,2.289834988289E-16,1.));
#10164 = PCURVE('',#5665,#10165);
#10165 = DEFINITIONAL_REPRESENTATION('',(#10166),#10170);
#10166 = LINE('',#10167,#10168);
#10167 = CARTESIAN_POINT('',(-0.,0.));
#10168 = VECTOR('',#10169,1.);
#10169 = DIRECTION('',(-1.,0.));
#10170 = ( GEOMETRIC_REPRESENTATION_CONTEXT(2) 
PARAMETRIC_REPRESENTATION_CONTEXT() REPRESENTATION_CONTEXT('2D SPACE',''
  ) );
#10171 = PCURVE('',#797,#10172);
#10172 = DEFINITIONAL_REPRESENTATION('',(#10173),#10177);
#10173 = LINE('',#10174,#10175);
#10174 = CARTESIAN_POINT('',(0.104220924602,0.139499768985));
#10175 = VECTOR('',#10176,1.);
#10176 = DIRECTION('',(2.289834988289E-16,1.));
#10177 = ( GEOMETRIC_REPRESENTATION_CONTEXT(2) 
PARAMETRIC_REPRESENTATION_CONTEXT() REPRESENTATION_CONTEXT('2D SPACE',''
  ) );
#10178 = ADVANCED_FACE('',(#10179),#8362,.T.);
#10179 = FACE_BOUND('',#10180,.T.);
#10180 = EDGE_LOOP('',(#10181,#10204,#10227,#10248));
#10181 = ORIENTED_EDGE('',*,*,#10182,.T.);
#10182 = EDGE_CURVE('',#8318,#10183,#10185,.T.);
#10183 = VERTEX_POINT('',#10184);
#10184 = CARTESIAN_POINT('',(-0.175,-0.181813366389,6.541154699934E-02)
  );
#10185 = SURFACE_CURVE('',#10186,(#10190,#10197),.PCURVE_S1.);
#10186 = LINE('',#10187,#10188);
#10187 = CARTESIAN_POINT('',(-0.325,-0.181813366389,6.541154699934E-02)
  );
#10188 = VECTOR('',#10189,1.);
#10189 = DIRECTION('',(1.,-5.243344273594E-32,-2.289834988289E-16));
#10190 = PCURVE('',#8362,#10191);
#10191 = DEFINITIONAL_REPRESENTATION('',(#10192),#10196);
#10192 = LINE('',#10193,#10194);
#10193 = CARTESIAN_POINT('',(0.,0.));
#10194 = VECTOR('',#10195,1.);
#10195 = DIRECTION('',(-9.244463733059E-32,-1.));
#10196 = ( GEOMETRIC_REPRESENTATION_CONTEXT(2) 
PARAMETRIC_REPRESENTATION_CONTEXT() REPRESENTATION_CONTEXT('2D SPACE',''
  ) );
#10197 = PCURVE('',#8334,#10198);
#10198 = DEFINITIONAL_REPRESENTATION('',(#10199),#10203);
#10199 = LINE('',#10200,#10201);
#10200 = CARTESIAN_POINT('',(1.799907705522,0.));
#10201 = VECTOR('',#10202,1.);
#10202 = DIRECTION('',(0.,1.));
#10203 = ( GEOMETRIC_REPRESENTATION_CONTEXT(2) 
PARAMETRIC_REPRESENTATION_CONTEXT() REPRESENTATION_CONTEXT('2D SPACE',''
  ) );
#10204 = ORIENTED_EDGE('',*,*,#10205,.T.);
#10205 = EDGE_CURVE('',#10183,#10206,#10208,.T.);
#10206 = VERTEX_POINT('',#10207);
#10207 = CARTESIAN_POINT('',(-0.175,-0.125,7.866077735406E-02));
#10208 = SURFACE_CURVE('',#10209,(#10213,#10220),.PCURVE_S1.);
#10209 = LINE('',#10210,#10211);
#10210 = CARTESIAN_POINT('',(-0.175,-0.430137,7.500931358165E-03));
#10211 = VECTOR('',#10212,1.);
#10212 = DIRECTION('',(5.200494915182E-17,0.973868596229,0.227112212966)
  );
#10213 = PCURVE('',#8362,#10214);
#10214 = DEFINITIONAL_REPRESENTATION('',(#10215),#10219);
#10215 = LINE('',#10216,#10217);
#10216 = CARTESIAN_POINT('',(-0.254986796548,-0.15));
#10217 = VECTOR('',#10218,1.);
#10218 = DIRECTION('',(1.,-3.697785493223E-32));
#10219 = ( GEOMETRIC_REPRESENTATION_CONTEXT(2) 
PARAMETRIC_REPRESENTATION_CONTEXT() REPRESENTATION_CONTEXT('2D SPACE',''
  ) );
#10220 = PCURVE('',#7921,#10221);
#10221 = DEFINITIONAL_REPRESENTATION('',(#10222),#10226);
#10222 = LINE('',#10223,#10224);
#10223 = CARTESIAN_POINT('',(-0.550916075398,-0.162999299657));
#10224 = VECTOR('',#10225,1.);
#10225 = DIRECTION('',(0.973868596229,0.227112212966));
#10226 = ( GEOMETRIC_REPRESENTATION_CONTEXT(2) 
PARAMETRIC_REPRESENTATION_CONTEXT() REPRESENTATION_CONTEXT('2D SPACE',''
  ) );
#10227 = ORIENTED_EDGE('',*,*,#10228,.T.);
#10228 = EDGE_CURVE('',#10206,#8347,#10229,.T.);
#10229 = SURFACE_CURVE('',#10230,(#10234,#10241),.PCURVE_S1.);
#10230 = LINE('',#10231,#10232);
#10231 = CARTESIAN_POINT('',(5.,-0.125,7.866077735406E-02));
#10232 = VECTOR('',#10233,1.);
#10233 = DIRECTION('',(-1.,5.243344273594E-32,2.289834988289E-16));
#10234 = PCURVE('',#8362,#10235);
#10235 = DEFINITIONAL_REPRESENTATION('',(#10236),#10240);
#10236 = LINE('',#10237,#10238);
#10237 = CARTESIAN_POINT('',(5.833781539828E-02,-5.325));
#10238 = VECTOR('',#10239,1.);
#10239 = DIRECTION('',(9.244463733059E-32,1.));
#10240 = ( GEOMETRIC_REPRESENTATION_CONTEXT(2) 
PARAMETRIC_REPRESENTATION_CONTEXT() REPRESENTATION_CONTEXT('2D SPACE',''
  ) );
#10241 = PCURVE('',#8388,#10242);
#10242 = DEFINITIONAL_REPRESENTATION('',(#10243),#10247);
#10243 = LINE('',#10244,#10245);
#10244 = CARTESIAN_POINT('',(-1.857888842771E-16,-5.175));
#10245 = VECTOR('',#10246,1.);
#10246 = DIRECTION('',(0.,1.));
#10247 = ( GEOMETRIC_REPRESENTATION_CONTEXT(2) 
PARAMETRIC_REPRESENTATION_CONTEXT() REPRESENTATION_CONTEXT('2D SPACE',''
  ) );
#10248 = ORIENTED_EDGE('',*,*,#8346,.F.);
#10249 = ADVANCED_FACE('',(#10250),#8334,.T.);
#10250 = FACE_BOUND('',#10251,.T.);
#10251 = EDGE_LOOP('',(#10252,#10275,#10297,#10298));
#10252 = ORIENTED_EDGE('',*,*,#10253,.T.);
#10253 = EDGE_CURVE('',#8290,#10254,#10256,.T.);
#10254 = VERTEX_POINT('',#10255);
#10255 = CARTESIAN_POINT('',(-0.175,-0.205,3.619548911246E-02));
#10256 = SURFACE_CURVE('',#10257,(#10261,#10268),.PCURVE_S1.);
#10257 = LINE('',#10258,#10259);
#10258 = CARTESIAN_POINT('',(-0.325,-0.205,3.619548911246E-02));
#10259 = VECTOR('',#10260,1.);
#10260 = DIRECTION('',(1.,-5.243344273594E-32,-2.289834988289E-16));
#10261 = PCURVE('',#8334,#10262);
#10262 = DEFINITIONAL_REPRESENTATION('',(#10263),#10267);
#10263 = LINE('',#10264,#10265);
#10264 = CARTESIAN_POINT('',(3.14159265359,0.));
#10265 = VECTOR('',#10266,1.);
#10266 = DIRECTION('',(0.,1.));
#10267 = ( GEOMETRIC_REPRESENTATION_CONTEXT(2) 
PARAMETRIC_REPRESENTATION_CONTEXT() REPRESENTATION_CONTEXT('2D SPACE',''
  ) );
#10268 = PCURVE('',#8305,#10269);
#10269 = DEFINITIONAL_REPRESENTATION('',(#10270),#10274);
#10270 = LINE('',#10271,#10272);
#10271 = CARTESIAN_POINT('',(3.619548911246E-02,8.288169738796E-18));
#10272 = VECTOR('',#10273,1.);
#10273 = DIRECTION('',(0.,-1.));
#10274 = ( GEOMETRIC_REPRESENTATION_CONTEXT(2) 
PARAMETRIC_REPRESENTATION_CONTEXT() REPRESENTATION_CONTEXT('2D SPACE',''
  ) );
#10275 = ORIENTED_EDGE('',*,*,#10276,.F.);
#10276 = EDGE_CURVE('',#10183,#10254,#10277,.T.);
#10277 = SURFACE_CURVE('',#10278,(#10283,#10290),.PCURVE_S1.);
#10278 = CIRCLE('',#10279,3.E-02);
#10279 = AXIS2_PLACEMENT_3D('',#10280,#10281,#10282);
#10280 = CARTESIAN_POINT('',(-0.175,-0.175,3.619548911246E-02));
#10281 = DIRECTION('',(1.,-5.243344273594E-32,-2.289834988289E-16));
#10282 = DIRECTION('',(-2.080052407982E-46,1.,-2.289834988289E-16));
#10283 = PCURVE('',#8334,#10284);
#10284 = DEFINITIONAL_REPRESENTATION('',(#10285),#10289);
#10285 = LINE('',#10286,#10287);
#10286 = CARTESIAN_POINT('',(1.110223024625E-15,0.15));
#10287 = VECTOR('',#10288,1.);
#10288 = DIRECTION('',(1.,2.068710367184E-17));
#10289 = ( GEOMETRIC_REPRESENTATION_CONTEXT(2) 
PARAMETRIC_REPRESENTATION_CONTEXT() REPRESENTATION_CONTEXT('2D SPACE',''
  ) );
#10290 = PCURVE('',#7921,#10291);
#10291 = DEFINITIONAL_REPRESENTATION('',(#10292),#10296);
#10292 = CIRCLE('',#10293,3.E-02);
#10293 = AXIS2_PLACEMENT_2D('',#10294,#10295);
#10294 = CARTESIAN_POINT('',(-0.295779075398,-0.134304741903));
#10295 = DIRECTION('',(1.,-2.289834988289E-16));
#10296 = ( GEOMETRIC_REPRESENTATION_CONTEXT(2) 
PARAMETRIC_REPRESENTATION_CONTEXT() REPRESENTATION_CONTEXT('2D SPACE',''
  ) );
#10297 = ORIENTED_EDGE('',*,*,#10182,.F.);
#10298 = ORIENTED_EDGE('',*,*,#8317,.T.);
#10299 = ADVANCED_FACE('',(#10300),#8305,.T.);
#10300 = FACE_BOUND('',#10301,.T.);
#10301 = EDGE_LOOP('',(#10302,#10303,#10326,#10347));
#10302 = ORIENTED_EDGE('',*,*,#8289,.F.);
#10303 = ORIENTED_EDGE('',*,*,#10304,.T.);
#10304 = EDGE_CURVE('',#8262,#10305,#10307,.T.);
#10305 = VERTEX_POINT('',#10306);
#10306 = CARTESIAN_POINT('',(-0.175,-0.205,-8.881784197001E-16));
#10307 = SURFACE_CURVE('',#10308,(#10312,#10319),.PCURVE_S1.);
#10308 = LINE('',#10309,#10310);
#10309 = CARTESIAN_POINT('',(-0.325,-0.205,-7.771561172376E-16));
#10310 = VECTOR('',#10311,1.);
#10311 = DIRECTION('',(1.,-5.243344273594E-32,-2.289834988289E-16));
#10312 = PCURVE('',#8305,#10313);
#10313 = DEFINITIONAL_REPRESENTATION('',(#10314),#10318);
#10314 = LINE('',#10315,#10316);
#10315 = CARTESIAN_POINT('',(0.,0.));
#10316 = VECTOR('',#10317,1.);
#10317 = DIRECTION('',(0.,-1.));
#10318 = ( GEOMETRIC_REPRESENTATION_CONTEXT(2) 
PARAMETRIC_REPRESENTATION_CONTEXT() REPRESENTATION_CONTEXT('2D SPACE',''
  ) );
#10319 = PCURVE('',#8277,#10320);
#10320 = DEFINITIONAL_REPRESENTATION('',(#10321),#10325);
#10321 = LINE('',#10322,#10323);
#10322 = CARTESIAN_POINT('',(0.33,5.473822126269E-48));
#10323 = VECTOR('',#10324,1.);
#10324 = DIRECTION('',(-2.080052407982E-46,-1.));
#10325 = ( GEOMETRIC_REPRESENTATION_CONTEXT(2) 
PARAMETRIC_REPRESENTATION_CONTEXT() REPRESENTATION_CONTEXT('2D SPACE',''
  ) );
#10326 = ORIENTED_EDGE('',*,*,#10327,.T.);
#10327 = EDGE_CURVE('',#10305,#10254,#10328,.T.);
#10328 = SURFACE_CURVE('',#10329,(#10333,#10340),.PCURVE_S1.);
#10329 = LINE('',#10330,#10331);
#10330 = CARTESIAN_POINT('',(-0.175,-0.205,0.841614));
#10331 = VECTOR('',#10332,1.);
#10332 = DIRECTION('',(2.289834988289E-16,2.289834988289E-16,1.));
#10333 = PCURVE('',#8305,#10334);
#10334 = DEFINITIONAL_REPRESENTATION('',(#10335),#10339);
#10335 = LINE('',#10336,#10337);
#10336 = CARTESIAN_POINT('',(0.841614,-0.15));
#10337 = VECTOR('',#10338,1.);
#10338 = DIRECTION('',(1.,0.));
#10339 = ( GEOMETRIC_REPRESENTATION_CONTEXT(2) 
PARAMETRIC_REPRESENTATION_CONTEXT() REPRESENTATION_CONTEXT('2D SPACE',''
  ) );
#10340 = PCURVE('',#7921,#10341);
#10341 = DEFINITIONAL_REPRESENTATION('',(#10342),#10346);
#10342 = LINE('',#10343,#10344);
#10343 = CARTESIAN_POINT('',(-0.325779075398,0.671113768985));
#10344 = VECTOR('',#10345,1.);
#10345 = DIRECTION('',(2.289834988289E-16,1.));
#10346 = ( GEOMETRIC_REPRESENTATION_CONTEXT(2) 
PARAMETRIC_REPRESENTATION_CONTEXT() REPRESENTATION_CONTEXT('2D SPACE',''
  ) );
#10347 = ORIENTED_EDGE('',*,*,#10253,.F.);
#10348 = ADVANCED_FACE('',(#10349),#8388,.F.);
#10349 = FACE_BOUND('',#10350,.T.);
#10350 = EDGE_LOOP('',(#10351,#10379,#10380,#10381));
#10351 = ORIENTED_EDGE('',*,*,#10352,.F.);
#10352 = EDGE_CURVE('',#8143,#10353,#10355,.T.);
#10353 = VERTEX_POINT('',#10354);
#10354 = CARTESIAN_POINT('',(-0.175,-0.125,8.E-02));
#10355 = SURFACE_CURVE('',#10356,(#10360,#10367),.PCURVE_S1.);
#10356 = LINE('',#10357,#10358);
#10357 = CARTESIAN_POINT('',(5.,-0.125,8.E-02));
#10358 = VECTOR('',#10359,1.);
#10359 = DIRECTION('',(1.,-5.243344273594E-32,-2.289834988289E-16));
#10360 = PCURVE('',#8388,#10361);
#10361 = DEFINITIONAL_REPRESENTATION('',(#10362),#10366);
#10362 = LINE('',#10363,#10364);
#10363 = CARTESIAN_POINT('',(-1.339222645935E-03,-5.175));
#10364 = VECTOR('',#10365,1.);
#10365 = DIRECTION('',(0.,-1.));
#10366 = ( GEOMETRIC_REPRESENTATION_CONTEXT(2) 
PARAMETRIC_REPRESENTATION_CONTEXT() REPRESENTATION_CONTEXT('2D SPACE',''
  ) );
#10367 = PCURVE('',#10368,#10373);
#10368 = PLANE('',#10369);
#10369 = AXIS2_PLACEMENT_3D('',#10370,#10371,#10372);
#10370 = CARTESIAN_POINT('',(-0.3375,-0.125,8.E-02));
#10371 = DIRECTION('',(-2.289834988289E-16,-2.289834988289E-16,-1.));
#10372 = DIRECTION('',(0.,-1.,2.289834988289E-16));
#10373 = DEFINITIONAL_REPRESENTATION('',(#10374),#10378);
#10374 = LINE('',#10375,#10376);
#10375 = CARTESIAN_POINT('',(-2.79645027925E-31,-5.3375));
#10376 = VECTOR('',#10377,1.);
#10377 = DIRECTION('',(-2.080052407982E-46,-1.));
#10378 = ( GEOMETRIC_REPRESENTATION_CONTEXT(2) 
PARAMETRIC_REPRESENTATION_CONTEXT() REPRESENTATION_CONTEXT('2D SPACE',''
  ) );
#10379 = ORIENTED_EDGE('',*,*,#8374,.T.);
#10380 = ORIENTED_EDGE('',*,*,#10228,.F.);
#10381 = ORIENTED_EDGE('',*,*,#10382,.F.);
#10382 = EDGE_CURVE('',#10353,#10206,#10383,.T.);
#10383 = SURFACE_CURVE('',#10384,(#10388,#10395),.PCURVE_S1.);
#10384 = LINE('',#10385,#10386);
#10385 = CARTESIAN_POINT('',(-0.175,-0.125,0.841614));
#10386 = VECTOR('',#10387,1.);
#10387 = DIRECTION('',(-2.289834988289E-16,-1.065228634467E-16,-1.));
#10388 = PCURVE('',#8388,#10389);
#10389 = DEFINITIONAL_REPRESENTATION('',(#10390),#10394);
#10390 = LINE('',#10391,#10392);
#10391 = CARTESIAN_POINT('',(-0.762953222646,1.747036983643E-16));
#10392 = VECTOR('',#10393,1.);
#10393 = DIRECTION('',(1.,0.));
#10394 = ( GEOMETRIC_REPRESENTATION_CONTEXT(2) 
PARAMETRIC_REPRESENTATION_CONTEXT() REPRESENTATION_CONTEXT('2D SPACE',''
  ) );
#10395 = PCURVE('',#7921,#10396);
#10396 = DEFINITIONAL_REPRESENTATION('',(#10397),#10401);
#10397 = LINE('',#10398,#10399);
#10398 = CARTESIAN_POINT('',(-0.245779075398,0.671113768985));
#10399 = VECTOR('',#10400,1.);
#10400 = DIRECTION('',(-1.065228634467E-16,-1.));
#10401 = ( GEOMETRIC_REPRESENTATION_CONTEXT(2) 
PARAMETRIC_REPRESENTATION_CONTEXT() REPRESENTATION_CONTEXT('2D SPACE',''
  ) );
#10402 = ADVANCED_FACE('',(#10403),#4799,.T.);
#10403 = FACE_BOUND('',#10404,.T.);
#10404 = EDGE_LOOP('',(#10405,#10428,#10429,#10452,#10473,#10496));
#10405 = ORIENTED_EDGE('',*,*,#10406,.T.);
#10406 = EDGE_CURVE('',#10407,#4777,#10409,.T.);
#10407 = VERTEX_POINT('',#10408);
#10408 = CARTESIAN_POINT('',(-0.6,-0.205,8.E-02));
#10409 = SURFACE_CURVE('',#10410,(#10414,#10421),.PCURVE_S1.);
#10410 = LINE('',#10411,#10412);
#10411 = CARTESIAN_POINT('',(-16.5,-0.205,8.E-02));
#10412 = VECTOR('',#10413,1.);
#10413 = DIRECTION('',(-1.,5.243344273594E-32,2.289834988289E-16));
#10414 = PCURVE('',#4799,#10415);
#10415 = DEFINITIONAL_REPRESENTATION('',(#10416),#10420);
#10416 = LINE('',#10417,#10418);
#10417 = CARTESIAN_POINT('',(8.E-02,15.6625));
#10418 = VECTOR('',#10419,1.);
#10419 = DIRECTION('',(2.080052407982E-46,1.));
#10420 = ( GEOMETRIC_REPRESENTATION_CONTEXT(2) 
PARAMETRIC_REPRESENTATION_CONTEXT() REPRESENTATION_CONTEXT('2D SPACE',''
  ) );
#10421 = PCURVE('',#4827,#10422);
#10422 = DEFINITIONAL_REPRESENTATION('',(#10423),#10427);
#10423 = LINE('',#10424,#10425);
#10424 = CARTESIAN_POINT('',(-1.749253556813E-18,15.6625));
#10425 = VECTOR('',#10426,1.);
#10426 = DIRECTION('',(-1.848892746612E-31,1.));
#10427 = ( GEOMETRIC_REPRESENTATION_CONTEXT(2) 
PARAMETRIC_REPRESENTATION_CONTEXT() REPRESENTATION_CONTEXT('2D SPACE',''
  ) );
#10428 = ORIENTED_EDGE('',*,*,#4776,.T.);
#10429 = ORIENTED_EDGE('',*,*,#10430,.F.);
#10430 = EDGE_CURVE('',#10431,#4779,#10433,.T.);
#10431 = VERTEX_POINT('',#10432);
#10432 = CARTESIAN_POINT('',(-0.825,-0.125,8.E-02));
#10433 = SURFACE_CURVE('',#10434,(#10438,#10445),.PCURVE_S1.);
#10434 = LINE('',#10435,#10436);
#10435 = CARTESIAN_POINT('',(-16.5,-0.125,8.E-02));
#10436 = VECTOR('',#10437,1.);
#10437 = DIRECTION('',(-1.,5.243344273594E-32,2.289834988289E-16));
#10438 = PCURVE('',#4799,#10439);
#10439 = DEFINITIONAL_REPRESENTATION('',(#10440),#10444);
#10440 = LINE('',#10441,#10442);
#10441 = CARTESIAN_POINT('',(8.198683773256E-31,15.6625));
#10442 = VECTOR('',#10443,1.);
#10443 = DIRECTION('',(2.080052407982E-46,1.));
#10444 = ( GEOMETRIC_REPRESENTATION_CONTEXT(2) 
PARAMETRIC_REPRESENTATION_CONTEXT() REPRESENTATION_CONTEXT('2D SPACE',''
  ) );
#10445 = PCURVE('',#1621,#10446);
#10446 = DEFINITIONAL_REPRESENTATION('',(#10447),#10451);
#10447 = LINE('',#10448,#10449);
#10448 = CARTESIAN_POINT('',(0.23,19.325));
#10449 = VECTOR('',#10450,1.);
#10450 = DIRECTION('',(0.,1.));
#10451 = ( GEOMETRIC_REPRESENTATION_CONTEXT(2) 
PARAMETRIC_REPRESENTATION_CONTEXT() REPRESENTATION_CONTEXT('2D SPACE',''
  ) );
#10452 = ORIENTED_EDGE('',*,*,#10453,.T.);
#10453 = EDGE_CURVE('',#10431,#5516,#10454,.T.);
#10454 = SURFACE_CURVE('',#10455,(#10459,#10466),.PCURVE_S1.);
#10455 = LINE('',#10456,#10457);
#10456 = CARTESIAN_POINT('',(4.5,-0.125,8.E-02));
#10457 = VECTOR('',#10458,1.);
#10458 = DIRECTION('',(1.,-5.243344273594E-32,-2.289834988289E-16));
#10459 = PCURVE('',#4799,#10460);
#10460 = DEFINITIONAL_REPRESENTATION('',(#10461),#10465);
#10461 = LINE('',#10462,#10463);
#10462 = CARTESIAN_POINT('',(-2.79645027925E-31,-5.3375));
#10463 = VECTOR('',#10464,1.);
#10464 = DIRECTION('',(-2.080052407982E-46,-1.));
#10465 = ( GEOMETRIC_REPRESENTATION_CONTEXT(2) 
PARAMETRIC_REPRESENTATION_CONTEXT() REPRESENTATION_CONTEXT('2D SPACE',''
  ) );
#10466 = PCURVE('',#5031,#10467);
#10467 = DEFINITIONAL_REPRESENTATION('',(#10468),#10472);
#10468 = LINE('',#10469,#10470);
#10469 = CARTESIAN_POINT('',(-1.339222645935E-03,-5.175));
#10470 = VECTOR('',#10471,1.);
#10471 = DIRECTION('',(0.,-1.));
#10472 = ( GEOMETRIC_REPRESENTATION_CONTEXT(2) 
PARAMETRIC_REPRESENTATION_CONTEXT() REPRESENTATION_CONTEXT('2D SPACE',''
  ) );
#10473 = ORIENTED_EDGE('',*,*,#10474,.F.);
#10474 = EDGE_CURVE('',#10475,#5516,#10477,.T.);
#10475 = VERTEX_POINT('',#10476);
#10476 = CARTESIAN_POINT('',(-0.6,-0.125,8.E-02));
#10477 = SURFACE_CURVE('',#10478,(#10482,#10489),.PCURVE_S1.);
#10478 = LINE('',#10479,#10480);
#10479 = CARTESIAN_POINT('',(-16.5,-0.125,8.E-02));
#10480 = VECTOR('',#10481,1.);
#10481 = DIRECTION('',(-1.,5.243344273594E-32,2.289834988289E-16));
#10482 = PCURVE('',#4799,#10483);
#10483 = DEFINITIONAL_REPRESENTATION('',(#10484),#10488);
#10484 = LINE('',#10485,#10486);
#10485 = CARTESIAN_POINT('',(8.198683773256E-31,15.6625));
#10486 = VECTOR('',#10487,1.);
#10487 = DIRECTION('',(2.080052407982E-46,1.));
#10488 = ( GEOMETRIC_REPRESENTATION_CONTEXT(2) 
PARAMETRIC_REPRESENTATION_CONTEXT() REPRESENTATION_CONTEXT('2D SPACE',''
  ) );
#10489 = PCURVE('',#5714,#10490);
#10490 = DEFINITIONAL_REPRESENTATION('',(#10491),#10495);
#10491 = LINE('',#10492,#10493);
#10492 = CARTESIAN_POINT('',(0.23,19.825));
#10493 = VECTOR('',#10494,1.);
#10494 = DIRECTION('',(0.,1.));
#10495 = ( GEOMETRIC_REPRESENTATION_CONTEXT(2) 
PARAMETRIC_REPRESENTATION_CONTEXT() REPRESENTATION_CONTEXT('2D SPACE',''
  ) );
#10496 = ORIENTED_EDGE('',*,*,#10497,.T.);
#10497 = EDGE_CURVE('',#10475,#10407,#10498,.T.);
#10498 = SURFACE_CURVE('',#10499,(#10503,#10510),.PCURVE_S1.);
#10499 = LINE('',#10500,#10501);
#10500 = CARTESIAN_POINT('',(-0.6,-0.430137,8.E-02));
#10501 = VECTOR('',#10502,1.);
#10502 = DIRECTION('',(-1.224606353822E-16,-1.,2.289834988289E-16));
#10503 = PCURVE('',#4799,#10504);
#10504 = DEFINITIONAL_REPRESENTATION('',(#10505),#10509);
#10505 = LINE('',#10506,#10507);
#10506 = CARTESIAN_POINT('',(0.305137,-0.2375));
#10507 = VECTOR('',#10508,1.);
#10508 = DIRECTION('',(1.,1.224606353822E-16));
#10509 = ( GEOMETRIC_REPRESENTATION_CONTEXT(2) 
PARAMETRIC_REPRESENTATION_CONTEXT() REPRESENTATION_CONTEXT('2D SPACE',''
  ) );
#10510 = PCURVE('',#9425,#10511);
#10511 = DEFINITIONAL_REPRESENTATION('',(#10512),#10516);
#10512 = LINE('',#10513,#10514);
#10513 = CARTESIAN_POINT('',(-3.535533905933E-02,0.155137));
#10514 = VECTOR('',#10515,1.);
#10515 = DIRECTION('',(-8.716389750491E-16,1.));
#10516 = ( GEOMETRIC_REPRESENTATION_CONTEXT(2) 
PARAMETRIC_REPRESENTATION_CONTEXT() REPRESENTATION_CONTEXT('2D SPACE',''
  ) );
#10517 = ADVANCED_FACE('',(#10518),#7892,.T.);
#10518 = FACE_BOUND('',#10519,.T.);
#10519 = EDGE_LOOP('',(#10520,#10521,#10544,#10565));
#10520 = ORIENTED_EDGE('',*,*,#7876,.T.);
#10521 = ORIENTED_EDGE('',*,*,#10522,.T.);
#10522 = EDGE_CURVE('',#7877,#10523,#10525,.T.);
#10523 = VERTEX_POINT('',#10524);
#10524 = CARTESIAN_POINT('',(-0.175,0.175,5.E-02));
#10525 = SURFACE_CURVE('',#10526,(#10530,#10537),.PCURVE_S1.);
#10526 = LINE('',#10527,#10528);
#10527 = CARTESIAN_POINT('',(-0.175,0.175,0.841614));
#10528 = VECTOR('',#10529,1.);
#10529 = DIRECTION('',(-2.289834988289E-16,-2.289834988289E-16,-1.));
#10530 = PCURVE('',#7892,#10531);
#10531 = DEFINITIONAL_REPRESENTATION('',(#10532),#10536);
#10532 = LINE('',#10533,#10534);
#10533 = CARTESIAN_POINT('',(-0.731614,-0.15));
#10534 = VECTOR('',#10535,1.);
#10535 = DIRECTION('',(1.,0.));
#10536 = ( GEOMETRIC_REPRESENTATION_CONTEXT(2) 
PARAMETRIC_REPRESENTATION_CONTEXT() REPRESENTATION_CONTEXT('2D SPACE',''
  ) );
#10537 = PCURVE('',#7921,#10538);
#10538 = DEFINITIONAL_REPRESENTATION('',(#10539),#10543);
#10539 = LINE('',#10540,#10541);
#10540 = CARTESIAN_POINT('',(5.422092460224E-02,0.671113768985));
#10541 = VECTOR('',#10542,1.);
#10542 = DIRECTION('',(-2.289834988289E-16,-1.));
#10543 = ( GEOMETRIC_REPRESENTATION_CONTEXT(2) 
PARAMETRIC_REPRESENTATION_CONTEXT() REPRESENTATION_CONTEXT('2D SPACE',''
  ) );
#10544 = ORIENTED_EDGE('',*,*,#10545,.F.);
#10545 = EDGE_CURVE('',#8211,#10523,#10546,.T.);
#10546 = SURFACE_CURVE('',#10547,(#10551,#10558),.PCURVE_S1.);
#10547 = LINE('',#10548,#10549);
#10548 = CARTESIAN_POINT('',(-0.325,0.175,5.E-02));
#10549 = VECTOR('',#10550,1.);
#10550 = DIRECTION('',(1.,-5.243344273594E-32,-2.289834988289E-16));
#10551 = PCURVE('',#7892,#10552);
#10552 = DEFINITIONAL_REPRESENTATION('',(#10553),#10557);
#10553 = LINE('',#10554,#10555);
#10554 = CARTESIAN_POINT('',(6.E-02,-1.373900992974E-17));
#10555 = VECTOR('',#10556,1.);
#10556 = DIRECTION('',(0.,-1.));
#10557 = ( GEOMETRIC_REPRESENTATION_CONTEXT(2) 
PARAMETRIC_REPRESENTATION_CONTEXT() REPRESENTATION_CONTEXT('2D SPACE',''
  ) );
#10558 = PCURVE('',#8249,#10559);
#10559 = DEFINITIONAL_REPRESENTATION('',(#10560),#10564);
#10560 = LINE('',#10561,#10562);
#10561 = CARTESIAN_POINT('',(-0.,0.));
#10562 = VECTOR('',#10563,1.);
#10563 = DIRECTION('',(2.465190328816E-32,-1.));
#10564 = ( GEOMETRIC_REPRESENTATION_CONTEXT(2) 
PARAMETRIC_REPRESENTATION_CONTEXT() REPRESENTATION_CONTEXT('2D SPACE',''
  ) );
#10565 = ORIENTED_EDGE('',*,*,#8210,.F.);
#10566 = ADVANCED_FACE('',(#10567),#8125,.T.);
#10567 = FACE_BOUND('',#10568,.T.);
#10568 = EDGE_LOOP('',(#10569,#10592,#10593,#10614,#10615,#10616));
#10569 = ORIENTED_EDGE('',*,*,#10570,.T.);
#10570 = EDGE_CURVE('',#10571,#8911,#10573,.T.);
#10571 = VERTEX_POINT('',#10572);
#10572 = CARTESIAN_POINT('',(2.785,-2.925,0.92));
#10573 = SURFACE_CURVE('',#10574,(#10578,#10585),.PCURVE_S1.);
#10574 = LINE('',#10575,#10576);
#10575 = CARTESIAN_POINT('',(2.7262105,-2.8662105,0.841614));
#10576 = VECTOR('',#10577,1.);
#10577 = DIRECTION('',(-0.514495755428,0.514495755428,-0.68599434057));
#10578 = PCURVE('',#8125,#10579);
#10579 = DEFINITIONAL_REPRESENTATION('',(#10580),#10584);
#10580 = LINE('',#10581,#10582);
#10581 = CARTESIAN_POINT('',(-0.153851586344,0.266614));
#10582 = VECTOR('',#10583,1.);
#10583 = DIRECTION('',(-0.727606875109,-0.68599434057));
#10584 = ( GEOMETRIC_REPRESENTATION_CONTEXT(2) 
PARAMETRIC_REPRESENTATION_CONTEXT() REPRESENTATION_CONTEXT('2D SPACE',''
  ) );
#10585 = PCURVE('',#3728,#10586);
#10586 = DEFINITIONAL_REPRESENTATION('',(#10587),#10591);
#10587 = LINE('',#10588,#10589);
#10588 = CARTESIAN_POINT('',(0.1520175,-4.0587895));
#10589 = VECTOR('',#10590,1.);
#10590 = DIRECTION('',(-0.857492925713,-0.514495755428));
#10591 = ( GEOMETRIC_REPRESENTATION_CONTEXT(2) 
PARAMETRIC_REPRESENTATION_CONTEXT() REPRESENTATION_CONTEXT('2D SPACE',''
  ) );
#10592 = ORIENTED_EDGE('',*,*,#9025,.T.);
#10593 = ORIENTED_EDGE('',*,*,#10594,.T.);
#10594 = EDGE_CURVE('',#9003,#7963,#10595,.T.);
#10595 = SURFACE_CURVE('',#10596,(#10600,#10607),.PCURVE_S1.);
#10596 = LINE('',#10597,#10598);
#10597 = CARTESIAN_POINT('',(0.290137,-0.430137,2.022120740741));
#10598 = VECTOR('',#10599,1.);
#10599 = DIRECTION('',(0.626384365641,-0.626384365641,-0.463988418994));
#10600 = PCURVE('',#8125,#10601);
#10601 = DEFINITIONAL_REPRESENTATION('',(#10602),#10606);
#10602 = LINE('',#10603,#10604);
#10603 = CARTESIAN_POINT('',(-3.598979768981,1.447120740741));
#10604 = VECTOR('',#10605,1.);
#10605 = DIRECTION('',(0.885841265148,-0.463988418994));
#10606 = ( GEOMETRIC_REPRESENTATION_CONTEXT(2) 
PARAMETRIC_REPRESENTATION_CONTEXT() REPRESENTATION_CONTEXT('2D SPACE',''
  ) );
#10607 = PCURVE('',#3506,#10608);
#10608 = DEFINITIONAL_REPRESENTATION('',(#10609),#10613);
#10609 = LINE('',#10610,#10611);
#10610 = CARTESIAN_POINT('',(2.893214097584,-6.474863));
#10611 = VECTOR('',#10612,1.);
#10612 = DIRECTION('',(-0.779514352966,0.626384365641));
#10613 = ( GEOMETRIC_REPRESENTATION_CONTEXT(2) 
PARAMETRIC_REPRESENTATION_CONTEXT() REPRESENTATION_CONTEXT('2D SPACE',''
  ) );
#10614 = ORIENTED_EDGE('',*,*,#8111,.T.);
#10615 = ORIENTED_EDGE('',*,*,#9104,.T.);
#10616 = ORIENTED_EDGE('',*,*,#10617,.F.);
#10617 = EDGE_CURVE('',#10571,#9082,#10618,.T.);
#10618 = SURFACE_CURVE('',#10619,(#10623,#10630),.PCURVE_S1.);
#10619 = LINE('',#10620,#10621);
#10620 = CARTESIAN_POINT('',(2.785,-2.925,0.841614));
#10621 = VECTOR('',#10622,1.);
#10622 = DIRECTION('',(3.514441342112E-16,1.065228634467E-16,1.));
#10623 = PCURVE('',#8125,#10624);
#10624 = DEFINITIONAL_REPRESENTATION('',(#10625),#10629);
#10625 = LINE('',#10626,#10627);
#10626 = CARTESIAN_POINT('',(-7.071067811865E-02,0.266614));
#10627 = VECTOR('',#10628,1.);
#10628 = DIRECTION('',(1.731854914144E-16,1.));
#10629 = ( GEOMETRIC_REPRESENTATION_CONTEXT(2) 
PARAMETRIC_REPRESENTATION_CONTEXT() REPRESENTATION_CONTEXT('2D SPACE',''
  ) );
#10630 = PCURVE('',#5768,#10631);
#10631 = DEFINITIONAL_REPRESENTATION('',(#10632),#10636);
#10632 = LINE('',#10633,#10634);
#10633 = CARTESIAN_POINT('',(-7.8386E-02,-18.5));
#10634 = VECTOR('',#10635,1.);
#10635 = DIRECTION('',(1.,1.224606353822E-16));
#10636 = ( GEOMETRIC_REPRESENTATION_CONTEXT(2) 
PARAMETRIC_REPRESENTATION_CONTEXT() REPRESENTATION_CONTEXT('2D SPACE',''
  ) );
#10637 = ADVANCED_FACE('',(#10638),#8249,.T.);
#10638 = FACE_BOUND('',#10639,.T.);
#10639 = EDGE_LOOP('',(#10640,#10641,#10664,#10685));
#10640 = ORIENTED_EDGE('',*,*,#10545,.T.);
#10641 = ORIENTED_EDGE('',*,*,#10642,.T.);
#10642 = EDGE_CURVE('',#10523,#10643,#10645,.T.);
#10643 = VERTEX_POINT('',#10644);
#10644 = CARTESIAN_POINT('',(-0.175,0.125,-9.992007221626E-16));
#10645 = SURFACE_CURVE('',#10646,(#10650,#10657),.PCURVE_S1.);
#10646 = LINE('',#10647,#10648);
#10647 = CARTESIAN_POINT('',(-0.175,-0.430137,-0.555137));
#10648 = VECTOR('',#10649,1.);
#10649 = DIRECTION('',(-1.619157848018E-16,-0.707106781187,
    -0.707106781186));
#10650 = PCURVE('',#8249,#10651);
#10651 = DEFINITIONAL_REPRESENTATION('',(#10652),#10656);
#10652 = LINE('',#10653,#10654);
#10653 = CARTESIAN_POINT('',(0.855792952494,-0.15));
#10654 = VECTOR('',#10655,1.);
#10655 = DIRECTION('',(1.,-7.395570986447E-32));
#10656 = ( GEOMETRIC_REPRESENTATION_CONTEXT(2) 
PARAMETRIC_REPRESENTATION_CONTEXT() REPRESENTATION_CONTEXT('2D SPACE',''
  ) );
#10657 = PCURVE('',#7921,#10658);
#10658 = DEFINITIONAL_REPRESENTATION('',(#10659),#10663);
#10659 = LINE('',#10660,#10661);
#10660 = CARTESIAN_POINT('',(-0.550916075398,-0.725637231015));
#10661 = VECTOR('',#10662,1.);
#10662 = DIRECTION('',(-0.707106781187,-0.707106781186));
#10663 = ( GEOMETRIC_REPRESENTATION_CONTEXT(2) 
PARAMETRIC_REPRESENTATION_CONTEXT() REPRESENTATION_CONTEXT('2D SPACE',''
  ) );
#10664 = ORIENTED_EDGE('',*,*,#10665,.F.);
#10665 = EDGE_CURVE('',#8234,#10643,#10666,.T.);
#10666 = SURFACE_CURVE('',#10667,(#10671,#10678),.PCURVE_S1.);
#10667 = LINE('',#10668,#10669);
#10668 = CARTESIAN_POINT('',(-0.325,0.125,-8.881784197001E-16));
#10669 = VECTOR('',#10670,1.);
#10670 = DIRECTION('',(1.,-5.243344273594E-32,-2.289834988289E-16));
#10671 = PCURVE('',#8249,#10672);
#10672 = DEFINITIONAL_REPRESENTATION('',(#10673),#10677);
#10673 = LINE('',#10674,#10675);
#10674 = CARTESIAN_POINT('',(7.071067811866E-02,-1.144917494145E-17));
#10675 = VECTOR('',#10676,1.);
#10676 = DIRECTION('',(2.465190328816E-32,-1.));
#10677 = ( GEOMETRIC_REPRESENTATION_CONTEXT(2) 
PARAMETRIC_REPRESENTATION_CONTEXT() REPRESENTATION_CONTEXT('2D SPACE',''
  ) );
#10678 = PCURVE('',#8277,#10679);
#10679 = DEFINITIONAL_REPRESENTATION('',(#10680),#10684);
#10680 = LINE('',#10681,#10682);
#10681 = CARTESIAN_POINT('',(0.,0.));
#10682 = VECTOR('',#10683,1.);
#10683 = DIRECTION('',(-2.080052407982E-46,-1.));
#10684 = ( GEOMETRIC_REPRESENTATION_CONTEXT(2) 
PARAMETRIC_REPRESENTATION_CONTEXT() REPRESENTATION_CONTEXT('2D SPACE',''
  ) );
#10685 = ORIENTED_EDGE('',*,*,#8233,.F.);
#10686 = ADVANCED_FACE('',(#10687),#797,.F.);
#10687 = FACE_BOUND('',#10688,.T.);
#10688 = EDGE_LOOP('',(#10689,#10712,#10733,#10734,#10735,#10736,#10737,
    #10758,#10759,#10760,#10761));
#10689 = ORIENTED_EDGE('',*,*,#10690,.F.);
#10690 = EDGE_CURVE('',#10691,#10431,#10693,.T.);
#10691 = VERTEX_POINT('',#10692);
#10692 = CARTESIAN_POINT('',(-0.825,-0.125,0.31));
#10693 = SURFACE_CURVE('',#10694,(#10698,#10705),.PCURVE_S1.);
#10694 = LINE('',#10695,#10696);
#10695 = CARTESIAN_POINT('',(-0.825,-0.125,0.841614));
#10696 = VECTOR('',#10697,1.);
#10697 = DIRECTION('',(-2.289834988289E-16,-1.065228634467E-16,-1.));
#10698 = PCURVE('',#797,#10699);
#10699 = DEFINITIONAL_REPRESENTATION('',(#10700),#10704);
#10700 = LINE('',#10701,#10702);
#10701 = CARTESIAN_POINT('',(-0.245779075398,0.671113768985));
#10702 = VECTOR('',#10703,1.);
#10703 = DIRECTION('',(-1.065228634467E-16,-1.));
#10704 = ( GEOMETRIC_REPRESENTATION_CONTEXT(2) 
PARAMETRIC_REPRESENTATION_CONTEXT() REPRESENTATION_CONTEXT('2D SPACE',''
  ) );
#10705 = PCURVE('',#1621,#10706);
#10706 = DEFINITIONAL_REPRESENTATION('',(#10707),#10711);
#10707 = LINE('',#10708,#10709);
#10708 = CARTESIAN_POINT('',(-0.531614,3.65));
#10709 = VECTOR('',#10710,1.);
#10710 = DIRECTION('',(1.,0.));
#10711 = ( GEOMETRIC_REPRESENTATION_CONTEXT(2) 
PARAMETRIC_REPRESENTATION_CONTEXT() REPRESENTATION_CONTEXT('2D SPACE',''
  ) );
#10712 = ORIENTED_EDGE('',*,*,#10713,.F.);
#10713 = EDGE_CURVE('',#10134,#10691,#10714,.T.);
#10714 = SURFACE_CURVE('',#10715,(#10719,#10726),.PCURVE_S1.);
#10715 = LINE('',#10716,#10717);
#10716 = CARTESIAN_POINT('',(-0.825,-0.430137,0.31));
#10717 = VECTOR('',#10718,1.);
#10718 = DIRECTION('',(-2.804146475864E-32,-1.,1.065228634467E-16));
#10719 = PCURVE('',#797,#10720);
#10720 = DEFINITIONAL_REPRESENTATION('',(#10721),#10725);
#10721 = LINE('',#10722,#10723);
#10722 = CARTESIAN_POINT('',(-0.550916075398,0.139499768985));
#10723 = VECTOR('',#10724,1.);
#10724 = DIRECTION('',(-1.,1.065228634467E-16));
#10725 = ( GEOMETRIC_REPRESENTATION_CONTEXT(2) 
PARAMETRIC_REPRESENTATION_CONTEXT() REPRESENTATION_CONTEXT('2D SPACE',''
  ) );
#10726 = PCURVE('',#512,#10727);
#10727 = DEFINITIONAL_REPRESENTATION('',(#10728),#10732);
#10728 = LINE('',#10729,#10730);
#10729 = CARTESIAN_POINT('',(2.175,0.978861317761));
#10730 = VECTOR('',#10731,1.);
#10731 = DIRECTION('',(9.031806508344E-47,1.));
#10732 = ( GEOMETRIC_REPRESENTATION_CONTEXT(2) 
PARAMETRIC_REPRESENTATION_CONTEXT() REPRESENTATION_CONTEXT('2D SPACE',''
  ) );
#10733 = ORIENTED_EDGE('',*,*,#10158,.F.);
#10734 = ORIENTED_EDGE('',*,*,#10034,.T.);
#10735 = ORIENTED_EDGE('',*,*,#10109,.T.);
#10736 = ORIENTED_EDGE('',*,*,#7816,.T.);
#10737 = ORIENTED_EDGE('',*,*,#10738,.F.);
#10738 = EDGE_CURVE('',#1340,#7794,#10739,.T.);
#10739 = SURFACE_CURVE('',#10740,(#10744,#10751),.PCURVE_S1.);
#10740 = LINE('',#10741,#10742);
#10741 = CARTESIAN_POINT('',(-0.825,-0.205,-6.661338147751E-16));
#10742 = VECTOR('',#10743,1.);
#10743 = DIRECTION('',(0.,1.,-2.289834988289E-16));
#10744 = PCURVE('',#797,#10745);
#10745 = DEFINITIONAL_REPRESENTATION('',(#10746),#10750);
#10746 = LINE('',#10747,#10748);
#10747 = CARTESIAN_POINT('',(-0.325779075398,-0.170500231015));
#10748 = VECTOR('',#10749,1.);
#10749 = DIRECTION('',(1.,-2.289834988289E-16));
#10750 = ( GEOMETRIC_REPRESENTATION_CONTEXT(2) 
PARAMETRIC_REPRESENTATION_CONTEXT() REPRESENTATION_CONTEXT('2D SPACE',''
  ) );
#10751 = PCURVE('',#1378,#10752);
#10752 = DEFINITIONAL_REPRESENTATION('',(#10753),#10757);
#10753 = LINE('',#10754,#10755);
#10754 = CARTESIAN_POINT('',(0.33,5.473822126269E-48));
#10755 = VECTOR('',#10756,1.);
#10756 = DIRECTION('',(-1.,0.));
#10757 = ( GEOMETRIC_REPRESENTATION_CONTEXT(2) 
PARAMETRIC_REPRESENTATION_CONTEXT() REPRESENTATION_CONTEXT('2D SPACE',''
  ) );
#10758 = ORIENTED_EDGE('',*,*,#1339,.T.);
#10759 = ORIENTED_EDGE('',*,*,#782,.F.);
#10760 = ORIENTED_EDGE('',*,*,#5043,.T.);
#10761 = ORIENTED_EDGE('',*,*,#10762,.F.);
#10762 = EDGE_CURVE('',#10431,#5016,#10763,.T.);
#10763 = SURFACE_CURVE('',#10764,(#10768,#10775),.PCURVE_S1.);
#10764 = LINE('',#10765,#10766);
#10765 = CARTESIAN_POINT('',(-0.825,-0.125,0.841614));
#10766 = VECTOR('',#10767,1.);
#10767 = DIRECTION('',(-2.289834988289E-16,-1.065228634467E-16,-1.));
#10768 = PCURVE('',#797,#10769);
#10769 = DEFINITIONAL_REPRESENTATION('',(#10770),#10774);
#10770 = LINE('',#10771,#10772);
#10771 = CARTESIAN_POINT('',(-0.245779075398,0.671113768985));
#10772 = VECTOR('',#10773,1.);
#10773 = DIRECTION('',(-1.065228634467E-16,-1.));
#10774 = ( GEOMETRIC_REPRESENTATION_CONTEXT(2) 
PARAMETRIC_REPRESENTATION_CONTEXT() REPRESENTATION_CONTEXT('2D SPACE',''
  ) );
#10775 = PCURVE('',#5031,#10776);
#10776 = DEFINITIONAL_REPRESENTATION('',(#10777),#10781);
#10777 = LINE('',#10778,#10779);
#10778 = CARTESIAN_POINT('',(-0.762953222646,0.15));
#10779 = VECTOR('',#10780,1.);
#10780 = DIRECTION('',(1.,0.));
#10781 = ( GEOMETRIC_REPRESENTATION_CONTEXT(2) 
PARAMETRIC_REPRESENTATION_CONTEXT() REPRESENTATION_CONTEXT('2D SPACE',''
  ) );
#10782 = ADVANCED_FACE('',(#10783),#1240,.T.);
#10783 = FACE_BOUND('',#10784,.T.);
#10784 = EDGE_LOOP('',(#10785,#10806,#10807,#10808));
#10785 = ORIENTED_EDGE('',*,*,#10786,.F.);
#10786 = EDGE_CURVE('',#5170,#1218,#10787,.T.);
#10787 = SURFACE_CURVE('',#10788,(#10792,#10799),.PCURVE_S1.);
#10788 = LINE('',#10789,#10790);
#10789 = CARTESIAN_POINT('',(-1.325,-0.205,-5.551115123126E-16));
#10790 = VECTOR('',#10791,1.);
#10791 = DIRECTION('',(2.289834988289E-16,2.289834988289E-16,1.));
#10792 = PCURVE('',#1240,#10793);
#10793 = DEFINITIONAL_REPRESENTATION('',(#10794),#10798);
#10794 = LINE('',#10795,#10796);
#10795 = CARTESIAN_POINT('',(0.,0.));
#10796 = VECTOR('',#10797,1.);
#10797 = DIRECTION('',(1.,0.));
#10798 = ( GEOMETRIC_REPRESENTATION_CONTEXT(2) 
PARAMETRIC_REPRESENTATION_CONTEXT() REPRESENTATION_CONTEXT('2D SPACE',''
  ) );
#10799 = PCURVE('',#1324,#10800);
#10800 = DEFINITIONAL_REPRESENTATION('',(#10801),#10805);
#10801 = LINE('',#10802,#10803);
#10802 = CARTESIAN_POINT('',(-0.325779075398,-0.170500231015));
#10803 = VECTOR('',#10804,1.);
#10804 = DIRECTION('',(2.289834988289E-16,1.));
#10805 = ( GEOMETRIC_REPRESENTATION_CONTEXT(2) 
PARAMETRIC_REPRESENTATION_CONTEXT() REPRESENTATION_CONTEXT('2D SPACE',''
  ) );
#10806 = ORIENTED_EDGE('',*,*,#5169,.T.);
#10807 = ORIENTED_EDGE('',*,*,#8685,.T.);
#10808 = ORIENTED_EDGE('',*,*,#1217,.F.);
#10809 = ADVANCED_FACE('',(#10810),#3927,.T.);
#10810 = FACE_BOUND('',#10811,.T.);
#10811 = EDGE_LOOP('',(#10812,#10813,#10814,#10815));
#10812 = ORIENTED_EDGE('',*,*,#3911,.T.);
#10813 = ORIENTED_EDGE('',*,*,#8707,.T.);
#10814 = ORIENTED_EDGE('',*,*,#5116,.F.);
#10815 = ORIENTED_EDGE('',*,*,#10816,.F.);
#10816 = EDGE_CURVE('',#3912,#5117,#10817,.T.);
#10817 = SURFACE_CURVE('',#10818,(#10822,#10829),.PCURVE_S1.);
#10818 = LINE('',#10819,#10820);
#10819 = CARTESIAN_POINT('',(-1.325,0.175,5.E-02));
#10820 = VECTOR('',#10821,1.);
#10821 = DIRECTION('',(-1.619157848018E-16,-0.707106781187,
    -0.707106781186));
#10822 = PCURVE('',#3927,#10823);
#10823 = DEFINITIONAL_REPRESENTATION('',(#10824),#10828);
#10824 = LINE('',#10825,#10826);
#10825 = CARTESIAN_POINT('',(-0.,0.));
#10826 = VECTOR('',#10827,1.);
#10827 = DIRECTION('',(1.,-7.395570986447E-32));
#10828 = ( GEOMETRIC_REPRESENTATION_CONTEXT(2) 
PARAMETRIC_REPRESENTATION_CONTEXT() REPRESENTATION_CONTEXT('2D SPACE',''
  ) );
#10829 = PCURVE('',#1324,#10830);
#10830 = DEFINITIONAL_REPRESENTATION('',(#10831),#10835);
#10831 = LINE('',#10832,#10833);
#10832 = CARTESIAN_POINT('',(5.422092460224E-02,-0.120500231015));
#10833 = VECTOR('',#10834,1.);
#10834 = DIRECTION('',(-0.707106781187,-0.707106781186));
#10835 = ( GEOMETRIC_REPRESENTATION_CONTEXT(2) 
PARAMETRIC_REPRESENTATION_CONTEXT() REPRESENTATION_CONTEXT('2D SPACE',''
  ) );
#10836 = ADVANCED_FACE('',(#10837),#852,.F.);
#10837 = FACE_BOUND('',#10838,.T.);
#10838 = EDGE_LOOP('',(#10839,#10840,#10861,#10862));
#10839 = ORIENTED_EDGE('',*,*,#9049,.T.);
#10840 = ORIENTED_EDGE('',*,*,#10841,.F.);
#10841 = EDGE_CURVE('',#4527,#9050,#10842,.T.);
#10842 = SURFACE_CURVE('',#10843,(#10847,#10854),.PCURVE_S1.);
#10843 = LINE('',#10844,#10845);
#10844 = CARTESIAN_POINT('',(3.3,-1.145,0.841614));
#10845 = VECTOR('',#10846,1.);
#10846 = DIRECTION('',(2.289834988289E-16,1.065228634467E-16,1.));
#10847 = PCURVE('',#852,#10848);
#10848 = DEFINITIONAL_REPRESENTATION('',(#10849),#10853);
#10849 = LINE('',#10850,#10851);
#10850 = CARTESIAN_POINT('',(0.208386,-4.));
#10851 = VECTOR('',#10852,1.);
#10852 = DIRECTION('',(-1.,0.));
#10853 = ( GEOMETRIC_REPRESENTATION_CONTEXT(2) 
PARAMETRIC_REPRESENTATION_CONTEXT() REPRESENTATION_CONTEXT('2D SPACE',''
  ) );
#10854 = PCURVE('',#4565,#10855);
#10855 = DEFINITIONAL_REPRESENTATION('',(#10856),#10860);
#10856 = LINE('',#10857,#10858);
#10857 = CARTESIAN_POINT('',(-0.714863,-7.61492537321E-17));
#10858 = VECTOR('',#10859,1.);
#10859 = DIRECTION('',(0.,1.));
#10860 = ( GEOMETRIC_REPRESENTATION_CONTEXT(2) 
PARAMETRIC_REPRESENTATION_CONTEXT() REPRESENTATION_CONTEXT('2D SPACE',''
  ) );
#10861 = ORIENTED_EDGE('',*,*,#4526,.T.);
#10862 = ORIENTED_EDGE('',*,*,#836,.T.);
#10863 = ADVANCED_FACE('',(#10864),#9425,.T.);
#10864 = FACE_BOUND('',#10865,.T.);
#10865 = EDGE_LOOP('',(#10866,#10867,#10888,#10889));
#10866 = ORIENTED_EDGE('',*,*,#10497,.F.);
#10867 = ORIENTED_EDGE('',*,*,#10868,.F.);
#10868 = EDGE_CURVE('',#9410,#10475,#10869,.T.);
#10869 = SURFACE_CURVE('',#10870,(#10874,#10881),.PCURVE_S1.);
#10870 = LINE('',#10871,#10872);
#10871 = CARTESIAN_POINT('',(-16.,-0.125,15.48));
#10872 = VECTOR('',#10873,1.);
#10873 = DIRECTION('',(-0.707106781187,1.064046335705E-16,0.707106781187
    ));
#10874 = PCURVE('',#9425,#10875);
#10875 = DEFINITIONAL_REPRESENTATION('',(#10876),#10880);
#10876 = LINE('',#10877,#10878);
#10877 = CARTESIAN_POINT('',(-21.8142441996,-0.15));
#10878 = VECTOR('',#10879,1.);
#10879 = DIRECTION('',(-1.,-7.295350781106E-16));
#10880 = ( GEOMETRIC_REPRESENTATION_CONTEXT(2) 
PARAMETRIC_REPRESENTATION_CONTEXT() REPRESENTATION_CONTEXT('2D SPACE',''
  ) );
#10881 = PCURVE('',#5714,#10882);
#10882 = DEFINITIONAL_REPRESENTATION('',(#10883),#10887);
#10883 = LINE('',#10884,#10885);
#10884 = CARTESIAN_POINT('',(-15.17,19.325));
#10885 = VECTOR('',#10886,1.);
#10886 = DIRECTION('',(-0.707106781187,0.707106781187));
#10887 = ( GEOMETRIC_REPRESENTATION_CONTEXT(2) 
PARAMETRIC_REPRESENTATION_CONTEXT() REPRESENTATION_CONTEXT('2D SPACE',''
  ) );
#10888 = ORIENTED_EDGE('',*,*,#9409,.F.);
#10889 = ORIENTED_EDGE('',*,*,#10890,.T.);
#10890 = EDGE_CURVE('',#9387,#10407,#10891,.T.);
#10891 = SURFACE_CURVE('',#10892,(#10896,#10903),.PCURVE_S1.);
#10892 = LINE('',#10893,#10894);
#10893 = CARTESIAN_POINT('',(-0.5488325,-0.430137,2.88325E-02));
#10894 = VECTOR('',#10895,1.);
#10895 = DIRECTION('',(-0.216371161204,0.952033109297,0.216371161204));
#10896 = PCURVE('',#9425,#10897);
#10897 = DEFINITIONAL_REPRESENTATION('',(#10898),#10902);
#10898 = LINE('',#10899,#10900);
#10899 = CARTESIAN_POINT('',(3.70064333934E-02,0.155137));
#10900 = VECTOR('',#10901,1.);
#10901 = DIRECTION('',(-0.305995030681,-0.952033109297));
#10902 = ( GEOMETRIC_REPRESENTATION_CONTEXT(2) 
PARAMETRIC_REPRESENTATION_CONTEXT() REPRESENTATION_CONTEXT('2D SPACE',''
  ) );
#10903 = PCURVE('',#4827,#10904);
#10904 = DEFINITIONAL_REPRESENTATION('',(#10905),#10909);
#10905 = LINE('',#10906,#10907);
#10906 = CARTESIAN_POINT('',(0.230878283572,-0.2886675));
#10907 = VECTOR('',#10908,1.);
#10908 = DIRECTION('',(-0.976311180208,0.216371161204));
#10909 = ( GEOMETRIC_REPRESENTATION_CONTEXT(2) 
PARAMETRIC_REPRESENTATION_CONTEXT() REPRESENTATION_CONTEXT('2D SPACE',''
  ) );
#10910 = ADVANCED_FACE('',(#10911),#1378,.T.);
#10911 = FACE_BOUND('',#10912,.T.);
#10912 = EDGE_LOOP('',(#10913,#10914,#10915,#10916));
#10913 = ORIENTED_EDGE('',*,*,#7793,.T.);
#10914 = ORIENTED_EDGE('',*,*,#5541,.T.);
#10915 = ORIENTED_EDGE('',*,*,#1362,.F.);
#10916 = ORIENTED_EDGE('',*,*,#10738,.T.);
#10917 = ADVANCED_FACE('',(#10918),#1621,.T.);
#10918 = FACE_BOUND('',#10919,.T.);
#10919 = EDGE_LOOP('',(#10920,#10921,#10922,#10923,#10924,#10945,#10946,
    #10947));
#10920 = ORIENTED_EDGE('',*,*,#10690,.T.);
#10921 = ORIENTED_EDGE('',*,*,#10430,.T.);
#10922 = ORIENTED_EDGE('',*,*,#4862,.T.);
#10923 = ORIENTED_EDGE('',*,*,#9364,.F.);
#10924 = ORIENTED_EDGE('',*,*,#10925,.T.);
#10925 = EDGE_CURVE('',#9342,#1606,#10926,.T.);
#10926 = SURFACE_CURVE('',#10927,(#10931,#10938),.PCURVE_S1.);
#10927 = LINE('',#10928,#10929);
#10928 = CARTESIAN_POINT('',(-16.5,-0.125,15.48));
#10929 = VECTOR('',#10930,1.);
#10930 = DIRECTION('',(-0.707106781187,1.064046335705E-16,0.707106781187
    ));
#10931 = PCURVE('',#1621,#10932);
#10932 = DEFINITIONAL_REPRESENTATION('',(#10933),#10937);
#10933 = LINE('',#10934,#10935);
#10934 = CARTESIAN_POINT('',(-15.17,19.325));
#10935 = VECTOR('',#10936,1.);
#10936 = DIRECTION('',(-0.707106781187,0.707106781187));
#10937 = ( GEOMETRIC_REPRESENTATION_CONTEXT(2) 
PARAMETRIC_REPRESENTATION_CONTEXT() REPRESENTATION_CONTEXT('2D SPACE',''
  ) );
#10938 = PCURVE('',#1202,#10939);
#10939 = DEFINITIONAL_REPRESENTATION('',(#10940),#10944);
#10940 = LINE('',#10941,#10942);
#10941 = CARTESIAN_POINT('',(-21.8142441996,-0.15));
#10942 = VECTOR('',#10943,1.);
#10943 = DIRECTION('',(-1.,-7.295350781106E-16));
#10944 = ( GEOMETRIC_REPRESENTATION_CONTEXT(2) 
PARAMETRIC_REPRESENTATION_CONTEXT() REPRESENTATION_CONTEXT('2D SPACE',''
  ) );
#10945 = ORIENTED_EDGE('',*,*,#1605,.T.);
#10946 = ORIENTED_EDGE('',*,*,#8754,.F.);
#10947 = ORIENTED_EDGE('',*,*,#10948,.T.);
#10948 = EDGE_CURVE('',#8732,#10691,#10949,.T.);
#10949 = SURFACE_CURVE('',#10950,(#10954,#10961),.PCURVE_S1.);
#10950 = LINE('',#10951,#10952);
#10951 = CARTESIAN_POINT('',(4.5,-0.125,0.31));
#10952 = VECTOR('',#10953,1.);
#10953 = DIRECTION('',(1.,-5.243344273594E-32,-2.289834988289E-16));
#10954 = PCURVE('',#1621,#10955);
#10955 = DEFINITIONAL_REPRESENTATION('',(#10956),#10960);
#10956 = LINE('',#10957,#10958);
#10957 = CARTESIAN_POINT('',(-3.835473605385E-16,-1.675));
#10958 = VECTOR('',#10959,1.);
#10959 = DIRECTION('',(0.,-1.));
#10960 = ( GEOMETRIC_REPRESENTATION_CONTEXT(2) 
PARAMETRIC_REPRESENTATION_CONTEXT() REPRESENTATION_CONTEXT('2D SPACE',''
  ) );
#10961 = PCURVE('',#512,#10962);
#10962 = DEFINITIONAL_REPRESENTATION('',(#10963),#10967);
#10963 = LINE('',#10964,#10965);
#10964 = CARTESIAN_POINT('',(-3.15,0.673724317761));
#10965 = VECTOR('',#10966,1.);
#10966 = DIRECTION('',(-1.,-2.736911063134E-48));
#10967 = ( GEOMETRIC_REPRESENTATION_CONTEXT(2) 
PARAMETRIC_REPRESENTATION_CONTEXT() REPRESENTATION_CONTEXT('2D SPACE',''
  ) );
#10968 = ADVANCED_FACE('',(#10969),#1324,.F.);
#10969 = FACE_BOUND('',#10970,.T.);
#10970 = EDGE_LOOP('',(#10971,#10994,#11015,#11016,#11017,#11018,#11019,
    #11020,#11021,#11022,#11023));
#10971 = ORIENTED_EDGE('',*,*,#10972,.F.);
#10972 = EDGE_CURVE('',#10973,#1555,#10975,.T.);
#10973 = VERTEX_POINT('',#10974);
#10974 = CARTESIAN_POINT('',(-1.325,-0.125,0.31));
#10975 = SURFACE_CURVE('',#10976,(#10980,#10987),.PCURVE_S1.);
#10976 = LINE('',#10977,#10978);
#10977 = CARTESIAN_POINT('',(-1.325,-0.125,0.841614));
#10978 = VECTOR('',#10979,1.);
#10979 = DIRECTION('',(-2.289834988289E-16,-1.065228634467E-16,-1.));
#10980 = PCURVE('',#1324,#10981);
#10981 = DEFINITIONAL_REPRESENTATION('',(#10982),#10986);
#10982 = LINE('',#10983,#10984);
#10983 = CARTESIAN_POINT('',(-0.245779075398,0.671113768985));
#10984 = VECTOR('',#10985,1.);
#10985 = DIRECTION('',(-1.065228634467E-16,-1.));
#10986 = ( GEOMETRIC_REPRESENTATION_CONTEXT(2) 
PARAMETRIC_REPRESENTATION_CONTEXT() REPRESENTATION_CONTEXT('2D SPACE',''
  ) );
#10987 = PCURVE('',#621,#10988);
#10988 = DEFINITIONAL_REPRESENTATION('',(#10989),#10993);
#10989 = LINE('',#10990,#10991);
#10990 = CARTESIAN_POINT('',(-0.531614,3.65));
#10991 = VECTOR('',#10992,1.);
#10992 = DIRECTION('',(1.,0.));
#10993 = ( GEOMETRIC_REPRESENTATION_CONTEXT(2) 
PARAMETRIC_REPRESENTATION_CONTEXT() REPRESENTATION_CONTEXT('2D SPACE',''
  ) );
#10994 = ORIENTED_EDGE('',*,*,#10995,.F.);
#10995 = EDGE_CURVE('',#4401,#10973,#10996,.T.);
#10996 = SURFACE_CURVE('',#10997,(#11001,#11008),.PCURVE_S1.);
#10997 = LINE('',#10998,#10999);
#10998 = CARTESIAN_POINT('',(-1.325,-0.430137,0.31));
#10999 = VECTOR('',#11000,1.);
#11000 = DIRECTION('',(-2.804146475864E-32,-1.,1.065228634467E-16));
#11001 = PCURVE('',#1324,#11002);
#11002 = DEFINITIONAL_REPRESENTATION('',(#11003),#11007);
#11003 = LINE('',#11004,#11005);
#11004 = CARTESIAN_POINT('',(-0.550916075398,0.139499768985));
#11005 = VECTOR('',#11006,1.);
#11006 = DIRECTION('',(-1.,1.065228634467E-16));
#11007 = ( GEOMETRIC_REPRESENTATION_CONTEXT(2) 
PARAMETRIC_REPRESENTATION_CONTEXT() REPRESENTATION_CONTEXT('2D SPACE',''
  ) );
#11008 = PCURVE('',#512,#11009);
#11009 = DEFINITIONAL_REPRESENTATION('',(#11010),#11014);
#11010 = LINE('',#11011,#11012);
#11011 = CARTESIAN_POINT('',(2.675,0.978861317761));
#11012 = VECTOR('',#11013,1.);
#11013 = DIRECTION('',(9.031806508344E-47,1.));
#11014 = ( GEOMETRIC_REPRESENTATION_CONTEXT(2) 
PARAMETRIC_REPRESENTATION_CONTEXT() REPRESENTATION_CONTEXT('2D SPACE',''
  ) );
#11015 = ORIENTED_EDGE('',*,*,#4476,.F.);
#11016 = ORIENTED_EDGE('',*,*,#8403,.T.);
#11017 = ORIENTED_EDGE('',*,*,#3939,.T.);
#11018 = ORIENTED_EDGE('',*,*,#10816,.T.);
#11019 = ORIENTED_EDGE('',*,*,#5192,.F.);
#11020 = ORIENTED_EDGE('',*,*,#10786,.T.);
#11021 = ORIENTED_EDGE('',*,*,#1309,.F.);
#11022 = ORIENTED_EDGE('',*,*,#5874,.T.);
#11023 = ORIENTED_EDGE('',*,*,#4635,.F.);
#11024 = ADVANCED_FACE('',(#11025),#621,.T.);
#11025 = FACE_BOUND('',#11026,.T.);
#11026 = EDGE_LOOP('',(#11027,#11028,#11029,#11030,#11031,#11032,#11033,
    #11034));
#11027 = ORIENTED_EDGE('',*,*,#10972,.T.);
#11028 = ORIENTED_EDGE('',*,*,#1554,.T.);
#11029 = ORIENTED_EDGE('',*,*,#5491,.T.);
#11030 = ORIENTED_EDGE('',*,*,#9318,.F.);
#11031 = ORIENTED_EDGE('',*,*,#605,.T.);
#11032 = ORIENTED_EDGE('',*,*,#4375,.T.);
#11033 = ORIENTED_EDGE('',*,*,#2934,.T.);
#11034 = ORIENTED_EDGE('',*,*,#11035,.T.);
#11035 = EDGE_CURVE('',#2912,#10973,#11036,.T.);
#11036 = SURFACE_CURVE('',#11037,(#11041,#11048),.PCURVE_S1.);
#11037 = LINE('',#11038,#11039);
#11038 = CARTESIAN_POINT('',(4.,-0.125,0.31));
#11039 = VECTOR('',#11040,1.);
#11040 = DIRECTION('',(1.,-5.243344273594E-32,-2.289834988289E-16));
#11041 = PCURVE('',#621,#11042);
#11042 = DEFINITIONAL_REPRESENTATION('',(#11043),#11047);
#11043 = LINE('',#11044,#11045);
#11044 = CARTESIAN_POINT('',(-3.835473605385E-16,-1.675));
#11045 = VECTOR('',#11046,1.);
#11046 = DIRECTION('',(0.,-1.));
#11047 = ( GEOMETRIC_REPRESENTATION_CONTEXT(2) 
PARAMETRIC_REPRESENTATION_CONTEXT() REPRESENTATION_CONTEXT('2D SPACE',''
  ) );
#11048 = PCURVE('',#512,#11049);
#11049 = DEFINITIONAL_REPRESENTATION('',(#11050),#11054);
#11050 = LINE('',#11051,#11052);
#11051 = CARTESIAN_POINT('',(-2.65,0.673724317761));
#11052 = VECTOR('',#11053,1.);
#11053 = DIRECTION('',(-1.,-2.736911063134E-48));
#11054 = ( GEOMETRIC_REPRESENTATION_CONTEXT(2) 
PARAMETRIC_REPRESENTATION_CONTEXT() REPRESENTATION_CONTEXT('2D SPACE',''
  ) );
#11055 = ADVANCED_FACE('',(#11056),#7947,.T.);
#11056 = FACE_BOUND('',#11057,.T.);
#11057 = EDGE_LOOP('',(#11058,#11081,#11102,#11103));
#11058 = ORIENTED_EDGE('',*,*,#11059,.T.);
#11059 = EDGE_CURVE('',#8166,#11060,#11062,.T.);
#11060 = VERTEX_POINT('',#11061);
#11061 = CARTESIAN_POINT('',(-0.175,0.225,0.31));
#11062 = SURFACE_CURVE('',#11063,(#11067,#11074),.PCURVE_S1.);
#11063 = LINE('',#11064,#11065);
#11064 = CARTESIAN_POINT('',(2.5,0.225,0.31));
#11065 = VECTOR('',#11066,1.);
#11066 = DIRECTION('',(1.,-5.243344273594E-32,-2.289834988289E-16));
#11067 = PCURVE('',#7947,#11068);
#11068 = DEFINITIONAL_REPRESENTATION('',(#11069),#11073);
#11069 = LINE('',#11070,#11071);
#11070 = CARTESIAN_POINT('',(2.350723782296E-15,-2.825));
#11071 = VECTOR('',#11072,1.);
#11072 = DIRECTION('',(0.,-1.));
#11073 = ( GEOMETRIC_REPRESENTATION_CONTEXT(2) 
PARAMETRIC_REPRESENTATION_CONTEXT() REPRESENTATION_CONTEXT('2D SPACE',''
  ) );
#11074 = PCURVE('',#512,#11075);
#11075 = DEFINITIONAL_REPRESENTATION('',(#11076),#11080);
#11076 = LINE('',#11077,#11078);
#11077 = CARTESIAN_POINT('',(-1.15,0.323724317761));
#11078 = VECTOR('',#11079,1.);
#11079 = DIRECTION('',(-1.,-2.736911063134E-48));
#11080 = ( GEOMETRIC_REPRESENTATION_CONTEXT(2) 
PARAMETRIC_REPRESENTATION_CONTEXT() REPRESENTATION_CONTEXT('2D SPACE',''
  ) );
#11081 = ORIENTED_EDGE('',*,*,#11082,.T.);
#11082 = EDGE_CURVE('',#11060,#7905,#11083,.T.);
#11083 = SURFACE_CURVE('',#11084,(#11088,#11095),.PCURVE_S1.);
#11084 = LINE('',#11085,#11086);
#11085 = CARTESIAN_POINT('',(-0.175,0.225,0.841614));
#11086 = VECTOR('',#11087,1.);
#11087 = DIRECTION('',(-2.289834988289E-16,-2.289834988289E-16,-1.));
#11088 = PCURVE('',#7947,#11089);
#11089 = DEFINITIONAL_REPRESENTATION('',(#11090),#11094);
#11090 = LINE('',#11091,#11092);
#11091 = CARTESIAN_POINT('',(-0.531614,-0.15));
#11092 = VECTOR('',#11093,1.);
#11093 = DIRECTION('',(1.,0.));
#11094 = ( GEOMETRIC_REPRESENTATION_CONTEXT(2) 
PARAMETRIC_REPRESENTATION_CONTEXT() REPRESENTATION_CONTEXT('2D SPACE',''
  ) );
#11095 = PCURVE('',#7921,#11096);
#11096 = DEFINITIONAL_REPRESENTATION('',(#11097),#11101);
#11097 = LINE('',#11098,#11099);
#11098 = CARTESIAN_POINT('',(0.104220924602,0.671113768985));
#11099 = VECTOR('',#11100,1.);
#11100 = DIRECTION('',(-2.289834988289E-16,-1.));
#11101 = ( GEOMETRIC_REPRESENTATION_CONTEXT(2) 
PARAMETRIC_REPRESENTATION_CONTEXT() REPRESENTATION_CONTEXT('2D SPACE',''
  ) );
#11102 = ORIENTED_EDGE('',*,*,#7933,.F.);
#11103 = ORIENTED_EDGE('',*,*,#8188,.T.);
#11104 = ADVANCED_FACE('',(#11105),#11117,.F.);
#11105 = FACE_BOUND('',#11106,.T.);
#11106 = EDGE_LOOP('',(#11107,#11135,#11158,#11186,#11215,#11243,#11271,
    #11299,#11327,#11356,#11384));
#11107 = ORIENTED_EDGE('',*,*,#11108,.F.);
#11108 = EDGE_CURVE('',#11109,#8803,#11111,.T.);
#11109 = VERTEX_POINT('',#11110);
#11110 = CARTESIAN_POINT('',(2.175,-0.125,0.31));
#11111 = SURFACE_CURVE('',#11112,(#11116,#11128),.PCURVE_S1.);
#11112 = LINE('',#11113,#11114);
#11113 = CARTESIAN_POINT('',(2.175,-0.125,0.841614));
#11114 = VECTOR('',#11115,1.);
#11115 = DIRECTION('',(-2.289834988289E-16,-1.065228634467E-16,-1.));
#11116 = PCURVE('',#11117,#11122);
#11117 = PLANE('',#11118);
#11118 = AXIS2_PLACEMENT_3D('',#11119,#11120,#11121);
#11119 = CARTESIAN_POINT('',(2.175,0.120779075398,0.170500231015));
#11120 = DIRECTION('',(1.,-5.243344273594E-32,-2.289834988289E-16));
#11121 = DIRECTION('',(5.243344273594E-32,1.,0.));
#11122 = DEFINITIONAL_REPRESENTATION('',(#11123),#11127);
#11123 = LINE('',#11124,#11125);
#11124 = CARTESIAN_POINT('',(-0.245779075398,0.671113768985));
#11125 = VECTOR('',#11126,1.);
#11126 = DIRECTION('',(-1.065228634467E-16,-1.));
#11127 = ( GEOMETRIC_REPRESENTATION_CONTEXT(2) 
PARAMETRIC_REPRESENTATION_CONTEXT() REPRESENTATION_CONTEXT('2D SPACE',''
  ) );
#11128 = PCURVE('',#4014,#11129);
#11129 = DEFINITIONAL_REPRESENTATION('',(#11130),#11134);
#11130 = LINE('',#11131,#11132);
#11131 = CARTESIAN_POINT('',(-0.531614,0.15));
#11132 = VECTOR('',#11133,1.);
#11133 = DIRECTION('',(1.,0.));
#11134 = ( GEOMETRIC_REPRESENTATION_CONTEXT(2) 
PARAMETRIC_REPRESENTATION_CONTEXT() REPRESENTATION_CONTEXT('2D SPACE',''
  ) );
#11135 = ORIENTED_EDGE('',*,*,#11136,.F.);
#11136 = EDGE_CURVE('',#11137,#11109,#11139,.T.);
#11137 = VERTEX_POINT('',#11138);
#11138 = CARTESIAN_POINT('',(2.175,0.225,0.31));
#11139 = SURFACE_CURVE('',#11140,(#11144,#11151),.PCURVE_S1.);
#11140 = LINE('',#11141,#11142);
#11141 = CARTESIAN_POINT('',(2.175,-0.430137,0.31));
#11142 = VECTOR('',#11143,1.);
#11143 = DIRECTION('',(-2.804146475864E-32,-1.,1.065228634467E-16));
#11144 = PCURVE('',#11117,#11145);
#11145 = DEFINITIONAL_REPRESENTATION('',(#11146),#11150);
#11146 = LINE('',#11147,#11148);
#11147 = CARTESIAN_POINT('',(-0.550916075398,0.139499768985));
#11148 = VECTOR('',#11149,1.);
#11149 = DIRECTION('',(-1.,1.065228634467E-16));
#11150 = ( GEOMETRIC_REPRESENTATION_CONTEXT(2) 
PARAMETRIC_REPRESENTATION_CONTEXT() REPRESENTATION_CONTEXT('2D SPACE',''
  ) );
#11151 = PCURVE('',#512,#11152);
#11152 = DEFINITIONAL_REPRESENTATION('',(#11153),#11157);
#11153 = LINE('',#11154,#11155);
#11154 = CARTESIAN_POINT('',(-0.825,0.978861317761));
#11155 = VECTOR('',#11156,1.);
#11156 = DIRECTION('',(9.031806508344E-47,1.));
#11157 = ( GEOMETRIC_REPRESENTATION_CONTEXT(2) 
PARAMETRIC_REPRESENTATION_CONTEXT() REPRESENTATION_CONTEXT('2D SPACE',''
  ) );
#11158 = ORIENTED_EDGE('',*,*,#11159,.F.);
#11159 = EDGE_CURVE('',#11160,#11137,#11162,.T.);
#11160 = VERTEX_POINT('',#11161);
#11161 = CARTESIAN_POINT('',(2.175,0.225,0.16));
#11162 = SURFACE_CURVE('',#11163,(#11167,#11174),.PCURVE_S1.);
#11163 = LINE('',#11164,#11165);
#11164 = CARTESIAN_POINT('',(2.175,0.225,0.31));
#11165 = VECTOR('',#11166,1.);
#11166 = DIRECTION('',(2.289834988289E-16,2.289834988289E-16,1.));
#11167 = PCURVE('',#11117,#11168);
#11168 = DEFINITIONAL_REPRESENTATION('',(#11169),#11173);
#11169 = LINE('',#11170,#11171);
#11170 = CARTESIAN_POINT('',(0.104220924602,0.139499768985));
#11171 = VECTOR('',#11172,1.);
#11172 = DIRECTION('',(2.289834988289E-16,1.));
#11173 = ( GEOMETRIC_REPRESENTATION_CONTEXT(2) 
PARAMETRIC_REPRESENTATION_CONTEXT() REPRESENTATION_CONTEXT('2D SPACE',''
  ) );
#11174 = PCURVE('',#11175,#11180);
#11175 = PLANE('',#11176);
#11176 = AXIS2_PLACEMENT_3D('',#11177,#11178,#11179);
#11177 = CARTESIAN_POINT('',(2.175,0.225,0.31));
#11178 = DIRECTION('',(0.,1.,-2.289834988289E-16));
#11179 = DIRECTION('',(-2.289834988289E-16,-2.289834988289E-16,-1.));
#11180 = DEFINITIONAL_REPRESENTATION('',(#11181),#11185);
#11181 = LINE('',#11182,#11183);
#11182 = CARTESIAN_POINT('',(-0.,0.));
#11183 = VECTOR('',#11184,1.);
#11184 = DIRECTION('',(-1.,0.));
#11185 = ( GEOMETRIC_REPRESENTATION_CONTEXT(2) 
PARAMETRIC_REPRESENTATION_CONTEXT() REPRESENTATION_CONTEXT('2D SPACE',''
  ) );
#11186 = ORIENTED_EDGE('',*,*,#11187,.T.);
#11187 = EDGE_CURVE('',#11160,#11188,#11190,.T.);
#11188 = VERTEX_POINT('',#11189);
#11189 = CARTESIAN_POINT('',(2.175,0.175,0.11));
#11190 = SURFACE_CURVE('',#11191,(#11196,#11203),.PCURVE_S1.);
#11191 = CIRCLE('',#11192,5.E-02);
#11192 = AXIS2_PLACEMENT_3D('',#11193,#11194,#11195);
#11193 = CARTESIAN_POINT('',(2.175,0.225,0.11));
#11194 = DIRECTION('',(1.,-5.243344273594E-32,-2.289834988289E-16));
#11195 = DIRECTION('',(-2.080052407982E-46,1.,-2.289834988289E-16));
#11196 = PCURVE('',#11117,#11197);
#11197 = DEFINITIONAL_REPRESENTATION('',(#11198),#11202);
#11198 = CIRCLE('',#11199,5.E-02);
#11199 = AXIS2_PLACEMENT_2D('',#11200,#11201);
#11200 = CARTESIAN_POINT('',(0.104220924602,-6.050023101547E-02));
#11201 = DIRECTION('',(1.,-2.289834988289E-16));
#11202 = ( GEOMETRIC_REPRESENTATION_CONTEXT(2) 
PARAMETRIC_REPRESENTATION_CONTEXT() REPRESENTATION_CONTEXT('2D SPACE',''
  ) );
#11203 = PCURVE('',#11204,#11209);
#11204 = CYLINDRICAL_SURFACE('',#11205,5.E-02);
#11205 = AXIS2_PLACEMENT_3D('',#11206,#11207,#11208);
#11206 = CARTESIAN_POINT('',(2.175,0.225,0.11));
#11207 = DIRECTION('',(1.,-5.243344273594E-32,-2.289834988289E-16));
#11208 = DIRECTION('',(-2.080052407982E-46,1.,-2.289834988289E-16));
#11209 = DEFINITIONAL_REPRESENTATION('',(#11210),#11214);
#11210 = LINE('',#11211,#11212);
#11211 = CARTESIAN_POINT('',(-2.22044604925E-16,0.));
#11212 = VECTOR('',#11213,1.);
#11213 = DIRECTION('',(1.,0.));
#11214 = ( GEOMETRIC_REPRESENTATION_CONTEXT(2) 
PARAMETRIC_REPRESENTATION_CONTEXT() REPRESENTATION_CONTEXT('2D SPACE',''
  ) );
#11215 = ORIENTED_EDGE('',*,*,#11216,.T.);
#11216 = EDGE_CURVE('',#11188,#11217,#11219,.T.);
#11217 = VERTEX_POINT('',#11218);
#11218 = CARTESIAN_POINT('',(2.175,0.175,5.E-02));
#11219 = SURFACE_CURVE('',#11220,(#11224,#11231),.PCURVE_S1.);
#11220 = LINE('',#11221,#11222);
#11221 = CARTESIAN_POINT('',(2.175,0.175,0.11));
#11222 = VECTOR('',#11223,1.);
#11223 = DIRECTION('',(-2.289834988289E-16,-2.289834988289E-16,-1.));
#11224 = PCURVE('',#11117,#11225);
#11225 = DEFINITIONAL_REPRESENTATION('',(#11226),#11230);
#11226 = LINE('',#11227,#11228);
#11227 = CARTESIAN_POINT('',(5.422092460224E-02,-6.050023101547E-02));
#11228 = VECTOR('',#11229,1.);
#11229 = DIRECTION('',(-2.289834988289E-16,-1.));
#11230 = ( GEOMETRIC_REPRESENTATION_CONTEXT(2) 
PARAMETRIC_REPRESENTATION_CONTEXT() REPRESENTATION_CONTEXT('2D SPACE',''
  ) );
#11231 = PCURVE('',#11232,#11237);
#11232 = PLANE('',#11233);
#11233 = AXIS2_PLACEMENT_3D('',#11234,#11235,#11236);
#11234 = CARTESIAN_POINT('',(2.175,0.175,0.11));
#11235 = DIRECTION('',(0.,1.,-2.289834988289E-16));
#11236 = DIRECTION('',(-2.289834988289E-16,-2.289834988289E-16,-1.));
#11237 = DEFINITIONAL_REPRESENTATION('',(#11238),#11242);
#11238 = LINE('',#11239,#11240);
#11239 = CARTESIAN_POINT('',(-0.,0.));
#11240 = VECTOR('',#11241,1.);
#11241 = DIRECTION('',(1.,0.));
#11242 = ( GEOMETRIC_REPRESENTATION_CONTEXT(2) 
PARAMETRIC_REPRESENTATION_CONTEXT() REPRESENTATION_CONTEXT('2D SPACE',''
  ) );
#11243 = ORIENTED_EDGE('',*,*,#11244,.T.);
#11244 = EDGE_CURVE('',#11217,#11245,#11247,.T.);
#11245 = VERTEX_POINT('',#11246);
#11246 = CARTESIAN_POINT('',(2.175,0.125,-1.7763568394E-15));
#11247 = SURFACE_CURVE('',#11248,(#11252,#11259),.PCURVE_S1.);
#11248 = LINE('',#11249,#11250);
#11249 = CARTESIAN_POINT('',(2.175,0.175,5.E-02));
#11250 = VECTOR('',#11251,1.);
#11251 = DIRECTION('',(-1.619157848018E-16,-0.707106781187,
    -0.707106781186));
#11252 = PCURVE('',#11117,#11253);
#11253 = DEFINITIONAL_REPRESENTATION('',(#11254),#11258);
#11254 = LINE('',#11255,#11256);
#11255 = CARTESIAN_POINT('',(5.422092460224E-02,-0.120500231015));
#11256 = VECTOR('',#11257,1.);
#11257 = DIRECTION('',(-0.707106781187,-0.707106781186));
#11258 = ( GEOMETRIC_REPRESENTATION_CONTEXT(2) 
PARAMETRIC_REPRESENTATION_CONTEXT() REPRESENTATION_CONTEXT('2D SPACE',''
  ) );
#11259 = PCURVE('',#11260,#11265);
#11260 = PLANE('',#11261);
#11261 = AXIS2_PLACEMENT_3D('',#11262,#11263,#11264);
#11262 = CARTESIAN_POINT('',(2.175,0.175,5.E-02));
#11263 = DIRECTION('',(-1.619157848018E-16,0.707106781186,
    -0.707106781187));
#11264 = DIRECTION('',(-1.619157848018E-16,-0.707106781187,
    -0.707106781186));
#11265 = DEFINITIONAL_REPRESENTATION('',(#11266),#11270);
#11266 = LINE('',#11267,#11268);
#11267 = CARTESIAN_POINT('',(-0.,0.));
#11268 = VECTOR('',#11269,1.);
#11269 = DIRECTION('',(1.,-7.395570986447E-32));
#11270 = ( GEOMETRIC_REPRESENTATION_CONTEXT(2) 
PARAMETRIC_REPRESENTATION_CONTEXT() REPRESENTATION_CONTEXT('2D SPACE',''
  ) );
#11271 = ORIENTED_EDGE('',*,*,#11272,.F.);
#11272 = EDGE_CURVE('',#11273,#11245,#11275,.T.);
#11273 = VERTEX_POINT('',#11274);
#11274 = CARTESIAN_POINT('',(2.175,-0.205,-1.665334536938E-15));
#11275 = SURFACE_CURVE('',#11276,(#11280,#11287),.PCURVE_S1.);
#11276 = LINE('',#11277,#11278);
#11277 = CARTESIAN_POINT('',(2.175,-0.205,-1.665334536938E-15));
#11278 = VECTOR('',#11279,1.);
#11279 = DIRECTION('',(0.,1.,-2.289834988289E-16));
#11280 = PCURVE('',#11117,#11281);
#11281 = DEFINITIONAL_REPRESENTATION('',(#11282),#11286);
#11282 = LINE('',#11283,#11284);
#11283 = CARTESIAN_POINT('',(-0.325779075398,-0.170500231015));
#11284 = VECTOR('',#11285,1.);
#11285 = DIRECTION('',(1.,-2.289834988289E-16));
#11286 = ( GEOMETRIC_REPRESENTATION_CONTEXT(2) 
PARAMETRIC_REPRESENTATION_CONTEXT() REPRESENTATION_CONTEXT('2D SPACE',''
  ) );
#11287 = PCURVE('',#11288,#11293);
#11288 = PLANE('',#11289);
#11289 = AXIS2_PLACEMENT_3D('',#11290,#11291,#11292);
#11290 = CARTESIAN_POINT('',(2.175,0.125,-1.7763568394E-15));
#11291 = DIRECTION('',(-2.289834988289E-16,-2.289834988289E-16,-1.));
#11292 = DIRECTION('',(0.,-1.,2.289834988289E-16));
#11293 = DEFINITIONAL_REPRESENTATION('',(#11294),#11298);
#11294 = LINE('',#11295,#11296);
#11295 = CARTESIAN_POINT('',(0.33,5.473822126269E-48));
#11296 = VECTOR('',#11297,1.);
#11297 = DIRECTION('',(-1.,0.));
#11298 = ( GEOMETRIC_REPRESENTATION_CONTEXT(2) 
PARAMETRIC_REPRESENTATION_CONTEXT() REPRESENTATION_CONTEXT('2D SPACE',''
  ) );
#11299 = ORIENTED_EDGE('',*,*,#11300,.T.);
#11300 = EDGE_CURVE('',#11273,#11301,#11303,.T.);
#11301 = VERTEX_POINT('',#11302);
#11302 = CARTESIAN_POINT('',(2.175,-0.205,3.619548911246E-02));
#11303 = SURFACE_CURVE('',#11304,(#11308,#11315),.PCURVE_S1.);
#11304 = LINE('',#11305,#11306);
#11305 = CARTESIAN_POINT('',(2.175,-0.205,-1.665334536938E-15));
#11306 = VECTOR('',#11307,1.);
#11307 = DIRECTION('',(2.289834988289E-16,2.289834988289E-16,1.));
#11308 = PCURVE('',#11117,#11309);
#11309 = DEFINITIONAL_REPRESENTATION('',(#11310),#11314);
#11310 = LINE('',#11311,#11312);
#11311 = CARTESIAN_POINT('',(-0.325779075398,-0.170500231015));
#11312 = VECTOR('',#11313,1.);
#11313 = DIRECTION('',(2.289834988289E-16,1.));
#11314 = ( GEOMETRIC_REPRESENTATION_CONTEXT(2) 
PARAMETRIC_REPRESENTATION_CONTEXT() REPRESENTATION_CONTEXT('2D SPACE',''
  ) );
#11315 = PCURVE('',#11316,#11321);
#11316 = PLANE('',#11317);
#11317 = AXIS2_PLACEMENT_3D('',#11318,#11319,#11320);
#11318 = CARTESIAN_POINT('',(2.175,-0.205,-1.665334536938E-15));
#11319 = DIRECTION('',(0.,-1.,2.289834988289E-16));
#11320 = DIRECTION('',(2.289834988289E-16,2.289834988289E-16,1.));
#11321 = DEFINITIONAL_REPRESENTATION('',(#11322),#11326);
#11322 = LINE('',#11323,#11324);
#11323 = CARTESIAN_POINT('',(0.,0.));
#11324 = VECTOR('',#11325,1.);
#11325 = DIRECTION('',(1.,0.));
#11326 = ( GEOMETRIC_REPRESENTATION_CONTEXT(2) 
PARAMETRIC_REPRESENTATION_CONTEXT() REPRESENTATION_CONTEXT('2D SPACE',''
  ) );
#11327 = ORIENTED_EDGE('',*,*,#11328,.F.);
#11328 = EDGE_CURVE('',#11329,#11301,#11331,.T.);
#11329 = VERTEX_POINT('',#11330);
#11330 = CARTESIAN_POINT('',(2.175,-0.181813366389,6.541154699934E-02));
#11331 = SURFACE_CURVE('',#11332,(#11337,#11344),.PCURVE_S1.);
#11332 = CIRCLE('',#11333,3.E-02);
#11333 = AXIS2_PLACEMENT_3D('',#11334,#11335,#11336);
#11334 = CARTESIAN_POINT('',(2.175,-0.175,3.619548911246E-02));
#11335 = DIRECTION('',(1.,-5.243344273594E-32,-2.289834988289E-16));
#11336 = DIRECTION('',(-2.080052407982E-46,1.,-2.289834988289E-16));
#11337 = PCURVE('',#11117,#11338);
#11338 = DEFINITIONAL_REPRESENTATION('',(#11339),#11343);
#11339 = CIRCLE('',#11340,3.E-02);
#11340 = AXIS2_PLACEMENT_2D('',#11341,#11342);
#11341 = CARTESIAN_POINT('',(-0.295779075398,-0.134304741903));
#11342 = DIRECTION('',(1.,-2.289834988289E-16));
#11343 = ( GEOMETRIC_REPRESENTATION_CONTEXT(2) 
PARAMETRIC_REPRESENTATION_CONTEXT() REPRESENTATION_CONTEXT('2D SPACE',''
  ) );
#11344 = PCURVE('',#11345,#11350);
#11345 = CYLINDRICAL_SURFACE('',#11346,3.E-02);
#11346 = AXIS2_PLACEMENT_3D('',#11347,#11348,#11349);
#11347 = CARTESIAN_POINT('',(2.175,-0.175,3.619548911246E-02));
#11348 = DIRECTION('',(1.,-5.243344273594E-32,-2.289834988289E-16));
#11349 = DIRECTION('',(-2.080052407982E-46,1.,-2.289834988289E-16));
#11350 = DEFINITIONAL_REPRESENTATION('',(#11351),#11355);
#11351 = LINE('',#11352,#11353);
#11352 = CARTESIAN_POINT('',(-6.661338147751E-16,0.));
#11353 = VECTOR('',#11354,1.);
#11354 = DIRECTION('',(1.,0.));
#11355 = ( GEOMETRIC_REPRESENTATION_CONTEXT(2) 
PARAMETRIC_REPRESENTATION_CONTEXT() REPRESENTATION_CONTEXT('2D SPACE',''
  ) );
#11356 = ORIENTED_EDGE('',*,*,#11357,.T.);
#11357 = EDGE_CURVE('',#11329,#11358,#11360,.T.);
#11358 = VERTEX_POINT('',#11359);
#11359 = CARTESIAN_POINT('',(2.175,-0.125,7.866077735406E-02));
#11360 = SURFACE_CURVE('',#11361,(#11365,#11372),.PCURVE_S1.);
#11361 = LINE('',#11362,#11363);
#11362 = CARTESIAN_POINT('',(2.175,-0.181813366389,6.541154699934E-02));
#11363 = VECTOR('',#11364,1.);
#11364 = DIRECTION('',(5.200494915182E-17,0.973868596229,0.227112212966)
  );
#11365 = PCURVE('',#11117,#11366);
#11366 = DEFINITIONAL_REPRESENTATION('',(#11367),#11371);
#11367 = LINE('',#11368,#11369);
#11368 = CARTESIAN_POINT('',(-0.302592441787,-0.105088684016));
#11369 = VECTOR('',#11370,1.);
#11370 = DIRECTION('',(0.973868596229,0.227112212966));
#11371 = ( GEOMETRIC_REPRESENTATION_CONTEXT(2) 
PARAMETRIC_REPRESENTATION_CONTEXT() REPRESENTATION_CONTEXT('2D SPACE',''
  ) );
#11372 = PCURVE('',#11373,#11378);
#11373 = PLANE('',#11374);
#11374 = AXIS2_PLACEMENT_3D('',#11375,#11376,#11377);
#11375 = CARTESIAN_POINT('',(2.175,-0.181813366389,6.541154699934E-02));
#11376 = DIRECTION('',(2.229998385642E-16,-0.227112212966,0.973868596229
    ));
#11377 = DIRECTION('',(5.200494915182E-17,0.973868596229,0.227112212966)
  );
#11378 = DEFINITIONAL_REPRESENTATION('',(#11379),#11383);
#11379 = LINE('',#11380,#11381);
#11380 = CARTESIAN_POINT('',(0.,0.));
#11381 = VECTOR('',#11382,1.);
#11382 = DIRECTION('',(1.,-3.697785493223E-32));
#11383 = ( GEOMETRIC_REPRESENTATION_CONTEXT(2) 
PARAMETRIC_REPRESENTATION_CONTEXT() REPRESENTATION_CONTEXT('2D SPACE',''
  ) );
#11384 = ORIENTED_EDGE('',*,*,#11385,.F.);
#11385 = EDGE_CURVE('',#8803,#11358,#11386,.T.);
#11386 = SURFACE_CURVE('',#11387,(#11391,#11398),.PCURVE_S1.);
#11387 = LINE('',#11388,#11389);
#11388 = CARTESIAN_POINT('',(2.175,-0.125,0.841614));
#11389 = VECTOR('',#11390,1.);
#11390 = DIRECTION('',(-2.289834988289E-16,-1.065228634467E-16,-1.));
#11391 = PCURVE('',#11117,#11392);
#11392 = DEFINITIONAL_REPRESENTATION('',(#11393),#11397);
#11393 = LINE('',#11394,#11395);
#11394 = CARTESIAN_POINT('',(-0.245779075398,0.671113768985));
#11395 = VECTOR('',#11396,1.);
#11396 = DIRECTION('',(-1.065228634467E-16,-1.));
#11397 = ( GEOMETRIC_REPRESENTATION_CONTEXT(2) 
PARAMETRIC_REPRESENTATION_CONTEXT() REPRESENTATION_CONTEXT('2D SPACE',''
  ) );
#11398 = PCURVE('',#8841,#11399);
#11399 = DEFINITIONAL_REPRESENTATION('',(#11400),#11404);
#11400 = LINE('',#11401,#11402);
#11401 = CARTESIAN_POINT('',(-0.762953222646,0.15));
#11402 = VECTOR('',#11403,1.);
#11403 = DIRECTION('',(1.,0.));
#11404 = ( GEOMETRIC_REPRESENTATION_CONTEXT(2) 
PARAMETRIC_REPRESENTATION_CONTEXT() REPRESENTATION_CONTEXT('2D SPACE',''
  ) );
#11405 = ADVANCED_FACE('',(#11406),#10368,.T.);
#11406 = FACE_BOUND('',#11407,.T.);
#11407 = EDGE_LOOP('',(#11408,#11433,#11456,#11477,#11478,#11501));
#11408 = ORIENTED_EDGE('',*,*,#11409,.T.);
#11409 = EDGE_CURVE('',#11410,#11412,#11414,.T.);
#11410 = VERTEX_POINT('',#11411);
#11411 = CARTESIAN_POINT('',(-1.E-01,-0.205,8.E-02));
#11412 = VERTEX_POINT('',#11413);
#11413 = CARTESIAN_POINT('',(-0.4,-0.205,8.E-02));
#11414 = SURFACE_CURVE('',#11415,(#11419,#11426),.PCURVE_S1.);
#11415 = LINE('',#11416,#11417);
#11416 = CARTESIAN_POINT('',(-16.,-0.205,8.E-02));
#11417 = VECTOR('',#11418,1.);
#11418 = DIRECTION('',(-1.,5.243344273594E-32,2.289834988289E-16));
#11419 = PCURVE('',#10368,#11420);
#11420 = DEFINITIONAL_REPRESENTATION('',(#11421),#11425);
#11421 = LINE('',#11422,#11423);
#11422 = CARTESIAN_POINT('',(8.E-02,15.6625));
#11423 = VECTOR('',#11424,1.);
#11424 = DIRECTION('',(2.080052407982E-46,1.));
#11425 = ( GEOMETRIC_REPRESENTATION_CONTEXT(2) 
PARAMETRIC_REPRESENTATION_CONTEXT() REPRESENTATION_CONTEXT('2D SPACE',''
  ) );
#11426 = PCURVE('',#9504,#11427);
#11427 = DEFINITIONAL_REPRESENTATION('',(#11428),#11432);
#11428 = LINE('',#11429,#11430);
#11429 = CARTESIAN_POINT('',(-2.881462727102E-17,15.6625));
#11430 = VECTOR('',#11431,1.);
#11431 = DIRECTION('',(-1.848892746612E-31,1.));
#11432 = ( GEOMETRIC_REPRESENTATION_CONTEXT(2) 
PARAMETRIC_REPRESENTATION_CONTEXT() REPRESENTATION_CONTEXT('2D SPACE',''
  ) );
#11433 = ORIENTED_EDGE('',*,*,#11434,.T.);
#11434 = EDGE_CURVE('',#11412,#11435,#11437,.T.);
#11435 = VERTEX_POINT('',#11436);
#11436 = CARTESIAN_POINT('',(-0.4,-0.125,8.E-02));
#11437 = SURFACE_CURVE('',#11438,(#11442,#11449),.PCURVE_S1.);
#11438 = LINE('',#11439,#11440);
#11439 = CARTESIAN_POINT('',(-0.4,-0.430137,8.E-02));
#11440 = VECTOR('',#11441,1.);
#11441 = DIRECTION('',(-1.224606353822E-16,1.,-2.289834988289E-16));
#11442 = PCURVE('',#10368,#11443);
#11443 = DEFINITIONAL_REPRESENTATION('',(#11444),#11448);
#11444 = LINE('',#11445,#11446);
#11445 = CARTESIAN_POINT('',(0.305137,6.25E-02));
#11446 = VECTOR('',#11447,1.);
#11447 = DIRECTION('',(-1.,1.224606353822E-16));
#11448 = ( GEOMETRIC_REPRESENTATION_CONTEXT(2) 
PARAMETRIC_REPRESENTATION_CONTEXT() REPRESENTATION_CONTEXT('2D SPACE',''
  ) );
#11449 = PCURVE('',#9476,#11450);
#11450 = DEFINITIONAL_REPRESENTATION('',(#11451),#11455);
#11451 = LINE('',#11452,#11453);
#11452 = CARTESIAN_POINT('',(-3.535533905933E-02,-0.155137));
#11453 = VECTOR('',#11454,1.);
#11454 = DIRECTION('',(8.716389750491E-16,1.));
#11455 = ( GEOMETRIC_REPRESENTATION_CONTEXT(2) 
PARAMETRIC_REPRESENTATION_CONTEXT() REPRESENTATION_CONTEXT('2D SPACE',''
  ) );
#11456 = ORIENTED_EDGE('',*,*,#11457,.F.);
#11457 = EDGE_CURVE('',#8143,#11435,#11458,.T.);
#11458 = SURFACE_CURVE('',#11459,(#11463,#11470),.PCURVE_S1.);
#11459 = LINE('',#11460,#11461);
#11460 = CARTESIAN_POINT('',(-16.,-0.125,8.E-02));
#11461 = VECTOR('',#11462,1.);
#11462 = DIRECTION('',(-1.,5.243344273594E-32,2.289834988289E-16));
#11463 = PCURVE('',#10368,#11464);
#11464 = DEFINITIONAL_REPRESENTATION('',(#11465),#11469);
#11465 = LINE('',#11466,#11467);
#11466 = CARTESIAN_POINT('',(8.198683773256E-31,15.6625));
#11467 = VECTOR('',#11468,1.);
#11468 = DIRECTION('',(2.080052407982E-46,1.));
#11469 = ( GEOMETRIC_REPRESENTATION_CONTEXT(2) 
PARAMETRIC_REPRESENTATION_CONTEXT() REPRESENTATION_CONTEXT('2D SPACE',''
  ) );
#11470 = PCURVE('',#5714,#11471);
#11471 = DEFINITIONAL_REPRESENTATION('',(#11472),#11476);
#11472 = LINE('',#11473,#11474);
#11473 = CARTESIAN_POINT('',(0.23,19.325));
#11474 = VECTOR('',#11475,1.);
#11475 = DIRECTION('',(0.,1.));
#11476 = ( GEOMETRIC_REPRESENTATION_CONTEXT(2) 
PARAMETRIC_REPRESENTATION_CONTEXT() REPRESENTATION_CONTEXT('2D SPACE',''
  ) );
#11477 = ORIENTED_EDGE('',*,*,#10352,.T.);
#11478 = ORIENTED_EDGE('',*,*,#11479,.F.);
#11479 = EDGE_CURVE('',#11480,#10353,#11482,.T.);
#11480 = VERTEX_POINT('',#11481);
#11481 = CARTESIAN_POINT('',(-1.E-01,-0.125,8.E-02));
#11482 = SURFACE_CURVE('',#11483,(#11487,#11494),.PCURVE_S1.);
#11483 = LINE('',#11484,#11485);
#11484 = CARTESIAN_POINT('',(-16.,-0.125,8.E-02));
#11485 = VECTOR('',#11486,1.);
#11486 = DIRECTION('',(-1.,5.243344273594E-32,2.289834988289E-16));
#11487 = PCURVE('',#10368,#11488);
#11488 = DEFINITIONAL_REPRESENTATION('',(#11489),#11493);
#11489 = LINE('',#11490,#11491);
#11490 = CARTESIAN_POINT('',(8.198683773256E-31,15.6625));
#11491 = VECTOR('',#11492,1.);
#11492 = DIRECTION('',(2.080052407982E-46,1.));
#11493 = ( GEOMETRIC_REPRESENTATION_CONTEXT(2) 
PARAMETRIC_REPRESENTATION_CONTEXT() REPRESENTATION_CONTEXT('2D SPACE',''
  ) );
#11494 = PCURVE('',#9560,#11495);
#11495 = DEFINITIONAL_REPRESENTATION('',(#11496),#11500);
#11496 = LINE('',#11497,#11498);
#11497 = CARTESIAN_POINT('',(0.23,19.825));
#11498 = VECTOR('',#11499,1.);
#11499 = DIRECTION('',(0.,1.));
#11500 = ( GEOMETRIC_REPRESENTATION_CONTEXT(2) 
PARAMETRIC_REPRESENTATION_CONTEXT() REPRESENTATION_CONTEXT('2D SPACE',''
  ) );
#11501 = ORIENTED_EDGE('',*,*,#11502,.T.);
#11502 = EDGE_CURVE('',#11480,#11410,#11503,.T.);
#11503 = SURFACE_CURVE('',#11504,(#11508,#11515),.PCURVE_S1.);
#11504 = LINE('',#11505,#11506);
#11505 = CARTESIAN_POINT('',(-1.E-01,-0.430137,8.E-02));
#11506 = VECTOR('',#11507,1.);
#11507 = DIRECTION('',(-1.224606353822E-16,-1.,2.289834988289E-16));
#11508 = PCURVE('',#10368,#11509);
#11509 = DEFINITIONAL_REPRESENTATION('',(#11510),#11514);
#11510 = LINE('',#11511,#11512);
#11511 = CARTESIAN_POINT('',(0.305137,-0.2375));
#11512 = VECTOR('',#11513,1.);
#11513 = DIRECTION('',(1.,1.224606353822E-16));
#11514 = ( GEOMETRIC_REPRESENTATION_CONTEXT(2) 
PARAMETRIC_REPRESENTATION_CONTEXT() REPRESENTATION_CONTEXT('2D SPACE',''
  ) );
#11515 = PCURVE('',#9532,#11516);
#11516 = DEFINITIONAL_REPRESENTATION('',(#11517),#11521);
#11517 = LINE('',#11518,#11519);
#11518 = CARTESIAN_POINT('',(-3.535533905933E-02,0.155137));
#11519 = VECTOR('',#11520,1.);
#11520 = DIRECTION('',(-8.716389750491E-16,1.));
#11521 = ( GEOMETRIC_REPRESENTATION_CONTEXT(2) 
PARAMETRIC_REPRESENTATION_CONTEXT() REPRESENTATION_CONTEXT('2D SPACE',''
  ) );
#11522 = ADVANCED_FACE('',(#11523),#9476,.T.);
#11523 = FACE_BOUND('',#11524,.T.);
#11524 = EDGE_LOOP('',(#11525,#11526,#11547,#11548));
#11525 = ORIENTED_EDGE('',*,*,#11434,.F.);
#11526 = ORIENTED_EDGE('',*,*,#11527,.T.);
#11527 = EDGE_CURVE('',#11412,#9461,#11528,.T.);
#11528 = SURFACE_CURVE('',#11529,(#11533,#11540),.PCURVE_S1.);
#11529 = LINE('',#11530,#11531);
#11530 = CARTESIAN_POINT('',(-0.4511675,-0.430137,2.88325E-02));
#11531 = VECTOR('',#11532,1.);
#11532 = DIRECTION('',(-0.216371161204,-0.952033109297,-0.216371161204)
  );
#11533 = PCURVE('',#9476,#11534);
#11534 = DEFINITIONAL_REPRESENTATION('',(#11535),#11539);
#11535 = LINE('',#11536,#11537);
#11536 = CARTESIAN_POINT('',(3.70064333934E-02,-0.155137));
#11537 = VECTOR('',#11538,1.);
#11538 = DIRECTION('',(0.305995030681,-0.952033109297));
#11539 = ( GEOMETRIC_REPRESENTATION_CONTEXT(2) 
PARAMETRIC_REPRESENTATION_CONTEXT() REPRESENTATION_CONTEXT('2D SPACE',''
  ) );
#11540 = PCURVE('',#9504,#11541);
#11541 = DEFINITIONAL_REPRESENTATION('',(#11542),#11546);
#11542 = LINE('',#11543,#11544);
#11543 = CARTESIAN_POINT('',(0.230878283572,0.1136675));
#11544 = VECTOR('',#11545,1.);
#11545 = DIRECTION('',(0.976311180208,0.216371161204));
#11546 = ( GEOMETRIC_REPRESENTATION_CONTEXT(2) 
PARAMETRIC_REPRESENTATION_CONTEXT() REPRESENTATION_CONTEXT('2D SPACE',''
  ) );
#11547 = ORIENTED_EDGE('',*,*,#9460,.F.);
#11548 = ORIENTED_EDGE('',*,*,#11549,.F.);
#11549 = EDGE_CURVE('',#11435,#9438,#11550,.T.);
#11550 = SURFACE_CURVE('',#11551,(#11555,#11562),.PCURVE_S1.);
#11551 = LINE('',#11552,#11553);
#11552 = CARTESIAN_POINT('',(-16.,-0.125,-15.52));
#11553 = VECTOR('',#11554,1.);
#11554 = DIRECTION('',(-0.707106781187,-1.064046335705E-16,
    -0.707106781187));
#11555 = PCURVE('',#9476,#11556);
#11556 = DEFINITIONAL_REPRESENTATION('',(#11557),#11561);
#11557 = LINE('',#11558,#11559);
#11558 = CARTESIAN_POINT('',(22.026376233961,0.15));
#11559 = VECTOR('',#11560,1.);
#11560 = DIRECTION('',(1.,-7.295350781106E-16));
#11561 = ( GEOMETRIC_REPRESENTATION_CONTEXT(2) 
PARAMETRIC_REPRESENTATION_CONTEXT() REPRESENTATION_CONTEXT('2D SPACE',''
  ) );
#11562 = PCURVE('',#5714,#11563);
#11563 = DEFINITIONAL_REPRESENTATION('',(#11564),#11568);
#11564 = LINE('',#11565,#11566);
#11565 = CARTESIAN_POINT('',(15.83,19.325));
#11566 = VECTOR('',#11567,1.);
#11567 = DIRECTION('',(0.707106781187,0.707106781187));
#11568 = ( GEOMETRIC_REPRESENTATION_CONTEXT(2) 
PARAMETRIC_REPRESENTATION_CONTEXT() REPRESENTATION_CONTEXT('2D SPACE',''
  ) );
#11569 = ADVANCED_FACE('',(#11570),#1202,.T.);
#11570 = FACE_BOUND('',#11571,.T.);
#11571 = EDGE_LOOP('',(#11572,#11573,#11574,#11575));
#11572 = ORIENTED_EDGE('',*,*,#1633,.F.);
#11573 = ORIENTED_EDGE('',*,*,#10925,.F.);
#11574 = ORIENTED_EDGE('',*,*,#9341,.F.);
#11575 = ORIENTED_EDGE('',*,*,#1188,.T.);
#11576 = ADVANCED_FACE('',(#11577),#8841,.F.);
#11577 = FACE_BOUND('',#11578,.T.);
#11578 = EDGE_LOOP('',(#11579,#11580,#11581,#11604));
#11579 = ORIENTED_EDGE('',*,*,#8825,.F.);
#11580 = ORIENTED_EDGE('',*,*,#11385,.T.);
#11581 = ORIENTED_EDGE('',*,*,#11582,.F.);
#11582 = EDGE_CURVE('',#11583,#11358,#11585,.T.);
#11583 = VERTEX_POINT('',#11584);
#11584 = CARTESIAN_POINT('',(2.325,-0.125,7.866077735406E-02));
#11585 = SURFACE_CURVE('',#11586,(#11590,#11597),.PCURVE_S1.);
#11586 = LINE('',#11587,#11588);
#11587 = CARTESIAN_POINT('',(4.,-0.125,7.866077735406E-02));
#11588 = VECTOR('',#11589,1.);
#11589 = DIRECTION('',(-1.,5.243344273594E-32,2.289834988289E-16));
#11590 = PCURVE('',#8841,#11591);
#11591 = DEFINITIONAL_REPRESENTATION('',(#11592),#11596);
#11592 = LINE('',#11593,#11594);
#11593 = CARTESIAN_POINT('',(-1.892583312291E-16,-1.675));
#11594 = VECTOR('',#11595,1.);
#11595 = DIRECTION('',(0.,1.));
#11596 = ( GEOMETRIC_REPRESENTATION_CONTEXT(2) 
PARAMETRIC_REPRESENTATION_CONTEXT() REPRESENTATION_CONTEXT('2D SPACE',''
  ) );
#11597 = PCURVE('',#11373,#11598);
#11598 = DEFINITIONAL_REPRESENTATION('',(#11599),#11603);
#11599 = LINE('',#11600,#11601);
#11600 = CARTESIAN_POINT('',(5.833781539828E-02,-1.825));
#11601 = VECTOR('',#11602,1.);
#11602 = DIRECTION('',(9.244463733059E-32,1.));
#11603 = ( GEOMETRIC_REPRESENTATION_CONTEXT(2) 
PARAMETRIC_REPRESENTATION_CONTEXT() REPRESENTATION_CONTEXT('2D SPACE',''
  ) );
#11604 = ORIENTED_EDGE('',*,*,#11605,.F.);
#11605 = EDGE_CURVE('',#8826,#11583,#11606,.T.);
#11606 = SURFACE_CURVE('',#11607,(#11611,#11618),.PCURVE_S1.);
#11607 = LINE('',#11608,#11609);
#11608 = CARTESIAN_POINT('',(2.325,-0.125,0.841614));
#11609 = VECTOR('',#11610,1.);
#11610 = DIRECTION('',(-2.289834988289E-16,-1.065228634467E-16,-1.));
#11611 = PCURVE('',#8841,#11612);
#11612 = DEFINITIONAL_REPRESENTATION('',(#11613),#11617);
#11613 = LINE('',#11614,#11615);
#11614 = CARTESIAN_POINT('',(-0.762953222646,1.747036983643E-16));
#11615 = VECTOR('',#11616,1.);
#11616 = DIRECTION('',(1.,0.));
#11617 = ( GEOMETRIC_REPRESENTATION_CONTEXT(2) 
PARAMETRIC_REPRESENTATION_CONTEXT() REPRESENTATION_CONTEXT('2D SPACE',''
  ) );
#11618 = PCURVE('',#11619,#11624);
#11619 = PLANE('',#11620);
#11620 = AXIS2_PLACEMENT_3D('',#11621,#11622,#11623);
#11621 = CARTESIAN_POINT('',(2.325,0.120779075398,0.170500231015));
#11622 = DIRECTION('',(1.,-5.243344273594E-32,-2.289834988289E-16));
#11623 = DIRECTION('',(5.243344273594E-32,1.,0.));
#11624 = DEFINITIONAL_REPRESENTATION('',(#11625),#11629);
#11625 = LINE('',#11626,#11627);
#11626 = CARTESIAN_POINT('',(-0.245779075398,0.671113768985));
#11627 = VECTOR('',#11628,1.);
#11628 = DIRECTION('',(-1.065228634467E-16,-1.));
#11629 = ( GEOMETRIC_REPRESENTATION_CONTEXT(2) 
PARAMETRIC_REPRESENTATION_CONTEXT() REPRESENTATION_CONTEXT('2D SPACE',''
  ) );
#11630 = ADVANCED_FACE('',(#11631),#8277,.T.);
#11631 = FACE_BOUND('',#11632,.T.);
#11632 = EDGE_LOOP('',(#11633,#11634,#11655,#11656));
#11633 = ORIENTED_EDGE('',*,*,#10665,.T.);
#11634 = ORIENTED_EDGE('',*,*,#11635,.T.);
#11635 = EDGE_CURVE('',#10643,#10305,#11636,.T.);
#11636 = SURFACE_CURVE('',#11637,(#11641,#11648),.PCURVE_S1.);
#11637 = LINE('',#11638,#11639);
#11638 = CARTESIAN_POINT('',(-0.175,-0.430137,-8.881784197001E-16));
#11639 = VECTOR('',#11640,1.);
#11640 = DIRECTION('',(0.,-1.,2.289834988289E-16));
#11641 = PCURVE('',#8277,#11642);
#11642 = DEFINITIONAL_REPRESENTATION('',(#11643),#11647);
#11643 = LINE('',#11644,#11645);
#11644 = CARTESIAN_POINT('',(0.555137,-0.15));
#11645 = VECTOR('',#11646,1.);
#11646 = DIRECTION('',(1.,0.));
#11647 = ( GEOMETRIC_REPRESENTATION_CONTEXT(2) 
PARAMETRIC_REPRESENTATION_CONTEXT() REPRESENTATION_CONTEXT('2D SPACE',''
  ) );
#11648 = PCURVE('',#7921,#11649);
#11649 = DEFINITIONAL_REPRESENTATION('',(#11650),#11654);
#11650 = LINE('',#11651,#11652);
#11651 = CARTESIAN_POINT('',(-0.550916075398,-0.170500231015));
#11652 = VECTOR('',#11653,1.);
#11653 = DIRECTION('',(-1.,2.289834988289E-16));
#11654 = ( GEOMETRIC_REPRESENTATION_CONTEXT(2) 
PARAMETRIC_REPRESENTATION_CONTEXT() REPRESENTATION_CONTEXT('2D SPACE',''
  ) );
#11655 = ORIENTED_EDGE('',*,*,#10304,.F.);
#11656 = ORIENTED_EDGE('',*,*,#8261,.T.);
#11657 = ADVANCED_FACE('',(#11658),#3562,.F.);
#11658 = FACE_BOUND('',#11659,.T.);
#11659 = EDGE_LOOP('',(#11660,#11661,#11662,#11683));
#11660 = ORIENTED_EDGE('',*,*,#4129,.F.);
#11661 = ORIENTED_EDGE('',*,*,#8980,.F.);
#11662 = ORIENTED_EDGE('',*,*,#11663,.T.);
#11663 = EDGE_CURVE('',#8958,#3547,#11664,.T.);
#11664 = SURFACE_CURVE('',#11665,(#11669,#11676),.PCURVE_S1.);
#11665 = LINE('',#11666,#11667);
#11666 = CARTESIAN_POINT('',(2.785,-1.825,0.33));
#11667 = VECTOR('',#11668,1.);
#11668 = DIRECTION('',(-1.,5.243344273594E-32,2.289834988289E-16));
#11669 = PCURVE('',#3562,#11670);
#11670 = DEFINITIONAL_REPRESENTATION('',(#11671),#11675);
#11671 = LINE('',#11672,#11673);
#11672 = CARTESIAN_POINT('',(0.500899191455,-4.));
#11673 = VECTOR('',#11674,1.);
#11674 = DIRECTION('',(4.622231866529E-33,-1.));
#11675 = ( GEOMETRIC_REPRESENTATION_CONTEXT(2) 
PARAMETRIC_REPRESENTATION_CONTEXT() REPRESENTATION_CONTEXT('2D SPACE',''
  ) );
#11676 = PCURVE('',#3590,#11677);
#11677 = DEFINITIONAL_REPRESENTATION('',(#11678),#11682);
#11678 = LINE('',#11679,#11680);
#11679 = CARTESIAN_POINT('',(3.8,-0.1));
#11680 = VECTOR('',#11681,1.);
#11681 = DIRECTION('',(1.,-2.736911063134E-48));
#11682 = ( GEOMETRIC_REPRESENTATION_CONTEXT(2) 
PARAMETRIC_REPRESENTATION_CONTEXT() REPRESENTATION_CONTEXT('2D SPACE',''
  ) );
#11683 = ORIENTED_EDGE('',*,*,#3546,.T.);
#11684 = ADVANCED_FACE('',(#11685),#4827,.T.);
#11685 = FACE_BOUND('',#11686,.T.);
#11686 = EDGE_LOOP('',(#11687,#11688,#11689,#11690));
#11687 = ORIENTED_EDGE('',*,*,#9386,.T.);
#11688 = ORIENTED_EDGE('',*,*,#4811,.F.);
#11689 = ORIENTED_EDGE('',*,*,#10406,.F.);
#11690 = ORIENTED_EDGE('',*,*,#10890,.F.);
#11691 = ADVANCED_FACE('',(#11692),#484,.T.);
#11692 = FACE_BOUND('',#11693,.T.);
#11693 = EDGE_LOOP('',(#11694,#11717,#11740,#11761));
#11694 = ORIENTED_EDGE('',*,*,#11695,.F.);
#11695 = EDGE_CURVE('',#11696,#441,#11698,.T.);
#11696 = VERTEX_POINT('',#11697);
#11697 = CARTESIAN_POINT('',(3.27,0.525,0.47));
#11698 = SURFACE_CURVE('',#11699,(#11703,#11710),.PCURVE_S1.);
#11699 = LINE('',#11700,#11701);
#11700 = CARTESIAN_POINT('',(-5.73,0.525,0.47));
#11701 = VECTOR('',#11702,1.);
#11702 = DIRECTION('',(-1.,5.243344273594E-32,2.289834988289E-16));
#11703 = PCURVE('',#484,#11704);
#11704 = DEFINITIONAL_REPRESENTATION('',(#11705),#11709);
#11705 = LINE('',#11706,#11707);
#11706 = CARTESIAN_POINT('',(-2.664535259101E-17,-4.48));
#11707 = VECTOR('',#11708,1.);
#11708 = DIRECTION('',(0.,-1.));
#11709 = ( GEOMETRIC_REPRESENTATION_CONTEXT(2) 
PARAMETRIC_REPRESENTATION_CONTEXT() REPRESENTATION_CONTEXT('2D SPACE',''
  ) );
#11710 = PCURVE('',#456,#11711);
#11711 = DEFINITIONAL_REPRESENTATION('',(#11712),#11716);
#11712 = LINE('',#11713,#11714);
#11713 = CARTESIAN_POINT('',(0.281780056072,1.92));
#11714 = VECTOR('',#11715,1.);
#11715 = DIRECTION('',(2.465190328816E-31,-1.));
#11716 = ( GEOMETRIC_REPRESENTATION_CONTEXT(2) 
PARAMETRIC_REPRESENTATION_CONTEXT() REPRESENTATION_CONTEXT('2D SPACE',''
  ) );
#11717 = ORIENTED_EDGE('',*,*,#11718,.F.);
#11718 = EDGE_CURVE('',#11719,#11696,#11721,.T.);
#11719 = VERTEX_POINT('',#11720);
#11720 = CARTESIAN_POINT('',(3.27,0.525,0.31));
#11721 = SURFACE_CURVE('',#11722,(#11726,#11733),.PCURVE_S1.);
#11722 = LINE('',#11723,#11724);
#11723 = CARTESIAN_POINT('',(3.27,0.525,0.841614));
#11724 = VECTOR('',#11725,1.);
#11725 = DIRECTION('',(2.289834988289E-16,1.065228634467E-16,1.));
#11726 = PCURVE('',#484,#11727);
#11727 = DEFINITIONAL_REPRESENTATION('',(#11728),#11732);
#11728 = LINE('',#11729,#11730);
#11729 = CARTESIAN_POINT('',(0.371614,4.52));
#11730 = VECTOR('',#11731,1.);
#11731 = DIRECTION('',(1.,0.));
#11732 = ( GEOMETRIC_REPRESENTATION_CONTEXT(2) 
PARAMETRIC_REPRESENTATION_CONTEXT() REPRESENTATION_CONTEXT('2D SPACE',''
  ) );
#11733 = PCURVE('',#4619,#11734);
#11734 = DEFINITIONAL_REPRESENTATION('',(#11735),#11739);
#11735 = LINE('',#11736,#11737);
#11736 = CARTESIAN_POINT('',(0.604397682239,1.636322));
#11737 = VECTOR('',#11738,1.);
#11738 = DIRECTION('',(0.,1.));
#11739 = ( GEOMETRIC_REPRESENTATION_CONTEXT(2) 
PARAMETRIC_REPRESENTATION_CONTEXT() REPRESENTATION_CONTEXT('2D SPACE',''
  ) );
#11740 = ORIENTED_EDGE('',*,*,#11741,.T.);
#11741 = EDGE_CURVE('',#11719,#469,#11742,.T.);
#11742 = SURFACE_CURVE('',#11743,(#11747,#11754),.PCURVE_S1.);
#11743 = LINE('',#11744,#11745);
#11744 = CARTESIAN_POINT('',(2.65,0.525,0.31));
#11745 = VECTOR('',#11746,1.);
#11746 = DIRECTION('',(-1.,5.243344273594E-32,2.289834988289E-16));
#11747 = PCURVE('',#484,#11748);
#11748 = DEFINITIONAL_REPRESENTATION('',(#11749),#11753);
#11749 = LINE('',#11750,#11751);
#11750 = CARTESIAN_POINT('',(-0.16,3.9));
#11751 = VECTOR('',#11752,1.);
#11752 = DIRECTION('',(0.,-1.));
#11753 = ( GEOMETRIC_REPRESENTATION_CONTEXT(2) 
PARAMETRIC_REPRESENTATION_CONTEXT() REPRESENTATION_CONTEXT('2D SPACE',''
  ) );
#11754 = PCURVE('',#512,#11755);
#11755 = DEFINITIONAL_REPRESENTATION('',(#11756),#11760);
#11756 = LINE('',#11757,#11758);
#11757 = CARTESIAN_POINT('',(-1.3,2.372431776126E-02));
#11758 = VECTOR('',#11759,1.);
#11759 = DIRECTION('',(1.,2.736911063134E-48));
#11760 = ( GEOMETRIC_REPRESENTATION_CONTEXT(2) 
PARAMETRIC_REPRESENTATION_CONTEXT() REPRESENTATION_CONTEXT('2D SPACE',''
  ) );
#11761 = ORIENTED_EDGE('',*,*,#468,.T.);
#11762 = ADVANCED_FACE('',(#11763),#3674,.F.);
#11763 = FACE_BOUND('',#11764,.T.);
#11764 = EDGE_LOOP('',(#11765,#11766,#11767,#11768));
#11765 = ORIENTED_EDGE('',*,*,#4751,.F.);
#11766 = ORIENTED_EDGE('',*,*,#8934,.T.);
#11767 = ORIENTED_EDGE('',*,*,#8586,.T.);
#11768 = ORIENTED_EDGE('',*,*,#3658,.F.);
#11769 = ADVANCED_FACE('',(#11770),#7921,.T.);
#11770 = FACE_BOUND('',#11771,.T.);
#11771 = EDGE_LOOP('',(#11772,#11773,#11774,#11775,#11776,#11777,#11778,
    #11779,#11780,#11781,#11804));
#11772 = ORIENTED_EDGE('',*,*,#10382,.T.);
#11773 = ORIENTED_EDGE('',*,*,#10205,.F.);
#11774 = ORIENTED_EDGE('',*,*,#10276,.T.);
#11775 = ORIENTED_EDGE('',*,*,#10327,.F.);
#11776 = ORIENTED_EDGE('',*,*,#11635,.F.);
#11777 = ORIENTED_EDGE('',*,*,#10642,.F.);
#11778 = ORIENTED_EDGE('',*,*,#10522,.F.);
#11779 = ORIENTED_EDGE('',*,*,#7904,.F.);
#11780 = ORIENTED_EDGE('',*,*,#11082,.F.);
#11781 = ORIENTED_EDGE('',*,*,#11782,.T.);
#11782 = EDGE_CURVE('',#11060,#11783,#11785,.T.);
#11783 = VERTEX_POINT('',#11784);
#11784 = CARTESIAN_POINT('',(-0.175,-0.125,0.31));
#11785 = SURFACE_CURVE('',#11786,(#11790,#11797),.PCURVE_S1.);
#11786 = LINE('',#11787,#11788);
#11787 = CARTESIAN_POINT('',(-0.175,-0.430137,0.31));
#11788 = VECTOR('',#11789,1.);
#11789 = DIRECTION('',(-2.804146475864E-32,-1.,1.065228634467E-16));
#11790 = PCURVE('',#7921,#11791);
#11791 = DEFINITIONAL_REPRESENTATION('',(#11792),#11796);
#11792 = LINE('',#11793,#11794);
#11793 = CARTESIAN_POINT('',(-0.550916075398,0.139499768985));
#11794 = VECTOR('',#11795,1.);
#11795 = DIRECTION('',(-1.,1.065228634467E-16));
#11796 = ( GEOMETRIC_REPRESENTATION_CONTEXT(2) 
PARAMETRIC_REPRESENTATION_CONTEXT() REPRESENTATION_CONTEXT('2D SPACE',''
  ) );
#11797 = PCURVE('',#512,#11798);
#11798 = DEFINITIONAL_REPRESENTATION('',(#11799),#11803);
#11799 = LINE('',#11800,#11801);
#11800 = CARTESIAN_POINT('',(1.525,0.978861317761));
#11801 = VECTOR('',#11802,1.);
#11802 = DIRECTION('',(9.031806508344E-47,1.));
#11803 = ( GEOMETRIC_REPRESENTATION_CONTEXT(2) 
PARAMETRIC_REPRESENTATION_CONTEXT() REPRESENTATION_CONTEXT('2D SPACE',''
  ) );
#11804 = ORIENTED_EDGE('',*,*,#11805,.F.);
#11805 = EDGE_CURVE('',#10353,#11783,#11806,.T.);
#11806 = SURFACE_CURVE('',#11807,(#11811,#11818),.PCURVE_S1.);
#11807 = LINE('',#11808,#11809);
#11808 = CARTESIAN_POINT('',(-0.175,-0.125,0.841614));
#11809 = VECTOR('',#11810,1.);
#11810 = DIRECTION('',(2.289834988289E-16,1.065228634467E-16,1.));
#11811 = PCURVE('',#7921,#11812);
#11812 = DEFINITIONAL_REPRESENTATION('',(#11813),#11817);
#11813 = LINE('',#11814,#11815);
#11814 = CARTESIAN_POINT('',(-0.245779075398,0.671113768985));
#11815 = VECTOR('',#11816,1.);
#11816 = DIRECTION('',(1.065228634467E-16,1.));
#11817 = ( GEOMETRIC_REPRESENTATION_CONTEXT(2) 
PARAMETRIC_REPRESENTATION_CONTEXT() REPRESENTATION_CONTEXT('2D SPACE',''
  ) );
#11818 = PCURVE('',#9560,#11819);
#11819 = DEFINITIONAL_REPRESENTATION('',(#11820),#11824);
#11820 = LINE('',#11821,#11822);
#11821 = CARTESIAN_POINT('',(-0.531614,4.));
#11822 = VECTOR('',#11823,1.);
#11823 = DIRECTION('',(-1.,0.));
#11824 = ( GEOMETRIC_REPRESENTATION_CONTEXT(2) 
PARAMETRIC_REPRESENTATION_CONTEXT() REPRESENTATION_CONTEXT('2D SPACE',''
  ) );
#11825 = ADVANCED_FACE('',(#11826),#5031,.F.);
#11826 = FACE_BOUND('',#11827,.T.);
#11827 = EDGE_LOOP('',(#11828,#11829,#11830,#11831));
#11828 = ORIENTED_EDGE('',*,*,#10453,.F.);
#11829 = ORIENTED_EDGE('',*,*,#10762,.T.);
#11830 = ORIENTED_EDGE('',*,*,#5015,.F.);
#11831 = ORIENTED_EDGE('',*,*,#5515,.F.);
#11832 = ADVANCED_FACE('',(#11833),#9829,.T.);
#11833 = FACE_BOUND('',#11834,.T.);
#11834 = EDGE_LOOP('',(#11835,#11860,#11881,#11882));
#11835 = ORIENTED_EDGE('',*,*,#11836,.F.);
#11836 = EDGE_CURVE('',#11837,#11839,#11841,.T.);
#11837 = VERTEX_POINT('',#11838);
#11838 = CARTESIAN_POINT('',(1.4,-0.125,8.E-02));
#11839 = VERTEX_POINT('',#11840);
#11840 = CARTESIAN_POINT('',(1.4,-0.205,8.E-02));
#11841 = SURFACE_CURVE('',#11842,(#11846,#11853),.PCURVE_S1.);
#11842 = LINE('',#11843,#11844);
#11843 = CARTESIAN_POINT('',(1.4,-0.430137,8.E-02));
#11844 = VECTOR('',#11845,1.);
#11845 = DIRECTION('',(-1.224606353822E-16,-1.,2.289834988289E-16));
#11846 = PCURVE('',#9829,#11847);
#11847 = DEFINITIONAL_REPRESENTATION('',(#11848),#11852);
#11848 = LINE('',#11849,#11850);
#11849 = CARTESIAN_POINT('',(-3.535533905933E-02,0.155137));
#11850 = VECTOR('',#11851,1.);
#11851 = DIRECTION('',(-8.716389750491E-16,1.));
#11852 = ( GEOMETRIC_REPRESENTATION_CONTEXT(2) 
PARAMETRIC_REPRESENTATION_CONTEXT() REPRESENTATION_CONTEXT('2D SPACE',''
  ) );
#11853 = PCURVE('',#1438,#11854);
#11854 = DEFINITIONAL_REPRESENTATION('',(#11855),#11859);
#11855 = LINE('',#11856,#11857);
#11856 = CARTESIAN_POINT('',(0.305137,-0.2375));
#11857 = VECTOR('',#11858,1.);
#11858 = DIRECTION('',(1.,1.224606353822E-16));
#11859 = ( GEOMETRIC_REPRESENTATION_CONTEXT(2) 
PARAMETRIC_REPRESENTATION_CONTEXT() REPRESENTATION_CONTEXT('2D SPACE',''
  ) );
#11860 = ORIENTED_EDGE('',*,*,#11861,.F.);
#11861 = EDGE_CURVE('',#9814,#11837,#11862,.T.);
#11862 = SURFACE_CURVE('',#11863,(#11867,#11874),.PCURVE_S1.);
#11863 = LINE('',#11864,#11865);
#11864 = CARTESIAN_POINT('',(-14.,-0.125,15.48));
#11865 = VECTOR('',#11866,1.);
#11866 = DIRECTION('',(-0.707106781187,1.064046335705E-16,0.707106781187
    ));
#11867 = PCURVE('',#9829,#11868);
#11868 = DEFINITIONAL_REPRESENTATION('',(#11869),#11873);
#11869 = LINE('',#11870,#11871);
#11870 = CARTESIAN_POINT('',(-21.8142441996,-0.15));
#11871 = VECTOR('',#11872,1.);
#11872 = DIRECTION('',(-1.,-7.295350781106E-16));
#11873 = ( GEOMETRIC_REPRESENTATION_CONTEXT(2) 
PARAMETRIC_REPRESENTATION_CONTEXT() REPRESENTATION_CONTEXT('2D SPACE',''
  ) );
#11874 = PCURVE('',#9857,#11875);
#11875 = DEFINITIONAL_REPRESENTATION('',(#11876),#11880);
#11876 = LINE('',#11877,#11878);
#11877 = CARTESIAN_POINT('',(-15.17,19.325));
#11878 = VECTOR('',#11879,1.);
#11879 = DIRECTION('',(-0.707106781187,0.707106781187));
#11880 = ( GEOMETRIC_REPRESENTATION_CONTEXT(2) 
PARAMETRIC_REPRESENTATION_CONTEXT() REPRESENTATION_CONTEXT('2D SPACE',''
  ) );
#11881 = ORIENTED_EDGE('',*,*,#9813,.F.);
#11882 = ORIENTED_EDGE('',*,*,#11883,.T.);
#11883 = EDGE_CURVE('',#9791,#11839,#11884,.T.);
#11884 = SURFACE_CURVE('',#11885,(#11889,#11896),.PCURVE_S1.);
#11885 = LINE('',#11886,#11887);
#11886 = CARTESIAN_POINT('',(1.4511675,-0.430137,2.88325E-02));
#11887 = VECTOR('',#11888,1.);
#11888 = DIRECTION('',(-0.216371161204,0.952033109297,0.216371161204));
#11889 = PCURVE('',#9829,#11890);
#11890 = DEFINITIONAL_REPRESENTATION('',(#11891),#11895);
#11891 = LINE('',#11892,#11893);
#11892 = CARTESIAN_POINT('',(3.70064333934E-02,0.155137));
#11893 = VECTOR('',#11894,1.);
#11894 = DIRECTION('',(-0.305995030681,-0.952033109297));
#11895 = ( GEOMETRIC_REPRESENTATION_CONTEXT(2) 
PARAMETRIC_REPRESENTATION_CONTEXT() REPRESENTATION_CONTEXT('2D SPACE',''
  ) );
#11896 = PCURVE('',#1466,#11897);
#11897 = DEFINITIONAL_REPRESENTATION('',(#11898),#11902);
#11898 = LINE('',#11899,#11900);
#11899 = CARTESIAN_POINT('',(0.230878283572,-0.2886675));
#11900 = VECTOR('',#11901,1.);
#11901 = DIRECTION('',(-0.976311180208,0.216371161204));
#11902 = ( GEOMETRIC_REPRESENTATION_CONTEXT(2) 
PARAMETRIC_REPRESENTATION_CONTEXT() REPRESENTATION_CONTEXT('2D SPACE',''
  ) );
#11903 = ADVANCED_FACE('',(#11904),#9504,.T.);
#11904 = FACE_BOUND('',#11905,.T.);
#11905 = EDGE_LOOP('',(#11906,#11907,#11908,#11909));
#11906 = ORIENTED_EDGE('',*,*,#9488,.T.);
#11907 = ORIENTED_EDGE('',*,*,#11527,.F.);
#11908 = ORIENTED_EDGE('',*,*,#11409,.F.);
#11909 = ORIENTED_EDGE('',*,*,#11910,.F.);
#11910 = EDGE_CURVE('',#9489,#11410,#11911,.T.);
#11911 = SURFACE_CURVE('',#11912,(#11916,#11923),.PCURVE_S1.);
#11912 = LINE('',#11913,#11914);
#11913 = CARTESIAN_POINT('',(-4.88325E-02,-0.430137,2.88325E-02));
#11914 = VECTOR('',#11915,1.);
#11915 = DIRECTION('',(-0.216371161204,0.952033109297,0.216371161204));
#11916 = PCURVE('',#9504,#11917);
#11917 = DEFINITIONAL_REPRESENTATION('',(#11918),#11922);
#11918 = LINE('',#11919,#11920);
#11919 = CARTESIAN_POINT('',(0.230878283572,-0.2886675));
#11920 = VECTOR('',#11921,1.);
#11921 = DIRECTION('',(-0.976311180208,0.216371161204));
#11922 = ( GEOMETRIC_REPRESENTATION_CONTEXT(2) 
PARAMETRIC_REPRESENTATION_CONTEXT() REPRESENTATION_CONTEXT('2D SPACE',''
  ) );
#11923 = PCURVE('',#9532,#11924);
#11924 = DEFINITIONAL_REPRESENTATION('',(#11925),#11929);
#11925 = LINE('',#11926,#11927);
#11926 = CARTESIAN_POINT('',(3.70064333934E-02,0.155137));
#11927 = VECTOR('',#11928,1.);
#11928 = DIRECTION('',(-0.305995030681,-0.952033109297));
#11929 = ( GEOMETRIC_REPRESENTATION_CONTEXT(2) 
PARAMETRIC_REPRESENTATION_CONTEXT() REPRESENTATION_CONTEXT('2D SPACE',''
  ) );
#11930 = ADVANCED_FACE('',(#11931),#5714,.T.);
#11931 = FACE_BOUND('',#11932,.T.);
#11932 = EDGE_LOOP('',(#11933,#11934,#11935,#11936,#11937,#11938,#11939,
    #11940));
#11933 = ORIENTED_EDGE('',*,*,#8140,.T.);
#11934 = ORIENTED_EDGE('',*,*,#11457,.T.);
#11935 = ORIENTED_EDGE('',*,*,#11549,.T.);
#11936 = ORIENTED_EDGE('',*,*,#9437,.F.);
#11937 = ORIENTED_EDGE('',*,*,#10868,.T.);
#11938 = ORIENTED_EDGE('',*,*,#10474,.T.);
#11939 = ORIENTED_EDGE('',*,*,#5700,.F.);
#11940 = ORIENTED_EDGE('',*,*,#11941,.T.);
#11941 = EDGE_CURVE('',#5678,#8141,#11942,.T.);
#11942 = SURFACE_CURVE('',#11943,(#11947,#11954),.PCURVE_S1.);
#11943 = LINE('',#11944,#11945);
#11944 = CARTESIAN_POINT('',(5.,-0.125,0.31));
#11945 = VECTOR('',#11946,1.);
#11946 = DIRECTION('',(1.,-5.243344273594E-32,-2.289834988289E-16));
#11947 = PCURVE('',#5714,#11948);
#11948 = DEFINITIONAL_REPRESENTATION('',(#11949),#11953);
#11949 = LINE('',#11950,#11951);
#11950 = CARTESIAN_POINT('',(-3.835473605385E-16,-1.675));
#11951 = VECTOR('',#11952,1.);
#11952 = DIRECTION('',(0.,-1.));
#11953 = ( GEOMETRIC_REPRESENTATION_CONTEXT(2) 
PARAMETRIC_REPRESENTATION_CONTEXT() REPRESENTATION_CONTEXT('2D SPACE',''
  ) );
#11954 = PCURVE('',#512,#11955);
#11955 = DEFINITIONAL_REPRESENTATION('',(#11956),#11960);
#11956 = LINE('',#11957,#11958);
#11957 = CARTESIAN_POINT('',(-3.65,0.673724317761));
#11958 = VECTOR('',#11959,1.);
#11959 = DIRECTION('',(-1.,-2.736911063134E-48));
#11960 = ( GEOMETRIC_REPRESENTATION_CONTEXT(2) 
PARAMETRIC_REPRESENTATION_CONTEXT() REPRESENTATION_CONTEXT('2D SPACE',''
  ) );
#11961 = ADVANCED_FACE('',(#11962),#8076,.T.);
#11962 = FACE_BOUND('',#11963,.T.);
#11963 = EDGE_LOOP('',(#11964,#11965,#11993,#12021,#12042));
#11964 = ORIENTED_EDGE('',*,*,#8060,.F.);
#11965 = ORIENTED_EDGE('',*,*,#11966,.T.);
#11966 = EDGE_CURVE('',#8033,#11967,#11969,.T.);
#11967 = VERTEX_POINT('',#11968);
#11968 = CARTESIAN_POINT('',(3.0025,-2.975,0.18));
#11969 = SURFACE_CURVE('',#11970,(#11974,#11981),.PCURVE_S1.);
#11970 = LINE('',#11971,#11972);
#11971 = CARTESIAN_POINT('',(5.547363,-0.430137,2.724863));
#11972 = VECTOR('',#11973,1.);
#11973 = DIRECTION('',(0.57735026919,0.57735026919,0.57735026919));
#11974 = PCURVE('',#8076,#11975);
#11975 = DEFINITIONAL_REPRESENTATION('',(#11976),#11980);
#11976 = LINE('',#11977,#11978);
#11977 = CARTESIAN_POINT('',(3.563624429922,2.109863));
#11978 = VECTOR('',#11979,1.);
#11979 = DIRECTION('',(0.816496580928,0.57735026919));
#11980 = ( GEOMETRIC_REPRESENTATION_CONTEXT(2) 
PARAMETRIC_REPRESENTATION_CONTEXT() REPRESENTATION_CONTEXT('2D SPACE',''
  ) );
#11981 = PCURVE('',#11982,#11987);
#11982 = PLANE('',#11983);
#11983 = AXIS2_PLACEMENT_3D('',#11984,#11985,#11986);
#11984 = CARTESIAN_POINT('',(2.9775,-2.475,0.155));
#11985 = DIRECTION('',(0.707106781187,-7.532303909457E-17,
    -0.707106781187));
#11986 = DIRECTION('',(-0.707106781187,-7.532303909457E-17,
    -0.707106781187));
#11987 = DEFINITIONAL_REPRESENTATION('',(#11988),#11992);
#11988 = LINE('',#11989,#11990);
#11989 = CARTESIAN_POINT('',(-3.634335108041,2.044863));
#11990 = VECTOR('',#11991,1.);
#11991 = DIRECTION('',(-0.816496580928,0.57735026919));
#11992 = ( GEOMETRIC_REPRESENTATION_CONTEXT(2) 
PARAMETRIC_REPRESENTATION_CONTEXT() REPRESENTATION_CONTEXT('2D SPACE',''
  ) );
#11993 = ORIENTED_EDGE('',*,*,#11994,.T.);
#11994 = EDGE_CURVE('',#11967,#11995,#11997,.T.);
#11995 = VERTEX_POINT('',#11996);
#11996 = CARTESIAN_POINT('',(3.1025,-2.875,0.18));
#11997 = SURFACE_CURVE('',#11998,(#12002,#12009),.PCURVE_S1.);
#11998 = LINE('',#11999,#12000);
#11999 = CARTESIAN_POINT('',(5.547363,-0.430137,0.18));
#12000 = VECTOR('',#12001,1.);
#12001 = DIRECTION('',(0.707106781187,0.707106781187,-2.12809267141E-16)
  );
#12002 = PCURVE('',#8076,#12003);
#12003 = DEFINITIONAL_REPRESENTATION('',(#12004),#12008);
#12004 = LINE('',#12005,#12006);
#12005 = CARTESIAN_POINT('',(3.563624429922,-0.435));
#12006 = VECTOR('',#12007,1.);
#12007 = DIRECTION('',(1.,1.110223024625E-16));
#12008 = ( GEOMETRIC_REPRESENTATION_CONTEXT(2) 
PARAMETRIC_REPRESENTATION_CONTEXT() REPRESENTATION_CONTEXT('2D SPACE',''
  ) );
#12009 = PCURVE('',#12010,#12015);
#12010 = PLANE('',#12011);
#12011 = AXIS2_PLACEMENT_3D('',#12012,#12013,#12014);
#12012 = CARTESIAN_POINT('',(2.9525,-3.025,0.18));
#12013 = DIRECTION('',(-2.289834988289E-16,-1.065228634467E-16,-1.));
#12014 = DIRECTION('',(-1.,5.243344273594E-32,2.289834988289E-16));
#12015 = DEFINITIONAL_REPRESENTATION('',(#12016),#12020);
#12016 = LINE('',#12017,#12018);
#12017 = CARTESIAN_POINT('',(-2.594863,2.594863));
#12018 = VECTOR('',#12019,1.);
#12019 = DIRECTION('',(-0.707106781187,0.707106781187));
#12020 = ( GEOMETRIC_REPRESENTATION_CONTEXT(2) 
PARAMETRIC_REPRESENTATION_CONTEXT() REPRESENTATION_CONTEXT('2D SPACE',''
  ) );
#12021 = ORIENTED_EDGE('',*,*,#12022,.T.);
#12022 = EDGE_CURVE('',#11995,#9127,#12023,.T.);
#12023 = SURFACE_CURVE('',#12024,(#12028,#12035),.PCURVE_S1.);
#12024 = LINE('',#12025,#12026);
#12025 = CARTESIAN_POINT('',(3.1025,-2.875,0.615));
#12026 = VECTOR('',#12027,1.);
#12027 = DIRECTION('',(2.289834988289E-16,2.289834988289E-16,1.));
#12028 = PCURVE('',#8076,#12029);
#12029 = DEFINITIONAL_REPRESENTATION('',(#12030),#12034);
#12030 = LINE('',#12031,#12032);
#12031 = CARTESIAN_POINT('',(0.106066017178,3.434752482434E-17));
#12032 = VECTOR('',#12033,1.);
#12033 = DIRECTION('',(1.972152263053E-31,1.));
#12034 = ( GEOMETRIC_REPRESENTATION_CONTEXT(2) 
PARAMETRIC_REPRESENTATION_CONTEXT() REPRESENTATION_CONTEXT('2D SPACE',''
  ) );
#12035 = PCURVE('',#9165,#12036);
#12036 = DEFINITIONAL_REPRESENTATION('',(#12037),#12041);
#12037 = LINE('',#12038,#12039);
#12038 = CARTESIAN_POINT('',(-1.824936230421,0.212152664708));
#12039 = VECTOR('',#12040,1.);
#12040 = DIRECTION('',(1.224606353822E-16,1.));
#12041 = ( GEOMETRIC_REPRESENTATION_CONTEXT(2) 
PARAMETRIC_REPRESENTATION_CONTEXT() REPRESENTATION_CONTEXT('2D SPACE',''
  ) );
#12042 = ORIENTED_EDGE('',*,*,#9126,.T.);
#12043 = ADVANCED_FACE('',(#12044),#11982,.T.);
#12044 = FACE_BOUND('',#12045,.T.);
#12045 = EDGE_LOOP('',(#12046,#12047,#12070,#12098));
#12046 = ORIENTED_EDGE('',*,*,#11966,.F.);
#12047 = ORIENTED_EDGE('',*,*,#12048,.T.);
#12048 = EDGE_CURVE('',#8033,#12049,#12051,.T.);
#12049 = VERTEX_POINT('',#12050);
#12050 = CARTESIAN_POINT('',(2.9525,-1.925,0.13));
#12051 = SURFACE_CURVE('',#12052,(#12056,#12063),.PCURVE_S1.);
#12052 = LINE('',#12053,#12054);
#12053 = CARTESIAN_POINT('',(2.9525,-1.050063769579,0.13));
#12054 = VECTOR('',#12055,1.);
#12055 = DIRECTION('',(2.804146475864E-32,1.,-1.065228634467E-16));
#12056 = PCURVE('',#11982,#12057);
#12057 = DEFINITIONAL_REPRESENTATION('',(#12058),#12062);
#12058 = LINE('',#12059,#12060);
#12059 = CARTESIAN_POINT('',(3.535533905933E-02,1.424936230421));
#12060 = VECTOR('',#12061,1.);
#12061 = DIRECTION('',(1.109335647967E-31,1.));
#12062 = ( GEOMETRIC_REPRESENTATION_CONTEXT(2) 
PARAMETRIC_REPRESENTATION_CONTEXT() REPRESENTATION_CONTEXT('2D SPACE',''
  ) );
#12063 = PCURVE('',#8048,#12064);
#12064 = DEFINITIONAL_REPRESENTATION('',(#12065),#12069);
#12065 = LINE('',#12066,#12067);
#12066 = CARTESIAN_POINT('',(-0.1,1.974936230421));
#12067 = VECTOR('',#12068,1.);
#12068 = DIRECTION('',(0.,1.));
#12069 = ( GEOMETRIC_REPRESENTATION_CONTEXT(2) 
PARAMETRIC_REPRESENTATION_CONTEXT() REPRESENTATION_CONTEXT('2D SPACE',''
  ) );
#12070 = ORIENTED_EDGE('',*,*,#12071,.F.);
#12071 = EDGE_CURVE('',#12072,#12049,#12074,.T.);
#12072 = VERTEX_POINT('',#12073);
#12073 = CARTESIAN_POINT('',(3.0025,-1.925,0.18));
#12074 = SURFACE_CURVE('',#12075,(#12079,#12086),.PCURVE_S1.);
#12075 = LINE('',#12076,#12077);
#12076 = CARTESIAN_POINT('',(3.1025,-1.925,0.28));
#12077 = VECTOR('',#12078,1.);
#12078 = DIRECTION('',(-0.707106781187,-7.532303909457E-17,
    -0.707106781187));
#12079 = PCURVE('',#11982,#12080);
#12080 = DEFINITIONAL_REPRESENTATION('',(#12081),#12085);
#12081 = LINE('',#12082,#12083);
#12082 = CARTESIAN_POINT('',(-0.176776695297,0.55));
#12083 = VECTOR('',#12084,1.);
#12084 = DIRECTION('',(1.,0.));
#12085 = ( GEOMETRIC_REPRESENTATION_CONTEXT(2) 
PARAMETRIC_REPRESENTATION_CONTEXT() REPRESENTATION_CONTEXT('2D SPACE',''
  ) );
#12086 = PCURVE('',#12087,#12092);
#12087 = PLANE('',#12088);
#12088 = AXIS2_PLACEMENT_3D('',#12089,#12090,#12091);
#12089 = CARTESIAN_POINT('',(2.93367832869,-1.925,0.556369515365));
#12090 = DIRECTION('',(2.804146475864E-32,1.,-1.065228634467E-16));
#12091 = DIRECTION('',(-2.289834988289E-16,-1.065228634467E-16,-1.));
#12092 = DEFINITIONAL_REPRESENTATION('',(#12093),#12097);
#12093 = LINE('',#12094,#12095);
#12094 = CARTESIAN_POINT('',(0.276369515365,-0.16882167131));
#12095 = VECTOR('',#12096,1.);
#12096 = DIRECTION('',(0.707106781187,0.707106781187));
#12097 = ( GEOMETRIC_REPRESENTATION_CONTEXT(2) 
PARAMETRIC_REPRESENTATION_CONTEXT() REPRESENTATION_CONTEXT('2D SPACE',''
  ) );
#12098 = ORIENTED_EDGE('',*,*,#12099,.T.);
#12099 = EDGE_CURVE('',#12072,#11967,#12100,.T.);
#12100 = SURFACE_CURVE('',#12101,(#12105,#12112),.PCURVE_S1.);
#12101 = LINE('',#12102,#12103);
#12102 = CARTESIAN_POINT('',(3.0025,-1.050063769579,0.18));
#12103 = VECTOR('',#12104,1.);
#12104 = DIRECTION('',(-2.804146475864E-32,-1.,1.065228634467E-16));
#12105 = PCURVE('',#11982,#12106);
#12106 = DEFINITIONAL_REPRESENTATION('',(#12107),#12111);
#12107 = LINE('',#12108,#12109);
#12108 = CARTESIAN_POINT('',(-3.535533905933E-02,1.424936230421));
#12109 = VECTOR('',#12110,1.);
#12110 = DIRECTION('',(-1.109335647967E-31,-1.));
#12111 = ( GEOMETRIC_REPRESENTATION_CONTEXT(2) 
PARAMETRIC_REPRESENTATION_CONTEXT() REPRESENTATION_CONTEXT('2D SPACE',''
  ) );
#12112 = PCURVE('',#12010,#12113);
#12113 = DEFINITIONAL_REPRESENTATION('',(#12114),#12118);
#12114 = LINE('',#12115,#12116);
#12115 = CARTESIAN_POINT('',(-5.E-02,1.974936230421));
#12116 = VECTOR('',#12117,1.);
#12117 = DIRECTION('',(9.031806508344E-47,-1.));
#12118 = ( GEOMETRIC_REPRESENTATION_CONTEXT(2) 
PARAMETRIC_REPRESENTATION_CONTEXT() REPRESENTATION_CONTEXT('2D SPACE',''
  ) );
#12119 = ADVANCED_FACE('',(#12120),#8048,.T.);
#12120 = FACE_BOUND('',#12121,.T.);
#12121 = EDGE_LOOP('',(#12122,#12123,#12124,#12147,#12175,#12196));
#12122 = ORIENTED_EDGE('',*,*,#8032,.F.);
#12123 = ORIENTED_EDGE('',*,*,#10010,.F.);
#12124 = ORIENTED_EDGE('',*,*,#12125,.F.);
#12125 = EDGE_CURVE('',#12126,#9988,#12128,.T.);
#12126 = VERTEX_POINT('',#12127);
#12127 = CARTESIAN_POINT('',(2.9525,-0.125,8.E-02));
#12128 = SURFACE_CURVE('',#12129,(#12133,#12140),.PCURVE_S1.);
#12129 = LINE('',#12130,#12131);
#12130 = CARTESIAN_POINT('',(2.9525,-0.125,0.841614));
#12131 = VECTOR('',#12132,1.);
#12132 = DIRECTION('',(-2.289834988289E-16,-1.065228634467E-16,-1.));
#12133 = PCURVE('',#8048,#12134);
#12134 = DEFINITIONAL_REPRESENTATION('',(#12135),#12139);
#12135 = LINE('',#12136,#12137);
#12136 = CARTESIAN_POINT('',(-0.811614,2.9));
#12137 = VECTOR('',#12138,1.);
#12138 = DIRECTION('',(1.,0.));
#12139 = ( GEOMETRIC_REPRESENTATION_CONTEXT(2) 
PARAMETRIC_REPRESENTATION_CONTEXT() REPRESENTATION_CONTEXT('2D SPACE',''
  ) );
#12140 = PCURVE('',#8869,#12141);
#12141 = DEFINITIONAL_REPRESENTATION('',(#12142),#12146);
#12142 = LINE('',#12143,#12144);
#12143 = CARTESIAN_POINT('',(-0.531614,-0.6275));
#12144 = VECTOR('',#12145,1.);
#12145 = DIRECTION('',(1.,0.));
#12146 = ( GEOMETRIC_REPRESENTATION_CONTEXT(2) 
PARAMETRIC_REPRESENTATION_CONTEXT() REPRESENTATION_CONTEXT('2D SPACE',''
  ) );
#12147 = ORIENTED_EDGE('',*,*,#12148,.F.);
#12148 = EDGE_CURVE('',#12149,#12126,#12151,.T.);
#12149 = VERTEX_POINT('',#12150);
#12150 = CARTESIAN_POINT('',(2.9525,-1.925,8.E-02));
#12151 = SURFACE_CURVE('',#12152,(#12156,#12163),.PCURVE_S1.);
#12152 = LINE('',#12153,#12154);
#12153 = CARTESIAN_POINT('',(2.9525,-3.025,8.E-02));
#12154 = VECTOR('',#12155,1.);
#12155 = DIRECTION('',(2.804146475864E-32,1.,-1.065228634467E-16));
#12156 = PCURVE('',#8048,#12157);
#12157 = DEFINITIONAL_REPRESENTATION('',(#12158),#12162);
#12158 = LINE('',#12159,#12160);
#12159 = CARTESIAN_POINT('',(-5.E-02,-5.326143172335E-18));
#12160 = VECTOR('',#12161,1.);
#12161 = DIRECTION('',(0.,1.));
#12162 = ( GEOMETRIC_REPRESENTATION_CONTEXT(2) 
PARAMETRIC_REPRESENTATION_CONTEXT() REPRESENTATION_CONTEXT('2D SPACE',''
  ) );
#12163 = PCURVE('',#12164,#12169);
#12164 = PLANE('',#12165);
#12165 = AXIS2_PLACEMENT_3D('',#12166,#12167,#12168);
#12166 = CARTESIAN_POINT('',(3.5,-0.125,8.E-02));
#12167 = DIRECTION('',(2.289834988289E-16,1.065228634467E-16,1.));
#12168 = DIRECTION('',(-2.804146475864E-32,-1.,1.065228634467E-16));
#12169 = DEFINITIONAL_REPRESENTATION('',(#12170),#12174);
#12170 = LINE('',#12171,#12172);
#12171 = CARTESIAN_POINT('',(2.9,-0.5475));
#12172 = VECTOR('',#12173,1.);
#12173 = DIRECTION('',(-1.,2.736911063134E-48));
#12174 = ( GEOMETRIC_REPRESENTATION_CONTEXT(2) 
PARAMETRIC_REPRESENTATION_CONTEXT() REPRESENTATION_CONTEXT('2D SPACE',''
  ) );
#12175 = ORIENTED_EDGE('',*,*,#12176,.T.);
#12176 = EDGE_CURVE('',#12149,#12049,#12177,.T.);
#12177 = SURFACE_CURVE('',#12178,(#12182,#12189),.PCURVE_S1.);
#12178 = LINE('',#12179,#12180);
#12179 = CARTESIAN_POINT('',(2.9525,-1.925,0.402847335292));
#12180 = VECTOR('',#12181,1.);
#12181 = DIRECTION('',(2.289834988289E-16,1.065228634467E-16,1.));
#12182 = PCURVE('',#8048,#12183);
#12183 = DEFINITIONAL_REPRESENTATION('',(#12184),#12188);
#12184 = LINE('',#12185,#12186);
#12185 = CARTESIAN_POINT('',(-0.372847335292,1.1));
#12186 = VECTOR('',#12187,1.);
#12187 = DIRECTION('',(-1.,0.));
#12188 = ( GEOMETRIC_REPRESENTATION_CONTEXT(2) 
PARAMETRIC_REPRESENTATION_CONTEXT() REPRESENTATION_CONTEXT('2D SPACE',''
  ) );
#12189 = PCURVE('',#12087,#12190);
#12190 = DEFINITIONAL_REPRESENTATION('',(#12191),#12195);
#12191 = LINE('',#12192,#12193);
#12192 = CARTESIAN_POINT('',(0.153522180073,-1.882167131029E-02));
#12193 = VECTOR('',#12194,1.);
#12194 = DIRECTION('',(-1.,0.));
#12195 = ( GEOMETRIC_REPRESENTATION_CONTEXT(2) 
PARAMETRIC_REPRESENTATION_CONTEXT() REPRESENTATION_CONTEXT('2D SPACE',''
  ) );
#12196 = ORIENTED_EDGE('',*,*,#12048,.F.);
#12197 = ADVANCED_FACE('',(#12198),#12164,.F.);
#12198 = FACE_BOUND('',#12199,.T.);
#12199 = EDGE_LOOP('',(#12200,#12223,#12224,#12247));
#12200 = ORIENTED_EDGE('',*,*,#12201,.F.);
#12201 = EDGE_CURVE('',#12149,#12202,#12204,.T.);
#12202 = VERTEX_POINT('',#12203);
#12203 = CARTESIAN_POINT('',(3.5,-1.925,8.E-02));
#12204 = SURFACE_CURVE('',#12205,(#12209,#12216),.PCURVE_S1.);
#12205 = LINE('',#12206,#12207);
#12206 = CARTESIAN_POINT('',(3.1025,-1.925,8.E-02));
#12207 = VECTOR('',#12208,1.);
#12208 = DIRECTION('',(1.,-5.243344273594E-32,-2.289834988289E-16));
#12209 = PCURVE('',#12164,#12210);
#12210 = DEFINITIONAL_REPRESENTATION('',(#12211),#12215);
#12211 = LINE('',#12212,#12213);
#12212 = CARTESIAN_POINT('',(1.8,-0.3975));
#12213 = VECTOR('',#12214,1.);
#12214 = DIRECTION('',(-9.031806508344E-47,1.));
#12215 = ( GEOMETRIC_REPRESENTATION_CONTEXT(2) 
PARAMETRIC_REPRESENTATION_CONTEXT() REPRESENTATION_CONTEXT('2D SPACE',''
  ) );
#12216 = PCURVE('',#12087,#12217);
#12217 = DEFINITIONAL_REPRESENTATION('',(#12218),#12222);
#12218 = LINE('',#12219,#12220);
#12219 = CARTESIAN_POINT('',(0.476369515365,-0.16882167131));
#12220 = VECTOR('',#12221,1.);
#12221 = DIRECTION('',(0.,-1.));
#12222 = ( GEOMETRIC_REPRESENTATION_CONTEXT(2) 
PARAMETRIC_REPRESENTATION_CONTEXT() REPRESENTATION_CONTEXT('2D SPACE',''
  ) );
#12223 = ORIENTED_EDGE('',*,*,#12148,.T.);
#12224 = ORIENTED_EDGE('',*,*,#12225,.T.);
#12225 = EDGE_CURVE('',#12126,#12226,#12228,.T.);
#12226 = VERTEX_POINT('',#12227);
#12227 = CARTESIAN_POINT('',(3.5,-0.125,8.E-02));
#12228 = SURFACE_CURVE('',#12229,(#12233,#12240),.PCURVE_S1.);
#12229 = LINE('',#12230,#12231);
#12230 = CARTESIAN_POINT('',(-13.5,-0.125,8.E-02));
#12231 = VECTOR('',#12232,1.);
#12232 = DIRECTION('',(1.,-5.243344273594E-32,-2.289834988289E-16));
#12233 = PCURVE('',#12164,#12234);
#12234 = DEFINITIONAL_REPRESENTATION('',(#12235),#12239);
#12235 = LINE('',#12236,#12237);
#12236 = CARTESIAN_POINT('',(8.921076773588E-31,-17.));
#12237 = VECTOR('',#12238,1.);
#12238 = DIRECTION('',(-9.031806508344E-47,1.));
#12239 = ( GEOMETRIC_REPRESENTATION_CONTEXT(2) 
PARAMETRIC_REPRESENTATION_CONTEXT() REPRESENTATION_CONTEXT('2D SPACE',''
  ) );
#12240 = PCURVE('',#8869,#12241);
#12241 = DEFINITIONAL_REPRESENTATION('',(#12242),#12246);
#12242 = LINE('',#12243,#12244);
#12243 = CARTESIAN_POINT('',(0.23,15.825));
#12244 = VECTOR('',#12245,1.);
#12245 = DIRECTION('',(0.,-1.));
#12246 = ( GEOMETRIC_REPRESENTATION_CONTEXT(2) 
PARAMETRIC_REPRESENTATION_CONTEXT() REPRESENTATION_CONTEXT('2D SPACE',''
  ) );
#12247 = ORIENTED_EDGE('',*,*,#12248,.F.);
#12248 = EDGE_CURVE('',#12202,#12226,#12249,.T.);
#12249 = SURFACE_CURVE('',#12250,(#12254,#12261),.PCURVE_S1.);
#12250 = LINE('',#12251,#12252);
#12251 = CARTESIAN_POINT('',(3.5,0.619235,8.E-02));
#12252 = VECTOR('',#12253,1.);
#12253 = DIRECTION('',(2.804146475864E-32,1.,-1.065228634467E-16));
#12254 = PCURVE('',#12164,#12255);
#12255 = DEFINITIONAL_REPRESENTATION('',(#12256),#12260);
#12256 = LINE('',#12257,#12258);
#12257 = CARTESIAN_POINT('',(-0.744235,-1.995609680515E-32));
#12258 = VECTOR('',#12259,1.);
#12259 = DIRECTION('',(-1.,2.736911063134E-48));
#12260 = ( GEOMETRIC_REPRESENTATION_CONTEXT(2) 
PARAMETRIC_REPRESENTATION_CONTEXT() REPRESENTATION_CONTEXT('2D SPACE',''
  ) );
#12261 = PCURVE('',#9221,#12262);
#12262 = DEFINITIONAL_REPRESENTATION('',(#12263),#12267);
#12263 = LINE('',#12264,#12265);
#12264 = CARTESIAN_POINT('',(1.049372,-0.761614));
#12265 = VECTOR('',#12266,1.);
#12266 = DIRECTION('',(1.,0.));
#12267 = ( GEOMETRIC_REPRESENTATION_CONTEXT(2) 
PARAMETRIC_REPRESENTATION_CONTEXT() REPRESENTATION_CONTEXT('2D SPACE',''
  ) );
#12268 = ADVANCED_FACE('',(#12269),#12087,.F.);
#12269 = FACE_BOUND('',#12270,.T.);
#12270 = EDGE_LOOP('',(#12271,#12272,#12273,#12274,#12297,#12325));
#12271 = ORIENTED_EDGE('',*,*,#12071,.T.);
#12272 = ORIENTED_EDGE('',*,*,#12176,.F.);
#12273 = ORIENTED_EDGE('',*,*,#12201,.T.);
#12274 = ORIENTED_EDGE('',*,*,#12275,.T.);
#12275 = EDGE_CURVE('',#12202,#12276,#12278,.T.);
#12276 = VERTEX_POINT('',#12277);
#12277 = CARTESIAN_POINT('',(3.5,-1.925,0.18));
#12278 = SURFACE_CURVE('',#12279,(#12283,#12290),.PCURVE_S1.);
#12279 = LINE('',#12280,#12281);
#12280 = CARTESIAN_POINT('',(3.5,-1.925,1.258386));
#12281 = VECTOR('',#12282,1.);
#12282 = DIRECTION('',(2.289834988289E-16,1.065228634467E-16,1.));
#12283 = PCURVE('',#12087,#12284);
#12284 = DEFINITIONAL_REPRESENTATION('',(#12285),#12289);
#12285 = LINE('',#12286,#12287);
#12286 = CARTESIAN_POINT('',(-0.702016484635,-0.56632167131));
#12287 = VECTOR('',#12288,1.);
#12288 = DIRECTION('',(-1.,0.));
#12289 = ( GEOMETRIC_REPRESENTATION_CONTEXT(2) 
PARAMETRIC_REPRESENTATION_CONTEXT() REPRESENTATION_CONTEXT('2D SPACE',''
  ) );
#12290 = PCURVE('',#9221,#12291);
#12291 = DEFINITIONAL_REPRESENTATION('',(#12292),#12296);
#12292 = LINE('',#12293,#12294);
#12293 = CARTESIAN_POINT('',(-1.494863,0.416772));
#12294 = VECTOR('',#12295,1.);
#12295 = DIRECTION('',(0.,1.));
#12296 = ( GEOMETRIC_REPRESENTATION_CONTEXT(2) 
PARAMETRIC_REPRESENTATION_CONTEXT() REPRESENTATION_CONTEXT('2D SPACE',''
  ) );
#12297 = ORIENTED_EDGE('',*,*,#12298,.T.);
#12298 = EDGE_CURVE('',#12276,#12299,#12301,.T.);
#12299 = VERTEX_POINT('',#12300);
#12300 = CARTESIAN_POINT('',(3.1025,-1.925,0.18));
#12301 = SURFACE_CURVE('',#12302,(#12306,#12313),.PCURVE_S1.);
#12302 = LINE('',#12303,#12304);
#12303 = CARTESIAN_POINT('',(3.5,-1.925,0.18));
#12304 = VECTOR('',#12305,1.);
#12305 = DIRECTION('',(-1.,5.243344273594E-32,2.289834988289E-16));
#12306 = PCURVE('',#12087,#12307);
#12307 = DEFINITIONAL_REPRESENTATION('',(#12308),#12312);
#12308 = LINE('',#12309,#12310);
#12309 = CARTESIAN_POINT('',(0.376369515365,-0.56632167131));
#12310 = VECTOR('',#12311,1.);
#12311 = DIRECTION('',(0.,1.));
#12312 = ( GEOMETRIC_REPRESENTATION_CONTEXT(2) 
PARAMETRIC_REPRESENTATION_CONTEXT() REPRESENTATION_CONTEXT('2D SPACE',''
  ) );
#12313 = PCURVE('',#12314,#12319);
#12314 = PLANE('',#12315);
#12315 = AXIS2_PLACEMENT_3D('',#12316,#12317,#12318);
#12316 = CARTESIAN_POINT('',(3.3,-1.925,0.18));
#12317 = DIRECTION('',(1.831867990632E-16,0.6,0.8));
#12318 = DIRECTION('',(1.373900992974E-16,-0.8,0.6));
#12319 = DEFINITIONAL_REPRESENTATION('',(#12320),#12324);
#12320 = LINE('',#12321,#12322);
#12321 = CARTESIAN_POINT('',(1.08246744901E-17,0.2));
#12322 = VECTOR('',#12323,1.);
#12323 = DIRECTION('',(3.451266460342E-31,-1.));
#12324 = ( GEOMETRIC_REPRESENTATION_CONTEXT(2) 
PARAMETRIC_REPRESENTATION_CONTEXT() REPRESENTATION_CONTEXT('2D SPACE',''
  ) );
#12325 = ORIENTED_EDGE('',*,*,#12326,.F.);
#12326 = EDGE_CURVE('',#12072,#12299,#12327,.T.);
#12327 = SURFACE_CURVE('',#12328,(#12332,#12339),.PCURVE_S1.);
#12328 = LINE('',#12329,#12330);
#12329 = CARTESIAN_POINT('',(3.1025,-1.925,0.18));
#12330 = VECTOR('',#12331,1.);
#12331 = DIRECTION('',(1.,-5.243344273594E-32,-2.289834988289E-16));
#12332 = PCURVE('',#12087,#12333);
#12333 = DEFINITIONAL_REPRESENTATION('',(#12334),#12338);
#12334 = LINE('',#12335,#12336);
#12335 = CARTESIAN_POINT('',(0.376369515365,-0.16882167131));
#12336 = VECTOR('',#12337,1.);
#12337 = DIRECTION('',(0.,-1.));
#12338 = ( GEOMETRIC_REPRESENTATION_CONTEXT(2) 
PARAMETRIC_REPRESENTATION_CONTEXT() REPRESENTATION_CONTEXT('2D SPACE',''
  ) );
#12339 = PCURVE('',#12010,#12340);
#12340 = DEFINITIONAL_REPRESENTATION('',(#12341),#12345);
#12341 = LINE('',#12342,#12343);
#12342 = CARTESIAN_POINT('',(-0.15,1.1));
#12343 = VECTOR('',#12344,1.);
#12344 = DIRECTION('',(-1.,2.736911063134E-48));
#12345 = ( GEOMETRIC_REPRESENTATION_CONTEXT(2) 
PARAMETRIC_REPRESENTATION_CONTEXT() REPRESENTATION_CONTEXT('2D SPACE',''
  ) );
#12346 = ADVANCED_FACE('',(#12347),#12314,.F.);
#12347 = FACE_BOUND('',#12348,.T.);
#12348 = EDGE_LOOP('',(#12349,#12372,#12395,#12416));
#12349 = ORIENTED_EDGE('',*,*,#12350,.T.);
#12350 = EDGE_CURVE('',#12276,#12351,#12353,.T.);
#12351 = VERTEX_POINT('',#12352);
#12352 = CARTESIAN_POINT('',(3.5,-2.125,0.33));
#12353 = SURFACE_CURVE('',#12354,(#12358,#12365),.PCURVE_S1.);
#12354 = LINE('',#12355,#12356);
#12355 = CARTESIAN_POINT('',(3.5,-1.925,0.18));
#12356 = VECTOR('',#12357,1.);
#12357 = DIRECTION('',(1.373900992974E-16,-0.8,0.6));
#12358 = PCURVE('',#12314,#12359);
#12359 = DEFINITIONAL_REPRESENTATION('',(#12360),#12364);
#12360 = LINE('',#12361,#12362);
#12361 = CARTESIAN_POINT('',(1.08246744901E-17,0.2));
#12362 = VECTOR('',#12363,1.);
#12363 = DIRECTION('',(1.,0.));
#12364 = ( GEOMETRIC_REPRESENTATION_CONTEXT(2) 
PARAMETRIC_REPRESENTATION_CONTEXT() REPRESENTATION_CONTEXT('2D SPACE',''
  ) );
#12365 = PCURVE('',#9221,#12366);
#12366 = DEFINITIONAL_REPRESENTATION('',(#12367),#12371);
#12367 = LINE('',#12368,#12369);
#12368 = CARTESIAN_POINT('',(-1.494863,-0.661614));
#12369 = VECTOR('',#12370,1.);
#12370 = DIRECTION('',(-0.8,0.6));
#12371 = ( GEOMETRIC_REPRESENTATION_CONTEXT(2) 
PARAMETRIC_REPRESENTATION_CONTEXT() REPRESENTATION_CONTEXT('2D SPACE',''
  ) );
#12372 = ORIENTED_EDGE('',*,*,#12373,.T.);
#12373 = EDGE_CURVE('',#12351,#12374,#12376,.T.);
#12374 = VERTEX_POINT('',#12375);
#12375 = CARTESIAN_POINT('',(3.1025,-2.125,0.33));
#12376 = SURFACE_CURVE('',#12377,(#12381,#12388),.PCURVE_S1.);
#12377 = LINE('',#12378,#12379);
#12378 = CARTESIAN_POINT('',(4.,-2.125,0.33));
#12379 = VECTOR('',#12380,1.);
#12380 = DIRECTION('',(-1.,5.243344273594E-32,2.289834988289E-16));
#12381 = PCURVE('',#12314,#12382);
#12382 = DEFINITIONAL_REPRESENTATION('',(#12383),#12387);
#12383 = LINE('',#12384,#12385);
#12384 = CARTESIAN_POINT('',(0.25,0.7));
#12385 = VECTOR('',#12386,1.);
#12386 = DIRECTION('',(3.451266460342E-31,-1.));
#12387 = ( GEOMETRIC_REPRESENTATION_CONTEXT(2) 
PARAMETRIC_REPRESENTATION_CONTEXT() REPRESENTATION_CONTEXT('2D SPACE',''
  ) );
#12388 = PCURVE('',#9193,#12389);
#12389 = DEFINITIONAL_REPRESENTATION('',(#12390),#12394);
#12390 = LINE('',#12391,#12392);
#12391 = CARTESIAN_POINT('',(1.602884491803E-16,0.7));
#12392 = VECTOR('',#12393,1.);
#12393 = DIRECTION('',(0.,-1.));
#12394 = ( GEOMETRIC_REPRESENTATION_CONTEXT(2) 
PARAMETRIC_REPRESENTATION_CONTEXT() REPRESENTATION_CONTEXT('2D SPACE',''
  ) );
#12395 = ORIENTED_EDGE('',*,*,#12396,.F.);
#12396 = EDGE_CURVE('',#12299,#12374,#12397,.T.);
#12397 = SURFACE_CURVE('',#12398,(#12402,#12409),.PCURVE_S1.);
#12398 = LINE('',#12399,#12400);
#12399 = CARTESIAN_POINT('',(3.1025,-0.430137,-0.94114725));
#12400 = VECTOR('',#12401,1.);
#12401 = DIRECTION('',(1.373900992974E-16,-0.8,0.6));
#12402 = PCURVE('',#12314,#12403);
#12403 = DEFINITIONAL_REPRESENTATION('',(#12404),#12408);
#12404 = LINE('',#12405,#12406);
#12405 = CARTESIAN_POINT('',(-1.86857875,-0.1975));
#12406 = VECTOR('',#12407,1.);
#12407 = DIRECTION('',(1.,0.));
#12408 = ( GEOMETRIC_REPRESENTATION_CONTEXT(2) 
PARAMETRIC_REPRESENTATION_CONTEXT() REPRESENTATION_CONTEXT('2D SPACE',''
  ) );
#12409 = PCURVE('',#9165,#12410);
#12410 = DEFINITIONAL_REPRESENTATION('',(#12411),#12415);
#12411 = LINE('',#12412,#12413);
#12412 = CARTESIAN_POINT('',(0.619926769579,-1.343994585292));
#12413 = VECTOR('',#12414,1.);
#12414 = DIRECTION('',(-0.8,0.6));
#12415 = ( GEOMETRIC_REPRESENTATION_CONTEXT(2) 
PARAMETRIC_REPRESENTATION_CONTEXT() REPRESENTATION_CONTEXT('2D SPACE',''
  ) );
#12416 = ORIENTED_EDGE('',*,*,#12298,.F.);
#12417 = ADVANCED_FACE('',(#12418),#12010,.T.);
#12418 = FACE_BOUND('',#12419,.T.);
#12419 = EDGE_LOOP('',(#12420,#12441,#12442,#12443));
#12420 = ORIENTED_EDGE('',*,*,#12421,.F.);
#12421 = EDGE_CURVE('',#11995,#12299,#12422,.T.);
#12422 = SURFACE_CURVE('',#12423,(#12427,#12434),.PCURVE_S1.);
#12423 = LINE('',#12424,#12425);
#12424 = CARTESIAN_POINT('',(3.1025,-0.430137,0.18));
#12425 = VECTOR('',#12426,1.);
#12426 = DIRECTION('',(2.804146475864E-32,1.,-1.065228634467E-16));
#12427 = PCURVE('',#12010,#12428);
#12428 = DEFINITIONAL_REPRESENTATION('',(#12429),#12433);
#12429 = LINE('',#12430,#12431);
#12430 = CARTESIAN_POINT('',(-0.15,2.594863));
#12431 = VECTOR('',#12432,1.);
#12432 = DIRECTION('',(-9.031806508344E-47,1.));
#12433 = ( GEOMETRIC_REPRESENTATION_CONTEXT(2) 
PARAMETRIC_REPRESENTATION_CONTEXT() REPRESENTATION_CONTEXT('2D SPACE',''
  ) );
#12434 = PCURVE('',#9165,#12435);
#12435 = DEFINITIONAL_REPRESENTATION('',(#12436),#12440);
#12436 = LINE('',#12437,#12438);
#12437 = CARTESIAN_POINT('',(0.619926769579,-0.222847335292));
#12438 = VECTOR('',#12439,1.);
#12439 = DIRECTION('',(1.,0.));
#12440 = ( GEOMETRIC_REPRESENTATION_CONTEXT(2) 
PARAMETRIC_REPRESENTATION_CONTEXT() REPRESENTATION_CONTEXT('2D SPACE',''
  ) );
#12441 = ORIENTED_EDGE('',*,*,#11994,.F.);
#12442 = ORIENTED_EDGE('',*,*,#12099,.F.);
#12443 = ORIENTED_EDGE('',*,*,#12326,.T.);
#12444 = ADVANCED_FACE('',(#12445),#9165,.T.);
#12445 = FACE_BOUND('',#12446,.T.);
#12446 = EDGE_LOOP('',(#12447,#12468,#12469,#12470,#12471));
#12447 = ORIENTED_EDGE('',*,*,#12448,.F.);
#12448 = EDGE_CURVE('',#9150,#12374,#12449,.T.);
#12449 = SURFACE_CURVE('',#12450,(#12454,#12461),.PCURVE_S1.);
#12450 = LINE('',#12451,#12452);
#12451 = CARTESIAN_POINT('',(3.1025,-2.125,0.841614));
#12452 = VECTOR('',#12453,1.);
#12453 = DIRECTION('',(-2.289834988289E-16,-1.065228634467E-16,-1.));
#12454 = PCURVE('',#9165,#12455);
#12455 = DEFINITIONAL_REPRESENTATION('',(#12456),#12460);
#12456 = LINE('',#12457,#12458);
#12457 = CARTESIAN_POINT('',(-1.074936230421,0.438766664708));
#12458 = VECTOR('',#12459,1.);
#12459 = DIRECTION('',(0.,-1.));
#12460 = ( GEOMETRIC_REPRESENTATION_CONTEXT(2) 
PARAMETRIC_REPRESENTATION_CONTEXT() REPRESENTATION_CONTEXT('2D SPACE',''
  ) );
#12461 = PCURVE('',#9193,#12462);
#12462 = DEFINITIONAL_REPRESENTATION('',(#12463),#12467);
#12463 = LINE('',#12464,#12465);
#12464 = CARTESIAN_POINT('',(0.511614,-0.1975));
#12465 = VECTOR('',#12466,1.);
#12466 = DIRECTION('',(-1.,0.));
#12467 = ( GEOMETRIC_REPRESENTATION_CONTEXT(2) 
PARAMETRIC_REPRESENTATION_CONTEXT() REPRESENTATION_CONTEXT('2D SPACE',''
  ) );
#12468 = ORIENTED_EDGE('',*,*,#9149,.F.);
#12469 = ORIENTED_EDGE('',*,*,#12022,.F.);
#12470 = ORIENTED_EDGE('',*,*,#12421,.T.);
#12471 = ORIENTED_EDGE('',*,*,#12396,.T.);
#12472 = ADVANCED_FACE('',(#12473,#12587),#9193,.F.);
#12473 = FACE_BOUND('',#12474,.T.);
#12474 = EDGE_LOOP('',(#12475,#12505,#12533,#12561));
#12475 = ORIENTED_EDGE('',*,*,#12476,.F.);
#12476 = EDGE_CURVE('',#12477,#12479,#12481,.T.);
#12477 = VERTEX_POINT('',#12478);
#12478 = CARTESIAN_POINT('',(3.265,-2.125,0.82));
#12479 = VERTEX_POINT('',#12480);
#12480 = CARTESIAN_POINT('',(3.115,-2.125,0.82));
#12481 = SURFACE_CURVE('',#12482,(#12486,#12493),.PCURVE_S1.);
#12482 = LINE('',#12483,#12484);
#12483 = CARTESIAN_POINT('',(4.,-2.125,0.82));
#12484 = VECTOR('',#12485,1.);
#12485 = DIRECTION('',(-1.,5.243344273594E-32,2.289834988289E-16));
#12486 = PCURVE('',#9193,#12487);
#12487 = DEFINITIONAL_REPRESENTATION('',(#12488),#12492);
#12488 = LINE('',#12489,#12490);
#12489 = CARTESIAN_POINT('',(0.49,0.7));
#12490 = VECTOR('',#12491,1.);
#12491 = DIRECTION('',(0.,-1.));
#12492 = ( GEOMETRIC_REPRESENTATION_CONTEXT(2) 
PARAMETRIC_REPRESENTATION_CONTEXT() REPRESENTATION_CONTEXT('2D SPACE',''
  ) );
#12493 = PCURVE('',#12494,#12499);
#12494 = PLANE('',#12495);
#12495 = AXIS2_PLACEMENT_3D('',#12496,#12497,#12498);
#12496 = CARTESIAN_POINT('',(3.265,-0.325,0.82));
#12497 = DIRECTION('',(2.289834988289E-16,2.289834988289E-16,1.));
#12498 = DIRECTION('',(0.,-1.,2.289834988289E-16));
#12499 = DEFINITIONAL_REPRESENTATION('',(#12500),#12504);
#12500 = LINE('',#12501,#12502);
#12501 = CARTESIAN_POINT('',(1.8,0.735));
#12502 = VECTOR('',#12503,1.);
#12503 = DIRECTION('',(2.080052407982E-46,-1.));
#12504 = ( GEOMETRIC_REPRESENTATION_CONTEXT(2) 
PARAMETRIC_REPRESENTATION_CONTEXT() REPRESENTATION_CONTEXT('2D SPACE',''
  ) );
#12505 = ORIENTED_EDGE('',*,*,#12506,.T.);
#12506 = EDGE_CURVE('',#12477,#12507,#12509,.T.);
#12507 = VERTEX_POINT('',#12508);
#12508 = CARTESIAN_POINT('',(3.265,-2.125,0.51));
#12509 = SURFACE_CURVE('',#12510,(#12514,#12521),.PCURVE_S1.);
#12510 = LINE('',#12511,#12512);
#12511 = CARTESIAN_POINT('',(3.265,-2.125,0.841614));
#12512 = VECTOR('',#12513,1.);
#12513 = DIRECTION('',(-2.289834988289E-16,-1.065228634467E-16,-1.));
#12514 = PCURVE('',#9193,#12515);
#12515 = DEFINITIONAL_REPRESENTATION('',(#12516),#12520);
#12516 = LINE('',#12517,#12518);
#12517 = CARTESIAN_POINT('',(0.511614,-3.5E-02));
#12518 = VECTOR('',#12519,1.);
#12519 = DIRECTION('',(-1.,0.));
#12520 = ( GEOMETRIC_REPRESENTATION_CONTEXT(2) 
PARAMETRIC_REPRESENTATION_CONTEXT() REPRESENTATION_CONTEXT('2D SPACE',''
  ) );
#12521 = PCURVE('',#12522,#12527);
#12522 = PLANE('',#12523);
#12523 = AXIS2_PLACEMENT_3D('',#12524,#12525,#12526);
#12524 = CARTESIAN_POINT('',(3.265,-2.353897383693,0.397842849918));
#12525 = DIRECTION('',(1.,-5.243344273594E-32,-2.289834988289E-16));
#12526 = DIRECTION('',(-2.080052407982E-46,1.,-2.289834988289E-16));
#12527 = DEFINITIONAL_REPRESENTATION('',(#12528),#12532);
#12528 = LINE('',#12529,#12530);
#12529 = CARTESIAN_POINT('',(0.228897383693,0.443771150082));
#12530 = VECTOR('',#12531,1.);
#12531 = DIRECTION('',(1.224606353822E-16,-1.));
#12532 = ( GEOMETRIC_REPRESENTATION_CONTEXT(2) 
PARAMETRIC_REPRESENTATION_CONTEXT() REPRESENTATION_CONTEXT('2D SPACE',''
  ) );
#12533 = ORIENTED_EDGE('',*,*,#12534,.F.);
#12534 = EDGE_CURVE('',#12535,#12507,#12537,.T.);
#12535 = VERTEX_POINT('',#12536);
#12536 = CARTESIAN_POINT('',(3.115,-2.125,0.51));
#12537 = SURFACE_CURVE('',#12538,(#12542,#12549),.PCURVE_S1.);
#12538 = LINE('',#12539,#12540);
#12539 = CARTESIAN_POINT('',(4.,-2.125,0.51));
#12540 = VECTOR('',#12541,1.);
#12541 = DIRECTION('',(1.,-5.243344273594E-32,-2.289834988289E-16));
#12542 = PCURVE('',#9193,#12543);
#12543 = DEFINITIONAL_REPRESENTATION('',(#12544),#12548);
#12544 = LINE('',#12545,#12546);
#12545 = CARTESIAN_POINT('',(0.18,0.7));
#12546 = VECTOR('',#12547,1.);
#12547 = DIRECTION('',(0.,1.));
#12548 = ( GEOMETRIC_REPRESENTATION_CONTEXT(2) 
PARAMETRIC_REPRESENTATION_CONTEXT() REPRESENTATION_CONTEXT('2D SPACE',''
  ) );
#12549 = PCURVE('',#12550,#12555);
#12550 = PLANE('',#12551);
#12551 = AXIS2_PLACEMENT_3D('',#12552,#12553,#12554);
#12552 = CARTESIAN_POINT('',(3.265,-2.225,0.51));
#12553 = DIRECTION('',(-2.289834988289E-16,-2.289834988289E-16,-1.));
#12554 = DIRECTION('',(0.,1.,-2.289834988289E-16));
#12555 = DEFINITIONAL_REPRESENTATION('',(#12556),#12560);
#12556 = LINE('',#12557,#12558);
#12557 = CARTESIAN_POINT('',(0.1,0.735));
#12558 = VECTOR('',#12559,1.);
#12559 = DIRECTION('',(2.080052407982E-46,1.));
#12560 = ( GEOMETRIC_REPRESENTATION_CONTEXT(2) 
PARAMETRIC_REPRESENTATION_CONTEXT() REPRESENTATION_CONTEXT('2D SPACE',''
  ) );
#12561 = ORIENTED_EDGE('',*,*,#12562,.F.);
#12562 = EDGE_CURVE('',#12479,#12535,#12563,.T.);
#12563 = SURFACE_CURVE('',#12564,(#12568,#12575),.PCURVE_S1.);
#12564 = LINE('',#12565,#12566);
#12565 = CARTESIAN_POINT('',(3.115,-2.125,0.841614));
#12566 = VECTOR('',#12567,1.);
#12567 = DIRECTION('',(-2.289834988289E-16,-1.065228634467E-16,-1.));
#12568 = PCURVE('',#9193,#12569);
#12569 = DEFINITIONAL_REPRESENTATION('',(#12570),#12574);
#12570 = LINE('',#12571,#12572);
#12571 = CARTESIAN_POINT('',(0.511614,-0.185));
#12572 = VECTOR('',#12573,1.);
#12573 = DIRECTION('',(-1.,0.));
#12574 = ( GEOMETRIC_REPRESENTATION_CONTEXT(2) 
PARAMETRIC_REPRESENTATION_CONTEXT() REPRESENTATION_CONTEXT('2D SPACE',''
  ) );
#12575 = PCURVE('',#12576,#12581);
#12576 = PLANE('',#12577);
#12577 = AXIS2_PLACEMENT_3D('',#12578,#12579,#12580);
#12578 = CARTESIAN_POINT('',(3.115,-2.589196,0.375201));
#12579 = DIRECTION('',(1.,-5.243344273594E-32,-2.289834988289E-16));
#12580 = DIRECTION('',(5.243344273594E-32,1.,0.));
#12581 = DEFINITIONAL_REPRESENTATION('',(#12582),#12586);
#12582 = LINE('',#12583,#12584);
#12583 = CARTESIAN_POINT('',(0.464196,0.466413));
#12584 = VECTOR('',#12585,1.);
#12585 = DIRECTION('',(-1.065228634467E-16,-1.));
#12586 = ( GEOMETRIC_REPRESENTATION_CONTEXT(2) 
PARAMETRIC_REPRESENTATION_CONTEXT() REPRESENTATION_CONTEXT('2D SPACE',''
  ) );
#12587 = FACE_BOUND('',#12588,.T.);
#12588 = EDGE_LOOP('',(#12589,#12590,#12591,#12612));
#12589 = ORIENTED_EDGE('',*,*,#12448,.T.);
#12590 = ORIENTED_EDGE('',*,*,#12373,.F.);
#12591 = ORIENTED_EDGE('',*,*,#12592,.F.);
#12592 = EDGE_CURVE('',#9178,#12351,#12593,.T.);
#12593 = SURFACE_CURVE('',#12594,(#12598,#12605),.PCURVE_S1.);
#12594 = LINE('',#12595,#12596);
#12595 = CARTESIAN_POINT('',(3.5,-2.125,0.841614));
#12596 = VECTOR('',#12597,1.);
#12597 = DIRECTION('',(-2.289834988289E-16,-1.065228634467E-16,-1.));
#12598 = PCURVE('',#9193,#12599);
#12599 = DEFINITIONAL_REPRESENTATION('',(#12600),#12604);
#12600 = LINE('',#12601,#12602);
#12601 = CARTESIAN_POINT('',(0.511614,0.2));
#12602 = VECTOR('',#12603,1.);
#12603 = DIRECTION('',(-1.,0.));
#12604 = ( GEOMETRIC_REPRESENTATION_CONTEXT(2) 
PARAMETRIC_REPRESENTATION_CONTEXT() REPRESENTATION_CONTEXT('2D SPACE',''
  ) );
#12605 = PCURVE('',#9221,#12606);
#12606 = DEFINITIONAL_REPRESENTATION('',(#12607),#12611);
#12607 = LINE('',#12608,#12609);
#12608 = CARTESIAN_POINT('',(-1.694863,-1.805416599099E-16));
#12609 = VECTOR('',#12610,1.);
#12610 = DIRECTION('',(0.,-1.));
#12611 = ( GEOMETRIC_REPRESENTATION_CONTEXT(2) 
PARAMETRIC_REPRESENTATION_CONTEXT() REPRESENTATION_CONTEXT('2D SPACE',''
  ) );
#12612 = ORIENTED_EDGE('',*,*,#9177,.T.);
#12613 = ADVANCED_FACE('',(#12614),#12628,.T.);
#12614 = FACE_BOUND('',#12615,.T.);
#12615 = EDGE_LOOP('',(#12616,#12651,#12679,#12707));
#12616 = ORIENTED_EDGE('',*,*,#12617,.T.);
#12617 = EDGE_CURVE('',#12618,#12620,#12622,.T.);
#12618 = VERTEX_POINT('',#12619);
#12619 = CARTESIAN_POINT('',(3.265,-2.272779969319,1.787644580805E-02));
#12620 = VERTEX_POINT('',#12621);
#12621 = CARTESIAN_POINT('',(3.115,-2.272779969319,1.787644580805E-02));
#12622 = SURFACE_CURVE('',#12623,(#12627,#12639),.PCURVE_S1.);
#12623 = LINE('',#12624,#12625);
#12624 = CARTESIAN_POINT('',(3.265,-2.272779969319,1.787644580805E-02));
#12625 = VECTOR('',#12626,1.);
#12626 = DIRECTION('',(-1.,5.243344273594E-32,2.289834988289E-16));
#12627 = PCURVE('',#12628,#12633);
#12628 = CYLINDRICAL_SURFACE('',#12629,5.E-02);
#12629 = AXIS2_PLACEMENT_3D('',#12630,#12631,#12632);
#12630 = CARTESIAN_POINT('',(3.265,-2.275,6.782713613136E-02));
#12631 = DIRECTION('',(-1.,5.243344273594E-32,2.289834988289E-16));
#12632 = DIRECTION('',(-5.243344273594E-32,-1.,0.));
#12633 = DEFINITIONAL_REPRESENTATION('',(#12634),#12638);
#12634 = LINE('',#12635,#12636);
#12635 = CARTESIAN_POINT('',(4.667973765138,0.));
#12636 = VECTOR('',#12637,1.);
#12637 = DIRECTION('',(0.,1.));
#12638 = ( GEOMETRIC_REPRESENTATION_CONTEXT(2) 
PARAMETRIC_REPRESENTATION_CONTEXT() REPRESENTATION_CONTEXT('2D SPACE',''
  ) );
#12639 = PCURVE('',#12640,#12645);
#12640 = PLANE('',#12641);
#12641 = AXIS2_PLACEMENT_3D('',#12642,#12643,#12644);
#12642 = CARTESIAN_POINT('',(3.265,-2.272779969319,1.787644580805E-02));
#12643 = DIRECTION('',(2.28757676783E-16,-4.440061362072E-02,
    0.999013806466));
#12644 = DIRECTION('',(1.016700785703E-17,0.999013806466,
    4.440061362072E-02));
#12645 = DEFINITIONAL_REPRESENTATION('',(#12646),#12650);
#12646 = LINE('',#12647,#12648);
#12647 = CARTESIAN_POINT('',(0.,0.));
#12648 = VECTOR('',#12649,1.);
#12649 = DIRECTION('',(4.160008679876E-32,1.));
#12650 = ( GEOMETRIC_REPRESENTATION_CONTEXT(2) 
PARAMETRIC_REPRESENTATION_CONTEXT() REPRESENTATION_CONTEXT('2D SPACE',''
  ) );
#12651 = ORIENTED_EDGE('',*,*,#12652,.F.);
#12652 = EDGE_CURVE('',#12653,#12620,#12655,.T.);
#12653 = VERTEX_POINT('',#12654);
#12654 = CARTESIAN_POINT('',(3.115,-2.225,6.782713613136E-02));
#12655 = SURFACE_CURVE('',#12656,(#12661,#12668),.PCURVE_S1.);
#12656 = CIRCLE('',#12657,5.E-02);
#12657 = AXIS2_PLACEMENT_3D('',#12658,#12659,#12660);
#12658 = CARTESIAN_POINT('',(3.115,-2.275,6.782713613136E-02));
#12659 = DIRECTION('',(-1.,5.243344273594E-32,2.289834988289E-16));
#12660 = DIRECTION('',(-5.243344273594E-32,-1.,0.));
#12661 = PCURVE('',#12628,#12662);
#12662 = DEFINITIONAL_REPRESENTATION('',(#12663),#12667);
#12663 = LINE('',#12664,#12665);
#12664 = CARTESIAN_POINT('',(-3.10862446895E-15,0.15));
#12665 = VECTOR('',#12666,1.);
#12666 = DIRECTION('',(1.,0.));
#12667 = ( GEOMETRIC_REPRESENTATION_CONTEXT(2) 
PARAMETRIC_REPRESENTATION_CONTEXT() REPRESENTATION_CONTEXT('2D SPACE',''
  ) );
#12668 = PCURVE('',#12576,#12669);
#12669 = DEFINITIONAL_REPRESENTATION('',(#12670),#12678);
#12670 = ( BOUNDED_CURVE() B_SPLINE_CURVE(2,(#12671,#12672,#12673,#12674
    ,#12675,#12676,#12677),.UNSPECIFIED.,.T.,.F.) 
B_SPLINE_CURVE_WITH_KNOTS((1,2,2,2,2,1),(-2.094395102393,0.,
    2.094395102393,4.188790204786,6.28318530718,8.377580409573),
.UNSPECIFIED.) CURVE() GEOMETRIC_REPRESENTATION_ITEM() 
RATIONAL_B_SPLINE_CURVE((1.,0.5,1.,0.5,1.,0.5,1.)) REPRESENTATION_ITEM(
  '') );
#12671 = CARTESIAN_POINT('',(0.264196,-0.307373863869));
#12672 = CARTESIAN_POINT('',(0.264196,-0.22077132349));
#12673 = CARTESIAN_POINT('',(0.339196,-0.264072593679));
#12674 = CARTESIAN_POINT('',(0.414196,-0.307373863869));
#12675 = CARTESIAN_POINT('',(0.339196,-0.350675134058));
#12676 = CARTESIAN_POINT('',(0.264196,-0.393976404247));
#12677 = CARTESIAN_POINT('',(0.264196,-0.307373863869));
#12678 = ( GEOMETRIC_REPRESENTATION_CONTEXT(2) 
PARAMETRIC_REPRESENTATION_CONTEXT() REPRESENTATION_CONTEXT('2D SPACE',''
  ) );
#12679 = ORIENTED_EDGE('',*,*,#12680,.F.);
#12680 = EDGE_CURVE('',#12681,#12653,#12683,.T.);
#12681 = VERTEX_POINT('',#12682);
#12682 = CARTESIAN_POINT('',(3.265,-2.225,6.782713613136E-02));
#12683 = SURFACE_CURVE('',#12684,(#12688,#12695),.PCURVE_S1.);
#12684 = LINE('',#12685,#12686);
#12685 = CARTESIAN_POINT('',(3.265,-2.225,6.782713613136E-02));
#12686 = VECTOR('',#12687,1.);
#12687 = DIRECTION('',(-1.,5.243344273594E-32,2.289834988289E-16));
#12688 = PCURVE('',#12628,#12689);
#12689 = DEFINITIONAL_REPRESENTATION('',(#12690),#12694);
#12690 = LINE('',#12691,#12692);
#12691 = CARTESIAN_POINT('',(3.14159265359,0.));
#12692 = VECTOR('',#12693,1.);
#12693 = DIRECTION('',(0.,1.));
#12694 = ( GEOMETRIC_REPRESENTATION_CONTEXT(2) 
PARAMETRIC_REPRESENTATION_CONTEXT() REPRESENTATION_CONTEXT('2D SPACE',''
  ) );
#12695 = PCURVE('',#12696,#12701);
#12696 = PLANE('',#12697);
#12697 = AXIS2_PLACEMENT_3D('',#12698,#12699,#12700);
#12698 = CARTESIAN_POINT('',(3.265,-2.225,0.46));
#12699 = DIRECTION('',(-5.243344273594E-32,-1.,1.200639317332E-47));
#12700 = DIRECTION('',(2.289834988289E-16,-2.917038411497E-62,1.));
#12701 = DEFINITIONAL_REPRESENTATION('',(#12702),#12706);
#12702 = LINE('',#12703,#12704);
#12703 = CARTESIAN_POINT('',(-0.392172863869,-8.980111451441E-17));
#12704 = VECTOR('',#12705,1.);
#12705 = DIRECTION('',(0.,1.));
#12706 = ( GEOMETRIC_REPRESENTATION_CONTEXT(2) 
PARAMETRIC_REPRESENTATION_CONTEXT() REPRESENTATION_CONTEXT('2D SPACE',''
  ) );
#12707 = ORIENTED_EDGE('',*,*,#12708,.T.);
#12708 = EDGE_CURVE('',#12681,#12618,#12709,.T.);
#12709 = SURFACE_CURVE('',#12710,(#12715,#12722),.PCURVE_S1.);
#12710 = CIRCLE('',#12711,5.E-02);
#12711 = AXIS2_PLACEMENT_3D('',#12712,#12713,#12714);
#12712 = CARTESIAN_POINT('',(3.265,-2.275,6.782713613136E-02));
#12713 = DIRECTION('',(-1.,5.243344273594E-32,2.289834988289E-16));
#12714 = DIRECTION('',(-5.243344273594E-32,-1.,0.));
#12715 = PCURVE('',#12628,#12716);
#12716 = DEFINITIONAL_REPRESENTATION('',(#12717),#12721);
#12717 = LINE('',#12718,#12719);
#12718 = CARTESIAN_POINT('',(0.,0.));
#12719 = VECTOR('',#12720,1.);
#12720 = DIRECTION('',(1.,0.));
#12721 = ( GEOMETRIC_REPRESENTATION_CONTEXT(2) 
PARAMETRIC_REPRESENTATION_CONTEXT() REPRESENTATION_CONTEXT('2D SPACE',''
  ) );
#12722 = PCURVE('',#12522,#12723);
#12723 = DEFINITIONAL_REPRESENTATION('',(#12724),#12732);
#12724 = ( BOUNDED_CURVE() B_SPLINE_CURVE(2,(#12725,#12726,#12727,#12728
    ,#12729,#12730,#12731),.UNSPECIFIED.,.T.,.F.) 
B_SPLINE_CURVE_WITH_KNOTS((1,2,2,2,2,1),(-2.094395102393,0.,
    2.094395102393,4.188790204786,6.28318530718,8.377580409573),
.UNSPECIFIED.) CURVE() GEOMETRIC_REPRESENTATION_ITEM() 
RATIONAL_B_SPLINE_CURVE((1.,0.5,1.,0.5,1.,0.5,1.)) REPRESENTATION_ITEM(
  '') );
#12725 = CARTESIAN_POINT('',(2.889738369333E-02,-0.330015713787));
#12726 = CARTESIAN_POINT('',(2.889738369333E-02,-0.243413173409));
#12727 = CARTESIAN_POINT('',(0.103897383693,-0.286714443598));
#12728 = CARTESIAN_POINT('',(0.178897383693,-0.330015713787));
#12729 = CARTESIAN_POINT('',(0.103897383693,-0.373316983976));
#12730 = CARTESIAN_POINT('',(2.889738369333E-02,-0.416618254165));
#12731 = CARTESIAN_POINT('',(2.889738369333E-02,-0.330015713787));
#12732 = ( GEOMETRIC_REPRESENTATION_CONTEXT(2) 
PARAMETRIC_REPRESENTATION_CONTEXT() REPRESENTATION_CONTEXT('2D SPACE',''
  ) );
#12733 = ADVANCED_FACE('',(#12734),#12640,.F.);
#12734 = FACE_BOUND('',#12735,.T.);
#12735 = EDGE_LOOP('',(#12736,#12766,#12787,#12788));
#12736 = ORIENTED_EDGE('',*,*,#12737,.T.);
#12737 = EDGE_CURVE('',#12738,#12740,#12742,.T.);
#12738 = VERTEX_POINT('',#12739);
#12739 = CARTESIAN_POINT('',(3.265,-2.675,-1.998401444325E-15));
#12740 = VERTEX_POINT('',#12741);
#12741 = CARTESIAN_POINT('',(3.115,-2.675,-1.887379141863E-15));
#12742 = SURFACE_CURVE('',#12743,(#12747,#12754),.PCURVE_S1.);
#12743 = LINE('',#12744,#12745);
#12744 = CARTESIAN_POINT('',(3.265,-2.675,-1.998401444325E-15));
#12745 = VECTOR('',#12746,1.);
#12746 = DIRECTION('',(-1.,5.243344273594E-32,2.289834988289E-16));
#12747 = PCURVE('',#12640,#12748);
#12748 = DEFINITIONAL_REPRESENTATION('',(#12749),#12753);
#12749 = LINE('',#12750,#12751);
#12750 = CARTESIAN_POINT('',(-0.402617089051,-4.093411107753E-18));
#12751 = VECTOR('',#12752,1.);
#12752 = DIRECTION('',(4.160008679876E-32,1.));
#12753 = ( GEOMETRIC_REPRESENTATION_CONTEXT(2) 
PARAMETRIC_REPRESENTATION_CONTEXT() REPRESENTATION_CONTEXT('2D SPACE',''
  ) );
#12754 = PCURVE('',#12755,#12760);
#12755 = PLANE('',#12756);
#12756 = AXIS2_PLACEMENT_3D('',#12757,#12758,#12759);
#12757 = CARTESIAN_POINT('',(3.265,-2.675,-1.998401444325E-15));
#12758 = DIRECTION('',(1.619157848018E-16,0.707106781187,0.707106781187)
  );
#12759 = DIRECTION('',(-1.619157848018E-16,0.707106781187,
    -0.707106781187));
#12760 = DEFINITIONAL_REPRESENTATION('',(#12761),#12765);
#12761 = LINE('',#12762,#12763);
#12762 = CARTESIAN_POINT('',(0.,0.));
#12763 = VECTOR('',#12764,1.);
#12764 = DIRECTION('',(-3.697785493223E-31,1.));
#12765 = ( GEOMETRIC_REPRESENTATION_CONTEXT(2) 
PARAMETRIC_REPRESENTATION_CONTEXT() REPRESENTATION_CONTEXT('2D SPACE',''
  ) );
#12766 = ORIENTED_EDGE('',*,*,#12767,.T.);
#12767 = EDGE_CURVE('',#12740,#12620,#12768,.T.);
#12768 = SURFACE_CURVE('',#12769,(#12773,#12780),.PCURVE_S1.);
#12769 = LINE('',#12770,#12771);
#12770 = CARTESIAN_POINT('',(3.115,-2.675,-1.887379141863E-15));
#12771 = VECTOR('',#12772,1.);
#12772 = DIRECTION('',(1.016700785703E-17,0.999013806466,
    4.440061362072E-02));
#12773 = PCURVE('',#12640,#12774);
#12774 = DEFINITIONAL_REPRESENTATION('',(#12775),#12779);
#12775 = LINE('',#12776,#12777);
#12776 = CARTESIAN_POINT('',(-0.402617089051,0.15));
#12777 = VECTOR('',#12778,1.);
#12778 = DIRECTION('',(1.,0.));
#12779 = ( GEOMETRIC_REPRESENTATION_CONTEXT(2) 
PARAMETRIC_REPRESENTATION_CONTEXT() REPRESENTATION_CONTEXT('2D SPACE',''
  ) );
#12780 = PCURVE('',#12576,#12781);
#12781 = DEFINITIONAL_REPRESENTATION('',(#12782),#12786);
#12782 = LINE('',#12783,#12784);
#12783 = CARTESIAN_POINT('',(-8.5804E-02,-0.375201));
#12784 = VECTOR('',#12785,1.);
#12785 = DIRECTION('',(0.999013806466,4.440061362072E-02));
#12786 = ( GEOMETRIC_REPRESENTATION_CONTEXT(2) 
PARAMETRIC_REPRESENTATION_CONTEXT() REPRESENTATION_CONTEXT('2D SPACE',''
  ) );
#12787 = ORIENTED_EDGE('',*,*,#12617,.F.);
#12788 = ORIENTED_EDGE('',*,*,#12789,.F.);
#12789 = EDGE_CURVE('',#12738,#12618,#12790,.T.);
#12790 = SURFACE_CURVE('',#12791,(#12795,#12802),.PCURVE_S1.);
#12791 = LINE('',#12792,#12793);
#12792 = CARTESIAN_POINT('',(3.265,-2.675,-1.998401444325E-15));
#12793 = VECTOR('',#12794,1.);
#12794 = DIRECTION('',(1.016700785703E-17,0.999013806466,
    4.440061362072E-02));
#12795 = PCURVE('',#12640,#12796);
#12796 = DEFINITIONAL_REPRESENTATION('',(#12797),#12801);
#12797 = LINE('',#12798,#12799);
#12798 = CARTESIAN_POINT('',(-0.402617089051,-4.093411107753E-18));
#12799 = VECTOR('',#12800,1.);
#12800 = DIRECTION('',(1.,0.));
#12801 = ( GEOMETRIC_REPRESENTATION_CONTEXT(2) 
PARAMETRIC_REPRESENTATION_CONTEXT() REPRESENTATION_CONTEXT('2D SPACE',''
  ) );
#12802 = PCURVE('',#12522,#12803);
#12803 = DEFINITIONAL_REPRESENTATION('',(#12804),#12808);
#12804 = LINE('',#12805,#12806);
#12805 = CARTESIAN_POINT('',(-0.321102616307,-0.397842849918));
#12806 = VECTOR('',#12807,1.);
#12807 = DIRECTION('',(0.999013806466,4.440061362072E-02));
#12808 = ( GEOMETRIC_REPRESENTATION_CONTEXT(2) 
PARAMETRIC_REPRESENTATION_CONTEXT() REPRESENTATION_CONTEXT('2D SPACE',''
  ) );
#12809 = ADVANCED_FACE('',(#12810),#12755,.F.);
#12810 = FACE_BOUND('',#12811,.T.);
#12811 = EDGE_LOOP('',(#12812,#12842,#12863,#12864));
#12812 = ORIENTED_EDGE('',*,*,#12813,.T.);
#12813 = EDGE_CURVE('',#12814,#12816,#12818,.T.);
#12814 = VERTEX_POINT('',#12815);
#12815 = CARTESIAN_POINT('',(3.265,-2.725,5.E-02));
#12816 = VERTEX_POINT('',#12817);
#12817 = CARTESIAN_POINT('',(3.115,-2.725,5.E-02));
#12818 = SURFACE_CURVE('',#12819,(#12823,#12830),.PCURVE_S1.);
#12819 = LINE('',#12820,#12821);
#12820 = CARTESIAN_POINT('',(3.265,-2.725,5.E-02));
#12821 = VECTOR('',#12822,1.);
#12822 = DIRECTION('',(-1.,5.243344273594E-32,2.289834988289E-16));
#12823 = PCURVE('',#12755,#12824);
#12824 = DEFINITIONAL_REPRESENTATION('',(#12825),#12829);
#12825 = LINE('',#12826,#12827);
#12826 = CARTESIAN_POINT('',(-7.071067811866E-02,1.144917494145E-17));
#12827 = VECTOR('',#12828,1.);
#12828 = DIRECTION('',(-3.697785493223E-31,1.));
#12829 = ( GEOMETRIC_REPRESENTATION_CONTEXT(2) 
PARAMETRIC_REPRESENTATION_CONTEXT() REPRESENTATION_CONTEXT('2D SPACE',''
  ) );
#12830 = PCURVE('',#12831,#12836);
#12831 = PLANE('',#12832);
#12832 = AXIS2_PLACEMENT_3D('',#12833,#12834,#12835);
#12833 = CARTESIAN_POINT('',(3.265,-2.725,5.E-02));
#12834 = DIRECTION('',(5.243344273594E-32,1.,-1.200639317332E-47));
#12835 = DIRECTION('',(-2.289834988289E-16,2.917038411497E-62,-1.));
#12836 = DEFINITIONAL_REPRESENTATION('',(#12837),#12841);
#12837 = LINE('',#12838,#12839);
#12838 = CARTESIAN_POINT('',(0.,0.));
#12839 = VECTOR('',#12840,1.);
#12840 = DIRECTION('',(0.,1.));
#12841 = ( GEOMETRIC_REPRESENTATION_CONTEXT(2) 
PARAMETRIC_REPRESENTATION_CONTEXT() REPRESENTATION_CONTEXT('2D SPACE',''
  ) );
#12842 = ORIENTED_EDGE('',*,*,#12843,.T.);
#12843 = EDGE_CURVE('',#12816,#12740,#12844,.T.);
#12844 = SURFACE_CURVE('',#12845,(#12849,#12856),.PCURVE_S1.);
#12845 = LINE('',#12846,#12847);
#12846 = CARTESIAN_POINT('',(3.115,-2.725,5.E-02));
#12847 = VECTOR('',#12848,1.);
#12848 = DIRECTION('',(-1.619157848018E-16,0.707106781187,
    -0.707106781187));
#12849 = PCURVE('',#12755,#12850);
#12850 = DEFINITIONAL_REPRESENTATION('',(#12851),#12855);
#12851 = LINE('',#12852,#12853);
#12852 = CARTESIAN_POINT('',(-7.071067811866E-02,0.15));
#12853 = VECTOR('',#12854,1.);
#12854 = DIRECTION('',(1.,-2.465190328816E-32));
#12855 = ( GEOMETRIC_REPRESENTATION_CONTEXT(2) 
PARAMETRIC_REPRESENTATION_CONTEXT() REPRESENTATION_CONTEXT('2D SPACE',''
  ) );
#12856 = PCURVE('',#12576,#12857);
#12857 = DEFINITIONAL_REPRESENTATION('',(#12858),#12862);
#12858 = LINE('',#12859,#12860);
#12859 = CARTESIAN_POINT('',(-0.135804,-0.325201));
#12860 = VECTOR('',#12861,1.);
#12861 = DIRECTION('',(0.707106781187,-0.707106781187));
#12862 = ( GEOMETRIC_REPRESENTATION_CONTEXT(2) 
PARAMETRIC_REPRESENTATION_CONTEXT() REPRESENTATION_CONTEXT('2D SPACE',''
  ) );
#12863 = ORIENTED_EDGE('',*,*,#12737,.F.);
#12864 = ORIENTED_EDGE('',*,*,#12865,.F.);
#12865 = EDGE_CURVE('',#12814,#12738,#12866,.T.);
#12866 = SURFACE_CURVE('',#12867,(#12871,#12878),.PCURVE_S1.);
#12867 = LINE('',#12868,#12869);
#12868 = CARTESIAN_POINT('',(3.265,-2.725,5.E-02));
#12869 = VECTOR('',#12870,1.);
#12870 = DIRECTION('',(-1.619157848018E-16,0.707106781187,
    -0.707106781187));
#12871 = PCURVE('',#12755,#12872);
#12872 = DEFINITIONAL_REPRESENTATION('',(#12873),#12877);
#12873 = LINE('',#12874,#12875);
#12874 = CARTESIAN_POINT('',(-7.071067811866E-02,1.144917494145E-17));
#12875 = VECTOR('',#12876,1.);
#12876 = DIRECTION('',(1.,-2.465190328816E-32));
#12877 = ( GEOMETRIC_REPRESENTATION_CONTEXT(2) 
PARAMETRIC_REPRESENTATION_CONTEXT() REPRESENTATION_CONTEXT('2D SPACE',''
  ) );
#12878 = PCURVE('',#12522,#12879);
#12879 = DEFINITIONAL_REPRESENTATION('',(#12880),#12884);
#12880 = LINE('',#12881,#12882);
#12881 = CARTESIAN_POINT('',(-0.371102616307,-0.347842849918));
#12882 = VECTOR('',#12883,1.);
#12883 = DIRECTION('',(0.707106781187,-0.707106781187));
#12884 = ( GEOMETRIC_REPRESENTATION_CONTEXT(2) 
PARAMETRIC_REPRESENTATION_CONTEXT() REPRESENTATION_CONTEXT('2D SPACE',''
  ) );
#12885 = ADVANCED_FACE('',(#12886),#12831,.F.);
#12886 = FACE_BOUND('',#12887,.T.);
#12887 = EDGE_LOOP('',(#12888,#12918,#12939,#12940));
#12888 = ORIENTED_EDGE('',*,*,#12889,.T.);
#12889 = EDGE_CURVE('',#12890,#12892,#12894,.T.);
#12890 = VERTEX_POINT('',#12891);
#12891 = CARTESIAN_POINT('',(3.265,-2.725,0.12));
#12892 = VERTEX_POINT('',#12893);
#12893 = CARTESIAN_POINT('',(3.115,-2.725,0.12));
#12894 = SURFACE_CURVE('',#12895,(#12899,#12906),.PCURVE_S1.);
#12895 = LINE('',#12896,#12897);
#12896 = CARTESIAN_POINT('',(3.265,-2.725,0.12));
#12897 = VECTOR('',#12898,1.);
#12898 = DIRECTION('',(-1.,5.243344273594E-32,2.289834988289E-16));
#12899 = PCURVE('',#12831,#12900);
#12900 = DEFINITIONAL_REPRESENTATION('',(#12901),#12905);
#12901 = LINE('',#12902,#12903);
#12902 = CARTESIAN_POINT('',(-7.E-02,1.602884491803E-17));
#12903 = VECTOR('',#12904,1.);
#12904 = DIRECTION('',(0.,1.));
#12905 = ( GEOMETRIC_REPRESENTATION_CONTEXT(2) 
PARAMETRIC_REPRESENTATION_CONTEXT() REPRESENTATION_CONTEXT('2D SPACE',''
  ) );
#12906 = PCURVE('',#12907,#12912);
#12907 = CYLINDRICAL_SURFACE('',#12908,5.E-02);
#12908 = AXIS2_PLACEMENT_3D('',#12909,#12910,#12911);
#12909 = CARTESIAN_POINT('',(3.265,-2.775,0.12));
#12910 = DIRECTION('',(-1.,5.243344273594E-32,2.289834988289E-16));
#12911 = DIRECTION('',(-5.243344273594E-32,-1.,0.));
#12912 = DEFINITIONAL_REPRESENTATION('',(#12913),#12917);
#12913 = LINE('',#12914,#12915);
#12914 = CARTESIAN_POINT('',(3.14159265359,0.));
#12915 = VECTOR('',#12916,1.);
#12916 = DIRECTION('',(0.,1.));
#12917 = ( GEOMETRIC_REPRESENTATION_CONTEXT(2) 
PARAMETRIC_REPRESENTATION_CONTEXT() REPRESENTATION_CONTEXT('2D SPACE',''
  ) );
#12918 = ORIENTED_EDGE('',*,*,#12919,.F.);
#12919 = EDGE_CURVE('',#12816,#12892,#12920,.T.);
#12920 = SURFACE_CURVE('',#12921,(#12925,#12932),.PCURVE_S1.);
#12921 = LINE('',#12922,#12923);
#12922 = CARTESIAN_POINT('',(3.115,-2.725,5.E-02));
#12923 = VECTOR('',#12924,1.);
#12924 = DIRECTION('',(2.289834988289E-16,0.,1.));
#12925 = PCURVE('',#12831,#12926);
#12926 = DEFINITIONAL_REPRESENTATION('',(#12927),#12931);
#12927 = LINE('',#12928,#12929);
#12928 = CARTESIAN_POINT('',(-6.973588373427E-17,0.15));
#12929 = VECTOR('',#12930,1.);
#12930 = DIRECTION('',(-1.,0.));
#12931 = ( GEOMETRIC_REPRESENTATION_CONTEXT(2) 
PARAMETRIC_REPRESENTATION_CONTEXT() REPRESENTATION_CONTEXT('2D SPACE',''
  ) );
#12932 = PCURVE('',#12576,#12933);
#12933 = DEFINITIONAL_REPRESENTATION('',(#12934),#12938);
#12934 = LINE('',#12935,#12936);
#12935 = CARTESIAN_POINT('',(-0.135804,-0.325201));
#12936 = VECTOR('',#12937,1.);
#12937 = DIRECTION('',(1.200639317332E-47,1.));
#12938 = ( GEOMETRIC_REPRESENTATION_CONTEXT(2) 
PARAMETRIC_REPRESENTATION_CONTEXT() REPRESENTATION_CONTEXT('2D SPACE',''
  ) );
#12939 = ORIENTED_EDGE('',*,*,#12813,.F.);
#12940 = ORIENTED_EDGE('',*,*,#12941,.T.);
#12941 = EDGE_CURVE('',#12814,#12890,#12942,.T.);
#12942 = SURFACE_CURVE('',#12943,(#12947,#12954),.PCURVE_S1.);
#12943 = LINE('',#12944,#12945);
#12944 = CARTESIAN_POINT('',(3.265,-2.725,5.E-02));
#12945 = VECTOR('',#12946,1.);
#12946 = DIRECTION('',(2.289834988289E-16,0.,1.));
#12947 = PCURVE('',#12831,#12948);
#12948 = DEFINITIONAL_REPRESENTATION('',(#12949),#12953);
#12949 = LINE('',#12950,#12951);
#12950 = CARTESIAN_POINT('',(0.,0.));
#12951 = VECTOR('',#12952,1.);
#12952 = DIRECTION('',(-1.,0.));
#12953 = ( GEOMETRIC_REPRESENTATION_CONTEXT(2) 
PARAMETRIC_REPRESENTATION_CONTEXT() REPRESENTATION_CONTEXT('2D SPACE',''
  ) );
#12954 = PCURVE('',#12522,#12955);
#12955 = DEFINITIONAL_REPRESENTATION('',(#12956),#12960);
#12956 = LINE('',#12957,#12958);
#12957 = CARTESIAN_POINT('',(-0.371102616307,-0.347842849918));
#12958 = VECTOR('',#12959,1.);
#12959 = DIRECTION('',(-2.289834988289E-16,1.));
#12960 = ( GEOMETRIC_REPRESENTATION_CONTEXT(2) 
PARAMETRIC_REPRESENTATION_CONTEXT() REPRESENTATION_CONTEXT('2D SPACE',''
  ) );
#12961 = ADVANCED_FACE('',(#12962),#12907,.F.);
#12962 = FACE_BOUND('',#12963,.F.);
#12963 = EDGE_LOOP('',(#12964,#12992,#12993,#13021));
#12964 = ORIENTED_EDGE('',*,*,#12965,.T.);
#12965 = EDGE_CURVE('',#12966,#12890,#12968,.T.);
#12966 = VERTEX_POINT('',#12967);
#12967 = CARTESIAN_POINT('',(3.265,-2.775,0.17));
#12968 = SURFACE_CURVE('',#12969,(#12974,#12981),.PCURVE_S1.);
#12969 = CIRCLE('',#12970,5.E-02);
#12970 = AXIS2_PLACEMENT_3D('',#12971,#12972,#12973);
#12971 = CARTESIAN_POINT('',(3.265,-2.775,0.12));
#12972 = DIRECTION('',(-1.,5.243344273594E-32,2.289834988289E-16));
#12973 = DIRECTION('',(-5.243344273594E-32,-1.,0.));
#12974 = PCURVE('',#12907,#12975);
#12975 = DEFINITIONAL_REPRESENTATION('',(#12976),#12980);
#12976 = LINE('',#12977,#12978);
#12977 = CARTESIAN_POINT('',(0.,0.));
#12978 = VECTOR('',#12979,1.);
#12979 = DIRECTION('',(1.,0.));
#12980 = ( GEOMETRIC_REPRESENTATION_CONTEXT(2) 
PARAMETRIC_REPRESENTATION_CONTEXT() REPRESENTATION_CONTEXT('2D SPACE',''
  ) );
#12981 = PCURVE('',#12522,#12982);
#12982 = DEFINITIONAL_REPRESENTATION('',(#12983),#12991);
#12983 = ( BOUNDED_CURVE() B_SPLINE_CURVE(2,(#12984,#12985,#12986,#12987
    ,#12988,#12989,#12990),.UNSPECIFIED.,.T.,.F.) 
B_SPLINE_CURVE_WITH_KNOTS((1,2,2,2,2,1),(-2.094395102393,0.,
    2.094395102393,4.188790204786,6.28318530718,8.377580409573),
.UNSPECIFIED.) CURVE() GEOMETRIC_REPRESENTATION_ITEM() 
RATIONAL_B_SPLINE_CURVE((1.,0.5,1.,0.5,1.,0.5,1.)) REPRESENTATION_ITEM(
  '') );
#12984 = CARTESIAN_POINT('',(-0.471102616307,-0.277842849918));
#12985 = CARTESIAN_POINT('',(-0.471102616307,-0.19124030954));
#12986 = CARTESIAN_POINT('',(-0.396102616307,-0.234541579729));
#12987 = CARTESIAN_POINT('',(-0.321102616307,-0.277842849918));
#12988 = CARTESIAN_POINT('',(-0.396102616307,-0.321144120108));
#12989 = CARTESIAN_POINT('',(-0.471102616307,-0.364445390297));
#12990 = CARTESIAN_POINT('',(-0.471102616307,-0.277842849918));
#12991 = ( GEOMETRIC_REPRESENTATION_CONTEXT(2) 
PARAMETRIC_REPRESENTATION_CONTEXT() REPRESENTATION_CONTEXT('2D SPACE',''
  ) );
#12992 = ORIENTED_EDGE('',*,*,#12889,.T.);
#12993 = ORIENTED_EDGE('',*,*,#12994,.F.);
#12994 = EDGE_CURVE('',#12995,#12892,#12997,.T.);
#12995 = VERTEX_POINT('',#12996);
#12996 = CARTESIAN_POINT('',(3.115,-2.775,0.17));
#12997 = SURFACE_CURVE('',#12998,(#13003,#13010),.PCURVE_S1.);
#12998 = CIRCLE('',#12999,5.E-02);
#12999 = AXIS2_PLACEMENT_3D('',#13000,#13001,#13002);
#13000 = CARTESIAN_POINT('',(3.115,-2.775,0.12));
#13001 = DIRECTION('',(-1.,5.243344273594E-32,2.289834988289E-16));
#13002 = DIRECTION('',(-5.243344273594E-32,-1.,0.));
#13003 = PCURVE('',#12907,#13004);
#13004 = DEFINITIONAL_REPRESENTATION('',(#13005),#13009);
#13005 = LINE('',#13006,#13007);
#13006 = CARTESIAN_POINT('',(0.,0.15));
#13007 = VECTOR('',#13008,1.);
#13008 = DIRECTION('',(1.,0.));
#13009 = ( GEOMETRIC_REPRESENTATION_CONTEXT(2) 
PARAMETRIC_REPRESENTATION_CONTEXT() REPRESENTATION_CONTEXT('2D SPACE',''
  ) );
#13010 = PCURVE('',#12576,#13011);
#13011 = DEFINITIONAL_REPRESENTATION('',(#13012),#13020);
#13012 = ( BOUNDED_CURVE() B_SPLINE_CURVE(2,(#13013,#13014,#13015,#13016
    ,#13017,#13018,#13019),.UNSPECIFIED.,.T.,.F.) 
B_SPLINE_CURVE_WITH_KNOTS((1,2,2,2,2,1),(-2.094395102393,0.,
    2.094395102393,4.188790204786,6.28318530718,8.377580409573),
.UNSPECIFIED.) CURVE() GEOMETRIC_REPRESENTATION_ITEM() 
RATIONAL_B_SPLINE_CURVE((1.,0.5,1.,0.5,1.,0.5,1.)) REPRESENTATION_ITEM(
  '') );
#13013 = CARTESIAN_POINT('',(-0.235804,-0.255201));
#13014 = CARTESIAN_POINT('',(-0.235804,-0.168598459622));
#13015 = CARTESIAN_POINT('',(-0.160804,-0.211899729811));
#13016 = CARTESIAN_POINT('',(-8.5804E-02,-0.255201));
#13017 = CARTESIAN_POINT('',(-0.160804,-0.298502270189));
#13018 = CARTESIAN_POINT('',(-0.235804,-0.341803540378));
#13019 = CARTESIAN_POINT('',(-0.235804,-0.255201));
#13020 = ( GEOMETRIC_REPRESENTATION_CONTEXT(2) 
PARAMETRIC_REPRESENTATION_CONTEXT() REPRESENTATION_CONTEXT('2D SPACE',''
  ) );
#13021 = ORIENTED_EDGE('',*,*,#13022,.F.);
#13022 = EDGE_CURVE('',#12966,#12995,#13023,.T.);
#13023 = SURFACE_CURVE('',#13024,(#13028,#13035),.PCURVE_S1.);
#13024 = LINE('',#13025,#13026);
#13025 = CARTESIAN_POINT('',(3.265,-2.775,0.17));
#13026 = VECTOR('',#13027,1.);
#13027 = DIRECTION('',(-1.,5.243344273594E-32,2.289834988289E-16));
#13028 = PCURVE('',#12907,#13029);
#13029 = DEFINITIONAL_REPRESENTATION('',(#13030),#13034);
#13030 = LINE('',#13031,#13032);
#13031 = CARTESIAN_POINT('',(1.570796326795,0.));
#13032 = VECTOR('',#13033,1.);
#13033 = DIRECTION('',(0.,1.));
#13034 = ( GEOMETRIC_REPRESENTATION_CONTEXT(2) 
PARAMETRIC_REPRESENTATION_CONTEXT() REPRESENTATION_CONTEXT('2D SPACE',''
  ) );
#13035 = PCURVE('',#13036,#13041);
#13036 = PLANE('',#13037);
#13037 = AXIS2_PLACEMENT_3D('',#13038,#13039,#13040);
#13038 = CARTESIAN_POINT('',(3.265,-2.775,0.17));
#13039 = DIRECTION('',(2.289834988289E-16,-1.200639317332E-47,1.));
#13040 = DIRECTION('',(5.243344273594E-32,1.,-2.917038411497E-62));
#13041 = DEFINITIONAL_REPRESENTATION('',(#13042),#13046);
#13042 = LINE('',#13043,#13044);
#13043 = CARTESIAN_POINT('',(0.,0.));
#13044 = VECTOR('',#13045,1.);
#13045 = DIRECTION('',(-6.679536616831E-78,1.));
#13046 = ( GEOMETRIC_REPRESENTATION_CONTEXT(2) 
PARAMETRIC_REPRESENTATION_CONTEXT() REPRESENTATION_CONTEXT('2D SPACE',''
  ) );
#13047 = ADVANCED_FACE('',(#13048),#13036,.F.);
#13048 = FACE_BOUND('',#13049,.T.);
#13049 = EDGE_LOOP('',(#13050,#13080,#13101,#13102));
#13050 = ORIENTED_EDGE('',*,*,#13051,.T.);
#13051 = EDGE_CURVE('',#13052,#13054,#13056,.T.);
#13052 = VERTEX_POINT('',#13053);
#13053 = CARTESIAN_POINT('',(3.265,-2.95,0.17));
#13054 = VERTEX_POINT('',#13055);
#13055 = CARTESIAN_POINT('',(3.115,-2.95,0.17));
#13056 = SURFACE_CURVE('',#13057,(#13061,#13068),.PCURVE_S1.);
#13057 = LINE('',#13058,#13059);
#13058 = CARTESIAN_POINT('',(3.265,-2.95,0.17));
#13059 = VECTOR('',#13060,1.);
#13060 = DIRECTION('',(-1.,5.243344273594E-32,2.289834988289E-16));
#13061 = PCURVE('',#13036,#13062);
#13062 = DEFINITIONAL_REPRESENTATION('',(#13063),#13067);
#13063 = LINE('',#13064,#13065);
#13064 = CARTESIAN_POINT('',(-0.175,-9.175852478789E-33));
#13065 = VECTOR('',#13066,1.);
#13066 = DIRECTION('',(-6.679536616831E-78,1.));
#13067 = ( GEOMETRIC_REPRESENTATION_CONTEXT(2) 
PARAMETRIC_REPRESENTATION_CONTEXT() REPRESENTATION_CONTEXT('2D SPACE',''
  ) );
#13068 = PCURVE('',#13069,#13074);
#13069 = PLANE('',#13070);
#13070 = AXIS2_PLACEMENT_3D('',#13071,#13072,#13073);
#13071 = CARTESIAN_POINT('',(3.265,-2.95,0.17));
#13072 = DIRECTION('',(5.243344273594E-32,1.,-1.200639317332E-47));
#13073 = DIRECTION('',(-2.289834988289E-16,2.917038411497E-62,-1.));
#13074 = DEFINITIONAL_REPRESENTATION('',(#13075),#13079);
#13075 = LINE('',#13076,#13077);
#13076 = CARTESIAN_POINT('',(0.,0.));
#13077 = VECTOR('',#13078,1.);
#13078 = DIRECTION('',(0.,1.));
#13079 = ( GEOMETRIC_REPRESENTATION_CONTEXT(2) 
PARAMETRIC_REPRESENTATION_CONTEXT() REPRESENTATION_CONTEXT('2D SPACE',''
  ) );
#13080 = ORIENTED_EDGE('',*,*,#13081,.F.);
#13081 = EDGE_CURVE('',#12995,#13054,#13082,.T.);
#13082 = SURFACE_CURVE('',#13083,(#13087,#13094),.PCURVE_S1.);
#13083 = LINE('',#13084,#13085);
#13084 = CARTESIAN_POINT('',(3.115,-2.775,0.17));
#13085 = VECTOR('',#13086,1.);
#13086 = DIRECTION('',(-5.243344273594E-32,-1.,0.));
#13087 = PCURVE('',#13036,#13088);
#13088 = DEFINITIONAL_REPRESENTATION('',(#13089),#13093);
#13089 = LINE('',#13090,#13091);
#13090 = CARTESIAN_POINT('',(-7.865016410391E-33,0.15));
#13091 = VECTOR('',#13092,1.);
#13092 = DIRECTION('',(-1.,6.679536616831E-78));
#13093 = ( GEOMETRIC_REPRESENTATION_CONTEXT(2) 
PARAMETRIC_REPRESENTATION_CONTEXT() REPRESENTATION_CONTEXT('2D SPACE',''
  ) );
#13094 = PCURVE('',#12576,#13095);
#13095 = DEFINITIONAL_REPRESENTATION('',(#13096),#13100);
#13096 = LINE('',#13097,#13098);
#13097 = CARTESIAN_POINT('',(-0.185804,-0.205201));
#13098 = VECTOR('',#13099,1.);
#13099 = DIRECTION('',(-1.,0.));
#13100 = ( GEOMETRIC_REPRESENTATION_CONTEXT(2) 
PARAMETRIC_REPRESENTATION_CONTEXT() REPRESENTATION_CONTEXT('2D SPACE',''
  ) );
#13101 = ORIENTED_EDGE('',*,*,#13022,.F.);
#13102 = ORIENTED_EDGE('',*,*,#13103,.T.);
#13103 = EDGE_CURVE('',#12966,#13052,#13104,.T.);
#13104 = SURFACE_CURVE('',#13105,(#13109,#13116),.PCURVE_S1.);
#13105 = LINE('',#13106,#13107);
#13106 = CARTESIAN_POINT('',(3.265,-2.775,0.17));
#13107 = VECTOR('',#13108,1.);
#13108 = DIRECTION('',(-5.243344273594E-32,-1.,0.));
#13109 = PCURVE('',#13036,#13110);
#13110 = DEFINITIONAL_REPRESENTATION('',(#13111),#13115);
#13111 = LINE('',#13112,#13113);
#13112 = CARTESIAN_POINT('',(0.,0.));
#13113 = VECTOR('',#13114,1.);
#13114 = DIRECTION('',(-1.,6.679536616831E-78));
#13115 = ( GEOMETRIC_REPRESENTATION_CONTEXT(2) 
PARAMETRIC_REPRESENTATION_CONTEXT() REPRESENTATION_CONTEXT('2D SPACE',''
  ) );
#13116 = PCURVE('',#12522,#13117);
#13117 = DEFINITIONAL_REPRESENTATION('',(#13118),#13122);
#13118 = LINE('',#13119,#13120);
#13119 = CARTESIAN_POINT('',(-0.421102616307,-0.227842849918));
#13120 = VECTOR('',#13121,1.);
#13121 = DIRECTION('',(-1.,-2.289834988289E-16));
#13122 = ( GEOMETRIC_REPRESENTATION_CONTEXT(2) 
PARAMETRIC_REPRESENTATION_CONTEXT() REPRESENTATION_CONTEXT('2D SPACE',''
  ) );
#13123 = ADVANCED_FACE('',(#13124),#13069,.F.);
#13124 = FACE_BOUND('',#13125,.T.);
#13125 = EDGE_LOOP('',(#13126,#13156,#13177,#13178));
#13126 = ORIENTED_EDGE('',*,*,#13127,.T.);
#13127 = EDGE_CURVE('',#13128,#13130,#13132,.T.);
#13128 = VERTEX_POINT('',#13129);
#13129 = CARTESIAN_POINT('',(3.265,-2.95,0.37));
#13130 = VERTEX_POINT('',#13131);
#13131 = CARTESIAN_POINT('',(3.115,-2.95,0.37));
#13132 = SURFACE_CURVE('',#13133,(#13137,#13144),.PCURVE_S1.);
#13133 = LINE('',#13134,#13135);
#13134 = CARTESIAN_POINT('',(3.265,-2.95,0.37));
#13135 = VECTOR('',#13136,1.);
#13136 = DIRECTION('',(-1.,5.243344273594E-32,2.289834988289E-16));
#13137 = PCURVE('',#13069,#13138);
#13138 = DEFINITIONAL_REPRESENTATION('',(#13139),#13143);
#13139 = LINE('',#13140,#13141);
#13140 = CARTESIAN_POINT('',(-0.2,4.579669976579E-17));
#13141 = VECTOR('',#13142,1.);
#13142 = DIRECTION('',(0.,1.));
#13143 = ( GEOMETRIC_REPRESENTATION_CONTEXT(2) 
PARAMETRIC_REPRESENTATION_CONTEXT() REPRESENTATION_CONTEXT('2D SPACE',''
  ) );
#13144 = PCURVE('',#13145,#13150);
#13145 = PLANE('',#13146);
#13146 = AXIS2_PLACEMENT_3D('',#13147,#13148,#13149);
#13147 = CARTESIAN_POINT('',(3.265,-2.95,0.37));
#13148 = DIRECTION('',(-2.289834988289E-16,1.200639317332E-47,-1.));
#13149 = DIRECTION('',(-5.243344273594E-32,-1.,2.917038411497E-62));
#13150 = DEFINITIONAL_REPRESENTATION('',(#13151),#13155);
#13151 = LINE('',#13152,#13153);
#13152 = CARTESIAN_POINT('',(0.,0.));
#13153 = VECTOR('',#13154,1.);
#13154 = DIRECTION('',(6.679536616831E-78,1.));
#13155 = ( GEOMETRIC_REPRESENTATION_CONTEXT(2) 
PARAMETRIC_REPRESENTATION_CONTEXT() REPRESENTATION_CONTEXT('2D SPACE',''
  ) );
#13156 = ORIENTED_EDGE('',*,*,#13157,.T.);
#13157 = EDGE_CURVE('',#13130,#13054,#13158,.T.);
#13158 = SURFACE_CURVE('',#13159,(#13163,#13170),.PCURVE_S1.);
#13159 = LINE('',#13160,#13161);
#13160 = CARTESIAN_POINT('',(3.115,-2.95,0.37));
#13161 = VECTOR('',#13162,1.);
#13162 = DIRECTION('',(-2.289834988289E-16,0.,-1.));
#13163 = PCURVE('',#13069,#13164);
#13164 = DEFINITIONAL_REPRESENTATION('',(#13165),#13169);
#13165 = LINE('',#13166,#13167);
#13166 = CARTESIAN_POINT('',(-0.2,0.15));
#13167 = VECTOR('',#13168,1.);
#13168 = DIRECTION('',(1.,0.));
#13169 = ( GEOMETRIC_REPRESENTATION_CONTEXT(2) 
PARAMETRIC_REPRESENTATION_CONTEXT() REPRESENTATION_CONTEXT('2D SPACE',''
  ) );
#13170 = PCURVE('',#12576,#13171);
#13171 = DEFINITIONAL_REPRESENTATION('',(#13172),#13176);
#13172 = LINE('',#13173,#13174);
#13173 = CARTESIAN_POINT('',(-0.360804,-5.201E-03));
#13174 = VECTOR('',#13175,1.);
#13175 = DIRECTION('',(-1.200639317332E-47,-1.));
#13176 = ( GEOMETRIC_REPRESENTATION_CONTEXT(2) 
PARAMETRIC_REPRESENTATION_CONTEXT() REPRESENTATION_CONTEXT('2D SPACE',''
  ) );
#13177 = ORIENTED_EDGE('',*,*,#13051,.F.);
#13178 = ORIENTED_EDGE('',*,*,#13179,.F.);
#13179 = EDGE_CURVE('',#13128,#13052,#13180,.T.);
#13180 = SURFACE_CURVE('',#13181,(#13185,#13192),.PCURVE_S1.);
#13181 = LINE('',#13182,#13183);
#13182 = CARTESIAN_POINT('',(3.265,-2.95,0.37));
#13183 = VECTOR('',#13184,1.);
#13184 = DIRECTION('',(-2.289834988289E-16,0.,-1.));
#13185 = PCURVE('',#13069,#13186);
#13186 = DEFINITIONAL_REPRESENTATION('',(#13187),#13191);
#13187 = LINE('',#13188,#13189);
#13188 = CARTESIAN_POINT('',(-0.2,4.579669976579E-17));
#13189 = VECTOR('',#13190,1.);
#13190 = DIRECTION('',(1.,0.));
#13191 = ( GEOMETRIC_REPRESENTATION_CONTEXT(2) 
PARAMETRIC_REPRESENTATION_CONTEXT() REPRESENTATION_CONTEXT('2D SPACE',''
  ) );
#13192 = PCURVE('',#12522,#13193);
#13193 = DEFINITIONAL_REPRESENTATION('',(#13194),#13198);
#13194 = LINE('',#13195,#13196);
#13195 = CARTESIAN_POINT('',(-0.596102616307,-2.784284991834E-02));
#13196 = VECTOR('',#13197,1.);
#13197 = DIRECTION('',(2.289834988289E-16,-1.));
#13198 = ( GEOMETRIC_REPRESENTATION_CONTEXT(2) 
PARAMETRIC_REPRESENTATION_CONTEXT() REPRESENTATION_CONTEXT('2D SPACE',''
  ) );
#13199 = ADVANCED_FACE('',(#13200),#13145,.F.);
#13200 = FACE_BOUND('',#13201,.T.);
#13201 = EDGE_LOOP('',(#13202,#13232,#13253,#13254));
#13202 = ORIENTED_EDGE('',*,*,#13203,.T.);
#13203 = EDGE_CURVE('',#13204,#13206,#13208,.T.);
#13204 = VERTEX_POINT('',#13205);
#13205 = CARTESIAN_POINT('',(3.265,-2.925,0.37));
#13206 = VERTEX_POINT('',#13207);
#13207 = CARTESIAN_POINT('',(3.115,-2.925,0.37));
#13208 = SURFACE_CURVE('',#13209,(#13213,#13220),.PCURVE_S1.);
#13209 = LINE('',#13210,#13211);
#13210 = CARTESIAN_POINT('',(3.265,-2.925,0.37));
#13211 = VECTOR('',#13212,1.);
#13212 = DIRECTION('',(-1.,5.243344273594E-32,2.289834988289E-16));
#13213 = PCURVE('',#13145,#13214);
#13214 = DEFINITIONAL_REPRESENTATION('',(#13215),#13219);
#13215 = LINE('',#13216,#13217);
#13216 = CARTESIAN_POINT('',(-2.5E-02,1.310836068399E-33));
#13217 = VECTOR('',#13218,1.);
#13218 = DIRECTION('',(6.679536616831E-78,1.));
#13219 = ( GEOMETRIC_REPRESENTATION_CONTEXT(2) 
PARAMETRIC_REPRESENTATION_CONTEXT() REPRESENTATION_CONTEXT('2D SPACE',''
  ) );
#13220 = PCURVE('',#13221,#13226);
#13221 = CYLINDRICAL_SURFACE('',#13222,5.E-02);
#13222 = AXIS2_PLACEMENT_3D('',#13223,#13224,#13225);
#13223 = CARTESIAN_POINT('',(3.265,-2.925,0.42));
#13224 = DIRECTION('',(-1.,5.243344273594E-32,2.289834988289E-16));
#13225 = DIRECTION('',(-5.243344273594E-32,-1.,0.));
#13226 = DEFINITIONAL_REPRESENTATION('',(#13227),#13231);
#13227 = LINE('',#13228,#13229);
#13228 = CARTESIAN_POINT('',(4.712388980385,0.));
#13229 = VECTOR('',#13230,1.);
#13230 = DIRECTION('',(0.,1.));
#13231 = ( GEOMETRIC_REPRESENTATION_CONTEXT(2) 
PARAMETRIC_REPRESENTATION_CONTEXT() REPRESENTATION_CONTEXT('2D SPACE',''
  ) );
#13232 = ORIENTED_EDGE('',*,*,#13233,.T.);
#13233 = EDGE_CURVE('',#13206,#13130,#13234,.T.);
#13234 = SURFACE_CURVE('',#13235,(#13239,#13246),.PCURVE_S1.);
#13235 = LINE('',#13236,#13237);
#13236 = CARTESIAN_POINT('',(3.115,-2.925,0.37));
#13237 = VECTOR('',#13238,1.);
#13238 = DIRECTION('',(-5.243344273594E-32,-1.,0.));
#13239 = PCURVE('',#13145,#13240);
#13240 = DEFINITIONAL_REPRESENTATION('',(#13241),#13245);
#13241 = LINE('',#13242,#13243);
#13242 = CARTESIAN_POINT('',(-2.5E-02,0.15));
#13243 = VECTOR('',#13244,1.);
#13244 = DIRECTION('',(1.,6.679536616831E-78));
#13245 = ( GEOMETRIC_REPRESENTATION_CONTEXT(2) 
PARAMETRIC_REPRESENTATION_CONTEXT() REPRESENTATION_CONTEXT('2D SPACE',''
  ) );
#13246 = PCURVE('',#12576,#13247);
#13247 = DEFINITIONAL_REPRESENTATION('',(#13248),#13252);
#13248 = LINE('',#13249,#13250);
#13249 = CARTESIAN_POINT('',(-0.335804,-5.201E-03));
#13250 = VECTOR('',#13251,1.);
#13251 = DIRECTION('',(-1.,0.));
#13252 = ( GEOMETRIC_REPRESENTATION_CONTEXT(2) 
PARAMETRIC_REPRESENTATION_CONTEXT() REPRESENTATION_CONTEXT('2D SPACE',''
  ) );
#13253 = ORIENTED_EDGE('',*,*,#13127,.F.);
#13254 = ORIENTED_EDGE('',*,*,#13255,.F.);
#13255 = EDGE_CURVE('',#13204,#13128,#13256,.T.);
#13256 = SURFACE_CURVE('',#13257,(#13261,#13268),.PCURVE_S1.);
#13257 = LINE('',#13258,#13259);
#13258 = CARTESIAN_POINT('',(3.265,-2.925,0.37));
#13259 = VECTOR('',#13260,1.);
#13260 = DIRECTION('',(-5.243344273594E-32,-1.,0.));
#13261 = PCURVE('',#13145,#13262);
#13262 = DEFINITIONAL_REPRESENTATION('',(#13263),#13267);
#13263 = LINE('',#13264,#13265);
#13264 = CARTESIAN_POINT('',(-2.5E-02,1.310836068399E-33));
#13265 = VECTOR('',#13266,1.);
#13266 = DIRECTION('',(1.,6.679536616831E-78));
#13267 = ( GEOMETRIC_REPRESENTATION_CONTEXT(2) 
PARAMETRIC_REPRESENTATION_CONTEXT() REPRESENTATION_CONTEXT('2D SPACE',''
  ) );
#13268 = PCURVE('',#12522,#13269);
#13269 = DEFINITIONAL_REPRESENTATION('',(#13270),#13274);
#13270 = LINE('',#13271,#13272);
#13271 = CARTESIAN_POINT('',(-0.571102616307,-2.784284991834E-02));
#13272 = VECTOR('',#13273,1.);
#13273 = DIRECTION('',(-1.,-2.289834988289E-16));
#13274 = ( GEOMETRIC_REPRESENTATION_CONTEXT(2) 
PARAMETRIC_REPRESENTATION_CONTEXT() REPRESENTATION_CONTEXT('2D SPACE',''
  ) );
#13275 = ADVANCED_FACE('',(#13276),#13221,.F.);
#13276 = FACE_BOUND('',#13277,.F.);
#13277 = EDGE_LOOP('',(#13278,#13306,#13307,#13335));
#13278 = ORIENTED_EDGE('',*,*,#13279,.T.);
#13279 = EDGE_CURVE('',#13280,#13204,#13282,.T.);
#13280 = VERTEX_POINT('',#13281);
#13281 = CARTESIAN_POINT('',(3.265,-2.875,0.42));
#13282 = SURFACE_CURVE('',#13283,(#13288,#13295),.PCURVE_S1.);
#13283 = CIRCLE('',#13284,5.E-02);
#13284 = AXIS2_PLACEMENT_3D('',#13285,#13286,#13287);
#13285 = CARTESIAN_POINT('',(3.265,-2.925,0.42));
#13286 = DIRECTION('',(-1.,5.243344273594E-32,2.289834988289E-16));
#13287 = DIRECTION('',(-5.243344273594E-32,-1.,0.));
#13288 = PCURVE('',#13221,#13289);
#13289 = DEFINITIONAL_REPRESENTATION('',(#13290),#13294);
#13290 = LINE('',#13291,#13292);
#13291 = CARTESIAN_POINT('',(0.,0.));
#13292 = VECTOR('',#13293,1.);
#13293 = DIRECTION('',(1.,0.));
#13294 = ( GEOMETRIC_REPRESENTATION_CONTEXT(2) 
PARAMETRIC_REPRESENTATION_CONTEXT() REPRESENTATION_CONTEXT('2D SPACE',''
  ) );
#13295 = PCURVE('',#12522,#13296);
#13296 = DEFINITIONAL_REPRESENTATION('',(#13297),#13305);
#13297 = ( BOUNDED_CURVE() B_SPLINE_CURVE(2,(#13298,#13299,#13300,#13301
    ,#13302,#13303,#13304),.UNSPECIFIED.,.T.,.F.) 
B_SPLINE_CURVE_WITH_KNOTS((1,2,2,2,2,1),(-2.094395102393,0.,
    2.094395102393,4.188790204786,6.28318530718,8.377580409573),
.UNSPECIFIED.) CURVE() GEOMETRIC_REPRESENTATION_ITEM() 
RATIONAL_B_SPLINE_CURVE((1.,0.5,1.,0.5,1.,0.5,1.)) REPRESENTATION_ITEM(
  '') );
#13298 = CARTESIAN_POINT('',(-0.621102616307,2.215715008166E-02));
#13299 = CARTESIAN_POINT('',(-0.621102616307,0.10875969046));
#13300 = CARTESIAN_POINT('',(-0.546102616307,6.545842027088E-02));
#13301 = CARTESIAN_POINT('',(-0.471102616307,2.215715008166E-02));
#13302 = CARTESIAN_POINT('',(-0.546102616307,-2.114412010755E-02));
#13303 = CARTESIAN_POINT('',(-0.621102616307,-6.444539029677E-02));
#13304 = CARTESIAN_POINT('',(-0.621102616307,2.215715008166E-02));
#13305 = ( GEOMETRIC_REPRESENTATION_CONTEXT(2) 
PARAMETRIC_REPRESENTATION_CONTEXT() REPRESENTATION_CONTEXT('2D SPACE',''
  ) );
#13306 = ORIENTED_EDGE('',*,*,#13203,.T.);
#13307 = ORIENTED_EDGE('',*,*,#13308,.F.);
#13308 = EDGE_CURVE('',#13309,#13206,#13311,.T.);
#13309 = VERTEX_POINT('',#13310);
#13310 = CARTESIAN_POINT('',(3.115,-2.875,0.42));
#13311 = SURFACE_CURVE('',#13312,(#13317,#13324),.PCURVE_S1.);
#13312 = CIRCLE('',#13313,5.E-02);
#13313 = AXIS2_PLACEMENT_3D('',#13314,#13315,#13316);
#13314 = CARTESIAN_POINT('',(3.115,-2.925,0.42));
#13315 = DIRECTION('',(-1.,5.243344273594E-32,2.289834988289E-16));
#13316 = DIRECTION('',(-5.243344273594E-32,-1.,0.));
#13317 = PCURVE('',#13221,#13318);
#13318 = DEFINITIONAL_REPRESENTATION('',(#13319),#13323);
#13319 = LINE('',#13320,#13321);
#13320 = CARTESIAN_POINT('',(0.,0.15));
#13321 = VECTOR('',#13322,1.);
#13322 = DIRECTION('',(1.,0.));
#13323 = ( GEOMETRIC_REPRESENTATION_CONTEXT(2) 
PARAMETRIC_REPRESENTATION_CONTEXT() REPRESENTATION_CONTEXT('2D SPACE',''
  ) );
#13324 = PCURVE('',#12576,#13325);
#13325 = DEFINITIONAL_REPRESENTATION('',(#13326),#13334);
#13326 = ( BOUNDED_CURVE() B_SPLINE_CURVE(2,(#13327,#13328,#13329,#13330
    ,#13331,#13332,#13333),.UNSPECIFIED.,.T.,.F.) 
B_SPLINE_CURVE_WITH_KNOTS((1,2,2,2,2,1),(-2.094395102393,0.,
    2.094395102393,4.188790204786,6.28318530718,8.377580409573),
.UNSPECIFIED.) CURVE() GEOMETRIC_REPRESENTATION_ITEM() 
RATIONAL_B_SPLINE_CURVE((1.,0.5,1.,0.5,1.,0.5,1.)) REPRESENTATION_ITEM(
  '') );
#13327 = CARTESIAN_POINT('',(-0.385804,4.4799E-02));
#13328 = CARTESIAN_POINT('',(-0.385804,0.131401540378));
#13329 = CARTESIAN_POINT('',(-0.310804,8.810027018922E-02));
#13330 = CARTESIAN_POINT('',(-0.235804,4.4799E-02));
#13331 = CARTESIAN_POINT('',(-0.310804,1.497729810781E-03));
#13332 = CARTESIAN_POINT('',(-0.385804,-4.180354037844E-02));
#13333 = CARTESIAN_POINT('',(-0.385804,4.4799E-02));
#13334 = ( GEOMETRIC_REPRESENTATION_CONTEXT(2) 
PARAMETRIC_REPRESENTATION_CONTEXT() REPRESENTATION_CONTEXT('2D SPACE',''
  ) );
#13335 = ORIENTED_EDGE('',*,*,#13336,.F.);
#13336 = EDGE_CURVE('',#13280,#13309,#13337,.T.);
#13337 = SURFACE_CURVE('',#13338,(#13342,#13349),.PCURVE_S1.);
#13338 = LINE('',#13339,#13340);
#13339 = CARTESIAN_POINT('',(3.265,-2.875,0.42));
#13340 = VECTOR('',#13341,1.);
#13341 = DIRECTION('',(-1.,5.243344273594E-32,2.289834988289E-16));
#13342 = PCURVE('',#13221,#13343);
#13343 = DEFINITIONAL_REPRESENTATION('',(#13344),#13348);
#13344 = LINE('',#13345,#13346);
#13345 = CARTESIAN_POINT('',(3.14159265359,0.));
#13346 = VECTOR('',#13347,1.);
#13347 = DIRECTION('',(-5.921189464668E-15,1.));
#13348 = ( GEOMETRIC_REPRESENTATION_CONTEXT(2) 
PARAMETRIC_REPRESENTATION_CONTEXT() REPRESENTATION_CONTEXT('2D SPACE',''
  ) );
#13349 = PCURVE('',#13350,#13355);
#13350 = PLANE('',#13351);
#13351 = AXIS2_PLACEMENT_3D('',#13352,#13353,#13354);
#13352 = CARTESIAN_POINT('',(3.265,-2.875,0.42));
#13353 = DIRECTION('',(5.243344273594E-32,1.,-1.200639317332E-47));
#13354 = DIRECTION('',(-2.289834988289E-16,2.917038411497E-62,-1.));
#13355 = DEFINITIONAL_REPRESENTATION('',(#13356),#13360);
#13356 = LINE('',#13357,#13358);
#13357 = CARTESIAN_POINT('',(0.,0.));
#13358 = VECTOR('',#13359,1.);
#13359 = DIRECTION('',(0.,1.));
#13360 = ( GEOMETRIC_REPRESENTATION_CONTEXT(2) 
PARAMETRIC_REPRESENTATION_CONTEXT() REPRESENTATION_CONTEXT('2D SPACE',''
  ) );
#13361 = ADVANCED_FACE('',(#13362),#13350,.F.);
#13362 = FACE_BOUND('',#13363,.T.);
#13363 = EDGE_LOOP('',(#13364,#13394,#13415,#13416));
#13364 = ORIENTED_EDGE('',*,*,#13365,.T.);
#13365 = EDGE_CURVE('',#13366,#13368,#13370,.T.);
#13366 = VERTEX_POINT('',#13367);
#13367 = CARTESIAN_POINT('',(3.265,-2.875,0.47));
#13368 = VERTEX_POINT('',#13369);
#13369 = CARTESIAN_POINT('',(3.115,-2.875,0.47));
#13370 = SURFACE_CURVE('',#13371,(#13375,#13382),.PCURVE_S1.);
#13371 = LINE('',#13372,#13373);
#13372 = CARTESIAN_POINT('',(3.265,-2.875,0.47));
#13373 = VECTOR('',#13374,1.);
#13374 = DIRECTION('',(-1.,5.243344273594E-32,2.289834988289E-16));
#13375 = PCURVE('',#13350,#13376);
#13376 = DEFINITIONAL_REPRESENTATION('',(#13377),#13381);
#13377 = LINE('',#13378,#13379);
#13378 = CARTESIAN_POINT('',(-5.E-02,1.144917494145E-17));
#13379 = VECTOR('',#13380,1.);
#13380 = DIRECTION('',(0.,1.));
#13381 = ( GEOMETRIC_REPRESENTATION_CONTEXT(2) 
PARAMETRIC_REPRESENTATION_CONTEXT() REPRESENTATION_CONTEXT('2D SPACE',''
  ) );
#13382 = PCURVE('',#13383,#13388);
#13383 = CYLINDRICAL_SURFACE('',#13384,5.E-02);
#13384 = AXIS2_PLACEMENT_3D('',#13385,#13386,#13387);
#13385 = CARTESIAN_POINT('',(3.265,-2.925,0.47));
#13386 = DIRECTION('',(-1.,5.243344273594E-32,2.289834988289E-16));
#13387 = DIRECTION('',(-5.243344273594E-32,-1.,0.));
#13388 = DEFINITIONAL_REPRESENTATION('',(#13389),#13393);
#13389 = LINE('',#13390,#13391);
#13390 = CARTESIAN_POINT('',(3.14159265359,0.));
#13391 = VECTOR('',#13392,1.);
#13392 = DIRECTION('',(-5.921189464668E-15,1.));
#13393 = ( GEOMETRIC_REPRESENTATION_CONTEXT(2) 
PARAMETRIC_REPRESENTATION_CONTEXT() REPRESENTATION_CONTEXT('2D SPACE',''
  ) );
#13394 = ORIENTED_EDGE('',*,*,#13395,.F.);
#13395 = EDGE_CURVE('',#13309,#13368,#13396,.T.);
#13396 = SURFACE_CURVE('',#13397,(#13401,#13408),.PCURVE_S1.);
#13397 = LINE('',#13398,#13399);
#13398 = CARTESIAN_POINT('',(3.115,-2.875,0.42));
#13399 = VECTOR('',#13400,1.);
#13400 = DIRECTION('',(2.289834988289E-16,0.,1.));
#13401 = PCURVE('',#13350,#13402);
#13402 = DEFINITIONAL_REPRESENTATION('',(#13403),#13407);
#13403 = LINE('',#13404,#13405);
#13404 = CARTESIAN_POINT('',(3.434752482434E-17,0.15));
#13405 = VECTOR('',#13406,1.);
#13406 = DIRECTION('',(-1.,0.));
#13407 = ( GEOMETRIC_REPRESENTATION_CONTEXT(2) 
PARAMETRIC_REPRESENTATION_CONTEXT() REPRESENTATION_CONTEXT('2D SPACE',''
  ) );
#13408 = PCURVE('',#12576,#13409);
#13409 = DEFINITIONAL_REPRESENTATION('',(#13410),#13414);
#13410 = LINE('',#13411,#13412);
#13411 = CARTESIAN_POINT('',(-0.285804,4.4799E-02));
#13412 = VECTOR('',#13413,1.);
#13413 = DIRECTION('',(1.200639317332E-47,1.));
#13414 = ( GEOMETRIC_REPRESENTATION_CONTEXT(2) 
PARAMETRIC_REPRESENTATION_CONTEXT() REPRESENTATION_CONTEXT('2D SPACE',''
  ) );
#13415 = ORIENTED_EDGE('',*,*,#13336,.F.);
#13416 = ORIENTED_EDGE('',*,*,#13417,.T.);
#13417 = EDGE_CURVE('',#13280,#13366,#13418,.T.);
#13418 = SURFACE_CURVE('',#13419,(#13423,#13430),.PCURVE_S1.);
#13419 = LINE('',#13420,#13421);
#13420 = CARTESIAN_POINT('',(3.265,-2.875,0.42));
#13421 = VECTOR('',#13422,1.);
#13422 = DIRECTION('',(2.289834988289E-16,0.,1.));
#13423 = PCURVE('',#13350,#13424);
#13424 = DEFINITIONAL_REPRESENTATION('',(#13425),#13429);
#13425 = LINE('',#13426,#13427);
#13426 = CARTESIAN_POINT('',(0.,0.));
#13427 = VECTOR('',#13428,1.);
#13428 = DIRECTION('',(-1.,0.));
#13429 = ( GEOMETRIC_REPRESENTATION_CONTEXT(2) 
PARAMETRIC_REPRESENTATION_CONTEXT() REPRESENTATION_CONTEXT('2D SPACE',''
  ) );
#13430 = PCURVE('',#12522,#13431);
#13431 = DEFINITIONAL_REPRESENTATION('',(#13432),#13436);
#13432 = LINE('',#13433,#13434);
#13433 = CARTESIAN_POINT('',(-0.521102616307,2.215715008166E-02));
#13434 = VECTOR('',#13435,1.);
#13435 = DIRECTION('',(-2.289834988289E-16,1.));
#13436 = ( GEOMETRIC_REPRESENTATION_CONTEXT(2) 
PARAMETRIC_REPRESENTATION_CONTEXT() REPRESENTATION_CONTEXT('2D SPACE',''
  ) );
#13437 = ADVANCED_FACE('',(#13438),#13383,.F.);
#13438 = FACE_BOUND('',#13439,.F.);
#13439 = EDGE_LOOP('',(#13440,#13468,#13469,#13497));
#13440 = ORIENTED_EDGE('',*,*,#13441,.T.);
#13441 = EDGE_CURVE('',#13442,#13366,#13444,.T.);
#13442 = VERTEX_POINT('',#13443);
#13443 = CARTESIAN_POINT('',(3.265,-2.925,0.52));
#13444 = SURFACE_CURVE('',#13445,(#13450,#13457),.PCURVE_S1.);
#13445 = CIRCLE('',#13446,5.E-02);
#13446 = AXIS2_PLACEMENT_3D('',#13447,#13448,#13449);
#13447 = CARTESIAN_POINT('',(3.265,-2.925,0.47));
#13448 = DIRECTION('',(-1.,5.243344273594E-32,2.289834988289E-16));
#13449 = DIRECTION('',(-5.243344273594E-32,-1.,0.));
#13450 = PCURVE('',#13383,#13451);
#13451 = DEFINITIONAL_REPRESENTATION('',(#13452),#13456);
#13452 = LINE('',#13453,#13454);
#13453 = CARTESIAN_POINT('',(0.,0.));
#13454 = VECTOR('',#13455,1.);
#13455 = DIRECTION('',(1.,0.));
#13456 = ( GEOMETRIC_REPRESENTATION_CONTEXT(2) 
PARAMETRIC_REPRESENTATION_CONTEXT() REPRESENTATION_CONTEXT('2D SPACE',''
  ) );
#13457 = PCURVE('',#12522,#13458);
#13458 = DEFINITIONAL_REPRESENTATION('',(#13459),#13467);
#13459 = ( BOUNDED_CURVE() B_SPLINE_CURVE(2,(#13460,#13461,#13462,#13463
    ,#13464,#13465,#13466),.UNSPECIFIED.,.T.,.F.) 
B_SPLINE_CURVE_WITH_KNOTS((1,2,2,2,2,1),(-2.094395102393,0.,
    2.094395102393,4.188790204786,6.28318530718,8.377580409573),
.UNSPECIFIED.) CURVE() GEOMETRIC_REPRESENTATION_ITEM() 
RATIONAL_B_SPLINE_CURVE((1.,0.5,1.,0.5,1.,0.5,1.)) REPRESENTATION_ITEM(
  '') );
#13460 = CARTESIAN_POINT('',(-0.621102616307,7.215715008167E-02));
#13461 = CARTESIAN_POINT('',(-0.621102616307,0.15875969046));
#13462 = CARTESIAN_POINT('',(-0.546102616307,0.115458420271));
#13463 = CARTESIAN_POINT('',(-0.471102616307,7.215715008167E-02));
#13464 = CARTESIAN_POINT('',(-0.546102616307,2.885587989244E-02));
#13465 = CARTESIAN_POINT('',(-0.621102616307,-1.444539029678E-02));
#13466 = CARTESIAN_POINT('',(-0.621102616307,7.215715008167E-02));
#13467 = ( GEOMETRIC_REPRESENTATION_CONTEXT(2) 
PARAMETRIC_REPRESENTATION_CONTEXT() REPRESENTATION_CONTEXT('2D SPACE',''
  ) );
#13468 = ORIENTED_EDGE('',*,*,#13365,.T.);
#13469 = ORIENTED_EDGE('',*,*,#13470,.F.);
#13470 = EDGE_CURVE('',#13471,#13368,#13473,.T.);
#13471 = VERTEX_POINT('',#13472);
#13472 = CARTESIAN_POINT('',(3.115,-2.925,0.52));
#13473 = SURFACE_CURVE('',#13474,(#13479,#13486),.PCURVE_S1.);
#13474 = CIRCLE('',#13475,5.E-02);
#13475 = AXIS2_PLACEMENT_3D('',#13476,#13477,#13478);
#13476 = CARTESIAN_POINT('',(3.115,-2.925,0.47));
#13477 = DIRECTION('',(-1.,5.243344273594E-32,2.289834988289E-16));
#13478 = DIRECTION('',(-5.243344273594E-32,-1.,0.));
#13479 = PCURVE('',#13383,#13480);
#13480 = DEFINITIONAL_REPRESENTATION('',(#13481),#13485);
#13481 = LINE('',#13482,#13483);
#13482 = CARTESIAN_POINT('',(0.,0.15));
#13483 = VECTOR('',#13484,1.);
#13484 = DIRECTION('',(1.,0.));
#13485 = ( GEOMETRIC_REPRESENTATION_CONTEXT(2) 
PARAMETRIC_REPRESENTATION_CONTEXT() REPRESENTATION_CONTEXT('2D SPACE',''
  ) );
#13486 = PCURVE('',#12576,#13487);
#13487 = DEFINITIONAL_REPRESENTATION('',(#13488),#13496);
#13488 = ( BOUNDED_CURVE() B_SPLINE_CURVE(2,(#13489,#13490,#13491,#13492
    ,#13493,#13494,#13495),.UNSPECIFIED.,.T.,.F.) 
B_SPLINE_CURVE_WITH_KNOTS((1,2,2,2,2,1),(-2.094395102393,0.,
    2.094395102393,4.188790204786,6.28318530718,8.377580409573),
.UNSPECIFIED.) CURVE() GEOMETRIC_REPRESENTATION_ITEM() 
RATIONAL_B_SPLINE_CURVE((1.,0.5,1.,0.5,1.,0.5,1.)) REPRESENTATION_ITEM(
  '') );
#13489 = CARTESIAN_POINT('',(-0.385804,9.4799E-02));
#13490 = CARTESIAN_POINT('',(-0.385804,0.181401540378));
#13491 = CARTESIAN_POINT('',(-0.310804,0.138100270189));
#13492 = CARTESIAN_POINT('',(-0.235804,9.4799E-02));
#13493 = CARTESIAN_POINT('',(-0.310804,5.149772981078E-02));
#13494 = CARTESIAN_POINT('',(-0.385804,8.196459621557E-03));
#13495 = CARTESIAN_POINT('',(-0.385804,9.4799E-02));
#13496 = ( GEOMETRIC_REPRESENTATION_CONTEXT(2) 
PARAMETRIC_REPRESENTATION_CONTEXT() REPRESENTATION_CONTEXT('2D SPACE',''
  ) );
#13497 = ORIENTED_EDGE('',*,*,#13498,.F.);
#13498 = EDGE_CURVE('',#13442,#13471,#13499,.T.);
#13499 = SURFACE_CURVE('',#13500,(#13504,#13511),.PCURVE_S1.);
#13500 = LINE('',#13501,#13502);
#13501 = CARTESIAN_POINT('',(3.265,-2.925,0.52));
#13502 = VECTOR('',#13503,1.);
#13503 = DIRECTION('',(-1.,5.243344273594E-32,2.289834988289E-16));
#13504 = PCURVE('',#13383,#13505);
#13505 = DEFINITIONAL_REPRESENTATION('',(#13506),#13510);
#13506 = LINE('',#13507,#13508);
#13507 = CARTESIAN_POINT('',(1.570796326795,0.));
#13508 = VECTOR('',#13509,1.);
#13509 = DIRECTION('',(0.,1.));
#13510 = ( GEOMETRIC_REPRESENTATION_CONTEXT(2) 
PARAMETRIC_REPRESENTATION_CONTEXT() REPRESENTATION_CONTEXT('2D SPACE',''
  ) );
#13511 = PCURVE('',#13512,#13517);
#13512 = PLANE('',#13513);
#13513 = AXIS2_PLACEMENT_3D('',#13514,#13515,#13516);
#13514 = CARTESIAN_POINT('',(3.265,-2.925,0.52));
#13515 = DIRECTION('',(2.289834988289E-16,-1.200639317332E-47,1.));
#13516 = DIRECTION('',(5.243344273594E-32,1.,-2.917038411497E-62));
#13517 = DEFINITIONAL_REPRESENTATION('',(#13518),#13522);
#13518 = LINE('',#13519,#13520);
#13519 = CARTESIAN_POINT('',(0.,0.));
#13520 = VECTOR('',#13521,1.);
#13521 = DIRECTION('',(-6.679536616831E-78,1.));
#13522 = ( GEOMETRIC_REPRESENTATION_CONTEXT(2) 
PARAMETRIC_REPRESENTATION_CONTEXT() REPRESENTATION_CONTEXT('2D SPACE',''
  ) );
#13523 = ADVANCED_FACE('',(#13524),#13512,.F.);
#13524 = FACE_BOUND('',#13525,.T.);
#13525 = EDGE_LOOP('',(#13526,#13556,#13577,#13578));
#13526 = ORIENTED_EDGE('',*,*,#13527,.T.);
#13527 = EDGE_CURVE('',#13528,#13530,#13532,.T.);
#13528 = VERTEX_POINT('',#13529);
#13529 = CARTESIAN_POINT('',(3.265,-3.025,0.52));
#13530 = VERTEX_POINT('',#13531);
#13531 = CARTESIAN_POINT('',(3.115,-3.025,0.52));
#13532 = SURFACE_CURVE('',#13533,(#13537,#13544),.PCURVE_S1.);
#13533 = LINE('',#13534,#13535);
#13534 = CARTESIAN_POINT('',(3.265,-3.025,0.52));
#13535 = VECTOR('',#13536,1.);
#13536 = DIRECTION('',(-1.,5.243344273594E-32,2.289834988289E-16));
#13537 = PCURVE('',#13512,#13538);
#13538 = DEFINITIONAL_REPRESENTATION('',(#13539),#13543);
#13539 = LINE('',#13540,#13541);
#13540 = CARTESIAN_POINT('',(-0.1,-5.243344273595E-33));
#13541 = VECTOR('',#13542,1.);
#13542 = DIRECTION('',(-6.679536616831E-78,1.));
#13543 = ( GEOMETRIC_REPRESENTATION_CONTEXT(2) 
PARAMETRIC_REPRESENTATION_CONTEXT() REPRESENTATION_CONTEXT('2D SPACE',''
  ) );
#13544 = PCURVE('',#13545,#13550);
#13545 = PLANE('',#13546);
#13546 = AXIS2_PLACEMENT_3D('',#13547,#13548,#13549);
#13547 = CARTESIAN_POINT('',(3.265,-3.025,0.52));
#13548 = DIRECTION('',(5.243344273594E-32,1.,-1.200639317332E-47));
#13549 = DIRECTION('',(-2.289834988289E-16,2.917038411497E-62,-1.));
#13550 = DEFINITIONAL_REPRESENTATION('',(#13551),#13555);
#13551 = LINE('',#13552,#13553);
#13552 = CARTESIAN_POINT('',(0.,0.));
#13553 = VECTOR('',#13554,1.);
#13554 = DIRECTION('',(0.,1.));
#13555 = ( GEOMETRIC_REPRESENTATION_CONTEXT(2) 
PARAMETRIC_REPRESENTATION_CONTEXT() REPRESENTATION_CONTEXT('2D SPACE',''
  ) );
#13556 = ORIENTED_EDGE('',*,*,#13557,.T.);
#13557 = EDGE_CURVE('',#13530,#13471,#13558,.T.);
#13558 = SURFACE_CURVE('',#13559,(#13563,#13570),.PCURVE_S1.);
#13559 = LINE('',#13560,#13561);
#13560 = CARTESIAN_POINT('',(3.115,-3.025,0.52));
#13561 = VECTOR('',#13562,1.);
#13562 = DIRECTION('',(5.243344273594E-32,1.,0.));
#13563 = PCURVE('',#13512,#13564);
#13564 = DEFINITIONAL_REPRESENTATION('',(#13565),#13569);
#13565 = LINE('',#13566,#13567);
#13566 = CARTESIAN_POINT('',(-0.1,0.15));
#13567 = VECTOR('',#13568,1.);
#13568 = DIRECTION('',(1.,-6.679536616831E-78));
#13569 = ( GEOMETRIC_REPRESENTATION_CONTEXT(2) 
PARAMETRIC_REPRESENTATION_CONTEXT() REPRESENTATION_CONTEXT('2D SPACE',''
  ) );
#13570 = PCURVE('',#12576,#13571);
#13571 = DEFINITIONAL_REPRESENTATION('',(#13572),#13576);
#13572 = LINE('',#13573,#13574);
#13573 = CARTESIAN_POINT('',(-0.435804,0.144799));
#13574 = VECTOR('',#13575,1.);
#13575 = DIRECTION('',(1.,0.));
#13576 = ( GEOMETRIC_REPRESENTATION_CONTEXT(2) 
PARAMETRIC_REPRESENTATION_CONTEXT() REPRESENTATION_CONTEXT('2D SPACE',''
  ) );
#13577 = ORIENTED_EDGE('',*,*,#13498,.F.);
#13578 = ORIENTED_EDGE('',*,*,#13579,.F.);
#13579 = EDGE_CURVE('',#13528,#13442,#13580,.T.);
#13580 = SURFACE_CURVE('',#13581,(#13585,#13592),.PCURVE_S1.);
#13581 = LINE('',#13582,#13583);
#13582 = CARTESIAN_POINT('',(3.265,-3.025,0.52));
#13583 = VECTOR('',#13584,1.);
#13584 = DIRECTION('',(5.243344273594E-32,1.,0.));
#13585 = PCURVE('',#13512,#13586);
#13586 = DEFINITIONAL_REPRESENTATION('',(#13587),#13591);
#13587 = LINE('',#13588,#13589);
#13588 = CARTESIAN_POINT('',(-0.1,-5.243344273595E-33));
#13589 = VECTOR('',#13590,1.);
#13590 = DIRECTION('',(1.,-6.679536616831E-78));
#13591 = ( GEOMETRIC_REPRESENTATION_CONTEXT(2) 
PARAMETRIC_REPRESENTATION_CONTEXT() REPRESENTATION_CONTEXT('2D SPACE',''
  ) );
#13592 = PCURVE('',#12522,#13593);
#13593 = DEFINITIONAL_REPRESENTATION('',(#13594),#13598);
#13594 = LINE('',#13595,#13596);
#13595 = CARTESIAN_POINT('',(-0.671102616307,0.122157150082));
#13596 = VECTOR('',#13597,1.);
#13597 = DIRECTION('',(1.,2.289834988289E-16));
#13598 = ( GEOMETRIC_REPRESENTATION_CONTEXT(2) 
PARAMETRIC_REPRESENTATION_CONTEXT() REPRESENTATION_CONTEXT('2D SPACE',''
  ) );
#13599 = ADVANCED_FACE('',(#13600),#13545,.F.);
#13600 = FACE_BOUND('',#13601,.T.);
#13601 = EDGE_LOOP('',(#13602,#13627,#13648,#13649));
#13602 = ORIENTED_EDGE('',*,*,#13603,.T.);
#13603 = EDGE_CURVE('',#13604,#13606,#13608,.T.);
#13604 = VERTEX_POINT('',#13605);
#13605 = CARTESIAN_POINT('',(3.265,-3.025,0.82));
#13606 = VERTEX_POINT('',#13607);
#13607 = CARTESIAN_POINT('',(3.115,-3.025,0.82));
#13608 = SURFACE_CURVE('',#13609,(#13613,#13620),.PCURVE_S1.);
#13609 = LINE('',#13610,#13611);
#13610 = CARTESIAN_POINT('',(3.265,-3.025,0.82));
#13611 = VECTOR('',#13612,1.);
#13612 = DIRECTION('',(-1.,5.243344273594E-32,2.289834988289E-16));
#13613 = PCURVE('',#13545,#13614);
#13614 = DEFINITIONAL_REPRESENTATION('',(#13615),#13619);
#13615 = LINE('',#13616,#13617);
#13616 = CARTESIAN_POINT('',(-0.3,6.869504964868E-17));
#13617 = VECTOR('',#13618,1.);
#13618 = DIRECTION('',(0.,1.));
#13619 = ( GEOMETRIC_REPRESENTATION_CONTEXT(2) 
PARAMETRIC_REPRESENTATION_CONTEXT() REPRESENTATION_CONTEXT('2D SPACE',''
  ) );
#13620 = PCURVE('',#12494,#13621);
#13621 = DEFINITIONAL_REPRESENTATION('',(#13622),#13626);
#13622 = LINE('',#13623,#13624);
#13623 = CARTESIAN_POINT('',(2.7,-1.096335620842E-32));
#13624 = VECTOR('',#13625,1.);
#13625 = DIRECTION('',(2.080052407982E-46,-1.));
#13626 = ( GEOMETRIC_REPRESENTATION_CONTEXT(2) 
PARAMETRIC_REPRESENTATION_CONTEXT() REPRESENTATION_CONTEXT('2D SPACE',''
  ) );
#13627 = ORIENTED_EDGE('',*,*,#13628,.F.);
#13628 = EDGE_CURVE('',#13530,#13606,#13629,.T.);
#13629 = SURFACE_CURVE('',#13630,(#13634,#13641),.PCURVE_S1.);
#13630 = LINE('',#13631,#13632);
#13631 = CARTESIAN_POINT('',(3.115,-3.025,0.52));
#13632 = VECTOR('',#13633,1.);
#13633 = DIRECTION('',(2.289834988289E-16,0.,1.));
#13634 = PCURVE('',#13545,#13635);
#13635 = DEFINITIONAL_REPRESENTATION('',(#13636),#13640);
#13636 = LINE('',#13637,#13638);
#13637 = CARTESIAN_POINT('',(-9.648531973383E-16,0.15));
#13638 = VECTOR('',#13639,1.);
#13639 = DIRECTION('',(-1.,0.));
#13640 = ( GEOMETRIC_REPRESENTATION_CONTEXT(2) 
PARAMETRIC_REPRESENTATION_CONTEXT() REPRESENTATION_CONTEXT('2D SPACE',''
  ) );
#13641 = PCURVE('',#12576,#13642);
#13642 = DEFINITIONAL_REPRESENTATION('',(#13643),#13647);
#13643 = LINE('',#13644,#13645);
#13644 = CARTESIAN_POINT('',(-0.435804,0.144799));
#13645 = VECTOR('',#13646,1.);
#13646 = DIRECTION('',(1.200639317332E-47,1.));
#13647 = ( GEOMETRIC_REPRESENTATION_CONTEXT(2) 
PARAMETRIC_REPRESENTATION_CONTEXT() REPRESENTATION_CONTEXT('2D SPACE',''
  ) );
#13648 = ORIENTED_EDGE('',*,*,#13527,.F.);
#13649 = ORIENTED_EDGE('',*,*,#13650,.T.);
#13650 = EDGE_CURVE('',#13528,#13604,#13651,.T.);
#13651 = SURFACE_CURVE('',#13652,(#13656,#13663),.PCURVE_S1.);
#13652 = LINE('',#13653,#13654);
#13653 = CARTESIAN_POINT('',(3.265,-3.025,0.52));
#13654 = VECTOR('',#13655,1.);
#13655 = DIRECTION('',(2.289834988289E-16,0.,1.));
#13656 = PCURVE('',#13545,#13657);
#13657 = DEFINITIONAL_REPRESENTATION('',(#13658),#13662);
#13658 = LINE('',#13659,#13660);
#13659 = CARTESIAN_POINT('',(-9.992007221626E-16,2.288004773932E-31));
#13660 = VECTOR('',#13661,1.);
#13661 = DIRECTION('',(-1.,0.));
#13662 = ( GEOMETRIC_REPRESENTATION_CONTEXT(2) 
PARAMETRIC_REPRESENTATION_CONTEXT() REPRESENTATION_CONTEXT('2D SPACE',''
  ) );
#13663 = PCURVE('',#12522,#13664);
#13664 = DEFINITIONAL_REPRESENTATION('',(#13665),#13669);
#13665 = LINE('',#13666,#13667);
#13666 = CARTESIAN_POINT('',(-0.671102616307,0.122157150082));
#13667 = VECTOR('',#13668,1.);
#13668 = DIRECTION('',(-2.289834988289E-16,1.));
#13669 = ( GEOMETRIC_REPRESENTATION_CONTEXT(2) 
PARAMETRIC_REPRESENTATION_CONTEXT() REPRESENTATION_CONTEXT('2D SPACE',''
  ) );
#13670 = ADVANCED_FACE('',(#13671),#12696,.F.);
#13671 = FACE_BOUND('',#13672,.T.);
#13672 = EDGE_LOOP('',(#13673,#13674,#13697,#13725));
#13673 = ORIENTED_EDGE('',*,*,#12680,.T.);
#13674 = ORIENTED_EDGE('',*,*,#13675,.F.);
#13675 = EDGE_CURVE('',#13676,#12653,#13678,.T.);
#13676 = VERTEX_POINT('',#13677);
#13677 = CARTESIAN_POINT('',(3.115,-2.225,0.46));
#13678 = SURFACE_CURVE('',#13679,(#13683,#13690),.PCURVE_S1.);
#13679 = LINE('',#13680,#13681);
#13680 = CARTESIAN_POINT('',(3.115,-2.225,0.841614));
#13681 = VECTOR('',#13682,1.);
#13682 = DIRECTION('',(-2.289834988289E-16,-2.289834988289E-16,-1.));
#13683 = PCURVE('',#12696,#13684);
#13684 = DEFINITIONAL_REPRESENTATION('',(#13685),#13689);
#13685 = LINE('',#13686,#13687);
#13686 = CARTESIAN_POINT('',(0.381614,0.15));
#13687 = VECTOR('',#13688,1.);
#13688 = DIRECTION('',(-1.,0.));
#13689 = ( GEOMETRIC_REPRESENTATION_CONTEXT(2) 
PARAMETRIC_REPRESENTATION_CONTEXT() REPRESENTATION_CONTEXT('2D SPACE',''
  ) );
#13690 = PCURVE('',#12576,#13691);
#13691 = DEFINITIONAL_REPRESENTATION('',(#13692),#13696);
#13692 = LINE('',#13693,#13694);
#13693 = CARTESIAN_POINT('',(0.364196,0.466413));
#13694 = VECTOR('',#13695,1.);
#13695 = DIRECTION('',(-2.289834988289E-16,-1.));
#13696 = ( GEOMETRIC_REPRESENTATION_CONTEXT(2) 
PARAMETRIC_REPRESENTATION_CONTEXT() REPRESENTATION_CONTEXT('2D SPACE',''
  ) );
#13697 = ORIENTED_EDGE('',*,*,#13698,.F.);
#13698 = EDGE_CURVE('',#13699,#13676,#13701,.T.);
#13699 = VERTEX_POINT('',#13700);
#13700 = CARTESIAN_POINT('',(3.265,-2.225,0.46));
#13701 = SURFACE_CURVE('',#13702,(#13706,#13713),.PCURVE_S1.);
#13702 = LINE('',#13703,#13704);
#13703 = CARTESIAN_POINT('',(3.265,-2.225,0.46));
#13704 = VECTOR('',#13705,1.);
#13705 = DIRECTION('',(-1.,5.243344273594E-32,2.289834988289E-16));
#13706 = PCURVE('',#12696,#13707);
#13707 = DEFINITIONAL_REPRESENTATION('',(#13708),#13712);
#13708 = LINE('',#13709,#13710);
#13709 = CARTESIAN_POINT('',(-1.998401444325E-15,-4.576009547864E-31));
#13710 = VECTOR('',#13711,1.);
#13711 = DIRECTION('',(0.,1.));
#13712 = ( GEOMETRIC_REPRESENTATION_CONTEXT(2) 
PARAMETRIC_REPRESENTATION_CONTEXT() REPRESENTATION_CONTEXT('2D SPACE',''
  ) );
#13713 = PCURVE('',#13714,#13719);
#13714 = CYLINDRICAL_SURFACE('',#13715,5.E-02);
#13715 = AXIS2_PLACEMENT_3D('',#13716,#13717,#13718);
#13716 = CARTESIAN_POINT('',(3.265,-2.175,0.46));
#13717 = DIRECTION('',(-1.,5.243344273594E-32,2.289834988289E-16));
#13718 = DIRECTION('',(-2.080052407982E-46,1.,-2.289834988289E-16));
#13719 = DEFINITIONAL_REPRESENTATION('',(#13720),#13724);
#13720 = LINE('',#13721,#13722);
#13721 = CARTESIAN_POINT('',(3.14159265359,0.));
#13722 = VECTOR('',#13723,1.);
#13723 = DIRECTION('',(0.,1.));
#13724 = ( GEOMETRIC_REPRESENTATION_CONTEXT(2) 
PARAMETRIC_REPRESENTATION_CONTEXT() REPRESENTATION_CONTEXT('2D SPACE',''
  ) );
#13725 = ORIENTED_EDGE('',*,*,#13726,.T.);
#13726 = EDGE_CURVE('',#13699,#12681,#13727,.T.);
#13727 = SURFACE_CURVE('',#13728,(#13732,#13739),.PCURVE_S1.);
#13728 = LINE('',#13729,#13730);
#13729 = CARTESIAN_POINT('',(3.265,-2.225,0.841614));
#13730 = VECTOR('',#13731,1.);
#13731 = DIRECTION('',(-2.289834988289E-16,-2.289834988289E-16,-1.));
#13732 = PCURVE('',#12696,#13733);
#13733 = DEFINITIONAL_REPRESENTATION('',(#13734),#13738);
#13734 = LINE('',#13735,#13736);
#13735 = CARTESIAN_POINT('',(0.381614,8.738330892211E-17));
#13736 = VECTOR('',#13737,1.);
#13737 = DIRECTION('',(-1.,0.));
#13738 = ( GEOMETRIC_REPRESENTATION_CONTEXT(2) 
PARAMETRIC_REPRESENTATION_CONTEXT() REPRESENTATION_CONTEXT('2D SPACE',''
  ) );
#13739 = PCURVE('',#12522,#13740);
#13740 = DEFINITIONAL_REPRESENTATION('',(#13741),#13745);
#13741 = LINE('',#13742,#13743);
#13742 = CARTESIAN_POINT('',(0.128897383693,0.443771150082));
#13743 = VECTOR('',#13744,1.);
#13744 = DIRECTION('',(0.,-1.));
#13745 = ( GEOMETRIC_REPRESENTATION_CONTEXT(2) 
PARAMETRIC_REPRESENTATION_CONTEXT() REPRESENTATION_CONTEXT('2D SPACE',''
  ) );
#13746 = ADVANCED_FACE('',(#13747),#12494,.T.);
#13747 = FACE_BOUND('',#13748,.T.);
#13748 = EDGE_LOOP('',(#13749,#13770,#13771,#13792));
#13749 = ORIENTED_EDGE('',*,*,#13750,.T.);
#13750 = EDGE_CURVE('',#13604,#12477,#13751,.T.);
#13751 = SURFACE_CURVE('',#13752,(#13756,#13763),.PCURVE_S1.);
#13752 = LINE('',#13753,#13754);
#13753 = CARTESIAN_POINT('',(3.265,-0.430137,0.82));
#13754 = VECTOR('',#13755,1.);
#13755 = DIRECTION('',(0.,1.,-2.289834988289E-16));
#13756 = PCURVE('',#12494,#13757);
#13757 = DEFINITIONAL_REPRESENTATION('',(#13758),#13762);
#13758 = LINE('',#13759,#13760);
#13759 = CARTESIAN_POINT('',(0.105137,5.512694868929E-33));
#13760 = VECTOR('',#13761,1.);
#13761 = DIRECTION('',(-1.,0.));
#13762 = ( GEOMETRIC_REPRESENTATION_CONTEXT(2) 
PARAMETRIC_REPRESENTATION_CONTEXT() REPRESENTATION_CONTEXT('2D SPACE',''
  ) );
#13763 = PCURVE('',#12522,#13764);
#13764 = DEFINITIONAL_REPRESENTATION('',(#13765),#13769);
#13765 = LINE('',#13766,#13767);
#13766 = CARTESIAN_POINT('',(1.923760383693,0.422157150082));
#13767 = VECTOR('',#13768,1.);
#13768 = DIRECTION('',(1.,0.));
#13769 = ( GEOMETRIC_REPRESENTATION_CONTEXT(2) 
PARAMETRIC_REPRESENTATION_CONTEXT() REPRESENTATION_CONTEXT('2D SPACE',''
  ) );
#13770 = ORIENTED_EDGE('',*,*,#12476,.T.);
#13771 = ORIENTED_EDGE('',*,*,#13772,.F.);
#13772 = EDGE_CURVE('',#13606,#12479,#13773,.T.);
#13773 = SURFACE_CURVE('',#13774,(#13778,#13785),.PCURVE_S1.);
#13774 = LINE('',#13775,#13776);
#13775 = CARTESIAN_POINT('',(3.115,-0.430137,0.82));
#13776 = VECTOR('',#13777,1.);
#13777 = DIRECTION('',(0.,1.,-2.289834988289E-16));
#13778 = PCURVE('',#12494,#13779);
#13779 = DEFINITIONAL_REPRESENTATION('',(#13780),#13784);
#13780 = LINE('',#13781,#13782);
#13781 = CARTESIAN_POINT('',(0.105137,-0.15));
#13782 = VECTOR('',#13783,1.);
#13783 = DIRECTION('',(-1.,0.));
#13784 = ( GEOMETRIC_REPRESENTATION_CONTEXT(2) 
PARAMETRIC_REPRESENTATION_CONTEXT() REPRESENTATION_CONTEXT('2D SPACE',''
  ) );
#13785 = PCURVE('',#12576,#13786);
#13786 = DEFINITIONAL_REPRESENTATION('',(#13787),#13791);
#13787 = LINE('',#13788,#13789);
#13788 = CARTESIAN_POINT('',(2.159059,0.444799));
#13789 = VECTOR('',#13790,1.);
#13790 = DIRECTION('',(1.,-2.289834988289E-16));
#13791 = ( GEOMETRIC_REPRESENTATION_CONTEXT(2) 
PARAMETRIC_REPRESENTATION_CONTEXT() REPRESENTATION_CONTEXT('2D SPACE',''
  ) );
#13792 = ORIENTED_EDGE('',*,*,#13603,.F.);
#13793 = ADVANCED_FACE('',(#13794),#12522,.T.);
#13794 = FACE_BOUND('',#13795,.T.);
#13795 = EDGE_LOOP('',(#13796,#13797,#13825,#13846,#13847,#13848,#13849,
    #13850,#13851,#13852,#13853,#13854,#13855,#13856,#13857,#13858,
    #13859,#13860));
#13796 = ORIENTED_EDGE('',*,*,#13726,.F.);
#13797 = ORIENTED_EDGE('',*,*,#13798,.T.);
#13798 = EDGE_CURVE('',#13699,#13799,#13801,.T.);
#13799 = VERTEX_POINT('',#13800);
#13800 = CARTESIAN_POINT('',(3.265,-2.175,0.51));
#13801 = SURFACE_CURVE('',#13802,(#13807,#13818),.PCURVE_S1.);
#13802 = CIRCLE('',#13803,5.E-02);
#13803 = AXIS2_PLACEMENT_3D('',#13804,#13805,#13806);
#13804 = CARTESIAN_POINT('',(3.265,-2.175,0.46));
#13805 = DIRECTION('',(-1.,5.243344273594E-32,2.289834988289E-16));
#13806 = DIRECTION('',(-2.080052407982E-46,1.,-2.289834988289E-16));
#13807 = PCURVE('',#12522,#13808);
#13808 = DEFINITIONAL_REPRESENTATION('',(#13809),#13817);
#13809 = ( BOUNDED_CURVE() B_SPLINE_CURVE(2,(#13810,#13811,#13812,#13813
    ,#13814,#13815,#13816),.UNSPECIFIED.,.T.,.F.) 
B_SPLINE_CURVE_WITH_KNOTS((1,2,2,2,2,1),(-2.094395102393,0.,
    2.094395102393,4.188790204786,6.28318530718,8.377580409573),
.UNSPECIFIED.) CURVE() GEOMETRIC_REPRESENTATION_ITEM() 
RATIONAL_B_SPLINE_CURVE((1.,0.5,1.,0.5,1.,0.5,1.)) REPRESENTATION_ITEM(
  '') );
#13810 = CARTESIAN_POINT('',(0.228897383693,6.215715008166E-02));
#13811 = CARTESIAN_POINT('',(0.228897383693,-2.444539029678E-02));
#13812 = CARTESIAN_POINT('',(0.153897383693,1.885587989244E-02));
#13813 = CARTESIAN_POINT('',(7.889738369333E-02,6.215715008166E-02));
#13814 = CARTESIAN_POINT('',(0.153897383693,0.105458420271));
#13815 = CARTESIAN_POINT('',(0.228897383693,0.14875969046));
#13816 = CARTESIAN_POINT('',(0.228897383693,6.215715008166E-02));
#13817 = ( GEOMETRIC_REPRESENTATION_CONTEXT(2) 
PARAMETRIC_REPRESENTATION_CONTEXT() REPRESENTATION_CONTEXT('2D SPACE',''
  ) );
#13818 = PCURVE('',#13714,#13819);
#13819 = DEFINITIONAL_REPRESENTATION('',(#13820),#13824);
#13820 = LINE('',#13821,#13822);
#13821 = CARTESIAN_POINT('',(0.,0.));
#13822 = VECTOR('',#13823,1.);
#13823 = DIRECTION('',(1.,0.));
#13824 = ( GEOMETRIC_REPRESENTATION_CONTEXT(2) 
PARAMETRIC_REPRESENTATION_CONTEXT() REPRESENTATION_CONTEXT('2D SPACE',''
  ) );
#13825 = ORIENTED_EDGE('',*,*,#13826,.F.);
#13826 = EDGE_CURVE('',#12507,#13799,#13827,.T.);
#13827 = SURFACE_CURVE('',#13828,(#13832,#13839),.PCURVE_S1.);
#13828 = LINE('',#13829,#13830);
#13829 = CARTESIAN_POINT('',(3.265,-0.430137,0.51));
#13830 = VECTOR('',#13831,1.);
#13831 = DIRECTION('',(0.,-1.,2.289834988289E-16));
#13832 = PCURVE('',#12522,#13833);
#13833 = DEFINITIONAL_REPRESENTATION('',(#13834),#13838);
#13834 = LINE('',#13835,#13836);
#13835 = CARTESIAN_POINT('',(1.923760383693,0.112157150082));
#13836 = VECTOR('',#13837,1.);
#13837 = DIRECTION('',(-1.,0.));
#13838 = ( GEOMETRIC_REPRESENTATION_CONTEXT(2) 
PARAMETRIC_REPRESENTATION_CONTEXT() REPRESENTATION_CONTEXT('2D SPACE',''
  ) );
#13839 = PCURVE('',#12550,#13840);
#13840 = DEFINITIONAL_REPRESENTATION('',(#13841),#13845);
#13841 = LINE('',#13842,#13843);
#13842 = CARTESIAN_POINT('',(1.794863,7.578254734284E-33));
#13843 = VECTOR('',#13844,1.);
#13844 = DIRECTION('',(-1.,0.));
#13845 = ( GEOMETRIC_REPRESENTATION_CONTEXT(2) 
PARAMETRIC_REPRESENTATION_CONTEXT() REPRESENTATION_CONTEXT('2D SPACE',''
  ) );
#13846 = ORIENTED_EDGE('',*,*,#12506,.F.);
#13847 = ORIENTED_EDGE('',*,*,#13750,.F.);
#13848 = ORIENTED_EDGE('',*,*,#13650,.F.);
#13849 = ORIENTED_EDGE('',*,*,#13579,.T.);
#13850 = ORIENTED_EDGE('',*,*,#13441,.T.);
#13851 = ORIENTED_EDGE('',*,*,#13417,.F.);
#13852 = ORIENTED_EDGE('',*,*,#13279,.T.);
#13853 = ORIENTED_EDGE('',*,*,#13255,.T.);
#13854 = ORIENTED_EDGE('',*,*,#13179,.T.);
#13855 = ORIENTED_EDGE('',*,*,#13103,.F.);
#13856 = ORIENTED_EDGE('',*,*,#12965,.T.);
#13857 = ORIENTED_EDGE('',*,*,#12941,.F.);
#13858 = ORIENTED_EDGE('',*,*,#12865,.T.);
#13859 = ORIENTED_EDGE('',*,*,#12789,.T.);
#13860 = ORIENTED_EDGE('',*,*,#12708,.F.);
#13861 = ADVANCED_FACE('',(#13862),#12576,.F.);
#13862 = FACE_BOUND('',#13863,.T.);
#13863 = EDGE_LOOP('',(#13864,#13865,#13866,#13867,#13868,#13869,#13870,
    #13871,#13872,#13873,#13874,#13875,#13876,#13877,#13878,#13879,
    #13880,#13903));
#13864 = ORIENTED_EDGE('',*,*,#13675,.T.);
#13865 = ORIENTED_EDGE('',*,*,#12652,.T.);
#13866 = ORIENTED_EDGE('',*,*,#12767,.F.);
#13867 = ORIENTED_EDGE('',*,*,#12843,.F.);
#13868 = ORIENTED_EDGE('',*,*,#12919,.T.);
#13869 = ORIENTED_EDGE('',*,*,#12994,.F.);
#13870 = ORIENTED_EDGE('',*,*,#13081,.T.);
#13871 = ORIENTED_EDGE('',*,*,#13157,.F.);
#13872 = ORIENTED_EDGE('',*,*,#13233,.F.);
#13873 = ORIENTED_EDGE('',*,*,#13308,.F.);
#13874 = ORIENTED_EDGE('',*,*,#13395,.T.);
#13875 = ORIENTED_EDGE('',*,*,#13470,.F.);
#13876 = ORIENTED_EDGE('',*,*,#13557,.F.);
#13877 = ORIENTED_EDGE('',*,*,#13628,.T.);
#13878 = ORIENTED_EDGE('',*,*,#13772,.T.);
#13879 = ORIENTED_EDGE('',*,*,#12562,.T.);
#13880 = ORIENTED_EDGE('',*,*,#13881,.T.);
#13881 = EDGE_CURVE('',#12535,#13882,#13884,.T.);
#13882 = VERTEX_POINT('',#13883);
#13883 = CARTESIAN_POINT('',(3.115,-2.175,0.51));
#13884 = SURFACE_CURVE('',#13885,(#13889,#13896),.PCURVE_S1.);
#13885 = LINE('',#13886,#13887);
#13886 = CARTESIAN_POINT('',(3.115,-0.430137,0.51));
#13887 = VECTOR('',#13888,1.);
#13888 = DIRECTION('',(0.,-1.,2.289834988289E-16));
#13889 = PCURVE('',#12576,#13890);
#13890 = DEFINITIONAL_REPRESENTATION('',(#13891),#13895);
#13891 = LINE('',#13892,#13893);
#13892 = CARTESIAN_POINT('',(2.159059,0.134799));
#13893 = VECTOR('',#13894,1.);
#13894 = DIRECTION('',(-1.,2.289834988289E-16));
#13895 = ( GEOMETRIC_REPRESENTATION_CONTEXT(2) 
PARAMETRIC_REPRESENTATION_CONTEXT() REPRESENTATION_CONTEXT('2D SPACE',''
  ) );
#13896 = PCURVE('',#12550,#13897);
#13897 = DEFINITIONAL_REPRESENTATION('',(#13898),#13902);
#13898 = LINE('',#13899,#13900);
#13899 = CARTESIAN_POINT('',(1.794863,-0.15));
#13900 = VECTOR('',#13901,1.);
#13901 = DIRECTION('',(-1.,0.));
#13902 = ( GEOMETRIC_REPRESENTATION_CONTEXT(2) 
PARAMETRIC_REPRESENTATION_CONTEXT() REPRESENTATION_CONTEXT('2D SPACE',''
  ) );
#13903 = ORIENTED_EDGE('',*,*,#13904,.F.);
#13904 = EDGE_CURVE('',#13676,#13882,#13905,.T.);
#13905 = SURFACE_CURVE('',#13906,(#13911,#13922),.PCURVE_S1.);
#13906 = CIRCLE('',#13907,5.E-02);
#13907 = AXIS2_PLACEMENT_3D('',#13908,#13909,#13910);
#13908 = CARTESIAN_POINT('',(3.115,-2.175,0.46));
#13909 = DIRECTION('',(-1.,5.243344273594E-32,2.289834988289E-16));
#13910 = DIRECTION('',(-2.080052407982E-46,1.,-2.289834988289E-16));
#13911 = PCURVE('',#12576,#13912);
#13912 = DEFINITIONAL_REPRESENTATION('',(#13913),#13921);
#13913 = ( BOUNDED_CURVE() B_SPLINE_CURVE(2,(#13914,#13915,#13916,#13917
    ,#13918,#13919,#13920),.UNSPECIFIED.,.T.,.F.) 
B_SPLINE_CURVE_WITH_KNOTS((1,2,2,2,2,1),(-2.094395102393,0.,
    2.094395102393,4.188790204786,6.28318530718,8.377580409573),
.UNSPECIFIED.) CURVE() GEOMETRIC_REPRESENTATION_ITEM() 
RATIONAL_B_SPLINE_CURVE((1.,0.5,1.,0.5,1.,0.5,1.)) REPRESENTATION_ITEM(
  '') );
#13914 = CARTESIAN_POINT('',(0.464196,8.4799E-02));
#13915 = CARTESIAN_POINT('',(0.464196,-1.803540378445E-03));
#13916 = CARTESIAN_POINT('',(0.389196,4.149772981078E-02));
#13917 = CARTESIAN_POINT('',(0.314196,8.4799E-02));
#13918 = CARTESIAN_POINT('',(0.389196,0.128100270189));
#13919 = CARTESIAN_POINT('',(0.464196,0.171401540378));
#13920 = CARTESIAN_POINT('',(0.464196,8.4799E-02));
#13921 = ( GEOMETRIC_REPRESENTATION_CONTEXT(2) 
PARAMETRIC_REPRESENTATION_CONTEXT() REPRESENTATION_CONTEXT('2D SPACE',''
  ) );
#13922 = PCURVE('',#13714,#13923);
#13923 = DEFINITIONAL_REPRESENTATION('',(#13924),#13928);
#13924 = LINE('',#13925,#13926);
#13925 = CARTESIAN_POINT('',(-8.881784197001E-16,0.15));
#13926 = VECTOR('',#13927,1.);
#13927 = DIRECTION('',(1.,0.));
#13928 = ( GEOMETRIC_REPRESENTATION_CONTEXT(2) 
PARAMETRIC_REPRESENTATION_CONTEXT() REPRESENTATION_CONTEXT('2D SPACE',''
  ) );
#13929 = ADVANCED_FACE('',(#13930),#12550,.T.);
#13930 = FACE_BOUND('',#13931,.T.);
#13931 = EDGE_LOOP('',(#13932,#13953,#13954,#13955));
#13932 = ORIENTED_EDGE('',*,*,#13933,.T.);
#13933 = EDGE_CURVE('',#13799,#13882,#13934,.T.);
#13934 = SURFACE_CURVE('',#13935,(#13939,#13946),.PCURVE_S1.);
#13935 = LINE('',#13936,#13937);
#13936 = CARTESIAN_POINT('',(3.265,-2.175,0.51));
#13937 = VECTOR('',#13938,1.);
#13938 = DIRECTION('',(-1.,5.243344273594E-32,2.289834988289E-16));
#13939 = PCURVE('',#12550,#13940);
#13940 = DEFINITIONAL_REPRESENTATION('',(#13941),#13945);
#13941 = LINE('',#13942,#13943);
#13942 = CARTESIAN_POINT('',(5.E-02,-2.621672136797E-33));
#13943 = VECTOR('',#13944,1.);
#13944 = DIRECTION('',(-2.080052407982E-46,-1.));
#13945 = ( GEOMETRIC_REPRESENTATION_CONTEXT(2) 
PARAMETRIC_REPRESENTATION_CONTEXT() REPRESENTATION_CONTEXT('2D SPACE',''
  ) );
#13946 = PCURVE('',#13714,#13947);
#13947 = DEFINITIONAL_REPRESENTATION('',(#13948),#13952);
#13948 = LINE('',#13949,#13950);
#13949 = CARTESIAN_POINT('',(4.712388980385,-2.288004773932E-31));
#13950 = VECTOR('',#13951,1.);
#13951 = DIRECTION('',(0.,1.));
#13952 = ( GEOMETRIC_REPRESENTATION_CONTEXT(2) 
PARAMETRIC_REPRESENTATION_CONTEXT() REPRESENTATION_CONTEXT('2D SPACE',''
  ) );
#13953 = ORIENTED_EDGE('',*,*,#13881,.F.);
#13954 = ORIENTED_EDGE('',*,*,#12534,.T.);
#13955 = ORIENTED_EDGE('',*,*,#13826,.T.);
#13956 = ADVANCED_FACE('',(#13957),#13714,.F.);
#13957 = FACE_BOUND('',#13958,.F.);
#13958 = EDGE_LOOP('',(#13959,#13960,#13961,#13962));
#13959 = ORIENTED_EDGE('',*,*,#13904,.F.);
#13960 = ORIENTED_EDGE('',*,*,#13698,.F.);
#13961 = ORIENTED_EDGE('',*,*,#13798,.T.);
#13962 = ORIENTED_EDGE('',*,*,#13933,.T.);
#13963 = ADVANCED_FACE('',(#13964),#9221,.T.);
#13964 = FACE_BOUND('',#13965,.T.);
#13965 = EDGE_LOOP('',(#13966,#13967,#13968,#13969,#13970,#13971));
#13966 = ORIENTED_EDGE('',*,*,#9205,.F.);
#13967 = ORIENTED_EDGE('',*,*,#12592,.T.);
#13968 = ORIENTED_EDGE('',*,*,#12350,.F.);
#13969 = ORIENTED_EDGE('',*,*,#12275,.F.);
#13970 = ORIENTED_EDGE('',*,*,#12248,.T.);
#13971 = ORIENTED_EDGE('',*,*,#13972,.F.);
#13972 = EDGE_CURVE('',#9206,#12226,#13973,.T.);
#13973 = SURFACE_CURVE('',#13974,(#13978,#13985),.PCURVE_S1.);
#13974 = LINE('',#13975,#13976);
#13975 = CARTESIAN_POINT('',(3.5,-0.125,0.841614));
#13976 = VECTOR('',#13977,1.);
#13977 = DIRECTION('',(-2.289834988289E-16,-1.065228634467E-16,-1.));
#13978 = PCURVE('',#9221,#13979);
#13979 = DEFINITIONAL_REPRESENTATION('',(#13980),#13984);
#13980 = LINE('',#13981,#13982);
#13981 = CARTESIAN_POINT('',(0.305137,3.250406698354E-17));
#13982 = VECTOR('',#13983,1.);
#13983 = DIRECTION('',(0.,-1.));
#13984 = ( GEOMETRIC_REPRESENTATION_CONTEXT(2) 
PARAMETRIC_REPRESENTATION_CONTEXT() REPRESENTATION_CONTEXT('2D SPACE',''
  ) );
#13985 = PCURVE('',#8869,#13986);
#13986 = DEFINITIONAL_REPRESENTATION('',(#13987),#13991);
#13987 = LINE('',#13988,#13989);
#13988 = CARTESIAN_POINT('',(-0.531614,-1.175));
#13989 = VECTOR('',#13990,1.);
#13990 = DIRECTION('',(1.,0.));
#13991 = ( GEOMETRIC_REPRESENTATION_CONTEXT(2) 
PARAMETRIC_REPRESENTATION_CONTEXT() REPRESENTATION_CONTEXT('2D SPACE',''
  ) );
#13992 = ADVANCED_FACE('',(#13993),#8869,.T.);
#13993 = FACE_BOUND('',#13994,.T.);
#13994 = EDGE_LOOP('',(#13995,#14018,#14041,#14069,#14090,#14091,#14092,
    #14093,#14094,#14095,#14116));
#13995 = ORIENTED_EDGE('',*,*,#13996,.F.);
#13996 = EDGE_CURVE('',#13997,#8826,#13999,.T.);
#13997 = VERTEX_POINT('',#13998);
#13998 = CARTESIAN_POINT('',(2.325,-0.125,0.31));
#13999 = SURFACE_CURVE('',#14000,(#14004,#14011),.PCURVE_S1.);
#14000 = LINE('',#14001,#14002);
#14001 = CARTESIAN_POINT('',(2.325,-0.125,0.841614));
#14002 = VECTOR('',#14003,1.);
#14003 = DIRECTION('',(-2.289834988289E-16,-1.065228634467E-16,-1.));
#14004 = PCURVE('',#8869,#14005);
#14005 = DEFINITIONAL_REPRESENTATION('',(#14006),#14010);
#14006 = LINE('',#14007,#14008);
#14007 = CARTESIAN_POINT('',(-0.531614,1.217308337464E-16));
#14008 = VECTOR('',#14009,1.);
#14009 = DIRECTION('',(1.,0.));
#14010 = ( GEOMETRIC_REPRESENTATION_CONTEXT(2) 
PARAMETRIC_REPRESENTATION_CONTEXT() REPRESENTATION_CONTEXT('2D SPACE',''
  ) );
#14011 = PCURVE('',#11619,#14012);
#14012 = DEFINITIONAL_REPRESENTATION('',(#14013),#14017);
#14013 = LINE('',#14014,#14015);
#14014 = CARTESIAN_POINT('',(-0.245779075398,0.671113768985));
#14015 = VECTOR('',#14016,1.);
#14016 = DIRECTION('',(-1.065228634467E-16,-1.));
#14017 = ( GEOMETRIC_REPRESENTATION_CONTEXT(2) 
PARAMETRIC_REPRESENTATION_CONTEXT() REPRESENTATION_CONTEXT('2D SPACE',''
  ) );
#14018 = ORIENTED_EDGE('',*,*,#14019,.F.);
#14019 = EDGE_CURVE('',#14020,#13997,#14022,.T.);
#14020 = VERTEX_POINT('',#14021);
#14021 = CARTESIAN_POINT('',(3.27,-0.125,0.31));
#14022 = SURFACE_CURVE('',#14023,(#14027,#14034),.PCURVE_S1.);
#14023 = LINE('',#14024,#14025);
#14024 = CARTESIAN_POINT('',(4.,-0.125,0.31));
#14025 = VECTOR('',#14026,1.);
#14026 = DIRECTION('',(-1.,5.243344273594E-32,2.289834988289E-16));
#14027 = PCURVE('',#8869,#14028);
#14028 = DEFINITIONAL_REPRESENTATION('',(#14029),#14033);
#14029 = LINE('',#14030,#14031);
#14030 = CARTESIAN_POINT('',(6.156533616242E-16,-1.675));
#14031 = VECTOR('',#14032,1.);
#14032 = DIRECTION('',(0.,1.));
#14033 = ( GEOMETRIC_REPRESENTATION_CONTEXT(2) 
PARAMETRIC_REPRESENTATION_CONTEXT() REPRESENTATION_CONTEXT('2D SPACE',''
  ) );
#14034 = PCURVE('',#512,#14035);
#14035 = DEFINITIONAL_REPRESENTATION('',(#14036),#14040);
#14036 = LINE('',#14037,#14038);
#14037 = CARTESIAN_POINT('',(-2.65,0.673724317761));
#14038 = VECTOR('',#14039,1.);
#14039 = DIRECTION('',(1.,2.736911063134E-48));
#14040 = ( GEOMETRIC_REPRESENTATION_CONTEXT(2) 
PARAMETRIC_REPRESENTATION_CONTEXT() REPRESENTATION_CONTEXT('2D SPACE',''
  ) );
#14041 = ORIENTED_EDGE('',*,*,#14042,.F.);
#14042 = EDGE_CURVE('',#14043,#14020,#14045,.T.);
#14043 = VERTEX_POINT('',#14044);
#14044 = CARTESIAN_POINT('',(3.4,-0.125,0.31));
#14045 = SURFACE_CURVE('',#14046,(#14050,#14057),.PCURVE_S1.);
#14046 = LINE('',#14047,#14048);
#14047 = CARTESIAN_POINT('',(-13.5,-0.125,0.31));
#14048 = VECTOR('',#14049,1.);
#14049 = DIRECTION('',(-1.,5.243344273594E-32,2.289834988289E-16));
#14050 = PCURVE('',#8869,#14051);
#14051 = DEFINITIONAL_REPRESENTATION('',(#14052),#14056);
#14052 = LINE('',#14053,#14054);
#14053 = CARTESIAN_POINT('',(-3.731390196826E-16,15.825));
#14054 = VECTOR('',#14055,1.);
#14055 = DIRECTION('',(0.,1.));
#14056 = ( GEOMETRIC_REPRESENTATION_CONTEXT(2) 
PARAMETRIC_REPRESENTATION_CONTEXT() REPRESENTATION_CONTEXT('2D SPACE',''
  ) );
#14057 = PCURVE('',#14058,#14063);
#14058 = PLANE('',#14059);
#14059 = AXIS2_PLACEMENT_3D('',#14060,#14061,#14062);
#14060 = CARTESIAN_POINT('',(3.3,-0.835,0.31));
#14061 = DIRECTION('',(-2.289834988289E-16,-1.065228634467E-16,-1.));
#14062 = DIRECTION('',(2.804146475864E-32,1.,-1.065228634467E-16));
#14063 = DEFINITIONAL_REPRESENTATION('',(#14064),#14068);
#14064 = LINE('',#14065,#14066);
#14065 = CARTESIAN_POINT('',(0.71,-16.8));
#14066 = VECTOR('',#14067,1.);
#14067 = DIRECTION('',(-9.031806508344E-47,-1.));
#14068 = ( GEOMETRIC_REPRESENTATION_CONTEXT(2) 
PARAMETRIC_REPRESENTATION_CONTEXT() REPRESENTATION_CONTEXT('2D SPACE',''
  ) );
#14069 = ORIENTED_EDGE('',*,*,#14070,.F.);
#14070 = EDGE_CURVE('',#9234,#14043,#14071,.T.);
#14071 = SURFACE_CURVE('',#14072,(#14076,#14083),.PCURVE_S1.);
#14072 = LINE('',#14073,#14074);
#14073 = CARTESIAN_POINT('',(3.4,-0.125,0.841614));
#14074 = VECTOR('',#14075,1.);
#14075 = DIRECTION('',(-2.289834988289E-16,-1.065228634467E-16,-1.));
#14076 = PCURVE('',#8869,#14077);
#14077 = DEFINITIONAL_REPRESENTATION('',(#14078),#14082);
#14078 = LINE('',#14079,#14080);
#14079 = CARTESIAN_POINT('',(-0.531614,-1.075));
#14080 = VECTOR('',#14081,1.);
#14081 = DIRECTION('',(1.,0.));
#14082 = ( GEOMETRIC_REPRESENTATION_CONTEXT(2) 
PARAMETRIC_REPRESENTATION_CONTEXT() REPRESENTATION_CONTEXT('2D SPACE',''
  ) );
#14083 = PCURVE('',#9272,#14084);
#14084 = DEFINITIONAL_REPRESENTATION('',(#14085),#14089);
#14085 = LINE('',#14086,#14087);
#14086 = CARTESIAN_POINT('',(7.071067811865E-02,0.166614));
#14087 = VECTOR('',#14088,1.);
#14088 = DIRECTION('',(1.962615573355E-16,-1.));
#14089 = ( GEOMETRIC_REPRESENTATION_CONTEXT(2) 
PARAMETRIC_REPRESENTATION_CONTEXT() REPRESENTATION_CONTEXT('2D SPACE',''
  ) );
#14090 = ORIENTED_EDGE('',*,*,#9233,.T.);
#14091 = ORIENTED_EDGE('',*,*,#13972,.T.);
#14092 = ORIENTED_EDGE('',*,*,#12225,.F.);
#14093 = ORIENTED_EDGE('',*,*,#12125,.T.);
#14094 = ORIENTED_EDGE('',*,*,#9987,.F.);
#14095 = ORIENTED_EDGE('',*,*,#14096,.F.);
#14096 = EDGE_CURVE('',#8854,#9965,#14097,.T.);
#14097 = SURFACE_CURVE('',#14098,(#14102,#14109),.PCURVE_S1.);
#14098 = LINE('',#14099,#14100);
#14099 = CARTESIAN_POINT('',(-13.5,-0.125,15.98));
#14100 = VECTOR('',#14101,1.);
#14101 = DIRECTION('',(0.707106781187,-1.064046335705E-16,
    -0.707106781187));
#14102 = PCURVE('',#8869,#14103);
#14103 = DEFINITIONAL_REPRESENTATION('',(#14104),#14108);
#14104 = LINE('',#14105,#14106);
#14105 = CARTESIAN_POINT('',(-15.67,15.825));
#14106 = VECTOR('',#14107,1.);
#14107 = DIRECTION('',(0.707106781187,-0.707106781187));
#14108 = ( GEOMETRIC_REPRESENTATION_CONTEXT(2) 
PARAMETRIC_REPRESENTATION_CONTEXT() REPRESENTATION_CONTEXT('2D SPACE',''
  ) );
#14109 = PCURVE('',#8895,#14110);
#14110 = DEFINITIONAL_REPRESENTATION('',(#14111),#14115);
#14111 = LINE('',#14112,#14113);
#14112 = CARTESIAN_POINT('',(22.521350980791,-0.15));
#14113 = VECTOR('',#14114,1.);
#14114 = DIRECTION('',(-1.,-5.551115123126E-17));
#14115 = ( GEOMETRIC_REPRESENTATION_CONTEXT(2) 
PARAMETRIC_REPRESENTATION_CONTEXT() REPRESENTATION_CONTEXT('2D SPACE',''
  ) );
#14116 = ORIENTED_EDGE('',*,*,#8853,.F.);
#14117 = ADVANCED_FACE('',(#14118),#14132,.T.);
#14118 = FACE_BOUND('',#14119,.T.);
#14119 = EDGE_LOOP('',(#14120,#14155,#14183,#14212,#14240,#14268,#14296,
    #14324,#14353,#14381,#14404));
#14120 = ORIENTED_EDGE('',*,*,#14121,.T.);
#14121 = EDGE_CURVE('',#14122,#14124,#14126,.T.);
#14122 = VERTEX_POINT('',#14123);
#14123 = CARTESIAN_POINT('',(1.325,-0.125,8.E-02));
#14124 = VERTEX_POINT('',#14125);
#14125 = CARTESIAN_POINT('',(1.325,-0.125,7.866077735406E-02));
#14126 = SURFACE_CURVE('',#14127,(#14131,#14143),.PCURVE_S1.);
#14127 = LINE('',#14128,#14129);
#14128 = CARTESIAN_POINT('',(1.325,-0.125,0.841614));
#14129 = VECTOR('',#14130,1.);
#14130 = DIRECTION('',(-2.289834988289E-16,-1.065228634467E-16,-1.));
#14131 = PCURVE('',#14132,#14137);
#14132 = PLANE('',#14133);
#14133 = AXIS2_PLACEMENT_3D('',#14134,#14135,#14136);
#14134 = CARTESIAN_POINT('',(1.325,0.120779075398,0.170500231015));
#14135 = DIRECTION('',(1.,-5.243344273594E-32,-2.289834988289E-16));
#14136 = DIRECTION('',(5.243344273594E-32,1.,0.));
#14137 = DEFINITIONAL_REPRESENTATION('',(#14138),#14142);
#14138 = LINE('',#14139,#14140);
#14139 = CARTESIAN_POINT('',(-0.245779075398,0.671113768985));
#14140 = VECTOR('',#14141,1.);
#14141 = DIRECTION('',(-1.065228634467E-16,-1.));
#14142 = ( GEOMETRIC_REPRESENTATION_CONTEXT(2) 
PARAMETRIC_REPRESENTATION_CONTEXT() REPRESENTATION_CONTEXT('2D SPACE',''
  ) );
#14143 = PCURVE('',#14144,#14149);
#14144 = PLANE('',#14145);
#14145 = AXIS2_PLACEMENT_3D('',#14146,#14147,#14148);
#14146 = CARTESIAN_POINT('',(1.325,-0.125,7.866077735406E-02));
#14147 = DIRECTION('',(2.804146475864E-32,1.,-1.065228634467E-16));
#14148 = DIRECTION('',(-2.289834988289E-16,-1.065228634467E-16,-1.));
#14149 = DEFINITIONAL_REPRESENTATION('',(#14150),#14154);
#14150 = LINE('',#14151,#14152);
#14151 = CARTESIAN_POINT('',(-0.762953222646,1.747036983643E-16));
#14152 = VECTOR('',#14153,1.);
#14153 = DIRECTION('',(1.,0.));
#14154 = ( GEOMETRIC_REPRESENTATION_CONTEXT(2) 
PARAMETRIC_REPRESENTATION_CONTEXT() REPRESENTATION_CONTEXT('2D SPACE',''
  ) );
#14155 = ORIENTED_EDGE('',*,*,#14156,.F.);
#14156 = EDGE_CURVE('',#14157,#14124,#14159,.T.);
#14157 = VERTEX_POINT('',#14158);
#14158 = CARTESIAN_POINT('',(1.325,-0.181813366389,6.541154699934E-02));
#14159 = SURFACE_CURVE('',#14160,(#14164,#14171),.PCURVE_S1.);
#14160 = LINE('',#14161,#14162);
#14161 = CARTESIAN_POINT('',(1.325,-0.430137,7.500931358165E-03));
#14162 = VECTOR('',#14163,1.);
#14163 = DIRECTION('',(5.200494915182E-17,0.973868596229,0.227112212966)
  );
#14164 = PCURVE('',#14132,#14165);
#14165 = DEFINITIONAL_REPRESENTATION('',(#14166),#14170);
#14166 = LINE('',#14167,#14168);
#14167 = CARTESIAN_POINT('',(-0.550916075398,-0.162999299657));
#14168 = VECTOR('',#14169,1.);
#14169 = DIRECTION('',(0.973868596229,0.227112212966));
#14170 = ( GEOMETRIC_REPRESENTATION_CONTEXT(2) 
PARAMETRIC_REPRESENTATION_CONTEXT() REPRESENTATION_CONTEXT('2D SPACE',''
  ) );
#14171 = PCURVE('',#14172,#14177);
#14172 = PLANE('',#14173);
#14173 = AXIS2_PLACEMENT_3D('',#14174,#14175,#14176);
#14174 = CARTESIAN_POINT('',(1.175,-0.181813366389,6.541154699934E-02));
#14175 = DIRECTION('',(2.229998385642E-16,-0.227112212966,0.973868596229
    ));
#14176 = DIRECTION('',(5.200494915182E-17,0.973868596229,0.227112212966)
  );
#14177 = DEFINITIONAL_REPRESENTATION('',(#14178),#14182);
#14178 = LINE('',#14179,#14180);
#14179 = CARTESIAN_POINT('',(-0.254986796548,-0.15));
#14180 = VECTOR('',#14181,1.);
#14181 = DIRECTION('',(1.,-3.697785493223E-32));
#14182 = ( GEOMETRIC_REPRESENTATION_CONTEXT(2) 
PARAMETRIC_REPRESENTATION_CONTEXT() REPRESENTATION_CONTEXT('2D SPACE',''
  ) );
#14183 = ORIENTED_EDGE('',*,*,#14184,.T.);
#14184 = EDGE_CURVE('',#14157,#14185,#14187,.T.);
#14185 = VERTEX_POINT('',#14186);
#14186 = CARTESIAN_POINT('',(1.325,-0.205,3.619548911246E-02));
#14187 = SURFACE_CURVE('',#14188,(#14193,#14200),.PCURVE_S1.);
#14188 = CIRCLE('',#14189,3.E-02);
#14189 = AXIS2_PLACEMENT_3D('',#14190,#14191,#14192);
#14190 = CARTESIAN_POINT('',(1.325,-0.175,3.619548911246E-02));
#14191 = DIRECTION('',(1.,-5.243344273594E-32,-2.289834988289E-16));
#14192 = DIRECTION('',(-2.080052407982E-46,1.,-2.289834988289E-16));
#14193 = PCURVE('',#14132,#14194);
#14194 = DEFINITIONAL_REPRESENTATION('',(#14195),#14199);
#14195 = CIRCLE('',#14196,3.E-02);
#14196 = AXIS2_PLACEMENT_2D('',#14197,#14198);
#14197 = CARTESIAN_POINT('',(-0.295779075398,-0.134304741903));
#14198 = DIRECTION('',(1.,-2.289834988289E-16));
#14199 = ( GEOMETRIC_REPRESENTATION_CONTEXT(2) 
PARAMETRIC_REPRESENTATION_CONTEXT() REPRESENTATION_CONTEXT('2D SPACE',''
  ) );
#14200 = PCURVE('',#14201,#14206);
#14201 = CYLINDRICAL_SURFACE('',#14202,3.E-02);
#14202 = AXIS2_PLACEMENT_3D('',#14203,#14204,#14205);
#14203 = CARTESIAN_POINT('',(1.175,-0.175,3.619548911246E-02));
#14204 = DIRECTION('',(1.,-5.243344273594E-32,-2.289834988289E-16));
#14205 = DIRECTION('',(-2.080052407982E-46,1.,-2.289834988289E-16));
#14206 = DEFINITIONAL_REPRESENTATION('',(#14207),#14211);
#14207 = LINE('',#14208,#14209);
#14208 = CARTESIAN_POINT('',(-2.22044604925E-16,0.15));
#14209 = VECTOR('',#14210,1.);
#14210 = DIRECTION('',(1.,0.));
#14211 = ( GEOMETRIC_REPRESENTATION_CONTEXT(2) 
PARAMETRIC_REPRESENTATION_CONTEXT() REPRESENTATION_CONTEXT('2D SPACE',''
  ) );
#14212 = ORIENTED_EDGE('',*,*,#14213,.F.);
#14213 = EDGE_CURVE('',#14214,#14185,#14216,.T.);
#14214 = VERTEX_POINT('',#14215);
#14215 = CARTESIAN_POINT('',(1.325,-0.205,-1.221245327088E-15));
#14216 = SURFACE_CURVE('',#14217,(#14221,#14228),.PCURVE_S1.);
#14217 = LINE('',#14218,#14219);
#14218 = CARTESIAN_POINT('',(1.325,-0.205,0.841614));
#14219 = VECTOR('',#14220,1.);
#14220 = DIRECTION('',(2.289834988289E-16,2.289834988289E-16,1.));
#14221 = PCURVE('',#14132,#14222);
#14222 = DEFINITIONAL_REPRESENTATION('',(#14223),#14227);
#14223 = LINE('',#14224,#14225);
#14224 = CARTESIAN_POINT('',(-0.325779075398,0.671113768985));
#14225 = VECTOR('',#14226,1.);
#14226 = DIRECTION('',(2.289834988289E-16,1.));
#14227 = ( GEOMETRIC_REPRESENTATION_CONTEXT(2) 
PARAMETRIC_REPRESENTATION_CONTEXT() REPRESENTATION_CONTEXT('2D SPACE',''
  ) );
#14228 = PCURVE('',#14229,#14234);
#14229 = PLANE('',#14230);
#14230 = AXIS2_PLACEMENT_3D('',#14231,#14232,#14233);
#14231 = CARTESIAN_POINT('',(1.175,-0.205,-1.110223024625E-15));
#14232 = DIRECTION('',(0.,-1.,2.289834988289E-16));
#14233 = DIRECTION('',(2.289834988289E-16,2.289834988289E-16,1.));
#14234 = DEFINITIONAL_REPRESENTATION('',(#14235),#14239);
#14235 = LINE('',#14236,#14237);
#14236 = CARTESIAN_POINT('',(0.841614,-0.15));
#14237 = VECTOR('',#14238,1.);
#14238 = DIRECTION('',(1.,0.));
#14239 = ( GEOMETRIC_REPRESENTATION_CONTEXT(2) 
PARAMETRIC_REPRESENTATION_CONTEXT() REPRESENTATION_CONTEXT('2D SPACE',''
  ) );
#14240 = ORIENTED_EDGE('',*,*,#14241,.F.);
#14241 = EDGE_CURVE('',#14242,#14214,#14244,.T.);
#14242 = VERTEX_POINT('',#14243);
#14243 = CARTESIAN_POINT('',(1.325,0.125,-1.33226762955E-15));
#14244 = SURFACE_CURVE('',#14245,(#14249,#14256),.PCURVE_S1.);
#14245 = LINE('',#14246,#14247);
#14246 = CARTESIAN_POINT('',(1.325,-0.430137,-1.221245327088E-15));
#14247 = VECTOR('',#14248,1.);
#14248 = DIRECTION('',(0.,-1.,2.289834988289E-16));
#14249 = PCURVE('',#14132,#14250);
#14250 = DEFINITIONAL_REPRESENTATION('',(#14251),#14255);
#14251 = LINE('',#14252,#14253);
#14252 = CARTESIAN_POINT('',(-0.550916075398,-0.170500231015));
#14253 = VECTOR('',#14254,1.);
#14254 = DIRECTION('',(-1.,2.289834988289E-16));
#14255 = ( GEOMETRIC_REPRESENTATION_CONTEXT(2) 
PARAMETRIC_REPRESENTATION_CONTEXT() REPRESENTATION_CONTEXT('2D SPACE',''
  ) );
#14256 = PCURVE('',#14257,#14262);
#14257 = PLANE('',#14258);
#14258 = AXIS2_PLACEMENT_3D('',#14259,#14260,#14261);
#14259 = CARTESIAN_POINT('',(1.175,0.125,-1.221245327088E-15));
#14260 = DIRECTION('',(-2.289834988289E-16,-2.289834988289E-16,-1.));
#14261 = DIRECTION('',(0.,-1.,2.289834988289E-16));
#14262 = DEFINITIONAL_REPRESENTATION('',(#14263),#14267);
#14263 = LINE('',#14264,#14265);
#14264 = CARTESIAN_POINT('',(0.555137,-0.15));
#14265 = VECTOR('',#14266,1.);
#14266 = DIRECTION('',(1.,0.));
#14267 = ( GEOMETRIC_REPRESENTATION_CONTEXT(2) 
PARAMETRIC_REPRESENTATION_CONTEXT() REPRESENTATION_CONTEXT('2D SPACE',''
  ) );
#14268 = ORIENTED_EDGE('',*,*,#14269,.F.);
#14269 = EDGE_CURVE('',#14270,#14242,#14272,.T.);
#14270 = VERTEX_POINT('',#14271);
#14271 = CARTESIAN_POINT('',(1.325,0.175,5.E-02));
#14272 = SURFACE_CURVE('',#14273,(#14277,#14284),.PCURVE_S1.);
#14273 = LINE('',#14274,#14275);
#14274 = CARTESIAN_POINT('',(1.325,-0.430137,-0.555137));
#14275 = VECTOR('',#14276,1.);
#14276 = DIRECTION('',(-1.619157848018E-16,-0.707106781187,
    -0.707106781186));
#14277 = PCURVE('',#14132,#14278);
#14278 = DEFINITIONAL_REPRESENTATION('',(#14279),#14283);
#14279 = LINE('',#14280,#14281);
#14280 = CARTESIAN_POINT('',(-0.550916075398,-0.725637231015));
#14281 = VECTOR('',#14282,1.);
#14282 = DIRECTION('',(-0.707106781187,-0.707106781186));
#14283 = ( GEOMETRIC_REPRESENTATION_CONTEXT(2) 
PARAMETRIC_REPRESENTATION_CONTEXT() REPRESENTATION_CONTEXT('2D SPACE',''
  ) );
#14284 = PCURVE('',#14285,#14290);
#14285 = PLANE('',#14286);
#14286 = AXIS2_PLACEMENT_3D('',#14287,#14288,#14289);
#14287 = CARTESIAN_POINT('',(1.175,0.175,5.E-02));
#14288 = DIRECTION('',(-1.619157848018E-16,0.707106781186,
    -0.707106781187));
#14289 = DIRECTION('',(-1.619157848018E-16,-0.707106781187,
    -0.707106781186));
#14290 = DEFINITIONAL_REPRESENTATION('',(#14291),#14295);
#14291 = LINE('',#14292,#14293);
#14292 = CARTESIAN_POINT('',(0.855792952494,-0.15));
#14293 = VECTOR('',#14294,1.);
#14294 = DIRECTION('',(1.,-7.395570986447E-32));
#14295 = ( GEOMETRIC_REPRESENTATION_CONTEXT(2) 
PARAMETRIC_REPRESENTATION_CONTEXT() REPRESENTATION_CONTEXT('2D SPACE',''
  ) );
#14296 = ORIENTED_EDGE('',*,*,#14297,.F.);
#14297 = EDGE_CURVE('',#14298,#14270,#14300,.T.);
#14298 = VERTEX_POINT('',#14299);
#14299 = CARTESIAN_POINT('',(1.325,0.175,0.11));
#14300 = SURFACE_CURVE('',#14301,(#14305,#14312),.PCURVE_S1.);
#14301 = LINE('',#14302,#14303);
#14302 = CARTESIAN_POINT('',(1.325,0.175,0.841614));
#14303 = VECTOR('',#14304,1.);
#14304 = DIRECTION('',(-2.289834988289E-16,-2.289834988289E-16,-1.));
#14305 = PCURVE('',#14132,#14306);
#14306 = DEFINITIONAL_REPRESENTATION('',(#14307),#14311);
#14307 = LINE('',#14308,#14309);
#14308 = CARTESIAN_POINT('',(5.422092460224E-02,0.671113768985));
#14309 = VECTOR('',#14310,1.);
#14310 = DIRECTION('',(-2.289834988289E-16,-1.));
#14311 = ( GEOMETRIC_REPRESENTATION_CONTEXT(2) 
PARAMETRIC_REPRESENTATION_CONTEXT() REPRESENTATION_CONTEXT('2D SPACE',''
  ) );
#14312 = PCURVE('',#14313,#14318);
#14313 = PLANE('',#14314);
#14314 = AXIS2_PLACEMENT_3D('',#14315,#14316,#14317);
#14315 = CARTESIAN_POINT('',(1.175,0.175,0.11));
#14316 = DIRECTION('',(0.,1.,-2.289834988289E-16));
#14317 = DIRECTION('',(-2.289834988289E-16,-2.289834988289E-16,-1.));
#14318 = DEFINITIONAL_REPRESENTATION('',(#14319),#14323);
#14319 = LINE('',#14320,#14321);
#14320 = CARTESIAN_POINT('',(-0.731614,-0.15));
#14321 = VECTOR('',#14322,1.);
#14322 = DIRECTION('',(1.,0.));
#14323 = ( GEOMETRIC_REPRESENTATION_CONTEXT(2) 
PARAMETRIC_REPRESENTATION_CONTEXT() REPRESENTATION_CONTEXT('2D SPACE',''
  ) );
#14324 = ORIENTED_EDGE('',*,*,#14325,.F.);
#14325 = EDGE_CURVE('',#14326,#14298,#14328,.T.);
#14326 = VERTEX_POINT('',#14327);
#14327 = CARTESIAN_POINT('',(1.325,0.225,0.16));
#14328 = SURFACE_CURVE('',#14329,(#14334,#14341),.PCURVE_S1.);
#14329 = CIRCLE('',#14330,5.E-02);
#14330 = AXIS2_PLACEMENT_3D('',#14331,#14332,#14333);
#14331 = CARTESIAN_POINT('',(1.325,0.225,0.11));
#14332 = DIRECTION('',(1.,-5.243344273594E-32,-2.289834988289E-16));
#14333 = DIRECTION('',(-2.080052407982E-46,1.,-2.289834988289E-16));
#14334 = PCURVE('',#14132,#14335);
#14335 = DEFINITIONAL_REPRESENTATION('',(#14336),#14340);
#14336 = CIRCLE('',#14337,5.E-02);
#14337 = AXIS2_PLACEMENT_2D('',#14338,#14339);
#14338 = CARTESIAN_POINT('',(0.104220924602,-6.050023101547E-02));
#14339 = DIRECTION('',(1.,-2.289834988289E-16));
#14340 = ( GEOMETRIC_REPRESENTATION_CONTEXT(2) 
PARAMETRIC_REPRESENTATION_CONTEXT() REPRESENTATION_CONTEXT('2D SPACE',''
  ) );
#14341 = PCURVE('',#14342,#14347);
#14342 = CYLINDRICAL_SURFACE('',#14343,5.E-02);
#14343 = AXIS2_PLACEMENT_3D('',#14344,#14345,#14346);
#14344 = CARTESIAN_POINT('',(1.175,0.225,0.11));
#14345 = DIRECTION('',(1.,-5.243344273594E-32,-2.289834988289E-16));
#14346 = DIRECTION('',(-2.080052407982E-46,1.,-2.289834988289E-16));
#14347 = DEFINITIONAL_REPRESENTATION('',(#14348),#14352);
#14348 = LINE('',#14349,#14350);
#14349 = CARTESIAN_POINT('',(-2.22044604925E-16,0.15));
#14350 = VECTOR('',#14351,1.);
#14351 = DIRECTION('',(1.,0.));
#14352 = ( GEOMETRIC_REPRESENTATION_CONTEXT(2) 
PARAMETRIC_REPRESENTATION_CONTEXT() REPRESENTATION_CONTEXT('2D SPACE',''
  ) );
#14353 = ORIENTED_EDGE('',*,*,#14354,.F.);
#14354 = EDGE_CURVE('',#14355,#14326,#14357,.T.);
#14355 = VERTEX_POINT('',#14356);
#14356 = CARTESIAN_POINT('',(1.325,0.225,0.31));
#14357 = SURFACE_CURVE('',#14358,(#14362,#14369),.PCURVE_S1.);
#14358 = LINE('',#14359,#14360);
#14359 = CARTESIAN_POINT('',(1.325,0.225,0.841614));
#14360 = VECTOR('',#14361,1.);
#14361 = DIRECTION('',(-2.289834988289E-16,-2.289834988289E-16,-1.));
#14362 = PCURVE('',#14132,#14363);
#14363 = DEFINITIONAL_REPRESENTATION('',(#14364),#14368);
#14364 = LINE('',#14365,#14366);
#14365 = CARTESIAN_POINT('',(0.104220924602,0.671113768985));
#14366 = VECTOR('',#14367,1.);
#14367 = DIRECTION('',(-2.289834988289E-16,-1.));
#14368 = ( GEOMETRIC_REPRESENTATION_CONTEXT(2) 
PARAMETRIC_REPRESENTATION_CONTEXT() REPRESENTATION_CONTEXT('2D SPACE',''
  ) );
#14369 = PCURVE('',#14370,#14375);
#14370 = PLANE('',#14371);
#14371 = AXIS2_PLACEMENT_3D('',#14372,#14373,#14374);
#14372 = CARTESIAN_POINT('',(1.175,0.225,0.31));
#14373 = DIRECTION('',(0.,1.,-2.289834988289E-16));
#14374 = DIRECTION('',(-2.289834988289E-16,-2.289834988289E-16,-1.));
#14375 = DEFINITIONAL_REPRESENTATION('',(#14376),#14380);
#14376 = LINE('',#14377,#14378);
#14377 = CARTESIAN_POINT('',(-0.531614,-0.15));
#14378 = VECTOR('',#14379,1.);
#14379 = DIRECTION('',(1.,0.));
#14380 = ( GEOMETRIC_REPRESENTATION_CONTEXT(2) 
PARAMETRIC_REPRESENTATION_CONTEXT() REPRESENTATION_CONTEXT('2D SPACE',''
  ) );
#14381 = ORIENTED_EDGE('',*,*,#14382,.F.);
#14382 = EDGE_CURVE('',#14383,#14355,#14385,.T.);
#14383 = VERTEX_POINT('',#14384);
#14384 = CARTESIAN_POINT('',(1.325,-0.125,0.31));
#14385 = SURFACE_CURVE('',#14386,(#14390,#14397),.PCURVE_S1.);
#14386 = LINE('',#14387,#14388);
#14387 = CARTESIAN_POINT('',(1.325,-0.430137,0.31));
#14388 = VECTOR('',#14389,1.);
#14389 = DIRECTION('',(2.804146475864E-32,1.,-1.065228634467E-16));
#14390 = PCURVE('',#14132,#14391);
#14391 = DEFINITIONAL_REPRESENTATION('',(#14392),#14396);
#14392 = LINE('',#14393,#14394);
#14393 = CARTESIAN_POINT('',(-0.550916075398,0.139499768985));
#14394 = VECTOR('',#14395,1.);
#14395 = DIRECTION('',(1.,-1.065228634467E-16));
#14396 = ( GEOMETRIC_REPRESENTATION_CONTEXT(2) 
PARAMETRIC_REPRESENTATION_CONTEXT() REPRESENTATION_CONTEXT('2D SPACE',''
  ) );
#14397 = PCURVE('',#512,#14398);
#14398 = DEFINITIONAL_REPRESENTATION('',(#14399),#14403);
#14399 = LINE('',#14400,#14401);
#14400 = CARTESIAN_POINT('',(2.5E-02,0.978861317761));
#14401 = VECTOR('',#14402,1.);
#14402 = DIRECTION('',(-9.031806508344E-47,-1.));
#14403 = ( GEOMETRIC_REPRESENTATION_CONTEXT(2) 
PARAMETRIC_REPRESENTATION_CONTEXT() REPRESENTATION_CONTEXT('2D SPACE',''
  ) );
#14404 = ORIENTED_EDGE('',*,*,#14405,.T.);
#14405 = EDGE_CURVE('',#14383,#14122,#14406,.T.);
#14406 = SURFACE_CURVE('',#14407,(#14411,#14418),.PCURVE_S1.);
#14407 = LINE('',#14408,#14409);
#14408 = CARTESIAN_POINT('',(1.325,-0.125,0.841614));
#14409 = VECTOR('',#14410,1.);
#14410 = DIRECTION('',(-2.289834988289E-16,-1.065228634467E-16,-1.));
#14411 = PCURVE('',#14132,#14412);
#14412 = DEFINITIONAL_REPRESENTATION('',(#14413),#14417);
#14413 = LINE('',#14414,#14415);
#14414 = CARTESIAN_POINT('',(-0.245779075398,0.671113768985));
#14415 = VECTOR('',#14416,1.);
#14416 = DIRECTION('',(-1.065228634467E-16,-1.));
#14417 = ( GEOMETRIC_REPRESENTATION_CONTEXT(2) 
PARAMETRIC_REPRESENTATION_CONTEXT() REPRESENTATION_CONTEXT('2D SPACE',''
  ) );
#14418 = PCURVE('',#9857,#14419);
#14419 = DEFINITIONAL_REPRESENTATION('',(#14420),#14424);
#14420 = LINE('',#14421,#14422);
#14421 = CARTESIAN_POINT('',(-0.531614,4.));
#14422 = VECTOR('',#14423,1.);
#14423 = DIRECTION('',(1.,0.));
#14424 = ( GEOMETRIC_REPRESENTATION_CONTEXT(2) 
PARAMETRIC_REPRESENTATION_CONTEXT() REPRESENTATION_CONTEXT('2D SPACE',''
  ) );
#14425 = ADVANCED_FACE('',(#14426),#512,.F.);
#14426 = FACE_BOUND('',#14427,.T.);
#14427 = EDGE_LOOP('',(#14428,#14429,#14450,#14451,#14474,#14495,#14496,
    #14519,#14547,#14575,#14603,#14624,#14625,#14648,#14676,#14699,
    #14727,#14755,#14783,#14806,#14834,#14862,#14890,#14911,#14912,
    #14913,#14914,#14915,#14916,#14917,#14918,#14919,#14920,#14921,
    #14922,#14923,#14924,#14925,#14926,#14927,#14928,#14929,#14930,
    #14931));
#14428 = ORIENTED_EDGE('',*,*,#11741,.F.);
#14429 = ORIENTED_EDGE('',*,*,#14430,.T.);
#14430 = EDGE_CURVE('',#11719,#14020,#14431,.T.);
#14431 = SURFACE_CURVE('',#14432,(#14436,#14443),.PCURVE_S1.);
#14432 = LINE('',#14433,#14434);
#14433 = CARTESIAN_POINT('',(3.27,-7.939768223874E-02,0.31));
#14434 = VECTOR('',#14435,1.);
#14435 = DIRECTION('',(-2.804146475864E-32,-1.,1.065228634467E-16));
#14436 = PCURVE('',#512,#14437);
#14437 = DEFINITIONAL_REPRESENTATION('',(#14438),#14442);
#14438 = LINE('',#14439,#14440);
#14439 = CARTESIAN_POINT('',(-1.92,0.628122));
#14440 = VECTOR('',#14441,1.);
#14441 = DIRECTION('',(9.031806508344E-47,1.));
#14442 = ( GEOMETRIC_REPRESENTATION_CONTEXT(2) 
PARAMETRIC_REPRESENTATION_CONTEXT() REPRESENTATION_CONTEXT('2D SPACE',''
  ) );
#14443 = PCURVE('',#4619,#14444);
#14444 = DEFINITIONAL_REPRESENTATION('',(#14445),#14449);
#14445 = LINE('',#14446,#14447);
#14446 = CARTESIAN_POINT('',(-1.176766594325E-16,1.104708));
#14447 = VECTOR('',#14448,1.);
#14448 = DIRECTION('',(-1.,0.));
#14449 = ( GEOMETRIC_REPRESENTATION_CONTEXT(2) 
PARAMETRIC_REPRESENTATION_CONTEXT() REPRESENTATION_CONTEXT('2D SPACE',''
  ) );
#14450 = ORIENTED_EDGE('',*,*,#14019,.T.);
#14451 = ORIENTED_EDGE('',*,*,#14452,.F.);
#14452 = EDGE_CURVE('',#14453,#13997,#14455,.T.);
#14453 = VERTEX_POINT('',#14454);
#14454 = CARTESIAN_POINT('',(2.325,0.225,0.31));
#14455 = SURFACE_CURVE('',#14456,(#14460,#14467),.PCURVE_S1.);
#14456 = LINE('',#14457,#14458);
#14457 = CARTESIAN_POINT('',(2.325,-0.430137,0.31));
#14458 = VECTOR('',#14459,1.);
#14459 = DIRECTION('',(-2.804146475864E-32,-1.,1.065228634467E-16));
#14460 = PCURVE('',#512,#14461);
#14461 = DEFINITIONAL_REPRESENTATION('',(#14462),#14466);
#14462 = LINE('',#14463,#14464);
#14463 = CARTESIAN_POINT('',(-0.975,0.978861317761));
#14464 = VECTOR('',#14465,1.);
#14465 = DIRECTION('',(9.031806508344E-47,1.));
#14466 = ( GEOMETRIC_REPRESENTATION_CONTEXT(2) 
PARAMETRIC_REPRESENTATION_CONTEXT() REPRESENTATION_CONTEXT('2D SPACE',''
  ) );
#14467 = PCURVE('',#11619,#14468);
#14468 = DEFINITIONAL_REPRESENTATION('',(#14469),#14473);
#14469 = LINE('',#14470,#14471);
#14470 = CARTESIAN_POINT('',(-0.550916075398,0.139499768985));
#14471 = VECTOR('',#14472,1.);
#14472 = DIRECTION('',(-1.,1.065228634467E-16));
#14473 = ( GEOMETRIC_REPRESENTATION_CONTEXT(2) 
PARAMETRIC_REPRESENTATION_CONTEXT() REPRESENTATION_CONTEXT('2D SPACE',''
  ) );
#14474 = ORIENTED_EDGE('',*,*,#14475,.F.);
#14475 = EDGE_CURVE('',#11137,#14453,#14476,.T.);
#14476 = SURFACE_CURVE('',#14477,(#14481,#14488),.PCURVE_S1.);
#14477 = LINE('',#14478,#14479);
#14478 = CARTESIAN_POINT('',(4.5,0.225,0.31));
#14479 = VECTOR('',#14480,1.);
#14480 = DIRECTION('',(1.,-5.243344273594E-32,-2.289834988289E-16));
#14481 = PCURVE('',#512,#14482);
#14482 = DEFINITIONAL_REPRESENTATION('',(#14483),#14487);
#14483 = LINE('',#14484,#14485);
#14484 = CARTESIAN_POINT('',(-3.15,0.323724317761));
#14485 = VECTOR('',#14486,1.);
#14486 = DIRECTION('',(-1.,-2.736911063134E-48));
#14487 = ( GEOMETRIC_REPRESENTATION_CONTEXT(2) 
PARAMETRIC_REPRESENTATION_CONTEXT() REPRESENTATION_CONTEXT('2D SPACE',''
  ) );
#14488 = PCURVE('',#11175,#14489);
#14489 = DEFINITIONAL_REPRESENTATION('',(#14490),#14494);
#14490 = LINE('',#14491,#14492);
#14491 = CARTESIAN_POINT('',(2.465215531711E-15,-2.325));
#14492 = VECTOR('',#14493,1.);
#14493 = DIRECTION('',(0.,-1.));
#14494 = ( GEOMETRIC_REPRESENTATION_CONTEXT(2) 
PARAMETRIC_REPRESENTATION_CONTEXT() REPRESENTATION_CONTEXT('2D SPACE',''
  ) );
#14495 = ORIENTED_EDGE('',*,*,#11136,.T.);
#14496 = ORIENTED_EDGE('',*,*,#14497,.F.);
#14497 = EDGE_CURVE('',#14498,#11109,#14500,.T.);
#14498 = VERTEX_POINT('',#14499);
#14499 = CARTESIAN_POINT('',(1.825,-0.125,0.31));
#14500 = SURFACE_CURVE('',#14501,(#14505,#14512),.PCURVE_S1.);
#14501 = LINE('',#14502,#14503);
#14502 = CARTESIAN_POINT('',(4.,-0.125,0.31));
#14503 = VECTOR('',#14504,1.);
#14504 = DIRECTION('',(1.,-5.243344273594E-32,-2.289834988289E-16));
#14505 = PCURVE('',#512,#14506);
#14506 = DEFINITIONAL_REPRESENTATION('',(#14507),#14511);
#14507 = LINE('',#14508,#14509);
#14508 = CARTESIAN_POINT('',(-2.65,0.673724317761));
#14509 = VECTOR('',#14510,1.);
#14510 = DIRECTION('',(-1.,-2.736911063134E-48));
#14511 = ( GEOMETRIC_REPRESENTATION_CONTEXT(2) 
PARAMETRIC_REPRESENTATION_CONTEXT() REPRESENTATION_CONTEXT('2D SPACE',''
  ) );
#14512 = PCURVE('',#4014,#14513);
#14513 = DEFINITIONAL_REPRESENTATION('',(#14514),#14518);
#14514 = LINE('',#14515,#14516);
#14515 = CARTESIAN_POINT('',(6.156533616242E-16,-1.675));
#14516 = VECTOR('',#14517,1.);
#14517 = DIRECTION('',(0.,-1.));
#14518 = ( GEOMETRIC_REPRESENTATION_CONTEXT(2) 
PARAMETRIC_REPRESENTATION_CONTEXT() REPRESENTATION_CONTEXT('2D SPACE',''
  ) );
#14519 = ORIENTED_EDGE('',*,*,#14520,.F.);
#14520 = EDGE_CURVE('',#14521,#14498,#14523,.T.);
#14521 = VERTEX_POINT('',#14522);
#14522 = CARTESIAN_POINT('',(1.825,0.225,0.31));
#14523 = SURFACE_CURVE('',#14524,(#14528,#14535),.PCURVE_S1.);
#14524 = LINE('',#14525,#14526);
#14525 = CARTESIAN_POINT('',(1.825,-0.430137,0.31));
#14526 = VECTOR('',#14527,1.);
#14527 = DIRECTION('',(-2.804146475864E-32,-1.,1.065228634467E-16));
#14528 = PCURVE('',#512,#14529);
#14529 = DEFINITIONAL_REPRESENTATION('',(#14530),#14534);
#14530 = LINE('',#14531,#14532);
#14531 = CARTESIAN_POINT('',(-0.475,0.978861317761));
#14532 = VECTOR('',#14533,1.);
#14533 = DIRECTION('',(9.031806508344E-47,1.));
#14534 = ( GEOMETRIC_REPRESENTATION_CONTEXT(2) 
PARAMETRIC_REPRESENTATION_CONTEXT() REPRESENTATION_CONTEXT('2D SPACE',''
  ) );
#14535 = PCURVE('',#14536,#14541);
#14536 = PLANE('',#14537);
#14537 = AXIS2_PLACEMENT_3D('',#14538,#14539,#14540);
#14538 = CARTESIAN_POINT('',(1.825,0.120779075398,0.170500231015));
#14539 = DIRECTION('',(1.,-5.243344273594E-32,-2.289834988289E-16));
#14540 = DIRECTION('',(5.243344273594E-32,1.,0.));
#14541 = DEFINITIONAL_REPRESENTATION('',(#14542),#14546);
#14542 = LINE('',#14543,#14544);
#14543 = CARTESIAN_POINT('',(-0.550916075398,0.139499768985));
#14544 = VECTOR('',#14545,1.);
#14545 = DIRECTION('',(-1.,1.065228634467E-16));
#14546 = ( GEOMETRIC_REPRESENTATION_CONTEXT(2) 
PARAMETRIC_REPRESENTATION_CONTEXT() REPRESENTATION_CONTEXT('2D SPACE',''
  ) );
#14547 = ORIENTED_EDGE('',*,*,#14548,.F.);
#14548 = EDGE_CURVE('',#14549,#14521,#14551,.T.);
#14549 = VERTEX_POINT('',#14550);
#14550 = CARTESIAN_POINT('',(1.675,0.225,0.31));
#14551 = SURFACE_CURVE('',#14552,(#14556,#14563),.PCURVE_S1.);
#14552 = LINE('',#14553,#14554);
#14553 = CARTESIAN_POINT('',(4.5,0.225,0.31));
#14554 = VECTOR('',#14555,1.);
#14555 = DIRECTION('',(1.,-5.243344273594E-32,-2.289834988289E-16));
#14556 = PCURVE('',#512,#14557);
#14557 = DEFINITIONAL_REPRESENTATION('',(#14558),#14562);
#14558 = LINE('',#14559,#14560);
#14559 = CARTESIAN_POINT('',(-3.15,0.323724317761));
#14560 = VECTOR('',#14561,1.);
#14561 = DIRECTION('',(-1.,-2.736911063134E-48));
#14562 = ( GEOMETRIC_REPRESENTATION_CONTEXT(2) 
PARAMETRIC_REPRESENTATION_CONTEXT() REPRESENTATION_CONTEXT('2D SPACE',''
  ) );
#14563 = PCURVE('',#14564,#14569);
#14564 = PLANE('',#14565);
#14565 = AXIS2_PLACEMENT_3D('',#14566,#14567,#14568);
#14566 = CARTESIAN_POINT('',(1.675,0.225,0.31));
#14567 = DIRECTION('',(0.,1.,-2.289834988289E-16));
#14568 = DIRECTION('',(-2.289834988289E-16,-2.289834988289E-16,-1.));
#14569 = DEFINITIONAL_REPRESENTATION('',(#14570),#14574);
#14570 = LINE('',#14571,#14572);
#14571 = CARTESIAN_POINT('',(2.350723782296E-15,-2.825));
#14572 = VECTOR('',#14573,1.);
#14573 = DIRECTION('',(0.,-1.));
#14574 = ( GEOMETRIC_REPRESENTATION_CONTEXT(2) 
PARAMETRIC_REPRESENTATION_CONTEXT() REPRESENTATION_CONTEXT('2D SPACE',''
  ) );
#14575 = ORIENTED_EDGE('',*,*,#14576,.T.);
#14576 = EDGE_CURVE('',#14549,#14577,#14579,.T.);
#14577 = VERTEX_POINT('',#14578);
#14578 = CARTESIAN_POINT('',(1.675,-0.125,0.31));
#14579 = SURFACE_CURVE('',#14580,(#14584,#14591),.PCURVE_S1.);
#14580 = LINE('',#14581,#14582);
#14581 = CARTESIAN_POINT('',(1.675,-0.430137,0.31));
#14582 = VECTOR('',#14583,1.);
#14583 = DIRECTION('',(-2.804146475864E-32,-1.,1.065228634467E-16));
#14584 = PCURVE('',#512,#14585);
#14585 = DEFINITIONAL_REPRESENTATION('',(#14586),#14590);
#14586 = LINE('',#14587,#14588);
#14587 = CARTESIAN_POINT('',(-0.325,0.978861317761));
#14588 = VECTOR('',#14589,1.);
#14589 = DIRECTION('',(9.031806508344E-47,1.));
#14590 = ( GEOMETRIC_REPRESENTATION_CONTEXT(2) 
PARAMETRIC_REPRESENTATION_CONTEXT() REPRESENTATION_CONTEXT('2D SPACE',''
  ) );
#14591 = PCURVE('',#14592,#14597);
#14592 = PLANE('',#14593);
#14593 = AXIS2_PLACEMENT_3D('',#14594,#14595,#14596);
#14594 = CARTESIAN_POINT('',(1.675,0.120779075398,0.170500231015));
#14595 = DIRECTION('',(1.,-5.243344273594E-32,-2.289834988289E-16));
#14596 = DIRECTION('',(5.243344273594E-32,1.,0.));
#14597 = DEFINITIONAL_REPRESENTATION('',(#14598),#14602);
#14598 = LINE('',#14599,#14600);
#14599 = CARTESIAN_POINT('',(-0.550916075398,0.139499768985));
#14600 = VECTOR('',#14601,1.);
#14601 = DIRECTION('',(-1.,1.065228634467E-16));
#14602 = ( GEOMETRIC_REPRESENTATION_CONTEXT(2) 
PARAMETRIC_REPRESENTATION_CONTEXT() REPRESENTATION_CONTEXT('2D SPACE',''
  ) );
#14603 = ORIENTED_EDGE('',*,*,#14604,.F.);
#14604 = EDGE_CURVE('',#14383,#14577,#14605,.T.);
#14605 = SURFACE_CURVE('',#14606,(#14610,#14617),.PCURVE_S1.);
#14606 = LINE('',#14607,#14608);
#14607 = CARTESIAN_POINT('',(7.,-0.125,0.31));
#14608 = VECTOR('',#14609,1.);
#14609 = DIRECTION('',(1.,-5.243344273594E-32,-2.289834988289E-16));
#14610 = PCURVE('',#512,#14611);
#14611 = DEFINITIONAL_REPRESENTATION('',(#14612),#14616);
#14612 = LINE('',#14613,#14614);
#14613 = CARTESIAN_POINT('',(-5.65,0.673724317761));
#14614 = VECTOR('',#14615,1.);
#14615 = DIRECTION('',(-1.,-2.736911063134E-48));
#14616 = ( GEOMETRIC_REPRESENTATION_CONTEXT(2) 
PARAMETRIC_REPRESENTATION_CONTEXT() REPRESENTATION_CONTEXT('2D SPACE',''
  ) );
#14617 = PCURVE('',#9857,#14618);
#14618 = DEFINITIONAL_REPRESENTATION('',(#14619),#14623);
#14619 = LINE('',#14620,#14621);
#14620 = CARTESIAN_POINT('',(-3.835473605385E-16,-1.675));
#14621 = VECTOR('',#14622,1.);
#14622 = DIRECTION('',(0.,-1.));
#14623 = ( GEOMETRIC_REPRESENTATION_CONTEXT(2) 
PARAMETRIC_REPRESENTATION_CONTEXT() REPRESENTATION_CONTEXT('2D SPACE',''
  ) );
#14624 = ORIENTED_EDGE('',*,*,#14382,.T.);
#14625 = ORIENTED_EDGE('',*,*,#14626,.F.);
#14626 = EDGE_CURVE('',#14627,#14355,#14629,.T.);
#14627 = VERTEX_POINT('',#14628);
#14628 = CARTESIAN_POINT('',(1.175,0.225,0.31));
#14629 = SURFACE_CURVE('',#14630,(#14634,#14641),.PCURVE_S1.);
#14630 = LINE('',#14631,#14632);
#14631 = CARTESIAN_POINT('',(4.,0.225,0.31));
#14632 = VECTOR('',#14633,1.);
#14633 = DIRECTION('',(1.,-5.243344273594E-32,-2.289834988289E-16));
#14634 = PCURVE('',#512,#14635);
#14635 = DEFINITIONAL_REPRESENTATION('',(#14636),#14640);
#14636 = LINE('',#14637,#14638);
#14637 = CARTESIAN_POINT('',(-2.65,0.323724317761));
#14638 = VECTOR('',#14639,1.);
#14639 = DIRECTION('',(-1.,-2.736911063134E-48));
#14640 = ( GEOMETRIC_REPRESENTATION_CONTEXT(2) 
PARAMETRIC_REPRESENTATION_CONTEXT() REPRESENTATION_CONTEXT('2D SPACE',''
  ) );
#14641 = PCURVE('',#14370,#14642);
#14642 = DEFINITIONAL_REPRESENTATION('',(#14643),#14647);
#14643 = LINE('',#14644,#14645);
#14644 = CARTESIAN_POINT('',(2.350723782296E-15,-2.825));
#14645 = VECTOR('',#14646,1.);
#14646 = DIRECTION('',(0.,-1.));
#14647 = ( GEOMETRIC_REPRESENTATION_CONTEXT(2) 
PARAMETRIC_REPRESENTATION_CONTEXT() REPRESENTATION_CONTEXT('2D SPACE',''
  ) );
#14648 = ORIENTED_EDGE('',*,*,#14649,.T.);
#14649 = EDGE_CURVE('',#14627,#14650,#14652,.T.);
#14650 = VERTEX_POINT('',#14651);
#14651 = CARTESIAN_POINT('',(1.175,-0.125,0.31));
#14652 = SURFACE_CURVE('',#14653,(#14657,#14664),.PCURVE_S1.);
#14653 = LINE('',#14654,#14655);
#14654 = CARTESIAN_POINT('',(1.175,-0.430137,0.31));
#14655 = VECTOR('',#14656,1.);
#14656 = DIRECTION('',(-2.804146475864E-32,-1.,1.065228634467E-16));
#14657 = PCURVE('',#512,#14658);
#14658 = DEFINITIONAL_REPRESENTATION('',(#14659),#14663);
#14659 = LINE('',#14660,#14661);
#14660 = CARTESIAN_POINT('',(0.175,0.978861317761));
#14661 = VECTOR('',#14662,1.);
#14662 = DIRECTION('',(9.031806508344E-47,1.));
#14663 = ( GEOMETRIC_REPRESENTATION_CONTEXT(2) 
PARAMETRIC_REPRESENTATION_CONTEXT() REPRESENTATION_CONTEXT('2D SPACE',''
  ) );
#14664 = PCURVE('',#14665,#14670);
#14665 = PLANE('',#14666);
#14666 = AXIS2_PLACEMENT_3D('',#14667,#14668,#14669);
#14667 = CARTESIAN_POINT('',(1.175,0.120779075398,0.170500231015));
#14668 = DIRECTION('',(1.,-5.243344273594E-32,-2.289834988289E-16));
#14669 = DIRECTION('',(5.243344273594E-32,1.,0.));
#14670 = DEFINITIONAL_REPRESENTATION('',(#14671),#14675);
#14671 = LINE('',#14672,#14673);
#14672 = CARTESIAN_POINT('',(-0.550916075398,0.139499768985));
#14673 = VECTOR('',#14674,1.);
#14674 = DIRECTION('',(-1.,1.065228634467E-16));
#14675 = ( GEOMETRIC_REPRESENTATION_CONTEXT(2) 
PARAMETRIC_REPRESENTATION_CONTEXT() REPRESENTATION_CONTEXT('2D SPACE',''
  ) );
#14676 = ORIENTED_EDGE('',*,*,#14677,.F.);
#14677 = EDGE_CURVE('',#14678,#14650,#14680,.T.);
#14678 = VERTEX_POINT('',#14679);
#14679 = CARTESIAN_POINT('',(0.825,-0.125,0.31));
#14680 = SURFACE_CURVE('',#14681,(#14685,#14692),.PCURVE_S1.);
#14681 = LINE('',#14682,#14683);
#14682 = CARTESIAN_POINT('',(6.5,-0.125,0.31));
#14683 = VECTOR('',#14684,1.);
#14684 = DIRECTION('',(1.,-5.243344273594E-32,-2.289834988289E-16));
#14685 = PCURVE('',#512,#14686);
#14686 = DEFINITIONAL_REPRESENTATION('',(#14687),#14691);
#14687 = LINE('',#14688,#14689);
#14688 = CARTESIAN_POINT('',(-5.15,0.673724317761));
#14689 = VECTOR('',#14690,1.);
#14690 = DIRECTION('',(-1.,-2.736911063134E-48));
#14691 = ( GEOMETRIC_REPRESENTATION_CONTEXT(2) 
PARAMETRIC_REPRESENTATION_CONTEXT() REPRESENTATION_CONTEXT('2D SPACE',''
  ) );
#14692 = PCURVE('',#1515,#14693);
#14693 = DEFINITIONAL_REPRESENTATION('',(#14694),#14698);
#14694 = LINE('',#14695,#14696);
#14695 = CARTESIAN_POINT('',(-3.835473605385E-16,-1.675));
#14696 = VECTOR('',#14697,1.);
#14697 = DIRECTION('',(0.,-1.));
#14698 = ( GEOMETRIC_REPRESENTATION_CONTEXT(2) 
PARAMETRIC_REPRESENTATION_CONTEXT() REPRESENTATION_CONTEXT('2D SPACE',''
  ) );
#14699 = ORIENTED_EDGE('',*,*,#14700,.T.);
#14700 = EDGE_CURVE('',#14678,#14701,#14703,.T.);
#14701 = VERTEX_POINT('',#14702);
#14702 = CARTESIAN_POINT('',(0.825,0.225,0.31));
#14703 = SURFACE_CURVE('',#14704,(#14708,#14715),.PCURVE_S1.);
#14704 = LINE('',#14705,#14706);
#14705 = CARTESIAN_POINT('',(0.825,-0.430137,0.31));
#14706 = VECTOR('',#14707,1.);
#14707 = DIRECTION('',(2.804146475864E-32,1.,-1.065228634467E-16));
#14708 = PCURVE('',#512,#14709);
#14709 = DEFINITIONAL_REPRESENTATION('',(#14710),#14714);
#14710 = LINE('',#14711,#14712);
#14711 = CARTESIAN_POINT('',(0.525,0.978861317761));
#14712 = VECTOR('',#14713,1.);
#14713 = DIRECTION('',(-9.031806508344E-47,-1.));
#14714 = ( GEOMETRIC_REPRESENTATION_CONTEXT(2) 
PARAMETRIC_REPRESENTATION_CONTEXT() REPRESENTATION_CONTEXT('2D SPACE',''
  ) );
#14715 = PCURVE('',#14716,#14721);
#14716 = PLANE('',#14717);
#14717 = AXIS2_PLACEMENT_3D('',#14718,#14719,#14720);
#14718 = CARTESIAN_POINT('',(0.825,0.120779075398,0.170500231015));
#14719 = DIRECTION('',(1.,-5.243344273594E-32,-2.289834988289E-16));
#14720 = DIRECTION('',(5.243344273594E-32,1.,0.));
#14721 = DEFINITIONAL_REPRESENTATION('',(#14722),#14726);
#14722 = LINE('',#14723,#14724);
#14723 = CARTESIAN_POINT('',(-0.550916075398,0.139499768985));
#14724 = VECTOR('',#14725,1.);
#14725 = DIRECTION('',(1.,-1.065228634467E-16));
#14726 = ( GEOMETRIC_REPRESENTATION_CONTEXT(2) 
PARAMETRIC_REPRESENTATION_CONTEXT() REPRESENTATION_CONTEXT('2D SPACE',''
  ) );
#14727 = ORIENTED_EDGE('',*,*,#14728,.F.);
#14728 = EDGE_CURVE('',#14729,#14701,#14731,.T.);
#14729 = VERTEX_POINT('',#14730);
#14730 = CARTESIAN_POINT('',(0.675,0.225,0.31));
#14731 = SURFACE_CURVE('',#14732,(#14736,#14743),.PCURVE_S1.);
#14732 = LINE('',#14733,#14734);
#14733 = CARTESIAN_POINT('',(3.5,0.225,0.31));
#14734 = VECTOR('',#14735,1.);
#14735 = DIRECTION('',(1.,-5.243344273594E-32,-2.289834988289E-16));
#14736 = PCURVE('',#512,#14737);
#14737 = DEFINITIONAL_REPRESENTATION('',(#14738),#14742);
#14738 = LINE('',#14739,#14740);
#14739 = CARTESIAN_POINT('',(-2.15,0.323724317761));
#14740 = VECTOR('',#14741,1.);
#14741 = DIRECTION('',(-1.,-2.736911063134E-48));
#14742 = ( GEOMETRIC_REPRESENTATION_CONTEXT(2) 
PARAMETRIC_REPRESENTATION_CONTEXT() REPRESENTATION_CONTEXT('2D SPACE',''
  ) );
#14743 = PCURVE('',#14744,#14749);
#14744 = PLANE('',#14745);
#14745 = AXIS2_PLACEMENT_3D('',#14746,#14747,#14748);
#14746 = CARTESIAN_POINT('',(0.675,0.225,0.31));
#14747 = DIRECTION('',(0.,1.,-2.289834988289E-16));
#14748 = DIRECTION('',(-2.289834988289E-16,-2.289834988289E-16,-1.));
#14749 = DEFINITIONAL_REPRESENTATION('',(#14750),#14754);
#14750 = LINE('',#14751,#14752);
#14751 = CARTESIAN_POINT('',(2.350723782296E-15,-2.825));
#14752 = VECTOR('',#14753,1.);
#14753 = DIRECTION('',(0.,-1.));
#14754 = ( GEOMETRIC_REPRESENTATION_CONTEXT(2) 
PARAMETRIC_REPRESENTATION_CONTEXT() REPRESENTATION_CONTEXT('2D SPACE',''
  ) );
#14755 = ORIENTED_EDGE('',*,*,#14756,.T.);
#14756 = EDGE_CURVE('',#14729,#14757,#14759,.T.);
#14757 = VERTEX_POINT('',#14758);
#14758 = CARTESIAN_POINT('',(0.675,-0.125,0.31));
#14759 = SURFACE_CURVE('',#14760,(#14764,#14771),.PCURVE_S1.);
#14760 = LINE('',#14761,#14762);
#14761 = CARTESIAN_POINT('',(0.675,-0.430137,0.31));
#14762 = VECTOR('',#14763,1.);
#14763 = DIRECTION('',(-2.804146475864E-32,-1.,1.065228634467E-16));
#14764 = PCURVE('',#512,#14765);
#14765 = DEFINITIONAL_REPRESENTATION('',(#14766),#14770);
#14766 = LINE('',#14767,#14768);
#14767 = CARTESIAN_POINT('',(0.675,0.978861317761));
#14768 = VECTOR('',#14769,1.);
#14769 = DIRECTION('',(9.031806508344E-47,1.));
#14770 = ( GEOMETRIC_REPRESENTATION_CONTEXT(2) 
PARAMETRIC_REPRESENTATION_CONTEXT() REPRESENTATION_CONTEXT('2D SPACE',''
  ) );
#14771 = PCURVE('',#14772,#14777);
#14772 = PLANE('',#14773);
#14773 = AXIS2_PLACEMENT_3D('',#14774,#14775,#14776);
#14774 = CARTESIAN_POINT('',(0.675,0.120779075398,0.170500231015));
#14775 = DIRECTION('',(1.,-5.243344273594E-32,-2.289834988289E-16));
#14776 = DIRECTION('',(5.243344273594E-32,1.,0.));
#14777 = DEFINITIONAL_REPRESENTATION('',(#14778),#14782);
#14778 = LINE('',#14779,#14780);
#14779 = CARTESIAN_POINT('',(-0.550916075398,0.139499768985));
#14780 = VECTOR('',#14781,1.);
#14781 = DIRECTION('',(-1.,1.065228634467E-16));
#14782 = ( GEOMETRIC_REPRESENTATION_CONTEXT(2) 
PARAMETRIC_REPRESENTATION_CONTEXT() REPRESENTATION_CONTEXT('2D SPACE',''
  ) );
#14783 = ORIENTED_EDGE('',*,*,#14784,.F.);
#14784 = EDGE_CURVE('',#14785,#14757,#14787,.T.);
#14785 = VERTEX_POINT('',#14786);
#14786 = CARTESIAN_POINT('',(0.325,-0.125,0.31));
#14787 = SURFACE_CURVE('',#14788,(#14792,#14799),.PCURVE_S1.);
#14788 = LINE('',#14789,#14790);
#14789 = CARTESIAN_POINT('',(6.,-0.125,0.31));
#14790 = VECTOR('',#14791,1.);
#14791 = DIRECTION('',(1.,-5.243344273594E-32,-2.289834988289E-16));
#14792 = PCURVE('',#512,#14793);
#14793 = DEFINITIONAL_REPRESENTATION('',(#14794),#14798);
#14794 = LINE('',#14795,#14796);
#14795 = CARTESIAN_POINT('',(-4.65,0.673724317761));
#14796 = VECTOR('',#14797,1.);
#14797 = DIRECTION('',(-1.,-2.736911063134E-48));
#14798 = ( GEOMETRIC_REPRESENTATION_CONTEXT(2) 
PARAMETRIC_REPRESENTATION_CONTEXT() REPRESENTATION_CONTEXT('2D SPACE',''
  ) );
#14799 = PCURVE('',#9672,#14800);
#14800 = DEFINITIONAL_REPRESENTATION('',(#14801),#14805);
#14801 = LINE('',#14802,#14803);
#14802 = CARTESIAN_POINT('',(6.156533616242E-16,-1.675));
#14803 = VECTOR('',#14804,1.);
#14804 = DIRECTION('',(0.,-1.));
#14805 = ( GEOMETRIC_REPRESENTATION_CONTEXT(2) 
PARAMETRIC_REPRESENTATION_CONTEXT() REPRESENTATION_CONTEXT('2D SPACE',''
  ) );
#14806 = ORIENTED_EDGE('',*,*,#14807,.T.);
#14807 = EDGE_CURVE('',#14785,#14808,#14810,.T.);
#14808 = VERTEX_POINT('',#14809);
#14809 = CARTESIAN_POINT('',(0.325,0.225,0.31));
#14810 = SURFACE_CURVE('',#14811,(#14815,#14822),.PCURVE_S1.);
#14811 = LINE('',#14812,#14813);
#14812 = CARTESIAN_POINT('',(0.325,-0.430137,0.31));
#14813 = VECTOR('',#14814,1.);
#14814 = DIRECTION('',(2.804146475864E-32,1.,-1.065228634467E-16));
#14815 = PCURVE('',#512,#14816);
#14816 = DEFINITIONAL_REPRESENTATION('',(#14817),#14821);
#14817 = LINE('',#14818,#14819);
#14818 = CARTESIAN_POINT('',(1.025,0.978861317761));
#14819 = VECTOR('',#14820,1.);
#14820 = DIRECTION('',(-9.031806508344E-47,-1.));
#14821 = ( GEOMETRIC_REPRESENTATION_CONTEXT(2) 
PARAMETRIC_REPRESENTATION_CONTEXT() REPRESENTATION_CONTEXT('2D SPACE',''
  ) );
#14822 = PCURVE('',#14823,#14828);
#14823 = PLANE('',#14824);
#14824 = AXIS2_PLACEMENT_3D('',#14825,#14826,#14827);
#14825 = CARTESIAN_POINT('',(0.325,0.120779075398,0.170500231015));
#14826 = DIRECTION('',(1.,-5.243344273594E-32,-2.289834988289E-16));
#14827 = DIRECTION('',(5.243344273594E-32,1.,0.));
#14828 = DEFINITIONAL_REPRESENTATION('',(#14829),#14833);
#14829 = LINE('',#14830,#14831);
#14830 = CARTESIAN_POINT('',(-0.550916075398,0.139499768985));
#14831 = VECTOR('',#14832,1.);
#14832 = DIRECTION('',(1.,-1.065228634467E-16));
#14833 = ( GEOMETRIC_REPRESENTATION_CONTEXT(2) 
PARAMETRIC_REPRESENTATION_CONTEXT() REPRESENTATION_CONTEXT('2D SPACE',''
  ) );
#14834 = ORIENTED_EDGE('',*,*,#14835,.F.);
#14835 = EDGE_CURVE('',#14836,#14808,#14838,.T.);
#14836 = VERTEX_POINT('',#14837);
#14837 = CARTESIAN_POINT('',(0.175,0.225,0.31));
#14838 = SURFACE_CURVE('',#14839,(#14843,#14850),.PCURVE_S1.);
#14839 = LINE('',#14840,#14841);
#14840 = CARTESIAN_POINT('',(3.,0.225,0.31));
#14841 = VECTOR('',#14842,1.);
#14842 = DIRECTION('',(1.,-5.243344273594E-32,-2.289834988289E-16));
#14843 = PCURVE('',#512,#14844);
#14844 = DEFINITIONAL_REPRESENTATION('',(#14845),#14849);
#14845 = LINE('',#14846,#14847);
#14846 = CARTESIAN_POINT('',(-1.65,0.323724317761));
#14847 = VECTOR('',#14848,1.);
#14848 = DIRECTION('',(-1.,-2.736911063134E-48));
#14849 = ( GEOMETRIC_REPRESENTATION_CONTEXT(2) 
PARAMETRIC_REPRESENTATION_CONTEXT() REPRESENTATION_CONTEXT('2D SPACE',''
  ) );
#14850 = PCURVE('',#14851,#14856);
#14851 = PLANE('',#14852);
#14852 = AXIS2_PLACEMENT_3D('',#14853,#14854,#14855);
#14853 = CARTESIAN_POINT('',(0.175,0.225,0.31));
#14854 = DIRECTION('',(0.,1.,-2.289834988289E-16));
#14855 = DIRECTION('',(-2.289834988289E-16,-2.289834988289E-16,-1.));
#14856 = DEFINITIONAL_REPRESENTATION('',(#14857),#14861);
#14857 = LINE('',#14858,#14859);
#14858 = CARTESIAN_POINT('',(2.350723782296E-15,-2.825));
#14859 = VECTOR('',#14860,1.);
#14860 = DIRECTION('',(0.,-1.));
#14861 = ( GEOMETRIC_REPRESENTATION_CONTEXT(2) 
PARAMETRIC_REPRESENTATION_CONTEXT() REPRESENTATION_CONTEXT('2D SPACE',''
  ) );
#14862 = ORIENTED_EDGE('',*,*,#14863,.T.);
#14863 = EDGE_CURVE('',#14836,#14864,#14866,.T.);
#14864 = VERTEX_POINT('',#14865);
#14865 = CARTESIAN_POINT('',(0.175,-0.125,0.31));
#14866 = SURFACE_CURVE('',#14867,(#14871,#14878),.PCURVE_S1.);
#14867 = LINE('',#14868,#14869);
#14868 = CARTESIAN_POINT('',(0.175,-0.430137,0.31));
#14869 = VECTOR('',#14870,1.);
#14870 = DIRECTION('',(-2.804146475864E-32,-1.,1.065228634467E-16));
#14871 = PCURVE('',#512,#14872);
#14872 = DEFINITIONAL_REPRESENTATION('',(#14873),#14877);
#14873 = LINE('',#14874,#14875);
#14874 = CARTESIAN_POINT('',(1.175,0.978861317761));
#14875 = VECTOR('',#14876,1.);
#14876 = DIRECTION('',(9.031806508344E-47,1.));
#14877 = ( GEOMETRIC_REPRESENTATION_CONTEXT(2) 
PARAMETRIC_REPRESENTATION_CONTEXT() REPRESENTATION_CONTEXT('2D SPACE',''
  ) );
#14878 = PCURVE('',#14879,#14884);
#14879 = PLANE('',#14880);
#14880 = AXIS2_PLACEMENT_3D('',#14881,#14882,#14883);
#14881 = CARTESIAN_POINT('',(0.175,0.120779075398,0.170500231015));
#14882 = DIRECTION('',(1.,-5.243344273594E-32,-2.289834988289E-16));
#14883 = DIRECTION('',(5.243344273594E-32,1.,0.));
#14884 = DEFINITIONAL_REPRESENTATION('',(#14885),#14889);
#14885 = LINE('',#14886,#14887);
#14886 = CARTESIAN_POINT('',(-0.550916075398,0.139499768985));
#14887 = VECTOR('',#14888,1.);
#14888 = DIRECTION('',(-1.,1.065228634467E-16));
#14889 = ( GEOMETRIC_REPRESENTATION_CONTEXT(2) 
PARAMETRIC_REPRESENTATION_CONTEXT() REPRESENTATION_CONTEXT('2D SPACE',''
  ) );
#14890 = ORIENTED_EDGE('',*,*,#14891,.F.);
#14891 = EDGE_CURVE('',#11783,#14864,#14892,.T.);
#14892 = SURFACE_CURVE('',#14893,(#14897,#14904),.PCURVE_S1.);
#14893 = LINE('',#14894,#14895);
#14894 = CARTESIAN_POINT('',(5.5,-0.125,0.31));
#14895 = VECTOR('',#14896,1.);
#14896 = DIRECTION('',(1.,-5.243344273594E-32,-2.289834988289E-16));
#14897 = PCURVE('',#512,#14898);
#14898 = DEFINITIONAL_REPRESENTATION('',(#14899),#14903);
#14899 = LINE('',#14900,#14901);
#14900 = CARTESIAN_POINT('',(-4.15,0.673724317761));
#14901 = VECTOR('',#14902,1.);
#14902 = DIRECTION('',(-1.,-2.736911063134E-48));
#14903 = ( GEOMETRIC_REPRESENTATION_CONTEXT(2) 
PARAMETRIC_REPRESENTATION_CONTEXT() REPRESENTATION_CONTEXT('2D SPACE',''
  ) );
#14904 = PCURVE('',#9560,#14905);
#14905 = DEFINITIONAL_REPRESENTATION('',(#14906),#14910);
#14906 = LINE('',#14907,#14908);
#14907 = CARTESIAN_POINT('',(6.156533616242E-16,-1.675));
#14908 = VECTOR('',#14909,1.);
#14909 = DIRECTION('',(0.,-1.));
#14910 = ( GEOMETRIC_REPRESENTATION_CONTEXT(2) 
PARAMETRIC_REPRESENTATION_CONTEXT() REPRESENTATION_CONTEXT('2D SPACE',''
  ) );
#14911 = ORIENTED_EDGE('',*,*,#11782,.F.);
#14912 = ORIENTED_EDGE('',*,*,#11059,.F.);
#14913 = ORIENTED_EDGE('',*,*,#8165,.T.);
#14914 = ORIENTED_EDGE('',*,*,#11941,.F.);
#14915 = ORIENTED_EDGE('',*,*,#5677,.T.);
#14916 = ORIENTED_EDGE('',*,*,#10133,.F.);
#14917 = ORIENTED_EDGE('',*,*,#10713,.T.);
#14918 = ORIENTED_EDGE('',*,*,#10948,.F.);
#14919 = ORIENTED_EDGE('',*,*,#8731,.T.);
#14920 = ORIENTED_EDGE('',*,*,#4400,.F.);
#14921 = ORIENTED_EDGE('',*,*,#10995,.T.);
#14922 = ORIENTED_EDGE('',*,*,#11035,.F.);
#14923 = ORIENTED_EDGE('',*,*,#2911,.F.);
#14924 = ORIENTED_EDGE('',*,*,#2958,.F.);
#14925 = ORIENTED_EDGE('',*,*,#3099,.T.);
#14926 = ORIENTED_EDGE('',*,*,#2626,.F.);
#14927 = ORIENTED_EDGE('',*,*,#2139,.F.);
#14928 = ORIENTED_EDGE('',*,*,#5243,.T.);
#14929 = ORIENTED_EDGE('',*,*,#2448,.T.);
#14930 = ORIENTED_EDGE('',*,*,#1854,.F.);
#14931 = ORIENTED_EDGE('',*,*,#496,.F.);
#14932 = ADVANCED_FACE('',(#14933),#9272,.F.);
#14933 = FACE_BOUND('',#14934,.T.);
#14934 = EDGE_LOOP('',(#14935,#14936,#14959,#14980,#15001));
#14935 = ORIENTED_EDGE('',*,*,#14070,.T.);
#14936 = ORIENTED_EDGE('',*,*,#14937,.F.);
#14937 = EDGE_CURVE('',#14938,#14043,#14940,.T.);
#14938 = VERTEX_POINT('',#14939);
#14939 = CARTESIAN_POINT('',(3.3,-0.225,0.31));
#14940 = SURFACE_CURVE('',#14941,(#14945,#14952),.PCURVE_S1.);
#14941 = LINE('',#14942,#14943);
#14942 = CARTESIAN_POINT('',(4.,0.475,0.31));
#14943 = VECTOR('',#14944,1.);
#14944 = DIRECTION('',(0.707106781187,0.707106781187,-2.683204183723E-16
    ));
#14945 = PCURVE('',#9272,#14946);
#14946 = DEFINITIONAL_REPRESENTATION('',(#14947),#14951);
#14947 = LINE('',#14948,#14949);
#14948 = CARTESIAN_POINT('',(0.919238815543,-0.365));
#14949 = VECTOR('',#14950,1.);
#14950 = DIRECTION('',(1.,1.651799628595E-16));
#14951 = ( GEOMETRIC_REPRESENTATION_CONTEXT(2) 
PARAMETRIC_REPRESENTATION_CONTEXT() REPRESENTATION_CONTEXT('2D SPACE',''
  ) );
#14952 = PCURVE('',#14058,#14953);
#14953 = DEFINITIONAL_REPRESENTATION('',(#14954),#14958);
#14954 = LINE('',#14955,#14956);
#14955 = CARTESIAN_POINT('',(1.31,0.7));
#14956 = VECTOR('',#14957,1.);
#14957 = DIRECTION('',(0.707106781187,0.707106781187));
#14958 = ( GEOMETRIC_REPRESENTATION_CONTEXT(2) 
PARAMETRIC_REPRESENTATION_CONTEXT() REPRESENTATION_CONTEXT('2D SPACE',''
  ) );
#14959 = ORIENTED_EDGE('',*,*,#14960,.F.);
#14960 = EDGE_CURVE('',#4550,#14938,#14961,.T.);
#14961 = SURFACE_CURVE('',#14962,(#14966,#14973),.PCURVE_S1.);
#14962 = LINE('',#14963,#14964);
#14963 = CARTESIAN_POINT('',(3.3,-0.225,0.841614));
#14964 = VECTOR('',#14965,1.);
#14965 = DIRECTION('',(-2.289834988289E-16,-1.065228634467E-16,-1.));
#14966 = PCURVE('',#9272,#14967);
#14967 = DEFINITIONAL_REPRESENTATION('',(#14968),#14972);
#14968 = LINE('',#14969,#14970);
#14969 = CARTESIAN_POINT('',(-7.071067811866E-02,0.166614));
#14970 = VECTOR('',#14971,1.);
#14971 = DIRECTION('',(1.962615573355E-16,-1.));
#14972 = ( GEOMETRIC_REPRESENTATION_CONTEXT(2) 
PARAMETRIC_REPRESENTATION_CONTEXT() REPRESENTATION_CONTEXT('2D SPACE',''
  ) );
#14973 = PCURVE('',#4593,#14974);
#14974 = DEFINITIONAL_REPRESENTATION('',(#14975),#14979);
#14975 = LINE('',#14976,#14977);
#14976 = CARTESIAN_POINT('',(1.05,-0.551614));
#14977 = VECTOR('',#14978,1.);
#14978 = DIRECTION('',(0.,1.));
#14979 = ( GEOMETRIC_REPRESENTATION_CONTEXT(2) 
PARAMETRIC_REPRESENTATION_CONTEXT() REPRESENTATION_CONTEXT('2D SPACE',''
  ) );
#14980 = ORIENTED_EDGE('',*,*,#14981,.F.);
#14981 = EDGE_CURVE('',#9257,#4550,#14982,.T.);
#14982 = SURFACE_CURVE('',#14983,(#14987,#14994),.PCURVE_S1.);
#14983 = LINE('',#14984,#14985);
#14984 = CARTESIAN_POINT('',(3.3,-0.225,0.841614));
#14985 = VECTOR('',#14986,1.);
#14986 = DIRECTION('',(-2.289834988289E-16,-1.065228634467E-16,-1.));
#14987 = PCURVE('',#9272,#14988);
#14988 = DEFINITIONAL_REPRESENTATION('',(#14989),#14993);
#14989 = LINE('',#14990,#14991);
#14990 = CARTESIAN_POINT('',(-7.071067811866E-02,0.166614));
#14991 = VECTOR('',#14992,1.);
#14992 = DIRECTION('',(1.962615573355E-16,-1.));
#14993 = ( GEOMETRIC_REPRESENTATION_CONTEXT(2) 
PARAMETRIC_REPRESENTATION_CONTEXT() REPRESENTATION_CONTEXT('2D SPACE',''
  ) );
#14994 = PCURVE('',#4565,#14995);
#14995 = DEFINITIONAL_REPRESENTATION('',(#14996),#15000);
#14996 = LINE('',#14997,#14998);
#14997 = CARTESIAN_POINT('',(0.205137,2.185178063887E-17));
#14998 = VECTOR('',#14999,1.);
#14999 = DIRECTION('',(0.,-1.));
#15000 = ( GEOMETRIC_REPRESENTATION_CONTEXT(2) 
PARAMETRIC_REPRESENTATION_CONTEXT() REPRESENTATION_CONTEXT('2D SPACE',''
  ) );
#15001 = ORIENTED_EDGE('',*,*,#9256,.T.);
#15002 = ADVANCED_FACE('',(#15003),#5768,.F.);
#15003 = FACE_BOUND('',#15004,.T.);
#15004 = EDGE_LOOP('',(#15005,#15006,#15007,#15008));
#15005 = ORIENTED_EDGE('',*,*,#10617,.T.);
#15006 = ORIENTED_EDGE('',*,*,#9081,.F.);
#15007 = ORIENTED_EDGE('',*,*,#5752,.F.);
#15008 = ORIENTED_EDGE('',*,*,#15009,.F.);
#15009 = EDGE_CURVE('',#10571,#5730,#15010,.T.);
#15010 = SURFACE_CURVE('',#15011,(#15015,#15022),.PCURVE_S1.);
#15011 = LINE('',#15012,#15013);
#15012 = CARTESIAN_POINT('',(2.,-2.925,0.92));
#15013 = VECTOR('',#15014,1.);
#15014 = DIRECTION('',(-1.,5.243344273594E-32,2.289834988289E-16));
#15015 = PCURVE('',#5768,#15016);
#15016 = DEFINITIONAL_REPRESENTATION('',(#15017),#15021);
#15017 = LINE('',#15018,#15019);
#15018 = CARTESIAN_POINT('',(-4.191438862655E-16,-19.285));
#15019 = VECTOR('',#15020,1.);
#15020 = DIRECTION('',(0.,-1.));
#15021 = ( GEOMETRIC_REPRESENTATION_CONTEXT(2) 
PARAMETRIC_REPRESENTATION_CONTEXT() REPRESENTATION_CONTEXT('2D SPACE',''
  ) );
#15022 = PCURVE('',#3728,#15023);
#15023 = DEFINITIONAL_REPRESENTATION('',(#15024),#15028);
#15024 = LINE('',#15025,#15026);
#15025 = CARTESIAN_POINT('',(0.25,-4.785));
#15026 = VECTOR('',#15027,1.);
#15027 = DIRECTION('',(1.972152263053E-31,-1.));
#15028 = ( GEOMETRIC_REPRESENTATION_CONTEXT(2) 
PARAMETRIC_REPRESENTATION_CONTEXT() REPRESENTATION_CONTEXT('2D SPACE',''
  ) );
#15029 = ADVANCED_FACE('',(#15030),#4619,.T.);
#15030 = FACE_BOUND('',#15031,.T.);
#15031 = EDGE_LOOP('',(#15032,#15033,#15056,#15077,#15078,#15079,#15102,
    #15125,#15146));
#15032 = ORIENTED_EDGE('',*,*,#4605,.T.);
#15033 = ORIENTED_EDGE('',*,*,#15034,.T.);
#15034 = EDGE_CURVE('',#4578,#15035,#15037,.T.);
#15035 = VERTEX_POINT('',#15036);
#15036 = CARTESIAN_POINT('',(3.27,-0.225,0.31));
#15037 = SURFACE_CURVE('',#15038,(#15042,#15049),.PCURVE_S1.);
#15038 = LINE('',#15039,#15040);
#15039 = CARTESIAN_POINT('',(3.27,-0.225,0.841614));
#15040 = VECTOR('',#15041,1.);
#15041 = DIRECTION('',(-2.289834988289E-16,-1.065228634467E-16,-1.));
#15042 = PCURVE('',#4619,#15043);
#15043 = DEFINITIONAL_REPRESENTATION('',(#15044),#15048);
#15044 = LINE('',#15045,#15046);
#15045 = CARTESIAN_POINT('',(-0.145602317761,1.636322));
#15046 = VECTOR('',#15047,1.);
#15047 = DIRECTION('',(0.,-1.));
#15048 = ( GEOMETRIC_REPRESENTATION_CONTEXT(2) 
PARAMETRIC_REPRESENTATION_CONTEXT() REPRESENTATION_CONTEXT('2D SPACE',''
  ) );
#15049 = PCURVE('',#4593,#15050);
#15050 = DEFINITIONAL_REPRESENTATION('',(#15051),#15055);
#15051 = LINE('',#15052,#15053);
#15052 = CARTESIAN_POINT('',(1.02,-0.551614));
#15053 = VECTOR('',#15054,1.);
#15054 = DIRECTION('',(0.,1.));
#15055 = ( GEOMETRIC_REPRESENTATION_CONTEXT(2) 
PARAMETRIC_REPRESENTATION_CONTEXT() REPRESENTATION_CONTEXT('2D SPACE',''
  ) );
#15056 = ORIENTED_EDGE('',*,*,#15057,.F.);
#15057 = EDGE_CURVE('',#14020,#15035,#15058,.T.);
#15058 = SURFACE_CURVE('',#15059,(#15063,#15070),.PCURVE_S1.);
#15059 = LINE('',#15060,#15061);
#15060 = CARTESIAN_POINT('',(3.27,-0.430137,0.31));
#15061 = VECTOR('',#15062,1.);
#15062 = DIRECTION('',(-2.804146475864E-32,-1.,1.065228634467E-16));
#15063 = PCURVE('',#4619,#15064);
#15064 = DEFINITIONAL_REPRESENTATION('',(#15065),#15069);
#15065 = LINE('',#15066,#15067);
#15066 = CARTESIAN_POINT('',(-0.350739317761,1.104708));
#15067 = VECTOR('',#15068,1.);
#15068 = DIRECTION('',(-1.,0.));
#15069 = ( GEOMETRIC_REPRESENTATION_CONTEXT(2) 
PARAMETRIC_REPRESENTATION_CONTEXT() REPRESENTATION_CONTEXT('2D SPACE',''
  ) );
#15070 = PCURVE('',#14058,#15071);
#15071 = DEFINITIONAL_REPRESENTATION('',(#15072),#15076);
#15072 = LINE('',#15073,#15074);
#15073 = CARTESIAN_POINT('',(0.404863,-3.E-02));
#15074 = VECTOR('',#15075,1.);
#15075 = DIRECTION('',(-1.,-2.736911063134E-48));
#15076 = ( GEOMETRIC_REPRESENTATION_CONTEXT(2) 
PARAMETRIC_REPRESENTATION_CONTEXT() REPRESENTATION_CONTEXT('2D SPACE',''
  ) );
#15077 = ORIENTED_EDGE('',*,*,#14430,.F.);
#15078 = ORIENTED_EDGE('',*,*,#11718,.T.);
#15079 = ORIENTED_EDGE('',*,*,#15080,.T.);
#15080 = EDGE_CURVE('',#11696,#15081,#15083,.T.);
#15081 = VERTEX_POINT('',#15082);
#15082 = CARTESIAN_POINT('',(3.27,0.775,0.6));
#15083 = SURFACE_CURVE('',#15084,(#15088,#15095),.PCURVE_S1.);
#15084 = LINE('',#15085,#15086);
#15085 = CARTESIAN_POINT('',(3.27,-0.430137,-2.667124E-02));
#15086 = VECTOR('',#15087,1.);
#15087 = DIRECTION('',(1.056421638306E-16,0.887216801235,0.461352736642)
  );
#15088 = PCURVE('',#4619,#15089);
#15089 = DEFINITIONAL_REPRESENTATION('',(#15090),#15094);
#15090 = LINE('',#15091,#15092);
#15091 = CARTESIAN_POINT('',(-0.350739317761,0.76803676));
#15092 = VECTOR('',#15093,1.);
#15093 = DIRECTION('',(0.887216801235,0.461352736642));
#15094 = ( GEOMETRIC_REPRESENTATION_CONTEXT(2) 
PARAMETRIC_REPRESENTATION_CONTEXT() REPRESENTATION_CONTEXT('2D SPACE',''
  ) );
#15095 = PCURVE('',#456,#15096);
#15096 = DEFINITIONAL_REPRESENTATION('',(#15097),#15101);
#15097 = LINE('',#15098,#15099);
#15098 = CARTESIAN_POINT('',(1.358334285738,10.92));
#15099 = VECTOR('',#15100,1.);
#15100 = DIRECTION('',(-1.,1.232595164408E-32));
#15101 = ( GEOMETRIC_REPRESENTATION_CONTEXT(2) 
PARAMETRIC_REPRESENTATION_CONTEXT() REPRESENTATION_CONTEXT('2D SPACE',''
  ) );
#15102 = ORIENTED_EDGE('',*,*,#15103,.T.);
#15103 = EDGE_CURVE('',#15081,#15104,#15106,.T.);
#15104 = VERTEX_POINT('',#15105);
#15105 = CARTESIAN_POINT('',(3.27,0.775,0.89));
#15106 = SURFACE_CURVE('',#15107,(#15111,#15118),.PCURVE_S1.);
#15107 = LINE('',#15108,#15109);
#15108 = CARTESIAN_POINT('',(3.27,0.775,0.841614));
#15109 = VECTOR('',#15110,1.);
#15110 = DIRECTION('',(2.289834988289E-16,2.289834988289E-16,1.));
#15111 = PCURVE('',#4619,#15112);
#15112 = DEFINITIONAL_REPRESENTATION('',(#15113),#15117);
#15113 = LINE('',#15114,#15115);
#15114 = CARTESIAN_POINT('',(0.854397682239,1.636322));
#15115 = VECTOR('',#15116,1.);
#15116 = DIRECTION('',(1.224606353822E-16,1.));
#15117 = ( GEOMETRIC_REPRESENTATION_CONTEXT(2) 
PARAMETRIC_REPRESENTATION_CONTEXT() REPRESENTATION_CONTEXT('2D SPACE',''
  ) );
#15118 = PCURVE('',#301,#15119);
#15119 = DEFINITIONAL_REPRESENTATION('',(#15120),#15124);
#15120 = LINE('',#15121,#15122);
#15121 = CARTESIAN_POINT('',(2.4,9.8386E-02));
#15122 = VECTOR('',#15123,1.);
#15123 = DIRECTION('',(0.,-1.));
#15124 = ( GEOMETRIC_REPRESENTATION_CONTEXT(2) 
PARAMETRIC_REPRESENTATION_CONTEXT() REPRESENTATION_CONTEXT('2D SPACE',''
  ) );
#15125 = ORIENTED_EDGE('',*,*,#15126,.T.);
#15126 = EDGE_CURVE('',#15104,#1028,#15127,.T.);
#15127 = SURFACE_CURVE('',#15128,(#15132,#15139),.PCURVE_S1.);
#15128 = LINE('',#15129,#15130);
#15129 = CARTESIAN_POINT('',(3.27,-0.430137,0.89));
#15130 = VECTOR('',#15131,1.);
#15131 = DIRECTION('',(-2.804146475864E-32,-1.,1.065228634467E-16));
#15132 = PCURVE('',#4619,#15133);
#15133 = DEFINITIONAL_REPRESENTATION('',(#15134),#15138);
#15134 = LINE('',#15135,#15136);
#15135 = CARTESIAN_POINT('',(-0.350739317761,1.684708));
#15136 = VECTOR('',#15137,1.);
#15137 = DIRECTION('',(-1.,0.));
#15138 = ( GEOMETRIC_REPRESENTATION_CONTEXT(2) 
PARAMETRIC_REPRESENTATION_CONTEXT() REPRESENTATION_CONTEXT('2D SPACE',''
  ) );
#15139 = PCURVE('',#1087,#15140);
#15140 = DEFINITIONAL_REPRESENTATION('',(#15141),#15145);
#15141 = LINE('',#15142,#15143);
#15142 = CARTESIAN_POINT('',(-3.535533905933E-02,-0.908861317761));
#15143 = VECTOR('',#15144,1.);
#15144 = DIRECTION('',(1.60237371373E-31,-1.));
#15145 = ( GEOMETRIC_REPRESENTATION_CONTEXT(2) 
PARAMETRIC_REPRESENTATION_CONTEXT() REPRESENTATION_CONTEXT('2D SPACE',''
  ) );
#15146 = ORIENTED_EDGE('',*,*,#15147,.T.);
#15147 = EDGE_CURVE('',#1028,#4501,#15148,.T.);
#15148 = SURFACE_CURVE('',#15149,(#15153,#15160),.PCURVE_S1.);
#15149 = LINE('',#15150,#15151);
#15150 = CARTESIAN_POINT('',(3.27,-0.665,0.841614));
#15151 = VECTOR('',#15152,1.);
#15152 = DIRECTION('',(-2.289834988289E-16,-1.065228634467E-16,-1.));
#15153 = PCURVE('',#4619,#15154);
#15154 = DEFINITIONAL_REPRESENTATION('',(#15155),#15159);
#15155 = LINE('',#15156,#15157);
#15156 = CARTESIAN_POINT('',(-0.585602317761,1.636322));
#15157 = VECTOR('',#15158,1.);
#15158 = DIRECTION('',(0.,-1.));
#15159 = ( GEOMETRIC_REPRESENTATION_CONTEXT(2) 
PARAMETRIC_REPRESENTATION_CONTEXT() REPRESENTATION_CONTEXT('2D SPACE',''
  ) );
#15160 = PCURVE('',#404,#15161);
#15161 = DEFINITIONAL_REPRESENTATION('',(#15162),#15166);
#15162 = LINE('',#15163,#15164);
#15163 = CARTESIAN_POINT('',(-4.8386E-02,-2.48));
#15164 = VECTOR('',#15165,1.);
#15165 = DIRECTION('',(-1.,0.));
#15166 = ( GEOMETRIC_REPRESENTATION_CONTEXT(2) 
PARAMETRIC_REPRESENTATION_CONTEXT() REPRESENTATION_CONTEXT('2D SPACE',''
  ) );
#15167 = ADVANCED_FACE('',(#15168),#14058,.F.);
#15168 = FACE_BOUND('',#15169,.T.);
#15169 = EDGE_LOOP('',(#15170,#15171,#15172,#15173));
#15170 = ORIENTED_EDGE('',*,*,#14937,.T.);
#15171 = ORIENTED_EDGE('',*,*,#14042,.T.);
#15172 = ORIENTED_EDGE('',*,*,#15057,.T.);
#15173 = ORIENTED_EDGE('',*,*,#15174,.T.);
#15174 = EDGE_CURVE('',#15035,#14938,#15175,.T.);
#15175 = SURFACE_CURVE('',#15176,(#15180,#15187),.PCURVE_S1.);
#15176 = LINE('',#15177,#15178);
#15177 = CARTESIAN_POINT('',(4.,-0.225,0.31));
#15178 = VECTOR('',#15179,1.);
#15179 = DIRECTION('',(1.,-5.243344273594E-32,-2.289834988289E-16));
#15180 = PCURVE('',#14058,#15181);
#15181 = DEFINITIONAL_REPRESENTATION('',(#15182),#15186);
#15182 = LINE('',#15183,#15184);
#15183 = CARTESIAN_POINT('',(0.61,0.7));
#15184 = VECTOR('',#15185,1.);
#15185 = DIRECTION('',(9.031806508344E-47,1.));
#15186 = ( GEOMETRIC_REPRESENTATION_CONTEXT(2) 
PARAMETRIC_REPRESENTATION_CONTEXT() REPRESENTATION_CONTEXT('2D SPACE',''
  ) );
#15187 = PCURVE('',#4593,#15188);
#15188 = DEFINITIONAL_REPRESENTATION('',(#15189),#15193);
#15189 = LINE('',#15190,#15191);
#15190 = CARTESIAN_POINT('',(1.75,-2.E-02));
#15191 = VECTOR('',#15192,1.);
#15192 = DIRECTION('',(1.,0.));
#15193 = ( GEOMETRIC_REPRESENTATION_CONTEXT(2) 
PARAMETRIC_REPRESENTATION_CONTEXT() REPRESENTATION_CONTEXT('2D SPACE',''
  ) );
#15194 = ADVANCED_FACE('',(#15195),#8895,.F.);
#15195 = FACE_BOUND('',#15196,.T.);
#15196 = EDGE_LOOP('',(#15197,#15198,#15219,#15220));
#15197 = ORIENTED_EDGE('',*,*,#9964,.T.);
#15198 = ORIENTED_EDGE('',*,*,#15199,.T.);
#15199 = EDGE_CURVE('',#9942,#8779,#15200,.T.);
#15200 = SURFACE_CURVE('',#15201,(#15205,#15212),.PCURVE_S1.);
#15201 = LINE('',#15202,#15203);
#15202 = CARTESIAN_POINT('',(2.4511675,-0.430137,2.88325E-02));
#15203 = VECTOR('',#15204,1.);
#15204 = DIRECTION('',(-0.216371161204,0.952033109297,0.216371161204));
#15205 = PCURVE('',#8895,#15206);
#15206 = DEFINITIONAL_REPRESENTATION('',(#15207),#15211);
#15207 = LINE('',#15208,#15209);
#15208 = CARTESIAN_POINT('',(-3.70064333934E-02,0.155137));
#15209 = VECTOR('',#15210,1.);
#15210 = DIRECTION('',(0.305995030681,-0.952033109297));
#15211 = ( GEOMETRIC_REPRESENTATION_CONTEXT(2) 
PARAMETRIC_REPRESENTATION_CONTEXT() REPRESENTATION_CONTEXT('2D SPACE',''
  ) );
#15212 = PCURVE('',#8503,#15213);
#15213 = DEFINITIONAL_REPRESENTATION('',(#15214),#15218);
#15214 = LINE('',#15215,#15216);
#15215 = CARTESIAN_POINT('',(0.230878283572,-0.2886675));
#15216 = VECTOR('',#15217,1.);
#15217 = DIRECTION('',(-0.976311180208,0.216371161204));
#15218 = ( GEOMETRIC_REPRESENTATION_CONTEXT(2) 
PARAMETRIC_REPRESENTATION_CONTEXT() REPRESENTATION_CONTEXT('2D SPACE',''
  ) );
#15219 = ORIENTED_EDGE('',*,*,#8881,.T.);
#15220 = ORIENTED_EDGE('',*,*,#14096,.T.);
#15221 = ADVANCED_FACE('',(#15222),#456,.F.);
#15222 = FACE_BOUND('',#15223,.T.);
#15223 = EDGE_LOOP('',(#15224,#15245,#15246,#15247));
#15224 = ORIENTED_EDGE('',*,*,#15225,.F.);
#15225 = EDGE_CURVE('',#15081,#418,#15226,.T.);
#15226 = SURFACE_CURVE('',#15227,(#15231,#15238),.PCURVE_S1.);
#15227 = LINE('',#15228,#15229);
#15228 = CARTESIAN_POINT('',(6.03,0.775,0.6));
#15229 = VECTOR('',#15230,1.);
#15230 = DIRECTION('',(-1.,5.243344273594E-32,2.289834988289E-16));
#15231 = PCURVE('',#456,#15232);
#15232 = DEFINITIONAL_REPRESENTATION('',(#15233),#15237);
#15233 = LINE('',#15234,#15235);
#15234 = CARTESIAN_POINT('',(-1.101239525992E-17,13.68));
#15235 = VECTOR('',#15236,1.);
#15236 = DIRECTION('',(2.465190328816E-31,-1.));
#15237 = ( GEOMETRIC_REPRESENTATION_CONTEXT(2) 
PARAMETRIC_REPRESENTATION_CONTEXT() REPRESENTATION_CONTEXT('2D SPACE',''
  ) );
#15238 = PCURVE('',#301,#15239);
#15239 = DEFINITIONAL_REPRESENTATION('',(#15240),#15244);
#15240 = LINE('',#15241,#15242);
#15241 = CARTESIAN_POINT('',(-0.36,0.34));
#15242 = VECTOR('',#15243,1.);
#15243 = DIRECTION('',(1.,0.));
#15244 = ( GEOMETRIC_REPRESENTATION_CONTEXT(2) 
PARAMETRIC_REPRESENTATION_CONTEXT() REPRESENTATION_CONTEXT('2D SPACE',''
  ) );
#15245 = ORIENTED_EDGE('',*,*,#15080,.F.);
#15246 = ORIENTED_EDGE('',*,*,#11695,.T.);
#15247 = ORIENTED_EDGE('',*,*,#440,.T.);
#15248 = ADVANCED_FACE('',(#15249),#301,.F.);
#15249 = FACE_BOUND('',#15250,.T.);
#15250 = EDGE_LOOP('',(#15251,#15274,#15295,#15296,#15297,#15298));
#15251 = ORIENTED_EDGE('',*,*,#15252,.F.);
#15252 = EDGE_CURVE('',#15253,#253,#15255,.T.);
#15253 = VERTEX_POINT('',#15254);
#15254 = CARTESIAN_POINT('',(3.22,0.775,0.94));
#15255 = SURFACE_CURVE('',#15256,(#15260,#15267),.PCURVE_S1.);
#15256 = LINE('',#15257,#15258);
#15257 = CARTESIAN_POINT('',(9.03,0.775,0.94));
#15258 = VECTOR('',#15259,1.);
#15259 = DIRECTION('',(-1.,5.243344273594E-32,2.289834988289E-16));
#15260 = PCURVE('',#301,#15261);
#15261 = DEFINITIONAL_REPRESENTATION('',(#15262),#15266);
#15262 = LINE('',#15263,#15264);
#15263 = CARTESIAN_POINT('',(-3.36,1.22901688826E-15));
#15264 = VECTOR('',#15265,1.);
#15265 = DIRECTION('',(1.,0.));
#15266 = ( GEOMETRIC_REPRESENTATION_CONTEXT(2) 
PARAMETRIC_REPRESENTATION_CONTEXT() REPRESENTATION_CONTEXT('2D SPACE',''
  ) );
#15267 = PCURVE('',#273,#15268);
#15268 = DEFINITIONAL_REPRESENTATION('',(#15269),#15273);
#15269 = LINE('',#15270,#15271);
#15270 = CARTESIAN_POINT('',(1.366275682239,2.78));
#15271 = VECTOR('',#15272,1.);
#15272 = DIRECTION('',(-2.080052407982E-46,-1.));
#15273 = ( GEOMETRIC_REPRESENTATION_CONTEXT(2) 
PARAMETRIC_REPRESENTATION_CONTEXT() REPRESENTATION_CONTEXT('2D SPACE',''
  ) );
#15274 = ORIENTED_EDGE('',*,*,#15275,.T.);
#15275 = EDGE_CURVE('',#15253,#15104,#15276,.T.);
#15276 = SURFACE_CURVE('',#15277,(#15281,#15288),.PCURVE_S1.);
#15277 = LINE('',#15278,#15279);
#15278 = CARTESIAN_POINT('',(3.318386,0.775,0.841614));
#15279 = VECTOR('',#15280,1.);
#15280 = DIRECTION('',(0.707106781187,-1.619157848018E-16,
    -0.707106781187));
#15281 = PCURVE('',#301,#15282);
#15282 = DEFINITIONAL_REPRESENTATION('',(#15283),#15287);
#15283 = LINE('',#15284,#15285);
#15284 = CARTESIAN_POINT('',(2.351614,9.8386E-02));
#15285 = VECTOR('',#15286,1.);
#15286 = DIRECTION('',(-0.707106781187,0.707106781187));
#15287 = ( GEOMETRIC_REPRESENTATION_CONTEXT(2) 
PARAMETRIC_REPRESENTATION_CONTEXT() REPRESENTATION_CONTEXT('2D SPACE',''
  ) );
#15288 = PCURVE('',#1087,#15289);
#15289 = DEFINITIONAL_REPRESENTATION('',(#15290),#15294);
#15290 = LINE('',#15291,#15292);
#15291 = CARTESIAN_POINT('',(-0.103783476488,0.296275682239));
#15292 = VECTOR('',#15293,1.);
#15293 = DIRECTION('',(-1.,-8.659274570719E-17));
#15294 = ( GEOMETRIC_REPRESENTATION_CONTEXT(2) 
PARAMETRIC_REPRESENTATION_CONTEXT() REPRESENTATION_CONTEXT('2D SPACE',''
  ) );
#15295 = ORIENTED_EDGE('',*,*,#15103,.F.);
#15296 = ORIENTED_EDGE('',*,*,#15225,.T.);
#15297 = ORIENTED_EDGE('',*,*,#417,.T.);
#15298 = ORIENTED_EDGE('',*,*,#285,.F.);
#15299 = ADVANCED_FACE('',(#15300),#1087,.F.);
#15300 = FACE_BOUND('',#15301,.T.);
#15301 = EDGE_LOOP('',(#15302,#15303,#15304,#15305));
#15302 = ORIENTED_EDGE('',*,*,#1050,.F.);
#15303 = ORIENTED_EDGE('',*,*,#15126,.F.);
#15304 = ORIENTED_EDGE('',*,*,#15275,.F.);
#15305 = ORIENTED_EDGE('',*,*,#15306,.F.);
#15306 = EDGE_CURVE('',#1004,#15253,#15307,.T.);
#15307 = SURFACE_CURVE('',#15308,(#15312,#15319),.PCURVE_S1.);
#15308 = LINE('',#15309,#15310);
#15309 = CARTESIAN_POINT('',(3.22,-0.430137,0.94));
#15310 = VECTOR('',#15311,1.);
#15311 = DIRECTION('',(2.804146475864E-32,1.,-1.065228634467E-16));
#15312 = PCURVE('',#1087,#15313);
#15313 = DEFINITIONAL_REPRESENTATION('',(#15314),#15318);
#15314 = LINE('',#15315,#15316);
#15315 = CARTESIAN_POINT('',(3.535533905933E-02,-0.908861317761));
#15316 = VECTOR('',#15317,1.);
#15317 = DIRECTION('',(-1.60237371373E-31,1.));
#15318 = ( GEOMETRIC_REPRESENTATION_CONTEXT(2) 
PARAMETRIC_REPRESENTATION_CONTEXT() REPRESENTATION_CONTEXT('2D SPACE',''
  ) );
#15319 = PCURVE('',#273,#15320);
#15320 = DEFINITIONAL_REPRESENTATION('',(#15321),#15325);
#15321 = LINE('',#15322,#15323);
#15322 = CARTESIAN_POINT('',(0.161138682239,-3.03));
#15323 = VECTOR('',#15324,1.);
#15324 = DIRECTION('',(1.,-1.094764425254E-46));
#15325 = ( GEOMETRIC_REPRESENTATION_CONTEXT(2) 
PARAMETRIC_REPRESENTATION_CONTEXT() REPRESENTATION_CONTEXT('2D SPACE',''
  ) );
#15326 = ADVANCED_FACE('',(#15327),#3590,.F.);
#15327 = FACE_BOUND('',#15328,.T.);
#15328 = EDGE_LOOP('',(#15329,#15330,#15331,#15332));
#15329 = ORIENTED_EDGE('',*,*,#11663,.F.);
#15330 = ORIENTED_EDGE('',*,*,#8957,.F.);
#15331 = ORIENTED_EDGE('',*,*,#8633,.T.);
#15332 = ORIENTED_EDGE('',*,*,#3574,.T.);
#15333 = ADVANCED_FACE('',(#15334),#404,.F.);
#15334 = FACE_BOUND('',#15335,.T.);
#15335 = EDGE_LOOP('',(#15336,#15337,#15338,#15339));
#15336 = ORIENTED_EDGE('',*,*,#1027,.T.);
#15337 = ORIENTED_EDGE('',*,*,#388,.T.);
#15338 = ORIENTED_EDGE('',*,*,#4500,.T.);
#15339 = ORIENTED_EDGE('',*,*,#15147,.F.);
#15340 = ADVANCED_FACE('',(#15341),#273,.F.);
#15341 = FACE_BOUND('',#15342,.T.);
#15342 = EDGE_LOOP('',(#15343,#15344,#15345,#15346));
#15343 = ORIENTED_EDGE('',*,*,#1003,.F.);
#15344 = ORIENTED_EDGE('',*,*,#15306,.T.);
#15345 = ORIENTED_EDGE('',*,*,#15252,.T.);
#15346 = ORIENTED_EDGE('',*,*,#250,.F.);
#15347 = ADVANCED_FACE('',(#15348),#4565,.F.);
#15348 = FACE_BOUND('',#15349,.T.);
#15349 = EDGE_LOOP('',(#15350,#15351,#15352,#15353));
#15350 = ORIENTED_EDGE('',*,*,#4549,.T.);
#15351 = ORIENTED_EDGE('',*,*,#10841,.T.);
#15352 = ORIENTED_EDGE('',*,*,#9284,.T.);
#15353 = ORIENTED_EDGE('',*,*,#14981,.T.);
#15354 = ADVANCED_FACE('',(#15355),#4593,.T.);
#15355 = FACE_BOUND('',#15356,.T.);
#15356 = EDGE_LOOP('',(#15357,#15358,#15359,#15360));
#15357 = ORIENTED_EDGE('',*,*,#4577,.T.);
#15358 = ORIENTED_EDGE('',*,*,#14960,.T.);
#15359 = ORIENTED_EDGE('',*,*,#15174,.F.);
#15360 = ORIENTED_EDGE('',*,*,#15034,.F.);
#15361 = ADVANCED_FACE('',(#15362),#11175,.T.);
#15362 = FACE_BOUND('',#15363,.T.);
#15363 = EDGE_LOOP('',(#15364,#15365,#15388,#15409));
#15364 = ORIENTED_EDGE('',*,*,#14475,.T.);
#15365 = ORIENTED_EDGE('',*,*,#15366,.F.);
#15366 = EDGE_CURVE('',#15367,#14453,#15369,.T.);
#15367 = VERTEX_POINT('',#15368);
#15368 = CARTESIAN_POINT('',(2.325,0.225,0.16));
#15369 = SURFACE_CURVE('',#15370,(#15374,#15381),.PCURVE_S1.);
#15370 = LINE('',#15371,#15372);
#15371 = CARTESIAN_POINT('',(2.325,0.225,0.31));
#15372 = VECTOR('',#15373,1.);
#15373 = DIRECTION('',(2.289834988289E-16,2.289834988289E-16,1.));
#15374 = PCURVE('',#11175,#15375);
#15375 = DEFINITIONAL_REPRESENTATION('',(#15376),#15380);
#15376 = LINE('',#15377,#15378);
#15377 = CARTESIAN_POINT('',(-3.434752482434E-17,-0.15));
#15378 = VECTOR('',#15379,1.);
#15379 = DIRECTION('',(-1.,0.));
#15380 = ( GEOMETRIC_REPRESENTATION_CONTEXT(2) 
PARAMETRIC_REPRESENTATION_CONTEXT() REPRESENTATION_CONTEXT('2D SPACE',''
  ) );
#15381 = PCURVE('',#11619,#15382);
#15382 = DEFINITIONAL_REPRESENTATION('',(#15383),#15387);
#15383 = LINE('',#15384,#15385);
#15384 = CARTESIAN_POINT('',(0.104220924602,0.139499768985));
#15385 = VECTOR('',#15386,1.);
#15386 = DIRECTION('',(2.289834988289E-16,1.));
#15387 = ( GEOMETRIC_REPRESENTATION_CONTEXT(2) 
PARAMETRIC_REPRESENTATION_CONTEXT() REPRESENTATION_CONTEXT('2D SPACE',''
  ) );
#15388 = ORIENTED_EDGE('',*,*,#15389,.F.);
#15389 = EDGE_CURVE('',#11160,#15367,#15390,.T.);
#15390 = SURFACE_CURVE('',#15391,(#15395,#15402),.PCURVE_S1.);
#15391 = LINE('',#15392,#15393);
#15392 = CARTESIAN_POINT('',(2.175,0.225,0.16));
#15393 = VECTOR('',#15394,1.);
#15394 = DIRECTION('',(1.,-5.243344273594E-32,-2.289834988289E-16));
#15395 = PCURVE('',#11175,#15396);
#15396 = DEFINITIONAL_REPRESENTATION('',(#15397),#15401);
#15397 = LINE('',#15398,#15399);
#15398 = CARTESIAN_POINT('',(0.15,-3.434752482434E-17));
#15399 = VECTOR('',#15400,1.);
#15400 = DIRECTION('',(0.,-1.));
#15401 = ( GEOMETRIC_REPRESENTATION_CONTEXT(2) 
PARAMETRIC_REPRESENTATION_CONTEXT() REPRESENTATION_CONTEXT('2D SPACE',''
  ) );
#15402 = PCURVE('',#11204,#15403);
#15403 = DEFINITIONAL_REPRESENTATION('',(#15404),#15408);
#15404 = LINE('',#15405,#15406);
#15405 = CARTESIAN_POINT('',(1.570796326795,0.));
#15406 = VECTOR('',#15407,1.);
#15407 = DIRECTION('',(0.,1.));
#15408 = ( GEOMETRIC_REPRESENTATION_CONTEXT(2) 
PARAMETRIC_REPRESENTATION_CONTEXT() REPRESENTATION_CONTEXT('2D SPACE',''
  ) );
#15409 = ORIENTED_EDGE('',*,*,#11159,.T.);
#15410 = ADVANCED_FACE('',(#15411),#11204,.F.);
#15411 = FACE_BOUND('',#15412,.F.);
#15412 = EDGE_LOOP('',(#15413,#15436,#15458,#15459));
#15413 = ORIENTED_EDGE('',*,*,#15414,.T.);
#15414 = EDGE_CURVE('',#11188,#15415,#15417,.T.);
#15415 = VERTEX_POINT('',#15416);
#15416 = CARTESIAN_POINT('',(2.325,0.175,0.11));
#15417 = SURFACE_CURVE('',#15418,(#15422,#15429),.PCURVE_S1.);
#15418 = LINE('',#15419,#15420);
#15419 = CARTESIAN_POINT('',(2.175,0.175,0.11));
#15420 = VECTOR('',#15421,1.);
#15421 = DIRECTION('',(1.,-5.243344273594E-32,-2.289834988289E-16));
#15422 = PCURVE('',#11204,#15423);
#15423 = DEFINITIONAL_REPRESENTATION('',(#15424),#15428);
#15424 = LINE('',#15425,#15426);
#15425 = CARTESIAN_POINT('',(3.14159265359,0.));
#15426 = VECTOR('',#15427,1.);
#15427 = DIRECTION('',(0.,1.));
#15428 = ( GEOMETRIC_REPRESENTATION_CONTEXT(2) 
PARAMETRIC_REPRESENTATION_CONTEXT() REPRESENTATION_CONTEXT('2D SPACE',''
  ) );
#15429 = PCURVE('',#11232,#15430);
#15430 = DEFINITIONAL_REPRESENTATION('',(#15431),#15435);
#15431 = LINE('',#15432,#15433);
#15432 = CARTESIAN_POINT('',(-0.,0.));
#15433 = VECTOR('',#15434,1.);
#15434 = DIRECTION('',(0.,-1.));
#15435 = ( GEOMETRIC_REPRESENTATION_CONTEXT(2) 
PARAMETRIC_REPRESENTATION_CONTEXT() REPRESENTATION_CONTEXT('2D SPACE',''
  ) );
#15436 = ORIENTED_EDGE('',*,*,#15437,.F.);
#15437 = EDGE_CURVE('',#15367,#15415,#15438,.T.);
#15438 = SURFACE_CURVE('',#15439,(#15444,#15451),.PCURVE_S1.);
#15439 = CIRCLE('',#15440,5.E-02);
#15440 = AXIS2_PLACEMENT_3D('',#15441,#15442,#15443);
#15441 = CARTESIAN_POINT('',(2.325,0.225,0.11));
#15442 = DIRECTION('',(1.,-5.243344273594E-32,-2.289834988289E-16));
#15443 = DIRECTION('',(-2.080052407982E-46,1.,-2.289834988289E-16));
#15444 = PCURVE('',#11204,#15445);
#15445 = DEFINITIONAL_REPRESENTATION('',(#15446),#15450);
#15446 = LINE('',#15447,#15448);
#15447 = CARTESIAN_POINT('',(-2.22044604925E-16,0.15));
#15448 = VECTOR('',#15449,1.);
#15449 = DIRECTION('',(1.,0.));
#15450 = ( GEOMETRIC_REPRESENTATION_CONTEXT(2) 
PARAMETRIC_REPRESENTATION_CONTEXT() REPRESENTATION_CONTEXT('2D SPACE',''
  ) );
#15451 = PCURVE('',#11619,#15452);
#15452 = DEFINITIONAL_REPRESENTATION('',(#15453),#15457);
#15453 = CIRCLE('',#15454,5.E-02);
#15454 = AXIS2_PLACEMENT_2D('',#15455,#15456);
#15455 = CARTESIAN_POINT('',(0.104220924602,-6.050023101547E-02));
#15456 = DIRECTION('',(1.,-2.289834988289E-16));
#15457 = ( GEOMETRIC_REPRESENTATION_CONTEXT(2) 
PARAMETRIC_REPRESENTATION_CONTEXT() REPRESENTATION_CONTEXT('2D SPACE',''
  ) );
#15458 = ORIENTED_EDGE('',*,*,#15389,.F.);
#15459 = ORIENTED_EDGE('',*,*,#11187,.T.);
#15460 = ADVANCED_FACE('',(#15461),#11232,.T.);
#15461 = FACE_BOUND('',#15462,.T.);
#15462 = EDGE_LOOP('',(#15463,#15464,#15487,#15508));
#15463 = ORIENTED_EDGE('',*,*,#15414,.T.);
#15464 = ORIENTED_EDGE('',*,*,#15465,.T.);
#15465 = EDGE_CURVE('',#15415,#15466,#15468,.T.);
#15466 = VERTEX_POINT('',#15467);
#15467 = CARTESIAN_POINT('',(2.325,0.175,5.E-02));
#15468 = SURFACE_CURVE('',#15469,(#15473,#15480),.PCURVE_S1.);
#15469 = LINE('',#15470,#15471);
#15470 = CARTESIAN_POINT('',(2.325,0.175,0.11));
#15471 = VECTOR('',#15472,1.);
#15472 = DIRECTION('',(-2.289834988289E-16,-2.289834988289E-16,-1.));
#15473 = PCURVE('',#11232,#15474);
#15474 = DEFINITIONAL_REPRESENTATION('',(#15475),#15479);
#15475 = LINE('',#15476,#15477);
#15476 = CARTESIAN_POINT('',(-3.434752482434E-17,-0.15));
#15477 = VECTOR('',#15478,1.);
#15478 = DIRECTION('',(1.,0.));
#15479 = ( GEOMETRIC_REPRESENTATION_CONTEXT(2) 
PARAMETRIC_REPRESENTATION_CONTEXT() REPRESENTATION_CONTEXT('2D SPACE',''
  ) );
#15480 = PCURVE('',#11619,#15481);
#15481 = DEFINITIONAL_REPRESENTATION('',(#15482),#15486);
#15482 = LINE('',#15483,#15484);
#15483 = CARTESIAN_POINT('',(5.422092460224E-02,-6.050023101547E-02));
#15484 = VECTOR('',#15485,1.);
#15485 = DIRECTION('',(-2.289834988289E-16,-1.));
#15486 = ( GEOMETRIC_REPRESENTATION_CONTEXT(2) 
PARAMETRIC_REPRESENTATION_CONTEXT() REPRESENTATION_CONTEXT('2D SPACE',''
  ) );
#15487 = ORIENTED_EDGE('',*,*,#15488,.F.);
#15488 = EDGE_CURVE('',#11217,#15466,#15489,.T.);
#15489 = SURFACE_CURVE('',#15490,(#15494,#15501),.PCURVE_S1.);
#15490 = LINE('',#15491,#15492);
#15491 = CARTESIAN_POINT('',(2.175,0.175,5.E-02));
#15492 = VECTOR('',#15493,1.);
#15493 = DIRECTION('',(1.,-5.243344273594E-32,-2.289834988289E-16));
#15494 = PCURVE('',#11232,#15495);
#15495 = DEFINITIONAL_REPRESENTATION('',(#15496),#15500);
#15496 = LINE('',#15497,#15498);
#15497 = CARTESIAN_POINT('',(6.E-02,-1.373900992974E-17));
#15498 = VECTOR('',#15499,1.);
#15499 = DIRECTION('',(0.,-1.));
#15500 = ( GEOMETRIC_REPRESENTATION_CONTEXT(2) 
PARAMETRIC_REPRESENTATION_CONTEXT() REPRESENTATION_CONTEXT('2D SPACE',''
  ) );
#15501 = PCURVE('',#11260,#15502);
#15502 = DEFINITIONAL_REPRESENTATION('',(#15503),#15507);
#15503 = LINE('',#15504,#15505);
#15504 = CARTESIAN_POINT('',(-0.,0.));
#15505 = VECTOR('',#15506,1.);
#15506 = DIRECTION('',(2.465190328816E-32,-1.));
#15507 = ( GEOMETRIC_REPRESENTATION_CONTEXT(2) 
PARAMETRIC_REPRESENTATION_CONTEXT() REPRESENTATION_CONTEXT('2D SPACE',''
  ) );
#15508 = ORIENTED_EDGE('',*,*,#11216,.F.);
#15509 = ADVANCED_FACE('',(#15510),#11260,.T.);
#15510 = FACE_BOUND('',#15511,.T.);
#15511 = EDGE_LOOP('',(#15512,#15513,#15514,#15537));
#15512 = ORIENTED_EDGE('',*,*,#11244,.F.);
#15513 = ORIENTED_EDGE('',*,*,#15488,.T.);
#15514 = ORIENTED_EDGE('',*,*,#15515,.T.);
#15515 = EDGE_CURVE('',#15466,#15516,#15518,.T.);
#15516 = VERTEX_POINT('',#15517);
#15517 = CARTESIAN_POINT('',(2.325,0.125,-1.554312234475E-15));
#15518 = SURFACE_CURVE('',#15519,(#15523,#15530),.PCURVE_S1.);
#15519 = LINE('',#15520,#15521);
#15520 = CARTESIAN_POINT('',(2.325,0.175,5.E-02));
#15521 = VECTOR('',#15522,1.);
#15522 = DIRECTION('',(-1.619157848018E-16,-0.707106781187,
    -0.707106781186));
#15523 = PCURVE('',#11260,#15524);
#15524 = DEFINITIONAL_REPRESENTATION('',(#15525),#15529);
#15525 = LINE('',#15526,#15527);
#15526 = CARTESIAN_POINT('',(3.949763841376E-17,-0.15));
#15527 = VECTOR('',#15528,1.);
#15528 = DIRECTION('',(1.,-7.395570986447E-32));
#15529 = ( GEOMETRIC_REPRESENTATION_CONTEXT(2) 
PARAMETRIC_REPRESENTATION_CONTEXT() REPRESENTATION_CONTEXT('2D SPACE',''
  ) );
#15530 = PCURVE('',#11619,#15531);
#15531 = DEFINITIONAL_REPRESENTATION('',(#15532),#15536);
#15532 = LINE('',#15533,#15534);
#15533 = CARTESIAN_POINT('',(5.422092460224E-02,-0.120500231015));
#15534 = VECTOR('',#15535,1.);
#15535 = DIRECTION('',(-0.707106781187,-0.707106781186));
#15536 = ( GEOMETRIC_REPRESENTATION_CONTEXT(2) 
PARAMETRIC_REPRESENTATION_CONTEXT() REPRESENTATION_CONTEXT('2D SPACE',''
  ) );
#15537 = ORIENTED_EDGE('',*,*,#15538,.F.);
#15538 = EDGE_CURVE('',#11245,#15516,#15539,.T.);
#15539 = SURFACE_CURVE('',#15540,(#15544,#15551),.PCURVE_S1.);
#15540 = LINE('',#15541,#15542);
#15541 = CARTESIAN_POINT('',(2.175,0.125,-1.7763568394E-15));
#15542 = VECTOR('',#15543,1.);
#15543 = DIRECTION('',(1.,-5.243344273594E-32,-2.289834988289E-16));
#15544 = PCURVE('',#11260,#15545);
#15545 = DEFINITIONAL_REPRESENTATION('',(#15546),#15550);
#15546 = LINE('',#15547,#15548);
#15547 = CARTESIAN_POINT('',(7.071067811866E-02,-1.144917494145E-17));
#15548 = VECTOR('',#15549,1.);
#15549 = DIRECTION('',(2.465190328816E-32,-1.));
#15550 = ( GEOMETRIC_REPRESENTATION_CONTEXT(2) 
PARAMETRIC_REPRESENTATION_CONTEXT() REPRESENTATION_CONTEXT('2D SPACE',''
  ) );
#15551 = PCURVE('',#11288,#15552);
#15552 = DEFINITIONAL_REPRESENTATION('',(#15553),#15557);
#15553 = LINE('',#15554,#15555);
#15554 = CARTESIAN_POINT('',(0.,0.));
#15555 = VECTOR('',#15556,1.);
#15556 = DIRECTION('',(-2.080052407982E-46,-1.));
#15557 = ( GEOMETRIC_REPRESENTATION_CONTEXT(2) 
PARAMETRIC_REPRESENTATION_CONTEXT() REPRESENTATION_CONTEXT('2D SPACE',''
  ) );
#15558 = ADVANCED_FACE('',(#15559),#11288,.T.);
#15559 = FACE_BOUND('',#15560,.T.);
#15560 = EDGE_LOOP('',(#15561,#15562,#15563,#15586));
#15561 = ORIENTED_EDGE('',*,*,#11272,.T.);
#15562 = ORIENTED_EDGE('',*,*,#15538,.T.);
#15563 = ORIENTED_EDGE('',*,*,#15564,.F.);
#15564 = EDGE_CURVE('',#15565,#15516,#15567,.T.);
#15565 = VERTEX_POINT('',#15566);
#15566 = CARTESIAN_POINT('',(2.325,-0.205,-1.7763568394E-15));
#15567 = SURFACE_CURVE('',#15568,(#15572,#15579),.PCURVE_S1.);
#15568 = LINE('',#15569,#15570);
#15569 = CARTESIAN_POINT('',(2.325,-0.205,-1.7763568394E-15));
#15570 = VECTOR('',#15571,1.);
#15571 = DIRECTION('',(0.,1.,-2.289834988289E-16));
#15572 = PCURVE('',#11288,#15573);
#15573 = DEFINITIONAL_REPRESENTATION('',(#15574),#15578);
#15574 = LINE('',#15575,#15576);
#15575 = CARTESIAN_POINT('',(0.33,-0.15));
#15576 = VECTOR('',#15577,1.);
#15577 = DIRECTION('',(-1.,0.));
#15578 = ( GEOMETRIC_REPRESENTATION_CONTEXT(2) 
PARAMETRIC_REPRESENTATION_CONTEXT() REPRESENTATION_CONTEXT('2D SPACE',''
  ) );
#15579 = PCURVE('',#11619,#15580);
#15580 = DEFINITIONAL_REPRESENTATION('',(#15581),#15585);
#15581 = LINE('',#15582,#15583);
#15582 = CARTESIAN_POINT('',(-0.325779075398,-0.170500231015));
#15583 = VECTOR('',#15584,1.);
#15584 = DIRECTION('',(1.,-2.289834988289E-16));
#15585 = ( GEOMETRIC_REPRESENTATION_CONTEXT(2) 
PARAMETRIC_REPRESENTATION_CONTEXT() REPRESENTATION_CONTEXT('2D SPACE',''
  ) );
#15586 = ORIENTED_EDGE('',*,*,#15587,.F.);
#15587 = EDGE_CURVE('',#11273,#15565,#15588,.T.);
#15588 = SURFACE_CURVE('',#15589,(#15593,#15600),.PCURVE_S1.);
#15589 = LINE('',#15590,#15591);
#15590 = CARTESIAN_POINT('',(2.175,-0.205,-1.665334536938E-15));
#15591 = VECTOR('',#15592,1.);
#15592 = DIRECTION('',(1.,-5.243344273594E-32,-2.289834988289E-16));
#15593 = PCURVE('',#11288,#15594);
#15594 = DEFINITIONAL_REPRESENTATION('',(#15595),#15599);
#15595 = LINE('',#15596,#15597);
#15596 = CARTESIAN_POINT('',(0.33,5.473822126269E-48));
#15597 = VECTOR('',#15598,1.);
#15598 = DIRECTION('',(-2.080052407982E-46,-1.));
#15599 = ( GEOMETRIC_REPRESENTATION_CONTEXT(2) 
PARAMETRIC_REPRESENTATION_CONTEXT() REPRESENTATION_CONTEXT('2D SPACE',''
  ) );
#15600 = PCURVE('',#11316,#15601);
#15601 = DEFINITIONAL_REPRESENTATION('',(#15602),#15606);
#15602 = LINE('',#15603,#15604);
#15603 = CARTESIAN_POINT('',(0.,0.));
#15604 = VECTOR('',#15605,1.);
#15605 = DIRECTION('',(0.,-1.));
#15606 = ( GEOMETRIC_REPRESENTATION_CONTEXT(2) 
PARAMETRIC_REPRESENTATION_CONTEXT() REPRESENTATION_CONTEXT('2D SPACE',''
  ) );
#15607 = ADVANCED_FACE('',(#15608),#11316,.T.);
#15608 = FACE_BOUND('',#15609,.T.);
#15609 = EDGE_LOOP('',(#15610,#15611,#15612,#15635));
#15610 = ORIENTED_EDGE('',*,*,#11300,.F.);
#15611 = ORIENTED_EDGE('',*,*,#15587,.T.);
#15612 = ORIENTED_EDGE('',*,*,#15613,.T.);
#15613 = EDGE_CURVE('',#15565,#15614,#15616,.T.);
#15614 = VERTEX_POINT('',#15615);
#15615 = CARTESIAN_POINT('',(2.325,-0.205,3.619548911246E-02));
#15616 = SURFACE_CURVE('',#15617,(#15621,#15628),.PCURVE_S1.);
#15617 = LINE('',#15618,#15619);
#15618 = CARTESIAN_POINT('',(2.325,-0.205,-1.7763568394E-15));
#15619 = VECTOR('',#15620,1.);
#15620 = DIRECTION('',(2.289834988289E-16,2.289834988289E-16,1.));
#15621 = PCURVE('',#11316,#15622);
#15622 = DEFINITIONAL_REPRESENTATION('',(#15623),#15627);
#15623 = LINE('',#15624,#15625);
#15624 = CARTESIAN_POINT('',(-7.667477763818E-17,-0.15));
#15625 = VECTOR('',#15626,1.);
#15626 = DIRECTION('',(1.,0.));
#15627 = ( GEOMETRIC_REPRESENTATION_CONTEXT(2) 
PARAMETRIC_REPRESENTATION_CONTEXT() REPRESENTATION_CONTEXT('2D SPACE',''
  ) );
#15628 = PCURVE('',#11619,#15629);
#15629 = DEFINITIONAL_REPRESENTATION('',(#15630),#15634);
#15630 = LINE('',#15631,#15632);
#15631 = CARTESIAN_POINT('',(-0.325779075398,-0.170500231015));
#15632 = VECTOR('',#15633,1.);
#15633 = DIRECTION('',(2.289834988289E-16,1.));
#15634 = ( GEOMETRIC_REPRESENTATION_CONTEXT(2) 
PARAMETRIC_REPRESENTATION_CONTEXT() REPRESENTATION_CONTEXT('2D SPACE',''
  ) );
#15635 = ORIENTED_EDGE('',*,*,#15636,.F.);
#15636 = EDGE_CURVE('',#11301,#15614,#15637,.T.);
#15637 = SURFACE_CURVE('',#15638,(#15642,#15649),.PCURVE_S1.);
#15638 = LINE('',#15639,#15640);
#15639 = CARTESIAN_POINT('',(2.175,-0.205,3.619548911246E-02));
#15640 = VECTOR('',#15641,1.);
#15641 = DIRECTION('',(1.,-5.243344273594E-32,-2.289834988289E-16));
#15642 = PCURVE('',#11316,#15643);
#15643 = DEFINITIONAL_REPRESENTATION('',(#15644),#15648);
#15644 = LINE('',#15645,#15646);
#15645 = CARTESIAN_POINT('',(3.619548911246E-02,8.288169738796E-18));
#15646 = VECTOR('',#15647,1.);
#15647 = DIRECTION('',(0.,-1.));
#15648 = ( GEOMETRIC_REPRESENTATION_CONTEXT(2) 
PARAMETRIC_REPRESENTATION_CONTEXT() REPRESENTATION_CONTEXT('2D SPACE',''
  ) );
#15649 = PCURVE('',#11345,#15650);
#15650 = DEFINITIONAL_REPRESENTATION('',(#15651),#15655);
#15651 = LINE('',#15652,#15653);
#15652 = CARTESIAN_POINT('',(3.14159265359,0.));
#15653 = VECTOR('',#15654,1.);
#15654 = DIRECTION('',(0.,1.));
#15655 = ( GEOMETRIC_REPRESENTATION_CONTEXT(2) 
PARAMETRIC_REPRESENTATION_CONTEXT() REPRESENTATION_CONTEXT('2D SPACE',''
  ) );
#15656 = ADVANCED_FACE('',(#15657),#11345,.T.);
#15657 = FACE_BOUND('',#15658,.T.);
#15658 = EDGE_LOOP('',(#15659,#15660,#15661,#15685));
#15659 = ORIENTED_EDGE('',*,*,#11328,.T.);
#15660 = ORIENTED_EDGE('',*,*,#15636,.T.);
#15661 = ORIENTED_EDGE('',*,*,#15662,.F.);
#15662 = EDGE_CURVE('',#15663,#15614,#15665,.T.);
#15663 = VERTEX_POINT('',#15664);
#15664 = CARTESIAN_POINT('',(2.325,-0.181813366389,6.541154699934E-02));
#15665 = SURFACE_CURVE('',#15666,(#15671,#15678),.PCURVE_S1.);
#15666 = CIRCLE('',#15667,3.E-02);
#15667 = AXIS2_PLACEMENT_3D('',#15668,#15669,#15670);
#15668 = CARTESIAN_POINT('',(2.325,-0.175,3.619548911246E-02));
#15669 = DIRECTION('',(1.,-5.243344273594E-32,-2.289834988289E-16));
#15670 = DIRECTION('',(-2.080052407982E-46,1.,-2.289834988289E-16));
#15671 = PCURVE('',#11345,#15672);
#15672 = DEFINITIONAL_REPRESENTATION('',(#15673),#15677);
#15673 = LINE('',#15674,#15675);
#15674 = CARTESIAN_POINT('',(-2.22044604925E-16,0.15));
#15675 = VECTOR('',#15676,1.);
#15676 = DIRECTION('',(1.,0.));
#15677 = ( GEOMETRIC_REPRESENTATION_CONTEXT(2) 
PARAMETRIC_REPRESENTATION_CONTEXT() REPRESENTATION_CONTEXT('2D SPACE',''
  ) );
#15678 = PCURVE('',#11619,#15679);
#15679 = DEFINITIONAL_REPRESENTATION('',(#15680),#15684);
#15680 = CIRCLE('',#15681,3.E-02);
#15681 = AXIS2_PLACEMENT_2D('',#15682,#15683);
#15682 = CARTESIAN_POINT('',(-0.295779075398,-0.134304741903));
#15683 = DIRECTION('',(1.,-2.289834988289E-16));
#15684 = ( GEOMETRIC_REPRESENTATION_CONTEXT(2) 
PARAMETRIC_REPRESENTATION_CONTEXT() REPRESENTATION_CONTEXT('2D SPACE',''
  ) );
#15685 = ORIENTED_EDGE('',*,*,#15686,.F.);
#15686 = EDGE_CURVE('',#11329,#15663,#15687,.T.);
#15687 = SURFACE_CURVE('',#15688,(#15692,#15699),.PCURVE_S1.);
#15688 = LINE('',#15689,#15690);
#15689 = CARTESIAN_POINT('',(2.175,-0.181813366389,6.541154699934E-02));
#15690 = VECTOR('',#15691,1.);
#15691 = DIRECTION('',(1.,-5.243344273594E-32,-2.289834988289E-16));
#15692 = PCURVE('',#11345,#15693);
#15693 = DEFINITIONAL_REPRESENTATION('',(#15694),#15698);
#15694 = LINE('',#15695,#15696);
#15695 = CARTESIAN_POINT('',(1.799907705522,0.));
#15696 = VECTOR('',#15697,1.);
#15697 = DIRECTION('',(0.,1.));
#15698 = ( GEOMETRIC_REPRESENTATION_CONTEXT(2) 
PARAMETRIC_REPRESENTATION_CONTEXT() REPRESENTATION_CONTEXT('2D SPACE',''
  ) );
#15699 = PCURVE('',#11373,#15700);
#15700 = DEFINITIONAL_REPRESENTATION('',(#15701),#15705);
#15701 = LINE('',#15702,#15703);
#15702 = CARTESIAN_POINT('',(0.,0.));
#15703 = VECTOR('',#15704,1.);
#15704 = DIRECTION('',(-9.244463733059E-32,-1.));
#15705 = ( GEOMETRIC_REPRESENTATION_CONTEXT(2) 
PARAMETRIC_REPRESENTATION_CONTEXT() REPRESENTATION_CONTEXT('2D SPACE',''
  ) );
#15706 = ADVANCED_FACE('',(#15707),#11373,.T.);
#15707 = FACE_BOUND('',#15708,.T.);
#15708 = EDGE_LOOP('',(#15709,#15710,#15711,#15712));
#15709 = ORIENTED_EDGE('',*,*,#11582,.T.);
#15710 = ORIENTED_EDGE('',*,*,#11357,.F.);
#15711 = ORIENTED_EDGE('',*,*,#15686,.T.);
#15712 = ORIENTED_EDGE('',*,*,#15713,.T.);
#15713 = EDGE_CURVE('',#15663,#11583,#15714,.T.);
#15714 = SURFACE_CURVE('',#15715,(#15719,#15726),.PCURVE_S1.);
#15715 = LINE('',#15716,#15717);
#15716 = CARTESIAN_POINT('',(2.325,-0.181813366389,6.541154699934E-02));
#15717 = VECTOR('',#15718,1.);
#15718 = DIRECTION('',(5.200494915182E-17,0.973868596229,0.227112212966)
  );
#15719 = PCURVE('',#11373,#15720);
#15720 = DEFINITIONAL_REPRESENTATION('',(#15721),#15725);
#15721 = LINE('',#15722,#15723);
#15722 = CARTESIAN_POINT('',(-2.868498638989E-17,-0.15));
#15723 = VECTOR('',#15724,1.);
#15724 = DIRECTION('',(1.,-3.697785493223E-32));
#15725 = ( GEOMETRIC_REPRESENTATION_CONTEXT(2) 
PARAMETRIC_REPRESENTATION_CONTEXT() REPRESENTATION_CONTEXT('2D SPACE',''
  ) );
#15726 = PCURVE('',#11619,#15727);
#15727 = DEFINITIONAL_REPRESENTATION('',(#15728),#15732);
#15728 = LINE('',#15729,#15730);
#15729 = CARTESIAN_POINT('',(-0.302592441787,-0.105088684016));
#15730 = VECTOR('',#15731,1.);
#15731 = DIRECTION('',(0.973868596229,0.227112212966));
#15732 = ( GEOMETRIC_REPRESENTATION_CONTEXT(2) 
PARAMETRIC_REPRESENTATION_CONTEXT() REPRESENTATION_CONTEXT('2D SPACE',''
  ) );
#15733 = ADVANCED_FACE('',(#15734),#14536,.T.);
#15734 = FACE_BOUND('',#15735,.T.);
#15735 = EDGE_LOOP('',(#15736,#15766,#15794,#15823,#15851,#15879,#15907,
    #15935,#15964,#15985,#15986));
#15736 = ORIENTED_EDGE('',*,*,#15737,.T.);
#15737 = EDGE_CURVE('',#15738,#15740,#15742,.T.);
#15738 = VERTEX_POINT('',#15739);
#15739 = CARTESIAN_POINT('',(1.825,-0.125,8.E-02));
#15740 = VERTEX_POINT('',#15741);
#15741 = CARTESIAN_POINT('',(1.825,-0.125,7.866077735406E-02));
#15742 = SURFACE_CURVE('',#15743,(#15747,#15754),.PCURVE_S1.);
#15743 = LINE('',#15744,#15745);
#15744 = CARTESIAN_POINT('',(1.825,-0.125,0.841614));
#15745 = VECTOR('',#15746,1.);
#15746 = DIRECTION('',(-2.289834988289E-16,-1.065228634467E-16,-1.));
#15747 = PCURVE('',#14536,#15748);
#15748 = DEFINITIONAL_REPRESENTATION('',(#15749),#15753);
#15749 = LINE('',#15750,#15751);
#15750 = CARTESIAN_POINT('',(-0.245779075398,0.671113768985));
#15751 = VECTOR('',#15752,1.);
#15752 = DIRECTION('',(-1.065228634467E-16,-1.));
#15753 = ( GEOMETRIC_REPRESENTATION_CONTEXT(2) 
PARAMETRIC_REPRESENTATION_CONTEXT() REPRESENTATION_CONTEXT('2D SPACE',''
  ) );
#15754 = PCURVE('',#15755,#15760);
#15755 = PLANE('',#15756);
#15756 = AXIS2_PLACEMENT_3D('',#15757,#15758,#15759);
#15757 = CARTESIAN_POINT('',(1.825,-0.125,7.866077735406E-02));
#15758 = DIRECTION('',(2.804146475864E-32,1.,-1.065228634467E-16));
#15759 = DIRECTION('',(-2.289834988289E-16,-1.065228634467E-16,-1.));
#15760 = DEFINITIONAL_REPRESENTATION('',(#15761),#15765);
#15761 = LINE('',#15762,#15763);
#15762 = CARTESIAN_POINT('',(-0.762953222646,1.747036983643E-16));
#15763 = VECTOR('',#15764,1.);
#15764 = DIRECTION('',(1.,0.));
#15765 = ( GEOMETRIC_REPRESENTATION_CONTEXT(2) 
PARAMETRIC_REPRESENTATION_CONTEXT() REPRESENTATION_CONTEXT('2D SPACE',''
  ) );
#15766 = ORIENTED_EDGE('',*,*,#15767,.F.);
#15767 = EDGE_CURVE('',#15768,#15740,#15770,.T.);
#15768 = VERTEX_POINT('',#15769);
#15769 = CARTESIAN_POINT('',(1.825,-0.181813366389,6.541154699934E-02));
#15770 = SURFACE_CURVE('',#15771,(#15775,#15782),.PCURVE_S1.);
#15771 = LINE('',#15772,#15773);
#15772 = CARTESIAN_POINT('',(1.825,-0.430137,7.500931358165E-03));
#15773 = VECTOR('',#15774,1.);
#15774 = DIRECTION('',(5.200494915182E-17,0.973868596229,0.227112212966)
  );
#15775 = PCURVE('',#14536,#15776);
#15776 = DEFINITIONAL_REPRESENTATION('',(#15777),#15781);
#15777 = LINE('',#15778,#15779);
#15778 = CARTESIAN_POINT('',(-0.550916075398,-0.162999299657));
#15779 = VECTOR('',#15780,1.);
#15780 = DIRECTION('',(0.973868596229,0.227112212966));
#15781 = ( GEOMETRIC_REPRESENTATION_CONTEXT(2) 
PARAMETRIC_REPRESENTATION_CONTEXT() REPRESENTATION_CONTEXT('2D SPACE',''
  ) );
#15782 = PCURVE('',#15783,#15788);
#15783 = PLANE('',#15784);
#15784 = AXIS2_PLACEMENT_3D('',#15785,#15786,#15787);
#15785 = CARTESIAN_POINT('',(1.675,-0.181813366389,6.541154699934E-02));
#15786 = DIRECTION('',(2.229998385642E-16,-0.227112212966,0.973868596229
    ));
#15787 = DIRECTION('',(5.200494915182E-17,0.973868596229,0.227112212966)
  );
#15788 = DEFINITIONAL_REPRESENTATION('',(#15789),#15793);
#15789 = LINE('',#15790,#15791);
#15790 = CARTESIAN_POINT('',(-0.254986796548,-0.15));
#15791 = VECTOR('',#15792,1.);
#15792 = DIRECTION('',(1.,-3.697785493223E-32));
#15793 = ( GEOMETRIC_REPRESENTATION_CONTEXT(2) 
PARAMETRIC_REPRESENTATION_CONTEXT() REPRESENTATION_CONTEXT('2D SPACE',''
  ) );
#15794 = ORIENTED_EDGE('',*,*,#15795,.T.);
#15795 = EDGE_CURVE('',#15768,#15796,#15798,.T.);
#15796 = VERTEX_POINT('',#15797);
#15797 = CARTESIAN_POINT('',(1.825,-0.205,3.619548911246E-02));
#15798 = SURFACE_CURVE('',#15799,(#15804,#15811),.PCURVE_S1.);
#15799 = CIRCLE('',#15800,3.E-02);
#15800 = AXIS2_PLACEMENT_3D('',#15801,#15802,#15803);
#15801 = CARTESIAN_POINT('',(1.825,-0.175,3.619548911246E-02));
#15802 = DIRECTION('',(1.,-5.243344273594E-32,-2.289834988289E-16));
#15803 = DIRECTION('',(-2.080052407982E-46,1.,-2.289834988289E-16));
#15804 = PCURVE('',#14536,#15805);
#15805 = DEFINITIONAL_REPRESENTATION('',(#15806),#15810);
#15806 = CIRCLE('',#15807,3.E-02);
#15807 = AXIS2_PLACEMENT_2D('',#15808,#15809);
#15808 = CARTESIAN_POINT('',(-0.295779075398,-0.134304741903));
#15809 = DIRECTION('',(1.,-2.289834988289E-16));
#15810 = ( GEOMETRIC_REPRESENTATION_CONTEXT(2) 
PARAMETRIC_REPRESENTATION_CONTEXT() REPRESENTATION_CONTEXT('2D SPACE',''
  ) );
#15811 = PCURVE('',#15812,#15817);
#15812 = CYLINDRICAL_SURFACE('',#15813,3.E-02);
#15813 = AXIS2_PLACEMENT_3D('',#15814,#15815,#15816);
#15814 = CARTESIAN_POINT('',(1.675,-0.175,3.619548911246E-02));
#15815 = DIRECTION('',(1.,-5.243344273594E-32,-2.289834988289E-16));
#15816 = DIRECTION('',(-2.080052407982E-46,1.,-2.289834988289E-16));
#15817 = DEFINITIONAL_REPRESENTATION('',(#15818),#15822);
#15818 = LINE('',#15819,#15820);
#15819 = CARTESIAN_POINT('',(-2.22044604925E-16,0.15));
#15820 = VECTOR('',#15821,1.);
#15821 = DIRECTION('',(1.,0.));
#15822 = ( GEOMETRIC_REPRESENTATION_CONTEXT(2) 
PARAMETRIC_REPRESENTATION_CONTEXT() REPRESENTATION_CONTEXT('2D SPACE',''
  ) );
#15823 = ORIENTED_EDGE('',*,*,#15824,.F.);
#15824 = EDGE_CURVE('',#15825,#15796,#15827,.T.);
#15825 = VERTEX_POINT('',#15826);
#15826 = CARTESIAN_POINT('',(1.825,-0.205,-1.443289932013E-15));
#15827 = SURFACE_CURVE('',#15828,(#15832,#15839),.PCURVE_S1.);
#15828 = LINE('',#15829,#15830);
#15829 = CARTESIAN_POINT('',(1.825,-0.205,0.841614));
#15830 = VECTOR('',#15831,1.);
#15831 = DIRECTION('',(2.289834988289E-16,2.289834988289E-16,1.));
#15832 = PCURVE('',#14536,#15833);
#15833 = DEFINITIONAL_REPRESENTATION('',(#15834),#15838);
#15834 = LINE('',#15835,#15836);
#15835 = CARTESIAN_POINT('',(-0.325779075398,0.671113768985));
#15836 = VECTOR('',#15837,1.);
#15837 = DIRECTION('',(2.289834988289E-16,1.));
#15838 = ( GEOMETRIC_REPRESENTATION_CONTEXT(2) 
PARAMETRIC_REPRESENTATION_CONTEXT() REPRESENTATION_CONTEXT('2D SPACE',''
  ) );
#15839 = PCURVE('',#15840,#15845);
#15840 = PLANE('',#15841);
#15841 = AXIS2_PLACEMENT_3D('',#15842,#15843,#15844);
#15842 = CARTESIAN_POINT('',(1.675,-0.205,-1.33226762955E-15));
#15843 = DIRECTION('',(0.,-1.,2.289834988289E-16));
#15844 = DIRECTION('',(2.289834988289E-16,2.289834988289E-16,1.));
#15845 = DEFINITIONAL_REPRESENTATION('',(#15846),#15850);
#15846 = LINE('',#15847,#15848);
#15847 = CARTESIAN_POINT('',(0.841614,-0.15));
#15848 = VECTOR('',#15849,1.);
#15849 = DIRECTION('',(1.,0.));
#15850 = ( GEOMETRIC_REPRESENTATION_CONTEXT(2) 
PARAMETRIC_REPRESENTATION_CONTEXT() REPRESENTATION_CONTEXT('2D SPACE',''
  ) );
#15851 = ORIENTED_EDGE('',*,*,#15852,.F.);
#15852 = EDGE_CURVE('',#15853,#15825,#15855,.T.);
#15853 = VERTEX_POINT('',#15854);
#15854 = CARTESIAN_POINT('',(1.825,0.125,-1.554312234475E-15));
#15855 = SURFACE_CURVE('',#15856,(#15860,#15867),.PCURVE_S1.);
#15856 = LINE('',#15857,#15858);
#15857 = CARTESIAN_POINT('',(1.825,-0.430137,-1.443289932013E-15));
#15858 = VECTOR('',#15859,1.);
#15859 = DIRECTION('',(0.,-1.,2.289834988289E-16));
#15860 = PCURVE('',#14536,#15861);
#15861 = DEFINITIONAL_REPRESENTATION('',(#15862),#15866);
#15862 = LINE('',#15863,#15864);
#15863 = CARTESIAN_POINT('',(-0.550916075398,-0.170500231015));
#15864 = VECTOR('',#15865,1.);
#15865 = DIRECTION('',(-1.,2.289834988289E-16));
#15866 = ( GEOMETRIC_REPRESENTATION_CONTEXT(2) 
PARAMETRIC_REPRESENTATION_CONTEXT() REPRESENTATION_CONTEXT('2D SPACE',''
  ) );
#15867 = PCURVE('',#15868,#15873);
#15868 = PLANE('',#15869);
#15869 = AXIS2_PLACEMENT_3D('',#15870,#15871,#15872);
#15870 = CARTESIAN_POINT('',(1.675,0.125,-1.443289932013E-15));
#15871 = DIRECTION('',(-2.289834988289E-16,-2.289834988289E-16,-1.));
#15872 = DIRECTION('',(0.,-1.,2.289834988289E-16));
#15873 = DEFINITIONAL_REPRESENTATION('',(#15874),#15878);
#15874 = LINE('',#15875,#15876);
#15875 = CARTESIAN_POINT('',(0.555137,-0.15));
#15876 = VECTOR('',#15877,1.);
#15877 = DIRECTION('',(1.,0.));
#15878 = ( GEOMETRIC_REPRESENTATION_CONTEXT(2) 
PARAMETRIC_REPRESENTATION_CONTEXT() REPRESENTATION_CONTEXT('2D SPACE',''
  ) );
#15879 = ORIENTED_EDGE('',*,*,#15880,.F.);
#15880 = EDGE_CURVE('',#15881,#15853,#15883,.T.);
#15881 = VERTEX_POINT('',#15882);
#15882 = CARTESIAN_POINT('',(1.825,0.175,5.E-02));
#15883 = SURFACE_CURVE('',#15884,(#15888,#15895),.PCURVE_S1.);
#15884 = LINE('',#15885,#15886);
#15885 = CARTESIAN_POINT('',(1.825,-0.430137,-0.555137));
#15886 = VECTOR('',#15887,1.);
#15887 = DIRECTION('',(-1.619157848018E-16,-0.707106781187,
    -0.707106781186));
#15888 = PCURVE('',#14536,#15889);
#15889 = DEFINITIONAL_REPRESENTATION('',(#15890),#15894);
#15890 = LINE('',#15891,#15892);
#15891 = CARTESIAN_POINT('',(-0.550916075398,-0.725637231015));
#15892 = VECTOR('',#15893,1.);
#15893 = DIRECTION('',(-0.707106781187,-0.707106781186));
#15894 = ( GEOMETRIC_REPRESENTATION_CONTEXT(2) 
PARAMETRIC_REPRESENTATION_CONTEXT() REPRESENTATION_CONTEXT('2D SPACE',''
  ) );
#15895 = PCURVE('',#15896,#15901);
#15896 = PLANE('',#15897);
#15897 = AXIS2_PLACEMENT_3D('',#15898,#15899,#15900);
#15898 = CARTESIAN_POINT('',(1.675,0.175,5.E-02));
#15899 = DIRECTION('',(-1.619157848018E-16,0.707106781186,
    -0.707106781187));
#15900 = DIRECTION('',(-1.619157848018E-16,-0.707106781187,
    -0.707106781186));
#15901 = DEFINITIONAL_REPRESENTATION('',(#15902),#15906);
#15902 = LINE('',#15903,#15904);
#15903 = CARTESIAN_POINT('',(0.855792952494,-0.15));
#15904 = VECTOR('',#15905,1.);
#15905 = DIRECTION('',(1.,-7.395570986447E-32));
#15906 = ( GEOMETRIC_REPRESENTATION_CONTEXT(2) 
PARAMETRIC_REPRESENTATION_CONTEXT() REPRESENTATION_CONTEXT('2D SPACE',''
  ) );
#15907 = ORIENTED_EDGE('',*,*,#15908,.F.);
#15908 = EDGE_CURVE('',#15909,#15881,#15911,.T.);
#15909 = VERTEX_POINT('',#15910);
#15910 = CARTESIAN_POINT('',(1.825,0.175,0.11));
#15911 = SURFACE_CURVE('',#15912,(#15916,#15923),.PCURVE_S1.);
#15912 = LINE('',#15913,#15914);
#15913 = CARTESIAN_POINT('',(1.825,0.175,0.841614));
#15914 = VECTOR('',#15915,1.);
#15915 = DIRECTION('',(-2.289834988289E-16,-2.289834988289E-16,-1.));
#15916 = PCURVE('',#14536,#15917);
#15917 = DEFINITIONAL_REPRESENTATION('',(#15918),#15922);
#15918 = LINE('',#15919,#15920);
#15919 = CARTESIAN_POINT('',(5.422092460224E-02,0.671113768985));
#15920 = VECTOR('',#15921,1.);
#15921 = DIRECTION('',(-2.289834988289E-16,-1.));
#15922 = ( GEOMETRIC_REPRESENTATION_CONTEXT(2) 
PARAMETRIC_REPRESENTATION_CONTEXT() REPRESENTATION_CONTEXT('2D SPACE',''
  ) );
#15923 = PCURVE('',#15924,#15929);
#15924 = PLANE('',#15925);
#15925 = AXIS2_PLACEMENT_3D('',#15926,#15927,#15928);
#15926 = CARTESIAN_POINT('',(1.675,0.175,0.11));
#15927 = DIRECTION('',(0.,1.,-2.289834988289E-16));
#15928 = DIRECTION('',(-2.289834988289E-16,-2.289834988289E-16,-1.));
#15929 = DEFINITIONAL_REPRESENTATION('',(#15930),#15934);
#15930 = LINE('',#15931,#15932);
#15931 = CARTESIAN_POINT('',(-0.731614,-0.15));
#15932 = VECTOR('',#15933,1.);
#15933 = DIRECTION('',(1.,0.));
#15934 = ( GEOMETRIC_REPRESENTATION_CONTEXT(2) 
PARAMETRIC_REPRESENTATION_CONTEXT() REPRESENTATION_CONTEXT('2D SPACE',''
  ) );
#15935 = ORIENTED_EDGE('',*,*,#15936,.F.);
#15936 = EDGE_CURVE('',#15937,#15909,#15939,.T.);
#15937 = VERTEX_POINT('',#15938);
#15938 = CARTESIAN_POINT('',(1.825,0.225,0.16));
#15939 = SURFACE_CURVE('',#15940,(#15945,#15952),.PCURVE_S1.);
#15940 = CIRCLE('',#15941,5.E-02);
#15941 = AXIS2_PLACEMENT_3D('',#15942,#15943,#15944);
#15942 = CARTESIAN_POINT('',(1.825,0.225,0.11));
#15943 = DIRECTION('',(1.,-5.243344273594E-32,-2.289834988289E-16));
#15944 = DIRECTION('',(-2.080052407982E-46,1.,-2.289834988289E-16));
#15945 = PCURVE('',#14536,#15946);
#15946 = DEFINITIONAL_REPRESENTATION('',(#15947),#15951);
#15947 = CIRCLE('',#15948,5.E-02);
#15948 = AXIS2_PLACEMENT_2D('',#15949,#15950);
#15949 = CARTESIAN_POINT('',(0.104220924602,-6.050023101547E-02));
#15950 = DIRECTION('',(1.,-2.289834988289E-16));
#15951 = ( GEOMETRIC_REPRESENTATION_CONTEXT(2) 
PARAMETRIC_REPRESENTATION_CONTEXT() REPRESENTATION_CONTEXT('2D SPACE',''
  ) );
#15952 = PCURVE('',#15953,#15958);
#15953 = CYLINDRICAL_SURFACE('',#15954,5.E-02);
#15954 = AXIS2_PLACEMENT_3D('',#15955,#15956,#15957);
#15955 = CARTESIAN_POINT('',(1.675,0.225,0.11));
#15956 = DIRECTION('',(1.,-5.243344273594E-32,-2.289834988289E-16));
#15957 = DIRECTION('',(-2.080052407982E-46,1.,-2.289834988289E-16));
#15958 = DEFINITIONAL_REPRESENTATION('',(#15959),#15963);
#15959 = LINE('',#15960,#15961);
#15960 = CARTESIAN_POINT('',(-2.22044604925E-16,0.15));
#15961 = VECTOR('',#15962,1.);
#15962 = DIRECTION('',(1.,0.));
#15963 = ( GEOMETRIC_REPRESENTATION_CONTEXT(2) 
PARAMETRIC_REPRESENTATION_CONTEXT() REPRESENTATION_CONTEXT('2D SPACE',''
  ) );
#15964 = ORIENTED_EDGE('',*,*,#15965,.F.);
#15965 = EDGE_CURVE('',#14521,#15937,#15966,.T.);
#15966 = SURFACE_CURVE('',#15967,(#15971,#15978),.PCURVE_S1.);
#15967 = LINE('',#15968,#15969);
#15968 = CARTESIAN_POINT('',(1.825,0.225,0.841614));
#15969 = VECTOR('',#15970,1.);
#15970 = DIRECTION('',(-2.289834988289E-16,-2.289834988289E-16,-1.));
#15971 = PCURVE('',#14536,#15972);
#15972 = DEFINITIONAL_REPRESENTATION('',(#15973),#15977);
#15973 = LINE('',#15974,#15975);
#15974 = CARTESIAN_POINT('',(0.104220924602,0.671113768985));
#15975 = VECTOR('',#15976,1.);
#15976 = DIRECTION('',(-2.289834988289E-16,-1.));
#15977 = ( GEOMETRIC_REPRESENTATION_CONTEXT(2) 
PARAMETRIC_REPRESENTATION_CONTEXT() REPRESENTATION_CONTEXT('2D SPACE',''
  ) );
#15978 = PCURVE('',#14564,#15979);
#15979 = DEFINITIONAL_REPRESENTATION('',(#15980),#15984);
#15980 = LINE('',#15981,#15982);
#15981 = CARTESIAN_POINT('',(-0.531614,-0.15));
#15982 = VECTOR('',#15983,1.);
#15983 = DIRECTION('',(1.,0.));
#15984 = ( GEOMETRIC_REPRESENTATION_CONTEXT(2) 
PARAMETRIC_REPRESENTATION_CONTEXT() REPRESENTATION_CONTEXT('2D SPACE',''
  ) );
#15985 = ORIENTED_EDGE('',*,*,#14520,.T.);
#15986 = ORIENTED_EDGE('',*,*,#15987,.F.);
#15987 = EDGE_CURVE('',#15738,#14498,#15988,.T.);
#15988 = SURFACE_CURVE('',#15989,(#15993,#16000),.PCURVE_S1.);
#15989 = LINE('',#15990,#15991);
#15990 = CARTESIAN_POINT('',(1.825,-0.125,0.841614));
#15991 = VECTOR('',#15992,1.);
#15992 = DIRECTION('',(2.289834988289E-16,1.065228634467E-16,1.));
#15993 = PCURVE('',#14536,#15994);
#15994 = DEFINITIONAL_REPRESENTATION('',(#15995),#15999);
#15995 = LINE('',#15996,#15997);
#15996 = CARTESIAN_POINT('',(-0.245779075398,0.671113768985));
#15997 = VECTOR('',#15998,1.);
#15998 = DIRECTION('',(1.065228634467E-16,1.));
#15999 = ( GEOMETRIC_REPRESENTATION_CONTEXT(2) 
PARAMETRIC_REPRESENTATION_CONTEXT() REPRESENTATION_CONTEXT('2D SPACE',''
  ) );
#16000 = PCURVE('',#4014,#16001);
#16001 = DEFINITIONAL_REPRESENTATION('',(#16002),#16006);
#16002 = LINE('',#16003,#16004);
#16003 = CARTESIAN_POINT('',(-0.531614,0.5));
#16004 = VECTOR('',#16005,1.);
#16005 = DIRECTION('',(-1.,0.));
#16006 = ( GEOMETRIC_REPRESENTATION_CONTEXT(2) 
PARAMETRIC_REPRESENTATION_CONTEXT() REPRESENTATION_CONTEXT('2D SPACE',''
  ) );
#16007 = ADVANCED_FACE('',(#16008),#15755,.F.);
#16008 = FACE_BOUND('',#16009,.T.);
#16009 = EDGE_LOOP('',(#16010,#16033,#16056,#16077));
#16010 = ORIENTED_EDGE('',*,*,#16011,.F.);
#16011 = EDGE_CURVE('',#16012,#15738,#16014,.T.);
#16012 = VERTEX_POINT('',#16013);
#16013 = CARTESIAN_POINT('',(1.675,-0.125,8.E-02));
#16014 = SURFACE_CURVE('',#16015,(#16019,#16026),.PCURVE_S1.);
#16015 = LINE('',#16016,#16017);
#16016 = CARTESIAN_POINT('',(7.,-0.125,8.E-02));
#16017 = VECTOR('',#16018,1.);
#16018 = DIRECTION('',(1.,-5.243344273594E-32,-2.289834988289E-16));
#16019 = PCURVE('',#15755,#16020);
#16020 = DEFINITIONAL_REPRESENTATION('',(#16021),#16025);
#16021 = LINE('',#16022,#16023);
#16022 = CARTESIAN_POINT('',(-1.339222645935E-03,-5.175));
#16023 = VECTOR('',#16024,1.);
#16024 = DIRECTION('',(0.,-1.));
#16025 = ( GEOMETRIC_REPRESENTATION_CONTEXT(2) 
PARAMETRIC_REPRESENTATION_CONTEXT() REPRESENTATION_CONTEXT('2D SPACE',''
  ) );
#16026 = PCURVE('',#3986,#16027);
#16027 = DEFINITIONAL_REPRESENTATION('',(#16028),#16032);
#16028 = LINE('',#16029,#16030);
#16029 = CARTESIAN_POINT('',(-2.79645027925E-31,-5.3375));
#16030 = VECTOR('',#16031,1.);
#16031 = DIRECTION('',(-2.080052407982E-46,-1.));
#16032 = ( GEOMETRIC_REPRESENTATION_CONTEXT(2) 
PARAMETRIC_REPRESENTATION_CONTEXT() REPRESENTATION_CONTEXT('2D SPACE',''
  ) );
#16033 = ORIENTED_EDGE('',*,*,#16034,.T.);
#16034 = EDGE_CURVE('',#16012,#16035,#16037,.T.);
#16035 = VERTEX_POINT('',#16036);
#16036 = CARTESIAN_POINT('',(1.675,-0.125,7.866077735406E-02));
#16037 = SURFACE_CURVE('',#16038,(#16042,#16049),.PCURVE_S1.);
#16038 = LINE('',#16039,#16040);
#16039 = CARTESIAN_POINT('',(1.675,-0.125,0.841614));
#16040 = VECTOR('',#16041,1.);
#16041 = DIRECTION('',(-2.289834988289E-16,-1.065228634467E-16,-1.));
#16042 = PCURVE('',#15755,#16043);
#16043 = DEFINITIONAL_REPRESENTATION('',(#16044),#16048);
#16044 = LINE('',#16045,#16046);
#16045 = CARTESIAN_POINT('',(-0.762953222646,0.15));
#16046 = VECTOR('',#16047,1.);
#16047 = DIRECTION('',(1.,0.));
#16048 = ( GEOMETRIC_REPRESENTATION_CONTEXT(2) 
PARAMETRIC_REPRESENTATION_CONTEXT() REPRESENTATION_CONTEXT('2D SPACE',''
  ) );
#16049 = PCURVE('',#14592,#16050);
#16050 = DEFINITIONAL_REPRESENTATION('',(#16051),#16055);
#16051 = LINE('',#16052,#16053);
#16052 = CARTESIAN_POINT('',(-0.245779075398,0.671113768985));
#16053 = VECTOR('',#16054,1.);
#16054 = DIRECTION('',(-1.065228634467E-16,-1.));
#16055 = ( GEOMETRIC_REPRESENTATION_CONTEXT(2) 
PARAMETRIC_REPRESENTATION_CONTEXT() REPRESENTATION_CONTEXT('2D SPACE',''
  ) );
#16056 = ORIENTED_EDGE('',*,*,#16057,.F.);
#16057 = EDGE_CURVE('',#15740,#16035,#16058,.T.);
#16058 = SURFACE_CURVE('',#16059,(#16063,#16070),.PCURVE_S1.);
#16059 = LINE('',#16060,#16061);
#16060 = CARTESIAN_POINT('',(7.,-0.125,7.866077735406E-02));
#16061 = VECTOR('',#16062,1.);
#16062 = DIRECTION('',(-1.,5.243344273594E-32,2.289834988289E-16));
#16063 = PCURVE('',#15755,#16064);
#16064 = DEFINITIONAL_REPRESENTATION('',(#16065),#16069);
#16065 = LINE('',#16066,#16067);
#16066 = CARTESIAN_POINT('',(-1.857888842771E-16,-5.175));
#16067 = VECTOR('',#16068,1.);
#16068 = DIRECTION('',(0.,1.));
#16069 = ( GEOMETRIC_REPRESENTATION_CONTEXT(2) 
PARAMETRIC_REPRESENTATION_CONTEXT() REPRESENTATION_CONTEXT('2D SPACE',''
  ) );
#16070 = PCURVE('',#15783,#16071);
#16071 = DEFINITIONAL_REPRESENTATION('',(#16072),#16076);
#16072 = LINE('',#16073,#16074);
#16073 = CARTESIAN_POINT('',(5.833781539828E-02,-5.325));
#16074 = VECTOR('',#16075,1.);
#16075 = DIRECTION('',(9.244463733059E-32,1.));
#16076 = ( GEOMETRIC_REPRESENTATION_CONTEXT(2) 
PARAMETRIC_REPRESENTATION_CONTEXT() REPRESENTATION_CONTEXT('2D SPACE',''
  ) );
#16077 = ORIENTED_EDGE('',*,*,#15737,.F.);
#16078 = ADVANCED_FACE('',(#16079),#14592,.F.);
#16079 = FACE_BOUND('',#16080,.T.);
#16080 = EDGE_LOOP('',(#16081,#16102,#16103,#16126,#16150,#16173,#16196,
    #16219,#16242,#16266,#16287));
#16081 = ORIENTED_EDGE('',*,*,#16082,.F.);
#16082 = EDGE_CURVE('',#14577,#16012,#16083,.T.);
#16083 = SURFACE_CURVE('',#16084,(#16088,#16095),.PCURVE_S1.);
#16084 = LINE('',#16085,#16086);
#16085 = CARTESIAN_POINT('',(1.675,-0.125,0.841614));
#16086 = VECTOR('',#16087,1.);
#16087 = DIRECTION('',(-2.289834988289E-16,-1.065228634467E-16,-1.));
#16088 = PCURVE('',#14592,#16089);
#16089 = DEFINITIONAL_REPRESENTATION('',(#16090),#16094);
#16090 = LINE('',#16091,#16092);
#16091 = CARTESIAN_POINT('',(-0.245779075398,0.671113768985));
#16092 = VECTOR('',#16093,1.);
#16093 = DIRECTION('',(-1.065228634467E-16,-1.));
#16094 = ( GEOMETRIC_REPRESENTATION_CONTEXT(2) 
PARAMETRIC_REPRESENTATION_CONTEXT() REPRESENTATION_CONTEXT('2D SPACE',''
  ) );
#16095 = PCURVE('',#9857,#16096);
#16096 = DEFINITIONAL_REPRESENTATION('',(#16097),#16101);
#16097 = LINE('',#16098,#16099);
#16098 = CARTESIAN_POINT('',(-0.531614,3.65));
#16099 = VECTOR('',#16100,1.);
#16100 = DIRECTION('',(1.,0.));
#16101 = ( GEOMETRIC_REPRESENTATION_CONTEXT(2) 
PARAMETRIC_REPRESENTATION_CONTEXT() REPRESENTATION_CONTEXT('2D SPACE',''
  ) );
#16102 = ORIENTED_EDGE('',*,*,#14576,.F.);
#16103 = ORIENTED_EDGE('',*,*,#16104,.F.);
#16104 = EDGE_CURVE('',#16105,#14549,#16107,.T.);
#16105 = VERTEX_POINT('',#16106);
#16106 = CARTESIAN_POINT('',(1.675,0.225,0.16));
#16107 = SURFACE_CURVE('',#16108,(#16112,#16119),.PCURVE_S1.);
#16108 = LINE('',#16109,#16110);
#16109 = CARTESIAN_POINT('',(1.675,0.225,0.31));
#16110 = VECTOR('',#16111,1.);
#16111 = DIRECTION('',(2.289834988289E-16,2.289834988289E-16,1.));
#16112 = PCURVE('',#14592,#16113);
#16113 = DEFINITIONAL_REPRESENTATION('',(#16114),#16118);
#16114 = LINE('',#16115,#16116);
#16115 = CARTESIAN_POINT('',(0.104220924602,0.139499768985));
#16116 = VECTOR('',#16117,1.);
#16117 = DIRECTION('',(2.289834988289E-16,1.));
#16118 = ( GEOMETRIC_REPRESENTATION_CONTEXT(2) 
PARAMETRIC_REPRESENTATION_CONTEXT() REPRESENTATION_CONTEXT('2D SPACE',''
  ) );
#16119 = PCURVE('',#14564,#16120);
#16120 = DEFINITIONAL_REPRESENTATION('',(#16121),#16125);
#16121 = LINE('',#16122,#16123);
#16122 = CARTESIAN_POINT('',(-0.,0.));
#16123 = VECTOR('',#16124,1.);
#16124 = DIRECTION('',(-1.,0.));
#16125 = ( GEOMETRIC_REPRESENTATION_CONTEXT(2) 
PARAMETRIC_REPRESENTATION_CONTEXT() REPRESENTATION_CONTEXT('2D SPACE',''
  ) );
#16126 = ORIENTED_EDGE('',*,*,#16127,.T.);
#16127 = EDGE_CURVE('',#16105,#16128,#16130,.T.);
#16128 = VERTEX_POINT('',#16129);
#16129 = CARTESIAN_POINT('',(1.675,0.175,0.11));
#16130 = SURFACE_CURVE('',#16131,(#16136,#16143),.PCURVE_S1.);
#16131 = CIRCLE('',#16132,5.E-02);
#16132 = AXIS2_PLACEMENT_3D('',#16133,#16134,#16135);
#16133 = CARTESIAN_POINT('',(1.675,0.225,0.11));
#16134 = DIRECTION('',(1.,-5.243344273594E-32,-2.289834988289E-16));
#16135 = DIRECTION('',(-2.080052407982E-46,1.,-2.289834988289E-16));
#16136 = PCURVE('',#14592,#16137);
#16137 = DEFINITIONAL_REPRESENTATION('',(#16138),#16142);
#16138 = CIRCLE('',#16139,5.E-02);
#16139 = AXIS2_PLACEMENT_2D('',#16140,#16141);
#16140 = CARTESIAN_POINT('',(0.104220924602,-6.050023101547E-02));
#16141 = DIRECTION('',(1.,-2.289834988289E-16));
#16142 = ( GEOMETRIC_REPRESENTATION_CONTEXT(2) 
PARAMETRIC_REPRESENTATION_CONTEXT() REPRESENTATION_CONTEXT('2D SPACE',''
  ) );
#16143 = PCURVE('',#15953,#16144);
#16144 = DEFINITIONAL_REPRESENTATION('',(#16145),#16149);
#16145 = LINE('',#16146,#16147);
#16146 = CARTESIAN_POINT('',(-2.22044604925E-16,0.));
#16147 = VECTOR('',#16148,1.);
#16148 = DIRECTION('',(1.,0.));
#16149 = ( GEOMETRIC_REPRESENTATION_CONTEXT(2) 
PARAMETRIC_REPRESENTATION_CONTEXT() REPRESENTATION_CONTEXT('2D SPACE',''
  ) );
#16150 = ORIENTED_EDGE('',*,*,#16151,.T.);
#16151 = EDGE_CURVE('',#16128,#16152,#16154,.T.);
#16152 = VERTEX_POINT('',#16153);
#16153 = CARTESIAN_POINT('',(1.675,0.175,5.E-02));
#16154 = SURFACE_CURVE('',#16155,(#16159,#16166),.PCURVE_S1.);
#16155 = LINE('',#16156,#16157);
#16156 = CARTESIAN_POINT('',(1.675,0.175,0.11));
#16157 = VECTOR('',#16158,1.);
#16158 = DIRECTION('',(-2.289834988289E-16,-2.289834988289E-16,-1.));
#16159 = PCURVE('',#14592,#16160);
#16160 = DEFINITIONAL_REPRESENTATION('',(#16161),#16165);
#16161 = LINE('',#16162,#16163);
#16162 = CARTESIAN_POINT('',(5.422092460224E-02,-6.050023101547E-02));
#16163 = VECTOR('',#16164,1.);
#16164 = DIRECTION('',(-2.289834988289E-16,-1.));
#16165 = ( GEOMETRIC_REPRESENTATION_CONTEXT(2) 
PARAMETRIC_REPRESENTATION_CONTEXT() REPRESENTATION_CONTEXT('2D SPACE',''
  ) );
#16166 = PCURVE('',#15924,#16167);
#16167 = DEFINITIONAL_REPRESENTATION('',(#16168),#16172);
#16168 = LINE('',#16169,#16170);
#16169 = CARTESIAN_POINT('',(-0.,0.));
#16170 = VECTOR('',#16171,1.);
#16171 = DIRECTION('',(1.,0.));
#16172 = ( GEOMETRIC_REPRESENTATION_CONTEXT(2) 
PARAMETRIC_REPRESENTATION_CONTEXT() REPRESENTATION_CONTEXT('2D SPACE',''
  ) );
#16173 = ORIENTED_EDGE('',*,*,#16174,.T.);
#16174 = EDGE_CURVE('',#16152,#16175,#16177,.T.);
#16175 = VERTEX_POINT('',#16176);
#16176 = CARTESIAN_POINT('',(1.675,0.125,-1.443289932013E-15));
#16177 = SURFACE_CURVE('',#16178,(#16182,#16189),.PCURVE_S1.);
#16178 = LINE('',#16179,#16180);
#16179 = CARTESIAN_POINT('',(1.675,0.175,5.E-02));
#16180 = VECTOR('',#16181,1.);
#16181 = DIRECTION('',(-1.619157848018E-16,-0.707106781187,
    -0.707106781186));
#16182 = PCURVE('',#14592,#16183);
#16183 = DEFINITIONAL_REPRESENTATION('',(#16184),#16188);
#16184 = LINE('',#16185,#16186);
#16185 = CARTESIAN_POINT('',(5.422092460224E-02,-0.120500231015));
#16186 = VECTOR('',#16187,1.);
#16187 = DIRECTION('',(-0.707106781187,-0.707106781186));
#16188 = ( GEOMETRIC_REPRESENTATION_CONTEXT(2) 
PARAMETRIC_REPRESENTATION_CONTEXT() REPRESENTATION_CONTEXT('2D SPACE',''
  ) );
#16189 = PCURVE('',#15896,#16190);
#16190 = DEFINITIONAL_REPRESENTATION('',(#16191),#16195);
#16191 = LINE('',#16192,#16193);
#16192 = CARTESIAN_POINT('',(-0.,0.));
#16193 = VECTOR('',#16194,1.);
#16194 = DIRECTION('',(1.,-7.395570986447E-32));
#16195 = ( GEOMETRIC_REPRESENTATION_CONTEXT(2) 
PARAMETRIC_REPRESENTATION_CONTEXT() REPRESENTATION_CONTEXT('2D SPACE',''
  ) );
#16196 = ORIENTED_EDGE('',*,*,#16197,.F.);
#16197 = EDGE_CURVE('',#16198,#16175,#16200,.T.);
#16198 = VERTEX_POINT('',#16199);
#16199 = CARTESIAN_POINT('',(1.675,-0.205,-1.33226762955E-15));
#16200 = SURFACE_CURVE('',#16201,(#16205,#16212),.PCURVE_S1.);
#16201 = LINE('',#16202,#16203);
#16202 = CARTESIAN_POINT('',(1.675,-0.205,-1.33226762955E-15));
#16203 = VECTOR('',#16204,1.);
#16204 = DIRECTION('',(0.,1.,-2.289834988289E-16));
#16205 = PCURVE('',#14592,#16206);
#16206 = DEFINITIONAL_REPRESENTATION('',(#16207),#16211);
#16207 = LINE('',#16208,#16209);
#16208 = CARTESIAN_POINT('',(-0.325779075398,-0.170500231015));
#16209 = VECTOR('',#16210,1.);
#16210 = DIRECTION('',(1.,-2.289834988289E-16));
#16211 = ( GEOMETRIC_REPRESENTATION_CONTEXT(2) 
PARAMETRIC_REPRESENTATION_CONTEXT() REPRESENTATION_CONTEXT('2D SPACE',''
  ) );
#16212 = PCURVE('',#15868,#16213);
#16213 = DEFINITIONAL_REPRESENTATION('',(#16214),#16218);
#16214 = LINE('',#16215,#16216);
#16215 = CARTESIAN_POINT('',(0.33,5.473822126269E-48));
#16216 = VECTOR('',#16217,1.);
#16217 = DIRECTION('',(-1.,0.));
#16218 = ( GEOMETRIC_REPRESENTATION_CONTEXT(2) 
PARAMETRIC_REPRESENTATION_CONTEXT() REPRESENTATION_CONTEXT('2D SPACE',''
  ) );
#16219 = ORIENTED_EDGE('',*,*,#16220,.T.);
#16220 = EDGE_CURVE('',#16198,#16221,#16223,.T.);
#16221 = VERTEX_POINT('',#16222);
#16222 = CARTESIAN_POINT('',(1.675,-0.205,3.619548911246E-02));
#16223 = SURFACE_CURVE('',#16224,(#16228,#16235),.PCURVE_S1.);
#16224 = LINE('',#16225,#16226);
#16225 = CARTESIAN_POINT('',(1.675,-0.205,-1.33226762955E-15));
#16226 = VECTOR('',#16227,1.);
#16227 = DIRECTION('',(2.289834988289E-16,2.289834988289E-16,1.));
#16228 = PCURVE('',#14592,#16229);
#16229 = DEFINITIONAL_REPRESENTATION('',(#16230),#16234);
#16230 = LINE('',#16231,#16232);
#16231 = CARTESIAN_POINT('',(-0.325779075398,-0.170500231015));
#16232 = VECTOR('',#16233,1.);
#16233 = DIRECTION('',(2.289834988289E-16,1.));
#16234 = ( GEOMETRIC_REPRESENTATION_CONTEXT(2) 
PARAMETRIC_REPRESENTATION_CONTEXT() REPRESENTATION_CONTEXT('2D SPACE',''
  ) );
#16235 = PCURVE('',#15840,#16236);
#16236 = DEFINITIONAL_REPRESENTATION('',(#16237),#16241);
#16237 = LINE('',#16238,#16239);
#16238 = CARTESIAN_POINT('',(0.,0.));
#16239 = VECTOR('',#16240,1.);
#16240 = DIRECTION('',(1.,0.));
#16241 = ( GEOMETRIC_REPRESENTATION_CONTEXT(2) 
PARAMETRIC_REPRESENTATION_CONTEXT() REPRESENTATION_CONTEXT('2D SPACE',''
  ) );
#16242 = ORIENTED_EDGE('',*,*,#16243,.F.);
#16243 = EDGE_CURVE('',#16244,#16221,#16246,.T.);
#16244 = VERTEX_POINT('',#16245);
#16245 = CARTESIAN_POINT('',(1.675,-0.181813366389,6.541154699934E-02));
#16246 = SURFACE_CURVE('',#16247,(#16252,#16259),.PCURVE_S1.);
#16247 = CIRCLE('',#16248,3.E-02);
#16248 = AXIS2_PLACEMENT_3D('',#16249,#16250,#16251);
#16249 = CARTESIAN_POINT('',(1.675,-0.175,3.619548911246E-02));
#16250 = DIRECTION('',(1.,-5.243344273594E-32,-2.289834988289E-16));
#16251 = DIRECTION('',(-2.080052407982E-46,1.,-2.289834988289E-16));
#16252 = PCURVE('',#14592,#16253);
#16253 = DEFINITIONAL_REPRESENTATION('',(#16254),#16258);
#16254 = CIRCLE('',#16255,3.E-02);
#16255 = AXIS2_PLACEMENT_2D('',#16256,#16257);
#16256 = CARTESIAN_POINT('',(-0.295779075398,-0.134304741903));
#16257 = DIRECTION('',(1.,-2.289834988289E-16));
#16258 = ( GEOMETRIC_REPRESENTATION_CONTEXT(2) 
PARAMETRIC_REPRESENTATION_CONTEXT() REPRESENTATION_CONTEXT('2D SPACE',''
  ) );
#16259 = PCURVE('',#15812,#16260);
#16260 = DEFINITIONAL_REPRESENTATION('',(#16261),#16265);
#16261 = LINE('',#16262,#16263);
#16262 = CARTESIAN_POINT('',(-6.661338147751E-16,0.));
#16263 = VECTOR('',#16264,1.);
#16264 = DIRECTION('',(1.,0.));
#16265 = ( GEOMETRIC_REPRESENTATION_CONTEXT(2) 
PARAMETRIC_REPRESENTATION_CONTEXT() REPRESENTATION_CONTEXT('2D SPACE',''
  ) );
#16266 = ORIENTED_EDGE('',*,*,#16267,.T.);
#16267 = EDGE_CURVE('',#16244,#16035,#16268,.T.);
#16268 = SURFACE_CURVE('',#16269,(#16273,#16280),.PCURVE_S1.);
#16269 = LINE('',#16270,#16271);
#16270 = CARTESIAN_POINT('',(1.675,-0.181813366389,6.541154699934E-02));
#16271 = VECTOR('',#16272,1.);
#16272 = DIRECTION('',(5.200494915182E-17,0.973868596229,0.227112212966)
  );
#16273 = PCURVE('',#14592,#16274);
#16274 = DEFINITIONAL_REPRESENTATION('',(#16275),#16279);
#16275 = LINE('',#16276,#16277);
#16276 = CARTESIAN_POINT('',(-0.302592441787,-0.105088684016));
#16277 = VECTOR('',#16278,1.);
#16278 = DIRECTION('',(0.973868596229,0.227112212966));
#16279 = ( GEOMETRIC_REPRESENTATION_CONTEXT(2) 
PARAMETRIC_REPRESENTATION_CONTEXT() REPRESENTATION_CONTEXT('2D SPACE',''
  ) );
#16280 = PCURVE('',#15783,#16281);
#16281 = DEFINITIONAL_REPRESENTATION('',(#16282),#16286);
#16282 = LINE('',#16283,#16284);
#16283 = CARTESIAN_POINT('',(0.,0.));
#16284 = VECTOR('',#16285,1.);
#16285 = DIRECTION('',(1.,-3.697785493223E-32));
#16286 = ( GEOMETRIC_REPRESENTATION_CONTEXT(2) 
PARAMETRIC_REPRESENTATION_CONTEXT() REPRESENTATION_CONTEXT('2D SPACE',''
  ) );
#16287 = ORIENTED_EDGE('',*,*,#16034,.F.);
#16288 = ADVANCED_FACE('',(#16289),#14564,.T.);
#16289 = FACE_BOUND('',#16290,.T.);
#16290 = EDGE_LOOP('',(#16291,#16292,#16293,#16314));
#16291 = ORIENTED_EDGE('',*,*,#14548,.T.);
#16292 = ORIENTED_EDGE('',*,*,#15965,.T.);
#16293 = ORIENTED_EDGE('',*,*,#16294,.F.);
#16294 = EDGE_CURVE('',#16105,#15937,#16295,.T.);
#16295 = SURFACE_CURVE('',#16296,(#16300,#16307),.PCURVE_S1.);
#16296 = LINE('',#16297,#16298);
#16297 = CARTESIAN_POINT('',(1.675,0.225,0.16));
#16298 = VECTOR('',#16299,1.);
#16299 = DIRECTION('',(1.,-5.243344273594E-32,-2.289834988289E-16));
#16300 = PCURVE('',#14564,#16301);
#16301 = DEFINITIONAL_REPRESENTATION('',(#16302),#16306);
#16302 = LINE('',#16303,#16304);
#16303 = CARTESIAN_POINT('',(0.15,-3.434752482434E-17));
#16304 = VECTOR('',#16305,1.);
#16305 = DIRECTION('',(0.,-1.));
#16306 = ( GEOMETRIC_REPRESENTATION_CONTEXT(2) 
PARAMETRIC_REPRESENTATION_CONTEXT() REPRESENTATION_CONTEXT('2D SPACE',''
  ) );
#16307 = PCURVE('',#15953,#16308);
#16308 = DEFINITIONAL_REPRESENTATION('',(#16309),#16313);
#16309 = LINE('',#16310,#16311);
#16310 = CARTESIAN_POINT('',(1.570796326795,0.));
#16311 = VECTOR('',#16312,1.);
#16312 = DIRECTION('',(0.,1.));
#16313 = ( GEOMETRIC_REPRESENTATION_CONTEXT(2) 
PARAMETRIC_REPRESENTATION_CONTEXT() REPRESENTATION_CONTEXT('2D SPACE',''
  ) );
#16314 = ORIENTED_EDGE('',*,*,#16104,.T.);
#16315 = ADVANCED_FACE('',(#16316),#15953,.F.);
#16316 = FACE_BOUND('',#16317,.F.);
#16317 = EDGE_LOOP('',(#16318,#16319,#16340,#16341));
#16318 = ORIENTED_EDGE('',*,*,#16127,.T.);
#16319 = ORIENTED_EDGE('',*,*,#16320,.T.);
#16320 = EDGE_CURVE('',#16128,#15909,#16321,.T.);
#16321 = SURFACE_CURVE('',#16322,(#16326,#16333),.PCURVE_S1.);
#16322 = LINE('',#16323,#16324);
#16323 = CARTESIAN_POINT('',(1.675,0.175,0.11));
#16324 = VECTOR('',#16325,1.);
#16325 = DIRECTION('',(1.,-5.243344273594E-32,-2.289834988289E-16));
#16326 = PCURVE('',#15953,#16327);
#16327 = DEFINITIONAL_REPRESENTATION('',(#16328),#16332);
#16328 = LINE('',#16329,#16330);
#16329 = CARTESIAN_POINT('',(3.14159265359,0.));
#16330 = VECTOR('',#16331,1.);
#16331 = DIRECTION('',(0.,1.));
#16332 = ( GEOMETRIC_REPRESENTATION_CONTEXT(2) 
PARAMETRIC_REPRESENTATION_CONTEXT() REPRESENTATION_CONTEXT('2D SPACE',''
  ) );
#16333 = PCURVE('',#15924,#16334);
#16334 = DEFINITIONAL_REPRESENTATION('',(#16335),#16339);
#16335 = LINE('',#16336,#16337);
#16336 = CARTESIAN_POINT('',(-0.,0.));
#16337 = VECTOR('',#16338,1.);
#16338 = DIRECTION('',(0.,-1.));
#16339 = ( GEOMETRIC_REPRESENTATION_CONTEXT(2) 
PARAMETRIC_REPRESENTATION_CONTEXT() REPRESENTATION_CONTEXT('2D SPACE',''
  ) );
#16340 = ORIENTED_EDGE('',*,*,#15936,.F.);
#16341 = ORIENTED_EDGE('',*,*,#16294,.F.);
#16342 = ADVANCED_FACE('',(#16343),#15924,.T.);
#16343 = FACE_BOUND('',#16344,.T.);
#16344 = EDGE_LOOP('',(#16345,#16346,#16347,#16368));
#16345 = ORIENTED_EDGE('',*,*,#16320,.T.);
#16346 = ORIENTED_EDGE('',*,*,#15908,.T.);
#16347 = ORIENTED_EDGE('',*,*,#16348,.F.);
#16348 = EDGE_CURVE('',#16152,#15881,#16349,.T.);
#16349 = SURFACE_CURVE('',#16350,(#16354,#16361),.PCURVE_S1.);
#16350 = LINE('',#16351,#16352);
#16351 = CARTESIAN_POINT('',(1.675,0.175,5.E-02));
#16352 = VECTOR('',#16353,1.);
#16353 = DIRECTION('',(1.,-5.243344273594E-32,-2.289834988289E-16));
#16354 = PCURVE('',#15924,#16355);
#16355 = DEFINITIONAL_REPRESENTATION('',(#16356),#16360);
#16356 = LINE('',#16357,#16358);
#16357 = CARTESIAN_POINT('',(6.E-02,-1.373900992974E-17));
#16358 = VECTOR('',#16359,1.);
#16359 = DIRECTION('',(0.,-1.));
#16360 = ( GEOMETRIC_REPRESENTATION_CONTEXT(2) 
PARAMETRIC_REPRESENTATION_CONTEXT() REPRESENTATION_CONTEXT('2D SPACE',''
  ) );
#16361 = PCURVE('',#15896,#16362);
#16362 = DEFINITIONAL_REPRESENTATION('',(#16363),#16367);
#16363 = LINE('',#16364,#16365);
#16364 = CARTESIAN_POINT('',(-0.,0.));
#16365 = VECTOR('',#16366,1.);
#16366 = DIRECTION('',(2.465190328816E-32,-1.));
#16367 = ( GEOMETRIC_REPRESENTATION_CONTEXT(2) 
PARAMETRIC_REPRESENTATION_CONTEXT() REPRESENTATION_CONTEXT('2D SPACE',''
  ) );
#16368 = ORIENTED_EDGE('',*,*,#16151,.F.);
#16369 = ADVANCED_FACE('',(#16370),#15896,.T.);
#16370 = FACE_BOUND('',#16371,.T.);
#16371 = EDGE_LOOP('',(#16372,#16373,#16374,#16395));
#16372 = ORIENTED_EDGE('',*,*,#16348,.T.);
#16373 = ORIENTED_EDGE('',*,*,#15880,.T.);
#16374 = ORIENTED_EDGE('',*,*,#16375,.F.);
#16375 = EDGE_CURVE('',#16175,#15853,#16376,.T.);
#16376 = SURFACE_CURVE('',#16377,(#16381,#16388),.PCURVE_S1.);
#16377 = LINE('',#16378,#16379);
#16378 = CARTESIAN_POINT('',(1.675,0.125,-1.443289932013E-15));
#16379 = VECTOR('',#16380,1.);
#16380 = DIRECTION('',(1.,-5.243344273594E-32,-2.289834988289E-16));
#16381 = PCURVE('',#15896,#16382);
#16382 = DEFINITIONAL_REPRESENTATION('',(#16383),#16387);
#16383 = LINE('',#16384,#16385);
#16384 = CARTESIAN_POINT('',(7.071067811866E-02,-1.144917494145E-17));
#16385 = VECTOR('',#16386,1.);
#16386 = DIRECTION('',(2.465190328816E-32,-1.));
#16387 = ( GEOMETRIC_REPRESENTATION_CONTEXT(2) 
PARAMETRIC_REPRESENTATION_CONTEXT() REPRESENTATION_CONTEXT('2D SPACE',''
  ) );
#16388 = PCURVE('',#15868,#16389);
#16389 = DEFINITIONAL_REPRESENTATION('',(#16390),#16394);
#16390 = LINE('',#16391,#16392);
#16391 = CARTESIAN_POINT('',(0.,0.));
#16392 = VECTOR('',#16393,1.);
#16393 = DIRECTION('',(-2.080052407982E-46,-1.));
#16394 = ( GEOMETRIC_REPRESENTATION_CONTEXT(2) 
PARAMETRIC_REPRESENTATION_CONTEXT() REPRESENTATION_CONTEXT('2D SPACE',''
  ) );
#16395 = ORIENTED_EDGE('',*,*,#16174,.F.);
#16396 = ADVANCED_FACE('',(#16397),#15868,.T.);
#16397 = FACE_BOUND('',#16398,.T.);
#16398 = EDGE_LOOP('',(#16399,#16400,#16401,#16422));
#16399 = ORIENTED_EDGE('',*,*,#16375,.T.);
#16400 = ORIENTED_EDGE('',*,*,#15852,.T.);
#16401 = ORIENTED_EDGE('',*,*,#16402,.F.);
#16402 = EDGE_CURVE('',#16198,#15825,#16403,.T.);
#16403 = SURFACE_CURVE('',#16404,(#16408,#16415),.PCURVE_S1.);
#16404 = LINE('',#16405,#16406);
#16405 = CARTESIAN_POINT('',(1.675,-0.205,-1.33226762955E-15));
#16406 = VECTOR('',#16407,1.);
#16407 = DIRECTION('',(1.,-5.243344273594E-32,-2.289834988289E-16));
#16408 = PCURVE('',#15868,#16409);
#16409 = DEFINITIONAL_REPRESENTATION('',(#16410),#16414);
#16410 = LINE('',#16411,#16412);
#16411 = CARTESIAN_POINT('',(0.33,5.473822126269E-48));
#16412 = VECTOR('',#16413,1.);
#16413 = DIRECTION('',(-2.080052407982E-46,-1.));
#16414 = ( GEOMETRIC_REPRESENTATION_CONTEXT(2) 
PARAMETRIC_REPRESENTATION_CONTEXT() REPRESENTATION_CONTEXT('2D SPACE',''
  ) );
#16415 = PCURVE('',#15840,#16416);
#16416 = DEFINITIONAL_REPRESENTATION('',(#16417),#16421);
#16417 = LINE('',#16418,#16419);
#16418 = CARTESIAN_POINT('',(0.,0.));
#16419 = VECTOR('',#16420,1.);
#16420 = DIRECTION('',(0.,-1.));
#16421 = ( GEOMETRIC_REPRESENTATION_CONTEXT(2) 
PARAMETRIC_REPRESENTATION_CONTEXT() REPRESENTATION_CONTEXT('2D SPACE',''
  ) );
#16422 = ORIENTED_EDGE('',*,*,#16197,.T.);
#16423 = ADVANCED_FACE('',(#16424),#15840,.T.);
#16424 = FACE_BOUND('',#16425,.T.);
#16425 = EDGE_LOOP('',(#16426,#16427,#16428,#16429));
#16426 = ORIENTED_EDGE('',*,*,#16220,.F.);
#16427 = ORIENTED_EDGE('',*,*,#16402,.T.);
#16428 = ORIENTED_EDGE('',*,*,#15824,.T.);
#16429 = ORIENTED_EDGE('',*,*,#16430,.F.);
#16430 = EDGE_CURVE('',#16221,#15796,#16431,.T.);
#16431 = SURFACE_CURVE('',#16432,(#16436,#16443),.PCURVE_S1.);
#16432 = LINE('',#16433,#16434);
#16433 = CARTESIAN_POINT('',(1.675,-0.205,3.619548911246E-02));
#16434 = VECTOR('',#16435,1.);
#16435 = DIRECTION('',(1.,-5.243344273594E-32,-2.289834988289E-16));
#16436 = PCURVE('',#15840,#16437);
#16437 = DEFINITIONAL_REPRESENTATION('',(#16438),#16442);
#16438 = LINE('',#16439,#16440);
#16439 = CARTESIAN_POINT('',(3.619548911246E-02,8.288169738796E-18));
#16440 = VECTOR('',#16441,1.);
#16441 = DIRECTION('',(0.,-1.));
#16442 = ( GEOMETRIC_REPRESENTATION_CONTEXT(2) 
PARAMETRIC_REPRESENTATION_CONTEXT() REPRESENTATION_CONTEXT('2D SPACE',''
  ) );
#16443 = PCURVE('',#15812,#16444);
#16444 = DEFINITIONAL_REPRESENTATION('',(#16445),#16449);
#16445 = LINE('',#16446,#16447);
#16446 = CARTESIAN_POINT('',(3.14159265359,0.));
#16447 = VECTOR('',#16448,1.);
#16448 = DIRECTION('',(0.,1.));
#16449 = ( GEOMETRIC_REPRESENTATION_CONTEXT(2) 
PARAMETRIC_REPRESENTATION_CONTEXT() REPRESENTATION_CONTEXT('2D SPACE',''
  ) );
#16450 = ADVANCED_FACE('',(#16451),#15812,.T.);
#16451 = FACE_BOUND('',#16452,.T.);
#16452 = EDGE_LOOP('',(#16453,#16454,#16455,#16476));
#16453 = ORIENTED_EDGE('',*,*,#16430,.T.);
#16454 = ORIENTED_EDGE('',*,*,#15795,.F.);
#16455 = ORIENTED_EDGE('',*,*,#16456,.F.);
#16456 = EDGE_CURVE('',#16244,#15768,#16457,.T.);
#16457 = SURFACE_CURVE('',#16458,(#16462,#16469),.PCURVE_S1.);
#16458 = LINE('',#16459,#16460);
#16459 = CARTESIAN_POINT('',(1.675,-0.181813366389,6.541154699934E-02));
#16460 = VECTOR('',#16461,1.);
#16461 = DIRECTION('',(1.,-5.243344273594E-32,-2.289834988289E-16));
#16462 = PCURVE('',#15812,#16463);
#16463 = DEFINITIONAL_REPRESENTATION('',(#16464),#16468);
#16464 = LINE('',#16465,#16466);
#16465 = CARTESIAN_POINT('',(1.799907705522,0.));
#16466 = VECTOR('',#16467,1.);
#16467 = DIRECTION('',(0.,1.));
#16468 = ( GEOMETRIC_REPRESENTATION_CONTEXT(2) 
PARAMETRIC_REPRESENTATION_CONTEXT() REPRESENTATION_CONTEXT('2D SPACE',''
  ) );
#16469 = PCURVE('',#15783,#16470);
#16470 = DEFINITIONAL_REPRESENTATION('',(#16471),#16475);
#16471 = LINE('',#16472,#16473);
#16472 = CARTESIAN_POINT('',(0.,0.));
#16473 = VECTOR('',#16474,1.);
#16474 = DIRECTION('',(-9.244463733059E-32,-1.));
#16475 = ( GEOMETRIC_REPRESENTATION_CONTEXT(2) 
PARAMETRIC_REPRESENTATION_CONTEXT() REPRESENTATION_CONTEXT('2D SPACE',''
  ) );
#16476 = ORIENTED_EDGE('',*,*,#16243,.T.);
#16477 = ADVANCED_FACE('',(#16478),#15783,.T.);
#16478 = FACE_BOUND('',#16479,.T.);
#16479 = EDGE_LOOP('',(#16480,#16481,#16482,#16483));
#16480 = ORIENTED_EDGE('',*,*,#16456,.T.);
#16481 = ORIENTED_EDGE('',*,*,#15767,.T.);
#16482 = ORIENTED_EDGE('',*,*,#16057,.T.);
#16483 = ORIENTED_EDGE('',*,*,#16267,.F.);
#16484 = ADVANCED_FACE('',(#16485),#14716,.T.);
#16485 = FACE_BOUND('',#16486,.T.);
#16486 = EDGE_LOOP('',(#16487,#16517,#16545,#16574,#16602,#16630,#16658,
    #16686,#16715,#16736,#16737));
#16487 = ORIENTED_EDGE('',*,*,#16488,.T.);
#16488 = EDGE_CURVE('',#16489,#16491,#16493,.T.);
#16489 = VERTEX_POINT('',#16490);
#16490 = CARTESIAN_POINT('',(0.825,-0.125,8.E-02));
#16491 = VERTEX_POINT('',#16492);
#16492 = CARTESIAN_POINT('',(0.825,-0.125,7.866077735406E-02));
#16493 = SURFACE_CURVE('',#16494,(#16498,#16505),.PCURVE_S1.);
#16494 = LINE('',#16495,#16496);
#16495 = CARTESIAN_POINT('',(0.825,-0.125,0.841614));
#16496 = VECTOR('',#16497,1.);
#16497 = DIRECTION('',(-2.289834988289E-16,-1.065228634467E-16,-1.));
#16498 = PCURVE('',#14716,#16499);
#16499 = DEFINITIONAL_REPRESENTATION('',(#16500),#16504);
#16500 = LINE('',#16501,#16502);
#16501 = CARTESIAN_POINT('',(-0.245779075398,0.671113768985));
#16502 = VECTOR('',#16503,1.);
#16503 = DIRECTION('',(-1.065228634467E-16,-1.));
#16504 = ( GEOMETRIC_REPRESENTATION_CONTEXT(2) 
PARAMETRIC_REPRESENTATION_CONTEXT() REPRESENTATION_CONTEXT('2D SPACE',''
  ) );
#16505 = PCURVE('',#16506,#16511);
#16506 = PLANE('',#16507);
#16507 = AXIS2_PLACEMENT_3D('',#16508,#16509,#16510);
#16508 = CARTESIAN_POINT('',(0.825,-0.125,7.866077735406E-02));
#16509 = DIRECTION('',(2.804146475864E-32,1.,-1.065228634467E-16));
#16510 = DIRECTION('',(-2.289834988289E-16,-1.065228634467E-16,-1.));
#16511 = DEFINITIONAL_REPRESENTATION('',(#16512),#16516);
#16512 = LINE('',#16513,#16514);
#16513 = CARTESIAN_POINT('',(-0.762953222646,1.747036983643E-16));
#16514 = VECTOR('',#16515,1.);
#16515 = DIRECTION('',(1.,0.));
#16516 = ( GEOMETRIC_REPRESENTATION_CONTEXT(2) 
PARAMETRIC_REPRESENTATION_CONTEXT() REPRESENTATION_CONTEXT('2D SPACE',''
  ) );
#16517 = ORIENTED_EDGE('',*,*,#16518,.F.);
#16518 = EDGE_CURVE('',#16519,#16491,#16521,.T.);
#16519 = VERTEX_POINT('',#16520);
#16520 = CARTESIAN_POINT('',(0.825,-0.181813366389,6.541154699934E-02));
#16521 = SURFACE_CURVE('',#16522,(#16526,#16533),.PCURVE_S1.);
#16522 = LINE('',#16523,#16524);
#16523 = CARTESIAN_POINT('',(0.825,-0.430137,7.500931358165E-03));
#16524 = VECTOR('',#16525,1.);
#16525 = DIRECTION('',(5.200494915182E-17,0.973868596229,0.227112212966)
  );
#16526 = PCURVE('',#14716,#16527);
#16527 = DEFINITIONAL_REPRESENTATION('',(#16528),#16532);
#16528 = LINE('',#16529,#16530);
#16529 = CARTESIAN_POINT('',(-0.550916075398,-0.162999299657));
#16530 = VECTOR('',#16531,1.);
#16531 = DIRECTION('',(0.973868596229,0.227112212966));
#16532 = ( GEOMETRIC_REPRESENTATION_CONTEXT(2) 
PARAMETRIC_REPRESENTATION_CONTEXT() REPRESENTATION_CONTEXT('2D SPACE',''
  ) );
#16533 = PCURVE('',#16534,#16539);
#16534 = PLANE('',#16535);
#16535 = AXIS2_PLACEMENT_3D('',#16536,#16537,#16538);
#16536 = CARTESIAN_POINT('',(0.675,-0.181813366389,6.541154699934E-02));
#16537 = DIRECTION('',(2.229998385642E-16,-0.227112212966,0.973868596229
    ));
#16538 = DIRECTION('',(5.200494915182E-17,0.973868596229,0.227112212966)
  );
#16539 = DEFINITIONAL_REPRESENTATION('',(#16540),#16544);
#16540 = LINE('',#16541,#16542);
#16541 = CARTESIAN_POINT('',(-0.254986796548,-0.15));
#16542 = VECTOR('',#16543,1.);
#16543 = DIRECTION('',(1.,-3.697785493223E-32));
#16544 = ( GEOMETRIC_REPRESENTATION_CONTEXT(2) 
PARAMETRIC_REPRESENTATION_CONTEXT() REPRESENTATION_CONTEXT('2D SPACE',''
  ) );
#16545 = ORIENTED_EDGE('',*,*,#16546,.T.);
#16546 = EDGE_CURVE('',#16519,#16547,#16549,.T.);
#16547 = VERTEX_POINT('',#16548);
#16548 = CARTESIAN_POINT('',(0.825,-0.205,3.619548911246E-02));
#16549 = SURFACE_CURVE('',#16550,(#16555,#16562),.PCURVE_S1.);
#16550 = CIRCLE('',#16551,3.E-02);
#16551 = AXIS2_PLACEMENT_3D('',#16552,#16553,#16554);
#16552 = CARTESIAN_POINT('',(0.825,-0.175,3.619548911246E-02));
#16553 = DIRECTION('',(1.,-5.243344273594E-32,-2.289834988289E-16));
#16554 = DIRECTION('',(-2.080052407982E-46,1.,-2.289834988289E-16));
#16555 = PCURVE('',#14716,#16556);
#16556 = DEFINITIONAL_REPRESENTATION('',(#16557),#16561);
#16557 = CIRCLE('',#16558,3.E-02);
#16558 = AXIS2_PLACEMENT_2D('',#16559,#16560);
#16559 = CARTESIAN_POINT('',(-0.295779075398,-0.134304741903));
#16560 = DIRECTION('',(1.,-2.289834988289E-16));
#16561 = ( GEOMETRIC_REPRESENTATION_CONTEXT(2) 
PARAMETRIC_REPRESENTATION_CONTEXT() REPRESENTATION_CONTEXT('2D SPACE',''
  ) );
#16562 = PCURVE('',#16563,#16568);
#16563 = CYLINDRICAL_SURFACE('',#16564,3.E-02);
#16564 = AXIS2_PLACEMENT_3D('',#16565,#16566,#16567);
#16565 = CARTESIAN_POINT('',(0.675,-0.175,3.619548911246E-02));
#16566 = DIRECTION('',(1.,-5.243344273594E-32,-2.289834988289E-16));
#16567 = DIRECTION('',(-2.080052407982E-46,1.,-2.289834988289E-16));
#16568 = DEFINITIONAL_REPRESENTATION('',(#16569),#16573);
#16569 = LINE('',#16570,#16571);
#16570 = CARTESIAN_POINT('',(-2.22044604925E-16,0.15));
#16571 = VECTOR('',#16572,1.);
#16572 = DIRECTION('',(1.,0.));
#16573 = ( GEOMETRIC_REPRESENTATION_CONTEXT(2) 
PARAMETRIC_REPRESENTATION_CONTEXT() REPRESENTATION_CONTEXT('2D SPACE',''
  ) );
#16574 = ORIENTED_EDGE('',*,*,#16575,.F.);
#16575 = EDGE_CURVE('',#16576,#16547,#16578,.T.);
#16576 = VERTEX_POINT('',#16577);
#16577 = CARTESIAN_POINT('',(0.825,-0.205,-1.110223024625E-15));
#16578 = SURFACE_CURVE('',#16579,(#16583,#16590),.PCURVE_S1.);
#16579 = LINE('',#16580,#16581);
#16580 = CARTESIAN_POINT('',(0.825,-0.205,0.841614));
#16581 = VECTOR('',#16582,1.);
#16582 = DIRECTION('',(2.289834988289E-16,2.289834988289E-16,1.));
#16583 = PCURVE('',#14716,#16584);
#16584 = DEFINITIONAL_REPRESENTATION('',(#16585),#16589);
#16585 = LINE('',#16586,#16587);
#16586 = CARTESIAN_POINT('',(-0.325779075398,0.671113768985));
#16587 = VECTOR('',#16588,1.);
#16588 = DIRECTION('',(2.289834988289E-16,1.));
#16589 = ( GEOMETRIC_REPRESENTATION_CONTEXT(2) 
PARAMETRIC_REPRESENTATION_CONTEXT() REPRESENTATION_CONTEXT('2D SPACE',''
  ) );
#16590 = PCURVE('',#16591,#16596);
#16591 = PLANE('',#16592);
#16592 = AXIS2_PLACEMENT_3D('',#16593,#16594,#16595);
#16593 = CARTESIAN_POINT('',(0.675,-0.205,-9.992007221626E-16));
#16594 = DIRECTION('',(0.,-1.,2.289834988289E-16));
#16595 = DIRECTION('',(2.289834988289E-16,2.289834988289E-16,1.));
#16596 = DEFINITIONAL_REPRESENTATION('',(#16597),#16601);
#16597 = LINE('',#16598,#16599);
#16598 = CARTESIAN_POINT('',(0.841614,-0.15));
#16599 = VECTOR('',#16600,1.);
#16600 = DIRECTION('',(1.,0.));
#16601 = ( GEOMETRIC_REPRESENTATION_CONTEXT(2) 
PARAMETRIC_REPRESENTATION_CONTEXT() REPRESENTATION_CONTEXT('2D SPACE',''
  ) );
#16602 = ORIENTED_EDGE('',*,*,#16603,.F.);
#16603 = EDGE_CURVE('',#16604,#16576,#16606,.T.);
#16604 = VERTEX_POINT('',#16605);
#16605 = CARTESIAN_POINT('',(0.825,0.125,-1.221245327088E-15));
#16606 = SURFACE_CURVE('',#16607,(#16611,#16618),.PCURVE_S1.);
#16607 = LINE('',#16608,#16609);
#16608 = CARTESIAN_POINT('',(0.825,-0.430137,-1.110223024625E-15));
#16609 = VECTOR('',#16610,1.);
#16610 = DIRECTION('',(0.,-1.,2.289834988289E-16));
#16611 = PCURVE('',#14716,#16612);
#16612 = DEFINITIONAL_REPRESENTATION('',(#16613),#16617);
#16613 = LINE('',#16614,#16615);
#16614 = CARTESIAN_POINT('',(-0.550916075398,-0.170500231015));
#16615 = VECTOR('',#16616,1.);
#16616 = DIRECTION('',(-1.,2.289834988289E-16));
#16617 = ( GEOMETRIC_REPRESENTATION_CONTEXT(2) 
PARAMETRIC_REPRESENTATION_CONTEXT() REPRESENTATION_CONTEXT('2D SPACE',''
  ) );
#16618 = PCURVE('',#16619,#16624);
#16619 = PLANE('',#16620);
#16620 = AXIS2_PLACEMENT_3D('',#16621,#16622,#16623);
#16621 = CARTESIAN_POINT('',(0.675,0.125,-1.110223024625E-15));
#16622 = DIRECTION('',(-2.289834988289E-16,-2.289834988289E-16,-1.));
#16623 = DIRECTION('',(0.,-1.,2.289834988289E-16));
#16624 = DEFINITIONAL_REPRESENTATION('',(#16625),#16629);
#16625 = LINE('',#16626,#16627);
#16626 = CARTESIAN_POINT('',(0.555137,-0.15));
#16627 = VECTOR('',#16628,1.);
#16628 = DIRECTION('',(1.,0.));
#16629 = ( GEOMETRIC_REPRESENTATION_CONTEXT(2) 
PARAMETRIC_REPRESENTATION_CONTEXT() REPRESENTATION_CONTEXT('2D SPACE',''
  ) );
#16630 = ORIENTED_EDGE('',*,*,#16631,.F.);
#16631 = EDGE_CURVE('',#16632,#16604,#16634,.T.);
#16632 = VERTEX_POINT('',#16633);
#16633 = CARTESIAN_POINT('',(0.825,0.175,5.E-02));
#16634 = SURFACE_CURVE('',#16635,(#16639,#16646),.PCURVE_S1.);
#16635 = LINE('',#16636,#16637);
#16636 = CARTESIAN_POINT('',(0.825,-0.430137,-0.555137));
#16637 = VECTOR('',#16638,1.);
#16638 = DIRECTION('',(-1.619157848018E-16,-0.707106781187,
    -0.707106781186));
#16639 = PCURVE('',#14716,#16640);
#16640 = DEFINITIONAL_REPRESENTATION('',(#16641),#16645);
#16641 = LINE('',#16642,#16643);
#16642 = CARTESIAN_POINT('',(-0.550916075398,-0.725637231015));
#16643 = VECTOR('',#16644,1.);
#16644 = DIRECTION('',(-0.707106781187,-0.707106781186));
#16645 = ( GEOMETRIC_REPRESENTATION_CONTEXT(2) 
PARAMETRIC_REPRESENTATION_CONTEXT() REPRESENTATION_CONTEXT('2D SPACE',''
  ) );
#16646 = PCURVE('',#16647,#16652);
#16647 = PLANE('',#16648);
#16648 = AXIS2_PLACEMENT_3D('',#16649,#16650,#16651);
#16649 = CARTESIAN_POINT('',(0.675,0.175,5.E-02));
#16650 = DIRECTION('',(-1.619157848018E-16,0.707106781186,
    -0.707106781187));
#16651 = DIRECTION('',(-1.619157848018E-16,-0.707106781187,
    -0.707106781186));
#16652 = DEFINITIONAL_REPRESENTATION('',(#16653),#16657);
#16653 = LINE('',#16654,#16655);
#16654 = CARTESIAN_POINT('',(0.855792952494,-0.15));
#16655 = VECTOR('',#16656,1.);
#16656 = DIRECTION('',(1.,-7.395570986447E-32));
#16657 = ( GEOMETRIC_REPRESENTATION_CONTEXT(2) 
PARAMETRIC_REPRESENTATION_CONTEXT() REPRESENTATION_CONTEXT('2D SPACE',''
  ) );
#16658 = ORIENTED_EDGE('',*,*,#16659,.F.);
#16659 = EDGE_CURVE('',#16660,#16632,#16662,.T.);
#16660 = VERTEX_POINT('',#16661);
#16661 = CARTESIAN_POINT('',(0.825,0.175,0.11));
#16662 = SURFACE_CURVE('',#16663,(#16667,#16674),.PCURVE_S1.);
#16663 = LINE('',#16664,#16665);
#16664 = CARTESIAN_POINT('',(0.825,0.175,0.841614));
#16665 = VECTOR('',#16666,1.);
#16666 = DIRECTION('',(-2.289834988289E-16,-2.289834988289E-16,-1.));
#16667 = PCURVE('',#14716,#16668);
#16668 = DEFINITIONAL_REPRESENTATION('',(#16669),#16673);
#16669 = LINE('',#16670,#16671);
#16670 = CARTESIAN_POINT('',(5.422092460224E-02,0.671113768985));
#16671 = VECTOR('',#16672,1.);
#16672 = DIRECTION('',(-2.289834988289E-16,-1.));
#16673 = ( GEOMETRIC_REPRESENTATION_CONTEXT(2) 
PARAMETRIC_REPRESENTATION_CONTEXT() REPRESENTATION_CONTEXT('2D SPACE',''
  ) );
#16674 = PCURVE('',#16675,#16680);
#16675 = PLANE('',#16676);
#16676 = AXIS2_PLACEMENT_3D('',#16677,#16678,#16679);
#16677 = CARTESIAN_POINT('',(0.675,0.175,0.11));
#16678 = DIRECTION('',(0.,1.,-2.289834988289E-16));
#16679 = DIRECTION('',(-2.289834988289E-16,-2.289834988289E-16,-1.));
#16680 = DEFINITIONAL_REPRESENTATION('',(#16681),#16685);
#16681 = LINE('',#16682,#16683);
#16682 = CARTESIAN_POINT('',(-0.731614,-0.15));
#16683 = VECTOR('',#16684,1.);
#16684 = DIRECTION('',(1.,0.));
#16685 = ( GEOMETRIC_REPRESENTATION_CONTEXT(2) 
PARAMETRIC_REPRESENTATION_CONTEXT() REPRESENTATION_CONTEXT('2D SPACE',''
  ) );
#16686 = ORIENTED_EDGE('',*,*,#16687,.F.);
#16687 = EDGE_CURVE('',#16688,#16660,#16690,.T.);
#16688 = VERTEX_POINT('',#16689);
#16689 = CARTESIAN_POINT('',(0.825,0.225,0.16));
#16690 = SURFACE_CURVE('',#16691,(#16696,#16703),.PCURVE_S1.);
#16691 = CIRCLE('',#16692,5.E-02);
#16692 = AXIS2_PLACEMENT_3D('',#16693,#16694,#16695);
#16693 = CARTESIAN_POINT('',(0.825,0.225,0.11));
#16694 = DIRECTION('',(1.,-5.243344273594E-32,-2.289834988289E-16));
#16695 = DIRECTION('',(-2.080052407982E-46,1.,-2.289834988289E-16));
#16696 = PCURVE('',#14716,#16697);
#16697 = DEFINITIONAL_REPRESENTATION('',(#16698),#16702);
#16698 = CIRCLE('',#16699,5.E-02);
#16699 = AXIS2_PLACEMENT_2D('',#16700,#16701);
#16700 = CARTESIAN_POINT('',(0.104220924602,-6.050023101547E-02));
#16701 = DIRECTION('',(1.,-2.289834988289E-16));
#16702 = ( GEOMETRIC_REPRESENTATION_CONTEXT(2) 
PARAMETRIC_REPRESENTATION_CONTEXT() REPRESENTATION_CONTEXT('2D SPACE',''
  ) );
#16703 = PCURVE('',#16704,#16709);
#16704 = CYLINDRICAL_SURFACE('',#16705,5.E-02);
#16705 = AXIS2_PLACEMENT_3D('',#16706,#16707,#16708);
#16706 = CARTESIAN_POINT('',(0.675,0.225,0.11));
#16707 = DIRECTION('',(1.,-5.243344273594E-32,-2.289834988289E-16));
#16708 = DIRECTION('',(-2.080052407982E-46,1.,-2.289834988289E-16));
#16709 = DEFINITIONAL_REPRESENTATION('',(#16710),#16714);
#16710 = LINE('',#16711,#16712);
#16711 = CARTESIAN_POINT('',(-2.22044604925E-16,0.15));
#16712 = VECTOR('',#16713,1.);
#16713 = DIRECTION('',(1.,0.));
#16714 = ( GEOMETRIC_REPRESENTATION_CONTEXT(2) 
PARAMETRIC_REPRESENTATION_CONTEXT() REPRESENTATION_CONTEXT('2D SPACE',''
  ) );
#16715 = ORIENTED_EDGE('',*,*,#16716,.F.);
#16716 = EDGE_CURVE('',#14701,#16688,#16717,.T.);
#16717 = SURFACE_CURVE('',#16718,(#16722,#16729),.PCURVE_S1.);
#16718 = LINE('',#16719,#16720);
#16719 = CARTESIAN_POINT('',(0.825,0.225,0.841614));
#16720 = VECTOR('',#16721,1.);
#16721 = DIRECTION('',(-2.289834988289E-16,-2.289834988289E-16,-1.));
#16722 = PCURVE('',#14716,#16723);
#16723 = DEFINITIONAL_REPRESENTATION('',(#16724),#16728);
#16724 = LINE('',#16725,#16726);
#16725 = CARTESIAN_POINT('',(0.104220924602,0.671113768985));
#16726 = VECTOR('',#16727,1.);
#16727 = DIRECTION('',(-2.289834988289E-16,-1.));
#16728 = ( GEOMETRIC_REPRESENTATION_CONTEXT(2) 
PARAMETRIC_REPRESENTATION_CONTEXT() REPRESENTATION_CONTEXT('2D SPACE',''
  ) );
#16729 = PCURVE('',#14744,#16730);
#16730 = DEFINITIONAL_REPRESENTATION('',(#16731),#16735);
#16731 = LINE('',#16732,#16733);
#16732 = CARTESIAN_POINT('',(-0.531614,-0.15));
#16733 = VECTOR('',#16734,1.);
#16734 = DIRECTION('',(1.,0.));
#16735 = ( GEOMETRIC_REPRESENTATION_CONTEXT(2) 
PARAMETRIC_REPRESENTATION_CONTEXT() REPRESENTATION_CONTEXT('2D SPACE',''
  ) );
#16736 = ORIENTED_EDGE('',*,*,#14700,.F.);
#16737 = ORIENTED_EDGE('',*,*,#16738,.T.);
#16738 = EDGE_CURVE('',#14678,#16489,#16739,.T.);
#16739 = SURFACE_CURVE('',#16740,(#16744,#16751),.PCURVE_S1.);
#16740 = LINE('',#16741,#16742);
#16741 = CARTESIAN_POINT('',(0.825,-0.125,0.841614));
#16742 = VECTOR('',#16743,1.);
#16743 = DIRECTION('',(-2.289834988289E-16,-1.065228634467E-16,-1.));
#16744 = PCURVE('',#14716,#16745);
#16745 = DEFINITIONAL_REPRESENTATION('',(#16746),#16750);
#16746 = LINE('',#16747,#16748);
#16747 = CARTESIAN_POINT('',(-0.245779075398,0.671113768985));
#16748 = VECTOR('',#16749,1.);
#16749 = DIRECTION('',(-1.065228634467E-16,-1.));
#16750 = ( GEOMETRIC_REPRESENTATION_CONTEXT(2) 
PARAMETRIC_REPRESENTATION_CONTEXT() REPRESENTATION_CONTEXT('2D SPACE',''
  ) );
#16751 = PCURVE('',#1515,#16752);
#16752 = DEFINITIONAL_REPRESENTATION('',(#16753),#16757);
#16753 = LINE('',#16754,#16755);
#16754 = CARTESIAN_POINT('',(-0.531614,4.));
#16755 = VECTOR('',#16756,1.);
#16756 = DIRECTION('',(1.,0.));
#16757 = ( GEOMETRIC_REPRESENTATION_CONTEXT(2) 
PARAMETRIC_REPRESENTATION_CONTEXT() REPRESENTATION_CONTEXT('2D SPACE',''
  ) );
#16758 = ADVANCED_FACE('',(#16759),#1515,.T.);
#16759 = FACE_BOUND('',#16760,.T.);
#16760 = EDGE_LOOP('',(#16761,#16784,#16805,#16806,#16807,#16830,#16856,
    #16857));
#16761 = ORIENTED_EDGE('',*,*,#16762,.T.);
#16762 = EDGE_CURVE('',#14650,#16763,#16765,.T.);
#16763 = VERTEX_POINT('',#16764);
#16764 = CARTESIAN_POINT('',(1.175,-0.125,8.E-02));
#16765 = SURFACE_CURVE('',#16766,(#16770,#16777),.PCURVE_S1.);
#16766 = LINE('',#16767,#16768);
#16767 = CARTESIAN_POINT('',(1.175,-0.125,0.841614));
#16768 = VECTOR('',#16769,1.);
#16769 = DIRECTION('',(-2.289834988289E-16,-1.065228634467E-16,-1.));
#16770 = PCURVE('',#1515,#16771);
#16771 = DEFINITIONAL_REPRESENTATION('',(#16772),#16776);
#16772 = LINE('',#16773,#16774);
#16773 = CARTESIAN_POINT('',(-0.531614,3.65));
#16774 = VECTOR('',#16775,1.);
#16775 = DIRECTION('',(1.,0.));
#16776 = ( GEOMETRIC_REPRESENTATION_CONTEXT(2) 
PARAMETRIC_REPRESENTATION_CONTEXT() REPRESENTATION_CONTEXT('2D SPACE',''
  ) );
#16777 = PCURVE('',#14665,#16778);
#16778 = DEFINITIONAL_REPRESENTATION('',(#16779),#16783);
#16779 = LINE('',#16780,#16781);
#16780 = CARTESIAN_POINT('',(-0.245779075398,0.671113768985));
#16781 = VECTOR('',#16782,1.);
#16782 = DIRECTION('',(-1.065228634467E-16,-1.));
#16783 = ( GEOMETRIC_REPRESENTATION_CONTEXT(2) 
PARAMETRIC_REPRESENTATION_CONTEXT() REPRESENTATION_CONTEXT('2D SPACE',''
  ) );
#16784 = ORIENTED_EDGE('',*,*,#16785,.T.);
#16785 = EDGE_CURVE('',#16763,#1418,#16786,.T.);
#16786 = SURFACE_CURVE('',#16787,(#16791,#16798),.PCURVE_S1.);
#16787 = LINE('',#16788,#16789);
#16788 = CARTESIAN_POINT('',(-14.5,-0.125,8.E-02));
#16789 = VECTOR('',#16790,1.);
#16790 = DIRECTION('',(-1.,5.243344273594E-32,2.289834988289E-16));
#16791 = PCURVE('',#1515,#16792);
#16792 = DEFINITIONAL_REPRESENTATION('',(#16793),#16797);
#16793 = LINE('',#16794,#16795);
#16794 = CARTESIAN_POINT('',(0.23,19.325));
#16795 = VECTOR('',#16796,1.);
#16796 = DIRECTION('',(0.,1.));
#16797 = ( GEOMETRIC_REPRESENTATION_CONTEXT(2) 
PARAMETRIC_REPRESENTATION_CONTEXT() REPRESENTATION_CONTEXT('2D SPACE',''
  ) );
#16798 = PCURVE('',#1438,#16799);
#16799 = DEFINITIONAL_REPRESENTATION('',(#16800),#16804);
#16800 = LINE('',#16801,#16802);
#16801 = CARTESIAN_POINT('',(8.198683773256E-31,15.6625));
#16802 = VECTOR('',#16803,1.);
#16803 = DIRECTION('',(2.080052407982E-46,1.));
#16804 = ( GEOMETRIC_REPRESENTATION_CONTEXT(2) 
PARAMETRIC_REPRESENTATION_CONTEXT() REPRESENTATION_CONTEXT('2D SPACE',''
  ) );
#16805 = ORIENTED_EDGE('',*,*,#1501,.T.);
#16806 = ORIENTED_EDGE('',*,*,#9768,.F.);
#16807 = ORIENTED_EDGE('',*,*,#16808,.T.);
#16808 = EDGE_CURVE('',#9741,#16809,#16811,.T.);
#16809 = VERTEX_POINT('',#16810);
#16810 = CARTESIAN_POINT('',(0.9,-0.125,8.E-02));
#16811 = SURFACE_CURVE('',#16812,(#16816,#16823),.PCURVE_S1.);
#16812 = LINE('',#16813,#16814);
#16813 = CARTESIAN_POINT('',(-14.5,-0.125,15.48));
#16814 = VECTOR('',#16815,1.);
#16815 = DIRECTION('',(-0.707106781187,1.064046335705E-16,0.707106781187
    ));
#16816 = PCURVE('',#1515,#16817);
#16817 = DEFINITIONAL_REPRESENTATION('',(#16818),#16822);
#16818 = LINE('',#16819,#16820);
#16819 = CARTESIAN_POINT('',(-15.17,19.325));
#16820 = VECTOR('',#16821,1.);
#16821 = DIRECTION('',(-0.707106781187,0.707106781187));
#16822 = ( GEOMETRIC_REPRESENTATION_CONTEXT(2) 
PARAMETRIC_REPRESENTATION_CONTEXT() REPRESENTATION_CONTEXT('2D SPACE',''
  ) );
#16823 = PCURVE('',#9756,#16824);
#16824 = DEFINITIONAL_REPRESENTATION('',(#16825),#16829);
#16825 = LINE('',#16826,#16827);
#16826 = CARTESIAN_POINT('',(-21.8142441996,-0.15));
#16827 = VECTOR('',#16828,1.);
#16828 = DIRECTION('',(-1.,-7.295350781106E-16));
#16829 = ( GEOMETRIC_REPRESENTATION_CONTEXT(2) 
PARAMETRIC_REPRESENTATION_CONTEXT() REPRESENTATION_CONTEXT('2D SPACE',''
  ) );
#16830 = ORIENTED_EDGE('',*,*,#16831,.T.);
#16831 = EDGE_CURVE('',#16809,#16489,#16832,.T.);
#16832 = SURFACE_CURVE('',#16833,(#16837,#16844),.PCURVE_S1.);
#16833 = LINE('',#16834,#16835);
#16834 = CARTESIAN_POINT('',(-15.,-0.125,8.E-02));
#16835 = VECTOR('',#16836,1.);
#16836 = DIRECTION('',(-1.,5.243344273594E-32,2.289834988289E-16));
#16837 = PCURVE('',#1515,#16838);
#16838 = DEFINITIONAL_REPRESENTATION('',(#16839),#16843);
#16839 = LINE('',#16840,#16841);
#16840 = CARTESIAN_POINT('',(0.23,19.825));
#16841 = VECTOR('',#16842,1.);
#16842 = DIRECTION('',(0.,1.));
#16843 = ( GEOMETRIC_REPRESENTATION_CONTEXT(2) 
PARAMETRIC_REPRESENTATION_CONTEXT() REPRESENTATION_CONTEXT('2D SPACE',''
  ) );
#16844 = PCURVE('',#16845,#16850);
#16845 = PLANE('',#16846);
#16846 = AXIS2_PLACEMENT_3D('',#16847,#16848,#16849);
#16847 = CARTESIAN_POINT('',(0.6625,-0.125,8.E-02));
#16848 = DIRECTION('',(-2.289834988289E-16,-2.289834988289E-16,-1.));
#16849 = DIRECTION('',(0.,-1.,2.289834988289E-16));
#16850 = DEFINITIONAL_REPRESENTATION('',(#16851),#16855);
#16851 = LINE('',#16852,#16853);
#16852 = CARTESIAN_POINT('',(8.198683773256E-31,15.6625));
#16853 = VECTOR('',#16854,1.);
#16854 = DIRECTION('',(2.080052407982E-46,1.));
#16855 = ( GEOMETRIC_REPRESENTATION_CONTEXT(2) 
PARAMETRIC_REPRESENTATION_CONTEXT() REPRESENTATION_CONTEXT('2D SPACE',''
  ) );
#16856 = ORIENTED_EDGE('',*,*,#16738,.F.);
#16857 = ORIENTED_EDGE('',*,*,#14677,.T.);
#16858 = ADVANCED_FACE('',(#16859),#14144,.F.);
#16859 = FACE_BOUND('',#16860,.T.);
#16860 = EDGE_LOOP('',(#16861,#16882,#16905,#16926));
#16861 = ORIENTED_EDGE('',*,*,#16862,.F.);
#16862 = EDGE_CURVE('',#16763,#14122,#16863,.T.);
#16863 = SURFACE_CURVE('',#16864,(#16868,#16875),.PCURVE_S1.);
#16864 = LINE('',#16865,#16866);
#16865 = CARTESIAN_POINT('',(6.5,-0.125,8.E-02));
#16866 = VECTOR('',#16867,1.);
#16867 = DIRECTION('',(1.,-5.243344273594E-32,-2.289834988289E-16));
#16868 = PCURVE('',#14144,#16869);
#16869 = DEFINITIONAL_REPRESENTATION('',(#16870),#16874);
#16870 = LINE('',#16871,#16872);
#16871 = CARTESIAN_POINT('',(-1.339222645935E-03,-5.175));
#16872 = VECTOR('',#16873,1.);
#16873 = DIRECTION('',(0.,-1.));
#16874 = ( GEOMETRIC_REPRESENTATION_CONTEXT(2) 
PARAMETRIC_REPRESENTATION_CONTEXT() REPRESENTATION_CONTEXT('2D SPACE',''
  ) );
#16875 = PCURVE('',#1438,#16876);
#16876 = DEFINITIONAL_REPRESENTATION('',(#16877),#16881);
#16877 = LINE('',#16878,#16879);
#16878 = CARTESIAN_POINT('',(-2.79645027925E-31,-5.3375));
#16879 = VECTOR('',#16880,1.);
#16880 = DIRECTION('',(-2.080052407982E-46,-1.));
#16881 = ( GEOMETRIC_REPRESENTATION_CONTEXT(2) 
PARAMETRIC_REPRESENTATION_CONTEXT() REPRESENTATION_CONTEXT('2D SPACE',''
  ) );
#16882 = ORIENTED_EDGE('',*,*,#16883,.T.);
#16883 = EDGE_CURVE('',#16763,#16884,#16886,.T.);
#16884 = VERTEX_POINT('',#16885);
#16885 = CARTESIAN_POINT('',(1.175,-0.125,7.866077735406E-02));
#16886 = SURFACE_CURVE('',#16887,(#16891,#16898),.PCURVE_S1.);
#16887 = LINE('',#16888,#16889);
#16888 = CARTESIAN_POINT('',(1.175,-0.125,0.841614));
#16889 = VECTOR('',#16890,1.);
#16890 = DIRECTION('',(-2.289834988289E-16,-1.065228634467E-16,-1.));
#16891 = PCURVE('',#14144,#16892);
#16892 = DEFINITIONAL_REPRESENTATION('',(#16893),#16897);
#16893 = LINE('',#16894,#16895);
#16894 = CARTESIAN_POINT('',(-0.762953222646,0.15));
#16895 = VECTOR('',#16896,1.);
#16896 = DIRECTION('',(1.,0.));
#16897 = ( GEOMETRIC_REPRESENTATION_CONTEXT(2) 
PARAMETRIC_REPRESENTATION_CONTEXT() REPRESENTATION_CONTEXT('2D SPACE',''
  ) );
#16898 = PCURVE('',#14665,#16899);
#16899 = DEFINITIONAL_REPRESENTATION('',(#16900),#16904);
#16900 = LINE('',#16901,#16902);
#16901 = CARTESIAN_POINT('',(-0.245779075398,0.671113768985));
#16902 = VECTOR('',#16903,1.);
#16903 = DIRECTION('',(-1.065228634467E-16,-1.));
#16904 = ( GEOMETRIC_REPRESENTATION_CONTEXT(2) 
PARAMETRIC_REPRESENTATION_CONTEXT() REPRESENTATION_CONTEXT('2D SPACE',''
  ) );
#16905 = ORIENTED_EDGE('',*,*,#16906,.F.);
#16906 = EDGE_CURVE('',#14124,#16884,#16907,.T.);
#16907 = SURFACE_CURVE('',#16908,(#16912,#16919),.PCURVE_S1.);
#16908 = LINE('',#16909,#16910);
#16909 = CARTESIAN_POINT('',(6.5,-0.125,7.866077735406E-02));
#16910 = VECTOR('',#16911,1.);
#16911 = DIRECTION('',(-1.,5.243344273594E-32,2.289834988289E-16));
#16912 = PCURVE('',#14144,#16913);
#16913 = DEFINITIONAL_REPRESENTATION('',(#16914),#16918);
#16914 = LINE('',#16915,#16916);
#16915 = CARTESIAN_POINT('',(-1.857888842771E-16,-5.175));
#16916 = VECTOR('',#16917,1.);
#16917 = DIRECTION('',(0.,1.));
#16918 = ( GEOMETRIC_REPRESENTATION_CONTEXT(2) 
PARAMETRIC_REPRESENTATION_CONTEXT() REPRESENTATION_CONTEXT('2D SPACE',''
  ) );
#16919 = PCURVE('',#14172,#16920);
#16920 = DEFINITIONAL_REPRESENTATION('',(#16921),#16925);
#16921 = LINE('',#16922,#16923);
#16922 = CARTESIAN_POINT('',(5.833781539828E-02,-5.325));
#16923 = VECTOR('',#16924,1.);
#16924 = DIRECTION('',(9.244463733059E-32,1.));
#16925 = ( GEOMETRIC_REPRESENTATION_CONTEXT(2) 
PARAMETRIC_REPRESENTATION_CONTEXT() REPRESENTATION_CONTEXT('2D SPACE',''
  ) );
#16926 = ORIENTED_EDGE('',*,*,#14121,.F.);
#16927 = ADVANCED_FACE('',(#16928),#14665,.F.);
#16928 = FACE_BOUND('',#16929,.T.);
#16929 = EDGE_LOOP('',(#16930,#16931,#16932,#16955,#16979,#17002,#17025,
    #17048,#17071,#17095,#17116));
#16930 = ORIENTED_EDGE('',*,*,#16762,.F.);
#16931 = ORIENTED_EDGE('',*,*,#14649,.F.);
#16932 = ORIENTED_EDGE('',*,*,#16933,.F.);
#16933 = EDGE_CURVE('',#16934,#14627,#16936,.T.);
#16934 = VERTEX_POINT('',#16935);
#16935 = CARTESIAN_POINT('',(1.175,0.225,0.16));
#16936 = SURFACE_CURVE('',#16937,(#16941,#16948),.PCURVE_S1.);
#16937 = LINE('',#16938,#16939);
#16938 = CARTESIAN_POINT('',(1.175,0.225,0.31));
#16939 = VECTOR('',#16940,1.);
#16940 = DIRECTION('',(2.289834988289E-16,2.289834988289E-16,1.));
#16941 = PCURVE('',#14665,#16942);
#16942 = DEFINITIONAL_REPRESENTATION('',(#16943),#16947);
#16943 = LINE('',#16944,#16945);
#16944 = CARTESIAN_POINT('',(0.104220924602,0.139499768985));
#16945 = VECTOR('',#16946,1.);
#16946 = DIRECTION('',(2.289834988289E-16,1.));
#16947 = ( GEOMETRIC_REPRESENTATION_CONTEXT(2) 
PARAMETRIC_REPRESENTATION_CONTEXT() REPRESENTATION_CONTEXT('2D SPACE',''
  ) );
#16948 = PCURVE('',#14370,#16949);
#16949 = DEFINITIONAL_REPRESENTATION('',(#16950),#16954);
#16950 = LINE('',#16951,#16952);
#16951 = CARTESIAN_POINT('',(-0.,0.));
#16952 = VECTOR('',#16953,1.);
#16953 = DIRECTION('',(-1.,0.));
#16954 = ( GEOMETRIC_REPRESENTATION_CONTEXT(2) 
PARAMETRIC_REPRESENTATION_CONTEXT() REPRESENTATION_CONTEXT('2D SPACE',''
  ) );
#16955 = ORIENTED_EDGE('',*,*,#16956,.T.);
#16956 = EDGE_CURVE('',#16934,#16957,#16959,.T.);
#16957 = VERTEX_POINT('',#16958);
#16958 = CARTESIAN_POINT('',(1.175,0.175,0.11));
#16959 = SURFACE_CURVE('',#16960,(#16965,#16972),.PCURVE_S1.);
#16960 = CIRCLE('',#16961,5.E-02);
#16961 = AXIS2_PLACEMENT_3D('',#16962,#16963,#16964);
#16962 = CARTESIAN_POINT('',(1.175,0.225,0.11));
#16963 = DIRECTION('',(1.,-5.243344273594E-32,-2.289834988289E-16));
#16964 = DIRECTION('',(-2.080052407982E-46,1.,-2.289834988289E-16));
#16965 = PCURVE('',#14665,#16966);
#16966 = DEFINITIONAL_REPRESENTATION('',(#16967),#16971);
#16967 = CIRCLE('',#16968,5.E-02);
#16968 = AXIS2_PLACEMENT_2D('',#16969,#16970);
#16969 = CARTESIAN_POINT('',(0.104220924602,-6.050023101547E-02));
#16970 = DIRECTION('',(1.,-2.289834988289E-16));
#16971 = ( GEOMETRIC_REPRESENTATION_CONTEXT(2) 
PARAMETRIC_REPRESENTATION_CONTEXT() REPRESENTATION_CONTEXT('2D SPACE',''
  ) );
#16972 = PCURVE('',#14342,#16973);
#16973 = DEFINITIONAL_REPRESENTATION('',(#16974),#16978);
#16974 = LINE('',#16975,#16976);
#16975 = CARTESIAN_POINT('',(-2.22044604925E-16,0.));
#16976 = VECTOR('',#16977,1.);
#16977 = DIRECTION('',(1.,0.));
#16978 = ( GEOMETRIC_REPRESENTATION_CONTEXT(2) 
PARAMETRIC_REPRESENTATION_CONTEXT() REPRESENTATION_CONTEXT('2D SPACE',''
  ) );
#16979 = ORIENTED_EDGE('',*,*,#16980,.T.);
#16980 = EDGE_CURVE('',#16957,#16981,#16983,.T.);
#16981 = VERTEX_POINT('',#16982);
#16982 = CARTESIAN_POINT('',(1.175,0.175,5.E-02));
#16983 = SURFACE_CURVE('',#16984,(#16988,#16995),.PCURVE_S1.);
#16984 = LINE('',#16985,#16986);
#16985 = CARTESIAN_POINT('',(1.175,0.175,0.11));
#16986 = VECTOR('',#16987,1.);
#16987 = DIRECTION('',(-2.289834988289E-16,-2.289834988289E-16,-1.));
#16988 = PCURVE('',#14665,#16989);
#16989 = DEFINITIONAL_REPRESENTATION('',(#16990),#16994);
#16990 = LINE('',#16991,#16992);
#16991 = CARTESIAN_POINT('',(5.422092460224E-02,-6.050023101547E-02));
#16992 = VECTOR('',#16993,1.);
#16993 = DIRECTION('',(-2.289834988289E-16,-1.));
#16994 = ( GEOMETRIC_REPRESENTATION_CONTEXT(2) 
PARAMETRIC_REPRESENTATION_CONTEXT() REPRESENTATION_CONTEXT('2D SPACE',''
  ) );
#16995 = PCURVE('',#14313,#16996);
#16996 = DEFINITIONAL_REPRESENTATION('',(#16997),#17001);
#16997 = LINE('',#16998,#16999);
#16998 = CARTESIAN_POINT('',(-0.,0.));
#16999 = VECTOR('',#17000,1.);
#17000 = DIRECTION('',(1.,0.));
#17001 = ( GEOMETRIC_REPRESENTATION_CONTEXT(2) 
PARAMETRIC_REPRESENTATION_CONTEXT() REPRESENTATION_CONTEXT('2D SPACE',''
  ) );
#17002 = ORIENTED_EDGE('',*,*,#17003,.T.);
#17003 = EDGE_CURVE('',#16981,#17004,#17006,.T.);
#17004 = VERTEX_POINT('',#17005);
#17005 = CARTESIAN_POINT('',(1.175,0.125,-1.221245327088E-15));
#17006 = SURFACE_CURVE('',#17007,(#17011,#17018),.PCURVE_S1.);
#17007 = LINE('',#17008,#17009);
#17008 = CARTESIAN_POINT('',(1.175,0.175,5.E-02));
#17009 = VECTOR('',#17010,1.);
#17010 = DIRECTION('',(-1.619157848018E-16,-0.707106781187,
    -0.707106781186));
#17011 = PCURVE('',#14665,#17012);
#17012 = DEFINITIONAL_REPRESENTATION('',(#17013),#17017);
#17013 = LINE('',#17014,#17015);
#17014 = CARTESIAN_POINT('',(5.422092460224E-02,-0.120500231015));
#17015 = VECTOR('',#17016,1.);
#17016 = DIRECTION('',(-0.707106781187,-0.707106781186));
#17017 = ( GEOMETRIC_REPRESENTATION_CONTEXT(2) 
PARAMETRIC_REPRESENTATION_CONTEXT() REPRESENTATION_CONTEXT('2D SPACE',''
  ) );
#17018 = PCURVE('',#14285,#17019);
#17019 = DEFINITIONAL_REPRESENTATION('',(#17020),#17024);
#17020 = LINE('',#17021,#17022);
#17021 = CARTESIAN_POINT('',(-0.,0.));
#17022 = VECTOR('',#17023,1.);
#17023 = DIRECTION('',(1.,-7.395570986447E-32));
#17024 = ( GEOMETRIC_REPRESENTATION_CONTEXT(2) 
PARAMETRIC_REPRESENTATION_CONTEXT() REPRESENTATION_CONTEXT('2D SPACE',''
  ) );
#17025 = ORIENTED_EDGE('',*,*,#17026,.F.);
#17026 = EDGE_CURVE('',#17027,#17004,#17029,.T.);
#17027 = VERTEX_POINT('',#17028);
#17028 = CARTESIAN_POINT('',(1.175,-0.205,-1.110223024625E-15));
#17029 = SURFACE_CURVE('',#17030,(#17034,#17041),.PCURVE_S1.);
#17030 = LINE('',#17031,#17032);
#17031 = CARTESIAN_POINT('',(1.175,-0.205,-1.110223024625E-15));
#17032 = VECTOR('',#17033,1.);
#17033 = DIRECTION('',(0.,1.,-2.289834988289E-16));
#17034 = PCURVE('',#14665,#17035);
#17035 = DEFINITIONAL_REPRESENTATION('',(#17036),#17040);
#17036 = LINE('',#17037,#17038);
#17037 = CARTESIAN_POINT('',(-0.325779075398,-0.170500231015));
#17038 = VECTOR('',#17039,1.);
#17039 = DIRECTION('',(1.,-2.289834988289E-16));
#17040 = ( GEOMETRIC_REPRESENTATION_CONTEXT(2) 
PARAMETRIC_REPRESENTATION_CONTEXT() REPRESENTATION_CONTEXT('2D SPACE',''
  ) );
#17041 = PCURVE('',#14257,#17042);
#17042 = DEFINITIONAL_REPRESENTATION('',(#17043),#17047);
#17043 = LINE('',#17044,#17045);
#17044 = CARTESIAN_POINT('',(0.33,5.473822126269E-48));
#17045 = VECTOR('',#17046,1.);
#17046 = DIRECTION('',(-1.,0.));
#17047 = ( GEOMETRIC_REPRESENTATION_CONTEXT(2) 
PARAMETRIC_REPRESENTATION_CONTEXT() REPRESENTATION_CONTEXT('2D SPACE',''
  ) );
#17048 = ORIENTED_EDGE('',*,*,#17049,.T.);
#17049 = EDGE_CURVE('',#17027,#17050,#17052,.T.);
#17050 = VERTEX_POINT('',#17051);
#17051 = CARTESIAN_POINT('',(1.175,-0.205,3.619548911246E-02));
#17052 = SURFACE_CURVE('',#17053,(#17057,#17064),.PCURVE_S1.);
#17053 = LINE('',#17054,#17055);
#17054 = CARTESIAN_POINT('',(1.175,-0.205,-1.110223024625E-15));
#17055 = VECTOR('',#17056,1.);
#17056 = DIRECTION('',(2.289834988289E-16,2.289834988289E-16,1.));
#17057 = PCURVE('',#14665,#17058);
#17058 = DEFINITIONAL_REPRESENTATION('',(#17059),#17063);
#17059 = LINE('',#17060,#17061);
#17060 = CARTESIAN_POINT('',(-0.325779075398,-0.170500231015));
#17061 = VECTOR('',#17062,1.);
#17062 = DIRECTION('',(2.289834988289E-16,1.));
#17063 = ( GEOMETRIC_REPRESENTATION_CONTEXT(2) 
PARAMETRIC_REPRESENTATION_CONTEXT() REPRESENTATION_CONTEXT('2D SPACE',''
  ) );
#17064 = PCURVE('',#14229,#17065);
#17065 = DEFINITIONAL_REPRESENTATION('',(#17066),#17070);
#17066 = LINE('',#17067,#17068);
#17067 = CARTESIAN_POINT('',(0.,0.));
#17068 = VECTOR('',#17069,1.);
#17069 = DIRECTION('',(1.,0.));
#17070 = ( GEOMETRIC_REPRESENTATION_CONTEXT(2) 
PARAMETRIC_REPRESENTATION_CONTEXT() REPRESENTATION_CONTEXT('2D SPACE',''
  ) );
#17071 = ORIENTED_EDGE('',*,*,#17072,.F.);
#17072 = EDGE_CURVE('',#17073,#17050,#17075,.T.);
#17073 = VERTEX_POINT('',#17074);
#17074 = CARTESIAN_POINT('',(1.175,-0.181813366389,6.541154699934E-02));
#17075 = SURFACE_CURVE('',#17076,(#17081,#17088),.PCURVE_S1.);
#17076 = CIRCLE('',#17077,3.E-02);
#17077 = AXIS2_PLACEMENT_3D('',#17078,#17079,#17080);
#17078 = CARTESIAN_POINT('',(1.175,-0.175,3.619548911246E-02));
#17079 = DIRECTION('',(1.,-5.243344273594E-32,-2.289834988289E-16));
#17080 = DIRECTION('',(-2.080052407982E-46,1.,-2.289834988289E-16));
#17081 = PCURVE('',#14665,#17082);
#17082 = DEFINITIONAL_REPRESENTATION('',(#17083),#17087);
#17083 = CIRCLE('',#17084,3.E-02);
#17084 = AXIS2_PLACEMENT_2D('',#17085,#17086);
#17085 = CARTESIAN_POINT('',(-0.295779075398,-0.134304741903));
#17086 = DIRECTION('',(1.,-2.289834988289E-16));
#17087 = ( GEOMETRIC_REPRESENTATION_CONTEXT(2) 
PARAMETRIC_REPRESENTATION_CONTEXT() REPRESENTATION_CONTEXT('2D SPACE',''
  ) );
#17088 = PCURVE('',#14201,#17089);
#17089 = DEFINITIONAL_REPRESENTATION('',(#17090),#17094);
#17090 = LINE('',#17091,#17092);
#17091 = CARTESIAN_POINT('',(-6.661338147751E-16,0.));
#17092 = VECTOR('',#17093,1.);
#17093 = DIRECTION('',(1.,0.));
#17094 = ( GEOMETRIC_REPRESENTATION_CONTEXT(2) 
PARAMETRIC_REPRESENTATION_CONTEXT() REPRESENTATION_CONTEXT('2D SPACE',''
  ) );
#17095 = ORIENTED_EDGE('',*,*,#17096,.T.);
#17096 = EDGE_CURVE('',#17073,#16884,#17097,.T.);
#17097 = SURFACE_CURVE('',#17098,(#17102,#17109),.PCURVE_S1.);
#17098 = LINE('',#17099,#17100);
#17099 = CARTESIAN_POINT('',(1.175,-0.181813366389,6.541154699934E-02));
#17100 = VECTOR('',#17101,1.);
#17101 = DIRECTION('',(5.200494915182E-17,0.973868596229,0.227112212966)
  );
#17102 = PCURVE('',#14665,#17103);
#17103 = DEFINITIONAL_REPRESENTATION('',(#17104),#17108);
#17104 = LINE('',#17105,#17106);
#17105 = CARTESIAN_POINT('',(-0.302592441787,-0.105088684016));
#17106 = VECTOR('',#17107,1.);
#17107 = DIRECTION('',(0.973868596229,0.227112212966));
#17108 = ( GEOMETRIC_REPRESENTATION_CONTEXT(2) 
PARAMETRIC_REPRESENTATION_CONTEXT() REPRESENTATION_CONTEXT('2D SPACE',''
  ) );
#17109 = PCURVE('',#14172,#17110);
#17110 = DEFINITIONAL_REPRESENTATION('',(#17111),#17115);
#17111 = LINE('',#17112,#17113);
#17112 = CARTESIAN_POINT('',(0.,0.));
#17113 = VECTOR('',#17114,1.);
#17114 = DIRECTION('',(1.,-3.697785493223E-32));
#17115 = ( GEOMETRIC_REPRESENTATION_CONTEXT(2) 
PARAMETRIC_REPRESENTATION_CONTEXT() REPRESENTATION_CONTEXT('2D SPACE',''
  ) );
#17116 = ORIENTED_EDGE('',*,*,#16883,.F.);
#17117 = ADVANCED_FACE('',(#17118),#14370,.T.);
#17118 = FACE_BOUND('',#17119,.T.);
#17119 = EDGE_LOOP('',(#17120,#17121,#17122,#17143));
#17120 = ORIENTED_EDGE('',*,*,#14626,.T.);
#17121 = ORIENTED_EDGE('',*,*,#14354,.T.);
#17122 = ORIENTED_EDGE('',*,*,#17123,.F.);
#17123 = EDGE_CURVE('',#16934,#14326,#17124,.T.);
#17124 = SURFACE_CURVE('',#17125,(#17129,#17136),.PCURVE_S1.);
#17125 = LINE('',#17126,#17127);
#17126 = CARTESIAN_POINT('',(1.175,0.225,0.16));
#17127 = VECTOR('',#17128,1.);
#17128 = DIRECTION('',(1.,-5.243344273594E-32,-2.289834988289E-16));
#17129 = PCURVE('',#14370,#17130);
#17130 = DEFINITIONAL_REPRESENTATION('',(#17131),#17135);
#17131 = LINE('',#17132,#17133);
#17132 = CARTESIAN_POINT('',(0.15,-3.434752482434E-17));
#17133 = VECTOR('',#17134,1.);
#17134 = DIRECTION('',(0.,-1.));
#17135 = ( GEOMETRIC_REPRESENTATION_CONTEXT(2) 
PARAMETRIC_REPRESENTATION_CONTEXT() REPRESENTATION_CONTEXT('2D SPACE',''
  ) );
#17136 = PCURVE('',#14342,#17137);
#17137 = DEFINITIONAL_REPRESENTATION('',(#17138),#17142);
#17138 = LINE('',#17139,#17140);
#17139 = CARTESIAN_POINT('',(1.570796326795,0.));
#17140 = VECTOR('',#17141,1.);
#17141 = DIRECTION('',(0.,1.));
#17142 = ( GEOMETRIC_REPRESENTATION_CONTEXT(2) 
PARAMETRIC_REPRESENTATION_CONTEXT() REPRESENTATION_CONTEXT('2D SPACE',''
  ) );
#17143 = ORIENTED_EDGE('',*,*,#16933,.T.);
#17144 = ADVANCED_FACE('',(#17145),#14342,.F.);
#17145 = FACE_BOUND('',#17146,.F.);
#17146 = EDGE_LOOP('',(#17147,#17148,#17169,#17170));
#17147 = ORIENTED_EDGE('',*,*,#16956,.T.);
#17148 = ORIENTED_EDGE('',*,*,#17149,.T.);
#17149 = EDGE_CURVE('',#16957,#14298,#17150,.T.);
#17150 = SURFACE_CURVE('',#17151,(#17155,#17162),.PCURVE_S1.);
#17151 = LINE('',#17152,#17153);
#17152 = CARTESIAN_POINT('',(1.175,0.175,0.11));
#17153 = VECTOR('',#17154,1.);
#17154 = DIRECTION('',(1.,-5.243344273594E-32,-2.289834988289E-16));
#17155 = PCURVE('',#14342,#17156);
#17156 = DEFINITIONAL_REPRESENTATION('',(#17157),#17161);
#17157 = LINE('',#17158,#17159);
#17158 = CARTESIAN_POINT('',(3.14159265359,0.));
#17159 = VECTOR('',#17160,1.);
#17160 = DIRECTION('',(0.,1.));
#17161 = ( GEOMETRIC_REPRESENTATION_CONTEXT(2) 
PARAMETRIC_REPRESENTATION_CONTEXT() REPRESENTATION_CONTEXT('2D SPACE',''
  ) );
#17162 = PCURVE('',#14313,#17163);
#17163 = DEFINITIONAL_REPRESENTATION('',(#17164),#17168);
#17164 = LINE('',#17165,#17166);
#17165 = CARTESIAN_POINT('',(-0.,0.));
#17166 = VECTOR('',#17167,1.);
#17167 = DIRECTION('',(0.,-1.));
#17168 = ( GEOMETRIC_REPRESENTATION_CONTEXT(2) 
PARAMETRIC_REPRESENTATION_CONTEXT() REPRESENTATION_CONTEXT('2D SPACE',''
  ) );
#17169 = ORIENTED_EDGE('',*,*,#14325,.F.);
#17170 = ORIENTED_EDGE('',*,*,#17123,.F.);
#17171 = ADVANCED_FACE('',(#17172),#14313,.T.);
#17172 = FACE_BOUND('',#17173,.T.);
#17173 = EDGE_LOOP('',(#17174,#17175,#17176,#17197));
#17174 = ORIENTED_EDGE('',*,*,#17149,.T.);
#17175 = ORIENTED_EDGE('',*,*,#14297,.T.);
#17176 = ORIENTED_EDGE('',*,*,#17177,.F.);
#17177 = EDGE_CURVE('',#16981,#14270,#17178,.T.);
#17178 = SURFACE_CURVE('',#17179,(#17183,#17190),.PCURVE_S1.);
#17179 = LINE('',#17180,#17181);
#17180 = CARTESIAN_POINT('',(1.175,0.175,5.E-02));
#17181 = VECTOR('',#17182,1.);
#17182 = DIRECTION('',(1.,-5.243344273594E-32,-2.289834988289E-16));
#17183 = PCURVE('',#14313,#17184);
#17184 = DEFINITIONAL_REPRESENTATION('',(#17185),#17189);
#17185 = LINE('',#17186,#17187);
#17186 = CARTESIAN_POINT('',(6.E-02,-1.373900992974E-17));
#17187 = VECTOR('',#17188,1.);
#17188 = DIRECTION('',(0.,-1.));
#17189 = ( GEOMETRIC_REPRESENTATION_CONTEXT(2) 
PARAMETRIC_REPRESENTATION_CONTEXT() REPRESENTATION_CONTEXT('2D SPACE',''
  ) );
#17190 = PCURVE('',#14285,#17191);
#17191 = DEFINITIONAL_REPRESENTATION('',(#17192),#17196);
#17192 = LINE('',#17193,#17194);
#17193 = CARTESIAN_POINT('',(-0.,0.));
#17194 = VECTOR('',#17195,1.);
#17195 = DIRECTION('',(2.465190328816E-32,-1.));
#17196 = ( GEOMETRIC_REPRESENTATION_CONTEXT(2) 
PARAMETRIC_REPRESENTATION_CONTEXT() REPRESENTATION_CONTEXT('2D SPACE',''
  ) );
#17197 = ORIENTED_EDGE('',*,*,#16980,.F.);
#17198 = ADVANCED_FACE('',(#17199),#14285,.T.);
#17199 = FACE_BOUND('',#17200,.T.);
#17200 = EDGE_LOOP('',(#17201,#17202,#17203,#17224));
#17201 = ORIENTED_EDGE('',*,*,#17177,.T.);
#17202 = ORIENTED_EDGE('',*,*,#14269,.T.);
#17203 = ORIENTED_EDGE('',*,*,#17204,.F.);
#17204 = EDGE_CURVE('',#17004,#14242,#17205,.T.);
#17205 = SURFACE_CURVE('',#17206,(#17210,#17217),.PCURVE_S1.);
#17206 = LINE('',#17207,#17208);
#17207 = CARTESIAN_POINT('',(1.175,0.125,-1.221245327088E-15));
#17208 = VECTOR('',#17209,1.);
#17209 = DIRECTION('',(1.,-5.243344273594E-32,-2.289834988289E-16));
#17210 = PCURVE('',#14285,#17211);
#17211 = DEFINITIONAL_REPRESENTATION('',(#17212),#17216);
#17212 = LINE('',#17213,#17214);
#17213 = CARTESIAN_POINT('',(7.071067811866E-02,-1.144917494145E-17));
#17214 = VECTOR('',#17215,1.);
#17215 = DIRECTION('',(2.465190328816E-32,-1.));
#17216 = ( GEOMETRIC_REPRESENTATION_CONTEXT(2) 
PARAMETRIC_REPRESENTATION_CONTEXT() REPRESENTATION_CONTEXT('2D SPACE',''
  ) );
#17217 = PCURVE('',#14257,#17218);
#17218 = DEFINITIONAL_REPRESENTATION('',(#17219),#17223);
#17219 = LINE('',#17220,#17221);
#17220 = CARTESIAN_POINT('',(0.,0.));
#17221 = VECTOR('',#17222,1.);
#17222 = DIRECTION('',(-2.080052407982E-46,-1.));
#17223 = ( GEOMETRIC_REPRESENTATION_CONTEXT(2) 
PARAMETRIC_REPRESENTATION_CONTEXT() REPRESENTATION_CONTEXT('2D SPACE',''
  ) );
#17224 = ORIENTED_EDGE('',*,*,#17003,.F.);
#17225 = ADVANCED_FACE('',(#17226),#14257,.T.);
#17226 = FACE_BOUND('',#17227,.T.);
#17227 = EDGE_LOOP('',(#17228,#17229,#17230,#17251));
#17228 = ORIENTED_EDGE('',*,*,#17204,.T.);
#17229 = ORIENTED_EDGE('',*,*,#14241,.T.);
#17230 = ORIENTED_EDGE('',*,*,#17231,.F.);
#17231 = EDGE_CURVE('',#17027,#14214,#17232,.T.);
#17232 = SURFACE_CURVE('',#17233,(#17237,#17244),.PCURVE_S1.);
#17233 = LINE('',#17234,#17235);
#17234 = CARTESIAN_POINT('',(1.175,-0.205,-1.110223024625E-15));
#17235 = VECTOR('',#17236,1.);
#17236 = DIRECTION('',(1.,-5.243344273594E-32,-2.289834988289E-16));
#17237 = PCURVE('',#14257,#17238);
#17238 = DEFINITIONAL_REPRESENTATION('',(#17239),#17243);
#17239 = LINE('',#17240,#17241);
#17240 = CARTESIAN_POINT('',(0.33,5.473822126269E-48));
#17241 = VECTOR('',#17242,1.);
#17242 = DIRECTION('',(-2.080052407982E-46,-1.));
#17243 = ( GEOMETRIC_REPRESENTATION_CONTEXT(2) 
PARAMETRIC_REPRESENTATION_CONTEXT() REPRESENTATION_CONTEXT('2D SPACE',''
  ) );
#17244 = PCURVE('',#14229,#17245);
#17245 = DEFINITIONAL_REPRESENTATION('',(#17246),#17250);
#17246 = LINE('',#17247,#17248);
#17247 = CARTESIAN_POINT('',(0.,0.));
#17248 = VECTOR('',#17249,1.);
#17249 = DIRECTION('',(0.,-1.));
#17250 = ( GEOMETRIC_REPRESENTATION_CONTEXT(2) 
PARAMETRIC_REPRESENTATION_CONTEXT() REPRESENTATION_CONTEXT('2D SPACE',''
  ) );
#17251 = ORIENTED_EDGE('',*,*,#17026,.T.);
#17252 = ADVANCED_FACE('',(#17253),#14229,.T.);
#17253 = FACE_BOUND('',#17254,.T.);
#17254 = EDGE_LOOP('',(#17255,#17256,#17257,#17258));
#17255 = ORIENTED_EDGE('',*,*,#17049,.F.);
#17256 = ORIENTED_EDGE('',*,*,#17231,.T.);
#17257 = ORIENTED_EDGE('',*,*,#14213,.T.);
#17258 = ORIENTED_EDGE('',*,*,#17259,.F.);
#17259 = EDGE_CURVE('',#17050,#14185,#17260,.T.);
#17260 = SURFACE_CURVE('',#17261,(#17265,#17272),.PCURVE_S1.);
#17261 = LINE('',#17262,#17263);
#17262 = CARTESIAN_POINT('',(1.175,-0.205,3.619548911246E-02));
#17263 = VECTOR('',#17264,1.);
#17264 = DIRECTION('',(1.,-5.243344273594E-32,-2.289834988289E-16));
#17265 = PCURVE('',#14229,#17266);
#17266 = DEFINITIONAL_REPRESENTATION('',(#17267),#17271);
#17267 = LINE('',#17268,#17269);
#17268 = CARTESIAN_POINT('',(3.619548911246E-02,8.288169738796E-18));
#17269 = VECTOR('',#17270,1.);
#17270 = DIRECTION('',(0.,-1.));
#17271 = ( GEOMETRIC_REPRESENTATION_CONTEXT(2) 
PARAMETRIC_REPRESENTATION_CONTEXT() REPRESENTATION_CONTEXT('2D SPACE',''
  ) );
#17272 = PCURVE('',#14201,#17273);
#17273 = DEFINITIONAL_REPRESENTATION('',(#17274),#17278);
#17274 = LINE('',#17275,#17276);
#17275 = CARTESIAN_POINT('',(3.14159265359,0.));
#17276 = VECTOR('',#17277,1.);
#17277 = DIRECTION('',(0.,1.));
#17278 = ( GEOMETRIC_REPRESENTATION_CONTEXT(2) 
PARAMETRIC_REPRESENTATION_CONTEXT() REPRESENTATION_CONTEXT('2D SPACE',''
  ) );
#17279 = ADVANCED_FACE('',(#17280),#14201,.T.);
#17280 = FACE_BOUND('',#17281,.T.);
#17281 = EDGE_LOOP('',(#17282,#17283,#17284,#17305));
#17282 = ORIENTED_EDGE('',*,*,#17259,.T.);
#17283 = ORIENTED_EDGE('',*,*,#14184,.F.);
#17284 = ORIENTED_EDGE('',*,*,#17285,.F.);
#17285 = EDGE_CURVE('',#17073,#14157,#17286,.T.);
#17286 = SURFACE_CURVE('',#17287,(#17291,#17298),.PCURVE_S1.);
#17287 = LINE('',#17288,#17289);
#17288 = CARTESIAN_POINT('',(1.175,-0.181813366389,6.541154699934E-02));
#17289 = VECTOR('',#17290,1.);
#17290 = DIRECTION('',(1.,-5.243344273594E-32,-2.289834988289E-16));
#17291 = PCURVE('',#14201,#17292);
#17292 = DEFINITIONAL_REPRESENTATION('',(#17293),#17297);
#17293 = LINE('',#17294,#17295);
#17294 = CARTESIAN_POINT('',(1.799907705522,0.));
#17295 = VECTOR('',#17296,1.);
#17296 = DIRECTION('',(0.,1.));
#17297 = ( GEOMETRIC_REPRESENTATION_CONTEXT(2) 
PARAMETRIC_REPRESENTATION_CONTEXT() REPRESENTATION_CONTEXT('2D SPACE',''
  ) );
#17298 = PCURVE('',#14172,#17299);
#17299 = DEFINITIONAL_REPRESENTATION('',(#17300),#17304);
#17300 = LINE('',#17301,#17302);
#17301 = CARTESIAN_POINT('',(0.,0.));
#17302 = VECTOR('',#17303,1.);
#17303 = DIRECTION('',(-9.244463733059E-32,-1.));
#17304 = ( GEOMETRIC_REPRESENTATION_CONTEXT(2) 
PARAMETRIC_REPRESENTATION_CONTEXT() REPRESENTATION_CONTEXT('2D SPACE',''
  ) );
#17305 = ORIENTED_EDGE('',*,*,#17072,.T.);
#17306 = ADVANCED_FACE('',(#17307),#14172,.T.);
#17307 = FACE_BOUND('',#17308,.T.);
#17308 = EDGE_LOOP('',(#17309,#17310,#17311,#17312));
#17309 = ORIENTED_EDGE('',*,*,#17285,.T.);
#17310 = ORIENTED_EDGE('',*,*,#14156,.T.);
#17311 = ORIENTED_EDGE('',*,*,#16906,.T.);
#17312 = ORIENTED_EDGE('',*,*,#17096,.F.);
#17313 = ADVANCED_FACE('',(#17314),#1438,.T.);
#17314 = FACE_BOUND('',#17315,.T.);
#17315 = EDGE_LOOP('',(#17316,#17337,#17338,#17339,#17340,#17361));
#17316 = ORIENTED_EDGE('',*,*,#17317,.T.);
#17317 = EDGE_CURVE('',#11839,#1416,#17318,.T.);
#17318 = SURFACE_CURVE('',#17319,(#17323,#17330),.PCURVE_S1.);
#17319 = LINE('',#17320,#17321);
#17320 = CARTESIAN_POINT('',(-14.5,-0.205,8.E-02));
#17321 = VECTOR('',#17322,1.);
#17322 = DIRECTION('',(-1.,5.243344273594E-32,2.289834988289E-16));
#17323 = PCURVE('',#1438,#17324);
#17324 = DEFINITIONAL_REPRESENTATION('',(#17325),#17329);
#17325 = LINE('',#17326,#17327);
#17326 = CARTESIAN_POINT('',(8.E-02,15.6625));
#17327 = VECTOR('',#17328,1.);
#17328 = DIRECTION('',(2.080052407982E-46,1.));
#17329 = ( GEOMETRIC_REPRESENTATION_CONTEXT(2) 
PARAMETRIC_REPRESENTATION_CONTEXT() REPRESENTATION_CONTEXT('2D SPACE',''
  ) );
#17330 = PCURVE('',#1466,#17331);
#17331 = DEFINITIONAL_REPRESENTATION('',(#17332),#17336);
#17332 = LINE('',#17333,#17334);
#17333 = CARTESIAN_POINT('',(-2.881462727102E-17,15.6625));
#17334 = VECTOR('',#17335,1.);
#17335 = DIRECTION('',(-1.848892746612E-31,1.));
#17336 = ( GEOMETRIC_REPRESENTATION_CONTEXT(2) 
PARAMETRIC_REPRESENTATION_CONTEXT() REPRESENTATION_CONTEXT('2D SPACE',''
  ) );
#17337 = ORIENTED_EDGE('',*,*,#1415,.T.);
#17338 = ORIENTED_EDGE('',*,*,#16785,.F.);
#17339 = ORIENTED_EDGE('',*,*,#16862,.T.);
#17340 = ORIENTED_EDGE('',*,*,#17341,.F.);
#17341 = EDGE_CURVE('',#11837,#14122,#17342,.T.);
#17342 = SURFACE_CURVE('',#17343,(#17347,#17354),.PCURVE_S1.);
#17343 = LINE('',#17344,#17345);
#17344 = CARTESIAN_POINT('',(-14.5,-0.125,8.E-02));
#17345 = VECTOR('',#17346,1.);
#17346 = DIRECTION('',(-1.,5.243344273594E-32,2.289834988289E-16));
#17347 = PCURVE('',#1438,#17348);
#17348 = DEFINITIONAL_REPRESENTATION('',(#17349),#17353);
#17349 = LINE('',#17350,#17351);
#17350 = CARTESIAN_POINT('',(8.198683773256E-31,15.6625));
#17351 = VECTOR('',#17352,1.);
#17352 = DIRECTION('',(2.080052407982E-46,1.));
#17353 = ( GEOMETRIC_REPRESENTATION_CONTEXT(2) 
PARAMETRIC_REPRESENTATION_CONTEXT() REPRESENTATION_CONTEXT('2D SPACE',''
  ) );
#17354 = PCURVE('',#9857,#17355);
#17355 = DEFINITIONAL_REPRESENTATION('',(#17356),#17360);
#17356 = LINE('',#17357,#17358);
#17357 = CARTESIAN_POINT('',(0.23,19.825));
#17358 = VECTOR('',#17359,1.);
#17359 = DIRECTION('',(0.,1.));
#17360 = ( GEOMETRIC_REPRESENTATION_CONTEXT(2) 
PARAMETRIC_REPRESENTATION_CONTEXT() REPRESENTATION_CONTEXT('2D SPACE',''
  ) );
#17361 = ORIENTED_EDGE('',*,*,#11836,.T.);
#17362 = ADVANCED_FACE('',(#17363),#1466,.T.);
#17363 = FACE_BOUND('',#17364,.T.);
#17364 = EDGE_LOOP('',(#17365,#17366,#17367,#17368));
#17365 = ORIENTED_EDGE('',*,*,#9790,.T.);
#17366 = ORIENTED_EDGE('',*,*,#1450,.F.);
#17367 = ORIENTED_EDGE('',*,*,#17317,.F.);
#17368 = ORIENTED_EDGE('',*,*,#11883,.F.);
#17369 = ADVANCED_FACE('',(#17370),#3506,.F.);
#17370 = FACE_BOUND('',#17371,.T.);
#17371 = EDGE_LOOP('',(#17372,#17373,#17374,#17375,#17376,#17377));
#17372 = ORIENTED_EDGE('',*,*,#7962,.T.);
#17373 = ORIENTED_EDGE('',*,*,#10594,.F.);
#17374 = ORIENTED_EDGE('',*,*,#9002,.T.);
#17375 = ORIENTED_EDGE('',*,*,#4078,.T.);
#17376 = ORIENTED_EDGE('',*,*,#3490,.F.);
#17377 = ORIENTED_EDGE('',*,*,#5826,.F.);
#17378 = ADVANCED_FACE('',(#17379),#8503,.T.);
#17379 = FACE_BOUND('',#17380,.T.);
#17380 = EDGE_LOOP('',(#17381,#17382,#17383,#17384));
#17381 = ORIENTED_EDGE('',*,*,#9941,.F.);
#17382 = ORIENTED_EDGE('',*,*,#8487,.F.);
#17383 = ORIENTED_EDGE('',*,*,#8778,.F.);
#17384 = ORIENTED_EDGE('',*,*,#15199,.F.);
#17385 = ADVANCED_FACE('',(#17386),#3728,.F.);
#17386 = FACE_BOUND('',#17387,.T.);
#17387 = EDGE_LOOP('',(#17388,#17389,#17390,#17391,#17392,#17393));
#17388 = ORIENTED_EDGE('',*,*,#10570,.F.);
#17389 = ORIENTED_EDGE('',*,*,#15009,.T.);
#17390 = ORIENTED_EDGE('',*,*,#5729,.T.);
#17391 = ORIENTED_EDGE('',*,*,#3714,.F.);
#17392 = ORIENTED_EDGE('',*,*,#8562,.T.);
#17393 = ORIENTED_EDGE('',*,*,#8910,.T.);
#17394 = ADVANCED_FACE('',(#17395),#9560,.T.);
#17395 = FACE_BOUND('',#17396,.T.);
#17396 = EDGE_LOOP('',(#17397,#17420,#17448,#17469,#17470,#17491,#17492,
    #17493));
#17397 = ORIENTED_EDGE('',*,*,#17398,.T.);
#17398 = EDGE_CURVE('',#14864,#17399,#17401,.T.);
#17399 = VERTEX_POINT('',#17400);
#17400 = CARTESIAN_POINT('',(0.175,-0.125,8.E-02));
#17401 = SURFACE_CURVE('',#17402,(#17406,#17413),.PCURVE_S1.);
#17402 = LINE('',#17403,#17404);
#17403 = CARTESIAN_POINT('',(0.175,-0.125,0.841614));
#17404 = VECTOR('',#17405,1.);
#17405 = DIRECTION('',(-2.289834988289E-16,-1.065228634467E-16,-1.));
#17406 = PCURVE('',#9560,#17407);
#17407 = DEFINITIONAL_REPRESENTATION('',(#17408),#17412);
#17408 = LINE('',#17409,#17410);
#17409 = CARTESIAN_POINT('',(-0.531614,3.65));
#17410 = VECTOR('',#17411,1.);
#17411 = DIRECTION('',(1.,0.));
#17412 = ( GEOMETRIC_REPRESENTATION_CONTEXT(2) 
PARAMETRIC_REPRESENTATION_CONTEXT() REPRESENTATION_CONTEXT('2D SPACE',''
  ) );
#17413 = PCURVE('',#14879,#17414);
#17414 = DEFINITIONAL_REPRESENTATION('',(#17415),#17419);
#17415 = LINE('',#17416,#17417);
#17416 = CARTESIAN_POINT('',(-0.245779075398,0.671113768985));
#17417 = VECTOR('',#17418,1.);
#17418 = DIRECTION('',(-1.065228634467E-16,-1.));
#17419 = ( GEOMETRIC_REPRESENTATION_CONTEXT(2) 
PARAMETRIC_REPRESENTATION_CONTEXT() REPRESENTATION_CONTEXT('2D SPACE',''
  ) );
#17420 = ORIENTED_EDGE('',*,*,#17421,.T.);
#17421 = EDGE_CURVE('',#17399,#17422,#17424,.T.);
#17422 = VERTEX_POINT('',#17423);
#17423 = CARTESIAN_POINT('',(1.E-01,-0.125,8.E-02));
#17424 = SURFACE_CURVE('',#17425,(#17429,#17436),.PCURVE_S1.);
#17425 = LINE('',#17426,#17427);
#17426 = CARTESIAN_POINT('',(-15.5,-0.125,8.E-02));
#17427 = VECTOR('',#17428,1.);
#17428 = DIRECTION('',(-1.,5.243344273594E-32,2.289834988289E-16));
#17429 = PCURVE('',#9560,#17430);
#17430 = DEFINITIONAL_REPRESENTATION('',(#17431),#17435);
#17431 = LINE('',#17432,#17433);
#17432 = CARTESIAN_POINT('',(0.23,19.325));
#17433 = VECTOR('',#17434,1.);
#17434 = DIRECTION('',(0.,1.));
#17435 = ( GEOMETRIC_REPRESENTATION_CONTEXT(2) 
PARAMETRIC_REPRESENTATION_CONTEXT() REPRESENTATION_CONTEXT('2D SPACE',''
  ) );
#17436 = PCURVE('',#17437,#17442);
#17437 = PLANE('',#17438);
#17438 = AXIS2_PLACEMENT_3D('',#17439,#17440,#17441);
#17439 = CARTESIAN_POINT('',(0.1625,-0.125,8.E-02));
#17440 = DIRECTION('',(-2.289834988289E-16,-2.289834988289E-16,-1.));
#17441 = DIRECTION('',(0.,-1.,2.289834988289E-16));
#17442 = DEFINITIONAL_REPRESENTATION('',(#17443),#17447);
#17443 = LINE('',#17444,#17445);
#17444 = CARTESIAN_POINT('',(8.198683773256E-31,15.6625));
#17445 = VECTOR('',#17446,1.);
#17446 = DIRECTION('',(2.080052407982E-46,1.));
#17447 = ( GEOMETRIC_REPRESENTATION_CONTEXT(2) 
PARAMETRIC_REPRESENTATION_CONTEXT() REPRESENTATION_CONTEXT('2D SPACE',''
  ) );
#17448 = ORIENTED_EDGE('',*,*,#17449,.T.);
#17449 = EDGE_CURVE('',#17422,#9545,#17450,.T.);
#17450 = SURFACE_CURVE('',#17451,(#17455,#17462),.PCURVE_S1.);
#17451 = LINE('',#17452,#17453);
#17452 = CARTESIAN_POINT('',(-15.5,-0.125,-15.52));
#17453 = VECTOR('',#17454,1.);
#17454 = DIRECTION('',(-0.707106781187,-1.064046335705E-16,
    -0.707106781187));
#17455 = PCURVE('',#9560,#17456);
#17456 = DEFINITIONAL_REPRESENTATION('',(#17457),#17461);
#17457 = LINE('',#17458,#17459);
#17458 = CARTESIAN_POINT('',(15.83,19.325));
#17459 = VECTOR('',#17460,1.);
#17460 = DIRECTION('',(0.707106781187,0.707106781187));
#17461 = ( GEOMETRIC_REPRESENTATION_CONTEXT(2) 
PARAMETRIC_REPRESENTATION_CONTEXT() REPRESENTATION_CONTEXT('2D SPACE',''
  ) );
#17462 = PCURVE('',#9588,#17463);
#17463 = DEFINITIONAL_REPRESENTATION('',(#17464),#17468);
#17464 = LINE('',#17465,#17466);
#17465 = CARTESIAN_POINT('',(22.026376233961,0.15));
#17466 = VECTOR('',#17467,1.);
#17467 = DIRECTION('',(1.,-7.295350781106E-16));
#17468 = ( GEOMETRIC_REPRESENTATION_CONTEXT(2) 
PARAMETRIC_REPRESENTATION_CONTEXT() REPRESENTATION_CONTEXT('2D SPACE',''
  ) );
#17469 = ORIENTED_EDGE('',*,*,#9544,.F.);
#17470 = ORIENTED_EDGE('',*,*,#17471,.T.);
#17471 = EDGE_CURVE('',#9517,#11480,#17472,.T.);
#17472 = SURFACE_CURVE('',#17473,(#17477,#17484),.PCURVE_S1.);
#17473 = LINE('',#17474,#17475);
#17474 = CARTESIAN_POINT('',(-15.5,-0.125,15.48));
#17475 = VECTOR('',#17476,1.);
#17476 = DIRECTION('',(-0.707106781187,1.064046335705E-16,0.707106781187
    ));
#17477 = PCURVE('',#9560,#17478);
#17478 = DEFINITIONAL_REPRESENTATION('',(#17479),#17483);
#17479 = LINE('',#17480,#17481);
#17480 = CARTESIAN_POINT('',(-15.17,19.325));
#17481 = VECTOR('',#17482,1.);
#17482 = DIRECTION('',(-0.707106781187,0.707106781187));
#17483 = ( GEOMETRIC_REPRESENTATION_CONTEXT(2) 
PARAMETRIC_REPRESENTATION_CONTEXT() REPRESENTATION_CONTEXT('2D SPACE',''
  ) );
#17484 = PCURVE('',#9532,#17485);
#17485 = DEFINITIONAL_REPRESENTATION('',(#17486),#17490);
#17486 = LINE('',#17487,#17488);
#17487 = CARTESIAN_POINT('',(-21.8142441996,-0.15));
#17488 = VECTOR('',#17489,1.);
#17489 = DIRECTION('',(-1.,-7.295350781106E-16));
#17490 = ( GEOMETRIC_REPRESENTATION_CONTEXT(2) 
PARAMETRIC_REPRESENTATION_CONTEXT() REPRESENTATION_CONTEXT('2D SPACE',''
  ) );
#17491 = ORIENTED_EDGE('',*,*,#11479,.T.);
#17492 = ORIENTED_EDGE('',*,*,#11805,.T.);
#17493 = ORIENTED_EDGE('',*,*,#14891,.T.);
#17494 = ADVANCED_FACE('',(#17495),#14879,.F.);
#17495 = FACE_BOUND('',#17496,.T.);
#17496 = EDGE_LOOP('',(#17497,#17498,#17499,#17522,#17551,#17579,#17607,
    #17635,#17663,#17692,#17720));
#17497 = ORIENTED_EDGE('',*,*,#17398,.F.);
#17498 = ORIENTED_EDGE('',*,*,#14863,.F.);
#17499 = ORIENTED_EDGE('',*,*,#17500,.F.);
#17500 = EDGE_CURVE('',#17501,#14836,#17503,.T.);
#17501 = VERTEX_POINT('',#17502);
#17502 = CARTESIAN_POINT('',(0.175,0.225,0.16));
#17503 = SURFACE_CURVE('',#17504,(#17508,#17515),.PCURVE_S1.);
#17504 = LINE('',#17505,#17506);
#17505 = CARTESIAN_POINT('',(0.175,0.225,0.31));
#17506 = VECTOR('',#17507,1.);
#17507 = DIRECTION('',(2.289834988289E-16,2.289834988289E-16,1.));
#17508 = PCURVE('',#14879,#17509);
#17509 = DEFINITIONAL_REPRESENTATION('',(#17510),#17514);
#17510 = LINE('',#17511,#17512);
#17511 = CARTESIAN_POINT('',(0.104220924602,0.139499768985));
#17512 = VECTOR('',#17513,1.);
#17513 = DIRECTION('',(2.289834988289E-16,1.));
#17514 = ( GEOMETRIC_REPRESENTATION_CONTEXT(2) 
PARAMETRIC_REPRESENTATION_CONTEXT() REPRESENTATION_CONTEXT('2D SPACE',''
  ) );
#17515 = PCURVE('',#14851,#17516);
#17516 = DEFINITIONAL_REPRESENTATION('',(#17517),#17521);
#17517 = LINE('',#17518,#17519);
#17518 = CARTESIAN_POINT('',(-0.,0.));
#17519 = VECTOR('',#17520,1.);
#17520 = DIRECTION('',(-1.,0.));
#17521 = ( GEOMETRIC_REPRESENTATION_CONTEXT(2) 
PARAMETRIC_REPRESENTATION_CONTEXT() REPRESENTATION_CONTEXT('2D SPACE',''
  ) );
#17522 = ORIENTED_EDGE('',*,*,#17523,.T.);
#17523 = EDGE_CURVE('',#17501,#17524,#17526,.T.);
#17524 = VERTEX_POINT('',#17525);
#17525 = CARTESIAN_POINT('',(0.175,0.175,0.11));
#17526 = SURFACE_CURVE('',#17527,(#17532,#17539),.PCURVE_S1.);
#17527 = CIRCLE('',#17528,5.E-02);
#17528 = AXIS2_PLACEMENT_3D('',#17529,#17530,#17531);
#17529 = CARTESIAN_POINT('',(0.175,0.225,0.11));
#17530 = DIRECTION('',(1.,-5.243344273594E-32,-2.289834988289E-16));
#17531 = DIRECTION('',(-2.080052407982E-46,1.,-2.289834988289E-16));
#17532 = PCURVE('',#14879,#17533);
#17533 = DEFINITIONAL_REPRESENTATION('',(#17534),#17538);
#17534 = CIRCLE('',#17535,5.E-02);
#17535 = AXIS2_PLACEMENT_2D('',#17536,#17537);
#17536 = CARTESIAN_POINT('',(0.104220924602,-6.050023101547E-02));
#17537 = DIRECTION('',(1.,-2.289834988289E-16));
#17538 = ( GEOMETRIC_REPRESENTATION_CONTEXT(2) 
PARAMETRIC_REPRESENTATION_CONTEXT() REPRESENTATION_CONTEXT('2D SPACE',''
  ) );
#17539 = PCURVE('',#17540,#17545);
#17540 = CYLINDRICAL_SURFACE('',#17541,5.E-02);
#17541 = AXIS2_PLACEMENT_3D('',#17542,#17543,#17544);
#17542 = CARTESIAN_POINT('',(0.175,0.225,0.11));
#17543 = DIRECTION('',(1.,-5.243344273594E-32,-2.289834988289E-16));
#17544 = DIRECTION('',(-2.080052407982E-46,1.,-2.289834988289E-16));
#17545 = DEFINITIONAL_REPRESENTATION('',(#17546),#17550);
#17546 = LINE('',#17547,#17548);
#17547 = CARTESIAN_POINT('',(-2.22044604925E-16,0.));
#17548 = VECTOR('',#17549,1.);
#17549 = DIRECTION('',(1.,0.));
#17550 = ( GEOMETRIC_REPRESENTATION_CONTEXT(2) 
PARAMETRIC_REPRESENTATION_CONTEXT() REPRESENTATION_CONTEXT('2D SPACE',''
  ) );
#17551 = ORIENTED_EDGE('',*,*,#17552,.T.);
#17552 = EDGE_CURVE('',#17524,#17553,#17555,.T.);
#17553 = VERTEX_POINT('',#17554);
#17554 = CARTESIAN_POINT('',(0.175,0.175,5.E-02));
#17555 = SURFACE_CURVE('',#17556,(#17560,#17567),.PCURVE_S1.);
#17556 = LINE('',#17557,#17558);
#17557 = CARTESIAN_POINT('',(0.175,0.175,0.11));
#17558 = VECTOR('',#17559,1.);
#17559 = DIRECTION('',(-2.289834988289E-16,-2.289834988289E-16,-1.));
#17560 = PCURVE('',#14879,#17561);
#17561 = DEFINITIONAL_REPRESENTATION('',(#17562),#17566);
#17562 = LINE('',#17563,#17564);
#17563 = CARTESIAN_POINT('',(5.422092460224E-02,-6.050023101547E-02));
#17564 = VECTOR('',#17565,1.);
#17565 = DIRECTION('',(-2.289834988289E-16,-1.));
#17566 = ( GEOMETRIC_REPRESENTATION_CONTEXT(2) 
PARAMETRIC_REPRESENTATION_CONTEXT() REPRESENTATION_CONTEXT('2D SPACE',''
  ) );
#17567 = PCURVE('',#17568,#17573);
#17568 = PLANE('',#17569);
#17569 = AXIS2_PLACEMENT_3D('',#17570,#17571,#17572);
#17570 = CARTESIAN_POINT('',(0.175,0.175,0.11));
#17571 = DIRECTION('',(0.,1.,-2.289834988289E-16));
#17572 = DIRECTION('',(-2.289834988289E-16,-2.289834988289E-16,-1.));
#17573 = DEFINITIONAL_REPRESENTATION('',(#17574),#17578);
#17574 = LINE('',#17575,#17576);
#17575 = CARTESIAN_POINT('',(-0.,0.));
#17576 = VECTOR('',#17577,1.);
#17577 = DIRECTION('',(1.,0.));
#17578 = ( GEOMETRIC_REPRESENTATION_CONTEXT(2) 
PARAMETRIC_REPRESENTATION_CONTEXT() REPRESENTATION_CONTEXT('2D SPACE',''
  ) );
#17579 = ORIENTED_EDGE('',*,*,#17580,.T.);
#17580 = EDGE_CURVE('',#17553,#17581,#17583,.T.);
#17581 = VERTEX_POINT('',#17582);
#17582 = CARTESIAN_POINT('',(0.175,0.125,-9.992007221626E-16));
#17583 = SURFACE_CURVE('',#17584,(#17588,#17595),.PCURVE_S1.);
#17584 = LINE('',#17585,#17586);
#17585 = CARTESIAN_POINT('',(0.175,0.175,5.E-02));
#17586 = VECTOR('',#17587,1.);
#17587 = DIRECTION('',(-1.619157848018E-16,-0.707106781187,
    -0.707106781186));
#17588 = PCURVE('',#14879,#17589);
#17589 = DEFINITIONAL_REPRESENTATION('',(#17590),#17594);
#17590 = LINE('',#17591,#17592);
#17591 = CARTESIAN_POINT('',(5.422092460224E-02,-0.120500231015));
#17592 = VECTOR('',#17593,1.);
#17593 = DIRECTION('',(-0.707106781187,-0.707106781186));
#17594 = ( GEOMETRIC_REPRESENTATION_CONTEXT(2) 
PARAMETRIC_REPRESENTATION_CONTEXT() REPRESENTATION_CONTEXT('2D SPACE',''
  ) );
#17595 = PCURVE('',#17596,#17601);
#17596 = PLANE('',#17597);
#17597 = AXIS2_PLACEMENT_3D('',#17598,#17599,#17600);
#17598 = CARTESIAN_POINT('',(0.175,0.175,5.E-02));
#17599 = DIRECTION('',(-1.619157848018E-16,0.707106781186,
    -0.707106781187));
#17600 = DIRECTION('',(-1.619157848018E-16,-0.707106781187,
    -0.707106781186));
#17601 = DEFINITIONAL_REPRESENTATION('',(#17602),#17606);
#17602 = LINE('',#17603,#17604);
#17603 = CARTESIAN_POINT('',(-0.,0.));
#17604 = VECTOR('',#17605,1.);
#17605 = DIRECTION('',(1.,-7.395570986447E-32));
#17606 = ( GEOMETRIC_REPRESENTATION_CONTEXT(2) 
PARAMETRIC_REPRESENTATION_CONTEXT() REPRESENTATION_CONTEXT('2D SPACE',''
  ) );
#17607 = ORIENTED_EDGE('',*,*,#17608,.F.);
#17608 = EDGE_CURVE('',#17609,#17581,#17611,.T.);
#17609 = VERTEX_POINT('',#17610);
#17610 = CARTESIAN_POINT('',(0.175,-0.205,-8.881784197001E-16));
#17611 = SURFACE_CURVE('',#17612,(#17616,#17623),.PCURVE_S1.);
#17612 = LINE('',#17613,#17614);
#17613 = CARTESIAN_POINT('',(0.175,-0.205,-8.881784197001E-16));
#17614 = VECTOR('',#17615,1.);
#17615 = DIRECTION('',(0.,1.,-2.289834988289E-16));
#17616 = PCURVE('',#14879,#17617);
#17617 = DEFINITIONAL_REPRESENTATION('',(#17618),#17622);
#17618 = LINE('',#17619,#17620);
#17619 = CARTESIAN_POINT('',(-0.325779075398,-0.170500231015));
#17620 = VECTOR('',#17621,1.);
#17621 = DIRECTION('',(1.,-2.289834988289E-16));
#17622 = ( GEOMETRIC_REPRESENTATION_CONTEXT(2) 
PARAMETRIC_REPRESENTATION_CONTEXT() REPRESENTATION_CONTEXT('2D SPACE',''
  ) );
#17623 = PCURVE('',#17624,#17629);
#17624 = PLANE('',#17625);
#17625 = AXIS2_PLACEMENT_3D('',#17626,#17627,#17628);
#17626 = CARTESIAN_POINT('',(0.175,0.125,-9.992007221626E-16));
#17627 = DIRECTION('',(-2.289834988289E-16,-2.289834988289E-16,-1.));
#17628 = DIRECTION('',(0.,-1.,2.289834988289E-16));
#17629 = DEFINITIONAL_REPRESENTATION('',(#17630),#17634);
#17630 = LINE('',#17631,#17632);
#17631 = CARTESIAN_POINT('',(0.33,5.473822126269E-48));
#17632 = VECTOR('',#17633,1.);
#17633 = DIRECTION('',(-1.,0.));
#17634 = ( GEOMETRIC_REPRESENTATION_CONTEXT(2) 
PARAMETRIC_REPRESENTATION_CONTEXT() REPRESENTATION_CONTEXT('2D SPACE',''
  ) );
#17635 = ORIENTED_EDGE('',*,*,#17636,.T.);
#17636 = EDGE_CURVE('',#17609,#17637,#17639,.T.);
#17637 = VERTEX_POINT('',#17638);
#17638 = CARTESIAN_POINT('',(0.175,-0.205,3.619548911246E-02));
#17639 = SURFACE_CURVE('',#17640,(#17644,#17651),.PCURVE_S1.);
#17640 = LINE('',#17641,#17642);
#17641 = CARTESIAN_POINT('',(0.175,-0.205,-8.881784197001E-16));
#17642 = VECTOR('',#17643,1.);
#17643 = DIRECTION('',(2.289834988289E-16,2.289834988289E-16,1.));
#17644 = PCURVE('',#14879,#17645);
#17645 = DEFINITIONAL_REPRESENTATION('',(#17646),#17650);
#17646 = LINE('',#17647,#17648);
#17647 = CARTESIAN_POINT('',(-0.325779075398,-0.170500231015));
#17648 = VECTOR('',#17649,1.);
#17649 = DIRECTION('',(2.289834988289E-16,1.));
#17650 = ( GEOMETRIC_REPRESENTATION_CONTEXT(2) 
PARAMETRIC_REPRESENTATION_CONTEXT() REPRESENTATION_CONTEXT('2D SPACE',''
  ) );
#17651 = PCURVE('',#17652,#17657);
#17652 = PLANE('',#17653);
#17653 = AXIS2_PLACEMENT_3D('',#17654,#17655,#17656);
#17654 = CARTESIAN_POINT('',(0.175,-0.205,-8.881784197001E-16));
#17655 = DIRECTION('',(0.,-1.,2.289834988289E-16));
#17656 = DIRECTION('',(2.289834988289E-16,2.289834988289E-16,1.));
#17657 = DEFINITIONAL_REPRESENTATION('',(#17658),#17662);
#17658 = LINE('',#17659,#17660);
#17659 = CARTESIAN_POINT('',(0.,0.));
#17660 = VECTOR('',#17661,1.);
#17661 = DIRECTION('',(1.,0.));
#17662 = ( GEOMETRIC_REPRESENTATION_CONTEXT(2) 
PARAMETRIC_REPRESENTATION_CONTEXT() REPRESENTATION_CONTEXT('2D SPACE',''
  ) );
#17663 = ORIENTED_EDGE('',*,*,#17664,.F.);
#17664 = EDGE_CURVE('',#17665,#17637,#17667,.T.);
#17665 = VERTEX_POINT('',#17666);
#17666 = CARTESIAN_POINT('',(0.175,-0.181813366389,6.541154699934E-02));
#17667 = SURFACE_CURVE('',#17668,(#17673,#17680),.PCURVE_S1.);
#17668 = CIRCLE('',#17669,3.E-02);
#17669 = AXIS2_PLACEMENT_3D('',#17670,#17671,#17672);
#17670 = CARTESIAN_POINT('',(0.175,-0.175,3.619548911246E-02));
#17671 = DIRECTION('',(1.,-5.243344273594E-32,-2.289834988289E-16));
#17672 = DIRECTION('',(-2.080052407982E-46,1.,-2.289834988289E-16));
#17673 = PCURVE('',#14879,#17674);
#17674 = DEFINITIONAL_REPRESENTATION('',(#17675),#17679);
#17675 = CIRCLE('',#17676,3.E-02);
#17676 = AXIS2_PLACEMENT_2D('',#17677,#17678);
#17677 = CARTESIAN_POINT('',(-0.295779075398,-0.134304741903));
#17678 = DIRECTION('',(1.,-2.289834988289E-16));
#17679 = ( GEOMETRIC_REPRESENTATION_CONTEXT(2) 
PARAMETRIC_REPRESENTATION_CONTEXT() REPRESENTATION_CONTEXT('2D SPACE',''
  ) );
#17680 = PCURVE('',#17681,#17686);
#17681 = CYLINDRICAL_SURFACE('',#17682,3.E-02);
#17682 = AXIS2_PLACEMENT_3D('',#17683,#17684,#17685);
#17683 = CARTESIAN_POINT('',(0.175,-0.175,3.619548911246E-02));
#17684 = DIRECTION('',(1.,-5.243344273594E-32,-2.289834988289E-16));
#17685 = DIRECTION('',(-2.080052407982E-46,1.,-2.289834988289E-16));
#17686 = DEFINITIONAL_REPRESENTATION('',(#17687),#17691);
#17687 = LINE('',#17688,#17689);
#17688 = CARTESIAN_POINT('',(0.,-6.499045291949E-17));
#17689 = VECTOR('',#17690,1.);
#17690 = DIRECTION('',(1.,2.068710367184E-17));
#17691 = ( GEOMETRIC_REPRESENTATION_CONTEXT(2) 
PARAMETRIC_REPRESENTATION_CONTEXT() REPRESENTATION_CONTEXT('2D SPACE',''
  ) );
#17692 = ORIENTED_EDGE('',*,*,#17693,.T.);
#17693 = EDGE_CURVE('',#17665,#17694,#17696,.T.);
#17694 = VERTEX_POINT('',#17695);
#17695 = CARTESIAN_POINT('',(0.175,-0.125,7.866077735406E-02));
#17696 = SURFACE_CURVE('',#17697,(#17701,#17708),.PCURVE_S1.);
#17697 = LINE('',#17698,#17699);
#17698 = CARTESIAN_POINT('',(0.175,-0.181813366389,6.541154699934E-02));
#17699 = VECTOR('',#17700,1.);
#17700 = DIRECTION('',(5.200494915182E-17,0.973868596229,0.227112212966)
  );
#17701 = PCURVE('',#14879,#17702);
#17702 = DEFINITIONAL_REPRESENTATION('',(#17703),#17707);
#17703 = LINE('',#17704,#17705);
#17704 = CARTESIAN_POINT('',(-0.302592441787,-0.105088684016));
#17705 = VECTOR('',#17706,1.);
#17706 = DIRECTION('',(0.973868596229,0.227112212966));
#17707 = ( GEOMETRIC_REPRESENTATION_CONTEXT(2) 
PARAMETRIC_REPRESENTATION_CONTEXT() REPRESENTATION_CONTEXT('2D SPACE',''
  ) );
#17708 = PCURVE('',#17709,#17714);
#17709 = PLANE('',#17710);
#17710 = AXIS2_PLACEMENT_3D('',#17711,#17712,#17713);
#17711 = CARTESIAN_POINT('',(0.175,-0.181813366389,6.541154699934E-02));
#17712 = DIRECTION('',(2.229998385642E-16,-0.227112212966,0.973868596229
    ));
#17713 = DIRECTION('',(5.200494915182E-17,0.973868596229,0.227112212966)
  );
#17714 = DEFINITIONAL_REPRESENTATION('',(#17715),#17719);
#17715 = LINE('',#17716,#17717);
#17716 = CARTESIAN_POINT('',(0.,0.));
#17717 = VECTOR('',#17718,1.);
#17718 = DIRECTION('',(1.,-3.697785493223E-32));
#17719 = ( GEOMETRIC_REPRESENTATION_CONTEXT(2) 
PARAMETRIC_REPRESENTATION_CONTEXT() REPRESENTATION_CONTEXT('2D SPACE',''
  ) );
#17720 = ORIENTED_EDGE('',*,*,#17721,.F.);
#17721 = EDGE_CURVE('',#17399,#17694,#17722,.T.);
#17722 = SURFACE_CURVE('',#17723,(#17727,#17734),.PCURVE_S1.);
#17723 = LINE('',#17724,#17725);
#17724 = CARTESIAN_POINT('',(0.175,-0.125,0.841614));
#17725 = VECTOR('',#17726,1.);
#17726 = DIRECTION('',(-2.289834988289E-16,-1.065228634467E-16,-1.));
#17727 = PCURVE('',#14879,#17728);
#17728 = DEFINITIONAL_REPRESENTATION('',(#17729),#17733);
#17729 = LINE('',#17730,#17731);
#17730 = CARTESIAN_POINT('',(-0.245779075398,0.671113768985));
#17731 = VECTOR('',#17732,1.);
#17732 = DIRECTION('',(-1.065228634467E-16,-1.));
#17733 = ( GEOMETRIC_REPRESENTATION_CONTEXT(2) 
PARAMETRIC_REPRESENTATION_CONTEXT() REPRESENTATION_CONTEXT('2D SPACE',''
  ) );
#17734 = PCURVE('',#17735,#17740);
#17735 = PLANE('',#17736);
#17736 = AXIS2_PLACEMENT_3D('',#17737,#17738,#17739);
#17737 = CARTESIAN_POINT('',(0.325,-0.125,7.866077735406E-02));
#17738 = DIRECTION('',(2.804146475864E-32,1.,-1.065228634467E-16));
#17739 = DIRECTION('',(-2.289834988289E-16,-1.065228634467E-16,-1.));
#17740 = DEFINITIONAL_REPRESENTATION('',(#17741),#17745);
#17741 = LINE('',#17742,#17743);
#17742 = CARTESIAN_POINT('',(-0.762953222646,0.15));
#17743 = VECTOR('',#17744,1.);
#17744 = DIRECTION('',(1.,0.));
#17745 = ( GEOMETRIC_REPRESENTATION_CONTEXT(2) 
PARAMETRIC_REPRESENTATION_CONTEXT() REPRESENTATION_CONTEXT('2D SPACE',''
  ) );
#17746 = ADVANCED_FACE('',(#17747),#17735,.F.);
#17747 = FACE_BOUND('',#17748,.T.);
#17748 = EDGE_LOOP('',(#17749,#17772,#17773,#17796));
#17749 = ORIENTED_EDGE('',*,*,#17750,.F.);
#17750 = EDGE_CURVE('',#17399,#17751,#17753,.T.);
#17751 = VERTEX_POINT('',#17752);
#17752 = CARTESIAN_POINT('',(0.325,-0.125,8.E-02));
#17753 = SURFACE_CURVE('',#17754,(#17758,#17765),.PCURVE_S1.);
#17754 = LINE('',#17755,#17756);
#17755 = CARTESIAN_POINT('',(5.5,-0.125,8.E-02));
#17756 = VECTOR('',#17757,1.);
#17757 = DIRECTION('',(1.,-5.243344273594E-32,-2.289834988289E-16));
#17758 = PCURVE('',#17735,#17759);
#17759 = DEFINITIONAL_REPRESENTATION('',(#17760),#17764);
#17760 = LINE('',#17761,#17762);
#17761 = CARTESIAN_POINT('',(-1.339222645935E-03,-5.175));
#17762 = VECTOR('',#17763,1.);
#17763 = DIRECTION('',(0.,-1.));
#17764 = ( GEOMETRIC_REPRESENTATION_CONTEXT(2) 
PARAMETRIC_REPRESENTATION_CONTEXT() REPRESENTATION_CONTEXT('2D SPACE',''
  ) );
#17765 = PCURVE('',#17437,#17766);
#17766 = DEFINITIONAL_REPRESENTATION('',(#17767),#17771);
#17767 = LINE('',#17768,#17769);
#17768 = CARTESIAN_POINT('',(-2.79645027925E-31,-5.3375));
#17769 = VECTOR('',#17770,1.);
#17770 = DIRECTION('',(-2.080052407982E-46,-1.));
#17771 = ( GEOMETRIC_REPRESENTATION_CONTEXT(2) 
PARAMETRIC_REPRESENTATION_CONTEXT() REPRESENTATION_CONTEXT('2D SPACE',''
  ) );
#17772 = ORIENTED_EDGE('',*,*,#17721,.T.);
#17773 = ORIENTED_EDGE('',*,*,#17774,.F.);
#17774 = EDGE_CURVE('',#17775,#17694,#17777,.T.);
#17775 = VERTEX_POINT('',#17776);
#17776 = CARTESIAN_POINT('',(0.325,-0.125,7.866077735406E-02));
#17777 = SURFACE_CURVE('',#17778,(#17782,#17789),.PCURVE_S1.);
#17778 = LINE('',#17779,#17780);
#17779 = CARTESIAN_POINT('',(5.5,-0.125,7.866077735406E-02));
#17780 = VECTOR('',#17781,1.);
#17781 = DIRECTION('',(-1.,5.243344273594E-32,2.289834988289E-16));
#17782 = PCURVE('',#17735,#17783);
#17783 = DEFINITIONAL_REPRESENTATION('',(#17784),#17788);
#17784 = LINE('',#17785,#17786);
#17785 = CARTESIAN_POINT('',(-2.968111867396E-16,-5.175));
#17786 = VECTOR('',#17787,1.);
#17787 = DIRECTION('',(0.,1.));
#17788 = ( GEOMETRIC_REPRESENTATION_CONTEXT(2) 
PARAMETRIC_REPRESENTATION_CONTEXT() REPRESENTATION_CONTEXT('2D SPACE',''
  ) );
#17789 = PCURVE('',#17709,#17790);
#17790 = DEFINITIONAL_REPRESENTATION('',(#17791),#17795);
#17791 = LINE('',#17792,#17793);
#17792 = CARTESIAN_POINT('',(5.833781539828E-02,-5.325));
#17793 = VECTOR('',#17794,1.);
#17794 = DIRECTION('',(9.244463733059E-32,1.));
#17795 = ( GEOMETRIC_REPRESENTATION_CONTEXT(2) 
PARAMETRIC_REPRESENTATION_CONTEXT() REPRESENTATION_CONTEXT('2D SPACE',''
  ) );
#17796 = ORIENTED_EDGE('',*,*,#17797,.F.);
#17797 = EDGE_CURVE('',#17751,#17775,#17798,.T.);
#17798 = SURFACE_CURVE('',#17799,(#17803,#17810),.PCURVE_S1.);
#17799 = LINE('',#17800,#17801);
#17800 = CARTESIAN_POINT('',(0.325,-0.125,0.841614));
#17801 = VECTOR('',#17802,1.);
#17802 = DIRECTION('',(-2.289834988289E-16,-1.065228634467E-16,-1.));
#17803 = PCURVE('',#17735,#17804);
#17804 = DEFINITIONAL_REPRESENTATION('',(#17805),#17809);
#17805 = LINE('',#17806,#17807);
#17806 = CARTESIAN_POINT('',(-0.762953222646,1.747036983643E-16));
#17807 = VECTOR('',#17808,1.);
#17808 = DIRECTION('',(1.,0.));
#17809 = ( GEOMETRIC_REPRESENTATION_CONTEXT(2) 
PARAMETRIC_REPRESENTATION_CONTEXT() REPRESENTATION_CONTEXT('2D SPACE',''
  ) );
#17810 = PCURVE('',#14823,#17811);
#17811 = DEFINITIONAL_REPRESENTATION('',(#17812),#17816);
#17812 = LINE('',#17813,#17814);
#17813 = CARTESIAN_POINT('',(-0.245779075398,0.671113768985));
#17814 = VECTOR('',#17815,1.);
#17815 = DIRECTION('',(-1.065228634467E-16,-1.));
#17816 = ( GEOMETRIC_REPRESENTATION_CONTEXT(2) 
PARAMETRIC_REPRESENTATION_CONTEXT() REPRESENTATION_CONTEXT('2D SPACE',''
  ) );
#17817 = ADVANCED_FACE('',(#17818),#14823,.T.);
#17818 = FACE_BOUND('',#17819,.T.);
#17819 = EDGE_LOOP('',(#17820,#17821,#17844,#17868,#17891,#17914,#17937,
    #17960,#17984,#18005,#18006));
#17820 = ORIENTED_EDGE('',*,*,#17797,.T.);
#17821 = ORIENTED_EDGE('',*,*,#17822,.F.);
#17822 = EDGE_CURVE('',#17823,#17775,#17825,.T.);
#17823 = VERTEX_POINT('',#17824);
#17824 = CARTESIAN_POINT('',(0.325,-0.181813366389,6.541154699934E-02));
#17825 = SURFACE_CURVE('',#17826,(#17830,#17837),.PCURVE_S1.);
#17826 = LINE('',#17827,#17828);
#17827 = CARTESIAN_POINT('',(0.325,-0.430137,7.500931358165E-03));
#17828 = VECTOR('',#17829,1.);
#17829 = DIRECTION('',(5.200494915182E-17,0.973868596229,0.227112212966)
  );
#17830 = PCURVE('',#14823,#17831);
#17831 = DEFINITIONAL_REPRESENTATION('',(#17832),#17836);
#17832 = LINE('',#17833,#17834);
#17833 = CARTESIAN_POINT('',(-0.550916075398,-0.162999299657));
#17834 = VECTOR('',#17835,1.);
#17835 = DIRECTION('',(0.973868596229,0.227112212966));
#17836 = ( GEOMETRIC_REPRESENTATION_CONTEXT(2) 
PARAMETRIC_REPRESENTATION_CONTEXT() REPRESENTATION_CONTEXT('2D SPACE',''
  ) );
#17837 = PCURVE('',#17709,#17838);
#17838 = DEFINITIONAL_REPRESENTATION('',(#17839),#17843);
#17839 = LINE('',#17840,#17841);
#17840 = CARTESIAN_POINT('',(-0.254986796548,-0.15));
#17841 = VECTOR('',#17842,1.);
#17842 = DIRECTION('',(1.,-3.697785493223E-32));
#17843 = ( GEOMETRIC_REPRESENTATION_CONTEXT(2) 
PARAMETRIC_REPRESENTATION_CONTEXT() REPRESENTATION_CONTEXT('2D SPACE',''
  ) );
#17844 = ORIENTED_EDGE('',*,*,#17845,.T.);
#17845 = EDGE_CURVE('',#17823,#17846,#17848,.T.);
#17846 = VERTEX_POINT('',#17847);
#17847 = CARTESIAN_POINT('',(0.325,-0.205,3.619548911246E-02));
#17848 = SURFACE_CURVE('',#17849,(#17854,#17861),.PCURVE_S1.);
#17849 = CIRCLE('',#17850,3.E-02);
#17850 = AXIS2_PLACEMENT_3D('',#17851,#17852,#17853);
#17851 = CARTESIAN_POINT('',(0.325,-0.175,3.619548911246E-02));
#17852 = DIRECTION('',(1.,-5.243344273594E-32,-2.289834988289E-16));
#17853 = DIRECTION('',(-2.080052407982E-46,1.,-2.289834988289E-16));
#17854 = PCURVE('',#14823,#17855);
#17855 = DEFINITIONAL_REPRESENTATION('',(#17856),#17860);
#17856 = CIRCLE('',#17857,3.E-02);
#17857 = AXIS2_PLACEMENT_2D('',#17858,#17859);
#17858 = CARTESIAN_POINT('',(-0.295779075398,-0.134304741903));
#17859 = DIRECTION('',(1.,-2.289834988289E-16));
#17860 = ( GEOMETRIC_REPRESENTATION_CONTEXT(2) 
PARAMETRIC_REPRESENTATION_CONTEXT() REPRESENTATION_CONTEXT('2D SPACE',''
  ) );
#17861 = PCURVE('',#17681,#17862);
#17862 = DEFINITIONAL_REPRESENTATION('',(#17863),#17867);
#17863 = LINE('',#17864,#17865);
#17864 = CARTESIAN_POINT('',(4.440892098501E-16,0.15));
#17865 = VECTOR('',#17866,1.);
#17866 = DIRECTION('',(1.,0.));
#17867 = ( GEOMETRIC_REPRESENTATION_CONTEXT(2) 
PARAMETRIC_REPRESENTATION_CONTEXT() REPRESENTATION_CONTEXT('2D SPACE',''
  ) );
#17868 = ORIENTED_EDGE('',*,*,#17869,.F.);
#17869 = EDGE_CURVE('',#17870,#17846,#17872,.T.);
#17870 = VERTEX_POINT('',#17871);
#17871 = CARTESIAN_POINT('',(0.325,-0.205,-9.992007221626E-16));
#17872 = SURFACE_CURVE('',#17873,(#17877,#17884),.PCURVE_S1.);
#17873 = LINE('',#17874,#17875);
#17874 = CARTESIAN_POINT('',(0.325,-0.205,0.841614));
#17875 = VECTOR('',#17876,1.);
#17876 = DIRECTION('',(2.289834988289E-16,2.289834988289E-16,1.));
#17877 = PCURVE('',#14823,#17878);
#17878 = DEFINITIONAL_REPRESENTATION('',(#17879),#17883);
#17879 = LINE('',#17880,#17881);
#17880 = CARTESIAN_POINT('',(-0.325779075398,0.671113768985));
#17881 = VECTOR('',#17882,1.);
#17882 = DIRECTION('',(2.289834988289E-16,1.));
#17883 = ( GEOMETRIC_REPRESENTATION_CONTEXT(2) 
PARAMETRIC_REPRESENTATION_CONTEXT() REPRESENTATION_CONTEXT('2D SPACE',''
  ) );
#17884 = PCURVE('',#17652,#17885);
#17885 = DEFINITIONAL_REPRESENTATION('',(#17886),#17890);
#17886 = LINE('',#17887,#17888);
#17887 = CARTESIAN_POINT('',(0.841614,-0.15));
#17888 = VECTOR('',#17889,1.);
#17889 = DIRECTION('',(1.,0.));
#17890 = ( GEOMETRIC_REPRESENTATION_CONTEXT(2) 
PARAMETRIC_REPRESENTATION_CONTEXT() REPRESENTATION_CONTEXT('2D SPACE',''
  ) );
#17891 = ORIENTED_EDGE('',*,*,#17892,.F.);
#17892 = EDGE_CURVE('',#17893,#17870,#17895,.T.);
#17893 = VERTEX_POINT('',#17894);
#17894 = CARTESIAN_POINT('',(0.325,0.125,-1.110223024625E-15));
#17895 = SURFACE_CURVE('',#17896,(#17900,#17907),.PCURVE_S1.);
#17896 = LINE('',#17897,#17898);
#17897 = CARTESIAN_POINT('',(0.325,-0.430137,-9.992007221626E-16));
#17898 = VECTOR('',#17899,1.);
#17899 = DIRECTION('',(0.,-1.,2.289834988289E-16));
#17900 = PCURVE('',#14823,#17901);
#17901 = DEFINITIONAL_REPRESENTATION('',(#17902),#17906);
#17902 = LINE('',#17903,#17904);
#17903 = CARTESIAN_POINT('',(-0.550916075398,-0.170500231015));
#17904 = VECTOR('',#17905,1.);
#17905 = DIRECTION('',(-1.,2.289834988289E-16));
#17906 = ( GEOMETRIC_REPRESENTATION_CONTEXT(2) 
PARAMETRIC_REPRESENTATION_CONTEXT() REPRESENTATION_CONTEXT('2D SPACE',''
  ) );
#17907 = PCURVE('',#17624,#17908);
#17908 = DEFINITIONAL_REPRESENTATION('',(#17909),#17913);
#17909 = LINE('',#17910,#17911);
#17910 = CARTESIAN_POINT('',(0.555137,-0.15));
#17911 = VECTOR('',#17912,1.);
#17912 = DIRECTION('',(1.,0.));
#17913 = ( GEOMETRIC_REPRESENTATION_CONTEXT(2) 
PARAMETRIC_REPRESENTATION_CONTEXT() REPRESENTATION_CONTEXT('2D SPACE',''
  ) );
#17914 = ORIENTED_EDGE('',*,*,#17915,.F.);
#17915 = EDGE_CURVE('',#17916,#17893,#17918,.T.);
#17916 = VERTEX_POINT('',#17917);
#17917 = CARTESIAN_POINT('',(0.325,0.175,5.E-02));
#17918 = SURFACE_CURVE('',#17919,(#17923,#17930),.PCURVE_S1.);
#17919 = LINE('',#17920,#17921);
#17920 = CARTESIAN_POINT('',(0.325,-0.430137,-0.555137));
#17921 = VECTOR('',#17922,1.);
#17922 = DIRECTION('',(-1.619157848018E-16,-0.707106781187,
    -0.707106781186));
#17923 = PCURVE('',#14823,#17924);
#17924 = DEFINITIONAL_REPRESENTATION('',(#17925),#17929);
#17925 = LINE('',#17926,#17927);
#17926 = CARTESIAN_POINT('',(-0.550916075398,-0.725637231015));
#17927 = VECTOR('',#17928,1.);
#17928 = DIRECTION('',(-0.707106781187,-0.707106781186));
#17929 = ( GEOMETRIC_REPRESENTATION_CONTEXT(2) 
PARAMETRIC_REPRESENTATION_CONTEXT() REPRESENTATION_CONTEXT('2D SPACE',''
  ) );
#17930 = PCURVE('',#17596,#17931);
#17931 = DEFINITIONAL_REPRESENTATION('',(#17932),#17936);
#17932 = LINE('',#17933,#17934);
#17933 = CARTESIAN_POINT('',(0.855792952494,-0.15));
#17934 = VECTOR('',#17935,1.);
#17935 = DIRECTION('',(1.,-7.395570986447E-32));
#17936 = ( GEOMETRIC_REPRESENTATION_CONTEXT(2) 
PARAMETRIC_REPRESENTATION_CONTEXT() REPRESENTATION_CONTEXT('2D SPACE',''
  ) );
#17937 = ORIENTED_EDGE('',*,*,#17938,.F.);
#17938 = EDGE_CURVE('',#17939,#17916,#17941,.T.);
#17939 = VERTEX_POINT('',#17940);
#17940 = CARTESIAN_POINT('',(0.325,0.175,0.11));
#17941 = SURFACE_CURVE('',#17942,(#17946,#17953),.PCURVE_S1.);
#17942 = LINE('',#17943,#17944);
#17943 = CARTESIAN_POINT('',(0.325,0.175,0.841614));
#17944 = VECTOR('',#17945,1.);
#17945 = DIRECTION('',(-2.289834988289E-16,-2.289834988289E-16,-1.));
#17946 = PCURVE('',#14823,#17947);
#17947 = DEFINITIONAL_REPRESENTATION('',(#17948),#17952);
#17948 = LINE('',#17949,#17950);
#17949 = CARTESIAN_POINT('',(5.422092460224E-02,0.671113768985));
#17950 = VECTOR('',#17951,1.);
#17951 = DIRECTION('',(-2.289834988289E-16,-1.));
#17952 = ( GEOMETRIC_REPRESENTATION_CONTEXT(2) 
PARAMETRIC_REPRESENTATION_CONTEXT() REPRESENTATION_CONTEXT('2D SPACE',''
  ) );
#17953 = PCURVE('',#17568,#17954);
#17954 = DEFINITIONAL_REPRESENTATION('',(#17955),#17959);
#17955 = LINE('',#17956,#17957);
#17956 = CARTESIAN_POINT('',(-0.731614,-0.15));
#17957 = VECTOR('',#17958,1.);
#17958 = DIRECTION('',(1.,0.));
#17959 = ( GEOMETRIC_REPRESENTATION_CONTEXT(2) 
PARAMETRIC_REPRESENTATION_CONTEXT() REPRESENTATION_CONTEXT('2D SPACE',''
  ) );
#17960 = ORIENTED_EDGE('',*,*,#17961,.F.);
#17961 = EDGE_CURVE('',#17962,#17939,#17964,.T.);
#17962 = VERTEX_POINT('',#17963);
#17963 = CARTESIAN_POINT('',(0.325,0.225,0.16));
#17964 = SURFACE_CURVE('',#17965,(#17970,#17977),.PCURVE_S1.);
#17965 = CIRCLE('',#17966,5.E-02);
#17966 = AXIS2_PLACEMENT_3D('',#17967,#17968,#17969);
#17967 = CARTESIAN_POINT('',(0.325,0.225,0.11));
#17968 = DIRECTION('',(1.,-5.243344273594E-32,-2.289834988289E-16));
#17969 = DIRECTION('',(-2.080052407982E-46,1.,-2.289834988289E-16));
#17970 = PCURVE('',#14823,#17971);
#17971 = DEFINITIONAL_REPRESENTATION('',(#17972),#17976);
#17972 = CIRCLE('',#17973,5.E-02);
#17973 = AXIS2_PLACEMENT_2D('',#17974,#17975);
#17974 = CARTESIAN_POINT('',(0.104220924602,-6.050023101547E-02));
#17975 = DIRECTION('',(1.,-2.289834988289E-16));
#17976 = ( GEOMETRIC_REPRESENTATION_CONTEXT(2) 
PARAMETRIC_REPRESENTATION_CONTEXT() REPRESENTATION_CONTEXT('2D SPACE',''
  ) );
#17977 = PCURVE('',#17540,#17978);
#17978 = DEFINITIONAL_REPRESENTATION('',(#17979),#17983);
#17979 = LINE('',#17980,#17981);
#17980 = CARTESIAN_POINT('',(-2.22044604925E-16,0.15));
#17981 = VECTOR('',#17982,1.);
#17982 = DIRECTION('',(1.,3.533949646071E-17));
#17983 = ( GEOMETRIC_REPRESENTATION_CONTEXT(2) 
PARAMETRIC_REPRESENTATION_CONTEXT() REPRESENTATION_CONTEXT('2D SPACE',''
  ) );
#17984 = ORIENTED_EDGE('',*,*,#17985,.F.);
#17985 = EDGE_CURVE('',#14808,#17962,#17986,.T.);
#17986 = SURFACE_CURVE('',#17987,(#17991,#17998),.PCURVE_S1.);
#17987 = LINE('',#17988,#17989);
#17988 = CARTESIAN_POINT('',(0.325,0.225,0.841614));
#17989 = VECTOR('',#17990,1.);
#17990 = DIRECTION('',(-2.289834988289E-16,-2.289834988289E-16,-1.));
#17991 = PCURVE('',#14823,#17992);
#17992 = DEFINITIONAL_REPRESENTATION('',(#17993),#17997);
#17993 = LINE('',#17994,#17995);
#17994 = CARTESIAN_POINT('',(0.104220924602,0.671113768985));
#17995 = VECTOR('',#17996,1.);
#17996 = DIRECTION('',(-2.289834988289E-16,-1.));
#17997 = ( GEOMETRIC_REPRESENTATION_CONTEXT(2) 
PARAMETRIC_REPRESENTATION_CONTEXT() REPRESENTATION_CONTEXT('2D SPACE',''
  ) );
#17998 = PCURVE('',#14851,#17999);
#17999 = DEFINITIONAL_REPRESENTATION('',(#18000),#18004);
#18000 = LINE('',#18001,#18002);
#18001 = CARTESIAN_POINT('',(-0.531614,-0.15));
#18002 = VECTOR('',#18003,1.);
#18003 = DIRECTION('',(1.,0.));
#18004 = ( GEOMETRIC_REPRESENTATION_CONTEXT(2) 
PARAMETRIC_REPRESENTATION_CONTEXT() REPRESENTATION_CONTEXT('2D SPACE',''
  ) );
#18005 = ORIENTED_EDGE('',*,*,#14807,.F.);
#18006 = ORIENTED_EDGE('',*,*,#18007,.T.);
#18007 = EDGE_CURVE('',#14785,#17751,#18008,.T.);
#18008 = SURFACE_CURVE('',#18009,(#18013,#18020),.PCURVE_S1.);
#18009 = LINE('',#18010,#18011);
#18010 = CARTESIAN_POINT('',(0.325,-0.125,0.841614));
#18011 = VECTOR('',#18012,1.);
#18012 = DIRECTION('',(-2.289834988289E-16,-1.065228634467E-16,-1.));
#18013 = PCURVE('',#14823,#18014);
#18014 = DEFINITIONAL_REPRESENTATION('',(#18015),#18019);
#18015 = LINE('',#18016,#18017);
#18016 = CARTESIAN_POINT('',(-0.245779075398,0.671113768985));
#18017 = VECTOR('',#18018,1.);
#18018 = DIRECTION('',(-1.065228634467E-16,-1.));
#18019 = ( GEOMETRIC_REPRESENTATION_CONTEXT(2) 
PARAMETRIC_REPRESENTATION_CONTEXT() REPRESENTATION_CONTEXT('2D SPACE',''
  ) );
#18020 = PCURVE('',#9672,#18021);
#18021 = DEFINITIONAL_REPRESENTATION('',(#18022),#18026);
#18022 = LINE('',#18023,#18024);
#18023 = CARTESIAN_POINT('',(-0.531614,4.));
#18024 = VECTOR('',#18025,1.);
#18025 = DIRECTION('',(1.,0.));
#18026 = ( GEOMETRIC_REPRESENTATION_CONTEXT(2) 
PARAMETRIC_REPRESENTATION_CONTEXT() REPRESENTATION_CONTEXT('2D SPACE',''
  ) );
#18027 = ADVANCED_FACE('',(#18028),#9588,.T.);
#18028 = FACE_BOUND('',#18029,.T.);
#18029 = EDGE_LOOP('',(#18030,#18053,#18074,#18075));
#18030 = ORIENTED_EDGE('',*,*,#18031,.F.);
#18031 = EDGE_CURVE('',#18032,#17422,#18034,.T.);
#18032 = VERTEX_POINT('',#18033);
#18033 = CARTESIAN_POINT('',(0.1,-0.205,8.E-02));
#18034 = SURFACE_CURVE('',#18035,(#18039,#18046),.PCURVE_S1.);
#18035 = LINE('',#18036,#18037);
#18036 = CARTESIAN_POINT('',(0.1,-0.430137,8.E-02));
#18037 = VECTOR('',#18038,1.);
#18038 = DIRECTION('',(-1.224606353822E-16,1.,-2.289834988289E-16));
#18039 = PCURVE('',#9588,#18040);
#18040 = DEFINITIONAL_REPRESENTATION('',(#18041),#18045);
#18041 = LINE('',#18042,#18043);
#18042 = CARTESIAN_POINT('',(-3.535533905933E-02,-0.155137));
#18043 = VECTOR('',#18044,1.);
#18044 = DIRECTION('',(8.716389750491E-16,1.));
#18045 = ( GEOMETRIC_REPRESENTATION_CONTEXT(2) 
PARAMETRIC_REPRESENTATION_CONTEXT() REPRESENTATION_CONTEXT('2D SPACE',''
  ) );
#18046 = PCURVE('',#17437,#18047);
#18047 = DEFINITIONAL_REPRESENTATION('',(#18048),#18052);
#18048 = LINE('',#18049,#18050);
#18049 = CARTESIAN_POINT('',(0.305137,6.25E-02));
#18050 = VECTOR('',#18051,1.);
#18051 = DIRECTION('',(-1.,1.224606353822E-16));
#18052 = ( GEOMETRIC_REPRESENTATION_CONTEXT(2) 
PARAMETRIC_REPRESENTATION_CONTEXT() REPRESENTATION_CONTEXT('2D SPACE',''
  ) );
#18053 = ORIENTED_EDGE('',*,*,#18054,.T.);
#18054 = EDGE_CURVE('',#18032,#9573,#18055,.T.);
#18055 = SURFACE_CURVE('',#18056,(#18060,#18067),.PCURVE_S1.);
#18056 = LINE('',#18057,#18058);
#18057 = CARTESIAN_POINT('',(4.88325E-02,-0.430137,2.88325E-02));
#18058 = VECTOR('',#18059,1.);
#18059 = DIRECTION('',(-0.216371161204,-0.952033109297,-0.216371161204)
  );
#18060 = PCURVE('',#9588,#18061);
#18061 = DEFINITIONAL_REPRESENTATION('',(#18062),#18066);
#18062 = LINE('',#18063,#18064);
#18063 = CARTESIAN_POINT('',(3.70064333934E-02,-0.155137));
#18064 = VECTOR('',#18065,1.);
#18065 = DIRECTION('',(0.305995030681,-0.952033109297));
#18066 = ( GEOMETRIC_REPRESENTATION_CONTEXT(2) 
PARAMETRIC_REPRESENTATION_CONTEXT() REPRESENTATION_CONTEXT('2D SPACE',''
  ) );
#18067 = PCURVE('',#9616,#18068);
#18068 = DEFINITIONAL_REPRESENTATION('',(#18069),#18073);
#18069 = LINE('',#18070,#18071);
#18070 = CARTESIAN_POINT('',(0.230878283572,0.1136675));
#18071 = VECTOR('',#18072,1.);
#18072 = DIRECTION('',(0.976311180208,0.216371161204));
#18073 = ( GEOMETRIC_REPRESENTATION_CONTEXT(2) 
PARAMETRIC_REPRESENTATION_CONTEXT() REPRESENTATION_CONTEXT('2D SPACE',''
  ) );
#18074 = ORIENTED_EDGE('',*,*,#9572,.F.);
#18075 = ORIENTED_EDGE('',*,*,#17449,.F.);
#18076 = ADVANCED_FACE('',(#18077),#17437,.T.);
#18077 = FACE_BOUND('',#18078,.T.);
#18078 = EDGE_LOOP('',(#18079,#18102,#18103,#18104,#18105,#18128));
#18079 = ORIENTED_EDGE('',*,*,#18080,.T.);
#18080 = EDGE_CURVE('',#18081,#18032,#18083,.T.);
#18081 = VERTEX_POINT('',#18082);
#18082 = CARTESIAN_POINT('',(0.4,-0.205,8.E-02));
#18083 = SURFACE_CURVE('',#18084,(#18088,#18095),.PCURVE_S1.);
#18084 = LINE('',#18085,#18086);
#18085 = CARTESIAN_POINT('',(-15.5,-0.205,8.E-02));
#18086 = VECTOR('',#18087,1.);
#18087 = DIRECTION('',(-1.,5.243344273594E-32,2.289834988289E-16));
#18088 = PCURVE('',#17437,#18089);
#18089 = DEFINITIONAL_REPRESENTATION('',(#18090),#18094);
#18090 = LINE('',#18091,#18092);
#18091 = CARTESIAN_POINT('',(8.E-02,15.6625));
#18092 = VECTOR('',#18093,1.);
#18093 = DIRECTION('',(2.080052407982E-46,1.));
#18094 = ( GEOMETRIC_REPRESENTATION_CONTEXT(2) 
PARAMETRIC_REPRESENTATION_CONTEXT() REPRESENTATION_CONTEXT('2D SPACE',''
  ) );
#18095 = PCURVE('',#9616,#18096);
#18096 = DEFINITIONAL_REPRESENTATION('',(#18097),#18101);
#18097 = LINE('',#18098,#18099);
#18098 = CARTESIAN_POINT('',(1.326357092528E-18,15.6625));
#18099 = VECTOR('',#18100,1.);
#18100 = DIRECTION('',(-1.848892746612E-31,1.));
#18101 = ( GEOMETRIC_REPRESENTATION_CONTEXT(2) 
PARAMETRIC_REPRESENTATION_CONTEXT() REPRESENTATION_CONTEXT('2D SPACE',''
  ) );
#18102 = ORIENTED_EDGE('',*,*,#18031,.T.);
#18103 = ORIENTED_EDGE('',*,*,#17421,.F.);
#18104 = ORIENTED_EDGE('',*,*,#17750,.T.);
#18105 = ORIENTED_EDGE('',*,*,#18106,.F.);
#18106 = EDGE_CURVE('',#18107,#17751,#18109,.T.);
#18107 = VERTEX_POINT('',#18108);
#18108 = CARTESIAN_POINT('',(0.4,-0.125,8.E-02));
#18109 = SURFACE_CURVE('',#18110,(#18114,#18121),.PCURVE_S1.);
#18110 = LINE('',#18111,#18112);
#18111 = CARTESIAN_POINT('',(-15.5,-0.125,8.E-02));
#18112 = VECTOR('',#18113,1.);
#18113 = DIRECTION('',(-1.,5.243344273594E-32,2.289834988289E-16));
#18114 = PCURVE('',#17437,#18115);
#18115 = DEFINITIONAL_REPRESENTATION('',(#18116),#18120);
#18116 = LINE('',#18117,#18118);
#18117 = CARTESIAN_POINT('',(8.198683773256E-31,15.6625));
#18118 = VECTOR('',#18119,1.);
#18119 = DIRECTION('',(2.080052407982E-46,1.));
#18120 = ( GEOMETRIC_REPRESENTATION_CONTEXT(2) 
PARAMETRIC_REPRESENTATION_CONTEXT() REPRESENTATION_CONTEXT('2D SPACE',''
  ) );
#18121 = PCURVE('',#9672,#18122);
#18122 = DEFINITIONAL_REPRESENTATION('',(#18123),#18127);
#18123 = LINE('',#18124,#18125);
#18124 = CARTESIAN_POINT('',(0.23,19.825));
#18125 = VECTOR('',#18126,1.);
#18126 = DIRECTION('',(0.,1.));
#18127 = ( GEOMETRIC_REPRESENTATION_CONTEXT(2) 
PARAMETRIC_REPRESENTATION_CONTEXT() REPRESENTATION_CONTEXT('2D SPACE',''
  ) );
#18128 = ORIENTED_EDGE('',*,*,#18129,.T.);
#18129 = EDGE_CURVE('',#18107,#18081,#18130,.T.);
#18130 = SURFACE_CURVE('',#18131,(#18135,#18142),.PCURVE_S1.);
#18131 = LINE('',#18132,#18133);
#18132 = CARTESIAN_POINT('',(0.4,-0.430137,8.E-02));
#18133 = VECTOR('',#18134,1.);
#18134 = DIRECTION('',(-1.224606353822E-16,-1.,2.289834988289E-16));
#18135 = PCURVE('',#17437,#18136);
#18136 = DEFINITIONAL_REPRESENTATION('',(#18137),#18141);
#18137 = LINE('',#18138,#18139);
#18138 = CARTESIAN_POINT('',(0.305137,-0.2375));
#18139 = VECTOR('',#18140,1.);
#18140 = DIRECTION('',(1.,1.224606353822E-16));
#18141 = ( GEOMETRIC_REPRESENTATION_CONTEXT(2) 
PARAMETRIC_REPRESENTATION_CONTEXT() REPRESENTATION_CONTEXT('2D SPACE',''
  ) );
#18142 = PCURVE('',#9644,#18143);
#18143 = DEFINITIONAL_REPRESENTATION('',(#18144),#18148);
#18144 = LINE('',#18145,#18146);
#18145 = CARTESIAN_POINT('',(-3.535533905933E-02,0.155137));
#18146 = VECTOR('',#18147,1.);
#18147 = DIRECTION('',(-8.716389750491E-16,1.));
#18148 = ( GEOMETRIC_REPRESENTATION_CONTEXT(2) 
PARAMETRIC_REPRESENTATION_CONTEXT() REPRESENTATION_CONTEXT('2D SPACE',''
  ) );
#18149 = ADVANCED_FACE('',(#18150),#9616,.T.);
#18150 = FACE_BOUND('',#18151,.T.);
#18151 = EDGE_LOOP('',(#18152,#18153,#18154,#18155));
#18152 = ORIENTED_EDGE('',*,*,#9600,.T.);
#18153 = ORIENTED_EDGE('',*,*,#18054,.F.);
#18154 = ORIENTED_EDGE('',*,*,#18080,.F.);
#18155 = ORIENTED_EDGE('',*,*,#18156,.F.);
#18156 = EDGE_CURVE('',#9601,#18081,#18157,.T.);
#18157 = SURFACE_CURVE('',#18158,(#18162,#18169),.PCURVE_S1.);
#18158 = LINE('',#18159,#18160);
#18159 = CARTESIAN_POINT('',(0.4511675,-0.430137,2.88325E-02));
#18160 = VECTOR('',#18161,1.);
#18161 = DIRECTION('',(-0.216371161204,0.952033109297,0.216371161204));
#18162 = PCURVE('',#9616,#18163);
#18163 = DEFINITIONAL_REPRESENTATION('',(#18164),#18168);
#18164 = LINE('',#18165,#18166);
#18165 = CARTESIAN_POINT('',(0.230878283572,-0.2886675));
#18166 = VECTOR('',#18167,1.);
#18167 = DIRECTION('',(-0.976311180208,0.216371161204));
#18168 = ( GEOMETRIC_REPRESENTATION_CONTEXT(2) 
PARAMETRIC_REPRESENTATION_CONTEXT() REPRESENTATION_CONTEXT('2D SPACE',''
  ) );
#18169 = PCURVE('',#9644,#18170);
#18170 = DEFINITIONAL_REPRESENTATION('',(#18171),#18175);
#18171 = LINE('',#18172,#18173);
#18172 = CARTESIAN_POINT('',(3.70064333934E-02,0.155137));
#18173 = VECTOR('',#18174,1.);
#18174 = DIRECTION('',(-0.305995030681,-0.952033109297));
#18175 = ( GEOMETRIC_REPRESENTATION_CONTEXT(2) 
PARAMETRIC_REPRESENTATION_CONTEXT() REPRESENTATION_CONTEXT('2D SPACE',''
  ) );
#18176 = ADVANCED_FACE('',(#18177),#9644,.T.);
#18177 = FACE_BOUND('',#18178,.T.);
#18178 = EDGE_LOOP('',(#18179,#18180,#18201,#18202));
#18179 = ORIENTED_EDGE('',*,*,#18129,.F.);
#18180 = ORIENTED_EDGE('',*,*,#18181,.F.);
#18181 = EDGE_CURVE('',#9629,#18107,#18182,.T.);
#18182 = SURFACE_CURVE('',#18183,(#18187,#18194),.PCURVE_S1.);
#18183 = LINE('',#18184,#18185);
#18184 = CARTESIAN_POINT('',(-15.,-0.125,15.48));
#18185 = VECTOR('',#18186,1.);
#18186 = DIRECTION('',(-0.707106781187,1.064046335705E-16,0.707106781187
    ));
#18187 = PCURVE('',#9644,#18188);
#18188 = DEFINITIONAL_REPRESENTATION('',(#18189),#18193);
#18189 = LINE('',#18190,#18191);
#18190 = CARTESIAN_POINT('',(-21.8142441996,-0.15));
#18191 = VECTOR('',#18192,1.);
#18192 = DIRECTION('',(-1.,-7.295350781106E-16));
#18193 = ( GEOMETRIC_REPRESENTATION_CONTEXT(2) 
PARAMETRIC_REPRESENTATION_CONTEXT() REPRESENTATION_CONTEXT('2D SPACE',''
  ) );
#18194 = PCURVE('',#9672,#18195);
#18195 = DEFINITIONAL_REPRESENTATION('',(#18196),#18200);
#18196 = LINE('',#18197,#18198);
#18197 = CARTESIAN_POINT('',(-15.17,19.325));
#18198 = VECTOR('',#18199,1.);
#18199 = DIRECTION('',(-0.707106781187,0.707106781187));
#18200 = ( GEOMETRIC_REPRESENTATION_CONTEXT(2) 
PARAMETRIC_REPRESENTATION_CONTEXT() REPRESENTATION_CONTEXT('2D SPACE',''
  ) );
#18201 = ORIENTED_EDGE('',*,*,#9628,.F.);
#18202 = ORIENTED_EDGE('',*,*,#18156,.T.);
#18203 = ADVANCED_FACE('',(#18204),#9700,.T.);
#18204 = FACE_BOUND('',#18205,.T.);
#18205 = EDGE_LOOP('',(#18206,#18231,#18252,#18253));
#18206 = ORIENTED_EDGE('',*,*,#18207,.F.);
#18207 = EDGE_CURVE('',#18208,#18210,#18212,.T.);
#18208 = VERTEX_POINT('',#18209);
#18209 = CARTESIAN_POINT('',(0.6,-0.205,8.E-02));
#18210 = VERTEX_POINT('',#18211);
#18211 = CARTESIAN_POINT('',(0.6,-0.125,8.E-02));
#18212 = SURFACE_CURVE('',#18213,(#18217,#18224),.PCURVE_S1.);
#18213 = LINE('',#18214,#18215);
#18214 = CARTESIAN_POINT('',(0.6,-0.430137,8.E-02));
#18215 = VECTOR('',#18216,1.);
#18216 = DIRECTION('',(-1.224606353822E-16,1.,-2.289834988289E-16));
#18217 = PCURVE('',#9700,#18218);
#18218 = DEFINITIONAL_REPRESENTATION('',(#18219),#18223);
#18219 = LINE('',#18220,#18221);
#18220 = CARTESIAN_POINT('',(-3.535533905933E-02,-0.155137));
#18221 = VECTOR('',#18222,1.);
#18222 = DIRECTION('',(8.716389750491E-16,1.));
#18223 = ( GEOMETRIC_REPRESENTATION_CONTEXT(2) 
PARAMETRIC_REPRESENTATION_CONTEXT() REPRESENTATION_CONTEXT('2D SPACE',''
  ) );
#18224 = PCURVE('',#16845,#18225);
#18225 = DEFINITIONAL_REPRESENTATION('',(#18226),#18230);
#18226 = LINE('',#18227,#18228);
#18227 = CARTESIAN_POINT('',(0.305137,6.25E-02));
#18228 = VECTOR('',#18229,1.);
#18229 = DIRECTION('',(-1.,1.224606353822E-16));
#18230 = ( GEOMETRIC_REPRESENTATION_CONTEXT(2) 
PARAMETRIC_REPRESENTATION_CONTEXT() REPRESENTATION_CONTEXT('2D SPACE',''
  ) );
#18231 = ORIENTED_EDGE('',*,*,#18232,.T.);
#18232 = EDGE_CURVE('',#18208,#9685,#18233,.T.);
#18233 = SURFACE_CURVE('',#18234,(#18238,#18245),.PCURVE_S1.);
#18234 = LINE('',#18235,#18236);
#18235 = CARTESIAN_POINT('',(0.5488325,-0.430137,2.88325E-02));
#18236 = VECTOR('',#18237,1.);
#18237 = DIRECTION('',(-0.216371161204,-0.952033109297,-0.216371161204)
  );
#18238 = PCURVE('',#9700,#18239);
#18239 = DEFINITIONAL_REPRESENTATION('',(#18240),#18244);
#18240 = LINE('',#18241,#18242);
#18241 = CARTESIAN_POINT('',(3.70064333934E-02,-0.155137));
#18242 = VECTOR('',#18243,1.);
#18243 = DIRECTION('',(0.305995030681,-0.952033109297));
#18244 = ( GEOMETRIC_REPRESENTATION_CONTEXT(2) 
PARAMETRIC_REPRESENTATION_CONTEXT() REPRESENTATION_CONTEXT('2D SPACE',''
  ) );
#18245 = PCURVE('',#9728,#18246);
#18246 = DEFINITIONAL_REPRESENTATION('',(#18247),#18251);
#18247 = LINE('',#18248,#18249);
#18248 = CARTESIAN_POINT('',(0.230878283572,0.1136675));
#18249 = VECTOR('',#18250,1.);
#18250 = DIRECTION('',(0.976311180208,0.216371161204));
#18251 = ( GEOMETRIC_REPRESENTATION_CONTEXT(2) 
PARAMETRIC_REPRESENTATION_CONTEXT() REPRESENTATION_CONTEXT('2D SPACE',''
  ) );
#18252 = ORIENTED_EDGE('',*,*,#9684,.F.);
#18253 = ORIENTED_EDGE('',*,*,#18254,.F.);
#18254 = EDGE_CURVE('',#18210,#9657,#18255,.T.);
#18255 = SURFACE_CURVE('',#18256,(#18260,#18267),.PCURVE_S1.);
#18256 = LINE('',#18257,#18258);
#18257 = CARTESIAN_POINT('',(-15.,-0.125,-15.52));
#18258 = VECTOR('',#18259,1.);
#18259 = DIRECTION('',(-0.707106781187,-1.064046335705E-16,
    -0.707106781187));
#18260 = PCURVE('',#9700,#18261);
#18261 = DEFINITIONAL_REPRESENTATION('',(#18262),#18266);
#18262 = LINE('',#18263,#18264);
#18263 = CARTESIAN_POINT('',(22.026376233961,0.15));
#18264 = VECTOR('',#18265,1.);
#18265 = DIRECTION('',(1.,-7.295350781106E-16));
#18266 = ( GEOMETRIC_REPRESENTATION_CONTEXT(2) 
PARAMETRIC_REPRESENTATION_CONTEXT() REPRESENTATION_CONTEXT('2D SPACE',''
  ) );
#18267 = PCURVE('',#9672,#18268);
#18268 = DEFINITIONAL_REPRESENTATION('',(#18269),#18273);
#18269 = LINE('',#18270,#18271);
#18270 = CARTESIAN_POINT('',(15.83,19.325));
#18271 = VECTOR('',#18272,1.);
#18272 = DIRECTION('',(0.707106781187,0.707106781187));
#18273 = ( GEOMETRIC_REPRESENTATION_CONTEXT(2) 
PARAMETRIC_REPRESENTATION_CONTEXT() REPRESENTATION_CONTEXT('2D SPACE',''
  ) );
#18274 = ADVANCED_FACE('',(#18275),#9728,.T.);
#18275 = FACE_BOUND('',#18276,.T.);
#18276 = EDGE_LOOP('',(#18277,#18278,#18279,#18302));
#18277 = ORIENTED_EDGE('',*,*,#9712,.T.);
#18278 = ORIENTED_EDGE('',*,*,#18232,.F.);
#18279 = ORIENTED_EDGE('',*,*,#18280,.F.);
#18280 = EDGE_CURVE('',#18281,#18208,#18283,.T.);
#18281 = VERTEX_POINT('',#18282);
#18282 = CARTESIAN_POINT('',(0.9,-0.205,8.E-02));
#18283 = SURFACE_CURVE('',#18284,(#18288,#18295),.PCURVE_S1.);
#18284 = LINE('',#18285,#18286);
#18285 = CARTESIAN_POINT('',(-15.,-0.205,8.E-02));
#18286 = VECTOR('',#18287,1.);
#18287 = DIRECTION('',(-1.,5.243344273594E-32,2.289834988289E-16));
#18288 = PCURVE('',#9728,#18289);
#18289 = DEFINITIONAL_REPRESENTATION('',(#18290),#18294);
#18290 = LINE('',#18291,#18292);
#18291 = CARTESIAN_POINT('',(1.326357092528E-18,15.6625));
#18292 = VECTOR('',#18293,1.);
#18293 = DIRECTION('',(-1.848892746612E-31,1.));
#18294 = ( GEOMETRIC_REPRESENTATION_CONTEXT(2) 
PARAMETRIC_REPRESENTATION_CONTEXT() REPRESENTATION_CONTEXT('2D SPACE',''
  ) );
#18295 = PCURVE('',#16845,#18296);
#18296 = DEFINITIONAL_REPRESENTATION('',(#18297),#18301);
#18297 = LINE('',#18298,#18299);
#18298 = CARTESIAN_POINT('',(8.E-02,15.6625));
#18299 = VECTOR('',#18300,1.);
#18300 = DIRECTION('',(2.080052407982E-46,1.));
#18301 = ( GEOMETRIC_REPRESENTATION_CONTEXT(2) 
PARAMETRIC_REPRESENTATION_CONTEXT() REPRESENTATION_CONTEXT('2D SPACE',''
  ) );
#18302 = ORIENTED_EDGE('',*,*,#18303,.F.);
#18303 = EDGE_CURVE('',#9713,#18281,#18304,.T.);
#18304 = SURFACE_CURVE('',#18305,(#18309,#18316),.PCURVE_S1.);
#18305 = LINE('',#18306,#18307);
#18306 = CARTESIAN_POINT('',(0.9511675,-0.430137,2.88325E-02));
#18307 = VECTOR('',#18308,1.);
#18308 = DIRECTION('',(-0.216371161204,0.952033109297,0.216371161204));
#18309 = PCURVE('',#9728,#18310);
#18310 = DEFINITIONAL_REPRESENTATION('',(#18311),#18315);
#18311 = LINE('',#18312,#18313);
#18312 = CARTESIAN_POINT('',(0.230878283572,-0.2886675));
#18313 = VECTOR('',#18314,1.);
#18314 = DIRECTION('',(-0.976311180208,0.216371161204));
#18315 = ( GEOMETRIC_REPRESENTATION_CONTEXT(2) 
PARAMETRIC_REPRESENTATION_CONTEXT() REPRESENTATION_CONTEXT('2D SPACE',''
  ) );
#18316 = PCURVE('',#9756,#18317);
#18317 = DEFINITIONAL_REPRESENTATION('',(#18318),#18322);
#18318 = LINE('',#18319,#18320);
#18319 = CARTESIAN_POINT('',(3.70064333934E-02,0.155137));
#18320 = VECTOR('',#18321,1.);
#18321 = DIRECTION('',(-0.305995030681,-0.952033109297));
#18322 = ( GEOMETRIC_REPRESENTATION_CONTEXT(2) 
PARAMETRIC_REPRESENTATION_CONTEXT() REPRESENTATION_CONTEXT('2D SPACE',''
  ) );
#18323 = ADVANCED_FACE('',(#18324),#16845,.T.);
#18324 = FACE_BOUND('',#18325,.T.);
#18325 = EDGE_LOOP('',(#18326,#18327,#18328,#18351,#18372,#18373));
#18326 = ORIENTED_EDGE('',*,*,#18280,.T.);
#18327 = ORIENTED_EDGE('',*,*,#18207,.T.);
#18328 = ORIENTED_EDGE('',*,*,#18329,.F.);
#18329 = EDGE_CURVE('',#18330,#18210,#18332,.T.);
#18330 = VERTEX_POINT('',#18331);
#18331 = CARTESIAN_POINT('',(0.675,-0.125,8.E-02));
#18332 = SURFACE_CURVE('',#18333,(#18337,#18344),.PCURVE_S1.);
#18333 = LINE('',#18334,#18335);
#18334 = CARTESIAN_POINT('',(-15.,-0.125,8.E-02));
#18335 = VECTOR('',#18336,1.);
#18336 = DIRECTION('',(-1.,5.243344273594E-32,2.289834988289E-16));
#18337 = PCURVE('',#16845,#18338);
#18338 = DEFINITIONAL_REPRESENTATION('',(#18339),#18343);
#18339 = LINE('',#18340,#18341);
#18340 = CARTESIAN_POINT('',(8.198683773256E-31,15.6625));
#18341 = VECTOR('',#18342,1.);
#18342 = DIRECTION('',(2.080052407982E-46,1.));
#18343 = ( GEOMETRIC_REPRESENTATION_CONTEXT(2) 
PARAMETRIC_REPRESENTATION_CONTEXT() REPRESENTATION_CONTEXT('2D SPACE',''
  ) );
#18344 = PCURVE('',#9672,#18345);
#18345 = DEFINITIONAL_REPRESENTATION('',(#18346),#18350);
#18346 = LINE('',#18347,#18348);
#18347 = CARTESIAN_POINT('',(0.23,19.325));
#18348 = VECTOR('',#18349,1.);
#18349 = DIRECTION('',(0.,1.));
#18350 = ( GEOMETRIC_REPRESENTATION_CONTEXT(2) 
PARAMETRIC_REPRESENTATION_CONTEXT() REPRESENTATION_CONTEXT('2D SPACE',''
  ) );
#18351 = ORIENTED_EDGE('',*,*,#18352,.T.);
#18352 = EDGE_CURVE('',#18330,#16489,#18353,.T.);
#18353 = SURFACE_CURVE('',#18354,(#18358,#18365),.PCURVE_S1.);
#18354 = LINE('',#18355,#18356);
#18355 = CARTESIAN_POINT('',(6.,-0.125,8.E-02));
#18356 = VECTOR('',#18357,1.);
#18357 = DIRECTION('',(1.,-5.243344273594E-32,-2.289834988289E-16));
#18358 = PCURVE('',#16845,#18359);
#18359 = DEFINITIONAL_REPRESENTATION('',(#18360),#18364);
#18360 = LINE('',#18361,#18362);
#18361 = CARTESIAN_POINT('',(-2.79645027925E-31,-5.3375));
#18362 = VECTOR('',#18363,1.);
#18363 = DIRECTION('',(-2.080052407982E-46,-1.));
#18364 = ( GEOMETRIC_REPRESENTATION_CONTEXT(2) 
PARAMETRIC_REPRESENTATION_CONTEXT() REPRESENTATION_CONTEXT('2D SPACE',''
  ) );
#18365 = PCURVE('',#16506,#18366);
#18366 = DEFINITIONAL_REPRESENTATION('',(#18367),#18371);
#18367 = LINE('',#18368,#18369);
#18368 = CARTESIAN_POINT('',(-1.339222645935E-03,-5.175));
#18369 = VECTOR('',#18370,1.);
#18370 = DIRECTION('',(0.,-1.));
#18371 = ( GEOMETRIC_REPRESENTATION_CONTEXT(2) 
PARAMETRIC_REPRESENTATION_CONTEXT() REPRESENTATION_CONTEXT('2D SPACE',''
  ) );
#18372 = ORIENTED_EDGE('',*,*,#16831,.F.);
#18373 = ORIENTED_EDGE('',*,*,#18374,.T.);
#18374 = EDGE_CURVE('',#16809,#18281,#18375,.T.);
#18375 = SURFACE_CURVE('',#18376,(#18380,#18387),.PCURVE_S1.);
#18376 = LINE('',#18377,#18378);
#18377 = CARTESIAN_POINT('',(0.9,-0.430137,8.E-02));
#18378 = VECTOR('',#18379,1.);
#18379 = DIRECTION('',(-1.224606353822E-16,-1.,2.289834988289E-16));
#18380 = PCURVE('',#16845,#18381);
#18381 = DEFINITIONAL_REPRESENTATION('',(#18382),#18386);
#18382 = LINE('',#18383,#18384);
#18383 = CARTESIAN_POINT('',(0.305137,-0.2375));
#18384 = VECTOR('',#18385,1.);
#18385 = DIRECTION('',(1.,1.224606353822E-16));
#18386 = ( GEOMETRIC_REPRESENTATION_CONTEXT(2) 
PARAMETRIC_REPRESENTATION_CONTEXT() REPRESENTATION_CONTEXT('2D SPACE',''
  ) );
#18387 = PCURVE('',#9756,#18388);
#18388 = DEFINITIONAL_REPRESENTATION('',(#18389),#18393);
#18389 = LINE('',#18390,#18391);
#18390 = CARTESIAN_POINT('',(-3.535533905933E-02,0.155137));
#18391 = VECTOR('',#18392,1.);
#18392 = DIRECTION('',(-8.716389750491E-16,1.));
#18393 = ( GEOMETRIC_REPRESENTATION_CONTEXT(2) 
PARAMETRIC_REPRESENTATION_CONTEXT() REPRESENTATION_CONTEXT('2D SPACE',''
  ) );
#18394 = ADVANCED_FACE('',(#18395),#9672,.T.);
#18395 = FACE_BOUND('',#18396,.T.);
#18396 = EDGE_LOOP('',(#18397,#18418,#18419,#18420,#18421,#18422,#18423,
    #18424));
#18397 = ORIENTED_EDGE('',*,*,#18398,.T.);
#18398 = EDGE_CURVE('',#14757,#18330,#18399,.T.);
#18399 = SURFACE_CURVE('',#18400,(#18404,#18411),.PCURVE_S1.);
#18400 = LINE('',#18401,#18402);
#18401 = CARTESIAN_POINT('',(0.675,-0.125,0.841614));
#18402 = VECTOR('',#18403,1.);
#18403 = DIRECTION('',(-2.289834988289E-16,-1.065228634467E-16,-1.));
#18404 = PCURVE('',#9672,#18405);
#18405 = DEFINITIONAL_REPRESENTATION('',(#18406),#18410);
#18406 = LINE('',#18407,#18408);
#18407 = CARTESIAN_POINT('',(-0.531614,3.65));
#18408 = VECTOR('',#18409,1.);
#18409 = DIRECTION('',(1.,0.));
#18410 = ( GEOMETRIC_REPRESENTATION_CONTEXT(2) 
PARAMETRIC_REPRESENTATION_CONTEXT() REPRESENTATION_CONTEXT('2D SPACE',''
  ) );
#18411 = PCURVE('',#14772,#18412);
#18412 = DEFINITIONAL_REPRESENTATION('',(#18413),#18417);
#18413 = LINE('',#18414,#18415);
#18414 = CARTESIAN_POINT('',(-0.245779075398,0.671113768985));
#18415 = VECTOR('',#18416,1.);
#18416 = DIRECTION('',(-1.065228634467E-16,-1.));
#18417 = ( GEOMETRIC_REPRESENTATION_CONTEXT(2) 
PARAMETRIC_REPRESENTATION_CONTEXT() REPRESENTATION_CONTEXT('2D SPACE',''
  ) );
#18418 = ORIENTED_EDGE('',*,*,#18329,.T.);
#18419 = ORIENTED_EDGE('',*,*,#18254,.T.);
#18420 = ORIENTED_EDGE('',*,*,#9656,.F.);
#18421 = ORIENTED_EDGE('',*,*,#18181,.T.);
#18422 = ORIENTED_EDGE('',*,*,#18106,.T.);
#18423 = ORIENTED_EDGE('',*,*,#18007,.F.);
#18424 = ORIENTED_EDGE('',*,*,#14784,.T.);
#18425 = ADVANCED_FACE('',(#18426),#16506,.F.);
#18426 = FACE_BOUND('',#18427,.T.);
#18427 = EDGE_LOOP('',(#18428,#18429,#18452,#18473));
#18428 = ORIENTED_EDGE('',*,*,#18352,.F.);
#18429 = ORIENTED_EDGE('',*,*,#18430,.T.);
#18430 = EDGE_CURVE('',#18330,#18431,#18433,.T.);
#18431 = VERTEX_POINT('',#18432);
#18432 = CARTESIAN_POINT('',(0.675,-0.125,7.866077735406E-02));
#18433 = SURFACE_CURVE('',#18434,(#18438,#18445),.PCURVE_S1.);
#18434 = LINE('',#18435,#18436);
#18435 = CARTESIAN_POINT('',(0.675,-0.125,0.841614));
#18436 = VECTOR('',#18437,1.);
#18437 = DIRECTION('',(-2.289834988289E-16,-1.065228634467E-16,-1.));
#18438 = PCURVE('',#16506,#18439);
#18439 = DEFINITIONAL_REPRESENTATION('',(#18440),#18444);
#18440 = LINE('',#18441,#18442);
#18441 = CARTESIAN_POINT('',(-0.762953222646,0.15));
#18442 = VECTOR('',#18443,1.);
#18443 = DIRECTION('',(1.,0.));
#18444 = ( GEOMETRIC_REPRESENTATION_CONTEXT(2) 
PARAMETRIC_REPRESENTATION_CONTEXT() REPRESENTATION_CONTEXT('2D SPACE',''
  ) );
#18445 = PCURVE('',#14772,#18446);
#18446 = DEFINITIONAL_REPRESENTATION('',(#18447),#18451);
#18447 = LINE('',#18448,#18449);
#18448 = CARTESIAN_POINT('',(-0.245779075398,0.671113768985));
#18449 = VECTOR('',#18450,1.);
#18450 = DIRECTION('',(-1.065228634467E-16,-1.));
#18451 = ( GEOMETRIC_REPRESENTATION_CONTEXT(2) 
PARAMETRIC_REPRESENTATION_CONTEXT() REPRESENTATION_CONTEXT('2D SPACE',''
  ) );
#18452 = ORIENTED_EDGE('',*,*,#18453,.F.);
#18453 = EDGE_CURVE('',#16491,#18431,#18454,.T.);
#18454 = SURFACE_CURVE('',#18455,(#18459,#18466),.PCURVE_S1.);
#18455 = LINE('',#18456,#18457);
#18456 = CARTESIAN_POINT('',(6.,-0.125,7.866077735406E-02));
#18457 = VECTOR('',#18458,1.);
#18458 = DIRECTION('',(-1.,5.243344273594E-32,2.289834988289E-16));
#18459 = PCURVE('',#16506,#18460);
#18460 = DEFINITIONAL_REPRESENTATION('',(#18461),#18465);
#18461 = LINE('',#18462,#18463);
#18462 = CARTESIAN_POINT('',(-1.857888842771E-16,-5.175));
#18463 = VECTOR('',#18464,1.);
#18464 = DIRECTION('',(0.,1.));
#18465 = ( GEOMETRIC_REPRESENTATION_CONTEXT(2) 
PARAMETRIC_REPRESENTATION_CONTEXT() REPRESENTATION_CONTEXT('2D SPACE',''
  ) );
#18466 = PCURVE('',#16534,#18467);
#18467 = DEFINITIONAL_REPRESENTATION('',(#18468),#18472);
#18468 = LINE('',#18469,#18470);
#18469 = CARTESIAN_POINT('',(5.833781539828E-02,-5.325));
#18470 = VECTOR('',#18471,1.);
#18471 = DIRECTION('',(9.244463733059E-32,1.));
#18472 = ( GEOMETRIC_REPRESENTATION_CONTEXT(2) 
PARAMETRIC_REPRESENTATION_CONTEXT() REPRESENTATION_CONTEXT('2D SPACE',''
  ) );
#18473 = ORIENTED_EDGE('',*,*,#16488,.F.);
#18474 = ADVANCED_FACE('',(#18475),#14772,.F.);
#18475 = FACE_BOUND('',#18476,.T.);
#18476 = EDGE_LOOP('',(#18477,#18478,#18479,#18502,#18526,#18549,#18572,
    #18595,#18618,#18642,#18663));
#18477 = ORIENTED_EDGE('',*,*,#18398,.F.);
#18478 = ORIENTED_EDGE('',*,*,#14756,.F.);
#18479 = ORIENTED_EDGE('',*,*,#18480,.F.);
#18480 = EDGE_CURVE('',#18481,#14729,#18483,.T.);
#18481 = VERTEX_POINT('',#18482);
#18482 = CARTESIAN_POINT('',(0.675,0.225,0.16));
#18483 = SURFACE_CURVE('',#18484,(#18488,#18495),.PCURVE_S1.);
#18484 = LINE('',#18485,#18486);
#18485 = CARTESIAN_POINT('',(0.675,0.225,0.31));
#18486 = VECTOR('',#18487,1.);
#18487 = DIRECTION('',(2.289834988289E-16,2.289834988289E-16,1.));
#18488 = PCURVE('',#14772,#18489);
#18489 = DEFINITIONAL_REPRESENTATION('',(#18490),#18494);
#18490 = LINE('',#18491,#18492);
#18491 = CARTESIAN_POINT('',(0.104220924602,0.139499768985));
#18492 = VECTOR('',#18493,1.);
#18493 = DIRECTION('',(2.289834988289E-16,1.));
#18494 = ( GEOMETRIC_REPRESENTATION_CONTEXT(2) 
PARAMETRIC_REPRESENTATION_CONTEXT() REPRESENTATION_CONTEXT('2D SPACE',''
  ) );
#18495 = PCURVE('',#14744,#18496);
#18496 = DEFINITIONAL_REPRESENTATION('',(#18497),#18501);
#18497 = LINE('',#18498,#18499);
#18498 = CARTESIAN_POINT('',(-0.,0.));
#18499 = VECTOR('',#18500,1.);
#18500 = DIRECTION('',(-1.,0.));
#18501 = ( GEOMETRIC_REPRESENTATION_CONTEXT(2) 
PARAMETRIC_REPRESENTATION_CONTEXT() REPRESENTATION_CONTEXT('2D SPACE',''
  ) );
#18502 = ORIENTED_EDGE('',*,*,#18503,.T.);
#18503 = EDGE_CURVE('',#18481,#18504,#18506,.T.);
#18504 = VERTEX_POINT('',#18505);
#18505 = CARTESIAN_POINT('',(0.675,0.175,0.11));
#18506 = SURFACE_CURVE('',#18507,(#18512,#18519),.PCURVE_S1.);
#18507 = CIRCLE('',#18508,5.E-02);
#18508 = AXIS2_PLACEMENT_3D('',#18509,#18510,#18511);
#18509 = CARTESIAN_POINT('',(0.675,0.225,0.11));
#18510 = DIRECTION('',(1.,-5.243344273594E-32,-2.289834988289E-16));
#18511 = DIRECTION('',(-2.080052407982E-46,1.,-2.289834988289E-16));
#18512 = PCURVE('',#14772,#18513);
#18513 = DEFINITIONAL_REPRESENTATION('',(#18514),#18518);
#18514 = CIRCLE('',#18515,5.E-02);
#18515 = AXIS2_PLACEMENT_2D('',#18516,#18517);
#18516 = CARTESIAN_POINT('',(0.104220924602,-6.050023101547E-02));
#18517 = DIRECTION('',(1.,-2.289834988289E-16));
#18518 = ( GEOMETRIC_REPRESENTATION_CONTEXT(2) 
PARAMETRIC_REPRESENTATION_CONTEXT() REPRESENTATION_CONTEXT('2D SPACE',''
  ) );
#18519 = PCURVE('',#16704,#18520);
#18520 = DEFINITIONAL_REPRESENTATION('',(#18521),#18525);
#18521 = LINE('',#18522,#18523);
#18522 = CARTESIAN_POINT('',(-2.22044604925E-16,0.));
#18523 = VECTOR('',#18524,1.);
#18524 = DIRECTION('',(1.,0.));
#18525 = ( GEOMETRIC_REPRESENTATION_CONTEXT(2) 
PARAMETRIC_REPRESENTATION_CONTEXT() REPRESENTATION_CONTEXT('2D SPACE',''
  ) );
#18526 = ORIENTED_EDGE('',*,*,#18527,.T.);
#18527 = EDGE_CURVE('',#18504,#18528,#18530,.T.);
#18528 = VERTEX_POINT('',#18529);
#18529 = CARTESIAN_POINT('',(0.675,0.175,5.E-02));
#18530 = SURFACE_CURVE('',#18531,(#18535,#18542),.PCURVE_S1.);
#18531 = LINE('',#18532,#18533);
#18532 = CARTESIAN_POINT('',(0.675,0.175,0.11));
#18533 = VECTOR('',#18534,1.);
#18534 = DIRECTION('',(-2.289834988289E-16,-2.289834988289E-16,-1.));
#18535 = PCURVE('',#14772,#18536);
#18536 = DEFINITIONAL_REPRESENTATION('',(#18537),#18541);
#18537 = LINE('',#18538,#18539);
#18538 = CARTESIAN_POINT('',(5.422092460224E-02,-6.050023101547E-02));
#18539 = VECTOR('',#18540,1.);
#18540 = DIRECTION('',(-2.289834988289E-16,-1.));
#18541 = ( GEOMETRIC_REPRESENTATION_CONTEXT(2) 
PARAMETRIC_REPRESENTATION_CONTEXT() REPRESENTATION_CONTEXT('2D SPACE',''
  ) );
#18542 = PCURVE('',#16675,#18543);
#18543 = DEFINITIONAL_REPRESENTATION('',(#18544),#18548);
#18544 = LINE('',#18545,#18546);
#18545 = CARTESIAN_POINT('',(-0.,0.));
#18546 = VECTOR('',#18547,1.);
#18547 = DIRECTION('',(1.,0.));
#18548 = ( GEOMETRIC_REPRESENTATION_CONTEXT(2) 
PARAMETRIC_REPRESENTATION_CONTEXT() REPRESENTATION_CONTEXT('2D SPACE',''
  ) );
#18549 = ORIENTED_EDGE('',*,*,#18550,.T.);
#18550 = EDGE_CURVE('',#18528,#18551,#18553,.T.);
#18551 = VERTEX_POINT('',#18552);
#18552 = CARTESIAN_POINT('',(0.675,0.125,-1.110223024625E-15));
#18553 = SURFACE_CURVE('',#18554,(#18558,#18565),.PCURVE_S1.);
#18554 = LINE('',#18555,#18556);
#18555 = CARTESIAN_POINT('',(0.675,0.175,5.E-02));
#18556 = VECTOR('',#18557,1.);
#18557 = DIRECTION('',(-1.619157848018E-16,-0.707106781187,
    -0.707106781186));
#18558 = PCURVE('',#14772,#18559);
#18559 = DEFINITIONAL_REPRESENTATION('',(#18560),#18564);
#18560 = LINE('',#18561,#18562);
#18561 = CARTESIAN_POINT('',(5.422092460224E-02,-0.120500231015));
#18562 = VECTOR('',#18563,1.);
#18563 = DIRECTION('',(-0.707106781187,-0.707106781186));
#18564 = ( GEOMETRIC_REPRESENTATION_CONTEXT(2) 
PARAMETRIC_REPRESENTATION_CONTEXT() REPRESENTATION_CONTEXT('2D SPACE',''
  ) );
#18565 = PCURVE('',#16647,#18566);
#18566 = DEFINITIONAL_REPRESENTATION('',(#18567),#18571);
#18567 = LINE('',#18568,#18569);
#18568 = CARTESIAN_POINT('',(-0.,0.));
#18569 = VECTOR('',#18570,1.);
#18570 = DIRECTION('',(1.,-7.395570986447E-32));
#18571 = ( GEOMETRIC_REPRESENTATION_CONTEXT(2) 
PARAMETRIC_REPRESENTATION_CONTEXT() REPRESENTATION_CONTEXT('2D SPACE',''
  ) );
#18572 = ORIENTED_EDGE('',*,*,#18573,.F.);
#18573 = EDGE_CURVE('',#18574,#18551,#18576,.T.);
#18574 = VERTEX_POINT('',#18575);
#18575 = CARTESIAN_POINT('',(0.675,-0.205,-9.992007221626E-16));
#18576 = SURFACE_CURVE('',#18577,(#18581,#18588),.PCURVE_S1.);
#18577 = LINE('',#18578,#18579);
#18578 = CARTESIAN_POINT('',(0.675,-0.205,-9.992007221626E-16));
#18579 = VECTOR('',#18580,1.);
#18580 = DIRECTION('',(0.,1.,-2.289834988289E-16));
#18581 = PCURVE('',#14772,#18582);
#18582 = DEFINITIONAL_REPRESENTATION('',(#18583),#18587);
#18583 = LINE('',#18584,#18585);
#18584 = CARTESIAN_POINT('',(-0.325779075398,-0.170500231015));
#18585 = VECTOR('',#18586,1.);
#18586 = DIRECTION('',(1.,-2.289834988289E-16));
#18587 = ( GEOMETRIC_REPRESENTATION_CONTEXT(2) 
PARAMETRIC_REPRESENTATION_CONTEXT() REPRESENTATION_CONTEXT('2D SPACE',''
  ) );
#18588 = PCURVE('',#16619,#18589);
#18589 = DEFINITIONAL_REPRESENTATION('',(#18590),#18594);
#18590 = LINE('',#18591,#18592);
#18591 = CARTESIAN_POINT('',(0.33,5.473822126269E-48));
#18592 = VECTOR('',#18593,1.);
#18593 = DIRECTION('',(-1.,0.));
#18594 = ( GEOMETRIC_REPRESENTATION_CONTEXT(2) 
PARAMETRIC_REPRESENTATION_CONTEXT() REPRESENTATION_CONTEXT('2D SPACE',''
  ) );
#18595 = ORIENTED_EDGE('',*,*,#18596,.T.);
#18596 = EDGE_CURVE('',#18574,#18597,#18599,.T.);
#18597 = VERTEX_POINT('',#18598);
#18598 = CARTESIAN_POINT('',(0.675,-0.205,3.619548911246E-02));
#18599 = SURFACE_CURVE('',#18600,(#18604,#18611),.PCURVE_S1.);
#18600 = LINE('',#18601,#18602);
#18601 = CARTESIAN_POINT('',(0.675,-0.205,-9.992007221626E-16));
#18602 = VECTOR('',#18603,1.);
#18603 = DIRECTION('',(2.289834988289E-16,2.289834988289E-16,1.));
#18604 = PCURVE('',#14772,#18605);
#18605 = DEFINITIONAL_REPRESENTATION('',(#18606),#18610);
#18606 = LINE('',#18607,#18608);
#18607 = CARTESIAN_POINT('',(-0.325779075398,-0.170500231015));
#18608 = VECTOR('',#18609,1.);
#18609 = DIRECTION('',(2.289834988289E-16,1.));
#18610 = ( GEOMETRIC_REPRESENTATION_CONTEXT(2) 
PARAMETRIC_REPRESENTATION_CONTEXT() REPRESENTATION_CONTEXT('2D SPACE',''
  ) );
#18611 = PCURVE('',#16591,#18612);
#18612 = DEFINITIONAL_REPRESENTATION('',(#18613),#18617);
#18613 = LINE('',#18614,#18615);
#18614 = CARTESIAN_POINT('',(0.,0.));
#18615 = VECTOR('',#18616,1.);
#18616 = DIRECTION('',(1.,0.));
#18617 = ( GEOMETRIC_REPRESENTATION_CONTEXT(2) 
PARAMETRIC_REPRESENTATION_CONTEXT() REPRESENTATION_CONTEXT('2D SPACE',''
  ) );
#18618 = ORIENTED_EDGE('',*,*,#18619,.F.);
#18619 = EDGE_CURVE('',#18620,#18597,#18622,.T.);
#18620 = VERTEX_POINT('',#18621);
#18621 = CARTESIAN_POINT('',(0.675,-0.181813366389,6.541154699934E-02));
#18622 = SURFACE_CURVE('',#18623,(#18628,#18635),.PCURVE_S1.);
#18623 = CIRCLE('',#18624,3.E-02);
#18624 = AXIS2_PLACEMENT_3D('',#18625,#18626,#18627);
#18625 = CARTESIAN_POINT('',(0.675,-0.175,3.619548911246E-02));
#18626 = DIRECTION('',(1.,-5.243344273594E-32,-2.289834988289E-16));
#18627 = DIRECTION('',(-2.080052407982E-46,1.,-2.289834988289E-16));
#18628 = PCURVE('',#14772,#18629);
#18629 = DEFINITIONAL_REPRESENTATION('',(#18630),#18634);
#18630 = CIRCLE('',#18631,3.E-02);
#18631 = AXIS2_PLACEMENT_2D('',#18632,#18633);
#18632 = CARTESIAN_POINT('',(-0.295779075398,-0.134304741903));
#18633 = DIRECTION('',(1.,-2.289834988289E-16));
#18634 = ( GEOMETRIC_REPRESENTATION_CONTEXT(2) 
PARAMETRIC_REPRESENTATION_CONTEXT() REPRESENTATION_CONTEXT('2D SPACE',''
  ) );
#18635 = PCURVE('',#16563,#18636);
#18636 = DEFINITIONAL_REPRESENTATION('',(#18637),#18641);
#18637 = LINE('',#18638,#18639);
#18638 = CARTESIAN_POINT('',(0.,0.));
#18639 = VECTOR('',#18640,1.);
#18640 = DIRECTION('',(1.,0.));
#18641 = ( GEOMETRIC_REPRESENTATION_CONTEXT(2) 
PARAMETRIC_REPRESENTATION_CONTEXT() REPRESENTATION_CONTEXT('2D SPACE',''
  ) );
#18642 = ORIENTED_EDGE('',*,*,#18643,.T.);
#18643 = EDGE_CURVE('',#18620,#18431,#18644,.T.);
#18644 = SURFACE_CURVE('',#18645,(#18649,#18656),.PCURVE_S1.);
#18645 = LINE('',#18646,#18647);
#18646 = CARTESIAN_POINT('',(0.675,-0.181813366389,6.541154699934E-02));
#18647 = VECTOR('',#18648,1.);
#18648 = DIRECTION('',(5.200494915182E-17,0.973868596229,0.227112212966)
  );
#18649 = PCURVE('',#14772,#18650);
#18650 = DEFINITIONAL_REPRESENTATION('',(#18651),#18655);
#18651 = LINE('',#18652,#18653);
#18652 = CARTESIAN_POINT('',(-0.302592441787,-0.105088684016));
#18653 = VECTOR('',#18654,1.);
#18654 = DIRECTION('',(0.973868596229,0.227112212966));
#18655 = ( GEOMETRIC_REPRESENTATION_CONTEXT(2) 
PARAMETRIC_REPRESENTATION_CONTEXT() REPRESENTATION_CONTEXT('2D SPACE',''
  ) );
#18656 = PCURVE('',#16534,#18657);
#18657 = DEFINITIONAL_REPRESENTATION('',(#18658),#18662);
#18658 = LINE('',#18659,#18660);
#18659 = CARTESIAN_POINT('',(0.,0.));
#18660 = VECTOR('',#18661,1.);
#18661 = DIRECTION('',(1.,-3.697785493223E-32));
#18662 = ( GEOMETRIC_REPRESENTATION_CONTEXT(2) 
PARAMETRIC_REPRESENTATION_CONTEXT() REPRESENTATION_CONTEXT('2D SPACE',''
  ) );
#18663 = ORIENTED_EDGE('',*,*,#18430,.F.);
#18664 = ADVANCED_FACE('',(#18665),#16534,.T.);
#18665 = FACE_BOUND('',#18666,.T.);
#18666 = EDGE_LOOP('',(#18667,#18688,#18689,#18690));
#18667 = ORIENTED_EDGE('',*,*,#18668,.T.);
#18668 = EDGE_CURVE('',#18620,#16519,#18669,.T.);
#18669 = SURFACE_CURVE('',#18670,(#18674,#18681),.PCURVE_S1.);
#18670 = LINE('',#18671,#18672);
#18671 = CARTESIAN_POINT('',(0.675,-0.181813366389,6.541154699934E-02));
#18672 = VECTOR('',#18673,1.);
#18673 = DIRECTION('',(1.,-5.243344273594E-32,-2.289834988289E-16));
#18674 = PCURVE('',#16534,#18675);
#18675 = DEFINITIONAL_REPRESENTATION('',(#18676),#18680);
#18676 = LINE('',#18677,#18678);
#18677 = CARTESIAN_POINT('',(0.,0.));
#18678 = VECTOR('',#18679,1.);
#18679 = DIRECTION('',(-9.244463733059E-32,-1.));
#18680 = ( GEOMETRIC_REPRESENTATION_CONTEXT(2) 
PARAMETRIC_REPRESENTATION_CONTEXT() REPRESENTATION_CONTEXT('2D SPACE',''
  ) );
#18681 = PCURVE('',#16563,#18682);
#18682 = DEFINITIONAL_REPRESENTATION('',(#18683),#18687);
#18683 = LINE('',#18684,#18685);
#18684 = CARTESIAN_POINT('',(1.799907705522,0.));
#18685 = VECTOR('',#18686,1.);
#18686 = DIRECTION('',(0.,1.));
#18687 = ( GEOMETRIC_REPRESENTATION_CONTEXT(2) 
PARAMETRIC_REPRESENTATION_CONTEXT() REPRESENTATION_CONTEXT('2D SPACE',''
  ) );
#18688 = ORIENTED_EDGE('',*,*,#16518,.T.);
#18689 = ORIENTED_EDGE('',*,*,#18453,.T.);
#18690 = ORIENTED_EDGE('',*,*,#18643,.F.);
#18691 = ADVANCED_FACE('',(#18692),#16563,.T.);
#18692 = FACE_BOUND('',#18693,.T.);
#18693 = EDGE_LOOP('',(#18694,#18715,#18716,#18717));
#18694 = ORIENTED_EDGE('',*,*,#18695,.T.);
#18695 = EDGE_CURVE('',#18597,#16547,#18696,.T.);
#18696 = SURFACE_CURVE('',#18697,(#18701,#18708),.PCURVE_S1.);
#18697 = LINE('',#18698,#18699);
#18698 = CARTESIAN_POINT('',(0.675,-0.205,3.619548911246E-02));
#18699 = VECTOR('',#18700,1.);
#18700 = DIRECTION('',(1.,-5.243344273594E-32,-2.289834988289E-16));
#18701 = PCURVE('',#16563,#18702);
#18702 = DEFINITIONAL_REPRESENTATION('',(#18703),#18707);
#18703 = LINE('',#18704,#18705);
#18704 = CARTESIAN_POINT('',(3.14159265359,0.));
#18705 = VECTOR('',#18706,1.);
#18706 = DIRECTION('',(0.,1.));
#18707 = ( GEOMETRIC_REPRESENTATION_CONTEXT(2) 
PARAMETRIC_REPRESENTATION_CONTEXT() REPRESENTATION_CONTEXT('2D SPACE',''
  ) );
#18708 = PCURVE('',#16591,#18709);
#18709 = DEFINITIONAL_REPRESENTATION('',(#18710),#18714);
#18710 = LINE('',#18711,#18712);
#18711 = CARTESIAN_POINT('',(3.619548911246E-02,8.288169738796E-18));
#18712 = VECTOR('',#18713,1.);
#18713 = DIRECTION('',(0.,-1.));
#18714 = ( GEOMETRIC_REPRESENTATION_CONTEXT(2) 
PARAMETRIC_REPRESENTATION_CONTEXT() REPRESENTATION_CONTEXT('2D SPACE',''
  ) );
#18715 = ORIENTED_EDGE('',*,*,#16546,.F.);
#18716 = ORIENTED_EDGE('',*,*,#18668,.F.);
#18717 = ORIENTED_EDGE('',*,*,#18619,.T.);
#18718 = ADVANCED_FACE('',(#18719),#16591,.T.);
#18719 = FACE_BOUND('',#18720,.T.);
#18720 = EDGE_LOOP('',(#18721,#18722,#18743,#18744));
#18721 = ORIENTED_EDGE('',*,*,#18596,.F.);
#18722 = ORIENTED_EDGE('',*,*,#18723,.T.);
#18723 = EDGE_CURVE('',#18574,#16576,#18724,.T.);
#18724 = SURFACE_CURVE('',#18725,(#18729,#18736),.PCURVE_S1.);
#18725 = LINE('',#18726,#18727);
#18726 = CARTESIAN_POINT('',(0.675,-0.205,-9.992007221626E-16));
#18727 = VECTOR('',#18728,1.);
#18728 = DIRECTION('',(1.,-5.243344273594E-32,-2.289834988289E-16));
#18729 = PCURVE('',#16591,#18730);
#18730 = DEFINITIONAL_REPRESENTATION('',(#18731),#18735);
#18731 = LINE('',#18732,#18733);
#18732 = CARTESIAN_POINT('',(0.,0.));
#18733 = VECTOR('',#18734,1.);
#18734 = DIRECTION('',(0.,-1.));
#18735 = ( GEOMETRIC_REPRESENTATION_CONTEXT(2) 
PARAMETRIC_REPRESENTATION_CONTEXT() REPRESENTATION_CONTEXT('2D SPACE',''
  ) );
#18736 = PCURVE('',#16619,#18737);
#18737 = DEFINITIONAL_REPRESENTATION('',(#18738),#18742);
#18738 = LINE('',#18739,#18740);
#18739 = CARTESIAN_POINT('',(0.33,5.473822126269E-48));
#18740 = VECTOR('',#18741,1.);
#18741 = DIRECTION('',(-2.080052407982E-46,-1.));
#18742 = ( GEOMETRIC_REPRESENTATION_CONTEXT(2) 
PARAMETRIC_REPRESENTATION_CONTEXT() REPRESENTATION_CONTEXT('2D SPACE',''
  ) );
#18743 = ORIENTED_EDGE('',*,*,#16575,.T.);
#18744 = ORIENTED_EDGE('',*,*,#18695,.F.);
#18745 = ADVANCED_FACE('',(#18746),#16619,.T.);
#18746 = FACE_BOUND('',#18747,.T.);
#18747 = EDGE_LOOP('',(#18748,#18769,#18770,#18771));
#18748 = ORIENTED_EDGE('',*,*,#18749,.T.);
#18749 = EDGE_CURVE('',#18551,#16604,#18750,.T.);
#18750 = SURFACE_CURVE('',#18751,(#18755,#18762),.PCURVE_S1.);
#18751 = LINE('',#18752,#18753);
#18752 = CARTESIAN_POINT('',(0.675,0.125,-1.110223024625E-15));
#18753 = VECTOR('',#18754,1.);
#18754 = DIRECTION('',(1.,-5.243344273594E-32,-2.289834988289E-16));
#18755 = PCURVE('',#16619,#18756);
#18756 = DEFINITIONAL_REPRESENTATION('',(#18757),#18761);
#18757 = LINE('',#18758,#18759);
#18758 = CARTESIAN_POINT('',(0.,0.));
#18759 = VECTOR('',#18760,1.);
#18760 = DIRECTION('',(-2.080052407982E-46,-1.));
#18761 = ( GEOMETRIC_REPRESENTATION_CONTEXT(2) 
PARAMETRIC_REPRESENTATION_CONTEXT() REPRESENTATION_CONTEXT('2D SPACE',''
  ) );
#18762 = PCURVE('',#16647,#18763);
#18763 = DEFINITIONAL_REPRESENTATION('',(#18764),#18768);
#18764 = LINE('',#18765,#18766);
#18765 = CARTESIAN_POINT('',(7.071067811866E-02,-1.144917494145E-17));
#18766 = VECTOR('',#18767,1.);
#18767 = DIRECTION('',(2.465190328816E-32,-1.));
#18768 = ( GEOMETRIC_REPRESENTATION_CONTEXT(2) 
PARAMETRIC_REPRESENTATION_CONTEXT() REPRESENTATION_CONTEXT('2D SPACE',''
  ) );
#18769 = ORIENTED_EDGE('',*,*,#16603,.T.);
#18770 = ORIENTED_EDGE('',*,*,#18723,.F.);
#18771 = ORIENTED_EDGE('',*,*,#18573,.T.);
#18772 = ADVANCED_FACE('',(#18773),#16647,.T.);
#18773 = FACE_BOUND('',#18774,.T.);
#18774 = EDGE_LOOP('',(#18775,#18796,#18797,#18798));
#18775 = ORIENTED_EDGE('',*,*,#18776,.T.);
#18776 = EDGE_CURVE('',#18528,#16632,#18777,.T.);
#18777 = SURFACE_CURVE('',#18778,(#18782,#18789),.PCURVE_S1.);
#18778 = LINE('',#18779,#18780);
#18779 = CARTESIAN_POINT('',(0.675,0.175,5.E-02));
#18780 = VECTOR('',#18781,1.);
#18781 = DIRECTION('',(1.,-5.243344273594E-32,-2.289834988289E-16));
#18782 = PCURVE('',#16647,#18783);
#18783 = DEFINITIONAL_REPRESENTATION('',(#18784),#18788);
#18784 = LINE('',#18785,#18786);
#18785 = CARTESIAN_POINT('',(-0.,0.));
#18786 = VECTOR('',#18787,1.);
#18787 = DIRECTION('',(2.465190328816E-32,-1.));
#18788 = ( GEOMETRIC_REPRESENTATION_CONTEXT(2) 
PARAMETRIC_REPRESENTATION_CONTEXT() REPRESENTATION_CONTEXT('2D SPACE',''
  ) );
#18789 = PCURVE('',#16675,#18790);
#18790 = DEFINITIONAL_REPRESENTATION('',(#18791),#18795);
#18791 = LINE('',#18792,#18793);
#18792 = CARTESIAN_POINT('',(6.E-02,-1.373900992974E-17));
#18793 = VECTOR('',#18794,1.);
#18794 = DIRECTION('',(0.,-1.));
#18795 = ( GEOMETRIC_REPRESENTATION_CONTEXT(2) 
PARAMETRIC_REPRESENTATION_CONTEXT() REPRESENTATION_CONTEXT('2D SPACE',''
  ) );
#18796 = ORIENTED_EDGE('',*,*,#16631,.T.);
#18797 = ORIENTED_EDGE('',*,*,#18749,.F.);
#18798 = ORIENTED_EDGE('',*,*,#18550,.F.);
#18799 = ADVANCED_FACE('',(#18800),#16675,.T.);
#18800 = FACE_BOUND('',#18801,.T.);
#18801 = EDGE_LOOP('',(#18802,#18823,#18824,#18825));
#18802 = ORIENTED_EDGE('',*,*,#18803,.T.);
#18803 = EDGE_CURVE('',#18504,#16660,#18804,.T.);
#18804 = SURFACE_CURVE('',#18805,(#18809,#18816),.PCURVE_S1.);
#18805 = LINE('',#18806,#18807);
#18806 = CARTESIAN_POINT('',(0.675,0.175,0.11));
#18807 = VECTOR('',#18808,1.);
#18808 = DIRECTION('',(1.,-5.243344273594E-32,-2.289834988289E-16));
#18809 = PCURVE('',#16675,#18810);
#18810 = DEFINITIONAL_REPRESENTATION('',(#18811),#18815);
#18811 = LINE('',#18812,#18813);
#18812 = CARTESIAN_POINT('',(-0.,0.));
#18813 = VECTOR('',#18814,1.);
#18814 = DIRECTION('',(0.,-1.));
#18815 = ( GEOMETRIC_REPRESENTATION_CONTEXT(2) 
PARAMETRIC_REPRESENTATION_CONTEXT() REPRESENTATION_CONTEXT('2D SPACE',''
  ) );
#18816 = PCURVE('',#16704,#18817);
#18817 = DEFINITIONAL_REPRESENTATION('',(#18818),#18822);
#18818 = LINE('',#18819,#18820);
#18819 = CARTESIAN_POINT('',(3.14159265359,0.));
#18820 = VECTOR('',#18821,1.);
#18821 = DIRECTION('',(0.,1.));
#18822 = ( GEOMETRIC_REPRESENTATION_CONTEXT(2) 
PARAMETRIC_REPRESENTATION_CONTEXT() REPRESENTATION_CONTEXT('2D SPACE',''
  ) );
#18823 = ORIENTED_EDGE('',*,*,#16659,.T.);
#18824 = ORIENTED_EDGE('',*,*,#18776,.F.);
#18825 = ORIENTED_EDGE('',*,*,#18527,.F.);
#18826 = ADVANCED_FACE('',(#18827),#16704,.F.);
#18827 = FACE_BOUND('',#18828,.F.);
#18828 = EDGE_LOOP('',(#18829,#18830,#18831,#18832));
#18829 = ORIENTED_EDGE('',*,*,#18503,.T.);
#18830 = ORIENTED_EDGE('',*,*,#18803,.T.);
#18831 = ORIENTED_EDGE('',*,*,#16687,.F.);
#18832 = ORIENTED_EDGE('',*,*,#18833,.F.);
#18833 = EDGE_CURVE('',#18481,#16688,#18834,.T.);
#18834 = SURFACE_CURVE('',#18835,(#18839,#18846),.PCURVE_S1.);
#18835 = LINE('',#18836,#18837);
#18836 = CARTESIAN_POINT('',(0.675,0.225,0.16));
#18837 = VECTOR('',#18838,1.);
#18838 = DIRECTION('',(1.,-5.243344273594E-32,-2.289834988289E-16));
#18839 = PCURVE('',#16704,#18840);
#18840 = DEFINITIONAL_REPRESENTATION('',(#18841),#18845);
#18841 = LINE('',#18842,#18843);
#18842 = CARTESIAN_POINT('',(1.570796326795,0.));
#18843 = VECTOR('',#18844,1.);
#18844 = DIRECTION('',(0.,1.));
#18845 = ( GEOMETRIC_REPRESENTATION_CONTEXT(2) 
PARAMETRIC_REPRESENTATION_CONTEXT() REPRESENTATION_CONTEXT('2D SPACE',''
  ) );
#18846 = PCURVE('',#14744,#18847);
#18847 = DEFINITIONAL_REPRESENTATION('',(#18848),#18852);
#18848 = LINE('',#18849,#18850);
#18849 = CARTESIAN_POINT('',(0.15,-3.434752482434E-17));
#18850 = VECTOR('',#18851,1.);
#18851 = DIRECTION('',(0.,-1.));
#18852 = ( GEOMETRIC_REPRESENTATION_CONTEXT(2) 
PARAMETRIC_REPRESENTATION_CONTEXT() REPRESENTATION_CONTEXT('2D SPACE',''
  ) );
#18853 = ADVANCED_FACE('',(#18854),#14744,.T.);
#18854 = FACE_BOUND('',#18855,.T.);
#18855 = EDGE_LOOP('',(#18856,#18857,#18858,#18859));
#18856 = ORIENTED_EDGE('',*,*,#14728,.T.);
#18857 = ORIENTED_EDGE('',*,*,#16716,.T.);
#18858 = ORIENTED_EDGE('',*,*,#18833,.F.);
#18859 = ORIENTED_EDGE('',*,*,#18480,.T.);
#18860 = ADVANCED_FACE('',(#18861),#9756,.T.);
#18861 = FACE_BOUND('',#18862,.T.);
#18862 = EDGE_LOOP('',(#18863,#18864,#18865,#18866));
#18863 = ORIENTED_EDGE('',*,*,#18374,.F.);
#18864 = ORIENTED_EDGE('',*,*,#16808,.F.);
#18865 = ORIENTED_EDGE('',*,*,#9740,.F.);
#18866 = ORIENTED_EDGE('',*,*,#18303,.T.);
#18867 = ADVANCED_FACE('',(#18868),#14851,.T.);
#18868 = FACE_BOUND('',#18869,.T.);
#18869 = EDGE_LOOP('',(#18870,#18871,#18872,#18893));
#18870 = ORIENTED_EDGE('',*,*,#14835,.T.);
#18871 = ORIENTED_EDGE('',*,*,#17985,.T.);
#18872 = ORIENTED_EDGE('',*,*,#18873,.F.);
#18873 = EDGE_CURVE('',#17501,#17962,#18874,.T.);
#18874 = SURFACE_CURVE('',#18875,(#18879,#18886),.PCURVE_S1.);
#18875 = LINE('',#18876,#18877);
#18876 = CARTESIAN_POINT('',(0.175,0.225,0.16));
#18877 = VECTOR('',#18878,1.);
#18878 = DIRECTION('',(1.,-5.243344273594E-32,-2.289834988289E-16));
#18879 = PCURVE('',#14851,#18880);
#18880 = DEFINITIONAL_REPRESENTATION('',(#18881),#18885);
#18881 = LINE('',#18882,#18883);
#18882 = CARTESIAN_POINT('',(0.15,-3.434752482434E-17));
#18883 = VECTOR('',#18884,1.);
#18884 = DIRECTION('',(0.,-1.));
#18885 = ( GEOMETRIC_REPRESENTATION_CONTEXT(2) 
PARAMETRIC_REPRESENTATION_CONTEXT() REPRESENTATION_CONTEXT('2D SPACE',''
  ) );
#18886 = PCURVE('',#17540,#18887);
#18887 = DEFINITIONAL_REPRESENTATION('',(#18888),#18892);
#18888 = LINE('',#18889,#18890);
#18889 = CARTESIAN_POINT('',(1.570796326795,0.));
#18890 = VECTOR('',#18891,1.);
#18891 = DIRECTION('',(0.,1.));
#18892 = ( GEOMETRIC_REPRESENTATION_CONTEXT(2) 
PARAMETRIC_REPRESENTATION_CONTEXT() REPRESENTATION_CONTEXT('2D SPACE',''
  ) );
#18893 = ORIENTED_EDGE('',*,*,#17500,.T.);
#18894 = ADVANCED_FACE('',(#18895),#17540,.F.);
#18895 = FACE_BOUND('',#18896,.F.);
#18896 = EDGE_LOOP('',(#18897,#18898,#18919,#18920));
#18897 = ORIENTED_EDGE('',*,*,#17523,.T.);
#18898 = ORIENTED_EDGE('',*,*,#18899,.T.);
#18899 = EDGE_CURVE('',#17524,#17939,#18900,.T.);
#18900 = SURFACE_CURVE('',#18901,(#18905,#18912),.PCURVE_S1.);
#18901 = LINE('',#18902,#18903);
#18902 = CARTESIAN_POINT('',(0.175,0.175,0.11));
#18903 = VECTOR('',#18904,1.);
#18904 = DIRECTION('',(1.,-5.243344273594E-32,-2.289834988289E-16));
#18905 = PCURVE('',#17540,#18906);
#18906 = DEFINITIONAL_REPRESENTATION('',(#18907),#18911);
#18907 = LINE('',#18908,#18909);
#18908 = CARTESIAN_POINT('',(3.14159265359,0.));
#18909 = VECTOR('',#18910,1.);
#18910 = DIRECTION('',(0.,1.));
#18911 = ( GEOMETRIC_REPRESENTATION_CONTEXT(2) 
PARAMETRIC_REPRESENTATION_CONTEXT() REPRESENTATION_CONTEXT('2D SPACE',''
  ) );
#18912 = PCURVE('',#17568,#18913);
#18913 = DEFINITIONAL_REPRESENTATION('',(#18914),#18918);
#18914 = LINE('',#18915,#18916);
#18915 = CARTESIAN_POINT('',(-0.,0.));
#18916 = VECTOR('',#18917,1.);
#18917 = DIRECTION('',(0.,-1.));
#18918 = ( GEOMETRIC_REPRESENTATION_CONTEXT(2) 
PARAMETRIC_REPRESENTATION_CONTEXT() REPRESENTATION_CONTEXT('2D SPACE',''
  ) );
#18919 = ORIENTED_EDGE('',*,*,#17961,.F.);
#18920 = ORIENTED_EDGE('',*,*,#18873,.F.);
#18921 = ADVANCED_FACE('',(#18922),#17568,.T.);
#18922 = FACE_BOUND('',#18923,.T.);
#18923 = EDGE_LOOP('',(#18924,#18925,#18926,#18947));
#18924 = ORIENTED_EDGE('',*,*,#18899,.T.);
#18925 = ORIENTED_EDGE('',*,*,#17938,.T.);
#18926 = ORIENTED_EDGE('',*,*,#18927,.F.);
#18927 = EDGE_CURVE('',#17553,#17916,#18928,.T.);
#18928 = SURFACE_CURVE('',#18929,(#18933,#18940),.PCURVE_S1.);
#18929 = LINE('',#18930,#18931);
#18930 = CARTESIAN_POINT('',(0.175,0.175,5.E-02));
#18931 = VECTOR('',#18932,1.);
#18932 = DIRECTION('',(1.,-5.243344273594E-32,-2.289834988289E-16));
#18933 = PCURVE('',#17568,#18934);
#18934 = DEFINITIONAL_REPRESENTATION('',(#18935),#18939);
#18935 = LINE('',#18936,#18937);
#18936 = CARTESIAN_POINT('',(6.E-02,-1.373900992974E-17));
#18937 = VECTOR('',#18938,1.);
#18938 = DIRECTION('',(0.,-1.));
#18939 = ( GEOMETRIC_REPRESENTATION_CONTEXT(2) 
PARAMETRIC_REPRESENTATION_CONTEXT() REPRESENTATION_CONTEXT('2D SPACE',''
  ) );
#18940 = PCURVE('',#17596,#18941);
#18941 = DEFINITIONAL_REPRESENTATION('',(#18942),#18946);
#18942 = LINE('',#18943,#18944);
#18943 = CARTESIAN_POINT('',(-0.,0.));
#18944 = VECTOR('',#18945,1.);
#18945 = DIRECTION('',(2.465190328816E-32,-1.));
#18946 = ( GEOMETRIC_REPRESENTATION_CONTEXT(2) 
PARAMETRIC_REPRESENTATION_CONTEXT() REPRESENTATION_CONTEXT('2D SPACE',''
  ) );
#18947 = ORIENTED_EDGE('',*,*,#17552,.F.);
#18948 = ADVANCED_FACE('',(#18949),#17596,.T.);
#18949 = FACE_BOUND('',#18950,.T.);
#18950 = EDGE_LOOP('',(#18951,#18952,#18953,#18974));
#18951 = ORIENTED_EDGE('',*,*,#18927,.T.);
#18952 = ORIENTED_EDGE('',*,*,#17915,.T.);
#18953 = ORIENTED_EDGE('',*,*,#18954,.F.);
#18954 = EDGE_CURVE('',#17581,#17893,#18955,.T.);
#18955 = SURFACE_CURVE('',#18956,(#18960,#18967),.PCURVE_S1.);
#18956 = LINE('',#18957,#18958);
#18957 = CARTESIAN_POINT('',(0.175,0.125,-9.992007221626E-16));
#18958 = VECTOR('',#18959,1.);
#18959 = DIRECTION('',(1.,-5.243344273594E-32,-2.289834988289E-16));
#18960 = PCURVE('',#17596,#18961);
#18961 = DEFINITIONAL_REPRESENTATION('',(#18962),#18966);
#18962 = LINE('',#18963,#18964);
#18963 = CARTESIAN_POINT('',(7.071067811866E-02,-1.144917494145E-17));
#18964 = VECTOR('',#18965,1.);
#18965 = DIRECTION('',(2.465190328816E-32,-1.));
#18966 = ( GEOMETRIC_REPRESENTATION_CONTEXT(2) 
PARAMETRIC_REPRESENTATION_CONTEXT() REPRESENTATION_CONTEXT('2D SPACE',''
  ) );
#18967 = PCURVE('',#17624,#18968);
#18968 = DEFINITIONAL_REPRESENTATION('',(#18969),#18973);
#18969 = LINE('',#18970,#18971);
#18970 = CARTESIAN_POINT('',(0.,0.));
#18971 = VECTOR('',#18972,1.);
#18972 = DIRECTION('',(-2.080052407982E-46,-1.));
#18973 = ( GEOMETRIC_REPRESENTATION_CONTEXT(2) 
PARAMETRIC_REPRESENTATION_CONTEXT() REPRESENTATION_CONTEXT('2D SPACE',''
  ) );
#18974 = ORIENTED_EDGE('',*,*,#17580,.F.);
#18975 = ADVANCED_FACE('',(#18976),#17624,.T.);
#18976 = FACE_BOUND('',#18977,.T.);
#18977 = EDGE_LOOP('',(#18978,#18979,#18980,#19001));
#18978 = ORIENTED_EDGE('',*,*,#18954,.T.);
#18979 = ORIENTED_EDGE('',*,*,#17892,.T.);
#18980 = ORIENTED_EDGE('',*,*,#18981,.F.);
#18981 = EDGE_CURVE('',#17609,#17870,#18982,.T.);
#18982 = SURFACE_CURVE('',#18983,(#18987,#18994),.PCURVE_S1.);
#18983 = LINE('',#18984,#18985);
#18984 = CARTESIAN_POINT('',(0.175,-0.205,-8.881784197001E-16));
#18985 = VECTOR('',#18986,1.);
#18986 = DIRECTION('',(1.,-5.243344273594E-32,-2.289834988289E-16));
#18987 = PCURVE('',#17624,#18988);
#18988 = DEFINITIONAL_REPRESENTATION('',(#18989),#18993);
#18989 = LINE('',#18990,#18991);
#18990 = CARTESIAN_POINT('',(0.33,5.473822126269E-48));
#18991 = VECTOR('',#18992,1.);
#18992 = DIRECTION('',(-2.080052407982E-46,-1.));
#18993 = ( GEOMETRIC_REPRESENTATION_CONTEXT(2) 
PARAMETRIC_REPRESENTATION_CONTEXT() REPRESENTATION_CONTEXT('2D SPACE',''
  ) );
#18994 = PCURVE('',#17652,#18995);
#18995 = DEFINITIONAL_REPRESENTATION('',(#18996),#19000);
#18996 = LINE('',#18997,#18998);
#18997 = CARTESIAN_POINT('',(0.,0.));
#18998 = VECTOR('',#18999,1.);
#18999 = DIRECTION('',(0.,-1.));
#19000 = ( GEOMETRIC_REPRESENTATION_CONTEXT(2) 
PARAMETRIC_REPRESENTATION_CONTEXT() REPRESENTATION_CONTEXT('2D SPACE',''
  ) );
#19001 = ORIENTED_EDGE('',*,*,#17608,.T.);
#19002 = ADVANCED_FACE('',(#19003),#17652,.T.);
#19003 = FACE_BOUND('',#19004,.T.);
#19004 = EDGE_LOOP('',(#19005,#19006,#19007,#19008));
#19005 = ORIENTED_EDGE('',*,*,#17636,.F.);
#19006 = ORIENTED_EDGE('',*,*,#18981,.T.);
#19007 = ORIENTED_EDGE('',*,*,#17869,.T.);
#19008 = ORIENTED_EDGE('',*,*,#19009,.F.);
#19009 = EDGE_CURVE('',#17637,#17846,#19010,.T.);
#19010 = SURFACE_CURVE('',#19011,(#19015,#19022),.PCURVE_S1.);
#19011 = LINE('',#19012,#19013);
#19012 = CARTESIAN_POINT('',(0.175,-0.205,3.619548911246E-02));
#19013 = VECTOR('',#19014,1.);
#19014 = DIRECTION('',(1.,-5.243344273594E-32,-2.289834988289E-16));
#19015 = PCURVE('',#17652,#19016);
#19016 = DEFINITIONAL_REPRESENTATION('',(#19017),#19021);
#19017 = LINE('',#19018,#19019);
#19018 = CARTESIAN_POINT('',(3.619548911246E-02,8.288169738796E-18));
#19019 = VECTOR('',#19020,1.);
#19020 = DIRECTION('',(0.,-1.));
#19021 = ( GEOMETRIC_REPRESENTATION_CONTEXT(2) 
PARAMETRIC_REPRESENTATION_CONTEXT() REPRESENTATION_CONTEXT('2D SPACE',''
  ) );
#19022 = PCURVE('',#17681,#19023);
#19023 = DEFINITIONAL_REPRESENTATION('',(#19024),#19028);
#19024 = LINE('',#19025,#19026);
#19025 = CARTESIAN_POINT('',(3.14159265359,0.));
#19026 = VECTOR('',#19027,1.);
#19027 = DIRECTION('',(0.,1.));
#19028 = ( GEOMETRIC_REPRESENTATION_CONTEXT(2) 
PARAMETRIC_REPRESENTATION_CONTEXT() REPRESENTATION_CONTEXT('2D SPACE',''
  ) );
#19029 = ADVANCED_FACE('',(#19030),#17681,.T.);
#19030 = FACE_BOUND('',#19031,.T.);
#19031 = EDGE_LOOP('',(#19032,#19033,#19034,#19055));
#19032 = ORIENTED_EDGE('',*,*,#19009,.T.);
#19033 = ORIENTED_EDGE('',*,*,#17845,.F.);
#19034 = ORIENTED_EDGE('',*,*,#19035,.F.);
#19035 = EDGE_CURVE('',#17665,#17823,#19036,.T.);
#19036 = SURFACE_CURVE('',#19037,(#19041,#19048),.PCURVE_S1.);
#19037 = LINE('',#19038,#19039);
#19038 = CARTESIAN_POINT('',(0.175,-0.181813366389,6.541154699934E-02));
#19039 = VECTOR('',#19040,1.);
#19040 = DIRECTION('',(1.,-5.243344273594E-32,-2.289834988289E-16));
#19041 = PCURVE('',#17681,#19042);
#19042 = DEFINITIONAL_REPRESENTATION('',(#19043),#19047);
#19043 = LINE('',#19044,#19045);
#19044 = CARTESIAN_POINT('',(1.799907705522,-2.775557561563E-17));
#19045 = VECTOR('',#19046,1.);
#19046 = DIRECTION('',(0.,1.));
#19047 = ( GEOMETRIC_REPRESENTATION_CONTEXT(2) 
PARAMETRIC_REPRESENTATION_CONTEXT() REPRESENTATION_CONTEXT('2D SPACE',''
  ) );
#19048 = PCURVE('',#17709,#19049);
#19049 = DEFINITIONAL_REPRESENTATION('',(#19050),#19054);
#19050 = LINE('',#19051,#19052);
#19051 = CARTESIAN_POINT('',(0.,0.));
#19052 = VECTOR('',#19053,1.);
#19053 = DIRECTION('',(-9.244463733059E-32,-1.));
#19054 = ( GEOMETRIC_REPRESENTATION_CONTEXT(2) 
PARAMETRIC_REPRESENTATION_CONTEXT() REPRESENTATION_CONTEXT('2D SPACE',''
  ) );
#19055 = ORIENTED_EDGE('',*,*,#17664,.T.);
#19056 = ADVANCED_FACE('',(#19057),#17709,.T.);
#19057 = FACE_BOUND('',#19058,.T.);
#19058 = EDGE_LOOP('',(#19059,#19060,#19061,#19062));
#19059 = ORIENTED_EDGE('',*,*,#19035,.T.);
#19060 = ORIENTED_EDGE('',*,*,#17822,.T.);
#19061 = ORIENTED_EDGE('',*,*,#17774,.T.);
#19062 = ORIENTED_EDGE('',*,*,#17693,.F.);
#19063 = ADVANCED_FACE('',(#19064),#9532,.T.);
#19064 = FACE_BOUND('',#19065,.T.);
#19065 = EDGE_LOOP('',(#19066,#19067,#19068,#19069));
#19066 = ORIENTED_EDGE('',*,*,#11502,.F.);
#19067 = ORIENTED_EDGE('',*,*,#17471,.F.);
#19068 = ORIENTED_EDGE('',*,*,#9516,.F.);
#19069 = ORIENTED_EDGE('',*,*,#11910,.T.);
#19070 = ADVANCED_FACE('',(#19071),#9885,.T.);
#19071 = FACE_BOUND('',#19072,.T.);
#19072 = EDGE_LOOP('',(#19073,#19098,#19119,#19120));
#19073 = ORIENTED_EDGE('',*,*,#19074,.F.);
#19074 = EDGE_CURVE('',#19075,#19077,#19079,.T.);
#19075 = VERTEX_POINT('',#19076);
#19076 = CARTESIAN_POINT('',(1.6,-0.205,8.E-02));
#19077 = VERTEX_POINT('',#19078);
#19078 = CARTESIAN_POINT('',(1.6,-0.125,8.E-02));
#19079 = SURFACE_CURVE('',#19080,(#19084,#19091),.PCURVE_S1.);
#19080 = LINE('',#19081,#19082);
#19081 = CARTESIAN_POINT('',(1.6,-0.430137,8.E-02));
#19082 = VECTOR('',#19083,1.);
#19083 = DIRECTION('',(-1.224606353822E-16,1.,-2.289834988289E-16));
#19084 = PCURVE('',#9885,#19085);
#19085 = DEFINITIONAL_REPRESENTATION('',(#19086),#19090);
#19086 = LINE('',#19087,#19088);
#19087 = CARTESIAN_POINT('',(-3.535533905933E-02,-0.155137));
#19088 = VECTOR('',#19089,1.);
#19089 = DIRECTION('',(8.716389750491E-16,1.));
#19090 = ( GEOMETRIC_REPRESENTATION_CONTEXT(2) 
PARAMETRIC_REPRESENTATION_CONTEXT() REPRESENTATION_CONTEXT('2D SPACE',''
  ) );
#19091 = PCURVE('',#3986,#19092);
#19092 = DEFINITIONAL_REPRESENTATION('',(#19093),#19097);
#19093 = LINE('',#19094,#19095);
#19094 = CARTESIAN_POINT('',(0.305137,6.25E-02));
#19095 = VECTOR('',#19096,1.);
#19096 = DIRECTION('',(-1.,1.224606353822E-16));
#19097 = ( GEOMETRIC_REPRESENTATION_CONTEXT(2) 
PARAMETRIC_REPRESENTATION_CONTEXT() REPRESENTATION_CONTEXT('2D SPACE',''
  ) );
#19098 = ORIENTED_EDGE('',*,*,#19099,.T.);
#19099 = EDGE_CURVE('',#19075,#9870,#19100,.T.);
#19100 = SURFACE_CURVE('',#19101,(#19105,#19112),.PCURVE_S1.);
#19101 = LINE('',#19102,#19103);
#19102 = CARTESIAN_POINT('',(1.5488325,-0.430137,2.88325E-02));
#19103 = VECTOR('',#19104,1.);
#19104 = DIRECTION('',(-0.216371161204,-0.952033109297,-0.216371161204)
  );
#19105 = PCURVE('',#9885,#19106);
#19106 = DEFINITIONAL_REPRESENTATION('',(#19107),#19111);
#19107 = LINE('',#19108,#19109);
#19108 = CARTESIAN_POINT('',(3.70064333934E-02,-0.155137));
#19109 = VECTOR('',#19110,1.);
#19110 = DIRECTION('',(0.305995030681,-0.952033109297));
#19111 = ( GEOMETRIC_REPRESENTATION_CONTEXT(2) 
PARAMETRIC_REPRESENTATION_CONTEXT() REPRESENTATION_CONTEXT('2D SPACE',''
  ) );
#19112 = PCURVE('',#4063,#19113);
#19113 = DEFINITIONAL_REPRESENTATION('',(#19114),#19118);
#19114 = LINE('',#19115,#19116);
#19115 = CARTESIAN_POINT('',(0.230878283572,0.1136675));
#19116 = VECTOR('',#19117,1.);
#19117 = DIRECTION('',(0.976311180208,0.216371161204));
#19118 = ( GEOMETRIC_REPRESENTATION_CONTEXT(2) 
PARAMETRIC_REPRESENTATION_CONTEXT() REPRESENTATION_CONTEXT('2D SPACE',''
  ) );
#19119 = ORIENTED_EDGE('',*,*,#9869,.F.);
#19120 = ORIENTED_EDGE('',*,*,#19121,.F.);
#19121 = EDGE_CURVE('',#19077,#9842,#19122,.T.);
#19122 = SURFACE_CURVE('',#19123,(#19127,#19134),.PCURVE_S1.);
#19123 = LINE('',#19124,#19125);
#19124 = CARTESIAN_POINT('',(-14.,-0.125,-15.52));
#19125 = VECTOR('',#19126,1.);
#19126 = DIRECTION('',(-0.707106781187,-1.064046335705E-16,
    -0.707106781187));
#19127 = PCURVE('',#9885,#19128);
#19128 = DEFINITIONAL_REPRESENTATION('',(#19129),#19133);
#19129 = LINE('',#19130,#19131);
#19130 = CARTESIAN_POINT('',(22.026376233961,0.15));
#19131 = VECTOR('',#19132,1.);
#19132 = DIRECTION('',(1.,-7.295350781106E-16));
#19133 = ( GEOMETRIC_REPRESENTATION_CONTEXT(2) 
PARAMETRIC_REPRESENTATION_CONTEXT() REPRESENTATION_CONTEXT('2D SPACE',''
  ) );
#19134 = PCURVE('',#9857,#19135);
#19135 = DEFINITIONAL_REPRESENTATION('',(#19136),#19140);
#19136 = LINE('',#19137,#19138);
#19137 = CARTESIAN_POINT('',(15.83,19.325));
#19138 = VECTOR('',#19139,1.);
#19139 = DIRECTION('',(0.707106781187,0.707106781187));
#19140 = ( GEOMETRIC_REPRESENTATION_CONTEXT(2) 
PARAMETRIC_REPRESENTATION_CONTEXT() REPRESENTATION_CONTEXT('2D SPACE',''
  ) );
#19141 = ADVANCED_FACE('',(#19142),#4063,.T.);
#19142 = FACE_BOUND('',#19143,.T.);
#19143 = EDGE_LOOP('',(#19144,#19145,#19146,#19167));
#19144 = ORIENTED_EDGE('',*,*,#9897,.T.);
#19145 = ORIENTED_EDGE('',*,*,#19099,.F.);
#19146 = ORIENTED_EDGE('',*,*,#19147,.F.);
#19147 = EDGE_CURVE('',#3966,#19075,#19148,.T.);
#19148 = SURFACE_CURVE('',#19149,(#19153,#19160),.PCURVE_S1.);
#19149 = LINE('',#19150,#19151);
#19150 = CARTESIAN_POINT('',(-14.,-0.205,8.E-02));
#19151 = VECTOR('',#19152,1.);
#19152 = DIRECTION('',(-1.,5.243344273594E-32,2.289834988289E-16));
#19153 = PCURVE('',#4063,#19154);
#19154 = DEFINITIONAL_REPRESENTATION('',(#19155),#19159);
#19155 = LINE('',#19156,#19157);
#19156 = CARTESIAN_POINT('',(-2.881462727102E-17,15.6625));
#19157 = VECTOR('',#19158,1.);
#19158 = DIRECTION('',(-1.848892746612E-31,1.));
#19159 = ( GEOMETRIC_REPRESENTATION_CONTEXT(2) 
PARAMETRIC_REPRESENTATION_CONTEXT() REPRESENTATION_CONTEXT('2D SPACE',''
  ) );
#19160 = PCURVE('',#3986,#19161);
#19161 = DEFINITIONAL_REPRESENTATION('',(#19162),#19166);
#19162 = LINE('',#19163,#19164);
#19163 = CARTESIAN_POINT('',(8.E-02,15.6625));
#19164 = VECTOR('',#19165,1.);
#19165 = DIRECTION('',(2.080052407982E-46,1.));
#19166 = ( GEOMETRIC_REPRESENTATION_CONTEXT(2) 
PARAMETRIC_REPRESENTATION_CONTEXT() REPRESENTATION_CONTEXT('2D SPACE',''
  ) );
#19167 = ORIENTED_EDGE('',*,*,#4049,.F.);
#19168 = ADVANCED_FACE('',(#19169),#3986,.T.);
#19169 = FACE_BOUND('',#19170,.T.);
#19170 = EDGE_LOOP('',(#19171,#19172,#19173,#19194,#19195,#19216));
#19171 = ORIENTED_EDGE('',*,*,#19147,.T.);
#19172 = ORIENTED_EDGE('',*,*,#19074,.T.);
#19173 = ORIENTED_EDGE('',*,*,#19174,.F.);
#19174 = EDGE_CURVE('',#16012,#19077,#19175,.T.);
#19175 = SURFACE_CURVE('',#19176,(#19180,#19187),.PCURVE_S1.);
#19176 = LINE('',#19177,#19178);
#19177 = CARTESIAN_POINT('',(-14.,-0.125,8.E-02));
#19178 = VECTOR('',#19179,1.);
#19179 = DIRECTION('',(-1.,5.243344273594E-32,2.289834988289E-16));
#19180 = PCURVE('',#3986,#19181);
#19181 = DEFINITIONAL_REPRESENTATION('',(#19182),#19186);
#19182 = LINE('',#19183,#19184);
#19183 = CARTESIAN_POINT('',(8.198683773256E-31,15.6625));
#19184 = VECTOR('',#19185,1.);
#19185 = DIRECTION('',(2.080052407982E-46,1.));
#19186 = ( GEOMETRIC_REPRESENTATION_CONTEXT(2) 
PARAMETRIC_REPRESENTATION_CONTEXT() REPRESENTATION_CONTEXT('2D SPACE',''
  ) );
#19187 = PCURVE('',#9857,#19188);
#19188 = DEFINITIONAL_REPRESENTATION('',(#19189),#19193);
#19189 = LINE('',#19190,#19191);
#19190 = CARTESIAN_POINT('',(0.23,19.325));
#19191 = VECTOR('',#19192,1.);
#19192 = DIRECTION('',(0.,1.));
#19193 = ( GEOMETRIC_REPRESENTATION_CONTEXT(2) 
PARAMETRIC_REPRESENTATION_CONTEXT() REPRESENTATION_CONTEXT('2D SPACE',''
  ) );
#19194 = ORIENTED_EDGE('',*,*,#16011,.T.);
#19195 = ORIENTED_EDGE('',*,*,#19196,.F.);
#19196 = EDGE_CURVE('',#3964,#15738,#19197,.T.);
#19197 = SURFACE_CURVE('',#19198,(#19202,#19209),.PCURVE_S1.);
#19198 = LINE('',#19199,#19200);
#19199 = CARTESIAN_POINT('',(-14.,-0.125,8.E-02));
#19200 = VECTOR('',#19201,1.);
#19201 = DIRECTION('',(-1.,5.243344273594E-32,2.289834988289E-16));
#19202 = PCURVE('',#3986,#19203);
#19203 = DEFINITIONAL_REPRESENTATION('',(#19204),#19208);
#19204 = LINE('',#19205,#19206);
#19205 = CARTESIAN_POINT('',(-9.992007221626E-16,15.6625));
#19206 = VECTOR('',#19207,1.);
#19207 = DIRECTION('',(2.080052407982E-46,1.));
#19208 = ( GEOMETRIC_REPRESENTATION_CONTEXT(2) 
PARAMETRIC_REPRESENTATION_CONTEXT() REPRESENTATION_CONTEXT('2D SPACE',''
  ) );
#19209 = PCURVE('',#4014,#19210);
#19210 = DEFINITIONAL_REPRESENTATION('',(#19211),#19215);
#19211 = LINE('',#19212,#19213);
#19212 = CARTESIAN_POINT('',(0.23,16.325));
#19213 = VECTOR('',#19214,1.);
#19214 = DIRECTION('',(0.,1.));
#19215 = ( GEOMETRIC_REPRESENTATION_CONTEXT(2) 
PARAMETRIC_REPRESENTATION_CONTEXT() REPRESENTATION_CONTEXT('2D SPACE',''
  ) );
#19216 = ORIENTED_EDGE('',*,*,#3963,.T.);
#19217 = ADVANCED_FACE('',(#19218),#9857,.T.);
#19218 = FACE_BOUND('',#19219,.T.);
#19219 = EDGE_LOOP('',(#19220,#19221,#19222,#19223,#19224,#19225,#19226,
    #19227));
#19220 = ORIENTED_EDGE('',*,*,#16082,.T.);
#19221 = ORIENTED_EDGE('',*,*,#19174,.T.);
#19222 = ORIENTED_EDGE('',*,*,#19121,.T.);
#19223 = ORIENTED_EDGE('',*,*,#9841,.F.);
#19224 = ORIENTED_EDGE('',*,*,#11861,.T.);
#19225 = ORIENTED_EDGE('',*,*,#17341,.T.);
#19226 = ORIENTED_EDGE('',*,*,#14405,.F.);
#19227 = ORIENTED_EDGE('',*,*,#14604,.T.);
#19228 = ADVANCED_FACE('',(#19229),#4014,.T.);
#19229 = FACE_BOUND('',#19230,.T.);
#19230 = EDGE_LOOP('',(#19231,#19232,#19233,#19234,#19235,#19236,#19237,
    #19238));
#19231 = ORIENTED_EDGE('',*,*,#11108,.T.);
#19232 = ORIENTED_EDGE('',*,*,#8802,.F.);
#19233 = ORIENTED_EDGE('',*,*,#8538,.T.);
#19234 = ORIENTED_EDGE('',*,*,#9919,.F.);
#19235 = ORIENTED_EDGE('',*,*,#3998,.T.);
#19236 = ORIENTED_EDGE('',*,*,#19196,.T.);
#19237 = ORIENTED_EDGE('',*,*,#15987,.T.);
#19238 = ORIENTED_EDGE('',*,*,#14497,.T.);
#19239 = ADVANCED_FACE('',(#19240),#11619,.T.);
#19240 = FACE_BOUND('',#19241,.T.);
#19241 = EDGE_LOOP('',(#19242,#19243,#19244,#19245,#19246,#19247,#19248,
    #19249,#19250,#19251,#19252));
#19242 = ORIENTED_EDGE('',*,*,#11605,.T.);
#19243 = ORIENTED_EDGE('',*,*,#15713,.F.);
#19244 = ORIENTED_EDGE('',*,*,#15662,.T.);
#19245 = ORIENTED_EDGE('',*,*,#15613,.F.);
#19246 = ORIENTED_EDGE('',*,*,#15564,.T.);
#19247 = ORIENTED_EDGE('',*,*,#15515,.F.);
#19248 = ORIENTED_EDGE('',*,*,#15465,.F.);
#19249 = ORIENTED_EDGE('',*,*,#15437,.F.);
#19250 = ORIENTED_EDGE('',*,*,#15366,.T.);
#19251 = ORIENTED_EDGE('',*,*,#14452,.T.);
#19252 = ORIENTED_EDGE('',*,*,#13996,.T.);
#19253 = ( GEOMETRIC_REPRESENTATION_CONTEXT(3) 
GLOBAL_UNCERTAINTY_ASSIGNED_CONTEXT((#19257)) 
GLOBAL_UNIT_ASSIGNED_CONTEXT((#19254,#19255,#19256)) 
REPRESENTATION_CONTEXT('Context #1',
  '3D Context with UNIT and UNCERTAINTY') );
#19254 = ( LENGTH_UNIT() NAMED_UNIT(*) SI_UNIT(.MILLI.,.METRE.) );
#19255 = ( NAMED_UNIT(*) PLANE_ANGLE_UNIT() SI_UNIT($,.RADIAN.) );
#19256 = ( NAMED_UNIT(*) SI_UNIT($,.STERADIAN.) SOLID_ANGLE_UNIT() );
#19257 = UNCERTAINTY_MEASURE_WITH_UNIT(LENGTH_MEASURE(1.E-07),#19254,
  'distance_accuracy_value','confusion accuracy');
#19258 = PRODUCT_RELATED_PRODUCT_CATEGORY('part',$,(#7));
ENDSEC;
END-ISO-10303-21;
