ISO-10303-21;
HEADER;
FILE_DESCRIPTION(('Open CASCADE Model'),'2;1');
FILE_NAME('Open CASCADE Shape Model','2026-09-23T21:18:51',('Author'),(
    'Open CASCADE'),'Open CASCADE STEP processor 7.9','Open CASCADE 7.9'
  ,'Unknown');
FILE_SCHEMA(('AUTOMOTIVE_DESIGN { 1 0 10303 214 1 1 1 1 }'));
ENDSEC;
DATA;
#1 = APPLICATION_PROTOCOL_DEFINITION('international standard',
  'automotive_design',2000,#2);
#2 = APPLICATION_CONTEXT(
  'core data for automotive mechanical design processes');
#3 = SHAPE_DEFINITION_REPRESENTATION(#4,#10);
#4 = PRODUCT_DEFINITION_SHAPE('','',#5);
#5 = PRODUCT_DEFINITION('design','',#6,#9);
#6 = PRODUCT_DEFINITION_FORMATION('','',#7);
#7 = PRODUCT('Open CASCADE STEP translator 7.9 6',
  'Open CASCADE STEP translator 7.9 6','',(#8));
#8 = PRODUCT_CONTEXT('',#2,'mechanical');
#9 = PRODUCT_DEFINITION_CONTEXT('part definition',#2,'design');
#10 = SHAPE_REPRESENTATION('',(#11,#15,#19,#23),#27);
#11 = AXIS2_PLACEMENT_3D('',#12,#13,#14);
#12 = CARTESIAN_POINT('',(0.,0.,0.));
#13 = DIRECTION('',(0.,0.,1.));
#14 = DIRECTION('',(1.,0.,-0.));
#15 = AXIS2_PLACEMENT_3D('',#16,#17,#18);
#16 = CARTESIAN_POINT('',(0.,0.,0.));
#17 = DIRECTION('',(0.,0.,1.));
#18 = DIRECTION('',(1.,0.,-0.));
#19 = AXIS2_PLACEMENT_3D('',#20,#21,#22);
#20 = CARTESIAN_POINT('',(0.,0.,0.));
#21 = DIRECTION('',(0.,0.,1.));
#22 = DIRECTION('',(1.,0.,-0.));
#23 = AXIS2_PLACEMENT_3D('',#24,#25,#26);
#24 = CARTESIAN_POINT('',(0.,0.,0.));
#25 = DIRECTION('',(0.,0.,1.));
#26 = DIRECTION('',(1.,0.,-0.));
#27 = ( GEOMETRIC_REPRESENTATION_CONTEXT(3) 
GLOBAL_UNCERTAINTY_ASSIGNED_CONTEXT((#31)) GLOBAL_UNIT_ASSIGNED_CONTEXT(
(#28,#29,#30)) REPRESENTATION_CONTEXT('Context #1',
  '3D Context with UNIT and UNCERTAINTY') );
#28 = ( LENGTH_UNIT() NAMED_UNIT(*) SI_UNIT(.MILLI.,.METRE.) );
#29 = ( NAMED_UNIT(*) PLANE_ANGLE_UNIT() SI_UNIT($,.RADIAN.) );
#30 = ( NAMED_UNIT(*) SI_UNIT($,.STERADIAN.) SOLID_ANGLE_UNIT() );
#31 = UNCERTAINTY_MEASURE_WITH_UNIT(LENGTH_MEASURE(2.E-06),#28,
  'distance_accuracy_value','confusion accuracy');
#32 = PRODUCT_RELATED_PRODUCT_CATEGORY('part',$,(#7));
#33 = SHAPE_DEFINITION_REPRESENTATION(#34,#40);
#34 = PRODUCT_DEFINITION_SHAPE('','',#35);
#35 = PRODUCT_DEFINITION('design','',#36,#39);
#36 = PRODUCT_DEFINITION_FORMATION('','',#37);
#37 = PRODUCT('Open CASCADE STEP translator 7.9 6.1',
  'Open CASCADE STEP translator 7.9 6.1','',(#38));
#38 = PRODUCT_CONTEXT('',#2,'mechanical');
#39 = PRODUCT_DEFINITION_CONTEXT('part definition',#2,'design');
#40 = ADVANCED_BREP_SHAPE_REPRESENTATION('',(#11,#41),#2336);
#41 = MANIFOLD_SOLID_BREP('',#42);
#42 = CLOSED_SHELL('',(#43,#396,#534,#661,#893,#969,#995,#1044,#1070,
    #1119,#1168,#1217,#1244,#1479,#1555,#1631,#1702,#1751,#1805,#1881,
    #1980,#2030,#2056,#2082,#2187,#2193,#2199,#2205,#2256,#2330));
#43 = ADVANCED_FACE('',(#44),#59,.T.);
#44 = FACE_BOUND('',#45,.T.);
#45 = EDGE_LOOP('',(#46,#116,#155,#240,#325,#347));
#46 = ORIENTED_EDGE('',*,*,#47,.F.);
#47 = EDGE_CURVE('',#48,#50,#52,.T.);
#48 = VERTEX_POINT('',#49);
#49 = CARTESIAN_POINT('',(1.232595164408E-32,0.699999999996,
    0.265722333782));
#50 = VERTEX_POINT('',#51);
#51 = CARTESIAN_POINT('',(0.88427766622,0.699999999996,1.15));
#52 = SURFACE_CURVE('',#53,(#58,#104),.PCURVE_S1.);
#53 = CIRCLE('',#54,0.88427766622);
#54 = AXIS2_PLACEMENT_3D('',#55,#56,#57);
#55 = CARTESIAN_POINT('',(0.,0.699999999996,1.15));
#56 = DIRECTION('',(-0.,-1.,0.));
#57 = DIRECTION('',(-1.224646799147E-16,0.,1.));
#58 = PCURVE('',#59,#76);
#59 = ( BOUNDED_SURFACE() B_SPLINE_SURFACE(3,3,(
    (#60,#61,#62,#63)
    ,(#64,#65,#66,#67)
    ,(#68,#69,#70,#71)
    ,(#72,#73,#74,#75
)),.UNSPECIFIED.,.F.,.F.,.F.) B_SPLINE_SURFACE_WITH_KNOTS((4,4),(4,4),(
    0.,1.),(0.,1.),.PIECEWISE_BEZIER_KNOTS.) 
GEOMETRIC_REPRESENTATION_ITEM() RATIONAL_B_SPLINE_SURFACE((
    (1.,0.333333333333,0.333333333333,1.)
    ,(0.986673071213,0.328891023738,0.328891023738,0.986673071213)
    ,(0.986673071213,0.328891023738,0.328891023738,0.986673071213)
,(1.,0.333333333333,0.333333333333,1.
))) REPRESENTATION_ITEM('') SURFACE() );
#60 = CARTESIAN_POINT('',(0.,0.699999999995,0.265722333785));
#61 = CARTESIAN_POINT('',(1.768555332431,0.699999999995,0.265722333785)
  );
#62 = CARTESIAN_POINT('',(1.768555332431,0.699999999995,2.034277666215)
  );
#63 = CARTESIAN_POINT('',(1.082927813488E-16,0.699999999995,
    2.034277666215));
#64 = CARTESIAN_POINT('',(0.,0.740272208187,0.267832910782));
#65 = CARTESIAN_POINT('',(1.764334178436,0.740272208187,0.267832910782)
  );
#66 = CARTESIAN_POINT('',(1.764334178436,0.740272208187,2.032167089218)
  );
#67 = CARTESIAN_POINT('',(1.080343102124E-16,0.740272208187,
    2.032167089218));
#68 = CARTESIAN_POINT('',(1.232595164408E-32,0.779319459449,
    0.277913459222));
#69 = CARTESIAN_POINT('',(1.744173081556,0.779319459449,0.277913459222)
  );
#70 = CARTESIAN_POINT('',(1.744173081556,0.779319459449,2.022086540778)
  );
#71 = CARTESIAN_POINT('',(1.067997990743E-16,0.779319459449,
    2.022086540778));
#72 = CARTESIAN_POINT('',(0.,0.815580613969,0.295560950851));
#73 = CARTESIAN_POINT('',(1.708878098298,0.815580613969,0.295560950851)
  );
#74 = CARTESIAN_POINT('',(1.708878098298,0.815580613969,2.004439049149)
  );
#75 = CARTESIAN_POINT('',(1.046386046607E-16,0.815580613969,
    2.004439049149));
#76 = DEFINITIONAL_REPRESENTATION('',(#77),#103);
#77 = B_SPLINE_CURVE_WITH_KNOTS('',3,(#78,#79,#80,#81,#82,#83,#84,#85,
    #86,#87,#88,#89,#90,#91,#92,#93,#94,#95,#96,#97,#98,#99,#100,#101,
    #102),.UNSPECIFIED.,.F.,.F.,(4,1,1,1,1,1,1,1,1,1,1,1,1,1,1,1,1,1,1,1
    ,1,1,4),(3.14159265359,3.212992486626,3.284392319662,3.355792152698,
    3.427191985734,3.49859181877,3.569991651807,3.641391484843,
    3.712791317879,3.784191150915,3.855590983951,3.926990816987,
    3.998390650023,4.06979048306,4.141190316096,4.212590149132,
    4.283989982168,4.355389815204,4.42678964824,4.498189481276,
    4.569589314312,4.640989147349,4.712388980385),
  .QUASI_UNIFORM_KNOTS.);
#78 = CARTESIAN_POINT('',(0.,0.));
#79 = CARTESIAN_POINT('',(0.,1.189580152733E-02));
#80 = CARTESIAN_POINT('',(0.,3.485390284375E-02));
#81 = CARTESIAN_POINT('',(0.,6.706869135593E-02));
#82 = CARTESIAN_POINT('',(0.,9.735653410333E-02));
#83 = CARTESIAN_POINT('',(0.,0.125952382975));
#84 = CARTESIAN_POINT('',(0.,0.153062064132));
#85 = CARTESIAN_POINT('',(0.,0.178862134378));
#86 = CARTESIAN_POINT('',(0.,0.203506466852));
#87 = CARTESIAN_POINT('',(0.,0.227129728603));
#88 = CARTESIAN_POINT('',(0.,0.249850683618));
#89 = CARTESIAN_POINT('',(0.,0.271774758327));
#90 = CARTESIAN_POINT('',(0.,0.292996189362));
#91 = CARTESIAN_POINT('',(0.,0.313599797106));
#92 = CARTESIAN_POINT('',(0.,0.333662473214));
#93 = CARTESIAN_POINT('',(0.,0.353254436314));
#94 = CARTESIAN_POINT('',(0.,0.372440302715));
#95 = CARTESIAN_POINT('',(0.,0.391280008182));
#96 = CARTESIAN_POINT('',(0.,0.409829610873));
#97 = CARTESIAN_POINT('',(0.,0.428141997155));
#98 = CARTESIAN_POINT('',(0.,0.446267518524));
#99 = CARTESIAN_POINT('',(0.,0.464254545098));
#100 = CARTESIAN_POINT('',(0.,0.482150066407));
#101 = CARTESIAN_POINT('',(-0.,0.494049967163));
#102 = CARTESIAN_POINT('',(0.,0.5));
#103 = ( GEOMETRIC_REPRESENTATION_CONTEXT(2) 
PARAMETRIC_REPRESENTATION_CONTEXT() REPRESENTATION_CONTEXT('2D SPACE',''
  ) );
#104 = PCURVE('',#105,#110);
#105 = CONICAL_SURFACE('',#106,0.899999999991,5.235987755379E-02);
#106 = AXIS2_PLACEMENT_3D('',#107,#108,#109);
#107 = CARTESIAN_POINT('',(0.,0.400000000185,1.15));
#108 = DIRECTION('',(6.023345402759E-17,-1.,7.376470667648E-33));
#109 = DIRECTION('',(-1.,-6.023345402759E-17,-1.224646799147E-16));
#110 = DEFINITIONAL_REPRESENTATION('',(#111),#115);
#111 = LINE('',#112,#113);
#112 = CARTESIAN_POINT('',(-1.570796326795,-0.299999999811));
#113 = VECTOR('',#114,1.);
#114 = DIRECTION('',(1.,0.));
#115 = ( GEOMETRIC_REPRESENTATION_CONTEXT(2) 
PARAMETRIC_REPRESENTATION_CONTEXT() REPRESENTATION_CONTEXT('2D SPACE',''
  ) );
#116 = ORIENTED_EDGE('',*,*,#117,.T.);
#117 = EDGE_CURVE('',#48,#118,#120,.T.);
#118 = VERTEX_POINT('',#119);
#119 = CARTESIAN_POINT('',(-1.827088344061E-18,0.815580613969,
    0.295560950851));
#120 = SURFACE_CURVE('',#121,(#126,#132),.PCURVE_S1.);
#121 = CIRCLE('',#122,0.3);
#122 = AXIS2_PLACEMENT_3D('',#123,#124,#125);
#123 = CARTESIAN_POINT('',(1.232595164408E-32,0.684299213127,
    0.565311194211));
#124 = DIRECTION('',(1.,-0.,0.));
#125 = DIRECTION('',(0.,0.,-1.));
#126 = PCURVE('',#59,#127);
#127 = DEFINITIONAL_REPRESENTATION('',(#128),#131);
#128 = B_SPLINE_CURVE_WITH_KNOTS('',1,(#129,#130),.UNSPECIFIED.,.F.,.F.,
  (2,2),(5.235987754456E-02,0.452932998542),.PIECEWISE_BEZIER_KNOTS.);
#129 = CARTESIAN_POINT('',(1.003867669676E-12,7.991075737431E-18));
#130 = CARTESIAN_POINT('',(1.,-2.203093725033E-17));
#131 = ( GEOMETRIC_REPRESENTATION_CONTEXT(2) 
PARAMETRIC_REPRESENTATION_CONTEXT() REPRESENTATION_CONTEXT('2D SPACE',''
  ) );
#132 = PCURVE('',#133,#150);
#133 = ( BOUNDED_SURFACE() B_SPLINE_SURFACE(3,3,(
    (#134,#135,#136,#137)
    ,(#138,#139,#140,#141)
    ,(#142,#143,#144,#145)
    ,(#146,#147,#148,#149
)),.UNSPECIFIED.,.F.,.F.,.F.) B_SPLINE_SURFACE_WITH_KNOTS((4,4),(4,4),(
    0.,1.),(0.,1.),.PIECEWISE_BEZIER_KNOTS.) 
GEOMETRIC_REPRESENTATION_ITEM() RATIONAL_B_SPLINE_SURFACE((
    (1.,0.333333333333,0.333333333333,1.)
    ,(0.986673071213,0.328891023738,0.328891023738,0.986673071213)
    ,(0.986673071213,0.328891023738,0.328891023738,0.986673071213)
,(1.,0.333333333333,0.333333333333,1.
))) REPRESENTATION_ITEM('') SURFACE() );
#134 = CARTESIAN_POINT('',(-1.082927813488E-16,0.699999999995,
    2.034277666215));
#135 = CARTESIAN_POINT('',(-1.768555332431,0.699999999995,2.034277666215
    ));
#136 = CARTESIAN_POINT('',(-1.768555332431,0.699999999995,0.265722333785
    ));
#137 = CARTESIAN_POINT('',(0.,0.699999999995,0.265722333785));
#138 = CARTESIAN_POINT('',(-1.080343102124E-16,0.740272208187,
    2.032167089218));
#139 = CARTESIAN_POINT('',(-1.764334178436,0.740272208187,2.032167089218
    ));
#140 = CARTESIAN_POINT('',(-1.764334178436,0.740272208187,0.267832910782
    ));
#141 = CARTESIAN_POINT('',(-2.465190328816E-32,0.740272208187,
    0.267832910782));
#142 = CARTESIAN_POINT('',(-1.067997990743E-16,0.779319459449,
    2.022086540778));
#143 = CARTESIAN_POINT('',(-1.744173081556,0.779319459449,2.022086540778
    ));
#144 = CARTESIAN_POINT('',(-1.744173081556,0.779319459449,0.277913459222
    ));
#145 = CARTESIAN_POINT('',(1.232595164408E-32,0.779319459449,
    0.277913459222));
#146 = CARTESIAN_POINT('',(-1.046386046607E-16,0.815580613969,
    2.004439049149));
#147 = CARTESIAN_POINT('',(-1.708878098298,0.815580613969,2.004439049149
    ));
#148 = CARTESIAN_POINT('',(-1.708878098298,0.815580613969,0.295560950851
    ));
#149 = CARTESIAN_POINT('',(-2.465190328816E-32,0.815580613969,
    0.295560950851));
#150 = DEFINITIONAL_REPRESENTATION('',(#151),#154);
#151 = B_SPLINE_CURVE_WITH_KNOTS('',1,(#152,#153),.UNSPECIFIED.,.F.,.F.,
  (2,2),(5.235987754456E-02,0.452932998542),.PIECEWISE_BEZIER_KNOTS.);
#152 = CARTESIAN_POINT('',(1.001922527613E-12,1.));
#153 = CARTESIAN_POINT('',(1.,1.));
#154 = ( GEOMETRIC_REPRESENTATION_CONTEXT(2) 
PARAMETRIC_REPRESENTATION_CONTEXT() REPRESENTATION_CONTEXT('2D SPACE',''
  ) );
#155 = ORIENTED_EDGE('',*,*,#156,.T.);
#156 = EDGE_CURVE('',#118,#157,#159,.T.);
#157 = VERTEX_POINT('',#158);
#158 = CARTESIAN_POINT('',(0.854439049149,0.815580613969,1.15));
#159 = SURFACE_CURVE('',#160,(#165,#194),.PCURVE_S1.);
#160 = CIRCLE('',#161,0.854439049149);
#161 = AXIS2_PLACEMENT_3D('',#162,#163,#164);
#162 = CARTESIAN_POINT('',(0.,0.815580613969,1.15));
#163 = DIRECTION('',(-0.,-1.,0.));
#164 = DIRECTION('',(-1.224646799147E-16,0.,1.));
#165 = PCURVE('',#59,#166);
#166 = DEFINITIONAL_REPRESENTATION('',(#167),#193);
#167 = B_SPLINE_CURVE_WITH_KNOTS('',3,(#168,#169,#170,#171,#172,#173,
    #174,#175,#176,#177,#178,#179,#180,#181,#182,#183,#184,#185,#186,
    #187,#188,#189,#190,#191,#192),.UNSPECIFIED.,.F.,.F.,(4,1,1,1,1,1,1,
    1,1,1,1,1,1,1,1,1,1,1,1,1,1,1,4),(3.14159265359,3.212992486626,
    3.284392319662,3.355792152698,3.427191985734,3.49859181877,
    3.569991651807,3.641391484843,3.712791317879,3.784191150915,
    3.855590983951,3.926990816987,3.998390650023,4.06979048306,
    4.141190316096,4.212590149132,4.283989982168,4.355389815204,
    4.42678964824,4.498189481276,4.569589314312,4.640989147349,
    4.712388980385),.QUASI_UNIFORM_KNOTS.);
#168 = CARTESIAN_POINT('',(1.,0.));
#169 = CARTESIAN_POINT('',(1.,1.189580152733E-02));
#170 = CARTESIAN_POINT('',(1.,3.485390284375E-02));
#171 = CARTESIAN_POINT('',(1.,6.706869135593E-02));
#172 = CARTESIAN_POINT('',(1.,9.735653410333E-02));
#173 = CARTESIAN_POINT('',(1.,0.125952382975));
#174 = CARTESIAN_POINT('',(1.,0.153062064132));
#175 = CARTESIAN_POINT('',(1.,0.178862134378));
#176 = CARTESIAN_POINT('',(1.,0.203506466852));
#177 = CARTESIAN_POINT('',(1.,0.227129728603));
#178 = CARTESIAN_POINT('',(1.,0.249850683618));
#179 = CARTESIAN_POINT('',(1.,0.271774758327));
#180 = CARTESIAN_POINT('',(1.,0.292996189362));
#181 = CARTESIAN_POINT('',(1.,0.313599797106));
#182 = CARTESIAN_POINT('',(1.,0.333662473214));
#183 = CARTESIAN_POINT('',(1.,0.353254436314));
#184 = CARTESIAN_POINT('',(1.,0.372440302715));
#185 = CARTESIAN_POINT('',(1.,0.391280008182));
#186 = CARTESIAN_POINT('',(1.,0.409829610873));
#187 = CARTESIAN_POINT('',(1.,0.428141997155));
#188 = CARTESIAN_POINT('',(1.,0.446267518524));
#189 = CARTESIAN_POINT('',(1.,0.464254545098));
#190 = CARTESIAN_POINT('',(1.,0.482150066407));
#191 = CARTESIAN_POINT('',(1.,0.494049967163));
#192 = CARTESIAN_POINT('',(1.,0.5));
#193 = ( GEOMETRIC_REPRESENTATION_CONTEXT(2) 
PARAMETRIC_REPRESENTATION_CONTEXT() REPRESENTATION_CONTEXT('2D SPACE',''
  ) );
#194 = PCURVE('',#195,#212);
#195 = ( BOUNDED_SURFACE() B_SPLINE_SURFACE(3,3,(
    (#196,#197,#198,#199)
    ,(#200,#201,#202,#203)
    ,(#204,#205,#206,#207)
    ,(#208,#209,#210,#211
)),.UNSPECIFIED.,.F.,.F.,.F.) B_SPLINE_SURFACE_WITH_KNOTS((4,4),(4,4),(
    0.,1.),(0.,1.),.PIECEWISE_BEZIER_KNOTS.) 
GEOMETRIC_REPRESENTATION_ITEM() RATIONAL_B_SPLINE_SURFACE((
    (1.,0.897359336188,0.897359336188,1.)
    ,(0.617002602141,0.553673045483,0.553673045483,0.617002602141)
    ,(0.617002602141,0.553673045483,0.553673045483,0.617002602141)
,(1.,0.897359336188,0.897359336188,1.
))) REPRESENTATION_ITEM('') SURFACE() );
#196 = CARTESIAN_POINT('',(0.859940185379,0.574241784823,0.785254267819)
  );
#197 = CARTESIAN_POINT('',(0.859940185379,0.718705362591,0.8543668941));
#198 = CARTESIAN_POINT('',(0.859940185379,0.804081791477,0.989855439016)
  );
#199 = CARTESIAN_POINT('',(0.859940185379,0.804081791477,1.15));
#200 = CARTESIAN_POINT('',(0.464579448231,0.937121706668,
    2.673972958136E-02));
#201 = CARTESIAN_POINT('',(0.464579448231,1.382007508233,0.239576948598)
  );
#202 = CARTESIAN_POINT('',(0.464579448231,1.644930257252,0.656823501946)
  );
#203 = CARTESIAN_POINT('',(0.464579448231,1.644930257252,1.15));
#204 = CARTESIAN_POINT('',(-0.464579448231,0.937121706668,
    2.673972958136E-02));
#205 = CARTESIAN_POINT('',(-0.464579448231,1.382007508233,0.239576948598
    ));
#206 = CARTESIAN_POINT('',(-0.464579448231,1.644930257252,0.656823501946
    ));
#207 = CARTESIAN_POINT('',(-0.464579448231,1.644930257252,1.15));
#208 = CARTESIAN_POINT('',(-0.859940185379,0.574241784823,0.785254267819
    ));
#209 = CARTESIAN_POINT('',(-0.859940185379,0.718705362591,0.8543668941)
  );
#210 = CARTESIAN_POINT('',(-0.859940185379,0.804081791477,0.989855439016
    ));
#211 = CARTESIAN_POINT('',(-0.859940185379,0.804081791477,1.15));
#212 = DEFINITIONAL_REPRESENTATION('',(#213),#239);
#213 = B_SPLINE_CURVE_WITH_KNOTS('',3,(#214,#215,#216,#217,#218,#219,
    #220,#221,#222,#223,#224,#225,#226,#227,#228,#229,#230,#231,#232,
    #233,#234,#235,#236,#237,#238),.UNSPECIFIED.,.F.,.F.,(4,1,1,1,1,1,1,
    1,1,1,1,1,1,1,1,1,1,1,1,1,1,1,4),(3.14159265359,3.212992486626,
    3.284392319662,3.355792152698,3.427191985734,3.49859181877,
    3.569991651807,3.641391484843,3.712791317879,3.784191150915,
    3.855590983951,3.926990816987,3.998390650023,4.06979048306,
    4.141190316096,4.212590149132,4.283989982168,4.355389815204,
    4.42678964824,4.498189481276,4.569589314312,4.640989147349,
    4.712388980385),.QUASI_UNIFORM_KNOTS.);
#214 = CARTESIAN_POINT('',(0.5,6.284422754739E-03));
#215 = CARTESIAN_POINT('',(0.491572620217,6.287314964339E-03));
#216 = CARTESIAN_POINT('',(0.47471754332,6.908045743375E-03));
#217 = CARTESIAN_POINT('',(0.449407833869,9.73891189861E-03));
#218 = CARTESIAN_POINT('',(0.424044241009,1.451043259014E-02));
#219 = CARTESIAN_POINT('',(0.398602240592,2.131265461903E-02));
#220 = CARTESIAN_POINT('',(0.373060211486,3.027171787006E-02));
#221 = CARTESIAN_POINT('',(0.347401036112,4.155919095617E-02));
#222 = CARTESIAN_POINT('',(0.321613977122,5.539767450729E-02));
#223 = CARTESIAN_POINT('',(0.295697251653,7.207007786829E-02));
#224 = CARTESIAN_POINT('',(0.269661509237,9.193107068866E-02));
#225 = CARTESIAN_POINT('',(0.243534589652,0.115421629944));
#226 = CARTESIAN_POINT('',(0.217368040349,0.143086859577));
#227 = CARTESIAN_POINT('',(0.191246027157,0.175597067647));
#228 = CARTESIAN_POINT('',(0.165297423841,0.213771145118));
#229 = CARTESIAN_POINT('',(0.139711932554,0.258599286058));
#230 = CARTESIAN_POINT('',(0.114760931369,0.311258301065));
#231 = CARTESIAN_POINT('',(9.08227243719E-02,0.373104952085));
#232 = CARTESIAN_POINT('',(6.840998042997E-02,0.445623099624));
#233 = CARTESIAN_POINT('',(4.819011484942E-02,0.530276670088));
#234 = CARTESIAN_POINT('',(3.098758574615E-02,0.628240535633));
#235 = CARTESIAN_POINT('',(1.772057830824E-02,0.739888652573));
#236 = CARTESIAN_POINT('',(9.322315531764E-03,0.864442695991));
#237 = CARTESIAN_POINT('',(7.348649481892E-03,0.953999999344));
#238 = CARTESIAN_POINT('',(7.380289959454E-03,1.));
#239 = ( GEOMETRIC_REPRESENTATION_CONTEXT(2) 
PARAMETRIC_REPRESENTATION_CONTEXT() REPRESENTATION_CONTEXT('2D SPACE',''
  ) );
#240 = ORIENTED_EDGE('',*,*,#241,.T.);
#241 = EDGE_CURVE('',#157,#242,#244,.T.);
#242 = VERTEX_POINT('',#243);
#243 = CARTESIAN_POINT('',(-1.046386046607E-16,0.815580613969,
    2.004439049149));
#244 = SURFACE_CURVE('',#245,(#250,#279),.PCURVE_S1.);
#245 = CIRCLE('',#246,0.854439049149);
#246 = AXIS2_PLACEMENT_3D('',#247,#248,#249);
#247 = CARTESIAN_POINT('',(0.,0.815580613969,1.15));
#248 = DIRECTION('',(-0.,-1.,0.));
#249 = DIRECTION('',(-1.224646799147E-16,0.,1.));
#250 = PCURVE('',#59,#251);
#251 = DEFINITIONAL_REPRESENTATION('',(#252),#278);
#252 = B_SPLINE_CURVE_WITH_KNOTS('',3,(#253,#254,#255,#256,#257,#258,
    #259,#260,#261,#262,#263,#264,#265,#266,#267,#268,#269,#270,#271,
    #272,#273,#274,#275,#276,#277),.UNSPECIFIED.,.F.,.F.,(4,1,1,1,1,1,1,
    1,1,1,1,1,1,1,1,1,1,1,1,1,1,1,4),(4.712388980385,4.783788813421,
    4.855188646457,4.926588479493,4.997988312529,5.069388145565,
    5.140787978601,5.212187811638,5.283587644674,5.35498747771,
    5.426387310746,5.497787143782,5.569186976818,5.640586809854,
    5.711986642891,5.783386475927,5.854786308963,5.926186141999,
    5.997585975035,6.068985808071,6.140385641107,6.211785474143,
    6.28318530718),.QUASI_UNIFORM_KNOTS.);
#253 = CARTESIAN_POINT('',(1.,0.5));
#254 = CARTESIAN_POINT('',(1.,0.505950032837));
#255 = CARTESIAN_POINT('',(1.,0.517849933593));
#256 = CARTESIAN_POINT('',(1.,0.535745454902));
#257 = CARTESIAN_POINT('',(1.,0.553732481476));
#258 = CARTESIAN_POINT('',(1.,0.571858002845));
#259 = CARTESIAN_POINT('',(1.,0.590170389127));
#260 = CARTESIAN_POINT('',(1.,0.608719991818));
#261 = CARTESIAN_POINT('',(1.,0.627559697285));
#262 = CARTESIAN_POINT('',(1.,0.646745563686));
#263 = CARTESIAN_POINT('',(1.,0.666337526786));
#264 = CARTESIAN_POINT('',(1.,0.686400202894));
#265 = CARTESIAN_POINT('',(1.,0.707003810638));
#266 = CARTESIAN_POINT('',(1.,0.728225241673));
#267 = CARTESIAN_POINT('',(1.,0.750149316382));
#268 = CARTESIAN_POINT('',(1.,0.772870271397));
#269 = CARTESIAN_POINT('',(1.,0.796493533148));
#270 = CARTESIAN_POINT('',(1.,0.821137865622));
#271 = CARTESIAN_POINT('',(1.,0.846937935868));
#272 = CARTESIAN_POINT('',(1.,0.874047617025));
#273 = CARTESIAN_POINT('',(1.,0.902643465897));
#274 = CARTESIAN_POINT('',(1.,0.932931308644));
#275 = CARTESIAN_POINT('',(1.,0.965146097156));
#276 = CARTESIAN_POINT('',(1.,0.988104198473));
#277 = CARTESIAN_POINT('',(1.,1.));
#278 = ( GEOMETRIC_REPRESENTATION_CONTEXT(2) 
PARAMETRIC_REPRESENTATION_CONTEXT() REPRESENTATION_CONTEXT('2D SPACE',''
  ) );
#279 = PCURVE('',#280,#297);
#280 = ( BOUNDED_SURFACE() B_SPLINE_SURFACE(3,3,(
    (#281,#282,#283,#284)
    ,(#285,#286,#287,#288)
    ,(#289,#290,#291,#292)
    ,(#293,#294,#295,#296
)),.UNSPECIFIED.,.F.,.F.,.F.) B_SPLINE_SURFACE_WITH_KNOTS((4,4),(4,4),(
    0.,1.),(0.,1.),.PIECEWISE_BEZIER_KNOTS.) 
GEOMETRIC_REPRESENTATION_ITEM() RATIONAL_B_SPLINE_SURFACE((
    (1.,0.897359336188,0.897359336188,1.)
    ,(0.617002602141,0.553673045483,0.553673045483,0.617002602141)
    ,(0.617002602141,0.553673045483,0.553673045483,0.617002602141)
,(1.,0.897359336188,0.897359336188,1.
))) REPRESENTATION_ITEM('') SURFACE() );
#281 = CARTESIAN_POINT('',(0.859940185379,0.804081791477,1.15));
#282 = CARTESIAN_POINT('',(0.859940185379,0.804081791477,1.310144560984)
  );
#283 = CARTESIAN_POINT('',(0.859940185379,0.718705362591,1.4456331059));
#284 = CARTESIAN_POINT('',(0.859940185379,0.574241784823,1.514745732181)
  );
#285 = CARTESIAN_POINT('',(0.464579448231,1.644930257252,1.15));
#286 = CARTESIAN_POINT('',(0.464579448231,1.644930257252,1.643176498054)
  );
#287 = CARTESIAN_POINT('',(0.464579448231,1.382007508233,2.060423051402)
  );
#288 = CARTESIAN_POINT('',(0.464579448231,0.937121706668,2.273260270419)
  );
#289 = CARTESIAN_POINT('',(-0.464579448231,1.644930257252,1.15));
#290 = CARTESIAN_POINT('',(-0.464579448231,1.644930257252,1.643176498054
    ));
#291 = CARTESIAN_POINT('',(-0.464579448231,1.382007508233,2.060423051402
    ));
#292 = CARTESIAN_POINT('',(-0.464579448231,0.937121706668,2.273260270419
    ));
#293 = CARTESIAN_POINT('',(-0.859940185379,0.804081791477,1.15));
#294 = CARTESIAN_POINT('',(-0.859940185379,0.804081791477,1.310144560984
    ));
#295 = CARTESIAN_POINT('',(-0.859940185379,0.718705362591,1.4456331059)
  );
#296 = CARTESIAN_POINT('',(-0.859940185379,0.574241784823,1.514745732181
    ));
#297 = DEFINITIONAL_REPRESENTATION('',(#298),#324);
#298 = B_SPLINE_CURVE_WITH_KNOTS('',3,(#299,#300,#301,#302,#303,#304,
    #305,#306,#307,#308,#309,#310,#311,#312,#313,#314,#315,#316,#317,
    #318,#319,#320,#321,#322,#323),.UNSPECIFIED.,.F.,.F.,(4,1,1,1,1,1,1,
    1,1,1,1,1,1,1,1,1,1,1,1,1,1,1,4),(4.712388980385,4.783788813421,
    4.855188646457,4.926588479493,4.997988312529,5.069388145565,
    5.140787978601,5.212187811638,5.283587644674,5.35498747771,
    5.426387310746,5.497787143782,5.569186976818,5.640586809854,
    5.711986642891,5.783386475927,5.854786308963,5.926186141999,
    5.997585975035,6.068985808071,6.140385641107,6.211785474143,
    6.28318530718),.QUASI_UNIFORM_KNOTS.);
#299 = CARTESIAN_POINT('',(7.380289959454E-03,0.));
#300 = CARTESIAN_POINT('',(7.348649481892E-03,4.600000065573E-02));
#301 = CARTESIAN_POINT('',(9.322315531764E-03,0.135557304009));
#302 = CARTESIAN_POINT('',(1.772057830824E-02,0.260111347427));
#303 = CARTESIAN_POINT('',(3.098758574615E-02,0.371759464367));
#304 = CARTESIAN_POINT('',(4.819011484942E-02,0.469723329912));
#305 = CARTESIAN_POINT('',(6.840998042997E-02,0.554376900376));
#306 = CARTESIAN_POINT('',(9.08227243719E-02,0.626895047915));
#307 = CARTESIAN_POINT('',(0.114760931369,0.688741698935));
#308 = CARTESIAN_POINT('',(0.139711932554,0.741400713942));
#309 = CARTESIAN_POINT('',(0.165297423841,0.786228854882));
#310 = CARTESIAN_POINT('',(0.191246027157,0.824402932353));
#311 = CARTESIAN_POINT('',(0.217368040349,0.856913140423));
#312 = CARTESIAN_POINT('',(0.243534589652,0.884578370056));
#313 = CARTESIAN_POINT('',(0.269661509237,0.908068929311));
#314 = CARTESIAN_POINT('',(0.295697251653,0.927929922132));
#315 = CARTESIAN_POINT('',(0.321613977122,0.944602325493));
#316 = CARTESIAN_POINT('',(0.347401036112,0.958440809044));
#317 = CARTESIAN_POINT('',(0.373060211486,0.96972828213));
#318 = CARTESIAN_POINT('',(0.398602240592,0.978687345381));
#319 = CARTESIAN_POINT('',(0.424044241009,0.98548956741));
#320 = CARTESIAN_POINT('',(0.449407833869,0.990261088101));
#321 = CARTESIAN_POINT('',(0.47471754332,0.993091954257));
#322 = CARTESIAN_POINT('',(0.491572620217,0.993712685036));
#323 = CARTESIAN_POINT('',(0.5,0.993715577245));
#324 = ( GEOMETRIC_REPRESENTATION_CONTEXT(2) 
PARAMETRIC_REPRESENTATION_CONTEXT() REPRESENTATION_CONTEXT('2D SPACE',''
  ) );
#325 = ORIENTED_EDGE('',*,*,#326,.F.);
#326 = EDGE_CURVE('',#327,#242,#329,.T.);
#327 = VERTEX_POINT('',#328);
#328 = CARTESIAN_POINT('',(-1.082927813491E-16,0.699999999996,
    2.034277666218));
#329 = SURFACE_CURVE('',#330,(#335,#341),.PCURVE_S1.);
#330 = CIRCLE('',#331,0.3);
#331 = AXIS2_PLACEMENT_3D('',#332,#333,#334);
#332 = CARTESIAN_POINT('',(-7.160372745064E-17,0.684299213127,
    1.734688805789));
#333 = DIRECTION('',(-1.,0.,-1.224646799147E-16));
#334 = DIRECTION('',(-1.224646799147E-16,0.,1.));
#335 = PCURVE('',#59,#336);
#336 = DEFINITIONAL_REPRESENTATION('',(#337),#340);
#337 = B_SPLINE_CURVE_WITH_KNOTS('',1,(#338,#339),.UNSPECIFIED.,.F.,.F.,
  (2,2),(5.235987754456E-02,0.452932998542),.PIECEWISE_BEZIER_KNOTS.);
#338 = CARTESIAN_POINT('',(1.00393029444E-12,1.));
#339 = CARTESIAN_POINT('',(1.,1.));
#340 = ( GEOMETRIC_REPRESENTATION_CONTEXT(2) 
PARAMETRIC_REPRESENTATION_CONTEXT() REPRESENTATION_CONTEXT('2D SPACE',''
  ) );
#341 = PCURVE('',#133,#342);
#342 = DEFINITIONAL_REPRESENTATION('',(#343),#346);
#343 = B_SPLINE_CURVE_WITH_KNOTS('',1,(#344,#345),.UNSPECIFIED.,.F.,.F.,
  (2,2),(5.235987754456E-02,0.452932998542),.PIECEWISE_BEZIER_KNOTS.);
#344 = CARTESIAN_POINT('',(1.003965021663E-12,4.31086215925E-33));
#345 = CARTESIAN_POINT('',(1.,3.600681938291E-17));
#346 = ( GEOMETRIC_REPRESENTATION_CONTEXT(2) 
PARAMETRIC_REPRESENTATION_CONTEXT() REPRESENTATION_CONTEXT('2D SPACE',''
  ) );
#347 = ORIENTED_EDGE('',*,*,#348,.F.);
#348 = EDGE_CURVE('',#50,#327,#349,.T.);
#349 = SURFACE_CURVE('',#350,(#355,#384),.PCURVE_S1.);
#350 = CIRCLE('',#351,0.88427766622);
#351 = AXIS2_PLACEMENT_3D('',#352,#353,#354);
#352 = CARTESIAN_POINT('',(0.,0.699999999996,1.15));
#353 = DIRECTION('',(-0.,-1.,0.));
#354 = DIRECTION('',(-1.224646799147E-16,0.,1.));
#355 = PCURVE('',#59,#356);
#356 = DEFINITIONAL_REPRESENTATION('',(#357),#383);
#357 = B_SPLINE_CURVE_WITH_KNOTS('',3,(#358,#359,#360,#361,#362,#363,
    #364,#365,#366,#367,#368,#369,#370,#371,#372,#373,#374,#375,#376,
    #377,#378,#379,#380,#381,#382),.UNSPECIFIED.,.F.,.F.,(4,1,1,1,1,1,1,
    1,1,1,1,1,1,1,1,1,1,1,1,1,1,1,4),(4.712388980385,4.783788813421,
    4.855188646457,4.926588479493,4.997988312529,5.069388145565,
    5.140787978601,5.212187811638,5.283587644674,5.35498747771,
    5.426387310746,5.497787143782,5.569186976818,5.640586809854,
    5.711986642891,5.783386475927,5.854786308963,5.926186141999,
    5.997585975035,6.068985808071,6.140385641107,6.211785474143,
    6.28318530718),.QUASI_UNIFORM_KNOTS.);
#358 = CARTESIAN_POINT('',(0.,0.5));
#359 = CARTESIAN_POINT('',(0.,0.505950032837));
#360 = CARTESIAN_POINT('',(0.,0.517849933593));
#361 = CARTESIAN_POINT('',(0.,0.535745454902));
#362 = CARTESIAN_POINT('',(0.,0.553732481476));
#363 = CARTESIAN_POINT('',(0.,0.571858002845));
#364 = CARTESIAN_POINT('',(0.,0.590170389127));
#365 = CARTESIAN_POINT('',(0.,0.608719991818));
#366 = CARTESIAN_POINT('',(0.,0.627559697285));
#367 = CARTESIAN_POINT('',(0.,0.646745563686));
#368 = CARTESIAN_POINT('',(0.,0.666337526786));
#369 = CARTESIAN_POINT('',(0.,0.686400202894));
#370 = CARTESIAN_POINT('',(0.,0.707003810638));
#371 = CARTESIAN_POINT('',(0.,0.728225241673));
#372 = CARTESIAN_POINT('',(0.,0.750149316382));
#373 = CARTESIAN_POINT('',(0.,0.772870271397));
#374 = CARTESIAN_POINT('',(0.,0.796493533148));
#375 = CARTESIAN_POINT('',(0.,0.821137865622));
#376 = CARTESIAN_POINT('',(0.,0.846937935868));
#377 = CARTESIAN_POINT('',(0.,0.874047617025));
#378 = CARTESIAN_POINT('',(0.,0.902643465897));
#379 = CARTESIAN_POINT('',(0.,0.932931308644));
#380 = CARTESIAN_POINT('',(0.,0.965146097156));
#381 = CARTESIAN_POINT('',(-0.,0.988104198473));
#382 = CARTESIAN_POINT('',(0.,1.));
#383 = ( GEOMETRIC_REPRESENTATION_CONTEXT(2) 
PARAMETRIC_REPRESENTATION_CONTEXT() REPRESENTATION_CONTEXT('2D SPACE',''
  ) );
#384 = PCURVE('',#385,#390);
#385 = CONICAL_SURFACE('',#386,0.899999999991,5.235987755379E-02);
#386 = AXIS2_PLACEMENT_3D('',#387,#388,#389);
#387 = CARTESIAN_POINT('',(0.,0.400000000185,1.15));
#388 = DIRECTION('',(6.023345402759E-17,-1.,7.376470667648E-33));
#389 = DIRECTION('',(-1.,-6.023345402759E-17,-1.224646799147E-16));
#390 = DEFINITIONAL_REPRESENTATION('',(#391),#395);
#391 = LINE('',#392,#393);
#392 = CARTESIAN_POINT('',(-1.570796326795,-0.299999999811));
#393 = VECTOR('',#394,1.);
#394 = DIRECTION('',(1.,0.));
#395 = ( GEOMETRIC_REPRESENTATION_CONTEXT(2) 
PARAMETRIC_REPRESENTATION_CONTEXT() REPRESENTATION_CONTEXT('2D SPACE',''
  ) );
#396 = ADVANCED_FACE('',(#397),#280,.T.);
#397 = FACE_BOUND('',#398,.T.);
#398 = EDGE_LOOP('',(#399,#400,#468));
#399 = ORIENTED_EDGE('',*,*,#241,.F.);
#400 = ORIENTED_EDGE('',*,*,#401,.T.);
#401 = EDGE_CURVE('',#157,#402,#404,.T.);
#402 = VERTEX_POINT('',#403);
#403 = CARTESIAN_POINT('',(-0.854439049149,0.815580613969,1.15));
#404 = SURFACE_CURVE('',#405,(#410,#439),.PCURVE_S1.);
#405 = CIRCLE('',#406,0.950255731196);
#406 = AXIS2_PLACEMENT_3D('',#407,#408,#409);
#407 = CARTESIAN_POINT('',(0.,0.399744268804,1.15));
#408 = DIRECTION('',(-1.224646799147E-16,0.,1.));
#409 = DIRECTION('',(1.,0.,1.224646799147E-16));
#410 = PCURVE('',#280,#411);
#411 = DEFINITIONAL_REPRESENTATION('',(#412),#438);
#412 = B_SPLINE_CURVE_WITH_KNOTS('',3,(#413,#414,#415,#416,#417,#418,
    #419,#420,#421,#422,#423,#424,#425,#426,#427,#428,#429,#430,#431,
    #432,#433,#434,#435,#436,#437),.UNSPECIFIED.,.F.,.F.,(4,1,1,1,1,1,1,
    1,1,1,1,1,1,1,1,1,1,1,1,1,1,1,4),(0.452932998542,0.554556937474,
    0.656180876406,0.757804815338,0.859428754271,0.961052693203,
    1.062676632135,1.164300571067,1.265924509999,1.367548448931,
    1.469172387863,1.570796326795,1.672420265727,1.774044204659,
    1.875668143591,1.977292082523,2.078916021455,2.180539960387,
    2.282163899319,2.383787838251,2.485411777183,2.587035716115,
    2.688659655047),.QUASI_UNIFORM_KNOTS.);
#413 = CARTESIAN_POINT('',(7.380289959454E-03,0.));
#414 = CARTESIAN_POINT('',(2.593175031453E-02,0.));
#415 = CARTESIAN_POINT('',(6.188291441052E-02,0.));
#416 = CARTESIAN_POINT('',(0.112830029744,0.));
#417 = CARTESIAN_POINT('',(0.161302255915,0.));
#418 = CARTESIAN_POINT('',(0.207702475412,0.));
#419 = CARTESIAN_POINT('',(0.252387332477,0.));
#420 = CARTESIAN_POINT('',(0.295668321218,0.));
#421 = CARTESIAN_POINT('',(0.337824181662,0.));
#422 = CARTESIAN_POINT('',(0.379107850758,0.));
#423 = CARTESIAN_POINT('',(0.419753111879,0.));
#424 = CARTESIAN_POINT('',(0.459980059258,0.));
#425 = CARTESIAN_POINT('',(0.5,0.));
#426 = CARTESIAN_POINT('',(0.540019940742,0.));
#427 = CARTESIAN_POINT('',(0.580246888121,0.));
#428 = CARTESIAN_POINT('',(0.620892149242,0.));
#429 = CARTESIAN_POINT('',(0.662175818338,0.));
#430 = CARTESIAN_POINT('',(0.704331678782,0.));
#431 = CARTESIAN_POINT('',(0.747612667523,0.));
#432 = CARTESIAN_POINT('',(0.792297524588,0.));
#433 = CARTESIAN_POINT('',(0.838697744085,0.));
#434 = CARTESIAN_POINT('',(0.887169970256,0.));
#435 = CARTESIAN_POINT('',(0.938117085589,0.));
#436 = CARTESIAN_POINT('',(0.974068249685,-0.));
#437 = CARTESIAN_POINT('',(0.992619710041,0.));
#438 = ( GEOMETRIC_REPRESENTATION_CONTEXT(2) 
PARAMETRIC_REPRESENTATION_CONTEXT() REPRESENTATION_CONTEXT('2D SPACE',''
  ) );
#439 = PCURVE('',#195,#440);
#440 = DEFINITIONAL_REPRESENTATION('',(#441),#467);
#441 = B_SPLINE_CURVE_WITH_KNOTS('',3,(#442,#443,#444,#445,#446,#447,
    #448,#449,#450,#451,#452,#453,#454,#455,#456,#457,#458,#459,#460,
    #461,#462,#463,#464,#465,#466),.UNSPECIFIED.,.F.,.F.,(4,1,1,1,1,1,1,
    1,1,1,1,1,1,1,1,1,1,1,1,1,1,1,4),(0.452932998542,0.554556937474,
    0.656180876406,0.757804815338,0.859428754271,0.961052693203,
    1.062676632135,1.164300571067,1.265924509999,1.367548448931,
    1.469172387863,1.570796326795,1.672420265727,1.774044204659,
    1.875668143591,1.977292082523,2.078916021455,2.180539960387,
    2.282163899319,2.383787838251,2.485411777183,2.587035716115,
    2.688659655047),.QUASI_UNIFORM_KNOTS.);
#442 = CARTESIAN_POINT('',(7.380289959454E-03,1.));
#443 = CARTESIAN_POINT('',(2.593175031453E-02,1.));
#444 = CARTESIAN_POINT('',(6.188291441052E-02,1.));
#445 = CARTESIAN_POINT('',(0.112830029744,1.));
#446 = CARTESIAN_POINT('',(0.161302255915,1.));
#447 = CARTESIAN_POINT('',(0.207702475412,1.));
#448 = CARTESIAN_POINT('',(0.252387332477,1.));
#449 = CARTESIAN_POINT('',(0.295668321218,1.));
#450 = CARTESIAN_POINT('',(0.337824181662,1.));
#451 = CARTESIAN_POINT('',(0.379107850758,1.));
#452 = CARTESIAN_POINT('',(0.419753111879,1.));
#453 = CARTESIAN_POINT('',(0.459980059258,1.));
#454 = CARTESIAN_POINT('',(0.5,1.));
#455 = CARTESIAN_POINT('',(0.540019940742,1.));
#456 = CARTESIAN_POINT('',(0.580246888121,1.));
#457 = CARTESIAN_POINT('',(0.620892149242,1.));
#458 = CARTESIAN_POINT('',(0.662175818338,1.));
#459 = CARTESIAN_POINT('',(0.704331678782,1.));
#460 = CARTESIAN_POINT('',(0.747612667523,1.));
#461 = CARTESIAN_POINT('',(0.792297524588,1.));
#462 = CARTESIAN_POINT('',(0.838697744085,1.));
#463 = CARTESIAN_POINT('',(0.887169970256,1.));
#464 = CARTESIAN_POINT('',(0.938117085589,1.));
#465 = CARTESIAN_POINT('',(0.974068249685,1.));
#466 = CARTESIAN_POINT('',(0.992619710041,1.));
#467 = ( GEOMETRIC_REPRESENTATION_CONTEXT(2) 
PARAMETRIC_REPRESENTATION_CONTEXT() REPRESENTATION_CONTEXT('2D SPACE',''
  ) );
#468 = ORIENTED_EDGE('',*,*,#469,.F.);
#469 = EDGE_CURVE('',#242,#402,#470,.T.);
#470 = SURFACE_CURVE('',#471,(#476,#505),.PCURVE_S1.);
#471 = CIRCLE('',#472,0.854439049149);
#472 = AXIS2_PLACEMENT_3D('',#473,#474,#475);
#473 = CARTESIAN_POINT('',(0.,0.815580613969,1.15));
#474 = DIRECTION('',(-0.,-1.,0.));
#475 = DIRECTION('',(-1.224646799147E-16,0.,1.));
#476 = PCURVE('',#280,#477);
#477 = DEFINITIONAL_REPRESENTATION('',(#478),#504);
#478 = B_SPLINE_CURVE_WITH_KNOTS('',3,(#479,#480,#481,#482,#483,#484,
    #485,#486,#487,#488,#489,#490,#491,#492,#493,#494,#495,#496,#497,
    #498,#499,#500,#501,#502,#503),.UNSPECIFIED.,.F.,.F.,(4,1,1,1,1,1,1,
    1,1,1,1,1,1,1,1,1,1,1,1,1,1,1,4),(0.,7.139983303613E-02,
    0.142799666072,0.214199499108,0.285599332145,0.356999165181,
    0.428398998217,0.499798831253,0.571198664289,0.642598497325,
    0.713998330361,0.785398163397,0.856797996434,0.92819782947,
    0.999597662506,1.070997495542,1.142397328578,1.213797161614,
    1.28519699465,1.356596827687,1.427996660723,1.499396493759,
    1.570796326795),.QUASI_UNIFORM_KNOTS.);
#479 = CARTESIAN_POINT('',(0.5,0.993715577245));
#480 = CARTESIAN_POINT('',(0.508427379783,0.993712685036));
#481 = CARTESIAN_POINT('',(0.52528245668,0.993091954257));
#482 = CARTESIAN_POINT('',(0.550592166131,0.990261088101));
#483 = CARTESIAN_POINT('',(0.575955758991,0.98548956741));
#484 = CARTESIAN_POINT('',(0.601397759408,0.978687345381));
#485 = CARTESIAN_POINT('',(0.626939788514,0.96972828213));
#486 = CARTESIAN_POINT('',(0.652598963888,0.958440809044));
#487 = CARTESIAN_POINT('',(0.678386022878,0.944602325493));
#488 = CARTESIAN_POINT('',(0.704302748347,0.927929922132));
#489 = CARTESIAN_POINT('',(0.730338490763,0.908068929311));
#490 = CARTESIAN_POINT('',(0.756465410348,0.884578370056));
#491 = CARTESIAN_POINT('',(0.782631959651,0.856913140423));
#492 = CARTESIAN_POINT('',(0.808753972843,0.824402932353));
#493 = CARTESIAN_POINT('',(0.834702576159,0.786228854882));
#494 = CARTESIAN_POINT('',(0.860288067446,0.741400713942));
#495 = CARTESIAN_POINT('',(0.885239068631,0.688741698935));
#496 = CARTESIAN_POINT('',(0.909177275628,0.626895047915));
#497 = CARTESIAN_POINT('',(0.93159001957,0.554376900376));
#498 = CARTESIAN_POINT('',(0.951809885151,0.469723329912));
#499 = CARTESIAN_POINT('',(0.969012414254,0.371759464367));
#500 = CARTESIAN_POINT('',(0.982279421692,0.260111347427));
#501 = CARTESIAN_POINT('',(0.990677684468,0.135557304009));
#502 = CARTESIAN_POINT('',(0.992651350518,4.600000065573E-02));
#503 = CARTESIAN_POINT('',(0.992619710041,0.));
#504 = ( GEOMETRIC_REPRESENTATION_CONTEXT(2) 
PARAMETRIC_REPRESENTATION_CONTEXT() REPRESENTATION_CONTEXT('2D SPACE',''
  ) );
#505 = PCURVE('',#133,#506);
#506 = DEFINITIONAL_REPRESENTATION('',(#507),#533);
#507 = B_SPLINE_CURVE_WITH_KNOTS('',3,(#508,#509,#510,#511,#512,#513,
    #514,#515,#516,#517,#518,#519,#520,#521,#522,#523,#524,#525,#526,
    #527,#528,#529,#530,#531,#532),.UNSPECIFIED.,.F.,.F.,(4,1,1,1,1,1,1,
    1,1,1,1,1,1,1,1,1,1,1,1,1,1,1,4),(0.,7.139983303613E-02,
    0.142799666072,0.214199499108,0.285599332145,0.356999165181,
    0.428398998217,0.499798831253,0.571198664289,0.642598497325,
    0.713998330361,0.785398163397,0.856797996434,0.92819782947,
    0.999597662506,1.070997495542,1.142397328578,1.213797161614,
    1.28519699465,1.356596827687,1.427996660723,1.499396493759,
    1.570796326795),.QUASI_UNIFORM_KNOTS.);
#508 = CARTESIAN_POINT('',(1.,0.));
#509 = CARTESIAN_POINT('',(1.,1.189580152733E-02));
#510 = CARTESIAN_POINT('',(1.,3.485390284375E-02));
#511 = CARTESIAN_POINT('',(1.,6.706869135593E-02));
#512 = CARTESIAN_POINT('',(1.,9.735653410333E-02));
#513 = CARTESIAN_POINT('',(1.,0.125952382975));
#514 = CARTESIAN_POINT('',(1.,0.153062064132));
#515 = CARTESIAN_POINT('',(1.,0.178862134378));
#516 = CARTESIAN_POINT('',(1.,0.203506466852));
#517 = CARTESIAN_POINT('',(1.,0.227129728603));
#518 = CARTESIAN_POINT('',(1.,0.249850683618));
#519 = CARTESIAN_POINT('',(1.,0.271774758327));
#520 = CARTESIAN_POINT('',(1.,0.292996189362));
#521 = CARTESIAN_POINT('',(1.,0.313599797106));
#522 = CARTESIAN_POINT('',(1.,0.333662473214));
#523 = CARTESIAN_POINT('',(1.,0.353254436314));
#524 = CARTESIAN_POINT('',(1.,0.372440302715));
#525 = CARTESIAN_POINT('',(1.,0.391280008182));
#526 = CARTESIAN_POINT('',(1.,0.409829610873));
#527 = CARTESIAN_POINT('',(1.,0.428141997155));
#528 = CARTESIAN_POINT('',(1.,0.446267518524));
#529 = CARTESIAN_POINT('',(1.,0.464254545098));
#530 = CARTESIAN_POINT('',(1.,0.482150066407));
#531 = CARTESIAN_POINT('',(1.,0.494049967163));
#532 = CARTESIAN_POINT('',(1.,0.5));
#533 = ( GEOMETRIC_REPRESENTATION_CONTEXT(2) 
PARAMETRIC_REPRESENTATION_CONTEXT() REPRESENTATION_CONTEXT('2D SPACE',''
  ) );
#534 = ADVANCED_FACE('',(#535),#105,.T.);
#535 = FACE_BOUND('',#536,.T.);
#536 = EDGE_LOOP('',(#537,#583,#584,#607,#640));
#537 = ORIENTED_EDGE('',*,*,#538,.T.);
#538 = EDGE_CURVE('',#539,#48,#541,.T.);
#539 = VERTEX_POINT('',#540);
#540 = CARTESIAN_POINT('',(-0.88427766622,0.699999999996,1.15));
#541 = SURFACE_CURVE('',#542,(#547,#554),.PCURVE_S1.);
#542 = CIRCLE('',#543,0.88427766622);
#543 = AXIS2_PLACEMENT_3D('',#544,#545,#546);
#544 = CARTESIAN_POINT('',(0.,0.699999999996,1.15));
#545 = DIRECTION('',(-0.,-1.,0.));
#546 = DIRECTION('',(-1.224646799147E-16,0.,1.));
#547 = PCURVE('',#105,#548);
#548 = DEFINITIONAL_REPRESENTATION('',(#549),#553);
#549 = LINE('',#550,#551);
#550 = CARTESIAN_POINT('',(-1.570796326795,-0.299999999811));
#551 = VECTOR('',#552,1.);
#552 = DIRECTION('',(1.,0.));
#553 = ( GEOMETRIC_REPRESENTATION_CONTEXT(2) 
PARAMETRIC_REPRESENTATION_CONTEXT() REPRESENTATION_CONTEXT('2D SPACE',''
  ) );
#554 = PCURVE('',#133,#555);
#555 = DEFINITIONAL_REPRESENTATION('',(#556),#582);
#556 = B_SPLINE_CURVE_WITH_KNOTS('',3,(#557,#558,#559,#560,#561,#562,
    #563,#564,#565,#566,#567,#568,#569,#570,#571,#572,#573,#574,#575,
    #576,#577,#578,#579,#580,#581),.UNSPECIFIED.,.F.,.F.,(4,1,1,1,1,1,1,
    1,1,1,1,1,1,1,1,1,1,1,1,1,1,1,4),(1.570796326795,1.642196159831,
    1.713595992867,1.784995825903,1.856395658939,1.927795491976,
    1.999195325012,2.070595158048,2.141994991084,2.21339482412,
    2.284794657156,2.356194490192,2.427594323228,2.498994156265,
    2.570393989301,2.641793822337,2.713193655373,2.784593488409,
    2.855993321445,2.927393154481,2.998792987518,3.070192820554,
    3.14159265359),.QUASI_UNIFORM_KNOTS.);
#557 = CARTESIAN_POINT('',(0.,0.5));
#558 = CARTESIAN_POINT('',(0.,0.505950032837));
#559 = CARTESIAN_POINT('',(0.,0.517849933593));
#560 = CARTESIAN_POINT('',(0.,0.535745454902));
#561 = CARTESIAN_POINT('',(0.,0.553732481476));
#562 = CARTESIAN_POINT('',(0.,0.571858002845));
#563 = CARTESIAN_POINT('',(0.,0.590170389127));
#564 = CARTESIAN_POINT('',(0.,0.608719991818));
#565 = CARTESIAN_POINT('',(0.,0.627559697285));
#566 = CARTESIAN_POINT('',(0.,0.646745563686));
#567 = CARTESIAN_POINT('',(0.,0.666337526786));
#568 = CARTESIAN_POINT('',(0.,0.686400202894));
#569 = CARTESIAN_POINT('',(0.,0.707003810638));
#570 = CARTESIAN_POINT('',(0.,0.728225241673));
#571 = CARTESIAN_POINT('',(0.,0.750149316382));
#572 = CARTESIAN_POINT('',(0.,0.772870271397));
#573 = CARTESIAN_POINT('',(0.,0.796493533148));
#574 = CARTESIAN_POINT('',(0.,0.821137865622));
#575 = CARTESIAN_POINT('',(0.,0.846937935868));
#576 = CARTESIAN_POINT('',(0.,0.874047617025));
#577 = CARTESIAN_POINT('',(0.,0.902643465897));
#578 = CARTESIAN_POINT('',(0.,0.932931308644));
#579 = CARTESIAN_POINT('',(0.,0.965146097156));
#580 = CARTESIAN_POINT('',(-0.,0.988104198473));
#581 = CARTESIAN_POINT('',(0.,1.));
#582 = ( GEOMETRIC_REPRESENTATION_CONTEXT(2) 
PARAMETRIC_REPRESENTATION_CONTEXT() REPRESENTATION_CONTEXT('2D SPACE',''
  ) );
#583 = ORIENTED_EDGE('',*,*,#47,.T.);
#584 = ORIENTED_EDGE('',*,*,#585,.T.);
#585 = EDGE_CURVE('',#50,#586,#588,.T.);
#586 = VERTEX_POINT('',#587);
#587 = CARTESIAN_POINT('',(0.9,0.400000000014,1.15));
#588 = SURFACE_CURVE('',#589,(#593,#600),.PCURVE_S1.);
#589 = LINE('',#590,#591);
#590 = CARTESIAN_POINT('',(0.899999999991,0.400000000185,1.15));
#591 = VECTOR('',#592,1.);
#592 = DIRECTION('',(5.233595623691E-02,-0.998629534755,
    7.703719777549E-33));
#593 = PCURVE('',#105,#594);
#594 = DEFINITIONAL_REPRESENTATION('',(#595),#599);
#595 = LINE('',#596,#597);
#596 = CARTESIAN_POINT('',(3.14159265359,-5.543507512778E-17));
#597 = VECTOR('',#598,1.);
#598 = DIRECTION('',(0.,1.));
#599 = ( GEOMETRIC_REPRESENTATION_CONTEXT(2) 
PARAMETRIC_REPRESENTATION_CONTEXT() REPRESENTATION_CONTEXT('2D SPACE',''
  ) );
#600 = PCURVE('',#385,#601);
#601 = DEFINITIONAL_REPRESENTATION('',(#602),#606);
#602 = LINE('',#603,#604);
#603 = CARTESIAN_POINT('',(3.14159265359,-5.543507512778E-17));
#604 = VECTOR('',#605,1.);
#605 = DIRECTION('',(0.,1.));
#606 = ( GEOMETRIC_REPRESENTATION_CONTEXT(2) 
PARAMETRIC_REPRESENTATION_CONTEXT() REPRESENTATION_CONTEXT('2D SPACE',''
  ) );
#607 = ORIENTED_EDGE('',*,*,#608,.F.);
#608 = EDGE_CURVE('',#609,#586,#611,.T.);
#609 = VERTEX_POINT('',#610);
#610 = CARTESIAN_POINT('',(-0.9,0.400000000014,1.15));
#611 = SURFACE_CURVE('',#612,(#617,#624),.PCURVE_S1.);
#612 = CIRCLE('',#613,0.9);
#613 = AXIS2_PLACEMENT_3D('',#614,#615,#616);
#614 = CARTESIAN_POINT('',(1.027162637017E-26,0.400000000014,1.15));
#615 = DIRECTION('',(6.023345402759E-17,-1.,7.376470667648E-33));
#616 = DIRECTION('',(-1.,-6.023345402759E-17,-1.224646799147E-16));
#617 = PCURVE('',#105,#618);
#618 = DEFINITIONAL_REPRESENTATION('',(#619),#623);
#619 = LINE('',#620,#621);
#620 = CARTESIAN_POINT('',(0.,1.7053026036E-10));
#621 = VECTOR('',#622,1.);
#622 = DIRECTION('',(1.,0.));
#623 = ( GEOMETRIC_REPRESENTATION_CONTEXT(2) 
PARAMETRIC_REPRESENTATION_CONTEXT() REPRESENTATION_CONTEXT('2D SPACE',''
  ) );
#624 = PCURVE('',#625,#630);
#625 = PLANE('',#626);
#626 = AXIS2_PLACEMENT_3D('',#627,#628,#629);
#627 = CARTESIAN_POINT('',(0.,0.4,1.15));
#628 = DIRECTION('',(0.,1.,0.));
#629 = DIRECTION('',(1.224646799147E-16,0.,-1.));
#630 = DEFINITIONAL_REPRESENTATION('',(#631),#639);
#631 = ( BOUNDED_CURVE() B_SPLINE_CURVE(2,(#632,#633,#634,#635,#636,#637
,#638),.UNSPECIFIED.,.T.,.F.) B_SPLINE_CURVE_WITH_KNOTS((1,2,2,2,2,1),(
    -2.094395102393,0.,2.094395102393,4.188790204786,6.28318530718,
8.377580409573),.UNSPECIFIED.) CURVE() GEOMETRIC_REPRESENTATION_ITEM() 
RATIONAL_B_SPLINE_CURVE((1.,0.5,1.,0.5,1.,0.5,1.)) REPRESENTATION_ITEM(
  '') );
#632 = CARTESIAN_POINT('',(1.257911435627E-42,0.9));
#633 = CARTESIAN_POINT('',(1.558845726812,0.9));
#634 = CARTESIAN_POINT('',(0.779422863406,-0.45));
#635 = CARTESIAN_POINT('',(2.204364238465E-16,-1.799999999999));
#636 = CARTESIAN_POINT('',(-0.779422863406,-0.45));
#637 = CARTESIAN_POINT('',(-1.558845726812,0.9));
#638 = CARTESIAN_POINT('',(1.257911435627E-42,0.9));
#639 = ( GEOMETRIC_REPRESENTATION_CONTEXT(2) 
PARAMETRIC_REPRESENTATION_CONTEXT() REPRESENTATION_CONTEXT('2D SPACE',''
  ) );
#640 = ORIENTED_EDGE('',*,*,#641,.F.);
#641 = EDGE_CURVE('',#539,#609,#642,.T.);
#642 = SURFACE_CURVE('',#643,(#647,#654),.PCURVE_S1.);
#643 = LINE('',#644,#645);
#644 = CARTESIAN_POINT('',(-0.899999999991,0.400000000185,1.15));
#645 = VECTOR('',#646,1.);
#646 = DIRECTION('',(-5.233595623691E-02,-0.998629534755,
    -6.409306128585E-18));
#647 = PCURVE('',#105,#648);
#648 = DEFINITIONAL_REPRESENTATION('',(#649),#653);
#649 = LINE('',#650,#651);
#650 = CARTESIAN_POINT('',(0.,0.));
#651 = VECTOR('',#652,1.);
#652 = DIRECTION('',(0.,1.));
#653 = ( GEOMETRIC_REPRESENTATION_CONTEXT(2) 
PARAMETRIC_REPRESENTATION_CONTEXT() REPRESENTATION_CONTEXT('2D SPACE',''
  ) );
#654 = PCURVE('',#385,#655);
#655 = DEFINITIONAL_REPRESENTATION('',(#656),#660);
#656 = LINE('',#657,#658);
#657 = CARTESIAN_POINT('',(6.28318530718,0.));
#658 = VECTOR('',#659,1.);
#659 = DIRECTION('',(0.,1.));
#660 = ( GEOMETRIC_REPRESENTATION_CONTEXT(2) 
PARAMETRIC_REPRESENTATION_CONTEXT() REPRESENTATION_CONTEXT('2D SPACE',''
  ) );
#661 = ADVANCED_FACE('',(#662),#676,.F.);
#662 = FACE_BOUND('',#663,.T.);
#663 = EDGE_LOOP('',(#664,#699,#727,#755,#783,#811,#839,#867));
#664 = ORIENTED_EDGE('',*,*,#665,.F.);
#665 = EDGE_CURVE('',#666,#668,#670,.T.);
#666 = VERTEX_POINT('',#667);
#667 = CARTESIAN_POINT('',(-0.592088420677,-1.2,5.E-02));
#668 = VERTEX_POINT('',#669);
#669 = CARTESIAN_POINT('',(-0.592088420677,-1.2,0.142088420677));
#670 = SURFACE_CURVE('',#671,(#675,#687),.PCURVE_S1.);
#671 = LINE('',#672,#673);
#672 = CARTESIAN_POINT('',(-0.592088420677,-1.2,1.15));
#673 = VECTOR('',#674,1.);
#674 = DIRECTION('',(-1.224646799147E-16,0.,1.));
#675 = PCURVE('',#676,#681);
#676 = PLANE('',#677);
#677 = AXIS2_PLACEMENT_3D('',#678,#679,#680);
#678 = CARTESIAN_POINT('',(0.,-1.2,1.15));
#679 = DIRECTION('',(0.,1.,0.));
#680 = DIRECTION('',(1.224646799147E-16,0.,-1.));
#681 = DEFINITIONAL_REPRESENTATION('',(#682),#686);
#682 = LINE('',#683,#684);
#683 = CARTESIAN_POINT('',(-7.250991891945E-17,0.592088420677));
#684 = VECTOR('',#685,1.);
#685 = DIRECTION('',(-1.,0.));
#686 = ( GEOMETRIC_REPRESENTATION_CONTEXT(2) 
PARAMETRIC_REPRESENTATION_CONTEXT() REPRESENTATION_CONTEXT('2D SPACE',''
  ) );
#687 = PCURVE('',#688,#693);
#688 = PLANE('',#689);
#689 = AXIS2_PLACEMENT_3D('',#690,#691,#692);
#690 = CARTESIAN_POINT('',(-0.5,-0.45,5.E-02));
#691 = DIRECTION('',(0.992546151641,-0.121869343405,1.215518467614E-16)
  );
#692 = DIRECTION('',(-0.121869343405,-0.992546151641,-1.492469013153E-17
    ));
#693 = DEFINITIONAL_REPRESENTATION('',(#694),#698);
#694 = LINE('',#695,#696);
#695 = CARTESIAN_POINT('',(0.755632369094,-1.1));
#696 = VECTOR('',#697,1.);
#697 = DIRECTION('',(0.,-1.));
#698 = ( GEOMETRIC_REPRESENTATION_CONTEXT(2) 
PARAMETRIC_REPRESENTATION_CONTEXT() REPRESENTATION_CONTEXT('2D SPACE',''
  ) );
#699 = ORIENTED_EDGE('',*,*,#700,.F.);
#700 = EDGE_CURVE('',#701,#666,#703,.T.);
#701 = VERTEX_POINT('',#702);
#702 = CARTESIAN_POINT('',(0.592088420677,-1.2,5.E-02));
#703 = SURFACE_CURVE('',#704,(#708,#715),.PCURVE_S1.);
#704 = LINE('',#705,#706);
#705 = CARTESIAN_POINT('',(1.347111479062E-16,-1.2,5.E-02));
#706 = VECTOR('',#707,1.);
#707 = DIRECTION('',(-1.,0.,-1.224646799147E-16));
#708 = PCURVE('',#676,#709);
#709 = DEFINITIONAL_REPRESENTATION('',(#710),#714);
#710 = LINE('',#711,#712);
#711 = CARTESIAN_POINT('',(1.1,0.));
#712 = VECTOR('',#713,1.);
#713 = DIRECTION('',(0.,1.));
#714 = ( GEOMETRIC_REPRESENTATION_CONTEXT(2) 
PARAMETRIC_REPRESENTATION_CONTEXT() REPRESENTATION_CONTEXT('2D SPACE',''
  ) );
#715 = PCURVE('',#716,#721);
#716 = PLANE('',#717);
#717 = AXIS2_PLACEMENT_3D('',#718,#719,#720);
#718 = CARTESIAN_POINT('',(1.347111479062E-16,-0.45,5.E-02));
#719 = DIRECTION('',(1.224646799147E-16,0.,-1.));
#720 = DIRECTION('',(-1.,0.,-1.224646799147E-16));
#721 = DEFINITIONAL_REPRESENTATION('',(#722),#726);
#722 = LINE('',#723,#724);
#723 = CARTESIAN_POINT('',(-0.,-0.75));
#724 = VECTOR('',#725,1.);
#725 = DIRECTION('',(1.,0.));
#726 = ( GEOMETRIC_REPRESENTATION_CONTEXT(2) 
PARAMETRIC_REPRESENTATION_CONTEXT() REPRESENTATION_CONTEXT('2D SPACE',''
  ) );
#727 = ORIENTED_EDGE('',*,*,#728,.F.);
#728 = EDGE_CURVE('',#729,#701,#731,.T.);
#729 = VERTEX_POINT('',#730);
#730 = CARTESIAN_POINT('',(0.592088420677,-1.2,0.142088420677));
#731 = SURFACE_CURVE('',#732,(#736,#743),.PCURVE_S1.);
#732 = LINE('',#733,#734);
#733 = CARTESIAN_POINT('',(0.592088420677,-1.2,1.15));
#734 = VECTOR('',#735,1.);
#735 = DIRECTION('',(1.224646799147E-16,0.,-1.));
#736 = PCURVE('',#676,#737);
#737 = DEFINITIONAL_REPRESENTATION('',(#738),#742);
#738 = LINE('',#739,#740);
#739 = CARTESIAN_POINT('',(7.250991891945E-17,-0.592088420677));
#740 = VECTOR('',#741,1.);
#741 = DIRECTION('',(1.,0.));
#742 = ( GEOMETRIC_REPRESENTATION_CONTEXT(2) 
PARAMETRIC_REPRESENTATION_CONTEXT() REPRESENTATION_CONTEXT('2D SPACE',''
  ) );
#743 = PCURVE('',#744,#749);
#744 = PLANE('',#745);
#745 = AXIS2_PLACEMENT_3D('',#746,#747,#748);
#746 = CARTESIAN_POINT('',(0.5,-0.45,5.E-02));
#747 = DIRECTION('',(-0.992546151641,-0.121869343405,-1.215518467614E-16
    ));
#748 = DIRECTION('',(-0.121869343405,0.992546151641,-1.492469013153E-17)
  );
#749 = DEFINITIONAL_REPRESENTATION('',(#750),#754);
#750 = LINE('',#751,#752);
#751 = CARTESIAN_POINT('',(-0.755632369094,-1.1));
#752 = VECTOR('',#753,1.);
#753 = DIRECTION('',(0.,1.));
#754 = ( GEOMETRIC_REPRESENTATION_CONTEXT(2) 
PARAMETRIC_REPRESENTATION_CONTEXT() REPRESENTATION_CONTEXT('2D SPACE',''
  ) );
#755 = ORIENTED_EDGE('',*,*,#756,.F.);
#756 = EDGE_CURVE('',#757,#729,#759,.T.);
#757 = VERTEX_POINT('',#758);
#758 = CARTESIAN_POINT('',(1.007911579323,-1.2,0.142088420677));
#759 = SURFACE_CURVE('',#760,(#764,#771),.PCURVE_S1.);
#760 = LINE('',#761,#762);
#761 = CARTESIAN_POINT('',(1.234335689441E-16,-1.2,0.142088420677));
#762 = VECTOR('',#763,1.);
#763 = DIRECTION('',(-1.,0.,-1.224646799147E-16));
#764 = PCURVE('',#676,#765);
#765 = DEFINITIONAL_REPRESENTATION('',(#766),#770);
#766 = LINE('',#767,#768);
#767 = CARTESIAN_POINT('',(1.007911579323,0.));
#768 = VECTOR('',#769,1.);
#769 = DIRECTION('',(0.,1.));
#770 = ( GEOMETRIC_REPRESENTATION_CONTEXT(2) 
PARAMETRIC_REPRESENTATION_CONTEXT() REPRESENTATION_CONTEXT('2D SPACE',''
  ) );
#771 = PCURVE('',#772,#777);
#772 = PLANE('',#773);
#773 = AXIS2_PLACEMENT_3D('',#774,#775,#776);
#774 = CARTESIAN_POINT('',(-1.1,-0.45,5.E-02));
#775 = DIRECTION('',(2.37226927703E-17,-0.121869343405,-0.992546151641)
  );
#776 = DIRECTION('',(-1.492469013153E-17,-0.992546151641,0.121869343405)
  );
#777 = DEFINITIONAL_REPRESENTATION('',(#778),#782);
#778 = LINE('',#779,#780);
#779 = CARTESIAN_POINT('',(0.755632369094,-1.1));
#780 = VECTOR('',#781,1.);
#781 = DIRECTION('',(1.155557966632E-33,1.));
#782 = ( GEOMETRIC_REPRESENTATION_CONTEXT(2) 
PARAMETRIC_REPRESENTATION_CONTEXT() REPRESENTATION_CONTEXT('2D SPACE',''
  ) );
#783 = ORIENTED_EDGE('',*,*,#784,.F.);
#784 = EDGE_CURVE('',#785,#757,#787,.T.);
#785 = VERTEX_POINT('',#786);
#786 = CARTESIAN_POINT('',(1.007911579323,-1.2,2.157911579323));
#787 = SURFACE_CURVE('',#788,(#792,#799),.PCURVE_S1.);
#788 = LINE('',#789,#790);
#789 = CARTESIAN_POINT('',(1.007911579323,-1.2,1.15));
#790 = VECTOR('',#791,1.);
#791 = DIRECTION('',(1.224646799147E-16,0.,-1.));
#792 = PCURVE('',#676,#793);
#793 = DEFINITIONAL_REPRESENTATION('',(#794),#798);
#794 = LINE('',#795,#796);
#795 = CARTESIAN_POINT('',(-9.861103598091E-17,-1.007911579323));
#796 = VECTOR('',#797,1.);
#797 = DIRECTION('',(1.,0.));
#798 = ( GEOMETRIC_REPRESENTATION_CONTEXT(2) 
PARAMETRIC_REPRESENTATION_CONTEXT() REPRESENTATION_CONTEXT('2D SPACE',''
  ) );
#799 = PCURVE('',#800,#805);
#800 = PLANE('',#801);
#801 = AXIS2_PLACEMENT_3D('',#802,#803,#804);
#802 = CARTESIAN_POINT('',(1.1,-0.45,5.E-02));
#803 = DIRECTION('',(0.992546151641,-0.121869343405,1.215518467614E-16)
  );
#804 = DIRECTION('',(-0.121869343405,-0.992546151641,-1.492469013153E-17
    ));
#805 = DEFINITIONAL_REPRESENTATION('',(#806),#810);
#806 = LINE('',#807,#808);
#807 = CARTESIAN_POINT('',(0.755632369094,-1.1));
#808 = VECTOR('',#809,1.);
#809 = DIRECTION('',(0.,1.));
#810 = ( GEOMETRIC_REPRESENTATION_CONTEXT(2) 
PARAMETRIC_REPRESENTATION_CONTEXT() REPRESENTATION_CONTEXT('2D SPACE',''
  ) );
#811 = ORIENTED_EDGE('',*,*,#812,.F.);
#812 = EDGE_CURVE('',#813,#785,#815,.T.);
#813 = VERTEX_POINT('',#814);
#814 = CARTESIAN_POINT('',(-1.007911579323,-1.2,2.157911579323));
#815 = SURFACE_CURVE('',#816,(#820,#827),.PCURVE_S1.);
#816 = LINE('',#817,#818);
#817 = CARTESIAN_POINT('',(-1.234335689441E-16,-1.2,2.157911579323));
#818 = VECTOR('',#819,1.);
#819 = DIRECTION('',(1.,0.,1.224646799147E-16));
#820 = PCURVE('',#676,#821);
#821 = DEFINITIONAL_REPRESENTATION('',(#822),#826);
#822 = LINE('',#823,#824);
#823 = CARTESIAN_POINT('',(-1.007911579323,4.930380657631E-32));
#824 = VECTOR('',#825,1.);
#825 = DIRECTION('',(0.,-1.));
#826 = ( GEOMETRIC_REPRESENTATION_CONTEXT(2) 
PARAMETRIC_REPRESENTATION_CONTEXT() REPRESENTATION_CONTEXT('2D SPACE',''
  ) );
#827 = PCURVE('',#828,#833);
#828 = PLANE('',#829);
#829 = AXIS2_PLACEMENT_3D('',#830,#831,#832);
#830 = CARTESIAN_POINT('',(1.1,-0.45,2.25));
#831 = DIRECTION('',(-1.215518467614E-16,-0.121869343405,0.992546151641)
  );
#832 = DIRECTION('',(-1.492469013153E-17,0.992546151641,0.121869343405)
  );
#833 = DEFINITIONAL_REPRESENTATION('',(#834),#838);
#834 = LINE('',#835,#836);
#835 = CARTESIAN_POINT('',(-0.755632369094,1.1));
#836 = VECTOR('',#837,1.);
#837 = DIRECTION('',(0.,-1.));
#838 = ( GEOMETRIC_REPRESENTATION_CONTEXT(2) 
PARAMETRIC_REPRESENTATION_CONTEXT() REPRESENTATION_CONTEXT('2D SPACE',''
  ) );
#839 = ORIENTED_EDGE('',*,*,#840,.F.);
#840 = EDGE_CURVE('',#841,#813,#843,.T.);
#841 = VERTEX_POINT('',#842);
#842 = CARTESIAN_POINT('',(-1.007911579323,-1.2,0.142088420677));
#843 = SURFACE_CURVE('',#844,(#848,#855),.PCURVE_S1.);
#844 = LINE('',#845,#846);
#845 = CARTESIAN_POINT('',(-1.007911579323,-1.2,1.15));
#846 = VECTOR('',#847,1.);
#847 = DIRECTION('',(-1.224646799147E-16,0.,1.));
#848 = PCURVE('',#676,#849);
#849 = DEFINITIONAL_REPRESENTATION('',(#850),#854);
#850 = LINE('',#851,#852);
#851 = CARTESIAN_POINT('',(9.861103598091E-17,1.007911579323));
#852 = VECTOR('',#853,1.);
#853 = DIRECTION('',(-1.,0.));
#854 = ( GEOMETRIC_REPRESENTATION_CONTEXT(2) 
PARAMETRIC_REPRESENTATION_CONTEXT() REPRESENTATION_CONTEXT('2D SPACE',''
  ) );
#855 = PCURVE('',#856,#861);
#856 = PLANE('',#857);
#857 = AXIS2_PLACEMENT_3D('',#858,#859,#860);
#858 = CARTESIAN_POINT('',(-1.1,-0.45,2.25));
#859 = DIRECTION('',(-0.992546151641,-0.121869343405,-1.215518467614E-16
    ));
#860 = DIRECTION('',(-0.121869343405,0.992546151641,-1.492469013153E-17)
  );
#861 = DEFINITIONAL_REPRESENTATION('',(#862),#866);
#862 = LINE('',#863,#864);
#863 = CARTESIAN_POINT('',(-0.755632369094,1.1));
#864 = VECTOR('',#865,1.);
#865 = DIRECTION('',(0.,-1.));
#866 = ( GEOMETRIC_REPRESENTATION_CONTEXT(2) 
PARAMETRIC_REPRESENTATION_CONTEXT() REPRESENTATION_CONTEXT('2D SPACE',''
  ) );
#867 = ORIENTED_EDGE('',*,*,#868,.F.);
#868 = EDGE_CURVE('',#668,#841,#869,.T.);
#869 = SURFACE_CURVE('',#870,(#874,#881),.PCURVE_S1.);
#870 = LINE('',#871,#872);
#871 = CARTESIAN_POINT('',(1.234335689441E-16,-1.2,0.142088420677));
#872 = VECTOR('',#873,1.);
#873 = DIRECTION('',(-1.,0.,-1.224646799147E-16));
#874 = PCURVE('',#676,#875);
#875 = DEFINITIONAL_REPRESENTATION('',(#876),#880);
#876 = LINE('',#877,#878);
#877 = CARTESIAN_POINT('',(1.007911579323,0.));
#878 = VECTOR('',#879,1.);
#879 = DIRECTION('',(0.,1.));
#880 = ( GEOMETRIC_REPRESENTATION_CONTEXT(2) 
PARAMETRIC_REPRESENTATION_CONTEXT() REPRESENTATION_CONTEXT('2D SPACE',''
  ) );
#881 = PCURVE('',#882,#887);
#882 = PLANE('',#883);
#883 = AXIS2_PLACEMENT_3D('',#884,#885,#886);
#884 = CARTESIAN_POINT('',(-1.1,-0.45,5.E-02));
#885 = DIRECTION('',(2.37226927703E-17,-0.121869343405,-0.992546151641)
  );
#886 = DIRECTION('',(-1.492469013153E-17,-0.992546151641,0.121869343405)
  );
#887 = DEFINITIONAL_REPRESENTATION('',(#888),#892);
#888 = LINE('',#889,#890);
#889 = CARTESIAN_POINT('',(0.755632369094,-1.1));
#890 = VECTOR('',#891,1.);
#891 = DIRECTION('',(1.155557966632E-33,1.));
#892 = ( GEOMETRIC_REPRESENTATION_CONTEXT(2) 
PARAMETRIC_REPRESENTATION_CONTEXT() REPRESENTATION_CONTEXT('2D SPACE',''
  ) );
#893 = ADVANCED_FACE('',(#894),#882,.T.);
#894 = FACE_BOUND('',#895,.T.);
#895 = EDGE_LOOP('',(#896,#919,#947,#968));
#896 = ORIENTED_EDGE('',*,*,#897,.T.);
#897 = EDGE_CURVE('',#841,#898,#900,.T.);
#898 = VERTEX_POINT('',#899);
#899 = CARTESIAN_POINT('',(-1.1,-0.45,5.E-02));
#900 = SURFACE_CURVE('',#901,(#905,#912),.PCURVE_S1.);
#901 = LINE('',#902,#903);
#902 = CARTESIAN_POINT('',(-1.007911579323,-1.2,0.142088420677));
#903 = VECTOR('',#904,1.);
#904 = DIRECTION('',(-0.120974291151,0.985256536015,-0.120974291151));
#905 = PCURVE('',#882,#906);
#906 = DEFINITIONAL_REPRESENTATION('',(#907),#911);
#907 = LINE('',#908,#909);
#908 = CARTESIAN_POINT('',(0.755632369094,-9.208842067718E-02));
#909 = VECTOR('',#910,1.);
#910 = DIRECTION('',(-0.992655640633,0.120974291151));
#911 = ( GEOMETRIC_REPRESENTATION_CONTEXT(2) 
PARAMETRIC_REPRESENTATION_CONTEXT() REPRESENTATION_CONTEXT('2D SPACE',''
  ) );
#912 = PCURVE('',#856,#913);
#913 = DEFINITIONAL_REPRESENTATION('',(#914),#918);
#914 = LINE('',#915,#916);
#915 = CARTESIAN_POINT('',(-0.755632369094,2.107911579323));
#916 = VECTOR('',#917,1.);
#917 = DIRECTION('',(0.992655640633,0.120974291151));
#918 = ( GEOMETRIC_REPRESENTATION_CONTEXT(2) 
PARAMETRIC_REPRESENTATION_CONTEXT() REPRESENTATION_CONTEXT('2D SPACE',''
  ) );
#919 = ORIENTED_EDGE('',*,*,#920,.T.);
#920 = EDGE_CURVE('',#898,#921,#923,.T.);
#921 = VERTEX_POINT('',#922);
#922 = CARTESIAN_POINT('',(-0.5,-0.45,5.E-02));
#923 = SURFACE_CURVE('',#924,(#928,#935),.PCURVE_S1.);
#924 = LINE('',#925,#926);
#925 = CARTESIAN_POINT('',(1.347111479062E-16,-0.45,5.E-02));
#926 = VECTOR('',#927,1.);
#927 = DIRECTION('',(1.,0.,1.224646799147E-16));
#928 = PCURVE('',#882,#929);
#929 = DEFINITIONAL_REPRESENTATION('',(#930),#934);
#930 = LINE('',#931,#932);
#931 = CARTESIAN_POINT('',(-1.303460536857E-17,-1.1));
#932 = VECTOR('',#933,1.);
#933 = DIRECTION('',(-1.155557966632E-33,-1.));
#934 = ( GEOMETRIC_REPRESENTATION_CONTEXT(2) 
PARAMETRIC_REPRESENTATION_CONTEXT() REPRESENTATION_CONTEXT('2D SPACE',''
  ) );
#935 = PCURVE('',#936,#941);
#936 = PLANE('',#937);
#937 = AXIS2_PLACEMENT_3D('',#938,#939,#940);
#938 = CARTESIAN_POINT('',(0.,-0.45,1.15));
#939 = DIRECTION('',(0.,1.,0.));
#940 = DIRECTION('',(1.224646799147E-16,0.,-1.));
#941 = DEFINITIONAL_REPRESENTATION('',(#942),#946);
#942 = LINE('',#943,#944);
#943 = CARTESIAN_POINT('',(1.1,0.));
#944 = VECTOR('',#945,1.);
#945 = DIRECTION('',(0.,-1.));
#946 = ( GEOMETRIC_REPRESENTATION_CONTEXT(2) 
PARAMETRIC_REPRESENTATION_CONTEXT() REPRESENTATION_CONTEXT('2D SPACE',''
  ) );
#947 = ORIENTED_EDGE('',*,*,#948,.T.);
#948 = EDGE_CURVE('',#921,#668,#949,.T.);
#949 = SURFACE_CURVE('',#950,(#954,#961),.PCURVE_S1.);
#950 = LINE('',#951,#952);
#951 = CARTESIAN_POINT('',(-0.5,-0.45,5.E-02));
#952 = VECTOR('',#953,1.);
#953 = DIRECTION('',(-0.120974291151,-0.985256536015,0.120974291151));
#954 = PCURVE('',#882,#955);
#955 = DEFINITIONAL_REPRESENTATION('',(#956),#960);
#956 = LINE('',#957,#958);
#957 = CARTESIAN_POINT('',(-6.417898746837E-18,-0.6));
#958 = VECTOR('',#959,1.);
#959 = DIRECTION('',(0.992655640633,0.120974291151));
#960 = ( GEOMETRIC_REPRESENTATION_CONTEXT(2) 
PARAMETRIC_REPRESENTATION_CONTEXT() REPRESENTATION_CONTEXT('2D SPACE',''
  ) );
#961 = PCURVE('',#688,#962);
#962 = DEFINITIONAL_REPRESENTATION('',(#963),#967);
#963 = LINE('',#964,#965);
#964 = CARTESIAN_POINT('',(1.101947590555E-16,0.));
#965 = VECTOR('',#966,1.);
#966 = DIRECTION('',(0.992655640633,-0.120974291151));
#967 = ( GEOMETRIC_REPRESENTATION_CONTEXT(2) 
PARAMETRIC_REPRESENTATION_CONTEXT() REPRESENTATION_CONTEXT('2D SPACE',''
  ) );
#968 = ORIENTED_EDGE('',*,*,#868,.T.);
#969 = ADVANCED_FACE('',(#970),#688,.F.);
#970 = FACE_BOUND('',#971,.T.);
#971 = EDGE_LOOP('',(#972,#973,#994));
#972 = ORIENTED_EDGE('',*,*,#948,.F.);
#973 = ORIENTED_EDGE('',*,*,#974,.F.);
#974 = EDGE_CURVE('',#666,#921,#975,.T.);
#975 = SURFACE_CURVE('',#976,(#980,#987),.PCURVE_S1.);
#976 = LINE('',#977,#978);
#977 = CARTESIAN_POINT('',(-0.5,-0.45,5.E-02));
#978 = VECTOR('',#979,1.);
#979 = DIRECTION('',(0.121869343405,0.992546151641,1.492469013153E-17));
#980 = PCURVE('',#688,#981);
#981 = DEFINITIONAL_REPRESENTATION('',(#982),#986);
#982 = LINE('',#983,#984);
#983 = CARTESIAN_POINT('',(-0.,0.));
#984 = VECTOR('',#985,1.);
#985 = DIRECTION('',(-1.,0.));
#986 = ( GEOMETRIC_REPRESENTATION_CONTEXT(2) 
PARAMETRIC_REPRESENTATION_CONTEXT() REPRESENTATION_CONTEXT('2D SPACE',''
  ) );
#987 = PCURVE('',#716,#988);
#988 = DEFINITIONAL_REPRESENTATION('',(#989),#993);
#989 = LINE('',#990,#991);
#990 = CARTESIAN_POINT('',(0.5,1.110223024625E-16));
#991 = VECTOR('',#992,1.);
#992 = DIRECTION('',(-0.121869343405,0.992546151641));
#993 = ( GEOMETRIC_REPRESENTATION_CONTEXT(2) 
PARAMETRIC_REPRESENTATION_CONTEXT() REPRESENTATION_CONTEXT('2D SPACE',''
  ) );
#994 = ORIENTED_EDGE('',*,*,#665,.T.);
#995 = ADVANCED_FACE('',(#996),#716,.T.);
#996 = FACE_BOUND('',#997,.T.);
#997 = EDGE_LOOP('',(#998,#1021,#1022,#1023));
#998 = ORIENTED_EDGE('',*,*,#999,.T.);
#999 = EDGE_CURVE('',#1000,#701,#1002,.T.);
#1000 = VERTEX_POINT('',#1001);
#1001 = CARTESIAN_POINT('',(0.5,-0.45,5.E-02));
#1002 = SURFACE_CURVE('',#1003,(#1007,#1014),.PCURVE_S1.);
#1003 = LINE('',#1004,#1005);
#1004 = CARTESIAN_POINT('',(0.5,-0.45,5.E-02));
#1005 = VECTOR('',#1006,1.);
#1006 = DIRECTION('',(0.121869343405,-0.992546151641,1.492469013153E-17)
  );
#1007 = PCURVE('',#716,#1008);
#1008 = DEFINITIONAL_REPRESENTATION('',(#1009),#1013);
#1009 = LINE('',#1010,#1011);
#1010 = CARTESIAN_POINT('',(-0.5,0.));
#1011 = VECTOR('',#1012,1.);
#1012 = DIRECTION('',(-0.121869343405,-0.992546151641));
#1013 = ( GEOMETRIC_REPRESENTATION_CONTEXT(2) 
PARAMETRIC_REPRESENTATION_CONTEXT() REPRESENTATION_CONTEXT('2D SPACE',''
  ) );
#1014 = PCURVE('',#744,#1015);
#1015 = DEFINITIONAL_REPRESENTATION('',(#1016),#1020);
#1016 = LINE('',#1017,#1018);
#1017 = CARTESIAN_POINT('',(0.,0.));
#1018 = VECTOR('',#1019,1.);
#1019 = DIRECTION('',(-1.,0.));
#1020 = ( GEOMETRIC_REPRESENTATION_CONTEXT(2) 
PARAMETRIC_REPRESENTATION_CONTEXT() REPRESENTATION_CONTEXT('2D SPACE',''
  ) );
#1021 = ORIENTED_EDGE('',*,*,#700,.T.);
#1022 = ORIENTED_EDGE('',*,*,#974,.T.);
#1023 = ORIENTED_EDGE('',*,*,#1024,.T.);
#1024 = EDGE_CURVE('',#921,#1000,#1025,.T.);
#1025 = SURFACE_CURVE('',#1026,(#1030,#1037),.PCURVE_S1.);
#1026 = LINE('',#1027,#1028);
#1027 = CARTESIAN_POINT('',(1.347111479062E-16,-0.45,5.E-02));
#1028 = VECTOR('',#1029,1.);
#1029 = DIRECTION('',(1.,0.,1.224646799147E-16));
#1030 = PCURVE('',#716,#1031);
#1031 = DEFINITIONAL_REPRESENTATION('',(#1032),#1036);
#1032 = LINE('',#1033,#1034);
#1033 = CARTESIAN_POINT('',(0.,0.));
#1034 = VECTOR('',#1035,1.);
#1035 = DIRECTION('',(-1.,0.));
#1036 = ( GEOMETRIC_REPRESENTATION_CONTEXT(2) 
PARAMETRIC_REPRESENTATION_CONTEXT() REPRESENTATION_CONTEXT('2D SPACE',''
  ) );
#1037 = PCURVE('',#936,#1038);
#1038 = DEFINITIONAL_REPRESENTATION('',(#1039),#1043);
#1039 = LINE('',#1040,#1041);
#1040 = CARTESIAN_POINT('',(1.1,0.));
#1041 = VECTOR('',#1042,1.);
#1042 = DIRECTION('',(0.,-1.));
#1043 = ( GEOMETRIC_REPRESENTATION_CONTEXT(2) 
PARAMETRIC_REPRESENTATION_CONTEXT() REPRESENTATION_CONTEXT('2D SPACE',''
  ) );
#1044 = ADVANCED_FACE('',(#1045),#744,.F.);
#1045 = FACE_BOUND('',#1046,.T.);
#1046 = EDGE_LOOP('',(#1047,#1068,#1069));
#1047 = ORIENTED_EDGE('',*,*,#1048,.F.);
#1048 = EDGE_CURVE('',#729,#1000,#1049,.T.);
#1049 = SURFACE_CURVE('',#1050,(#1054,#1061),.PCURVE_S1.);
#1050 = LINE('',#1051,#1052);
#1051 = CARTESIAN_POINT('',(0.592088420677,-1.2,0.142088420677));
#1052 = VECTOR('',#1053,1.);
#1053 = DIRECTION('',(-0.120974291151,0.985256536015,-0.120974291151));
#1054 = PCURVE('',#744,#1055);
#1055 = DEFINITIONAL_REPRESENTATION('',(#1056),#1060);
#1056 = LINE('',#1057,#1058);
#1057 = CARTESIAN_POINT('',(-0.755632369094,-9.208842067718E-02));
#1058 = VECTOR('',#1059,1.);
#1059 = DIRECTION('',(0.992655640633,0.120974291151));
#1060 = ( GEOMETRIC_REPRESENTATION_CONTEXT(2) 
PARAMETRIC_REPRESENTATION_CONTEXT() REPRESENTATION_CONTEXT('2D SPACE',''
  ) );
#1061 = PCURVE('',#772,#1062);
#1062 = DEFINITIONAL_REPRESENTATION('',(#1063),#1067);
#1063 = LINE('',#1064,#1065);
#1064 = CARTESIAN_POINT('',(0.755632369094,-1.692088420677));
#1065 = VECTOR('',#1066,1.);
#1066 = DIRECTION('',(-0.992655640633,0.120974291151));
#1067 = ( GEOMETRIC_REPRESENTATION_CONTEXT(2) 
PARAMETRIC_REPRESENTATION_CONTEXT() REPRESENTATION_CONTEXT('2D SPACE',''
  ) );
#1068 = ORIENTED_EDGE('',*,*,#728,.T.);
#1069 = ORIENTED_EDGE('',*,*,#999,.F.);
#1070 = ADVANCED_FACE('',(#1071),#772,.T.);
#1071 = FACE_BOUND('',#1072,.T.);
#1072 = EDGE_LOOP('',(#1073,#1096,#1097,#1098));
#1073 = ORIENTED_EDGE('',*,*,#1074,.T.);
#1074 = EDGE_CURVE('',#1075,#757,#1077,.T.);
#1075 = VERTEX_POINT('',#1076);
#1076 = CARTESIAN_POINT('',(1.1,-0.45,5.E-02));
#1077 = SURFACE_CURVE('',#1078,(#1082,#1089),.PCURVE_S1.);
#1078 = LINE('',#1079,#1080);
#1079 = CARTESIAN_POINT('',(1.1,-0.45,5.E-02));
#1080 = VECTOR('',#1081,1.);
#1081 = DIRECTION('',(-0.120974291151,-0.985256536015,0.120974291151));
#1082 = PCURVE('',#772,#1083);
#1083 = DEFINITIONAL_REPRESENTATION('',(#1084),#1088);
#1084 = LINE('',#1085,#1086);
#1085 = CARTESIAN_POINT('',(-2.606921073715E-17,-2.2));
#1086 = VECTOR('',#1087,1.);
#1087 = DIRECTION('',(0.992655640633,0.120974291151));
#1088 = ( GEOMETRIC_REPRESENTATION_CONTEXT(2) 
PARAMETRIC_REPRESENTATION_CONTEXT() REPRESENTATION_CONTEXT('2D SPACE',''
  ) );
#1089 = PCURVE('',#800,#1090);
#1090 = DEFINITIONAL_REPRESENTATION('',(#1091),#1095);
#1091 = LINE('',#1092,#1093);
#1092 = CARTESIAN_POINT('',(-1.101947590555E-16,0.));
#1093 = VECTOR('',#1094,1.);
#1094 = DIRECTION('',(0.992655640633,-0.120974291151));
#1095 = ( GEOMETRIC_REPRESENTATION_CONTEXT(2) 
PARAMETRIC_REPRESENTATION_CONTEXT() REPRESENTATION_CONTEXT('2D SPACE',''
  ) );
#1096 = ORIENTED_EDGE('',*,*,#756,.T.);
#1097 = ORIENTED_EDGE('',*,*,#1048,.T.);
#1098 = ORIENTED_EDGE('',*,*,#1099,.T.);
#1099 = EDGE_CURVE('',#1000,#1075,#1100,.T.);
#1100 = SURFACE_CURVE('',#1101,(#1105,#1112),.PCURVE_S1.);
#1101 = LINE('',#1102,#1103);
#1102 = CARTESIAN_POINT('',(1.347111479062E-16,-0.45,5.E-02));
#1103 = VECTOR('',#1104,1.);
#1104 = DIRECTION('',(1.,0.,1.224646799147E-16));
#1105 = PCURVE('',#772,#1106);
#1106 = DEFINITIONAL_REPRESENTATION('',(#1107),#1111);
#1107 = LINE('',#1108,#1109);
#1108 = CARTESIAN_POINT('',(-1.303460536857E-17,-1.1));
#1109 = VECTOR('',#1110,1.);
#1110 = DIRECTION('',(-1.155557966632E-33,-1.));
#1111 = ( GEOMETRIC_REPRESENTATION_CONTEXT(2) 
PARAMETRIC_REPRESENTATION_CONTEXT() REPRESENTATION_CONTEXT('2D SPACE',''
  ) );
#1112 = PCURVE('',#936,#1113);
#1113 = DEFINITIONAL_REPRESENTATION('',(#1114),#1118);
#1114 = LINE('',#1115,#1116);
#1115 = CARTESIAN_POINT('',(1.1,0.));
#1116 = VECTOR('',#1117,1.);
#1117 = DIRECTION('',(0.,-1.));
#1118 = ( GEOMETRIC_REPRESENTATION_CONTEXT(2) 
PARAMETRIC_REPRESENTATION_CONTEXT() REPRESENTATION_CONTEXT('2D SPACE',''
  ) );
#1119 = ADVANCED_FACE('',(#1120),#800,.T.);
#1120 = FACE_BOUND('',#1121,.T.);
#1121 = EDGE_LOOP('',(#1122,#1123,#1146,#1167));
#1122 = ORIENTED_EDGE('',*,*,#1074,.F.);
#1123 = ORIENTED_EDGE('',*,*,#1124,.T.);
#1124 = EDGE_CURVE('',#1075,#1125,#1127,.T.);
#1125 = VERTEX_POINT('',#1126);
#1126 = CARTESIAN_POINT('',(1.1,-0.45,2.25));
#1127 = SURFACE_CURVE('',#1128,(#1132,#1139),.PCURVE_S1.);
#1128 = LINE('',#1129,#1130);
#1129 = CARTESIAN_POINT('',(1.1,-0.45,5.E-02));
#1130 = VECTOR('',#1131,1.);
#1131 = DIRECTION('',(-1.224646799147E-16,-0.,1.));
#1132 = PCURVE('',#800,#1133);
#1133 = DEFINITIONAL_REPRESENTATION('',(#1134),#1138);
#1134 = LINE('',#1135,#1136);
#1135 = CARTESIAN_POINT('',(-0.,0.));
#1136 = VECTOR('',#1137,1.);
#1137 = DIRECTION('',(0.,-1.));
#1138 = ( GEOMETRIC_REPRESENTATION_CONTEXT(2) 
PARAMETRIC_REPRESENTATION_CONTEXT() REPRESENTATION_CONTEXT('2D SPACE',''
  ) );
#1139 = PCURVE('',#936,#1140);
#1140 = DEFINITIONAL_REPRESENTATION('',(#1141),#1145);
#1141 = LINE('',#1142,#1143);
#1142 = CARTESIAN_POINT('',(1.1,-1.1));
#1143 = VECTOR('',#1144,1.);
#1144 = DIRECTION('',(-1.,0.));
#1145 = ( GEOMETRIC_REPRESENTATION_CONTEXT(2) 
PARAMETRIC_REPRESENTATION_CONTEXT() REPRESENTATION_CONTEXT('2D SPACE',''
  ) );
#1146 = ORIENTED_EDGE('',*,*,#1147,.T.);
#1147 = EDGE_CURVE('',#1125,#785,#1148,.T.);
#1148 = SURFACE_CURVE('',#1149,(#1153,#1160),.PCURVE_S1.);
#1149 = LINE('',#1150,#1151);
#1150 = CARTESIAN_POINT('',(1.1,-0.45,2.25));
#1151 = VECTOR('',#1152,1.);
#1152 = DIRECTION('',(-0.120974291151,-0.985256536015,-0.120974291151));
#1153 = PCURVE('',#800,#1154);
#1154 = DEFINITIONAL_REPRESENTATION('',(#1155),#1159);
#1155 = LINE('',#1156,#1157);
#1156 = CARTESIAN_POINT('',(-5.773888080498E-18,-2.2));
#1157 = VECTOR('',#1158,1.);
#1158 = DIRECTION('',(0.992655640633,0.120974291151));
#1159 = ( GEOMETRIC_REPRESENTATION_CONTEXT(2) 
PARAMETRIC_REPRESENTATION_CONTEXT() REPRESENTATION_CONTEXT('2D SPACE',''
  ) );
#1160 = PCURVE('',#828,#1161);
#1161 = DEFINITIONAL_REPRESENTATION('',(#1162),#1166);
#1162 = LINE('',#1163,#1164);
#1163 = CARTESIAN_POINT('',(1.652921385833E-16,0.));
#1164 = VECTOR('',#1165,1.);
#1165 = DIRECTION('',(-0.992655640633,0.120974291151));
#1166 = ( GEOMETRIC_REPRESENTATION_CONTEXT(2) 
PARAMETRIC_REPRESENTATION_CONTEXT() REPRESENTATION_CONTEXT('2D SPACE',''
  ) );
#1167 = ORIENTED_EDGE('',*,*,#784,.T.);
#1168 = ADVANCED_FACE('',(#1169),#828,.T.);
#1169 = FACE_BOUND('',#1170,.T.);
#1170 = EDGE_LOOP('',(#1171,#1172,#1195,#1216));
#1171 = ORIENTED_EDGE('',*,*,#1147,.F.);
#1172 = ORIENTED_EDGE('',*,*,#1173,.T.);
#1173 = EDGE_CURVE('',#1125,#1174,#1176,.T.);
#1174 = VERTEX_POINT('',#1175);
#1175 = CARTESIAN_POINT('',(-1.1,-0.45,2.25));
#1176 = SURFACE_CURVE('',#1177,(#1181,#1188),.PCURVE_S1.);
#1177 = LINE('',#1178,#1179);
#1178 = CARTESIAN_POINT('',(1.1,-0.45,2.25));
#1179 = VECTOR('',#1180,1.);
#1180 = DIRECTION('',(-1.,0.,-1.224646799147E-16));
#1181 = PCURVE('',#828,#1182);
#1182 = DEFINITIONAL_REPRESENTATION('',(#1183),#1187);
#1183 = LINE('',#1184,#1185);
#1184 = CARTESIAN_POINT('',(0.,0.));
#1185 = VECTOR('',#1186,1.);
#1186 = DIRECTION('',(0.,1.));
#1187 = ( GEOMETRIC_REPRESENTATION_CONTEXT(2) 
PARAMETRIC_REPRESENTATION_CONTEXT() REPRESENTATION_CONTEXT('2D SPACE',''
  ) );
#1188 = PCURVE('',#936,#1189);
#1189 = DEFINITIONAL_REPRESENTATION('',(#1190),#1194);
#1190 = LINE('',#1191,#1192);
#1191 = CARTESIAN_POINT('',(-1.1,-1.1));
#1192 = VECTOR('',#1193,1.);
#1193 = DIRECTION('',(0.,1.));
#1194 = ( GEOMETRIC_REPRESENTATION_CONTEXT(2) 
PARAMETRIC_REPRESENTATION_CONTEXT() REPRESENTATION_CONTEXT('2D SPACE',''
  ) );
#1195 = ORIENTED_EDGE('',*,*,#1196,.T.);
#1196 = EDGE_CURVE('',#1174,#813,#1197,.T.);
#1197 = SURFACE_CURVE('',#1198,(#1202,#1209),.PCURVE_S1.);
#1198 = LINE('',#1199,#1200);
#1199 = CARTESIAN_POINT('',(-1.1,-0.45,2.25));
#1200 = VECTOR('',#1201,1.);
#1201 = DIRECTION('',(0.120974291151,-0.985256536015,-0.120974291151));
#1202 = PCURVE('',#828,#1203);
#1203 = DEFINITIONAL_REPRESENTATION('',(#1204),#1208);
#1204 = LINE('',#1205,#1206);
#1205 = CARTESIAN_POINT('',(3.381083739939E-17,2.2));
#1206 = VECTOR('',#1207,1.);
#1207 = DIRECTION('',(-0.992655640633,-0.120974291151));
#1208 = ( GEOMETRIC_REPRESENTATION_CONTEXT(2) 
PARAMETRIC_REPRESENTATION_CONTEXT() REPRESENTATION_CONTEXT('2D SPACE',''
  ) );
#1209 = PCURVE('',#856,#1210);
#1210 = DEFINITIONAL_REPRESENTATION('',(#1211),#1215);
#1211 = LINE('',#1212,#1213);
#1212 = CARTESIAN_POINT('',(1.101947590555E-16,0.));
#1213 = VECTOR('',#1214,1.);
#1214 = DIRECTION('',(-0.992655640633,0.120974291151));
#1215 = ( GEOMETRIC_REPRESENTATION_CONTEXT(2) 
PARAMETRIC_REPRESENTATION_CONTEXT() REPRESENTATION_CONTEXT('2D SPACE',''
  ) );
#1216 = ORIENTED_EDGE('',*,*,#812,.T.);
#1217 = ADVANCED_FACE('',(#1218),#856,.T.);
#1218 = FACE_BOUND('',#1219,.T.);
#1219 = EDGE_LOOP('',(#1220,#1221,#1242,#1243));
#1220 = ORIENTED_EDGE('',*,*,#1196,.F.);
#1221 = ORIENTED_EDGE('',*,*,#1222,.T.);
#1222 = EDGE_CURVE('',#1174,#898,#1223,.T.);
#1223 = SURFACE_CURVE('',#1224,(#1228,#1235),.PCURVE_S1.);
#1224 = LINE('',#1225,#1226);
#1225 = CARTESIAN_POINT('',(-1.1,-0.45,2.25));
#1226 = VECTOR('',#1227,1.);
#1227 = DIRECTION('',(1.224646799147E-16,0.,-1.));
#1228 = PCURVE('',#856,#1229);
#1229 = DEFINITIONAL_REPRESENTATION('',(#1230),#1234);
#1230 = LINE('',#1231,#1232);
#1231 = CARTESIAN_POINT('',(0.,0.));
#1232 = VECTOR('',#1233,1.);
#1233 = DIRECTION('',(0.,1.));
#1234 = ( GEOMETRIC_REPRESENTATION_CONTEXT(2) 
PARAMETRIC_REPRESENTATION_CONTEXT() REPRESENTATION_CONTEXT('2D SPACE',''
  ) );
#1235 = PCURVE('',#936,#1236);
#1236 = DEFINITIONAL_REPRESENTATION('',(#1237),#1241);
#1237 = LINE('',#1238,#1239);
#1238 = CARTESIAN_POINT('',(-1.1,1.1));
#1239 = VECTOR('',#1240,1.);
#1240 = DIRECTION('',(1.,0.));
#1241 = ( GEOMETRIC_REPRESENTATION_CONTEXT(2) 
PARAMETRIC_REPRESENTATION_CONTEXT() REPRESENTATION_CONTEXT('2D SPACE',''
  ) );
#1242 = ORIENTED_EDGE('',*,*,#897,.F.);
#1243 = ORIENTED_EDGE('',*,*,#840,.T.);
#1244 = ADVANCED_FACE('',(#1245,#1471),#936,.F.);
#1245 = FACE_BOUND('',#1246,.T.);
#1246 = EDGE_LOOP('',(#1247,#1277,#1305,#1333,#1361,#1389,#1417,#1445));
#1247 = ORIENTED_EDGE('',*,*,#1248,.F.);
#1248 = EDGE_CURVE('',#1249,#1251,#1253,.T.);
#1249 = VERTEX_POINT('',#1250);
#1250 = CARTESIAN_POINT('',(-0.554366876767,-0.45,2.3));
#1251 = VERTEX_POINT('',#1252);
#1252 = CARTESIAN_POINT('',(0.554366876767,-0.45,2.3));
#1253 = SURFACE_CURVE('',#1254,(#1258,#1265),.PCURVE_S1.);
#1254 = LINE('',#1255,#1256);
#1255 = CARTESIAN_POINT('',(-1.408343819019E-16,-0.45,2.3));
#1256 = VECTOR('',#1257,1.);
#1257 = DIRECTION('',(1.,0.,1.224646799147E-16));
#1258 = PCURVE('',#936,#1259);
#1259 = DEFINITIONAL_REPRESENTATION('',(#1260),#1264);
#1260 = LINE('',#1261,#1262);
#1261 = CARTESIAN_POINT('',(-1.15,0.));
#1262 = VECTOR('',#1263,1.);
#1263 = DIRECTION('',(0.,-1.));
#1264 = ( GEOMETRIC_REPRESENTATION_CONTEXT(2) 
PARAMETRIC_REPRESENTATION_CONTEXT() REPRESENTATION_CONTEXT('2D SPACE',''
  ) );
#1265 = PCURVE('',#1266,#1271);
#1266 = PLANE('',#1267);
#1267 = AXIS2_PLACEMENT_3D('',#1268,#1269,#1270);
#1268 = CARTESIAN_POINT('',(-1.408343819019E-16,-0.45,2.3));
#1269 = DIRECTION('',(-1.224646799147E-16,0.,1.));
#1270 = DIRECTION('',(1.,0.,1.224646799147E-16));
#1271 = DEFINITIONAL_REPRESENTATION('',(#1272),#1276);
#1272 = LINE('',#1273,#1274);
#1273 = CARTESIAN_POINT('',(0.,0.));
#1274 = VECTOR('',#1275,1.);
#1275 = DIRECTION('',(1.,0.));
#1276 = ( GEOMETRIC_REPRESENTATION_CONTEXT(2) 
PARAMETRIC_REPRESENTATION_CONTEXT() REPRESENTATION_CONTEXT('2D SPACE',''
  ) );
#1277 = ORIENTED_EDGE('',*,*,#1278,.F.);
#1278 = EDGE_CURVE('',#1279,#1249,#1281,.T.);
#1279 = VERTEX_POINT('',#1280);
#1280 = CARTESIAN_POINT('',(-1.15,-0.45,2.3));
#1281 = SURFACE_CURVE('',#1282,(#1286,#1293),.PCURVE_S1.);
#1282 = LINE('',#1283,#1284);
#1283 = CARTESIAN_POINT('',(-1.408343819019E-16,-0.45,2.3));
#1284 = VECTOR('',#1285,1.);
#1285 = DIRECTION('',(1.,0.,1.224646799147E-16));
#1286 = PCURVE('',#936,#1287);
#1287 = DEFINITIONAL_REPRESENTATION('',(#1288),#1292);
#1288 = LINE('',#1289,#1290);
#1289 = CARTESIAN_POINT('',(-1.15,0.));
#1290 = VECTOR('',#1291,1.);
#1291 = DIRECTION('',(0.,-1.));
#1292 = ( GEOMETRIC_REPRESENTATION_CONTEXT(2) 
PARAMETRIC_REPRESENTATION_CONTEXT() REPRESENTATION_CONTEXT('2D SPACE',''
  ) );
#1293 = PCURVE('',#1294,#1299);
#1294 = PLANE('',#1295);
#1295 = AXIS2_PLACEMENT_3D('',#1296,#1297,#1298);
#1296 = CARTESIAN_POINT('',(-1.15,-0.45,2.3));
#1297 = DIRECTION('',(-1.215518467614E-16,0.121869343405,0.992546151641)
  );
#1298 = DIRECTION('',(1.492469013153E-17,0.992546151641,-0.121869343405)
  );
#1299 = DEFINITIONAL_REPRESENTATION('',(#1300),#1304);
#1300 = LINE('',#1301,#1302);
#1301 = CARTESIAN_POINT('',(1.716339365126E-17,-1.15));
#1302 = VECTOR('',#1303,1.);
#1303 = DIRECTION('',(0.,-1.));
#1304 = ( GEOMETRIC_REPRESENTATION_CONTEXT(2) 
PARAMETRIC_REPRESENTATION_CONTEXT() REPRESENTATION_CONTEXT('2D SPACE',''
  ) );
#1305 = ORIENTED_EDGE('',*,*,#1306,.F.);
#1306 = EDGE_CURVE('',#1307,#1279,#1309,.T.);
#1307 = VERTEX_POINT('',#1308);
#1308 = CARTESIAN_POINT('',(-1.15,-0.45,-2.22044604925E-16));
#1309 = SURFACE_CURVE('',#1310,(#1314,#1321),.PCURVE_S1.);
#1310 = LINE('',#1311,#1312);
#1311 = CARTESIAN_POINT('',(-1.15,-0.45,1.15));
#1312 = VECTOR('',#1313,1.);
#1313 = DIRECTION('',(-1.224646799147E-16,0.,1.));
#1314 = PCURVE('',#936,#1315);
#1315 = DEFINITIONAL_REPRESENTATION('',(#1316),#1320);
#1316 = LINE('',#1317,#1318);
#1317 = CARTESIAN_POINT('',(8.121022302309E-17,1.15));
#1318 = VECTOR('',#1319,1.);
#1319 = DIRECTION('',(-1.,0.));
#1320 = ( GEOMETRIC_REPRESENTATION_CONTEXT(2) 
PARAMETRIC_REPRESENTATION_CONTEXT() REPRESENTATION_CONTEXT('2D SPACE',''
  ) );
#1321 = PCURVE('',#1322,#1327);
#1322 = PLANE('',#1323);
#1323 = AXIS2_PLACEMENT_3D('',#1324,#1325,#1326);
#1324 = CARTESIAN_POINT('',(-1.15,-0.45,-2.22044604925E-16));
#1325 = DIRECTION('',(-0.992546151641,0.121869343405,-1.215518467614E-16
    ));
#1326 = DIRECTION('',(0.121869343405,0.992546151641,1.492469013153E-17)
  );
#1327 = DEFINITIONAL_REPRESENTATION('',(#1328),#1332);
#1328 = LINE('',#1329,#1330);
#1329 = CARTESIAN_POINT('',(-9.897036557609E-18,-1.15));
#1330 = VECTOR('',#1331,1.);
#1331 = DIRECTION('',(0.,-1.));
#1332 = ( GEOMETRIC_REPRESENTATION_CONTEXT(2) 
PARAMETRIC_REPRESENTATION_CONTEXT() REPRESENTATION_CONTEXT('2D SPACE',''
  ) );
#1333 = ORIENTED_EDGE('',*,*,#1334,.F.);
#1334 = EDGE_CURVE('',#1335,#1307,#1337,.T.);
#1335 = VERTEX_POINT('',#1336);
#1336 = CARTESIAN_POINT('',(-0.304366876767,-0.45,0.));
#1337 = SURFACE_CURVE('',#1338,(#1342,#1349),.PCURVE_S1.);
#1338 = LINE('',#1339,#1340);
#1339 = CARTESIAN_POINT('',(1.408343819019E-16,-0.45,-2.22044604925E-16)
  );
#1340 = VECTOR('',#1341,1.);
#1341 = DIRECTION('',(-1.,0.,-1.224646799147E-16));
#1342 = PCURVE('',#936,#1343);
#1343 = DEFINITIONAL_REPRESENTATION('',(#1344),#1348);
#1344 = LINE('',#1345,#1346);
#1345 = CARTESIAN_POINT('',(1.15,0.));
#1346 = VECTOR('',#1347,1.);
#1347 = DIRECTION('',(0.,1.));
#1348 = ( GEOMETRIC_REPRESENTATION_CONTEXT(2) 
PARAMETRIC_REPRESENTATION_CONTEXT() REPRESENTATION_CONTEXT('2D SPACE',''
  ) );
#1349 = PCURVE('',#1350,#1355);
#1350 = PLANE('',#1351);
#1351 = AXIS2_PLACEMENT_3D('',#1352,#1353,#1354);
#1352 = CARTESIAN_POINT('',(-1.15,-0.45,-2.22044604925E-16));
#1353 = DIRECTION('',(2.797613424817E-17,0.121869343405,-0.992546151641)
  );
#1354 = DIRECTION('',(1.492469013153E-17,-0.992546151641,-0.121869343405
    ));
#1355 = DEFINITIONAL_REPRESENTATION('',(#1356),#1360);
#1356 = LINE('',#1357,#1358);
#1357 = CARTESIAN_POINT('',(1.327177097966E-17,-1.15));
#1358 = VECTOR('',#1359,1.);
#1359 = DIRECTION('',(0.,1.));
#1360 = ( GEOMETRIC_REPRESENTATION_CONTEXT(2) 
PARAMETRIC_REPRESENTATION_CONTEXT() REPRESENTATION_CONTEXT('2D SPACE',''
  ) );
#1361 = ORIENTED_EDGE('',*,*,#1362,.F.);
#1362 = EDGE_CURVE('',#1363,#1335,#1365,.T.);
#1363 = VERTEX_POINT('',#1364);
#1364 = CARTESIAN_POINT('',(0.304366876767,-0.45,-2.22044604925E-16));
#1365 = SURFACE_CURVE('',#1366,(#1370,#1377),.PCURVE_S1.);
#1366 = LINE('',#1367,#1368);
#1367 = CARTESIAN_POINT('',(1.408343819019E-16,-0.45,-2.22044604925E-16)
  );
#1368 = VECTOR('',#1369,1.);
#1369 = DIRECTION('',(-1.,0.,-1.224646799147E-16));
#1370 = PCURVE('',#936,#1371);
#1371 = DEFINITIONAL_REPRESENTATION('',(#1372),#1376);
#1372 = LINE('',#1373,#1374);
#1373 = CARTESIAN_POINT('',(1.15,0.));
#1374 = VECTOR('',#1375,1.);
#1375 = DIRECTION('',(0.,1.));
#1376 = ( GEOMETRIC_REPRESENTATION_CONTEXT(2) 
PARAMETRIC_REPRESENTATION_CONTEXT() REPRESENTATION_CONTEXT('2D SPACE',''
  ) );
#1377 = PCURVE('',#1378,#1383);
#1378 = PLANE('',#1379);
#1379 = AXIS2_PLACEMENT_3D('',#1380,#1381,#1382);
#1380 = CARTESIAN_POINT('',(1.408343819019E-16,-0.45,-2.22044604925E-16)
  );
#1381 = DIRECTION('',(-1.224646799147E-16,0.,1.));
#1382 = DIRECTION('',(1.,0.,1.224646799147E-16));
#1383 = DEFINITIONAL_REPRESENTATION('',(#1384),#1388);
#1384 = LINE('',#1385,#1386);
#1385 = CARTESIAN_POINT('',(0.,0.));
#1386 = VECTOR('',#1387,1.);
#1387 = DIRECTION('',(-1.,0.));
#1388 = ( GEOMETRIC_REPRESENTATION_CONTEXT(2) 
PARAMETRIC_REPRESENTATION_CONTEXT() REPRESENTATION_CONTEXT('2D SPACE',''
  ) );
#1389 = ORIENTED_EDGE('',*,*,#1390,.F.);
#1390 = EDGE_CURVE('',#1391,#1363,#1393,.T.);
#1391 = VERTEX_POINT('',#1392);
#1392 = CARTESIAN_POINT('',(1.15,-0.45,0.));
#1393 = SURFACE_CURVE('',#1394,(#1398,#1405),.PCURVE_S1.);
#1394 = LINE('',#1395,#1396);
#1395 = CARTESIAN_POINT('',(1.408343819019E-16,-0.45,-2.22044604925E-16)
  );
#1396 = VECTOR('',#1397,1.);
#1397 = DIRECTION('',(-1.,0.,-1.224646799147E-16));
#1398 = PCURVE('',#936,#1399);
#1399 = DEFINITIONAL_REPRESENTATION('',(#1400),#1404);
#1400 = LINE('',#1401,#1402);
#1401 = CARTESIAN_POINT('',(1.15,0.));
#1402 = VECTOR('',#1403,1.);
#1403 = DIRECTION('',(0.,1.));
#1404 = ( GEOMETRIC_REPRESENTATION_CONTEXT(2) 
PARAMETRIC_REPRESENTATION_CONTEXT() REPRESENTATION_CONTEXT('2D SPACE',''
  ) );
#1405 = PCURVE('',#1406,#1411);
#1406 = PLANE('',#1407);
#1407 = AXIS2_PLACEMENT_3D('',#1408,#1409,#1410);
#1408 = CARTESIAN_POINT('',(-1.15,-0.45,-2.22044604925E-16));
#1409 = DIRECTION('',(2.797613424817E-17,0.121869343405,-0.992546151641)
  );
#1410 = DIRECTION('',(1.492469013153E-17,-0.992546151641,-0.121869343405
    ));
#1411 = DEFINITIONAL_REPRESENTATION('',(#1412),#1416);
#1412 = LINE('',#1413,#1414);
#1413 = CARTESIAN_POINT('',(1.327177097966E-17,-1.15));
#1414 = VECTOR('',#1415,1.);
#1415 = DIRECTION('',(0.,1.));
#1416 = ( GEOMETRIC_REPRESENTATION_CONTEXT(2) 
PARAMETRIC_REPRESENTATION_CONTEXT() REPRESENTATION_CONTEXT('2D SPACE',''
  ) );
#1417 = ORIENTED_EDGE('',*,*,#1418,.F.);
#1418 = EDGE_CURVE('',#1419,#1391,#1421,.T.);
#1419 = VERTEX_POINT('',#1420);
#1420 = CARTESIAN_POINT('',(1.15,-0.45,2.3));
#1421 = SURFACE_CURVE('',#1422,(#1426,#1433),.PCURVE_S1.);
#1422 = LINE('',#1423,#1424);
#1423 = CARTESIAN_POINT('',(1.15,-0.45,1.15));
#1424 = VECTOR('',#1425,1.);
#1425 = DIRECTION('',(1.224646799147E-16,0.,-1.));
#1426 = PCURVE('',#936,#1427);
#1427 = DEFINITIONAL_REPRESENTATION('',(#1428),#1432);
#1428 = LINE('',#1429,#1430);
#1429 = CARTESIAN_POINT('',(-8.121022302309E-17,-1.15));
#1430 = VECTOR('',#1431,1.);
#1431 = DIRECTION('',(1.,0.));
#1432 = ( GEOMETRIC_REPRESENTATION_CONTEXT(2) 
PARAMETRIC_REPRESENTATION_CONTEXT() REPRESENTATION_CONTEXT('2D SPACE',''
  ) );
#1433 = PCURVE('',#1434,#1439);
#1434 = PLANE('',#1435);
#1435 = AXIS2_PLACEMENT_3D('',#1436,#1437,#1438);
#1436 = CARTESIAN_POINT('',(1.15,-0.45,0.));
#1437 = DIRECTION('',(0.992546151641,0.121869343405,1.215518467614E-16)
  );
#1438 = DIRECTION('',(0.121869343405,-0.992546151641,1.492469013153E-17)
  );
#1439 = DEFINITIONAL_REPRESENTATION('',(#1440),#1444);
#1440 = LINE('',#1441,#1442);
#1441 = CARTESIAN_POINT('',(-9.897036557609E-18,-1.15));
#1442 = VECTOR('',#1443,1.);
#1443 = DIRECTION('',(0.,1.));
#1444 = ( GEOMETRIC_REPRESENTATION_CONTEXT(2) 
PARAMETRIC_REPRESENTATION_CONTEXT() REPRESENTATION_CONTEXT('2D SPACE',''
  ) );
#1445 = ORIENTED_EDGE('',*,*,#1446,.F.);
#1446 = EDGE_CURVE('',#1251,#1419,#1447,.T.);
#1447 = SURFACE_CURVE('',#1448,(#1452,#1459),.PCURVE_S1.);
#1448 = LINE('',#1449,#1450);
#1449 = CARTESIAN_POINT('',(-1.408343819019E-16,-0.45,2.3));
#1450 = VECTOR('',#1451,1.);
#1451 = DIRECTION('',(1.,0.,1.224646799147E-16));
#1452 = PCURVE('',#936,#1453);
#1453 = DEFINITIONAL_REPRESENTATION('',(#1454),#1458);
#1454 = LINE('',#1455,#1456);
#1455 = CARTESIAN_POINT('',(-1.15,0.));
#1456 = VECTOR('',#1457,1.);
#1457 = DIRECTION('',(0.,-1.));
#1458 = ( GEOMETRIC_REPRESENTATION_CONTEXT(2) 
PARAMETRIC_REPRESENTATION_CONTEXT() REPRESENTATION_CONTEXT('2D SPACE',''
  ) );
#1459 = PCURVE('',#1460,#1465);
#1460 = PLANE('',#1461);
#1461 = AXIS2_PLACEMENT_3D('',#1462,#1463,#1464);
#1462 = CARTESIAN_POINT('',(-1.15,-0.45,2.3));
#1463 = DIRECTION('',(-1.215518467614E-16,0.121869343405,0.992546151641)
  );
#1464 = DIRECTION('',(1.492469013153E-17,0.992546151641,-0.121869343405)
  );
#1465 = DEFINITIONAL_REPRESENTATION('',(#1466),#1470);
#1466 = LINE('',#1467,#1468);
#1467 = CARTESIAN_POINT('',(1.716339365126E-17,-1.15));
#1468 = VECTOR('',#1469,1.);
#1469 = DIRECTION('',(0.,-1.));
#1470 = ( GEOMETRIC_REPRESENTATION_CONTEXT(2) 
PARAMETRIC_REPRESENTATION_CONTEXT() REPRESENTATION_CONTEXT('2D SPACE',''
  ) );
#1471 = FACE_BOUND('',#1472,.T.);
#1472 = EDGE_LOOP('',(#1473,#1474,#1475,#1476,#1477,#1478));
#1473 = ORIENTED_EDGE('',*,*,#1173,.F.);
#1474 = ORIENTED_EDGE('',*,*,#1124,.F.);
#1475 = ORIENTED_EDGE('',*,*,#1099,.F.);
#1476 = ORIENTED_EDGE('',*,*,#1024,.F.);
#1477 = ORIENTED_EDGE('',*,*,#920,.F.);
#1478 = ORIENTED_EDGE('',*,*,#1222,.F.);
#1479 = ADVANCED_FACE('',(#1480),#1460,.T.);
#1480 = FACE_BOUND('',#1481,.T.);
#1481 = EDGE_LOOP('',(#1482,#1483,#1506,#1529));
#1482 = ORIENTED_EDGE('',*,*,#1446,.T.);
#1483 = ORIENTED_EDGE('',*,*,#1484,.T.);
#1484 = EDGE_CURVE('',#1419,#1485,#1487,.T.);
#1485 = VERTEX_POINT('',#1486);
#1486 = CARTESIAN_POINT('',(1.045633123233,0.4,2.195633123233));
#1487 = SURFACE_CURVE('',#1488,(#1492,#1499),.PCURVE_S1.);
#1488 = LINE('',#1489,#1490);
#1489 = CARTESIAN_POINT('',(1.15,-0.45,2.3));
#1490 = VECTOR('',#1491,1.);
#1491 = DIRECTION('',(-0.120974291151,0.985256536015,-0.120974291151));
#1492 = PCURVE('',#1460,#1493);
#1493 = DEFINITIONAL_REPRESENTATION('',(#1494),#1498);
#1494 = LINE('',#1495,#1496);
#1495 = CARTESIAN_POINT('',(3.530330641255E-17,-2.3));
#1496 = VECTOR('',#1497,1.);
#1497 = DIRECTION('',(0.992655640633,0.120974291151));
#1498 = ( GEOMETRIC_REPRESENTATION_CONTEXT(2) 
PARAMETRIC_REPRESENTATION_CONTEXT() REPRESENTATION_CONTEXT('2D SPACE',''
  ) );
#1499 = PCURVE('',#1434,#1500);
#1500 = DEFINITIONAL_REPRESENTATION('',(#1501),#1505);
#1501 = LINE('',#1502,#1503);
#1502 = CARTESIAN_POINT('',(1.174611161492E-16,-2.3));
#1503 = VECTOR('',#1504,1.);
#1504 = DIRECTION('',(-0.992655640633,0.120974291151));
#1505 = ( GEOMETRIC_REPRESENTATION_CONTEXT(2) 
PARAMETRIC_REPRESENTATION_CONTEXT() REPRESENTATION_CONTEXT('2D SPACE',''
  ) );
#1506 = ORIENTED_EDGE('',*,*,#1507,.F.);
#1507 = EDGE_CURVE('',#1508,#1485,#1510,.T.);
#1508 = VERTEX_POINT('',#1509);
#1509 = CARTESIAN_POINT('',(0.45,0.4,2.195633123233));
#1510 = SURFACE_CURVE('',#1511,(#1515,#1522),.PCURVE_S1.);
#1511 = LINE('',#1512,#1513);
#1512 = CARTESIAN_POINT('',(-1.280531257449E-16,0.4,2.195633123233));
#1513 = VECTOR('',#1514,1.);
#1514 = DIRECTION('',(1.,0.,1.224646799147E-16));
#1515 = PCURVE('',#1460,#1516);
#1516 = DEFINITIONAL_REPRESENTATION('',(#1517),#1521);
#1517 = LINE('',#1518,#1519);
#1518 = CARTESIAN_POINT('',(0.85638335164,-1.15));
#1519 = VECTOR('',#1520,1.);
#1520 = DIRECTION('',(0.,-1.));
#1521 = ( GEOMETRIC_REPRESENTATION_CONTEXT(2) 
PARAMETRIC_REPRESENTATION_CONTEXT() REPRESENTATION_CONTEXT('2D SPACE',''
  ) );
#1522 = PCURVE('',#625,#1523);
#1523 = DEFINITIONAL_REPRESENTATION('',(#1524),#1528);
#1524 = LINE('',#1525,#1526);
#1525 = CARTESIAN_POINT('',(-1.045633123233,-2.465190328816E-32));
#1526 = VECTOR('',#1527,1.);
#1527 = DIRECTION('',(0.,-1.));
#1528 = ( GEOMETRIC_REPRESENTATION_CONTEXT(2) 
PARAMETRIC_REPRESENTATION_CONTEXT() REPRESENTATION_CONTEXT('2D SPACE',''
  ) );
#1529 = ORIENTED_EDGE('',*,*,#1530,.T.);
#1530 = EDGE_CURVE('',#1508,#1251,#1531,.T.);
#1531 = SURFACE_CURVE('',#1532,(#1536,#1543),.PCURVE_S1.);
#1532 = LINE('',#1533,#1534);
#1533 = CARTESIAN_POINT('',(0.45,0.4,2.195633123233));
#1534 = VECTOR('',#1535,1.);
#1535 = DIRECTION('',(0.120974291151,-0.985256536015,0.120974291151));
#1536 = PCURVE('',#1460,#1537);
#1537 = DEFINITIONAL_REPRESENTATION('',(#1538),#1542);
#1538 = LINE('',#1539,#1540);
#1539 = CARTESIAN_POINT('',(0.85638335164,-1.6));
#1540 = VECTOR('',#1541,1.);
#1541 = DIRECTION('',(-0.992655640633,-0.120974291151));
#1542 = ( GEOMETRIC_REPRESENTATION_CONTEXT(2) 
PARAMETRIC_REPRESENTATION_CONTEXT() REPRESENTATION_CONTEXT('2D SPACE',''
  ) );
#1543 = PCURVE('',#1544,#1549);
#1544 = PLANE('',#1545);
#1545 = AXIS2_PLACEMENT_3D('',#1546,#1547,#1548);
#1546 = CARTESIAN_POINT('',(0.554366876767,-0.45,2.3));
#1547 = DIRECTION('',(0.992546151641,0.121869343405,1.215518467614E-16)
  );
#1548 = DIRECTION('',(0.121869343405,-0.992546151641,1.492469013153E-17)
  );
#1549 = DEFINITIONAL_REPRESENTATION('',(#1550),#1554);
#1550 = LINE('',#1551,#1552);
#1551 = CARTESIAN_POINT('',(-0.85638335164,0.104366876767));
#1552 = VECTOR('',#1553,1.);
#1553 = DIRECTION('',(0.992655640633,-0.120974291151));
#1554 = ( GEOMETRIC_REPRESENTATION_CONTEXT(2) 
PARAMETRIC_REPRESENTATION_CONTEXT() REPRESENTATION_CONTEXT('2D SPACE',''
  ) );
#1555 = ADVANCED_FACE('',(#1556),#1266,.T.);
#1556 = FACE_BOUND('',#1557,.T.);
#1557 = EDGE_LOOP('',(#1558,#1586,#1587,#1610));
#1558 = ORIENTED_EDGE('',*,*,#1559,.T.);
#1559 = EDGE_CURVE('',#1560,#1249,#1562,.T.);
#1560 = VERTEX_POINT('',#1561);
#1561 = CARTESIAN_POINT('',(-0.45,0.4,2.3));
#1562 = SURFACE_CURVE('',#1563,(#1567,#1574),.PCURVE_S1.);
#1563 = LINE('',#1564,#1565);
#1564 = CARTESIAN_POINT('',(-0.45,0.4,2.3));
#1565 = VECTOR('',#1566,1.);
#1566 = DIRECTION('',(-0.121869343405,-0.992546151641,
    -1.492469013153E-17));
#1567 = PCURVE('',#1266,#1568);
#1568 = DEFINITIONAL_REPRESENTATION('',(#1569),#1573);
#1569 = LINE('',#1570,#1571);
#1570 = CARTESIAN_POINT('',(-0.45,0.85));
#1571 = VECTOR('',#1572,1.);
#1572 = DIRECTION('',(-0.121869343405,-0.992546151641));
#1573 = ( GEOMETRIC_REPRESENTATION_CONTEXT(2) 
PARAMETRIC_REPRESENTATION_CONTEXT() REPRESENTATION_CONTEXT('2D SPACE',''
  ) );
#1574 = PCURVE('',#1575,#1580);
#1575 = PLANE('',#1576);
#1576 = AXIS2_PLACEMENT_3D('',#1577,#1578,#1579);
#1577 = CARTESIAN_POINT('',(-0.554366876767,-0.45,2.3));
#1578 = DIRECTION('',(-0.992546151641,0.121869343405,-1.215518467614E-16
    ));
#1579 = DIRECTION('',(0.121869343405,0.992546151641,1.492469013153E-17)
  );
#1580 = DEFINITIONAL_REPRESENTATION('',(#1581),#1585);
#1581 = LINE('',#1582,#1583);
#1582 = CARTESIAN_POINT('',(0.85638335164,1.278125615703E-17));
#1583 = VECTOR('',#1584,1.);
#1584 = DIRECTION('',(-1.,0.));
#1585 = ( GEOMETRIC_REPRESENTATION_CONTEXT(2) 
PARAMETRIC_REPRESENTATION_CONTEXT() REPRESENTATION_CONTEXT('2D SPACE',''
  ) );
#1586 = ORIENTED_EDGE('',*,*,#1248,.T.);
#1587 = ORIENTED_EDGE('',*,*,#1588,.T.);
#1588 = EDGE_CURVE('',#1251,#1589,#1591,.T.);
#1589 = VERTEX_POINT('',#1590);
#1590 = CARTESIAN_POINT('',(0.45,0.4,2.3));
#1591 = SURFACE_CURVE('',#1592,(#1596,#1603),.PCURVE_S1.);
#1592 = LINE('',#1593,#1594);
#1593 = CARTESIAN_POINT('',(0.554366876767,-0.45,2.3));
#1594 = VECTOR('',#1595,1.);
#1595 = DIRECTION('',(-0.121869343405,0.992546151641,-1.492469013153E-17
    ));
#1596 = PCURVE('',#1266,#1597);
#1597 = DEFINITIONAL_REPRESENTATION('',(#1598),#1602);
#1598 = LINE('',#1599,#1600);
#1599 = CARTESIAN_POINT('',(0.554366876767,0.));
#1600 = VECTOR('',#1601,1.);
#1601 = DIRECTION('',(-0.121869343405,0.992546151641));
#1602 = ( GEOMETRIC_REPRESENTATION_CONTEXT(2) 
PARAMETRIC_REPRESENTATION_CONTEXT() REPRESENTATION_CONTEXT('2D SPACE',''
  ) );
#1603 = PCURVE('',#1544,#1604);
#1604 = DEFINITIONAL_REPRESENTATION('',(#1605),#1609);
#1605 = LINE('',#1606,#1607);
#1606 = CARTESIAN_POINT('',(0.,0.));
#1607 = VECTOR('',#1608,1.);
#1608 = DIRECTION('',(-1.,0.));
#1609 = ( GEOMETRIC_REPRESENTATION_CONTEXT(2) 
PARAMETRIC_REPRESENTATION_CONTEXT() REPRESENTATION_CONTEXT('2D SPACE',''
  ) );
#1610 = ORIENTED_EDGE('',*,*,#1611,.F.);
#1611 = EDGE_CURVE('',#1560,#1589,#1612,.T.);
#1612 = SURFACE_CURVE('',#1613,(#1617,#1624),.PCURVE_S1.);
#1613 = LINE('',#1614,#1615);
#1614 = CARTESIAN_POINT('',(-1.408343819019E-16,0.4,2.3));
#1615 = VECTOR('',#1616,1.);
#1616 = DIRECTION('',(1.,0.,1.224646799147E-16));
#1617 = PCURVE('',#1266,#1618);
#1618 = DEFINITIONAL_REPRESENTATION('',(#1619),#1623);
#1619 = LINE('',#1620,#1621);
#1620 = CARTESIAN_POINT('',(0.,0.85));
#1621 = VECTOR('',#1622,1.);
#1622 = DIRECTION('',(1.,0.));
#1623 = ( GEOMETRIC_REPRESENTATION_CONTEXT(2) 
PARAMETRIC_REPRESENTATION_CONTEXT() REPRESENTATION_CONTEXT('2D SPACE',''
  ) );
#1624 = PCURVE('',#625,#1625);
#1625 = DEFINITIONAL_REPRESENTATION('',(#1626),#1630);
#1626 = LINE('',#1627,#1628);
#1627 = CARTESIAN_POINT('',(-1.15,0.));
#1628 = VECTOR('',#1629,1.);
#1629 = DIRECTION('',(0.,-1.));
#1630 = ( GEOMETRIC_REPRESENTATION_CONTEXT(2) 
PARAMETRIC_REPRESENTATION_CONTEXT() REPRESENTATION_CONTEXT('2D SPACE',''
  ) );
#1631 = ADVANCED_FACE('',(#1632),#1294,.T.);
#1632 = FACE_BOUND('',#1633,.T.);
#1633 = EDGE_LOOP('',(#1634,#1659,#1680,#1681));
#1634 = ORIENTED_EDGE('',*,*,#1635,.F.);
#1635 = EDGE_CURVE('',#1636,#1638,#1640,.T.);
#1636 = VERTEX_POINT('',#1637);
#1637 = CARTESIAN_POINT('',(-1.045633123233,0.4,2.195633123233));
#1638 = VERTEX_POINT('',#1639);
#1639 = CARTESIAN_POINT('',(-0.45,0.4,2.195633123233));
#1640 = SURFACE_CURVE('',#1641,(#1645,#1652),.PCURVE_S1.);
#1641 = LINE('',#1642,#1643);
#1642 = CARTESIAN_POINT('',(-1.280531257449E-16,0.4,2.195633123233));
#1643 = VECTOR('',#1644,1.);
#1644 = DIRECTION('',(1.,0.,1.224646799147E-16));
#1645 = PCURVE('',#1294,#1646);
#1646 = DEFINITIONAL_REPRESENTATION('',(#1647),#1651);
#1647 = LINE('',#1648,#1649);
#1648 = CARTESIAN_POINT('',(0.85638335164,-1.15));
#1649 = VECTOR('',#1650,1.);
#1650 = DIRECTION('',(0.,-1.));
#1651 = ( GEOMETRIC_REPRESENTATION_CONTEXT(2) 
PARAMETRIC_REPRESENTATION_CONTEXT() REPRESENTATION_CONTEXT('2D SPACE',''
  ) );
#1652 = PCURVE('',#625,#1653);
#1653 = DEFINITIONAL_REPRESENTATION('',(#1654),#1658);
#1654 = LINE('',#1655,#1656);
#1655 = CARTESIAN_POINT('',(-1.045633123233,-2.465190328816E-32));
#1656 = VECTOR('',#1657,1.);
#1657 = DIRECTION('',(0.,-1.));
#1658 = ( GEOMETRIC_REPRESENTATION_CONTEXT(2) 
PARAMETRIC_REPRESENTATION_CONTEXT() REPRESENTATION_CONTEXT('2D SPACE',''
  ) );
#1659 = ORIENTED_EDGE('',*,*,#1660,.T.);
#1660 = EDGE_CURVE('',#1636,#1279,#1661,.T.);
#1661 = SURFACE_CURVE('',#1662,(#1666,#1673),.PCURVE_S1.);
#1662 = LINE('',#1663,#1664);
#1663 = CARTESIAN_POINT('',(-1.045633123233,0.4,2.195633123233));
#1664 = VECTOR('',#1665,1.);
#1665 = DIRECTION('',(-0.120974291151,-0.985256536015,0.120974291151));
#1666 = PCURVE('',#1294,#1667);
#1667 = DEFINITIONAL_REPRESENTATION('',(#1668),#1672);
#1668 = LINE('',#1669,#1670);
#1669 = CARTESIAN_POINT('',(0.85638335164,-0.104366876767));
#1670 = VECTOR('',#1671,1.);
#1671 = DIRECTION('',(-0.992655640633,0.120974291151));
#1672 = ( GEOMETRIC_REPRESENTATION_CONTEXT(2) 
PARAMETRIC_REPRESENTATION_CONTEXT() REPRESENTATION_CONTEXT('2D SPACE',''
  ) );
#1673 = PCURVE('',#1322,#1674);
#1674 = DEFINITIONAL_REPRESENTATION('',(#1675),#1679);
#1675 = LINE('',#1676,#1677);
#1676 = CARTESIAN_POINT('',(0.85638335164,-2.195633123233));
#1677 = VECTOR('',#1678,1.);
#1678 = DIRECTION('',(-0.992655640633,-0.120974291151));
#1679 = ( GEOMETRIC_REPRESENTATION_CONTEXT(2) 
PARAMETRIC_REPRESENTATION_CONTEXT() REPRESENTATION_CONTEXT('2D SPACE',''
  ) );
#1680 = ORIENTED_EDGE('',*,*,#1278,.T.);
#1681 = ORIENTED_EDGE('',*,*,#1682,.T.);
#1682 = EDGE_CURVE('',#1249,#1638,#1683,.T.);
#1683 = SURFACE_CURVE('',#1684,(#1688,#1695),.PCURVE_S1.);
#1684 = LINE('',#1685,#1686);
#1685 = CARTESIAN_POINT('',(-0.554366876767,-0.45,2.3));
#1686 = VECTOR('',#1687,1.);
#1687 = DIRECTION('',(0.120974291151,0.985256536015,-0.120974291151));
#1688 = PCURVE('',#1294,#1689);
#1689 = DEFINITIONAL_REPRESENTATION('',(#1690),#1694);
#1690 = LINE('',#1691,#1692);
#1691 = CARTESIAN_POINT('',(8.889639796321E-18,-0.595633123233));
#1692 = VECTOR('',#1693,1.);
#1693 = DIRECTION('',(0.992655640633,-0.120974291151));
#1694 = ( GEOMETRIC_REPRESENTATION_CONTEXT(2) 
PARAMETRIC_REPRESENTATION_CONTEXT() REPRESENTATION_CONTEXT('2D SPACE',''
  ) );
#1695 = PCURVE('',#1575,#1696);
#1696 = DEFINITIONAL_REPRESENTATION('',(#1697),#1701);
#1697 = LINE('',#1698,#1699);
#1698 = CARTESIAN_POINT('',(-5.509737952776E-17,0.));
#1699 = VECTOR('',#1700,1.);
#1700 = DIRECTION('',(0.992655640633,0.120974291151));
#1701 = ( GEOMETRIC_REPRESENTATION_CONTEXT(2) 
PARAMETRIC_REPRESENTATION_CONTEXT() REPRESENTATION_CONTEXT('2D SPACE',''
  ) );
#1702 = ADVANCED_FACE('',(#1703),#1322,.T.);
#1703 = FACE_BOUND('',#1704,.T.);
#1704 = EDGE_LOOP('',(#1705,#1728,#1749,#1750));
#1705 = ORIENTED_EDGE('',*,*,#1706,.T.);
#1706 = EDGE_CURVE('',#1636,#1707,#1709,.T.);
#1707 = VERTEX_POINT('',#1708);
#1708 = CARTESIAN_POINT('',(-1.045633123233,0.4,0.104366876767));
#1709 = SURFACE_CURVE('',#1710,(#1714,#1721),.PCURVE_S1.);
#1710 = LINE('',#1711,#1712);
#1711 = CARTESIAN_POINT('',(-1.045633123233,0.4,-2.22044604925E-16));
#1712 = VECTOR('',#1713,1.);
#1713 = DIRECTION('',(1.224646799147E-16,0.,-1.));
#1714 = PCURVE('',#1322,#1715);
#1715 = DEFINITIONAL_REPRESENTATION('',(#1716),#1720);
#1716 = LINE('',#1717,#1718);
#1717 = CARTESIAN_POINT('',(0.85638335164,1.278125615703E-17));
#1718 = VECTOR('',#1719,1.);
#1719 = DIRECTION('',(0.,1.));
#1720 = ( GEOMETRIC_REPRESENTATION_CONTEXT(2) 
PARAMETRIC_REPRESENTATION_CONTEXT() REPRESENTATION_CONTEXT('2D SPACE',''
  ) );
#1721 = PCURVE('',#625,#1722);
#1722 = DEFINITIONAL_REPRESENTATION('',(#1723),#1727);
#1723 = LINE('',#1724,#1725);
#1724 = CARTESIAN_POINT('',(1.15,1.045633123233));
#1725 = VECTOR('',#1726,1.);
#1726 = DIRECTION('',(1.,0.));
#1727 = ( GEOMETRIC_REPRESENTATION_CONTEXT(2) 
PARAMETRIC_REPRESENTATION_CONTEXT() REPRESENTATION_CONTEXT('2D SPACE',''
  ) );
#1728 = ORIENTED_EDGE('',*,*,#1729,.T.);
#1729 = EDGE_CURVE('',#1707,#1307,#1730,.T.);
#1730 = SURFACE_CURVE('',#1731,(#1735,#1742),.PCURVE_S1.);
#1731 = LINE('',#1732,#1733);
#1732 = CARTESIAN_POINT('',(-1.045633123233,0.4,0.104366876767));
#1733 = VECTOR('',#1734,1.);
#1734 = DIRECTION('',(-0.120974291151,-0.985256536015,-0.120974291151));
#1735 = PCURVE('',#1322,#1736);
#1736 = DEFINITIONAL_REPRESENTATION('',(#1737),#1741);
#1737 = LINE('',#1738,#1739);
#1738 = CARTESIAN_POINT('',(0.85638335164,-0.104366876767));
#1739 = VECTOR('',#1740,1.);
#1740 = DIRECTION('',(-0.992655640633,0.120974291151));
#1741 = ( GEOMETRIC_REPRESENTATION_CONTEXT(2) 
PARAMETRIC_REPRESENTATION_CONTEXT() REPRESENTATION_CONTEXT('2D SPACE',''
  ) );
#1742 = PCURVE('',#1350,#1743);
#1743 = DEFINITIONAL_REPRESENTATION('',(#1744),#1748);
#1744 = LINE('',#1745,#1746);
#1745 = CARTESIAN_POINT('',(-0.85638335164,-0.104366876767));
#1746 = VECTOR('',#1747,1.);
#1747 = DIRECTION('',(0.992655640633,0.120974291151));
#1748 = ( GEOMETRIC_REPRESENTATION_CONTEXT(2) 
PARAMETRIC_REPRESENTATION_CONTEXT() REPRESENTATION_CONTEXT('2D SPACE',''
  ) );
#1749 = ORIENTED_EDGE('',*,*,#1306,.T.);
#1750 = ORIENTED_EDGE('',*,*,#1660,.F.);
#1751 = ADVANCED_FACE('',(#1752),#1350,.T.);
#1752 = FACE_BOUND('',#1753,.T.);
#1753 = EDGE_LOOP('',(#1754,#1755,#1778,#1804));
#1754 = ORIENTED_EDGE('',*,*,#1729,.F.);
#1755 = ORIENTED_EDGE('',*,*,#1756,.T.);
#1756 = EDGE_CURVE('',#1707,#1757,#1759,.T.);
#1757 = VERTEX_POINT('',#1758);
#1758 = CARTESIAN_POINT('',(-0.2,0.4,0.104366876767));
#1759 = SURFACE_CURVE('',#1760,(#1764,#1771),.PCURVE_S1.);
#1760 = LINE('',#1761,#1762);
#1761 = CARTESIAN_POINT('',(-1.15,0.4,0.104366876767));
#1762 = VECTOR('',#1763,1.);
#1763 = DIRECTION('',(1.,1.140401064265E-17,2.958646657268E-17));
#1764 = PCURVE('',#1350,#1765);
#1765 = DEFINITIONAL_REPRESENTATION('',(#1766),#1770);
#1766 = LINE('',#1767,#1768);
#1767 = CARTESIAN_POINT('',(-0.85638335164,-1.278125615703E-17));
#1768 = VECTOR('',#1769,1.);
#1769 = DIRECTION('',(7.703719777549E-34,-1.));
#1770 = ( GEOMETRIC_REPRESENTATION_CONTEXT(2) 
PARAMETRIC_REPRESENTATION_CONTEXT() REPRESENTATION_CONTEXT('2D SPACE',''
  ) );
#1771 = PCURVE('',#625,#1772);
#1772 = DEFINITIONAL_REPRESENTATION('',(#1773),#1777);
#1773 = LINE('',#1774,#1775);
#1774 = CARTESIAN_POINT('',(1.045633123233,1.15));
#1775 = VECTOR('',#1776,1.);
#1776 = DIRECTION('',(9.287821334206E-17,-1.));
#1777 = ( GEOMETRIC_REPRESENTATION_CONTEXT(2) 
PARAMETRIC_REPRESENTATION_CONTEXT() REPRESENTATION_CONTEXT('2D SPACE',''
  ) );
#1778 = ORIENTED_EDGE('',*,*,#1779,.T.);
#1779 = EDGE_CURVE('',#1757,#1335,#1780,.T.);
#1780 = SURFACE_CURVE('',#1781,(#1785,#1792),.PCURVE_S1.);
#1781 = LINE('',#1782,#1783);
#1782 = CARTESIAN_POINT('',(-0.2,0.4,0.104366876767));
#1783 = VECTOR('',#1784,1.);
#1784 = DIRECTION('',(-0.120974291151,-0.985256536015,-0.120974291151));
#1785 = PCURVE('',#1350,#1786);
#1786 = DEFINITIONAL_REPRESENTATION('',(#1787),#1791);
#1787 = LINE('',#1788,#1789);
#1788 = CARTESIAN_POINT('',(-0.85638335164,-0.95));
#1789 = VECTOR('',#1790,1.);
#1790 = DIRECTION('',(0.992655640633,0.120974291151));
#1791 = ( GEOMETRIC_REPRESENTATION_CONTEXT(2) 
PARAMETRIC_REPRESENTATION_CONTEXT() REPRESENTATION_CONTEXT('2D SPACE',''
  ) );
#1792 = PCURVE('',#1793,#1798);
#1793 = PLANE('',#1794);
#1794 = AXIS2_PLACEMENT_3D('',#1795,#1796,#1797);
#1795 = CARTESIAN_POINT('',(-0.304366876767,-0.45,-2.22044604925E-16));
#1796 = DIRECTION('',(0.992546151641,-0.121869343405,1.215518467614E-16)
  );
#1797 = DIRECTION('',(-0.121869343405,-0.992546151641,
    -1.492469013153E-17));
#1798 = DEFINITIONAL_REPRESENTATION('',(#1799),#1803);
#1799 = LINE('',#1800,#1801);
#1800 = CARTESIAN_POINT('',(-0.85638335164,-0.104366876767));
#1801 = VECTOR('',#1802,1.);
#1802 = DIRECTION('',(0.992655640633,0.120974291151));
#1803 = ( GEOMETRIC_REPRESENTATION_CONTEXT(2) 
PARAMETRIC_REPRESENTATION_CONTEXT() REPRESENTATION_CONTEXT('2D SPACE',''
  ) );
#1804 = ORIENTED_EDGE('',*,*,#1334,.T.);
#1805 = ADVANCED_FACE('',(#1806),#1378,.F.);
#1806 = FACE_BOUND('',#1807,.T.);
#1807 = EDGE_LOOP('',(#1808,#1809,#1832,#1855));
#1808 = ORIENTED_EDGE('',*,*,#1362,.T.);
#1809 = ORIENTED_EDGE('',*,*,#1810,.F.);
#1810 = EDGE_CURVE('',#1811,#1335,#1813,.T.);
#1811 = VERTEX_POINT('',#1812);
#1812 = CARTESIAN_POINT('',(-0.2,0.4,-2.22044604925E-16));
#1813 = SURFACE_CURVE('',#1814,(#1818,#1825),.PCURVE_S1.);
#1814 = LINE('',#1815,#1816);
#1815 = CARTESIAN_POINT('',(-0.2,0.4,-2.22044604925E-16));
#1816 = VECTOR('',#1817,1.);
#1817 = DIRECTION('',(-0.121869343405,-0.992546151641,
    -1.492469013153E-17));
#1818 = PCURVE('',#1378,#1819);
#1819 = DEFINITIONAL_REPRESENTATION('',(#1820),#1824);
#1820 = LINE('',#1821,#1822);
#1821 = CARTESIAN_POINT('',(-0.2,0.85));
#1822 = VECTOR('',#1823,1.);
#1823 = DIRECTION('',(-0.121869343405,-0.992546151641));
#1824 = ( GEOMETRIC_REPRESENTATION_CONTEXT(2) 
PARAMETRIC_REPRESENTATION_CONTEXT() REPRESENTATION_CONTEXT('2D SPACE',''
  ) );
#1825 = PCURVE('',#1793,#1826);
#1826 = DEFINITIONAL_REPRESENTATION('',(#1827),#1831);
#1827 = LINE('',#1828,#1829);
#1828 = CARTESIAN_POINT('',(-0.85638335164,1.278125615703E-17));
#1829 = VECTOR('',#1830,1.);
#1830 = DIRECTION('',(1.,0.));
#1831 = ( GEOMETRIC_REPRESENTATION_CONTEXT(2) 
PARAMETRIC_REPRESENTATION_CONTEXT() REPRESENTATION_CONTEXT('2D SPACE',''
  ) );
#1832 = ORIENTED_EDGE('',*,*,#1833,.F.);
#1833 = EDGE_CURVE('',#1834,#1811,#1836,.T.);
#1834 = VERTEX_POINT('',#1835);
#1835 = CARTESIAN_POINT('',(0.2,0.4,-2.22044604925E-16));
#1836 = SURFACE_CURVE('',#1837,(#1841,#1848),.PCURVE_S1.);
#1837 = LINE('',#1838,#1839);
#1838 = CARTESIAN_POINT('',(1.408343819019E-16,0.4,-2.22044604925E-16));
#1839 = VECTOR('',#1840,1.);
#1840 = DIRECTION('',(-1.,0.,-1.224646799147E-16));
#1841 = PCURVE('',#1378,#1842);
#1842 = DEFINITIONAL_REPRESENTATION('',(#1843),#1847);
#1843 = LINE('',#1844,#1845);
#1844 = CARTESIAN_POINT('',(0.,0.85));
#1845 = VECTOR('',#1846,1.);
#1846 = DIRECTION('',(-1.,0.));
#1847 = ( GEOMETRIC_REPRESENTATION_CONTEXT(2) 
PARAMETRIC_REPRESENTATION_CONTEXT() REPRESENTATION_CONTEXT('2D SPACE',''
  ) );
#1848 = PCURVE('',#625,#1849);
#1849 = DEFINITIONAL_REPRESENTATION('',(#1850),#1854);
#1850 = LINE('',#1851,#1852);
#1851 = CARTESIAN_POINT('',(1.15,0.));
#1852 = VECTOR('',#1853,1.);
#1853 = DIRECTION('',(0.,1.));
#1854 = ( GEOMETRIC_REPRESENTATION_CONTEXT(2) 
PARAMETRIC_REPRESENTATION_CONTEXT() REPRESENTATION_CONTEXT('2D SPACE',''
  ) );
#1855 = ORIENTED_EDGE('',*,*,#1856,.F.);
#1856 = EDGE_CURVE('',#1363,#1834,#1857,.T.);
#1857 = SURFACE_CURVE('',#1858,(#1862,#1869),.PCURVE_S1.);
#1858 = LINE('',#1859,#1860);
#1859 = CARTESIAN_POINT('',(0.304366876767,-0.45,-2.22044604925E-16));
#1860 = VECTOR('',#1861,1.);
#1861 = DIRECTION('',(-0.121869343405,0.992546151641,-1.492469013153E-17
    ));
#1862 = PCURVE('',#1378,#1863);
#1863 = DEFINITIONAL_REPRESENTATION('',(#1864),#1868);
#1864 = LINE('',#1865,#1866);
#1865 = CARTESIAN_POINT('',(0.304366876767,0.));
#1866 = VECTOR('',#1867,1.);
#1867 = DIRECTION('',(-0.121869343405,0.992546151641));
#1868 = ( GEOMETRIC_REPRESENTATION_CONTEXT(2) 
PARAMETRIC_REPRESENTATION_CONTEXT() REPRESENTATION_CONTEXT('2D SPACE',''
  ) );
#1869 = PCURVE('',#1870,#1875);
#1870 = PLANE('',#1871);
#1871 = AXIS2_PLACEMENT_3D('',#1872,#1873,#1874);
#1872 = CARTESIAN_POINT('',(0.304366876767,-0.45,-2.22044604925E-16));
#1873 = DIRECTION('',(-0.992546151641,-0.121869343405,
    -1.215518467614E-16));
#1874 = DIRECTION('',(-0.121869343405,0.992546151641,-1.492469013153E-17
    ));
#1875 = DEFINITIONAL_REPRESENTATION('',(#1876),#1880);
#1876 = LINE('',#1877,#1878);
#1877 = CARTESIAN_POINT('',(0.,0.));
#1878 = VECTOR('',#1879,1.);
#1879 = DIRECTION('',(1.,0.));
#1880 = ( GEOMETRIC_REPRESENTATION_CONTEXT(2) 
PARAMETRIC_REPRESENTATION_CONTEXT() REPRESENTATION_CONTEXT('2D SPACE',''
  ) );
#1881 = ADVANCED_FACE('',(#1882),#1406,.T.);
#1882 = FACE_BOUND('',#1883,.T.);
#1883 = EDGE_LOOP('',(#1884,#1907,#1908,#1931,#1954));
#1884 = ORIENTED_EDGE('',*,*,#1885,.T.);
#1885 = EDGE_CURVE('',#1886,#1391,#1888,.T.);
#1886 = VERTEX_POINT('',#1887);
#1887 = CARTESIAN_POINT('',(1.07587669602,0.153685865996,
    7.412330397963E-02));
#1888 = SURFACE_CURVE('',#1889,(#1893,#1900),.PCURVE_S1.);
#1889 = LINE('',#1890,#1891);
#1890 = CARTESIAN_POINT('',(1.07587669602,0.153685865996,
    7.412330397963E-02));
#1891 = VECTOR('',#1892,1.);
#1892 = DIRECTION('',(0.120974291151,-0.985256536015,-0.120974291151));
#1893 = PCURVE('',#1406,#1894);
#1894 = DEFINITIONAL_REPRESENTATION('',(#1895),#1899);
#1895 = LINE('',#1896,#1897);
#1896 = CARTESIAN_POINT('',(-0.608219441482,-2.22587669602));
#1897 = VECTOR('',#1898,1.);
#1898 = DIRECTION('',(0.992655640633,-0.120974291151));
#1899 = ( GEOMETRIC_REPRESENTATION_CONTEXT(2) 
PARAMETRIC_REPRESENTATION_CONTEXT() REPRESENTATION_CONTEXT('2D SPACE',''
  ) );
#1900 = PCURVE('',#1434,#1901);
#1901 = DEFINITIONAL_REPRESENTATION('',(#1902),#1906);
#1902 = LINE('',#1903,#1904);
#1903 = CARTESIAN_POINT('',(-0.608219441482,-7.412330397963E-02));
#1904 = VECTOR('',#1905,1.);
#1905 = DIRECTION('',(0.992655640633,0.120974291151));
#1906 = ( GEOMETRIC_REPRESENTATION_CONTEXT(2) 
PARAMETRIC_REPRESENTATION_CONTEXT() REPRESENTATION_CONTEXT('2D SPACE',''
  ) );
#1907 = ORIENTED_EDGE('',*,*,#1390,.T.);
#1908 = ORIENTED_EDGE('',*,*,#1909,.T.);
#1909 = EDGE_CURVE('',#1363,#1910,#1912,.T.);
#1910 = VERTEX_POINT('',#1911);
#1911 = CARTESIAN_POINT('',(0.2,0.4,0.104366876767));
#1912 = SURFACE_CURVE('',#1913,(#1917,#1924),.PCURVE_S1.);
#1913 = LINE('',#1914,#1915);
#1914 = CARTESIAN_POINT('',(0.304366876767,-0.45,-2.22044604925E-16));
#1915 = VECTOR('',#1916,1.);
#1916 = DIRECTION('',(-0.120974291151,0.985256536015,0.120974291151));
#1917 = PCURVE('',#1406,#1918);
#1918 = DEFINITIONAL_REPRESENTATION('',(#1919),#1923);
#1919 = LINE('',#1920,#1921);
#1920 = CARTESIAN_POINT('',(1.678436879032E-17,-1.454366876767));
#1921 = VECTOR('',#1922,1.);
#1922 = DIRECTION('',(-0.992655640633,0.120974291151));
#1923 = ( GEOMETRIC_REPRESENTATION_CONTEXT(2) 
PARAMETRIC_REPRESENTATION_CONTEXT() REPRESENTATION_CONTEXT('2D SPACE',''
  ) );
#1924 = PCURVE('',#1870,#1925);
#1925 = DEFINITIONAL_REPRESENTATION('',(#1926),#1930);
#1926 = LINE('',#1927,#1928);
#1927 = CARTESIAN_POINT('',(-5.509737952776E-17,4.930380657631E-32));
#1928 = VECTOR('',#1929,1.);
#1929 = DIRECTION('',(0.992655640633,-0.120974291151));
#1930 = ( GEOMETRIC_REPRESENTATION_CONTEXT(2) 
PARAMETRIC_REPRESENTATION_CONTEXT() REPRESENTATION_CONTEXT('2D SPACE',''
  ) );
#1931 = ORIENTED_EDGE('',*,*,#1932,.T.);
#1932 = EDGE_CURVE('',#1910,#1933,#1935,.T.);
#1933 = VERTEX_POINT('',#1934);
#1934 = CARTESIAN_POINT('',(0.795633123233,0.4,0.104366876767));
#1935 = SURFACE_CURVE('',#1936,(#1940,#1947),.PCURVE_S1.);
#1936 = LINE('',#1937,#1938);
#1937 = CARTESIAN_POINT('',(-1.15,0.4,0.104366876767));
#1938 = VECTOR('',#1939,1.);
#1939 = DIRECTION('',(1.,1.140401064265E-17,2.958646657268E-17));
#1940 = PCURVE('',#1406,#1941);
#1941 = DEFINITIONAL_REPRESENTATION('',(#1942),#1946);
#1942 = LINE('',#1943,#1944);
#1943 = CARTESIAN_POINT('',(-0.85638335164,-1.278125615703E-17));
#1944 = VECTOR('',#1945,1.);
#1945 = DIRECTION('',(7.703719777549E-34,-1.));
#1946 = ( GEOMETRIC_REPRESENTATION_CONTEXT(2) 
PARAMETRIC_REPRESENTATION_CONTEXT() REPRESENTATION_CONTEXT('2D SPACE',''
  ) );
#1947 = PCURVE('',#625,#1948);
#1948 = DEFINITIONAL_REPRESENTATION('',(#1949),#1953);
#1949 = LINE('',#1950,#1951);
#1950 = CARTESIAN_POINT('',(1.045633123233,1.15));
#1951 = VECTOR('',#1952,1.);
#1952 = DIRECTION('',(9.287821334206E-17,-1.));
#1953 = ( GEOMETRIC_REPRESENTATION_CONTEXT(2) 
PARAMETRIC_REPRESENTATION_CONTEXT() REPRESENTATION_CONTEXT('2D SPACE',''
  ) );
#1954 = ORIENTED_EDGE('',*,*,#1955,.T.);
#1955 = EDGE_CURVE('',#1933,#1886,#1956,.T.);
#1956 = SURFACE_CURVE('',#1957,(#1961,#1968),.PCURVE_S1.);
#1957 = LINE('',#1958,#1959);
#1958 = CARTESIAN_POINT('',(0.795633123233,0.4,0.104366876767));
#1959 = VECTOR('',#1960,1.);
#1960 = DIRECTION('',(0.748656894429,-0.658016070744,-8.07942143134E-02)
  );
#1961 = PCURVE('',#1406,#1962);
#1962 = DEFINITIONAL_REPRESENTATION('',(#1963),#1967);
#1963 = LINE('',#1964,#1965);
#1964 = CARTESIAN_POINT('',(-0.85638335164,-1.945633123233));
#1965 = VECTOR('',#1966,1.);
#1966 = DIRECTION('',(0.662957656585,-0.748656894429));
#1967 = ( GEOMETRIC_REPRESENTATION_CONTEXT(2) 
PARAMETRIC_REPRESENTATION_CONTEXT() REPRESENTATION_CONTEXT('2D SPACE',''
  ) );
#1968 = PCURVE('',#1969,#1974);
#1969 = PLANE('',#1970);
#1970 = AXIS2_PLACEMENT_3D('',#1971,#1972,#1973);
#1971 = CARTESIAN_POINT('',(0.811581205653,0.573025060926,0.338418794347
    ));
#1972 = DIRECTION('',(-0.527857456695,-0.665381853392,0.527857456695));
#1973 = DIRECTION('',(-1.514520577148E-16,0.62149648152,0.783416953773)
  );
#1974 = DEFINITIONAL_REPRESENTATION('',(#1975),#1979);
#1975 = LINE('',#1976,#1977);
#1976 = CARTESIAN_POINT('',(-0.290894706875,1.877718498775E-02));
#1977 = VECTOR('',#1978,1.);
#1978 = DIRECTION('',(-0.472250230011,-0.881464531478));
#1979 = ( GEOMETRIC_REPRESENTATION_CONTEXT(2) 
PARAMETRIC_REPRESENTATION_CONTEXT() REPRESENTATION_CONTEXT('2D SPACE',''
  ) );
#1980 = ADVANCED_FACE('',(#1981),#1434,.T.);
#1981 = FACE_BOUND('',#1982,.T.);
#1982 = EDGE_LOOP('',(#1983,#1984,#1985,#1986,#2009));
#1983 = ORIENTED_EDGE('',*,*,#1484,.F.);
#1984 = ORIENTED_EDGE('',*,*,#1418,.T.);
#1985 = ORIENTED_EDGE('',*,*,#1885,.F.);
#1986 = ORIENTED_EDGE('',*,*,#1987,.T.);
#1987 = EDGE_CURVE('',#1886,#1988,#1990,.T.);
#1988 = VERTEX_POINT('',#1989);
#1989 = CARTESIAN_POINT('',(1.045633123233,0.4,0.354366876767));
#1990 = SURFACE_CURVE('',#1991,(#1995,#2002),.PCURVE_S1.);
#1991 = LINE('',#1992,#1993);
#1992 = CARTESIAN_POINT('',(1.07587669602,0.153685865996,
    7.412330397963E-02));
#1993 = VECTOR('',#1994,1.);
#1994 = DIRECTION('',(-8.07942143134E-02,0.658016070744,0.748656894429)
  );
#1995 = PCURVE('',#1434,#1996);
#1996 = DEFINITIONAL_REPRESENTATION('',(#1997),#2001);
#1997 = LINE('',#1998,#1999);
#1998 = CARTESIAN_POINT('',(-0.608219441482,-7.412330397963E-02));
#1999 = VECTOR('',#2000,1.);
#2000 = DIRECTION('',(-0.662957656585,-0.748656894429));
#2001 = ( GEOMETRIC_REPRESENTATION_CONTEXT(2) 
PARAMETRIC_REPRESENTATION_CONTEXT() REPRESENTATION_CONTEXT('2D SPACE',''
  ) );
#2002 = PCURVE('',#1969,#2003);
#2003 = DEFINITIONAL_REPRESENTATION('',(#2004),#2008);
#2004 = LINE('',#2005,#2006);
#2005 = CARTESIAN_POINT('',(-0.467671402171,-0.311180064355));
#2006 = VECTOR('',#2007,1.);
#2007 = DIRECTION('',(0.995465176405,9.512666589449E-02));
#2008 = ( GEOMETRIC_REPRESENTATION_CONTEXT(2) 
PARAMETRIC_REPRESENTATION_CONTEXT() REPRESENTATION_CONTEXT('2D SPACE',''
  ) );
#2009 = ORIENTED_EDGE('',*,*,#2010,.T.);
#2010 = EDGE_CURVE('',#1988,#1485,#2011,.T.);
#2011 = SURFACE_CURVE('',#2012,(#2016,#2023),.PCURVE_S1.);
#2012 = LINE('',#2013,#2014);
#2013 = CARTESIAN_POINT('',(1.045633123233,0.4,0.));
#2014 = VECTOR('',#2015,1.);
#2015 = DIRECTION('',(-1.224646799147E-16,-0.,1.));
#2016 = PCURVE('',#1434,#2017);
#2017 = DEFINITIONAL_REPRESENTATION('',(#2018),#2022);
#2018 = LINE('',#2019,#2020);
#2019 = CARTESIAN_POINT('',(-0.85638335164,-1.278125615703E-17));
#2020 = VECTOR('',#2021,1.);
#2021 = DIRECTION('',(0.,-1.));
#2022 = ( GEOMETRIC_REPRESENTATION_CONTEXT(2) 
PARAMETRIC_REPRESENTATION_CONTEXT() REPRESENTATION_CONTEXT('2D SPACE',''
  ) );
#2023 = PCURVE('',#625,#2024);
#2024 = DEFINITIONAL_REPRESENTATION('',(#2025),#2029);
#2025 = LINE('',#2026,#2027);
#2026 = CARTESIAN_POINT('',(1.15,-1.045633123233));
#2027 = VECTOR('',#2028,1.);
#2028 = DIRECTION('',(-1.,0.));
#2029 = ( GEOMETRIC_REPRESENTATION_CONTEXT(2) 
PARAMETRIC_REPRESENTATION_CONTEXT() REPRESENTATION_CONTEXT('2D SPACE',''
  ) );
#2030 = ADVANCED_FACE('',(#2031),#1544,.T.);
#2031 = FACE_BOUND('',#2032,.T.);
#2032 = EDGE_LOOP('',(#2033,#2054,#2055));
#2033 = ORIENTED_EDGE('',*,*,#2034,.T.);
#2034 = EDGE_CURVE('',#1508,#1589,#2035,.T.);
#2035 = SURFACE_CURVE('',#2036,(#2040,#2047),.PCURVE_S1.);
#2036 = LINE('',#2037,#2038);
#2037 = CARTESIAN_POINT('',(0.45,0.4,2.3));
#2038 = VECTOR('',#2039,1.);
#2039 = DIRECTION('',(-1.224646799147E-16,-0.,1.));
#2040 = PCURVE('',#1544,#2041);
#2041 = DEFINITIONAL_REPRESENTATION('',(#2042),#2046);
#2042 = LINE('',#2043,#2044);
#2043 = CARTESIAN_POINT('',(-0.85638335164,-1.278125615703E-17));
#2044 = VECTOR('',#2045,1.);
#2045 = DIRECTION('',(0.,-1.));
#2046 = ( GEOMETRIC_REPRESENTATION_CONTEXT(2) 
PARAMETRIC_REPRESENTATION_CONTEXT() REPRESENTATION_CONTEXT('2D SPACE',''
  ) );
#2047 = PCURVE('',#625,#2048);
#2048 = DEFINITIONAL_REPRESENTATION('',(#2049),#2053);
#2049 = LINE('',#2050,#2051);
#2050 = CARTESIAN_POINT('',(-1.15,-0.45));
#2051 = VECTOR('',#2052,1.);
#2052 = DIRECTION('',(-1.,0.));
#2053 = ( GEOMETRIC_REPRESENTATION_CONTEXT(2) 
PARAMETRIC_REPRESENTATION_CONTEXT() REPRESENTATION_CONTEXT('2D SPACE',''
  ) );
#2054 = ORIENTED_EDGE('',*,*,#1588,.F.);
#2055 = ORIENTED_EDGE('',*,*,#1530,.F.);
#2056 = ADVANCED_FACE('',(#2057),#1575,.T.);
#2057 = FACE_BOUND('',#2058,.T.);
#2058 = EDGE_LOOP('',(#2059,#2060,#2081));
#2059 = ORIENTED_EDGE('',*,*,#1559,.F.);
#2060 = ORIENTED_EDGE('',*,*,#2061,.T.);
#2061 = EDGE_CURVE('',#1560,#1638,#2062,.T.);
#2062 = SURFACE_CURVE('',#2063,(#2067,#2074),.PCURVE_S1.);
#2063 = LINE('',#2064,#2065);
#2064 = CARTESIAN_POINT('',(-0.45,0.4,2.3));
#2065 = VECTOR('',#2066,1.);
#2066 = DIRECTION('',(1.224646799147E-16,0.,-1.));
#2067 = PCURVE('',#1575,#2068);
#2068 = DEFINITIONAL_REPRESENTATION('',(#2069),#2073);
#2069 = LINE('',#2070,#2071);
#2070 = CARTESIAN_POINT('',(0.85638335164,1.278125615703E-17));
#2071 = VECTOR('',#2072,1.);
#2072 = DIRECTION('',(0.,1.));
#2073 = ( GEOMETRIC_REPRESENTATION_CONTEXT(2) 
PARAMETRIC_REPRESENTATION_CONTEXT() REPRESENTATION_CONTEXT('2D SPACE',''
  ) );
#2074 = PCURVE('',#625,#2075);
#2075 = DEFINITIONAL_REPRESENTATION('',(#2076),#2080);
#2076 = LINE('',#2077,#2078);
#2077 = CARTESIAN_POINT('',(-1.15,0.45));
#2078 = VECTOR('',#2079,1.);
#2079 = DIRECTION('',(1.,0.));
#2080 = ( GEOMETRIC_REPRESENTATION_CONTEXT(2) 
PARAMETRIC_REPRESENTATION_CONTEXT() REPRESENTATION_CONTEXT('2D SPACE',''
  ) );
#2081 = ORIENTED_EDGE('',*,*,#1682,.F.);
#2082 = ADVANCED_FACE('',(#2083,#2158),#625,.T.);
#2083 = FACE_BOUND('',#2084,.T.);
#2084 = EDGE_LOOP('',(#2085,#2086,#2087,#2088,#2089,#2090,#2091,#2092,
    #2093,#2114,#2115,#2136,#2137));
#2085 = ORIENTED_EDGE('',*,*,#1756,.F.);
#2086 = ORIENTED_EDGE('',*,*,#1706,.F.);
#2087 = ORIENTED_EDGE('',*,*,#1635,.T.);
#2088 = ORIENTED_EDGE('',*,*,#2061,.F.);
#2089 = ORIENTED_EDGE('',*,*,#1611,.T.);
#2090 = ORIENTED_EDGE('',*,*,#2034,.F.);
#2091 = ORIENTED_EDGE('',*,*,#1507,.T.);
#2092 = ORIENTED_EDGE('',*,*,#2010,.F.);
#2093 = ORIENTED_EDGE('',*,*,#2094,.T.);
#2094 = EDGE_CURVE('',#1988,#1933,#2095,.T.);
#2095 = SURFACE_CURVE('',#2096,(#2100,#2107),.PCURVE_S1.);
#2096 = LINE('',#2097,#2098);
#2097 = CARTESIAN_POINT('',(1.045633123233,0.4,0.354366876767));
#2098 = VECTOR('',#2099,1.);
#2099 = DIRECTION('',(-0.707106781187,0.,-0.707106781187));
#2100 = PCURVE('',#625,#2101);
#2101 = DEFINITIONAL_REPRESENTATION('',(#2102),#2106);
#2102 = LINE('',#2103,#2104);
#2103 = CARTESIAN_POINT('',(0.795633123233,-1.045633123233));
#2104 = VECTOR('',#2105,1.);
#2105 = DIRECTION('',(0.707106781187,0.707106781187));
#2106 = ( GEOMETRIC_REPRESENTATION_CONTEXT(2) 
PARAMETRIC_REPRESENTATION_CONTEXT() REPRESENTATION_CONTEXT('2D SPACE',''
  ) );
#2107 = PCURVE('',#1969,#2108);
#2108 = DEFINITIONAL_REPRESENTATION('',(#2109),#2113);
#2109 = LINE('',#2110,#2111);
#2110 = CARTESIAN_POINT('',(-9.504046843158E-02,-0.275571447222));
#2111 = VECTOR('',#2112,1.);
#2112 = DIRECTION('',(-0.553959440509,0.832543655474));
#2113 = ( GEOMETRIC_REPRESENTATION_CONTEXT(2) 
PARAMETRIC_REPRESENTATION_CONTEXT() REPRESENTATION_CONTEXT('2D SPACE',''
  ) );
#2114 = ORIENTED_EDGE('',*,*,#1932,.F.);
#2115 = ORIENTED_EDGE('',*,*,#2116,.T.);
#2116 = EDGE_CURVE('',#1910,#1834,#2117,.T.);
#2117 = SURFACE_CURVE('',#2118,(#2122,#2129),.PCURVE_S1.);
#2118 = LINE('',#2119,#2120);
#2119 = CARTESIAN_POINT('',(0.2,0.4,1.15));
#2120 = VECTOR('',#2121,1.);
#2121 = DIRECTION('',(1.224646799147E-16,0.,-1.));
#2122 = PCURVE('',#625,#2123);
#2123 = DEFINITIONAL_REPRESENTATION('',(#2124),#2128);
#2124 = LINE('',#2125,#2126);
#2125 = CARTESIAN_POINT('',(2.449293598295E-17,-0.2));
#2126 = VECTOR('',#2127,1.);
#2127 = DIRECTION('',(1.,0.));
#2128 = ( GEOMETRIC_REPRESENTATION_CONTEXT(2) 
PARAMETRIC_REPRESENTATION_CONTEXT() REPRESENTATION_CONTEXT('2D SPACE',''
  ) );
#2129 = PCURVE('',#1870,#2130);
#2130 = DEFINITIONAL_REPRESENTATION('',(#2131),#2135);
#2131 = LINE('',#2132,#2133);
#2132 = CARTESIAN_POINT('',(0.85638335164,-1.15));
#2133 = VECTOR('',#2134,1.);
#2134 = DIRECTION('',(0.,1.));
#2135 = ( GEOMETRIC_REPRESENTATION_CONTEXT(2) 
PARAMETRIC_REPRESENTATION_CONTEXT() REPRESENTATION_CONTEXT('2D SPACE',''
  ) );
#2136 = ORIENTED_EDGE('',*,*,#1833,.T.);
#2137 = ORIENTED_EDGE('',*,*,#2138,.T.);
#2138 = EDGE_CURVE('',#1811,#1757,#2139,.T.);
#2139 = SURFACE_CURVE('',#2140,(#2144,#2151),.PCURVE_S1.);
#2140 = LINE('',#2141,#2142);
#2141 = CARTESIAN_POINT('',(-0.2,0.4,1.15));
#2142 = VECTOR('',#2143,1.);
#2143 = DIRECTION('',(-1.224646799147E-16,0.,1.));
#2144 = PCURVE('',#625,#2145);
#2145 = DEFINITIONAL_REPRESENTATION('',(#2146),#2150);
#2146 = LINE('',#2147,#2148);
#2147 = CARTESIAN_POINT('',(-2.449293598295E-17,0.2));
#2148 = VECTOR('',#2149,1.);
#2149 = DIRECTION('',(-1.,0.));
#2150 = ( GEOMETRIC_REPRESENTATION_CONTEXT(2) 
PARAMETRIC_REPRESENTATION_CONTEXT() REPRESENTATION_CONTEXT('2D SPACE',''
  ) );
#2151 = PCURVE('',#1793,#2152);
#2152 = DEFINITIONAL_REPRESENTATION('',(#2153),#2157);
#2153 = LINE('',#2154,#2155);
#2154 = CARTESIAN_POINT('',(-0.85638335164,-1.15));
#2155 = VECTOR('',#2156,1.);
#2156 = DIRECTION('',(0.,-1.));
#2157 = ( GEOMETRIC_REPRESENTATION_CONTEXT(2) 
PARAMETRIC_REPRESENTATION_CONTEXT() REPRESENTATION_CONTEXT('2D SPACE',''
  ) );
#2158 = FACE_BOUND('',#2159,.T.);
#2159 = EDGE_LOOP('',(#2160,#2161));
#2160 = ORIENTED_EDGE('',*,*,#608,.T.);
#2161 = ORIENTED_EDGE('',*,*,#2162,.T.);
#2162 = EDGE_CURVE('',#586,#609,#2163,.T.);
#2163 = SURFACE_CURVE('',#2164,(#2169,#2180),.PCURVE_S1.);
#2164 = CIRCLE('',#2165,0.9);
#2165 = AXIS2_PLACEMENT_3D('',#2166,#2167,#2168);
#2166 = CARTESIAN_POINT('',(1.027162637017E-26,0.400000000014,1.15));
#2167 = DIRECTION('',(6.023345402759E-17,-1.,7.376470667648E-33));
#2168 = DIRECTION('',(-1.,-6.023345402759E-17,-1.224646799147E-16));
#2169 = PCURVE('',#625,#2170);
#2170 = DEFINITIONAL_REPRESENTATION('',(#2171),#2179);
#2171 = ( BOUNDED_CURVE() B_SPLINE_CURVE(2,(#2172,#2173,#2174,#2175,
#2176,#2177,#2178),.UNSPECIFIED.,.T.,.F.) B_SPLINE_CURVE_WITH_KNOTS((1,2
    ,2,2,2,1),(-2.094395102393,0.,2.094395102393,4.188790204786,
6.28318530718,8.377580409573),.UNSPECIFIED.) CURVE() 
GEOMETRIC_REPRESENTATION_ITEM() RATIONAL_B_SPLINE_CURVE((1.,0.5,1.,0.5,
1.,0.5,1.)) REPRESENTATION_ITEM('') );
#2172 = CARTESIAN_POINT('',(1.257911435627E-42,0.9));
#2173 = CARTESIAN_POINT('',(1.558845726812,0.9));
#2174 = CARTESIAN_POINT('',(0.779422863406,-0.45));
#2175 = CARTESIAN_POINT('',(2.204364238465E-16,-1.799999999999));
#2176 = CARTESIAN_POINT('',(-0.779422863406,-0.45));
#2177 = CARTESIAN_POINT('',(-1.558845726812,0.9));
#2178 = CARTESIAN_POINT('',(1.257911435627E-42,0.9));
#2179 = ( GEOMETRIC_REPRESENTATION_CONTEXT(2) 
PARAMETRIC_REPRESENTATION_CONTEXT() REPRESENTATION_CONTEXT('2D SPACE',''
  ) );
#2180 = PCURVE('',#385,#2181);
#2181 = DEFINITIONAL_REPRESENTATION('',(#2182),#2186);
#2182 = LINE('',#2183,#2184);
#2183 = CARTESIAN_POINT('',(0.,1.7053026036E-10));
#2184 = VECTOR('',#2185,1.);
#2185 = DIRECTION('',(1.,0.));
#2186 = ( GEOMETRIC_REPRESENTATION_CONTEXT(2) 
PARAMETRIC_REPRESENTATION_CONTEXT() REPRESENTATION_CONTEXT('2D SPACE',''
  ) );
#2187 = ADVANCED_FACE('',(#2188),#1793,.F.);
#2188 = FACE_BOUND('',#2189,.T.);
#2189 = EDGE_LOOP('',(#2190,#2191,#2192));
#2190 = ORIENTED_EDGE('',*,*,#1779,.F.);
#2191 = ORIENTED_EDGE('',*,*,#2138,.F.);
#2192 = ORIENTED_EDGE('',*,*,#1810,.T.);
#2193 = ADVANCED_FACE('',(#2194),#1870,.F.);
#2194 = FACE_BOUND('',#2195,.T.);
#2195 = EDGE_LOOP('',(#2196,#2197,#2198));
#2196 = ORIENTED_EDGE('',*,*,#1909,.F.);
#2197 = ORIENTED_EDGE('',*,*,#1856,.T.);
#2198 = ORIENTED_EDGE('',*,*,#2116,.F.);
#2199 = ADVANCED_FACE('',(#2200),#1969,.F.);
#2200 = FACE_BOUND('',#2201,.T.);
#2201 = EDGE_LOOP('',(#2202,#2203,#2204));
#2202 = ORIENTED_EDGE('',*,*,#2094,.F.);
#2203 = ORIENTED_EDGE('',*,*,#1987,.F.);
#2204 = ORIENTED_EDGE('',*,*,#1955,.F.);
#2205 = ADVANCED_FACE('',(#2206),#385,.T.);
#2206 = FACE_BOUND('',#2207,.T.);
#2207 = EDGE_LOOP('',(#2208,#2209,#2210,#2254,#2255));
#2208 = ORIENTED_EDGE('',*,*,#585,.F.);
#2209 = ORIENTED_EDGE('',*,*,#348,.T.);
#2210 = ORIENTED_EDGE('',*,*,#2211,.T.);
#2211 = EDGE_CURVE('',#327,#539,#2212,.T.);
#2212 = SURFACE_CURVE('',#2213,(#2218,#2225),.PCURVE_S1.);
#2213 = CIRCLE('',#2214,0.88427766622);
#2214 = AXIS2_PLACEMENT_3D('',#2215,#2216,#2217);
#2215 = CARTESIAN_POINT('',(0.,0.699999999996,1.15));
#2216 = DIRECTION('',(-0.,-1.,0.));
#2217 = DIRECTION('',(-1.224646799147E-16,0.,1.));
#2218 = PCURVE('',#385,#2219);
#2219 = DEFINITIONAL_REPRESENTATION('',(#2220),#2224);
#2220 = LINE('',#2221,#2222);
#2221 = CARTESIAN_POINT('',(4.712388980385,-0.299999999811));
#2222 = VECTOR('',#2223,1.);
#2223 = DIRECTION('',(1.,0.));
#2224 = ( GEOMETRIC_REPRESENTATION_CONTEXT(2) 
PARAMETRIC_REPRESENTATION_CONTEXT() REPRESENTATION_CONTEXT('2D SPACE',''
  ) );
#2225 = PCURVE('',#133,#2226);
#2226 = DEFINITIONAL_REPRESENTATION('',(#2227),#2253);
#2227 = B_SPLINE_CURVE_WITH_KNOTS('',3,(#2228,#2229,#2230,#2231,#2232,
    #2233,#2234,#2235,#2236,#2237,#2238,#2239,#2240,#2241,#2242,#2243,
    #2244,#2245,#2246,#2247,#2248,#2249,#2250,#2251,#2252),
  .UNSPECIFIED.,.F.,.F.,(4,1,1,1,1,1,1,1,1,1,1,1,1,1,1,1,1,1,1,1,1,1,4),
  (0.,7.139983303613E-02,0.142799666072,0.214199499108,0.285599332145,
    0.356999165181,0.428398998217,0.499798831253,0.571198664289,
    0.642598497325,0.713998330361,0.785398163397,0.856797996434,
    0.92819782947,0.999597662506,1.070997495542,1.142397328578,
    1.213797161614,1.28519699465,1.356596827687,1.427996660723,
    1.499396493759,1.570796326795),.QUASI_UNIFORM_KNOTS.);
#2228 = CARTESIAN_POINT('',(0.,0.));
#2229 = CARTESIAN_POINT('',(0.,1.189580152733E-02));
#2230 = CARTESIAN_POINT('',(0.,3.485390284375E-02));
#2231 = CARTESIAN_POINT('',(0.,6.706869135593E-02));
#2232 = CARTESIAN_POINT('',(0.,9.735653410333E-02));
#2233 = CARTESIAN_POINT('',(0.,0.125952382975));
#2234 = CARTESIAN_POINT('',(0.,0.153062064132));
#2235 = CARTESIAN_POINT('',(0.,0.178862134378));
#2236 = CARTESIAN_POINT('',(0.,0.203506466852));
#2237 = CARTESIAN_POINT('',(0.,0.227129728603));
#2238 = CARTESIAN_POINT('',(0.,0.249850683618));
#2239 = CARTESIAN_POINT('',(0.,0.271774758327));
#2240 = CARTESIAN_POINT('',(0.,0.292996189362));
#2241 = CARTESIAN_POINT('',(0.,0.313599797106));
#2242 = CARTESIAN_POINT('',(0.,0.333662473214));
#2243 = CARTESIAN_POINT('',(0.,0.353254436314));
#2244 = CARTESIAN_POINT('',(0.,0.372440302715));
#2245 = CARTESIAN_POINT('',(0.,0.391280008182));
#2246 = CARTESIAN_POINT('',(0.,0.409829610873));
#2247 = CARTESIAN_POINT('',(0.,0.428141997155));
#2248 = CARTESIAN_POINT('',(0.,0.446267518524));
#2249 = CARTESIAN_POINT('',(0.,0.464254545098));
#2250 = CARTESIAN_POINT('',(0.,0.482150066407));
#2251 = CARTESIAN_POINT('',(-0.,0.494049967163));
#2252 = CARTESIAN_POINT('',(0.,0.5));
#2253 = ( GEOMETRIC_REPRESENTATION_CONTEXT(2) 
PARAMETRIC_REPRESENTATION_CONTEXT() REPRESENTATION_CONTEXT('2D SPACE',''
  ) );
#2254 = ORIENTED_EDGE('',*,*,#641,.T.);
#2255 = ORIENTED_EDGE('',*,*,#2162,.F.);
#2256 = ADVANCED_FACE('',(#2257),#133,.T.);
#2257 = FACE_BOUND('',#2258,.T.);
#2258 = EDGE_LOOP('',(#2259,#2260,#2261,#2262,#2263,#2264));
#2259 = ORIENTED_EDGE('',*,*,#117,.F.);
#2260 = ORIENTED_EDGE('',*,*,#538,.F.);
#2261 = ORIENTED_EDGE('',*,*,#2211,.F.);
#2262 = ORIENTED_EDGE('',*,*,#326,.T.);
#2263 = ORIENTED_EDGE('',*,*,#469,.T.);
#2264 = ORIENTED_EDGE('',*,*,#2265,.T.);
#2265 = EDGE_CURVE('',#402,#118,#2266,.T.);
#2266 = SURFACE_CURVE('',#2267,(#2272,#2301),.PCURVE_S1.);
#2267 = CIRCLE('',#2268,0.854439049149);
#2268 = AXIS2_PLACEMENT_3D('',#2269,#2270,#2271);
#2269 = CARTESIAN_POINT('',(0.,0.815580613969,1.15));
#2270 = DIRECTION('',(-0.,-1.,0.));
#2271 = DIRECTION('',(-1.224646799147E-16,0.,1.));
#2272 = PCURVE('',#133,#2273);
#2273 = DEFINITIONAL_REPRESENTATION('',(#2274),#2300);
#2274 = B_SPLINE_CURVE_WITH_KNOTS('',3,(#2275,#2276,#2277,#2278,#2279,
    #2280,#2281,#2282,#2283,#2284,#2285,#2286,#2287,#2288,#2289,#2290,
    #2291,#2292,#2293,#2294,#2295,#2296,#2297,#2298,#2299),
  .UNSPECIFIED.,.F.,.F.,(4,1,1,1,1,1,1,1,1,1,1,1,1,1,1,1,1,1,1,1,1,1,4),
  (1.570796326795,1.642196159831,1.713595992867,1.784995825903,
    1.856395658939,1.927795491976,1.999195325012,2.070595158048,
    2.141994991084,2.21339482412,2.284794657156,2.356194490192,
    2.427594323228,2.498994156265,2.570393989301,2.641793822337,
    2.713193655373,2.784593488409,2.855993321445,2.927393154481,
    2.998792987518,3.070192820554,3.14159265359),.QUASI_UNIFORM_KNOTS.);
#2275 = CARTESIAN_POINT('',(1.,0.5));
#2276 = CARTESIAN_POINT('',(1.,0.505950032837));
#2277 = CARTESIAN_POINT('',(1.,0.517849933593));
#2278 = CARTESIAN_POINT('',(1.,0.535745454902));
#2279 = CARTESIAN_POINT('',(1.,0.553732481476));
#2280 = CARTESIAN_POINT('',(1.,0.571858002845));
#2281 = CARTESIAN_POINT('',(1.,0.590170389127));
#2282 = CARTESIAN_POINT('',(1.,0.608719991818));
#2283 = CARTESIAN_POINT('',(1.,0.627559697285));
#2284 = CARTESIAN_POINT('',(1.,0.646745563686));
#2285 = CARTESIAN_POINT('',(1.,0.666337526786));
#2286 = CARTESIAN_POINT('',(1.,0.686400202894));
#2287 = CARTESIAN_POINT('',(1.,0.707003810638));
#2288 = CARTESIAN_POINT('',(1.,0.728225241673));
#2289 = CARTESIAN_POINT('',(1.,0.750149316382));
#2290 = CARTESIAN_POINT('',(1.,0.772870271397));
#2291 = CARTESIAN_POINT('',(1.,0.796493533148));
#2292 = CARTESIAN_POINT('',(1.,0.821137865622));
#2293 = CARTESIAN_POINT('',(1.,0.846937935868));
#2294 = CARTESIAN_POINT('',(1.,0.874047617025));
#2295 = CARTESIAN_POINT('',(1.,0.902643465897));
#2296 = CARTESIAN_POINT('',(1.,0.932931308644));
#2297 = CARTESIAN_POINT('',(1.,0.965146097156));
#2298 = CARTESIAN_POINT('',(1.,0.988104198473));
#2299 = CARTESIAN_POINT('',(1.,1.));
#2300 = ( GEOMETRIC_REPRESENTATION_CONTEXT(2) 
PARAMETRIC_REPRESENTATION_CONTEXT() REPRESENTATION_CONTEXT('2D SPACE',''
  ) );
#2301 = PCURVE('',#195,#2302);
#2302 = DEFINITIONAL_REPRESENTATION('',(#2303),#2329);
#2303 = B_SPLINE_CURVE_WITH_KNOTS('',3,(#2304,#2305,#2306,#2307,#2308,
    #2309,#2310,#2311,#2312,#2313,#2314,#2315,#2316,#2317,#2318,#2319,
    #2320,#2321,#2322,#2323,#2324,#2325,#2326,#2327,#2328),
  .UNSPECIFIED.,.F.,.F.,(4,1,1,1,1,1,1,1,1,1,1,1,1,1,1,1,1,1,1,1,1,1,4),
  (1.570796326795,1.642196159831,1.713595992867,1.784995825903,
    1.856395658939,1.927795491976,1.999195325012,2.070595158048,
    2.141994991084,2.21339482412,2.284794657156,2.356194490192,
    2.427594323228,2.498994156265,2.570393989301,2.641793822337,
    2.713193655373,2.784593488409,2.855993321445,2.927393154481,
    2.998792987518,3.070192820554,3.14159265359),.QUASI_UNIFORM_KNOTS.);
#2304 = CARTESIAN_POINT('',(0.992619710041,1.));
#2305 = CARTESIAN_POINT('',(0.992651350518,0.953999999344));
#2306 = CARTESIAN_POINT('',(0.990677684468,0.864442695991));
#2307 = CARTESIAN_POINT('',(0.982279421692,0.739888652573));
#2308 = CARTESIAN_POINT('',(0.969012414254,0.628240535633));
#2309 = CARTESIAN_POINT('',(0.951809885151,0.530276670088));
#2310 = CARTESIAN_POINT('',(0.93159001957,0.445623099624));
#2311 = CARTESIAN_POINT('',(0.909177275628,0.373104952085));
#2312 = CARTESIAN_POINT('',(0.885239068631,0.311258301065));
#2313 = CARTESIAN_POINT('',(0.860288067446,0.258599286058));
#2314 = CARTESIAN_POINT('',(0.834702576159,0.213771145118));
#2315 = CARTESIAN_POINT('',(0.808753972843,0.175597067647));
#2316 = CARTESIAN_POINT('',(0.782631959651,0.143086859577));
#2317 = CARTESIAN_POINT('',(0.756465410348,0.115421629944));
#2318 = CARTESIAN_POINT('',(0.730338490763,9.193107068866E-02));
#2319 = CARTESIAN_POINT('',(0.704302748347,7.207007786829E-02));
#2320 = CARTESIAN_POINT('',(0.678386022878,5.539767450729E-02));
#2321 = CARTESIAN_POINT('',(0.652598963888,4.155919095617E-02));
#2322 = CARTESIAN_POINT('',(0.626939788514,3.027171787006E-02));
#2323 = CARTESIAN_POINT('',(0.601397759408,2.131265461903E-02));
#2324 = CARTESIAN_POINT('',(0.575955758991,1.451043259014E-02));
#2325 = CARTESIAN_POINT('',(0.550592166131,9.738911898609E-03));
#2326 = CARTESIAN_POINT('',(0.52528245668,6.908045743375E-03));
#2327 = CARTESIAN_POINT('',(0.508427379783,6.287314964339E-03));
#2328 = CARTESIAN_POINT('',(0.5,6.284422754739E-03));
#2329 = ( GEOMETRIC_REPRESENTATION_CONTEXT(2) 
PARAMETRIC_REPRESENTATION_CONTEXT() REPRESENTATION_CONTEXT('2D SPACE',''
  ) );
#2330 = ADVANCED_FACE('',(#2331),#195,.T.);
#2331 = FACE_BOUND('',#2332,.T.);
#2332 = EDGE_LOOP('',(#2333,#2334,#2335));
#2333 = ORIENTED_EDGE('',*,*,#401,.F.);
#2334 = ORIENTED_EDGE('',*,*,#156,.F.);
#2335 = ORIENTED_EDGE('',*,*,#2265,.F.);
#2336 = ( GEOMETRIC_REPRESENTATION_CONTEXT(3) 
GLOBAL_UNCERTAINTY_ASSIGNED_CONTEXT((#2340)) 
GLOBAL_UNIT_ASSIGNED_CONTEXT((#2337,#2338,#2339)) REPRESENTATION_CONTEXT
('Context #1','3D Context with UNIT and UNCERTAINTY') );
#2337 = ( LENGTH_UNIT() NAMED_UNIT(*) SI_UNIT(.MILLI.,.METRE.) );
#2338 = ( NAMED_UNIT(*) PLANE_ANGLE_UNIT() SI_UNIT($,.RADIAN.) );
#2339 = ( NAMED_UNIT(*) SI_UNIT($,.STERADIAN.) SOLID_ANGLE_UNIT() );
#2340 = UNCERTAINTY_MEASURE_WITH_UNIT(LENGTH_MEASURE(5.E-06),#2337,
  'distance_accuracy_value','confusion accuracy');
#2341 = CONTEXT_DEPENDENT_SHAPE_REPRESENTATION(#2342,#2344);
#2342 = ( REPRESENTATION_RELATIONSHIP('','',#40,#10) 
REPRESENTATION_RELATIONSHIP_WITH_TRANSFORMATION(#2343) 
SHAPE_REPRESENTATION_RELATIONSHIP() );
#2343 = ITEM_DEFINED_TRANSFORMATION('','',#11,#15);
#2344 = PRODUCT_DEFINITION_SHAPE('Placement','Placement of an item',
  #2345);
#2345 = NEXT_ASSEMBLY_USAGE_OCCURRENCE('17','','',#5,#35,$);
#2346 = PRODUCT_RELATED_PRODUCT_CATEGORY('part',$,(#37));
#2347 = SHAPE_DEFINITION_REPRESENTATION(#2348,#2354);
#2348 = PRODUCT_DEFINITION_SHAPE('','',#2349);
#2349 = PRODUCT_DEFINITION('design','',#2350,#2353);
#2350 = PRODUCT_DEFINITION_FORMATION('','',#2351);
#2351 = PRODUCT('Open CASCADE STEP translator 7.9 6.2',
  'Open CASCADE STEP translator 7.9 6.2','',(#2352));
#2352 = PRODUCT_CONTEXT('',#2,'mechanical');
#2353 = PRODUCT_DEFINITION_CONTEXT('part definition',#2,'design');
#2354 = ADVANCED_BREP_SHAPE_REPRESENTATION('',(#11,#2355),#3165);
#2355 = MANIFOLD_SOLID_BREP('',#2356);
#2356 = CLOSED_SHELL('',(#2357,#2533,#2727,#2776,#2825,#2874,#3021,#3048
    ,#3077,#3104,#3131,#3158));
#2357 = ADVANCED_FACE('',(#2358),#2372,.T.);
#2358 = FACE_BOUND('',#2359,.T.);
#2359 = EDGE_LOOP('',(#2360,#2395,#2423,#2451,#2479,#2507));
#2360 = ORIENTED_EDGE('',*,*,#2361,.T.);
#2361 = EDGE_CURVE('',#2362,#2364,#2366,.T.);
#2362 = VERTEX_POINT('',#2363);
#2363 = CARTESIAN_POINT('',(1.13772154391,-0.35,1.35));
#2364 = VERTEX_POINT('',#2365);
#2365 = CARTESIAN_POINT('',(1.9,-0.35,1.35));
#2366 = SURFACE_CURVE('',#2367,(#2371,#2383),.PCURVE_S1.);
#2367 = LINE('',#2368,#2369);
#2368 = CARTESIAN_POINT('',(1.4,-0.35,1.35));
#2369 = VECTOR('',#2370,1.);
#2370 = DIRECTION('',(1.,-0.,1.224646799147E-16));
#2371 = PCURVE('',#2372,#2377);
#2372 = PLANE('',#2373);
#2373 = AXIS2_PLACEMENT_3D('',#2374,#2375,#2376);
#2374 = CARTESIAN_POINT('',(1.4,-0.35,1.15));
#2375 = DIRECTION('',(1.475294133514E-32,1.,-1.204669080539E-16));
#2376 = DIRECTION('',(1.224646799147E-16,-1.204669080539E-16,-1.));
#2377 = DEFINITIONAL_REPRESENTATION('',(#2378),#2382);
#2378 = LINE('',#2379,#2380);
#2379 = CARTESIAN_POINT('',(-0.2,-2.449293598295E-17));
#2380 = VECTOR('',#2381,1.);
#2381 = DIRECTION('',(0.,-1.));
#2382 = ( GEOMETRIC_REPRESENTATION_CONTEXT(2) 
PARAMETRIC_REPRESENTATION_CONTEXT() REPRESENTATION_CONTEXT('2D SPACE',''
  ) );
#2383 = PCURVE('',#2384,#2389);
#2384 = PLANE('',#2385);
#2385 = AXIS2_PLACEMENT_3D('',#2386,#2387,#2388);
#2386 = CARTESIAN_POINT('',(1.4,-0.35,1.35));
#2387 = DIRECTION('',(-1.224646799147E-16,0.,1.));
#2388 = DIRECTION('',(1.,0.,1.224646799147E-16));
#2389 = DEFINITIONAL_REPRESENTATION('',(#2390),#2394);
#2390 = LINE('',#2391,#2392);
#2391 = CARTESIAN_POINT('',(0.,5.551115123126E-17));
#2392 = VECTOR('',#2393,1.);
#2393 = DIRECTION('',(1.,0.));
#2394 = ( GEOMETRIC_REPRESENTATION_CONTEXT(2) 
PARAMETRIC_REPRESENTATION_CONTEXT() REPRESENTATION_CONTEXT('2D SPACE',''
  ) );
#2395 = ORIENTED_EDGE('',*,*,#2396,.T.);
#2396 = EDGE_CURVE('',#2364,#2397,#2399,.T.);
#2397 = VERTEX_POINT('',#2398);
#2398 = CARTESIAN_POINT('',(1.9,-0.35,0.25));
#2399 = SURFACE_CURVE('',#2400,(#2404,#2411),.PCURVE_S1.);
#2400 = LINE('',#2401,#2402);
#2401 = CARTESIAN_POINT('',(1.9,-0.35,1.15));
#2402 = VECTOR('',#2403,1.);
#2403 = DIRECTION('',(1.224646799147E-16,-1.204669080539E-16,-1.));
#2404 = PCURVE('',#2372,#2405);
#2405 = DEFINITIONAL_REPRESENTATION('',(#2406),#2410);
#2406 = LINE('',#2407,#2408);
#2407 = CARTESIAN_POINT('',(6.123233995737E-17,-0.5));
#2408 = VECTOR('',#2409,1.);
#2409 = DIRECTION('',(1.,0.));
#2410 = ( GEOMETRIC_REPRESENTATION_CONTEXT(2) 
PARAMETRIC_REPRESENTATION_CONTEXT() REPRESENTATION_CONTEXT('2D SPACE',''
  ) );
#2411 = PCURVE('',#2412,#2417);
#2412 = PLANE('',#2413);
#2413 = AXIS2_PLACEMENT_3D('',#2414,#2415,#2416);
#2414 = CARTESIAN_POINT('',(1.9,-0.25,0.25));
#2415 = DIRECTION('',(-1.,0.,-1.224646799147E-16));
#2416 = DIRECTION('',(-1.224646799147E-16,0.,1.));
#2417 = DEFINITIONAL_REPRESENTATION('',(#2418),#2422);
#2418 = LINE('',#2419,#2420);
#2419 = CARTESIAN_POINT('',(0.9,-1.E-01));
#2420 = VECTOR('',#2421,1.);
#2421 = DIRECTION('',(-1.,-1.204669080539E-16));
#2422 = ( GEOMETRIC_REPRESENTATION_CONTEXT(2) 
PARAMETRIC_REPRESENTATION_CONTEXT() REPRESENTATION_CONTEXT('2D SPACE',''
  ) );
#2423 = ORIENTED_EDGE('',*,*,#2424,.T.);
#2424 = EDGE_CURVE('',#2397,#2425,#2427,.T.);
#2425 = VERTEX_POINT('',#2426);
#2426 = CARTESIAN_POINT('',(1.4,-0.35,0.25));
#2427 = SURFACE_CURVE('',#2428,(#2432,#2439),.PCURVE_S1.);
#2428 = LINE('',#2429,#2430);
#2429 = CARTESIAN_POINT('',(1.4,-0.35,0.25));
#2430 = VECTOR('',#2431,1.);
#2431 = DIRECTION('',(-1.,0.,-1.224646799147E-16));
#2432 = PCURVE('',#2372,#2433);
#2433 = DEFINITIONAL_REPRESENTATION('',(#2434),#2438);
#2434 = LINE('',#2435,#2436);
#2435 = CARTESIAN_POINT('',(0.9,1.102182119233E-16));
#2436 = VECTOR('',#2437,1.);
#2437 = DIRECTION('',(0.,1.));
#2438 = ( GEOMETRIC_REPRESENTATION_CONTEXT(2) 
PARAMETRIC_REPRESENTATION_CONTEXT() REPRESENTATION_CONTEXT('2D SPACE',''
  ) );
#2439 = PCURVE('',#2440,#2445);
#2440 = CYLINDRICAL_SURFACE('',#2441,0.1);
#2441 = AXIS2_PLACEMENT_3D('',#2442,#2443,#2444);
#2442 = CARTESIAN_POINT('',(1.4,-0.25,0.25));
#2443 = DIRECTION('',(1.,0.,1.224646799147E-16));
#2444 = DIRECTION('',(1.224646799147E-16,0.,-1.));
#2445 = DEFINITIONAL_REPRESENTATION('',(#2446),#2450);
#2446 = LINE('',#2447,#2448);
#2447 = CARTESIAN_POINT('',(4.712388980385,0.));
#2448 = VECTOR('',#2449,1.);
#2449 = DIRECTION('',(0.,-1.));
#2450 = ( GEOMETRIC_REPRESENTATION_CONTEXT(2) 
PARAMETRIC_REPRESENTATION_CONTEXT() REPRESENTATION_CONTEXT('2D SPACE',''
  ) );
#2451 = ORIENTED_EDGE('',*,*,#2452,.T.);
#2452 = EDGE_CURVE('',#2425,#2453,#2455,.T.);
#2453 = VERTEX_POINT('',#2454);
#2454 = CARTESIAN_POINT('',(1.4,-0.35,0.95));
#2455 = SURFACE_CURVE('',#2456,(#2460,#2467),.PCURVE_S1.);
#2456 = LINE('',#2457,#2458);
#2457 = CARTESIAN_POINT('',(1.4,-0.35,1.15));
#2458 = VECTOR('',#2459,1.);
#2459 = DIRECTION('',(-1.224646799147E-16,1.204669080539E-16,1.));
#2460 = PCURVE('',#2372,#2461);
#2461 = DEFINITIONAL_REPRESENTATION('',(#2462),#2466);
#2462 = LINE('',#2463,#2464);
#2463 = CARTESIAN_POINT('',(0.,0.));
#2464 = VECTOR('',#2465,1.);
#2465 = DIRECTION('',(-1.,0.));
#2466 = ( GEOMETRIC_REPRESENTATION_CONTEXT(2) 
PARAMETRIC_REPRESENTATION_CONTEXT() REPRESENTATION_CONTEXT('2D SPACE',''
  ) );
#2467 = PCURVE('',#2468,#2473);
#2468 = PLANE('',#2469);
#2469 = AXIS2_PLACEMENT_3D('',#2470,#2471,#2472);
#2470 = CARTESIAN_POINT('',(1.4,-0.25,0.25));
#2471 = DIRECTION('',(-1.,0.,-1.224646799147E-16));
#2472 = DIRECTION('',(-1.224646799147E-16,0.,1.));
#2473 = DEFINITIONAL_REPRESENTATION('',(#2474),#2478);
#2474 = LINE('',#2475,#2476);
#2475 = CARTESIAN_POINT('',(0.9,-1.E-01));
#2476 = VECTOR('',#2477,1.);
#2477 = DIRECTION('',(1.,1.204669080539E-16));
#2478 = ( GEOMETRIC_REPRESENTATION_CONTEXT(2) 
PARAMETRIC_REPRESENTATION_CONTEXT() REPRESENTATION_CONTEXT('2D SPACE',''
  ) );
#2479 = ORIENTED_EDGE('',*,*,#2480,.T.);
#2480 = EDGE_CURVE('',#2453,#2481,#2483,.T.);
#2481 = VERTEX_POINT('',#2482);
#2482 = CARTESIAN_POINT('',(1.13772154391,-0.35,0.95));
#2483 = SURFACE_CURVE('',#2484,(#2488,#2495),.PCURVE_S1.);
#2484 = LINE('',#2485,#2486);
#2485 = CARTESIAN_POINT('',(1.4,-0.35,0.95));
#2486 = VECTOR('',#2487,1.);
#2487 = DIRECTION('',(-1.,0.,-1.224646799147E-16));
#2488 = PCURVE('',#2372,#2489);
#2489 = DEFINITIONAL_REPRESENTATION('',(#2490),#2494);
#2490 = LINE('',#2491,#2492);
#2491 = CARTESIAN_POINT('',(0.2,2.449293598295E-17));
#2492 = VECTOR('',#2493,1.);
#2493 = DIRECTION('',(0.,1.));
#2494 = ( GEOMETRIC_REPRESENTATION_CONTEXT(2) 
PARAMETRIC_REPRESENTATION_CONTEXT() REPRESENTATION_CONTEXT('2D SPACE',''
  ) );
#2495 = PCURVE('',#2496,#2501);
#2496 = PLANE('',#2497);
#2497 = AXIS2_PLACEMENT_3D('',#2498,#2499,#2500);
#2498 = CARTESIAN_POINT('',(0.730002019213,-0.35,0.95));
#2499 = DIRECTION('',(1.224646799147E-16,-2.710505431214E-16,-1.));
#2500 = DIRECTION('',(-3.319411800407E-32,-1.,2.710505431214E-16));
#2501 = DEFINITIONAL_REPRESENTATION('',(#2502),#2506);
#2502 = LINE('',#2503,#2504);
#2503 = CARTESIAN_POINT('',(7.852663344324E-33,-0.669997980787));
#2504 = VECTOR('',#2505,1.);
#2505 = DIRECTION('',(0.,1.));
#2506 = ( GEOMETRIC_REPRESENTATION_CONTEXT(2) 
PARAMETRIC_REPRESENTATION_CONTEXT() REPRESENTATION_CONTEXT('2D SPACE',''
  ) );
#2507 = ORIENTED_EDGE('',*,*,#2508,.T.);
#2508 = EDGE_CURVE('',#2481,#2362,#2509,.T.);
#2509 = SURFACE_CURVE('',#2510,(#2514,#2521),.PCURVE_S1.);
#2510 = LINE('',#2511,#2512);
#2511 = CARTESIAN_POINT('',(1.13772154391,-0.35,1.15));
#2512 = VECTOR('',#2513,1.);
#2513 = DIRECTION('',(-1.224646799147E-16,1.204669080539E-16,1.));
#2514 = PCURVE('',#2372,#2515);
#2515 = DEFINITIONAL_REPRESENTATION('',(#2516),#2520);
#2516 = LINE('',#2517,#2518);
#2517 = CARTESIAN_POINT('',(-3.211984717363E-17,0.26227845609));
#2518 = VECTOR('',#2519,1.);
#2519 = DIRECTION('',(-1.,0.));
#2520 = ( GEOMETRIC_REPRESENTATION_CONTEXT(2) 
PARAMETRIC_REPRESENTATION_CONTEXT() REPRESENTATION_CONTEXT('2D SPACE',''
  ) );
#2521 = PCURVE('',#2522,#2527);
#2522 = PLANE('',#2523);
#2523 = AXIS2_PLACEMENT_3D('',#2524,#2525,#2526);
#2524 = CARTESIAN_POINT('',(1.15,-0.45,2.22044604925E-16));
#2525 = DIRECTION('',(0.992546151641,0.121869343405,1.215518467614E-16)
  );
#2526 = DIRECTION('',(0.121869343405,-0.992546151641,1.492469013153E-17)
  );
#2527 = DEFINITIONAL_REPRESENTATION('',(#2528),#2532);
#2528 = LINE('',#2529,#2530);
#2529 = CARTESIAN_POINT('',(-0.100750982546,-1.15));
#2530 = VECTOR('',#2531,1.);
#2531 = DIRECTION('',(-1.195689659891E-16,-1.));
#2532 = ( GEOMETRIC_REPRESENTATION_CONTEXT(2) 
PARAMETRIC_REPRESENTATION_CONTEXT() REPRESENTATION_CONTEXT('2D SPACE',''
  ) );
#2533 = ADVANCED_FACE('',(#2534),#2412,.F.);
#2534 = FACE_BOUND('',#2535,.T.);
#2535 = EDGE_LOOP('',(#2536,#2567,#2595,#2623,#2651,#2677,#2678,#2701));
#2536 = ORIENTED_EDGE('',*,*,#2537,.F.);
#2537 = EDGE_CURVE('',#2538,#2540,#2542,.T.);
#2538 = VERTEX_POINT('',#2539);
#2539 = CARTESIAN_POINT('',(1.9,-0.25,5.E-02));
#2540 = VERTEX_POINT('',#2541);
#2541 = CARTESIAN_POINT('',(1.9,-0.45,0.25));
#2542 = SURFACE_CURVE('',#2543,(#2548,#2555),.PCURVE_S1.);
#2543 = CIRCLE('',#2544,0.2);
#2544 = AXIS2_PLACEMENT_3D('',#2545,#2546,#2547);
#2545 = CARTESIAN_POINT('',(1.9,-0.25,0.25));
#2546 = DIRECTION('',(-1.,0.,-1.224646799147E-16));
#2547 = DIRECTION('',(1.224646799147E-16,0.,-1.));
#2548 = PCURVE('',#2412,#2549);
#2549 = DEFINITIONAL_REPRESENTATION('',(#2550),#2554);
#2550 = CIRCLE('',#2551,0.2);
#2551 = AXIS2_PLACEMENT_2D('',#2552,#2553);
#2552 = CARTESIAN_POINT('',(0.,0.));
#2553 = DIRECTION('',(-1.,0.));
#2554 = ( GEOMETRIC_REPRESENTATION_CONTEXT(2) 
PARAMETRIC_REPRESENTATION_CONTEXT() REPRESENTATION_CONTEXT('2D SPACE',''
  ) );
#2555 = PCURVE('',#2556,#2561);
#2556 = CYLINDRICAL_SURFACE('',#2557,0.2);
#2557 = AXIS2_PLACEMENT_3D('',#2558,#2559,#2560);
#2558 = CARTESIAN_POINT('',(1.4,-0.25,0.25));
#2559 = DIRECTION('',(1.,0.,1.224646799147E-16));
#2560 = DIRECTION('',(1.224646799147E-16,0.,-1.));
#2561 = DEFINITIONAL_REPRESENTATION('',(#2562),#2566);
#2562 = LINE('',#2563,#2564);
#2563 = CARTESIAN_POINT('',(6.28318530718,0.5));
#2564 = VECTOR('',#2565,1.);
#2565 = DIRECTION('',(-1.,0.));
#2566 = ( GEOMETRIC_REPRESENTATION_CONTEXT(2) 
PARAMETRIC_REPRESENTATION_CONTEXT() REPRESENTATION_CONTEXT('2D SPACE',''
  ) );
#2567 = ORIENTED_EDGE('',*,*,#2568,.F.);
#2568 = EDGE_CURVE('',#2569,#2538,#2571,.T.);
#2569 = VERTEX_POINT('',#2570);
#2570 = CARTESIAN_POINT('',(1.9,0.4,5.E-02));
#2571 = SURFACE_CURVE('',#2572,(#2576,#2583),.PCURVE_S1.);
#2572 = LINE('',#2573,#2574);
#2573 = CARTESIAN_POINT('',(1.9,-0.25,5.E-02));
#2574 = VECTOR('',#2575,1.);
#2575 = DIRECTION('',(0.,-1.,0.));
#2576 = PCURVE('',#2412,#2577);
#2577 = DEFINITIONAL_REPRESENTATION('',(#2578),#2582);
#2578 = LINE('',#2579,#2580);
#2579 = CARTESIAN_POINT('',(-0.2,0.));
#2580 = VECTOR('',#2581,1.);
#2581 = DIRECTION('',(0.,-1.));
#2582 = ( GEOMETRIC_REPRESENTATION_CONTEXT(2) 
PARAMETRIC_REPRESENTATION_CONTEXT() REPRESENTATION_CONTEXT('2D SPACE',''
  ) );
#2583 = PCURVE('',#2584,#2589);
#2584 = PLANE('',#2585);
#2585 = AXIS2_PLACEMENT_3D('',#2586,#2587,#2588);
#2586 = CARTESIAN_POINT('',(1.4,-0.25,5.E-02));
#2587 = DIRECTION('',(1.224646799147E-16,0.,-1.));
#2588 = DIRECTION('',(-1.,0.,-1.224646799147E-16));
#2589 = DEFINITIONAL_REPRESENTATION('',(#2590),#2594);
#2590 = LINE('',#2591,#2592);
#2591 = CARTESIAN_POINT('',(-0.5,0.));
#2592 = VECTOR('',#2593,1.);
#2593 = DIRECTION('',(-0.,-1.));
#2594 = ( GEOMETRIC_REPRESENTATION_CONTEXT(2) 
PARAMETRIC_REPRESENTATION_CONTEXT() REPRESENTATION_CONTEXT('2D SPACE',''
  ) );
#2595 = ORIENTED_EDGE('',*,*,#2596,.F.);
#2596 = EDGE_CURVE('',#2597,#2569,#2599,.T.);
#2597 = VERTEX_POINT('',#2598);
#2598 = CARTESIAN_POINT('',(1.9,0.4,0.15));
#2599 = SURFACE_CURVE('',#2600,(#2604,#2611),.PCURVE_S1.);
#2600 = LINE('',#2601,#2602);
#2601 = CARTESIAN_POINT('',(1.9,0.4,0.25));
#2602 = VECTOR('',#2603,1.);
#2603 = DIRECTION('',(1.224646799147E-16,0.,-1.));
#2604 = PCURVE('',#2412,#2605);
#2605 = DEFINITIONAL_REPRESENTATION('',(#2606),#2610);
#2606 = LINE('',#2607,#2608);
#2607 = CARTESIAN_POINT('',(0.,0.65));
#2608 = VECTOR('',#2609,1.);
#2609 = DIRECTION('',(-1.,0.));
#2610 = ( GEOMETRIC_REPRESENTATION_CONTEXT(2) 
PARAMETRIC_REPRESENTATION_CONTEXT() REPRESENTATION_CONTEXT('2D SPACE',''
  ) );
#2611 = PCURVE('',#2612,#2617);
#2612 = PLANE('',#2613);
#2613 = AXIS2_PLACEMENT_3D('',#2614,#2615,#2616);
#2614 = CARTESIAN_POINT('',(1.4,0.4,5.E-02));
#2615 = DIRECTION('',(0.,1.,0.));
#2616 = DIRECTION('',(1.224646799147E-16,0.,-1.));
#2617 = DEFINITIONAL_REPRESENTATION('',(#2618),#2622);
#2618 = LINE('',#2619,#2620);
#2619 = CARTESIAN_POINT('',(-0.2,-0.5));
#2620 = VECTOR('',#2621,1.);
#2621 = DIRECTION('',(1.,0.));
#2622 = ( GEOMETRIC_REPRESENTATION_CONTEXT(2) 
PARAMETRIC_REPRESENTATION_CONTEXT() REPRESENTATION_CONTEXT('2D SPACE',''
  ) );
#2623 = ORIENTED_EDGE('',*,*,#2624,.F.);
#2624 = EDGE_CURVE('',#2625,#2597,#2627,.T.);
#2625 = VERTEX_POINT('',#2626);
#2626 = CARTESIAN_POINT('',(1.9,-0.25,0.15));
#2627 = SURFACE_CURVE('',#2628,(#2632,#2639),.PCURVE_S1.);
#2628 = LINE('',#2629,#2630);
#2629 = CARTESIAN_POINT('',(1.9,-0.25,0.15));
#2630 = VECTOR('',#2631,1.);
#2631 = DIRECTION('',(0.,1.,0.));
#2632 = PCURVE('',#2412,#2633);
#2633 = DEFINITIONAL_REPRESENTATION('',(#2634),#2638);
#2634 = LINE('',#2635,#2636);
#2635 = CARTESIAN_POINT('',(-1.E-01,0.));
#2636 = VECTOR('',#2637,1.);
#2637 = DIRECTION('',(0.,1.));
#2638 = ( GEOMETRIC_REPRESENTATION_CONTEXT(2) 
PARAMETRIC_REPRESENTATION_CONTEXT() REPRESENTATION_CONTEXT('2D SPACE',''
  ) );
#2639 = PCURVE('',#2640,#2645);
#2640 = PLANE('',#2641);
#2641 = AXIS2_PLACEMENT_3D('',#2642,#2643,#2644);
#2642 = CARTESIAN_POINT('',(1.4,-0.25,0.15));
#2643 = DIRECTION('',(-1.224646799147E-16,0.,1.));
#2644 = DIRECTION('',(1.,0.,1.224646799147E-16));
#2645 = DEFINITIONAL_REPRESENTATION('',(#2646),#2650);
#2646 = LINE('',#2647,#2648);
#2647 = CARTESIAN_POINT('',(0.5,-5.551115123126E-17));
#2648 = VECTOR('',#2649,1.);
#2649 = DIRECTION('',(0.,1.));
#2650 = ( GEOMETRIC_REPRESENTATION_CONTEXT(2) 
PARAMETRIC_REPRESENTATION_CONTEXT() REPRESENTATION_CONTEXT('2D SPACE',''
  ) );
#2651 = ORIENTED_EDGE('',*,*,#2652,.F.);
#2652 = EDGE_CURVE('',#2397,#2625,#2653,.T.);
#2653 = SURFACE_CURVE('',#2654,(#2659,#2670),.PCURVE_S1.);
#2654 = CIRCLE('',#2655,0.1);
#2655 = AXIS2_PLACEMENT_3D('',#2656,#2657,#2658);
#2656 = CARTESIAN_POINT('',(1.9,-0.25,0.25));
#2657 = DIRECTION('',(1.,-0.,1.224646799147E-16));
#2658 = DIRECTION('',(1.224646799147E-16,0.,-1.));
#2659 = PCURVE('',#2412,#2660);
#2660 = DEFINITIONAL_REPRESENTATION('',(#2661),#2669);
#2661 = ( BOUNDED_CURVE() B_SPLINE_CURVE(2,(#2662,#2663,#2664,#2665,
#2666,#2667,#2668),.UNSPECIFIED.,.T.,.F.) B_SPLINE_CURVE_WITH_KNOTS((1,2
    ,2,2,2,1),(-2.094395102393,0.,2.094395102393,4.188790204786,
6.28318530718,8.377580409573),.UNSPECIFIED.) CURVE() 
GEOMETRIC_REPRESENTATION_ITEM() RATIONAL_B_SPLINE_CURVE((1.,0.5,1.,0.5,
1.,0.5,1.)) REPRESENTATION_ITEM('') );
#2662 = CARTESIAN_POINT('',(-0.1,0.));
#2663 = CARTESIAN_POINT('',(-0.1,0.173205080757));
#2664 = CARTESIAN_POINT('',(5.E-02,8.660254037844E-02));
#2665 = CARTESIAN_POINT('',(0.2,2.449293598295E-17));
#2666 = CARTESIAN_POINT('',(5.E-02,-8.660254037844E-02));
#2667 = CARTESIAN_POINT('',(-1.E-01,-0.173205080757));
#2668 = CARTESIAN_POINT('',(-0.1,0.));
#2669 = ( GEOMETRIC_REPRESENTATION_CONTEXT(2) 
PARAMETRIC_REPRESENTATION_CONTEXT() REPRESENTATION_CONTEXT('2D SPACE',''
  ) );
#2670 = PCURVE('',#2440,#2671);
#2671 = DEFINITIONAL_REPRESENTATION('',(#2672),#2676);
#2672 = LINE('',#2673,#2674);
#2673 = CARTESIAN_POINT('',(0.,0.5));
#2674 = VECTOR('',#2675,1.);
#2675 = DIRECTION('',(1.,0.));
#2676 = ( GEOMETRIC_REPRESENTATION_CONTEXT(2) 
PARAMETRIC_REPRESENTATION_CONTEXT() REPRESENTATION_CONTEXT('2D SPACE',''
  ) );
#2677 = ORIENTED_EDGE('',*,*,#2396,.F.);
#2678 = ORIENTED_EDGE('',*,*,#2679,.F.);
#2679 = EDGE_CURVE('',#2680,#2364,#2682,.T.);
#2680 = VERTEX_POINT('',#2681);
#2681 = CARTESIAN_POINT('',(1.9,-0.45,1.35));
#2682 = SURFACE_CURVE('',#2683,(#2687,#2694),.PCURVE_S1.);
#2683 = LINE('',#2684,#2685);
#2684 = CARTESIAN_POINT('',(1.9,-0.25,1.35));
#2685 = VECTOR('',#2686,1.);
#2686 = DIRECTION('',(0.,1.,0.));
#2687 = PCURVE('',#2412,#2688);
#2688 = DEFINITIONAL_REPRESENTATION('',(#2689),#2693);
#2689 = LINE('',#2690,#2691);
#2690 = CARTESIAN_POINT('',(1.1,0.));
#2691 = VECTOR('',#2692,1.);
#2692 = DIRECTION('',(0.,1.));
#2693 = ( GEOMETRIC_REPRESENTATION_CONTEXT(2) 
PARAMETRIC_REPRESENTATION_CONTEXT() REPRESENTATION_CONTEXT('2D SPACE',''
  ) );
#2694 = PCURVE('',#2384,#2695);
#2695 = DEFINITIONAL_REPRESENTATION('',(#2696),#2700);
#2696 = LINE('',#2697,#2698);
#2697 = CARTESIAN_POINT('',(0.5,1.E-01));
#2698 = VECTOR('',#2699,1.);
#2699 = DIRECTION('',(0.,1.));
#2700 = ( GEOMETRIC_REPRESENTATION_CONTEXT(2) 
PARAMETRIC_REPRESENTATION_CONTEXT() REPRESENTATION_CONTEXT('2D SPACE',''
  ) );
#2701 = ORIENTED_EDGE('',*,*,#2702,.F.);
#2702 = EDGE_CURVE('',#2540,#2680,#2703,.T.);
#2703 = SURFACE_CURVE('',#2704,(#2708,#2715),.PCURVE_S1.);
#2704 = LINE('',#2705,#2706);
#2705 = CARTESIAN_POINT('',(1.9,-0.45,0.25));
#2706 = VECTOR('',#2707,1.);
#2707 = DIRECTION('',(-1.224646799147E-16,0.,1.));
#2708 = PCURVE('',#2412,#2709);
#2709 = DEFINITIONAL_REPRESENTATION('',(#2710),#2714);
#2710 = LINE('',#2711,#2712);
#2711 = CARTESIAN_POINT('',(0.,-0.2));
#2712 = VECTOR('',#2713,1.);
#2713 = DIRECTION('',(1.,0.));
#2714 = ( GEOMETRIC_REPRESENTATION_CONTEXT(2) 
PARAMETRIC_REPRESENTATION_CONTEXT() REPRESENTATION_CONTEXT('2D SPACE',''
  ) );
#2715 = PCURVE('',#2716,#2721);
#2716 = PLANE('',#2717);
#2717 = AXIS2_PLACEMENT_3D('',#2718,#2719,#2720);
#2718 = CARTESIAN_POINT('',(1.4,-0.45,1.15));
#2719 = DIRECTION('',(-1.475294133514E-32,-1.,1.204669080539E-16));
#2720 = DIRECTION('',(-1.224646799147E-16,1.204669080539E-16,1.));
#2721 = DEFINITIONAL_REPRESENTATION('',(#2722),#2726);
#2722 = LINE('',#2723,#2724);
#2723 = CARTESIAN_POINT('',(-0.9,-0.5));
#2724 = VECTOR('',#2725,1.);
#2725 = DIRECTION('',(1.,0.));
#2726 = ( GEOMETRIC_REPRESENTATION_CONTEXT(2) 
PARAMETRIC_REPRESENTATION_CONTEXT() REPRESENTATION_CONTEXT('2D SPACE',''
  ) );
#2727 = ADVANCED_FACE('',(#2728),#2384,.T.);
#2728 = FACE_BOUND('',#2729,.T.);
#2729 = EDGE_LOOP('',(#2730,#2753,#2774,#2775));
#2730 = ORIENTED_EDGE('',*,*,#2731,.T.);
#2731 = EDGE_CURVE('',#2362,#2732,#2734,.T.);
#2732 = VERTEX_POINT('',#2733);
#2733 = CARTESIAN_POINT('',(1.15,-0.45,1.35));
#2734 = SURFACE_CURVE('',#2735,(#2739,#2746),.PCURVE_S1.);
#2735 = LINE('',#2736,#2737);
#2736 = CARTESIAN_POINT('',(1.13772154391,-0.35,1.35));
#2737 = VECTOR('',#2738,1.);
#2738 = DIRECTION('',(0.121869343405,-0.992546151641,1.492469013153E-17)
  );
#2739 = PCURVE('',#2384,#2740);
#2740 = DEFINITIONAL_REPRESENTATION('',(#2741),#2745);
#2741 = LINE('',#2742,#2743);
#2742 = CARTESIAN_POINT('',(-0.26227845609,0.));
#2743 = VECTOR('',#2744,1.);
#2744 = DIRECTION('',(0.121869343405,-0.992546151641));
#2745 = ( GEOMETRIC_REPRESENTATION_CONTEXT(2) 
PARAMETRIC_REPRESENTATION_CONTEXT() REPRESENTATION_CONTEXT('2D SPACE',''
  ) );
#2746 = PCURVE('',#2522,#2747);
#2747 = DEFINITIONAL_REPRESENTATION('',(#2748),#2752);
#2748 = LINE('',#2749,#2750);
#2749 = CARTESIAN_POINT('',(-0.100750982546,-1.35));
#2750 = VECTOR('',#2751,1.);
#2751 = DIRECTION('',(1.,-3.08148791102E-33));
#2752 = ( GEOMETRIC_REPRESENTATION_CONTEXT(2) 
PARAMETRIC_REPRESENTATION_CONTEXT() REPRESENTATION_CONTEXT('2D SPACE',''
  ) );
#2753 = ORIENTED_EDGE('',*,*,#2754,.T.);
#2754 = EDGE_CURVE('',#2732,#2680,#2755,.T.);
#2755 = SURFACE_CURVE('',#2756,(#2760,#2767),.PCURVE_S1.);
#2756 = LINE('',#2757,#2758);
#2757 = CARTESIAN_POINT('',(1.4,-0.45,1.35));
#2758 = VECTOR('',#2759,1.);
#2759 = DIRECTION('',(1.,0.,1.224646799147E-16));
#2760 = PCURVE('',#2384,#2761);
#2761 = DEFINITIONAL_REPRESENTATION('',(#2762),#2766);
#2762 = LINE('',#2763,#2764);
#2763 = CARTESIAN_POINT('',(0.,-0.1));
#2764 = VECTOR('',#2765,1.);
#2765 = DIRECTION('',(1.,0.));
#2766 = ( GEOMETRIC_REPRESENTATION_CONTEXT(2) 
PARAMETRIC_REPRESENTATION_CONTEXT() REPRESENTATION_CONTEXT('2D SPACE',''
  ) );
#2767 = PCURVE('',#2716,#2768);
#2768 = DEFINITIONAL_REPRESENTATION('',(#2769),#2773);
#2769 = LINE('',#2770,#2771);
#2770 = CARTESIAN_POINT('',(0.2,-2.449293598295E-17));
#2771 = VECTOR('',#2772,1.);
#2772 = DIRECTION('',(0.,-1.));
#2773 = ( GEOMETRIC_REPRESENTATION_CONTEXT(2) 
PARAMETRIC_REPRESENTATION_CONTEXT() REPRESENTATION_CONTEXT('2D SPACE',''
  ) );
#2774 = ORIENTED_EDGE('',*,*,#2679,.T.);
#2775 = ORIENTED_EDGE('',*,*,#2361,.F.);
#2776 = ADVANCED_FACE('',(#2777),#2522,.F.);
#2777 = FACE_BOUND('',#2778,.T.);
#2778 = EDGE_LOOP('',(#2779,#2780,#2803,#2824));
#2779 = ORIENTED_EDGE('',*,*,#2508,.F.);
#2780 = ORIENTED_EDGE('',*,*,#2781,.F.);
#2781 = EDGE_CURVE('',#2782,#2481,#2784,.T.);
#2782 = VERTEX_POINT('',#2783);
#2783 = CARTESIAN_POINT('',(1.15,-0.45,0.95));
#2784 = SURFACE_CURVE('',#2785,(#2789,#2796),.PCURVE_S1.);
#2785 = LINE('',#2786,#2787);
#2786 = CARTESIAN_POINT('',(1.15,-0.45,0.95));
#2787 = VECTOR('',#2788,1.);
#2788 = DIRECTION('',(-0.121869343405,0.992546151641,-1.492469013153E-17
    ));
#2789 = PCURVE('',#2522,#2790);
#2790 = DEFINITIONAL_REPRESENTATION('',(#2791),#2795);
#2791 = LINE('',#2792,#2793);
#2792 = CARTESIAN_POINT('',(-1.288197458392E-17,-0.95));
#2793 = VECTOR('',#2794,1.);
#2794 = DIRECTION('',(-1.,0.));
#2795 = ( GEOMETRIC_REPRESENTATION_CONTEXT(2) 
PARAMETRIC_REPRESENTATION_CONTEXT() REPRESENTATION_CONTEXT('2D SPACE',''
  ) );
#2796 = PCURVE('',#2496,#2797);
#2797 = DEFINITIONAL_REPRESENTATION('',(#2798),#2802);
#2798 = LINE('',#2799,#2800);
#2799 = CARTESIAN_POINT('',(1.E-01,-0.419997980787));
#2800 = VECTOR('',#2801,1.);
#2801 = DIRECTION('',(-0.992546151641,0.121869343405));
#2802 = ( GEOMETRIC_REPRESENTATION_CONTEXT(2) 
PARAMETRIC_REPRESENTATION_CONTEXT() REPRESENTATION_CONTEXT('2D SPACE',''
  ) );
#2803 = ORIENTED_EDGE('',*,*,#2804,.F.);
#2804 = EDGE_CURVE('',#2732,#2782,#2805,.T.);
#2805 = SURFACE_CURVE('',#2806,(#2810,#2817),.PCURVE_S1.);
#2806 = LINE('',#2807,#2808);
#2807 = CARTESIAN_POINT('',(1.15,-0.45,2.22044604925E-16));
#2808 = VECTOR('',#2809,1.);
#2809 = DIRECTION('',(1.224646799147E-16,0.,-1.));
#2810 = PCURVE('',#2522,#2811);
#2811 = DEFINITIONAL_REPRESENTATION('',(#2812),#2816);
#2812 = LINE('',#2813,#2814);
#2813 = CARTESIAN_POINT('',(5.509737952776E-17,0.));
#2814 = VECTOR('',#2815,1.);
#2815 = DIRECTION('',(0.,1.));
#2816 = ( GEOMETRIC_REPRESENTATION_CONTEXT(2) 
PARAMETRIC_REPRESENTATION_CONTEXT() REPRESENTATION_CONTEXT('2D SPACE',''
  ) );
#2817 = PCURVE('',#2716,#2818);
#2818 = DEFINITIONAL_REPRESENTATION('',(#2819),#2823);
#2819 = LINE('',#2820,#2821);
#2820 = CARTESIAN_POINT('',(-1.15,0.25));
#2821 = VECTOR('',#2822,1.);
#2822 = DIRECTION('',(-1.,0.));
#2823 = ( GEOMETRIC_REPRESENTATION_CONTEXT(2) 
PARAMETRIC_REPRESENTATION_CONTEXT() REPRESENTATION_CONTEXT('2D SPACE',''
  ) );
#2824 = ORIENTED_EDGE('',*,*,#2731,.F.);
#2825 = ADVANCED_FACE('',(#2826),#2496,.T.);
#2826 = FACE_BOUND('',#2827,.T.);
#2827 = EDGE_LOOP('',(#2828,#2829,#2852,#2873));
#2828 = ORIENTED_EDGE('',*,*,#2480,.F.);
#2829 = ORIENTED_EDGE('',*,*,#2830,.T.);
#2830 = EDGE_CURVE('',#2453,#2831,#2833,.T.);
#2831 = VERTEX_POINT('',#2832);
#2832 = CARTESIAN_POINT('',(1.4,-0.45,0.95));
#2833 = SURFACE_CURVE('',#2834,(#2838,#2845),.PCURVE_S1.);
#2834 = LINE('',#2835,#2836);
#2835 = CARTESIAN_POINT('',(1.4,-0.35,0.95));
#2836 = VECTOR('',#2837,1.);
#2837 = DIRECTION('',(-3.319411800407E-32,-1.,2.710505431214E-16));
#2838 = PCURVE('',#2496,#2839);
#2839 = DEFINITIONAL_REPRESENTATION('',(#2840),#2844);
#2840 = LINE('',#2841,#2842);
#2841 = CARTESIAN_POINT('',(7.852663344324E-33,-0.669997980787));
#2842 = VECTOR('',#2843,1.);
#2843 = DIRECTION('',(1.,0.));
#2844 = ( GEOMETRIC_REPRESENTATION_CONTEXT(2) 
PARAMETRIC_REPRESENTATION_CONTEXT() REPRESENTATION_CONTEXT('2D SPACE',''
  ) );
#2845 = PCURVE('',#2468,#2846);
#2846 = DEFINITIONAL_REPRESENTATION('',(#2847),#2851);
#2847 = LINE('',#2848,#2849);
#2848 = CARTESIAN_POINT('',(0.7,-1.E-01));
#2849 = VECTOR('',#2850,1.);
#2850 = DIRECTION('',(2.710505431214E-16,-1.));
#2851 = ( GEOMETRIC_REPRESENTATION_CONTEXT(2) 
PARAMETRIC_REPRESENTATION_CONTEXT() REPRESENTATION_CONTEXT('2D SPACE',''
  ) );
#2852 = ORIENTED_EDGE('',*,*,#2853,.T.);
#2853 = EDGE_CURVE('',#2831,#2782,#2854,.T.);
#2854 = SURFACE_CURVE('',#2855,(#2859,#2866),.PCURVE_S1.);
#2855 = LINE('',#2856,#2857);
#2856 = CARTESIAN_POINT('',(0.730002019213,-0.45,0.95));
#2857 = VECTOR('',#2858,1.);
#2858 = DIRECTION('',(-1.,0.,-1.224646799147E-16));
#2859 = PCURVE('',#2496,#2860);
#2860 = DEFINITIONAL_REPRESENTATION('',(#2861),#2865);
#2861 = LINE('',#2862,#2863);
#2862 = CARTESIAN_POINT('',(0.1,-0.));
#2863 = VECTOR('',#2864,1.);
#2864 = DIRECTION('',(0.,1.));
#2865 = ( GEOMETRIC_REPRESENTATION_CONTEXT(2) 
PARAMETRIC_REPRESENTATION_CONTEXT() REPRESENTATION_CONTEXT('2D SPACE',''
  ) );
#2866 = PCURVE('',#2716,#2867);
#2867 = DEFINITIONAL_REPRESENTATION('',(#2868),#2872);
#2868 = LINE('',#2869,#2870);
#2869 = CARTESIAN_POINT('',(-0.2,0.669997980787));
#2870 = VECTOR('',#2871,1.);
#2871 = DIRECTION('',(0.,1.));
#2872 = ( GEOMETRIC_REPRESENTATION_CONTEXT(2) 
PARAMETRIC_REPRESENTATION_CONTEXT() REPRESENTATION_CONTEXT('2D SPACE',''
  ) );
#2873 = ORIENTED_EDGE('',*,*,#2781,.T.);
#2874 = ADVANCED_FACE('',(#2875),#2468,.T.);
#2875 = FACE_BOUND('',#2876,.T.);
#2876 = EDGE_LOOP('',(#2877,#2903,#2924,#2925,#2926,#2954,#2977,#3000));
#2877 = ORIENTED_EDGE('',*,*,#2878,.T.);
#2878 = EDGE_CURVE('',#2879,#2881,#2883,.T.);
#2879 = VERTEX_POINT('',#2880);
#2880 = CARTESIAN_POINT('',(1.4,-0.25,5.E-02));
#2881 = VERTEX_POINT('',#2882);
#2882 = CARTESIAN_POINT('',(1.4,-0.45,0.25));
#2883 = SURFACE_CURVE('',#2884,(#2889,#2896),.PCURVE_S1.);
#2884 = CIRCLE('',#2885,0.2);
#2885 = AXIS2_PLACEMENT_3D('',#2886,#2887,#2888);
#2886 = CARTESIAN_POINT('',(1.4,-0.25,0.25));
#2887 = DIRECTION('',(-1.,0.,-1.224646799147E-16));
#2888 = DIRECTION('',(1.224646799147E-16,0.,-1.));
#2889 = PCURVE('',#2468,#2890);
#2890 = DEFINITIONAL_REPRESENTATION('',(#2891),#2895);
#2891 = CIRCLE('',#2892,0.2);
#2892 = AXIS2_PLACEMENT_2D('',#2893,#2894);
#2893 = CARTESIAN_POINT('',(0.,0.));
#2894 = DIRECTION('',(-1.,0.));
#2895 = ( GEOMETRIC_REPRESENTATION_CONTEXT(2) 
PARAMETRIC_REPRESENTATION_CONTEXT() REPRESENTATION_CONTEXT('2D SPACE',''
  ) );
#2896 = PCURVE('',#2556,#2897);
#2897 = DEFINITIONAL_REPRESENTATION('',(#2898),#2902);
#2898 = LINE('',#2899,#2900);
#2899 = CARTESIAN_POINT('',(6.28318530718,0.));
#2900 = VECTOR('',#2901,1.);
#2901 = DIRECTION('',(-1.,0.));
#2902 = ( GEOMETRIC_REPRESENTATION_CONTEXT(2) 
PARAMETRIC_REPRESENTATION_CONTEXT() REPRESENTATION_CONTEXT('2D SPACE',''
  ) );
#2903 = ORIENTED_EDGE('',*,*,#2904,.T.);
#2904 = EDGE_CURVE('',#2881,#2831,#2905,.T.);
#2905 = SURFACE_CURVE('',#2906,(#2910,#2917),.PCURVE_S1.);
#2906 = LINE('',#2907,#2908);
#2907 = CARTESIAN_POINT('',(1.4,-0.45,0.25));
#2908 = VECTOR('',#2909,1.);
#2909 = DIRECTION('',(-1.224646799147E-16,0.,1.));
#2910 = PCURVE('',#2468,#2911);
#2911 = DEFINITIONAL_REPRESENTATION('',(#2912),#2916);
#2912 = LINE('',#2913,#2914);
#2913 = CARTESIAN_POINT('',(0.,-0.2));
#2914 = VECTOR('',#2915,1.);
#2915 = DIRECTION('',(1.,0.));
#2916 = ( GEOMETRIC_REPRESENTATION_CONTEXT(2) 
PARAMETRIC_REPRESENTATION_CONTEXT() REPRESENTATION_CONTEXT('2D SPACE',''
  ) );
#2917 = PCURVE('',#2716,#2918);
#2918 = DEFINITIONAL_REPRESENTATION('',(#2919),#2923);
#2919 = LINE('',#2920,#2921);
#2920 = CARTESIAN_POINT('',(-0.9,1.102182119233E-16));
#2921 = VECTOR('',#2922,1.);
#2922 = DIRECTION('',(1.,0.));
#2923 = ( GEOMETRIC_REPRESENTATION_CONTEXT(2) 
PARAMETRIC_REPRESENTATION_CONTEXT() REPRESENTATION_CONTEXT('2D SPACE',''
  ) );
#2924 = ORIENTED_EDGE('',*,*,#2830,.F.);
#2925 = ORIENTED_EDGE('',*,*,#2452,.F.);
#2926 = ORIENTED_EDGE('',*,*,#2927,.T.);
#2927 = EDGE_CURVE('',#2425,#2928,#2930,.T.);
#2928 = VERTEX_POINT('',#2929);
#2929 = CARTESIAN_POINT('',(1.4,-0.25,0.15));
#2930 = SURFACE_CURVE('',#2931,(#2936,#2947),.PCURVE_S1.);
#2931 = CIRCLE('',#2932,0.1);
#2932 = AXIS2_PLACEMENT_3D('',#2933,#2934,#2935);
#2933 = CARTESIAN_POINT('',(1.4,-0.25,0.25));
#2934 = DIRECTION('',(1.,-0.,1.224646799147E-16));
#2935 = DIRECTION('',(1.224646799147E-16,0.,-1.));
#2936 = PCURVE('',#2468,#2937);
#2937 = DEFINITIONAL_REPRESENTATION('',(#2938),#2946);
#2938 = ( BOUNDED_CURVE() B_SPLINE_CURVE(2,(#2939,#2940,#2941,#2942,
#2943,#2944,#2945),.UNSPECIFIED.,.T.,.F.) B_SPLINE_CURVE_WITH_KNOTS((1,2
    ,2,2,2,1),(-2.094395102393,0.,2.094395102393,4.188790204786,
6.28318530718,8.377580409573),.UNSPECIFIED.) CURVE() 
GEOMETRIC_REPRESENTATION_ITEM() RATIONAL_B_SPLINE_CURVE((1.,0.5,1.,0.5,
1.,0.5,1.)) REPRESENTATION_ITEM('') );
#2939 = CARTESIAN_POINT('',(-0.1,0.));
#2940 = CARTESIAN_POINT('',(-0.1,0.173205080757));
#2941 = CARTESIAN_POINT('',(5.E-02,8.660254037844E-02));
#2942 = CARTESIAN_POINT('',(0.2,2.449293598295E-17));
#2943 = CARTESIAN_POINT('',(5.E-02,-8.660254037844E-02));
#2944 = CARTESIAN_POINT('',(-1.E-01,-0.173205080757));
#2945 = CARTESIAN_POINT('',(-0.1,0.));
#2946 = ( GEOMETRIC_REPRESENTATION_CONTEXT(2) 
PARAMETRIC_REPRESENTATION_CONTEXT() REPRESENTATION_CONTEXT('2D SPACE',''
  ) );
#2947 = PCURVE('',#2440,#2948);
#2948 = DEFINITIONAL_REPRESENTATION('',(#2949),#2953);
#2949 = LINE('',#2950,#2951);
#2950 = CARTESIAN_POINT('',(0.,0.));
#2951 = VECTOR('',#2952,1.);
#2952 = DIRECTION('',(1.,0.));
#2953 = ( GEOMETRIC_REPRESENTATION_CONTEXT(2) 
PARAMETRIC_REPRESENTATION_CONTEXT() REPRESENTATION_CONTEXT('2D SPACE',''
  ) );
#2954 = ORIENTED_EDGE('',*,*,#2955,.T.);
#2955 = EDGE_CURVE('',#2928,#2956,#2958,.T.);
#2956 = VERTEX_POINT('',#2957);
#2957 = CARTESIAN_POINT('',(1.4,0.4,0.15));
#2958 = SURFACE_CURVE('',#2959,(#2963,#2970),.PCURVE_S1.);
#2959 = LINE('',#2960,#2961);
#2960 = CARTESIAN_POINT('',(1.4,-0.25,0.15));
#2961 = VECTOR('',#2962,1.);
#2962 = DIRECTION('',(0.,1.,0.));
#2963 = PCURVE('',#2468,#2964);
#2964 = DEFINITIONAL_REPRESENTATION('',(#2965),#2969);
#2965 = LINE('',#2966,#2967);
#2966 = CARTESIAN_POINT('',(-1.E-01,0.));
#2967 = VECTOR('',#2968,1.);
#2968 = DIRECTION('',(0.,1.));
#2969 = ( GEOMETRIC_REPRESENTATION_CONTEXT(2) 
PARAMETRIC_REPRESENTATION_CONTEXT() REPRESENTATION_CONTEXT('2D SPACE',''
  ) );
#2970 = PCURVE('',#2640,#2971);
#2971 = DEFINITIONAL_REPRESENTATION('',(#2972),#2976);
#2972 = LINE('',#2973,#2974);
#2973 = CARTESIAN_POINT('',(0.,-5.551115123126E-17));
#2974 = VECTOR('',#2975,1.);
#2975 = DIRECTION('',(0.,1.));
#2976 = ( GEOMETRIC_REPRESENTATION_CONTEXT(2) 
PARAMETRIC_REPRESENTATION_CONTEXT() REPRESENTATION_CONTEXT('2D SPACE',''
  ) );
#2977 = ORIENTED_EDGE('',*,*,#2978,.T.);
#2978 = EDGE_CURVE('',#2956,#2979,#2981,.T.);
#2979 = VERTEX_POINT('',#2980);
#2980 = CARTESIAN_POINT('',(1.4,0.4,5.E-02));
#2981 = SURFACE_CURVE('',#2982,(#2986,#2993),.PCURVE_S1.);
#2982 = LINE('',#2983,#2984);
#2983 = CARTESIAN_POINT('',(1.4,0.4,0.25));
#2984 = VECTOR('',#2985,1.);
#2985 = DIRECTION('',(1.224646799147E-16,0.,-1.));
#2986 = PCURVE('',#2468,#2987);
#2987 = DEFINITIONAL_REPRESENTATION('',(#2988),#2992);
#2988 = LINE('',#2989,#2990);
#2989 = CARTESIAN_POINT('',(0.,0.65));
#2990 = VECTOR('',#2991,1.);
#2991 = DIRECTION('',(-1.,0.));
#2992 = ( GEOMETRIC_REPRESENTATION_CONTEXT(2) 
PARAMETRIC_REPRESENTATION_CONTEXT() REPRESENTATION_CONTEXT('2D SPACE',''
  ) );
#2993 = PCURVE('',#2612,#2994);
#2994 = DEFINITIONAL_REPRESENTATION('',(#2995),#2999);
#2995 = LINE('',#2996,#2997);
#2996 = CARTESIAN_POINT('',(-0.2,1.975516689421E-16));
#2997 = VECTOR('',#2998,1.);
#2998 = DIRECTION('',(1.,0.));
#2999 = ( GEOMETRIC_REPRESENTATION_CONTEXT(2) 
PARAMETRIC_REPRESENTATION_CONTEXT() REPRESENTATION_CONTEXT('2D SPACE',''
  ) );
#3000 = ORIENTED_EDGE('',*,*,#3001,.T.);
#3001 = EDGE_CURVE('',#2979,#2879,#3002,.T.);
#3002 = SURFACE_CURVE('',#3003,(#3007,#3014),.PCURVE_S1.);
#3003 = LINE('',#3004,#3005);
#3004 = CARTESIAN_POINT('',(1.4,-0.25,5.E-02));
#3005 = VECTOR('',#3006,1.);
#3006 = DIRECTION('',(0.,-1.,0.));
#3007 = PCURVE('',#2468,#3008);
#3008 = DEFINITIONAL_REPRESENTATION('',(#3009),#3013);
#3009 = LINE('',#3010,#3011);
#3010 = CARTESIAN_POINT('',(-0.2,0.));
#3011 = VECTOR('',#3012,1.);
#3012 = DIRECTION('',(0.,-1.));
#3013 = ( GEOMETRIC_REPRESENTATION_CONTEXT(2) 
PARAMETRIC_REPRESENTATION_CONTEXT() REPRESENTATION_CONTEXT('2D SPACE',''
  ) );
#3014 = PCURVE('',#2584,#3015);
#3015 = DEFINITIONAL_REPRESENTATION('',(#3016),#3020);
#3016 = LINE('',#3017,#3018);
#3017 = CARTESIAN_POINT('',(0.,0.));
#3018 = VECTOR('',#3019,1.);
#3019 = DIRECTION('',(-0.,-1.));
#3020 = ( GEOMETRIC_REPRESENTATION_CONTEXT(2) 
PARAMETRIC_REPRESENTATION_CONTEXT() REPRESENTATION_CONTEXT('2D SPACE',''
  ) );
#3021 = ADVANCED_FACE('',(#3022),#2440,.F.);
#3022 = FACE_BOUND('',#3023,.F.);
#3023 = EDGE_LOOP('',(#3024,#3025,#3026,#3027));
#3024 = ORIENTED_EDGE('',*,*,#2652,.F.);
#3025 = ORIENTED_EDGE('',*,*,#2424,.T.);
#3026 = ORIENTED_EDGE('',*,*,#2927,.T.);
#3027 = ORIENTED_EDGE('',*,*,#3028,.T.);
#3028 = EDGE_CURVE('',#2928,#2625,#3029,.T.);
#3029 = SURFACE_CURVE('',#3030,(#3034,#3041),.PCURVE_S1.);
#3030 = LINE('',#3031,#3032);
#3031 = CARTESIAN_POINT('',(1.4,-0.25,0.15));
#3032 = VECTOR('',#3033,1.);
#3033 = DIRECTION('',(1.,0.,1.224646799147E-16));
#3034 = PCURVE('',#2440,#3035);
#3035 = DEFINITIONAL_REPRESENTATION('',(#3036),#3040);
#3036 = LINE('',#3037,#3038);
#3037 = CARTESIAN_POINT('',(6.28318530718,0.));
#3038 = VECTOR('',#3039,1.);
#3039 = DIRECTION('',(0.,1.));
#3040 = ( GEOMETRIC_REPRESENTATION_CONTEXT(2) 
PARAMETRIC_REPRESENTATION_CONTEXT() REPRESENTATION_CONTEXT('2D SPACE',''
  ) );
#3041 = PCURVE('',#2640,#3042);
#3042 = DEFINITIONAL_REPRESENTATION('',(#3043),#3047);
#3043 = LINE('',#3044,#3045);
#3044 = CARTESIAN_POINT('',(0.,-5.551115123126E-17));
#3045 = VECTOR('',#3046,1.);
#3046 = DIRECTION('',(1.,0.));
#3047 = ( GEOMETRIC_REPRESENTATION_CONTEXT(2) 
PARAMETRIC_REPRESENTATION_CONTEXT() REPRESENTATION_CONTEXT('2D SPACE',''
  ) );
#3048 = ADVANCED_FACE('',(#3049),#2716,.T.);
#3049 = FACE_BOUND('',#3050,.T.);
#3050 = EDGE_LOOP('',(#3051,#3052,#3053,#3054,#3075,#3076));
#3051 = ORIENTED_EDGE('',*,*,#2804,.T.);
#3052 = ORIENTED_EDGE('',*,*,#2853,.F.);
#3053 = ORIENTED_EDGE('',*,*,#2904,.F.);
#3054 = ORIENTED_EDGE('',*,*,#3055,.T.);
#3055 = EDGE_CURVE('',#2881,#2540,#3056,.T.);
#3056 = SURFACE_CURVE('',#3057,(#3061,#3068),.PCURVE_S1.);
#3057 = LINE('',#3058,#3059);
#3058 = CARTESIAN_POINT('',(1.4,-0.45,0.25));
#3059 = VECTOR('',#3060,1.);
#3060 = DIRECTION('',(1.,-0.,1.224646799147E-16));
#3061 = PCURVE('',#2716,#3062);
#3062 = DEFINITIONAL_REPRESENTATION('',(#3063),#3067);
#3063 = LINE('',#3064,#3065);
#3064 = CARTESIAN_POINT('',(-0.9,1.102182119233E-16));
#3065 = VECTOR('',#3066,1.);
#3066 = DIRECTION('',(0.,-1.));
#3067 = ( GEOMETRIC_REPRESENTATION_CONTEXT(2) 
PARAMETRIC_REPRESENTATION_CONTEXT() REPRESENTATION_CONTEXT('2D SPACE',''
  ) );
#3068 = PCURVE('',#2556,#3069);
#3069 = DEFINITIONAL_REPRESENTATION('',(#3070),#3074);
#3070 = LINE('',#3071,#3072);
#3071 = CARTESIAN_POINT('',(4.712388980385,0.));
#3072 = VECTOR('',#3073,1.);
#3073 = DIRECTION('',(0.,1.));
#3074 = ( GEOMETRIC_REPRESENTATION_CONTEXT(2) 
PARAMETRIC_REPRESENTATION_CONTEXT() REPRESENTATION_CONTEXT('2D SPACE',''
  ) );
#3075 = ORIENTED_EDGE('',*,*,#2702,.T.);
#3076 = ORIENTED_EDGE('',*,*,#2754,.F.);
#3077 = ADVANCED_FACE('',(#3078),#2556,.T.);
#3078 = FACE_BOUND('',#3079,.T.);
#3079 = EDGE_LOOP('',(#3080,#3081,#3102,#3103));
#3080 = ORIENTED_EDGE('',*,*,#2878,.F.);
#3081 = ORIENTED_EDGE('',*,*,#3082,.T.);
#3082 = EDGE_CURVE('',#2879,#2538,#3083,.T.);
#3083 = SURFACE_CURVE('',#3084,(#3088,#3095),.PCURVE_S1.);
#3084 = LINE('',#3085,#3086);
#3085 = CARTESIAN_POINT('',(1.4,-0.25,5.E-02));
#3086 = VECTOR('',#3087,1.);
#3087 = DIRECTION('',(1.,0.,1.224646799147E-16));
#3088 = PCURVE('',#2556,#3089);
#3089 = DEFINITIONAL_REPRESENTATION('',(#3090),#3094);
#3090 = LINE('',#3091,#3092);
#3091 = CARTESIAN_POINT('',(6.28318530718,0.));
#3092 = VECTOR('',#3093,1.);
#3093 = DIRECTION('',(0.,1.));
#3094 = ( GEOMETRIC_REPRESENTATION_CONTEXT(2) 
PARAMETRIC_REPRESENTATION_CONTEXT() REPRESENTATION_CONTEXT('2D SPACE',''
  ) );
#3095 = PCURVE('',#2584,#3096);
#3096 = DEFINITIONAL_REPRESENTATION('',(#3097),#3101);
#3097 = LINE('',#3098,#3099);
#3098 = CARTESIAN_POINT('',(0.,0.));
#3099 = VECTOR('',#3100,1.);
#3100 = DIRECTION('',(-1.,0.));
#3101 = ( GEOMETRIC_REPRESENTATION_CONTEXT(2) 
PARAMETRIC_REPRESENTATION_CONTEXT() REPRESENTATION_CONTEXT('2D SPACE',''
  ) );
#3102 = ORIENTED_EDGE('',*,*,#2537,.T.);
#3103 = ORIENTED_EDGE('',*,*,#3055,.F.);
#3104 = ADVANCED_FACE('',(#3105),#2584,.T.);
#3105 = FACE_BOUND('',#3106,.T.);
#3106 = EDGE_LOOP('',(#3107,#3108,#3129,#3130));
#3107 = ORIENTED_EDGE('',*,*,#3001,.F.);
#3108 = ORIENTED_EDGE('',*,*,#3109,.T.);
#3109 = EDGE_CURVE('',#2979,#2569,#3110,.T.);
#3110 = SURFACE_CURVE('',#3111,(#3115,#3122),.PCURVE_S1.);
#3111 = LINE('',#3112,#3113);
#3112 = CARTESIAN_POINT('',(1.4,0.4,5.E-02));
#3113 = VECTOR('',#3114,1.);
#3114 = DIRECTION('',(1.,0.,1.224646799147E-16));
#3115 = PCURVE('',#2584,#3116);
#3116 = DEFINITIONAL_REPRESENTATION('',(#3117),#3121);
#3117 = LINE('',#3118,#3119);
#3118 = CARTESIAN_POINT('',(0.,0.65));
#3119 = VECTOR('',#3120,1.);
#3120 = DIRECTION('',(-1.,0.));
#3121 = ( GEOMETRIC_REPRESENTATION_CONTEXT(2) 
PARAMETRIC_REPRESENTATION_CONTEXT() REPRESENTATION_CONTEXT('2D SPACE',''
  ) );
#3122 = PCURVE('',#2612,#3123);
#3123 = DEFINITIONAL_REPRESENTATION('',(#3124),#3128);
#3124 = LINE('',#3125,#3126);
#3125 = CARTESIAN_POINT('',(0.,0.));
#3126 = VECTOR('',#3127,1.);
#3127 = DIRECTION('',(0.,-1.));
#3128 = ( GEOMETRIC_REPRESENTATION_CONTEXT(2) 
PARAMETRIC_REPRESENTATION_CONTEXT() REPRESENTATION_CONTEXT('2D SPACE',''
  ) );
#3129 = ORIENTED_EDGE('',*,*,#2568,.T.);
#3130 = ORIENTED_EDGE('',*,*,#3082,.F.);
#3131 = ADVANCED_FACE('',(#3132),#2612,.T.);
#3132 = FACE_BOUND('',#3133,.T.);
#3133 = EDGE_LOOP('',(#3134,#3135,#3156,#3157));
#3134 = ORIENTED_EDGE('',*,*,#2978,.F.);
#3135 = ORIENTED_EDGE('',*,*,#3136,.T.);
#3136 = EDGE_CURVE('',#2956,#2597,#3137,.T.);
#3137 = SURFACE_CURVE('',#3138,(#3142,#3149),.PCURVE_S1.);
#3138 = LINE('',#3139,#3140);
#3139 = CARTESIAN_POINT('',(1.4,0.4,0.15));
#3140 = VECTOR('',#3141,1.);
#3141 = DIRECTION('',(1.,0.,1.224646799147E-16));
#3142 = PCURVE('',#2612,#3143);
#3143 = DEFINITIONAL_REPRESENTATION('',(#3144),#3148);
#3144 = LINE('',#3145,#3146);
#3145 = CARTESIAN_POINT('',(-0.1,-1.224646799147E-17));
#3146 = VECTOR('',#3147,1.);
#3147 = DIRECTION('',(0.,-1.));
#3148 = ( GEOMETRIC_REPRESENTATION_CONTEXT(2) 
PARAMETRIC_REPRESENTATION_CONTEXT() REPRESENTATION_CONTEXT('2D SPACE',''
  ) );
#3149 = PCURVE('',#2640,#3150);
#3150 = DEFINITIONAL_REPRESENTATION('',(#3151),#3155);
#3151 = LINE('',#3152,#3153);
#3152 = CARTESIAN_POINT('',(0.,0.65));
#3153 = VECTOR('',#3154,1.);
#3154 = DIRECTION('',(1.,0.));
#3155 = ( GEOMETRIC_REPRESENTATION_CONTEXT(2) 
PARAMETRIC_REPRESENTATION_CONTEXT() REPRESENTATION_CONTEXT('2D SPACE',''
  ) );
#3156 = ORIENTED_EDGE('',*,*,#2596,.T.);
#3157 = ORIENTED_EDGE('',*,*,#3109,.F.);
#3158 = ADVANCED_FACE('',(#3159),#2640,.T.);
#3159 = FACE_BOUND('',#3160,.T.);
#3160 = EDGE_LOOP('',(#3161,#3162,#3163,#3164));
#3161 = ORIENTED_EDGE('',*,*,#2955,.F.);
#3162 = ORIENTED_EDGE('',*,*,#3028,.T.);
#3163 = ORIENTED_EDGE('',*,*,#2624,.T.);
#3164 = ORIENTED_EDGE('',*,*,#3136,.F.);
#3165 = ( GEOMETRIC_REPRESENTATION_CONTEXT(3) 
GLOBAL_UNCERTAINTY_ASSIGNED_CONTEXT((#3169)) 
GLOBAL_UNIT_ASSIGNED_CONTEXT((#3166,#3167,#3168)) REPRESENTATION_CONTEXT
('Context #1','3D Context with UNIT and UNCERTAINTY') );
#3166 = ( LENGTH_UNIT() NAMED_UNIT(*) SI_UNIT(.MILLI.,.METRE.) );
#3167 = ( NAMED_UNIT(*) PLANE_ANGLE_UNIT() SI_UNIT($,.RADIAN.) );
#3168 = ( NAMED_UNIT(*) SI_UNIT($,.STERADIAN.) SOLID_ANGLE_UNIT() );
#3169 = UNCERTAINTY_MEASURE_WITH_UNIT(LENGTH_MEASURE(1.E-07),#3166,
  'distance_accuracy_value','confusion accuracy');
#3170 = CONTEXT_DEPENDENT_SHAPE_REPRESENTATION(#3171,#3173);
#3171 = ( REPRESENTATION_RELATIONSHIP('','',#2354,#10) 
REPRESENTATION_RELATIONSHIP_WITH_TRANSFORMATION(#3172) 
SHAPE_REPRESENTATION_RELATIONSHIP() );
#3172 = ITEM_DEFINED_TRANSFORMATION('','',#11,#19);
#3173 = PRODUCT_DEFINITION_SHAPE('Placement','Placement of an item',
  #3174);
#3174 = NEXT_ASSEMBLY_USAGE_OCCURRENCE('18','','',#5,#2349,$);
#3175 = PRODUCT_RELATED_PRODUCT_CATEGORY('part',$,(#2351));
#3176 = SHAPE_DEFINITION_REPRESENTATION(#3177,#3183);
#3177 = PRODUCT_DEFINITION_SHAPE('','',#3178);
#3178 = PRODUCT_DEFINITION('design','',#3179,#3182);
#3179 = PRODUCT_DEFINITION_FORMATION('','',#3180);
#3180 = PRODUCT('Open CASCADE STEP translator 7.9 6.3',
  'Open CASCADE STEP translator 7.9 6.3','',(#3181));
#3181 = PRODUCT_CONTEXT('',#2,'mechanical');
#3182 = PRODUCT_DEFINITION_CONTEXT('part definition',#2,'design');
#3183 = ADVANCED_BREP_SHAPE_REPRESENTATION('',(#11,#3184),#3994);
#3184 = MANIFOLD_SOLID_BREP('',#3185);
#3185 = CLOSED_SHELL('',(#3186,#3362,#3556,#3605,#3654,#3703,#3850,#3877
    ,#3904,#3931,#3958,#3985));
#3186 = ADVANCED_FACE('',(#3187),#3201,.T.);
#3187 = FACE_BOUND('',#3188,.T.);
#3188 = EDGE_LOOP('',(#3189,#3224,#3252,#3280,#3308,#3336));
#3189 = ORIENTED_EDGE('',*,*,#3190,.T.);
#3190 = EDGE_CURVE('',#3191,#3193,#3195,.T.);
#3191 = VERTEX_POINT('',#3192);
#3192 = CARTESIAN_POINT('',(-1.13772154391,-0.35,0.95));
#3193 = VERTEX_POINT('',#3194);
#3194 = CARTESIAN_POINT('',(-1.4,-0.35,0.95));
#3195 = SURFACE_CURVE('',#3196,(#3200,#3212),.PCURVE_S1.);
#3196 = LINE('',#3197,#3198);
#3197 = CARTESIAN_POINT('',(-1.4,-0.35,0.95));
#3198 = VECTOR('',#3199,1.);
#3199 = DIRECTION('',(-1.,0.,-1.224646799147E-16));
#3200 = PCURVE('',#3201,#3206);
#3201 = PLANE('',#3202);
#3202 = AXIS2_PLACEMENT_3D('',#3203,#3204,#3205);
#3203 = CARTESIAN_POINT('',(-1.4,-0.35,1.15));
#3204 = DIRECTION('',(1.475294133514E-32,1.,-1.204669080539E-16));
#3205 = DIRECTION('',(1.224646799147E-16,-1.204669080539E-16,-1.));
#3206 = DEFINITIONAL_REPRESENTATION('',(#3207),#3211);
#3207 = LINE('',#3208,#3209);
#3208 = CARTESIAN_POINT('',(0.2,2.449293598295E-17));
#3209 = VECTOR('',#3210,1.);
#3210 = DIRECTION('',(0.,1.));
#3211 = ( GEOMETRIC_REPRESENTATION_CONTEXT(2) 
PARAMETRIC_REPRESENTATION_CONTEXT() REPRESENTATION_CONTEXT('2D SPACE',''
  ) );
#3212 = PCURVE('',#3213,#3218);
#3213 = PLANE('',#3214);
#3214 = AXIS2_PLACEMENT_3D('',#3215,#3216,#3217);
#3215 = CARTESIAN_POINT('',(-0.730002019213,-0.35,0.95));
#3216 = DIRECTION('',(1.224646799147E-16,-2.710505431214E-16,-1.));
#3217 = DIRECTION('',(-3.319411800407E-32,-1.,2.710505431214E-16));
#3218 = DEFINITIONAL_REPRESENTATION('',(#3219),#3223);
#3219 = LINE('',#3220,#3221);
#3220 = CARTESIAN_POINT('',(-7.852663344324E-33,0.669997980787));
#3221 = VECTOR('',#3222,1.);
#3222 = DIRECTION('',(0.,1.));
#3223 = ( GEOMETRIC_REPRESENTATION_CONTEXT(2) 
PARAMETRIC_REPRESENTATION_CONTEXT() REPRESENTATION_CONTEXT('2D SPACE',''
  ) );
#3224 = ORIENTED_EDGE('',*,*,#3225,.T.);
#3225 = EDGE_CURVE('',#3193,#3226,#3228,.T.);
#3226 = VERTEX_POINT('',#3227);
#3227 = CARTESIAN_POINT('',(-1.4,-0.35,0.25));
#3228 = SURFACE_CURVE('',#3229,(#3233,#3240),.PCURVE_S1.);
#3229 = LINE('',#3230,#3231);
#3230 = CARTESIAN_POINT('',(-1.4,-0.35,1.15));
#3231 = VECTOR('',#3232,1.);
#3232 = DIRECTION('',(1.224646799147E-16,-1.204669080539E-16,-1.));
#3233 = PCURVE('',#3201,#3234);
#3234 = DEFINITIONAL_REPRESENTATION('',(#3235),#3239);
#3235 = LINE('',#3236,#3237);
#3236 = CARTESIAN_POINT('',(0.,0.));
#3237 = VECTOR('',#3238,1.);
#3238 = DIRECTION('',(1.,0.));
#3239 = ( GEOMETRIC_REPRESENTATION_CONTEXT(2) 
PARAMETRIC_REPRESENTATION_CONTEXT() REPRESENTATION_CONTEXT('2D SPACE',''
  ) );
#3240 = PCURVE('',#3241,#3246);
#3241 = PLANE('',#3242);
#3242 = AXIS2_PLACEMENT_3D('',#3243,#3244,#3245);
#3243 = CARTESIAN_POINT('',(-1.4,-0.25,0.25));
#3244 = DIRECTION('',(1.,0.,1.224646799147E-16));
#3245 = DIRECTION('',(1.224646799147E-16,0.,-1.));
#3246 = DEFINITIONAL_REPRESENTATION('',(#3247),#3251);
#3247 = LINE('',#3248,#3249);
#3248 = CARTESIAN_POINT('',(-0.9,-1.E-01));
#3249 = VECTOR('',#3250,1.);
#3250 = DIRECTION('',(1.,-1.204669080539E-16));
#3251 = ( GEOMETRIC_REPRESENTATION_CONTEXT(2) 
PARAMETRIC_REPRESENTATION_CONTEXT() REPRESENTATION_CONTEXT('2D SPACE',''
  ) );
#3252 = ORIENTED_EDGE('',*,*,#3253,.T.);
#3253 = EDGE_CURVE('',#3226,#3254,#3256,.T.);
#3254 = VERTEX_POINT('',#3255);
#3255 = CARTESIAN_POINT('',(-1.9,-0.35,0.25));
#3256 = SURFACE_CURVE('',#3257,(#3261,#3268),.PCURVE_S1.);
#3257 = LINE('',#3258,#3259);
#3258 = CARTESIAN_POINT('',(-1.4,-0.35,0.25));
#3259 = VECTOR('',#3260,1.);
#3260 = DIRECTION('',(-1.,0.,-1.224646799147E-16));
#3261 = PCURVE('',#3201,#3262);
#3262 = DEFINITIONAL_REPRESENTATION('',(#3263),#3267);
#3263 = LINE('',#3264,#3265);
#3264 = CARTESIAN_POINT('',(0.9,1.102182119233E-16));
#3265 = VECTOR('',#3266,1.);
#3266 = DIRECTION('',(0.,1.));
#3267 = ( GEOMETRIC_REPRESENTATION_CONTEXT(2) 
PARAMETRIC_REPRESENTATION_CONTEXT() REPRESENTATION_CONTEXT('2D SPACE',''
  ) );
#3268 = PCURVE('',#3269,#3274);
#3269 = CYLINDRICAL_SURFACE('',#3270,1.E-01);
#3270 = AXIS2_PLACEMENT_3D('',#3271,#3272,#3273);
#3271 = CARTESIAN_POINT('',(-1.4,-0.25,0.25));
#3272 = DIRECTION('',(-1.,0.,-1.224646799147E-16));
#3273 = DIRECTION('',(-1.224646799147E-16,0.,1.));
#3274 = DEFINITIONAL_REPRESENTATION('',(#3275),#3279);
#3275 = LINE('',#3276,#3277);
#3276 = CARTESIAN_POINT('',(4.712388980385,0.));
#3277 = VECTOR('',#3278,1.);
#3278 = DIRECTION('',(0.,1.));
#3279 = ( GEOMETRIC_REPRESENTATION_CONTEXT(2) 
PARAMETRIC_REPRESENTATION_CONTEXT() REPRESENTATION_CONTEXT('2D SPACE',''
  ) );
#3280 = ORIENTED_EDGE('',*,*,#3281,.T.);
#3281 = EDGE_CURVE('',#3254,#3282,#3284,.T.);
#3282 = VERTEX_POINT('',#3283);
#3283 = CARTESIAN_POINT('',(-1.9,-0.35,1.35));
#3284 = SURFACE_CURVE('',#3285,(#3289,#3296),.PCURVE_S1.);
#3285 = LINE('',#3286,#3287);
#3286 = CARTESIAN_POINT('',(-1.9,-0.35,1.15));
#3287 = VECTOR('',#3288,1.);
#3288 = DIRECTION('',(-1.224646799147E-16,1.204669080539E-16,1.));
#3289 = PCURVE('',#3201,#3290);
#3290 = DEFINITIONAL_REPRESENTATION('',(#3291),#3295);
#3291 = LINE('',#3292,#3293);
#3292 = CARTESIAN_POINT('',(-6.123233995737E-17,0.5));
#3293 = VECTOR('',#3294,1.);
#3294 = DIRECTION('',(-1.,0.));
#3295 = ( GEOMETRIC_REPRESENTATION_CONTEXT(2) 
PARAMETRIC_REPRESENTATION_CONTEXT() REPRESENTATION_CONTEXT('2D SPACE',''
  ) );
#3296 = PCURVE('',#3297,#3302);
#3297 = PLANE('',#3298);
#3298 = AXIS2_PLACEMENT_3D('',#3299,#3300,#3301);
#3299 = CARTESIAN_POINT('',(-1.9,-0.25,0.25));
#3300 = DIRECTION('',(1.,0.,1.224646799147E-16));
#3301 = DIRECTION('',(1.224646799147E-16,0.,-1.));
#3302 = DEFINITIONAL_REPRESENTATION('',(#3303),#3307);
#3303 = LINE('',#3304,#3305);
#3304 = CARTESIAN_POINT('',(-0.9,-1.E-01));
#3305 = VECTOR('',#3306,1.);
#3306 = DIRECTION('',(-1.,1.204669080539E-16));
#3307 = ( GEOMETRIC_REPRESENTATION_CONTEXT(2) 
PARAMETRIC_REPRESENTATION_CONTEXT() REPRESENTATION_CONTEXT('2D SPACE',''
  ) );
#3308 = ORIENTED_EDGE('',*,*,#3309,.T.);
#3309 = EDGE_CURVE('',#3282,#3310,#3312,.T.);
#3310 = VERTEX_POINT('',#3311);
#3311 = CARTESIAN_POINT('',(-1.13772154391,-0.35,1.35));
#3312 = SURFACE_CURVE('',#3313,(#3317,#3324),.PCURVE_S1.);
#3313 = LINE('',#3314,#3315);
#3314 = CARTESIAN_POINT('',(-1.4,-0.35,1.35));
#3315 = VECTOR('',#3316,1.);
#3316 = DIRECTION('',(1.,-0.,1.224646799147E-16));
#3317 = PCURVE('',#3201,#3318);
#3318 = DEFINITIONAL_REPRESENTATION('',(#3319),#3323);
#3319 = LINE('',#3320,#3321);
#3320 = CARTESIAN_POINT('',(-0.2,-2.449293598295E-17));
#3321 = VECTOR('',#3322,1.);
#3322 = DIRECTION('',(0.,-1.));
#3323 = ( GEOMETRIC_REPRESENTATION_CONTEXT(2) 
PARAMETRIC_REPRESENTATION_CONTEXT() REPRESENTATION_CONTEXT('2D SPACE',''
  ) );
#3324 = PCURVE('',#3325,#3330);
#3325 = PLANE('',#3326);
#3326 = AXIS2_PLACEMENT_3D('',#3327,#3328,#3329);
#3327 = CARTESIAN_POINT('',(-1.4,-0.35,1.35));
#3328 = DIRECTION('',(-1.224646799147E-16,0.,1.));
#3329 = DIRECTION('',(1.,0.,1.224646799147E-16));
#3330 = DEFINITIONAL_REPRESENTATION('',(#3331),#3335);
#3331 = LINE('',#3332,#3333);
#3332 = CARTESIAN_POINT('',(0.,5.551115123126E-17));
#3333 = VECTOR('',#3334,1.);
#3334 = DIRECTION('',(1.,0.));
#3335 = ( GEOMETRIC_REPRESENTATION_CONTEXT(2) 
PARAMETRIC_REPRESENTATION_CONTEXT() REPRESENTATION_CONTEXT('2D SPACE',''
  ) );
#3336 = ORIENTED_EDGE('',*,*,#3337,.T.);
#3337 = EDGE_CURVE('',#3310,#3191,#3338,.T.);
#3338 = SURFACE_CURVE('',#3339,(#3343,#3350),.PCURVE_S1.);
#3339 = LINE('',#3340,#3341);
#3340 = CARTESIAN_POINT('',(-1.13772154391,-0.35,1.15));
#3341 = VECTOR('',#3342,1.);
#3342 = DIRECTION('',(1.224646799147E-16,-1.204669080539E-16,-1.));
#3343 = PCURVE('',#3201,#3344);
#3344 = DEFINITIONAL_REPRESENTATION('',(#3345),#3349);
#3345 = LINE('',#3346,#3347);
#3346 = CARTESIAN_POINT('',(3.211984717363E-17,-0.26227845609));
#3347 = VECTOR('',#3348,1.);
#3348 = DIRECTION('',(1.,0.));
#3349 = ( GEOMETRIC_REPRESENTATION_CONTEXT(2) 
PARAMETRIC_REPRESENTATION_CONTEXT() REPRESENTATION_CONTEXT('2D SPACE',''
  ) );
#3350 = PCURVE('',#3351,#3356);
#3351 = PLANE('',#3352);
#3352 = AXIS2_PLACEMENT_3D('',#3353,#3354,#3355);
#3353 = CARTESIAN_POINT('',(-1.15,-0.45,-2.22044604925E-16));
#3354 = DIRECTION('',(-0.992546151641,0.121869343405,-1.215518467614E-16
    ));
#3355 = DIRECTION('',(0.121869343405,0.992546151641,1.492469013153E-17)
  );
#3356 = DEFINITIONAL_REPRESENTATION('',(#3357),#3361);
#3357 = LINE('',#3358,#3359);
#3358 = CARTESIAN_POINT('',(0.100750982546,-1.15));
#3359 = VECTOR('',#3360,1.);
#3360 = DIRECTION('',(-1.195689659891E-16,1.));
#3361 = ( GEOMETRIC_REPRESENTATION_CONTEXT(2) 
PARAMETRIC_REPRESENTATION_CONTEXT() REPRESENTATION_CONTEXT('2D SPACE',''
  ) );
#3362 = ADVANCED_FACE('',(#3363),#3241,.T.);
#3363 = FACE_BOUND('',#3364,.T.);
#3364 = EDGE_LOOP('',(#3365,#3393,#3394,#3417,#3445,#3474,#3502,#3530));
#3365 = ORIENTED_EDGE('',*,*,#3366,.T.);
#3366 = EDGE_CURVE('',#3367,#3226,#3369,.T.);
#3367 = VERTEX_POINT('',#3368);
#3368 = CARTESIAN_POINT('',(-1.4,-0.25,0.15));
#3369 = SURFACE_CURVE('',#3370,(#3375,#3386),.PCURVE_S1.);
#3370 = CIRCLE('',#3371,1.E-01);
#3371 = AXIS2_PLACEMENT_3D('',#3372,#3373,#3374);
#3372 = CARTESIAN_POINT('',(-1.4,-0.25,0.25));
#3373 = DIRECTION('',(-1.,0.,-1.224646799147E-16));
#3374 = DIRECTION('',(-1.224646799147E-16,0.,1.));
#3375 = PCURVE('',#3241,#3376);
#3376 = DEFINITIONAL_REPRESENTATION('',(#3377),#3385);
#3377 = ( BOUNDED_CURVE() B_SPLINE_CURVE(2,(#3378,#3379,#3380,#3381,
#3382,#3383,#3384),.UNSPECIFIED.,.T.,.F.) B_SPLINE_CURVE_WITH_KNOTS((1,2
    ,2,2,2,1),(-2.094395102393,0.,2.094395102393,4.188790204786,
6.28318530718,8.377580409573),.UNSPECIFIED.) CURVE() 
GEOMETRIC_REPRESENTATION_ITEM() RATIONAL_B_SPLINE_CURVE((1.,0.5,1.,0.5,
1.,0.5,1.)) REPRESENTATION_ITEM('') );
#3378 = CARTESIAN_POINT('',(-1.E-01,0.));
#3379 = CARTESIAN_POINT('',(-1.E-01,0.173205080757));
#3380 = CARTESIAN_POINT('',(5.E-02,8.660254037844E-02));
#3381 = CARTESIAN_POINT('',(0.2,2.449293598295E-17));
#3382 = CARTESIAN_POINT('',(5.E-02,-8.660254037844E-02));
#3383 = CARTESIAN_POINT('',(-1.E-01,-0.173205080757));
#3384 = CARTESIAN_POINT('',(-1.E-01,0.));
#3385 = ( GEOMETRIC_REPRESENTATION_CONTEXT(2) 
PARAMETRIC_REPRESENTATION_CONTEXT() REPRESENTATION_CONTEXT('2D SPACE',''
  ) );
#3386 = PCURVE('',#3269,#3387);
#3387 = DEFINITIONAL_REPRESENTATION('',(#3388),#3392);
#3388 = LINE('',#3389,#3390);
#3389 = CARTESIAN_POINT('',(0.,0.));
#3390 = VECTOR('',#3391,1.);
#3391 = DIRECTION('',(1.,0.));
#3392 = ( GEOMETRIC_REPRESENTATION_CONTEXT(2) 
PARAMETRIC_REPRESENTATION_CONTEXT() REPRESENTATION_CONTEXT('2D SPACE',''
  ) );
#3393 = ORIENTED_EDGE('',*,*,#3225,.F.);
#3394 = ORIENTED_EDGE('',*,*,#3395,.T.);
#3395 = EDGE_CURVE('',#3193,#3396,#3398,.T.);
#3396 = VERTEX_POINT('',#3397);
#3397 = CARTESIAN_POINT('',(-1.4,-0.45,0.95));
#3398 = SURFACE_CURVE('',#3399,(#3403,#3410),.PCURVE_S1.);
#3399 = LINE('',#3400,#3401);
#3400 = CARTESIAN_POINT('',(-1.4,-0.25,0.95));
#3401 = VECTOR('',#3402,1.);
#3402 = DIRECTION('',(0.,-1.,0.));
#3403 = PCURVE('',#3241,#3404);
#3404 = DEFINITIONAL_REPRESENTATION('',(#3405),#3409);
#3405 = LINE('',#3406,#3407);
#3406 = CARTESIAN_POINT('',(-0.7,0.));
#3407 = VECTOR('',#3408,1.);
#3408 = DIRECTION('',(0.,-1.));
#3409 = ( GEOMETRIC_REPRESENTATION_CONTEXT(2) 
PARAMETRIC_REPRESENTATION_CONTEXT() REPRESENTATION_CONTEXT('2D SPACE',''
  ) );
#3410 = PCURVE('',#3213,#3411);
#3411 = DEFINITIONAL_REPRESENTATION('',(#3412),#3416);
#3412 = LINE('',#3413,#3414);
#3413 = CARTESIAN_POINT('',(-1.E-01,0.669997980787));
#3414 = VECTOR('',#3415,1.);
#3415 = DIRECTION('',(1.,0.));
#3416 = ( GEOMETRIC_REPRESENTATION_CONTEXT(2) 
PARAMETRIC_REPRESENTATION_CONTEXT() REPRESENTATION_CONTEXT('2D SPACE',''
  ) );
#3417 = ORIENTED_EDGE('',*,*,#3418,.T.);
#3418 = EDGE_CURVE('',#3396,#3419,#3421,.T.);
#3419 = VERTEX_POINT('',#3420);
#3420 = CARTESIAN_POINT('',(-1.4,-0.45,0.25));
#3421 = SURFACE_CURVE('',#3422,(#3426,#3433),.PCURVE_S1.);
#3422 = LINE('',#3423,#3424);
#3423 = CARTESIAN_POINT('',(-1.4,-0.45,0.25));
#3424 = VECTOR('',#3425,1.);
#3425 = DIRECTION('',(1.224646799147E-16,0.,-1.));
#3426 = PCURVE('',#3241,#3427);
#3427 = DEFINITIONAL_REPRESENTATION('',(#3428),#3432);
#3428 = LINE('',#3429,#3430);
#3429 = CARTESIAN_POINT('',(0.,-0.2));
#3430 = VECTOR('',#3431,1.);
#3431 = DIRECTION('',(1.,0.));
#3432 = ( GEOMETRIC_REPRESENTATION_CONTEXT(2) 
PARAMETRIC_REPRESENTATION_CONTEXT() REPRESENTATION_CONTEXT('2D SPACE',''
  ) );
#3433 = PCURVE('',#3434,#3439);
#3434 = PLANE('',#3435);
#3435 = AXIS2_PLACEMENT_3D('',#3436,#3437,#3438);
#3436 = CARTESIAN_POINT('',(-1.4,-0.45,1.15));
#3437 = DIRECTION('',(-1.475294133514E-32,-1.,1.204669080539E-16));
#3438 = DIRECTION('',(-1.224646799147E-16,1.204669080539E-16,1.));
#3439 = DEFINITIONAL_REPRESENTATION('',(#3440),#3444);
#3440 = LINE('',#3441,#3442);
#3441 = CARTESIAN_POINT('',(-0.9,1.102182119233E-16));
#3442 = VECTOR('',#3443,1.);
#3443 = DIRECTION('',(-1.,0.));
#3444 = ( GEOMETRIC_REPRESENTATION_CONTEXT(2) 
PARAMETRIC_REPRESENTATION_CONTEXT() REPRESENTATION_CONTEXT('2D SPACE',''
  ) );
#3445 = ORIENTED_EDGE('',*,*,#3446,.T.);
#3446 = EDGE_CURVE('',#3419,#3447,#3449,.T.);
#3447 = VERTEX_POINT('',#3448);
#3448 = CARTESIAN_POINT('',(-1.4,-0.25,5.E-02));
#3449 = SURFACE_CURVE('',#3450,(#3455,#3462),.PCURVE_S1.);
#3450 = CIRCLE('',#3451,0.2);
#3451 = AXIS2_PLACEMENT_3D('',#3452,#3453,#3454);
#3452 = CARTESIAN_POINT('',(-1.4,-0.25,0.25));
#3453 = DIRECTION('',(1.,0.,1.224646799147E-16));
#3454 = DIRECTION('',(-1.224646799147E-16,0.,1.));
#3455 = PCURVE('',#3241,#3456);
#3456 = DEFINITIONAL_REPRESENTATION('',(#3457),#3461);
#3457 = CIRCLE('',#3458,0.2);
#3458 = AXIS2_PLACEMENT_2D('',#3459,#3460);
#3459 = CARTESIAN_POINT('',(0.,0.));
#3460 = DIRECTION('',(-1.,0.));
#3461 = ( GEOMETRIC_REPRESENTATION_CONTEXT(2) 
PARAMETRIC_REPRESENTATION_CONTEXT() REPRESENTATION_CONTEXT('2D SPACE',''
  ) );
#3462 = PCURVE('',#3463,#3468);
#3463 = CYLINDRICAL_SURFACE('',#3464,0.2);
#3464 = AXIS2_PLACEMENT_3D('',#3465,#3466,#3467);
#3465 = CARTESIAN_POINT('',(-1.4,-0.25,0.25));
#3466 = DIRECTION('',(-1.,0.,-1.224646799147E-16));
#3467 = DIRECTION('',(-1.224646799147E-16,0.,1.));
#3468 = DEFINITIONAL_REPRESENTATION('',(#3469),#3473);
#3469 = LINE('',#3470,#3471);
#3470 = CARTESIAN_POINT('',(6.28318530718,0.));
#3471 = VECTOR('',#3472,1.);
#3472 = DIRECTION('',(-1.,0.));
#3473 = ( GEOMETRIC_REPRESENTATION_CONTEXT(2) 
PARAMETRIC_REPRESENTATION_CONTEXT() REPRESENTATION_CONTEXT('2D SPACE',''
  ) );
#3474 = ORIENTED_EDGE('',*,*,#3475,.T.);
#3475 = EDGE_CURVE('',#3447,#3476,#3478,.T.);
#3476 = VERTEX_POINT('',#3477);
#3477 = CARTESIAN_POINT('',(-1.4,0.4,5.E-02));
#3478 = SURFACE_CURVE('',#3479,(#3483,#3490),.PCURVE_S1.);
#3479 = LINE('',#3480,#3481);
#3480 = CARTESIAN_POINT('',(-1.4,-0.25,5.E-02));
#3481 = VECTOR('',#3482,1.);
#3482 = DIRECTION('',(0.,1.,0.));
#3483 = PCURVE('',#3241,#3484);
#3484 = DEFINITIONAL_REPRESENTATION('',(#3485),#3489);
#3485 = LINE('',#3486,#3487);
#3486 = CARTESIAN_POINT('',(0.2,0.));
#3487 = VECTOR('',#3488,1.);
#3488 = DIRECTION('',(0.,1.));
#3489 = ( GEOMETRIC_REPRESENTATION_CONTEXT(2) 
PARAMETRIC_REPRESENTATION_CONTEXT() REPRESENTATION_CONTEXT('2D SPACE',''
  ) );
#3490 = PCURVE('',#3491,#3496);
#3491 = PLANE('',#3492);
#3492 = AXIS2_PLACEMENT_3D('',#3493,#3494,#3495);
#3493 = CARTESIAN_POINT('',(-1.4,-0.25,5.E-02));
#3494 = DIRECTION('',(1.224646799147E-16,0.,-1.));
#3495 = DIRECTION('',(-1.,0.,-1.224646799147E-16));
#3496 = DEFINITIONAL_REPRESENTATION('',(#3497),#3501);
#3497 = LINE('',#3498,#3499);
#3498 = CARTESIAN_POINT('',(0.,0.));
#3499 = VECTOR('',#3500,1.);
#3500 = DIRECTION('',(0.,1.));
#3501 = ( GEOMETRIC_REPRESENTATION_CONTEXT(2) 
PARAMETRIC_REPRESENTATION_CONTEXT() REPRESENTATION_CONTEXT('2D SPACE',''
  ) );
#3502 = ORIENTED_EDGE('',*,*,#3503,.T.);
#3503 = EDGE_CURVE('',#3476,#3504,#3506,.T.);
#3504 = VERTEX_POINT('',#3505);
#3505 = CARTESIAN_POINT('',(-1.4,0.4,0.15));
#3506 = SURFACE_CURVE('',#3507,(#3511,#3518),.PCURVE_S1.);
#3507 = LINE('',#3508,#3509);
#3508 = CARTESIAN_POINT('',(-1.4,0.4,0.25));
#3509 = VECTOR('',#3510,1.);
#3510 = DIRECTION('',(-1.224646799147E-16,-0.,1.));
#3511 = PCURVE('',#3241,#3512);
#3512 = DEFINITIONAL_REPRESENTATION('',(#3513),#3517);
#3513 = LINE('',#3514,#3515);
#3514 = CARTESIAN_POINT('',(0.,0.65));
#3515 = VECTOR('',#3516,1.);
#3516 = DIRECTION('',(-1.,0.));
#3517 = ( GEOMETRIC_REPRESENTATION_CONTEXT(2) 
PARAMETRIC_REPRESENTATION_CONTEXT() REPRESENTATION_CONTEXT('2D SPACE',''
  ) );
#3518 = PCURVE('',#3519,#3524);
#3519 = PLANE('',#3520);
#3520 = AXIS2_PLACEMENT_3D('',#3521,#3522,#3523);
#3521 = CARTESIAN_POINT('',(-1.4,0.4,5.E-02));
#3522 = DIRECTION('',(0.,1.,0.));
#3523 = DIRECTION('',(1.224646799147E-16,0.,-1.));
#3524 = DEFINITIONAL_REPRESENTATION('',(#3525),#3529);
#3525 = LINE('',#3526,#3527);
#3526 = CARTESIAN_POINT('',(-0.2,1.975516689421E-16));
#3527 = VECTOR('',#3528,1.);
#3528 = DIRECTION('',(-1.,0.));
#3529 = ( GEOMETRIC_REPRESENTATION_CONTEXT(2) 
PARAMETRIC_REPRESENTATION_CONTEXT() REPRESENTATION_CONTEXT('2D SPACE',''
  ) );
#3530 = ORIENTED_EDGE('',*,*,#3531,.T.);
#3531 = EDGE_CURVE('',#3504,#3367,#3532,.T.);
#3532 = SURFACE_CURVE('',#3533,(#3537,#3544),.PCURVE_S1.);
#3533 = LINE('',#3534,#3535);
#3534 = CARTESIAN_POINT('',(-1.4,-0.25,0.15));
#3535 = VECTOR('',#3536,1.);
#3536 = DIRECTION('',(0.,-1.,0.));
#3537 = PCURVE('',#3241,#3538);
#3538 = DEFINITIONAL_REPRESENTATION('',(#3539),#3543);
#3539 = LINE('',#3540,#3541);
#3540 = CARTESIAN_POINT('',(1.E-01,0.));
#3541 = VECTOR('',#3542,1.);
#3542 = DIRECTION('',(0.,-1.));
#3543 = ( GEOMETRIC_REPRESENTATION_CONTEXT(2) 
PARAMETRIC_REPRESENTATION_CONTEXT() REPRESENTATION_CONTEXT('2D SPACE',''
  ) );
#3544 = PCURVE('',#3545,#3550);
#3545 = PLANE('',#3546);
#3546 = AXIS2_PLACEMENT_3D('',#3547,#3548,#3549);
#3547 = CARTESIAN_POINT('',(-1.4,-0.25,0.15));
#3548 = DIRECTION('',(-1.224646799147E-16,0.,1.));
#3549 = DIRECTION('',(1.,0.,1.224646799147E-16));
#3550 = DEFINITIONAL_REPRESENTATION('',(#3551),#3555);
#3551 = LINE('',#3552,#3553);
#3552 = CARTESIAN_POINT('',(0.,-5.551115123126E-17));
#3553 = VECTOR('',#3554,1.);
#3554 = DIRECTION('',(0.,-1.));
#3555 = ( GEOMETRIC_REPRESENTATION_CONTEXT(2) 
PARAMETRIC_REPRESENTATION_CONTEXT() REPRESENTATION_CONTEXT('2D SPACE',''
  ) );
#3556 = ADVANCED_FACE('',(#3557),#3213,.T.);
#3557 = FACE_BOUND('',#3558,.T.);
#3558 = EDGE_LOOP('',(#3559,#3560,#3583,#3604));
#3559 = ORIENTED_EDGE('',*,*,#3190,.F.);
#3560 = ORIENTED_EDGE('',*,*,#3561,.T.);
#3561 = EDGE_CURVE('',#3191,#3562,#3564,.T.);
#3562 = VERTEX_POINT('',#3563);
#3563 = CARTESIAN_POINT('',(-1.15,-0.45,0.95));
#3564 = SURFACE_CURVE('',#3565,(#3569,#3576),.PCURVE_S1.);
#3565 = LINE('',#3566,#3567);
#3566 = CARTESIAN_POINT('',(-1.13772154391,-0.35,0.95));
#3567 = VECTOR('',#3568,1.);
#3568 = DIRECTION('',(-0.121869343405,-0.992546151641,2.541054833439E-16
    ));
#3569 = PCURVE('',#3213,#3570);
#3570 = DEFINITIONAL_REPRESENTATION('',(#3571),#3575);
#3571 = LINE('',#3572,#3573);
#3572 = CARTESIAN_POINT('',(1.353389001534E-32,0.407719524696));
#3573 = VECTOR('',#3574,1.);
#3574 = DIRECTION('',(0.992546151641,0.121869343405));
#3575 = ( GEOMETRIC_REPRESENTATION_CONTEXT(2) 
PARAMETRIC_REPRESENTATION_CONTEXT() REPRESENTATION_CONTEXT('2D SPACE',''
  ) );
#3576 = PCURVE('',#3351,#3577);
#3577 = DEFINITIONAL_REPRESENTATION('',(#3578),#3582);
#3578 = LINE('',#3579,#3580);
#3579 = CARTESIAN_POINT('',(0.100750982546,-0.95));
#3580 = VECTOR('',#3581,1.);
#3581 = DIRECTION('',(-1.,-2.690301734754E-16));
#3582 = ( GEOMETRIC_REPRESENTATION_CONTEXT(2) 
PARAMETRIC_REPRESENTATION_CONTEXT() REPRESENTATION_CONTEXT('2D SPACE',''
  ) );
#3583 = ORIENTED_EDGE('',*,*,#3584,.T.);
#3584 = EDGE_CURVE('',#3562,#3396,#3585,.T.);
#3585 = SURFACE_CURVE('',#3586,(#3590,#3597),.PCURVE_S1.);
#3586 = LINE('',#3587,#3588);
#3587 = CARTESIAN_POINT('',(-0.730002019213,-0.45,0.95));
#3588 = VECTOR('',#3589,1.);
#3589 = DIRECTION('',(-1.,0.,-1.224646799147E-16));
#3590 = PCURVE('',#3213,#3591);
#3591 = DEFINITIONAL_REPRESENTATION('',(#3592),#3596);
#3592 = LINE('',#3593,#3594);
#3593 = CARTESIAN_POINT('',(0.1,-0.));
#3594 = VECTOR('',#3595,1.);
#3595 = DIRECTION('',(0.,1.));
#3596 = ( GEOMETRIC_REPRESENTATION_CONTEXT(2) 
PARAMETRIC_REPRESENTATION_CONTEXT() REPRESENTATION_CONTEXT('2D SPACE',''
  ) );
#3597 = PCURVE('',#3434,#3598);
#3598 = DEFINITIONAL_REPRESENTATION('',(#3599),#3603);
#3599 = LINE('',#3600,#3601);
#3600 = CARTESIAN_POINT('',(-0.2,-0.669997980787));
#3601 = VECTOR('',#3602,1.);
#3602 = DIRECTION('',(0.,1.));
#3603 = ( GEOMETRIC_REPRESENTATION_CONTEXT(2) 
PARAMETRIC_REPRESENTATION_CONTEXT() REPRESENTATION_CONTEXT('2D SPACE',''
  ) );
#3604 = ORIENTED_EDGE('',*,*,#3395,.F.);
#3605 = ADVANCED_FACE('',(#3606),#3351,.F.);
#3606 = FACE_BOUND('',#3607,.T.);
#3607 = EDGE_LOOP('',(#3608,#3631,#3632,#3633));
#3608 = ORIENTED_EDGE('',*,*,#3609,.F.);
#3609 = EDGE_CURVE('',#3562,#3610,#3612,.T.);
#3610 = VERTEX_POINT('',#3611);
#3611 = CARTESIAN_POINT('',(-1.15,-0.45,1.35));
#3612 = SURFACE_CURVE('',#3613,(#3617,#3624),.PCURVE_S1.);
#3613 = LINE('',#3614,#3615);
#3614 = CARTESIAN_POINT('',(-1.15,-0.45,-2.22044604925E-16));
#3615 = VECTOR('',#3616,1.);
#3616 = DIRECTION('',(-1.224646799147E-16,-0.,1.));
#3617 = PCURVE('',#3351,#3618);
#3618 = DEFINITIONAL_REPRESENTATION('',(#3619),#3623);
#3619 = LINE('',#3620,#3621);
#3620 = CARTESIAN_POINT('',(-5.509737952776E-17,0.));
#3621 = VECTOR('',#3622,1.);
#3622 = DIRECTION('',(0.,-1.));
#3623 = ( GEOMETRIC_REPRESENTATION_CONTEXT(2) 
PARAMETRIC_REPRESENTATION_CONTEXT() REPRESENTATION_CONTEXT('2D SPACE',''
  ) );
#3624 = PCURVE('',#3434,#3625);
#3625 = DEFINITIONAL_REPRESENTATION('',(#3626),#3630);
#3626 = LINE('',#3627,#3628);
#3627 = CARTESIAN_POINT('',(-1.15,-0.25));
#3628 = VECTOR('',#3629,1.);
#3629 = DIRECTION('',(1.,0.));
#3630 = ( GEOMETRIC_REPRESENTATION_CONTEXT(2) 
PARAMETRIC_REPRESENTATION_CONTEXT() REPRESENTATION_CONTEXT('2D SPACE',''
  ) );
#3631 = ORIENTED_EDGE('',*,*,#3561,.F.);
#3632 = ORIENTED_EDGE('',*,*,#3337,.F.);
#3633 = ORIENTED_EDGE('',*,*,#3634,.F.);
#3634 = EDGE_CURVE('',#3610,#3310,#3635,.T.);
#3635 = SURFACE_CURVE('',#3636,(#3640,#3647),.PCURVE_S1.);
#3636 = LINE('',#3637,#3638);
#3637 = CARTESIAN_POINT('',(-1.15,-0.45,1.35));
#3638 = VECTOR('',#3639,1.);
#3639 = DIRECTION('',(0.121869343405,0.992546151641,1.492469013153E-17)
  );
#3640 = PCURVE('',#3351,#3641);
#3641 = DEFINITIONAL_REPRESENTATION('',(#3642),#3646);
#3642 = LINE('',#3643,#3644);
#3643 = CARTESIAN_POINT('',(-6.912098531303E-18,-1.35));
#3644 = VECTOR('',#3645,1.);
#3645 = DIRECTION('',(1.,0.));
#3646 = ( GEOMETRIC_REPRESENTATION_CONTEXT(2) 
PARAMETRIC_REPRESENTATION_CONTEXT() REPRESENTATION_CONTEXT('2D SPACE',''
  ) );
#3647 = PCURVE('',#3325,#3648);
#3648 = DEFINITIONAL_REPRESENTATION('',(#3649),#3653);
#3649 = LINE('',#3650,#3651);
#3650 = CARTESIAN_POINT('',(0.25,-1.E-01));
#3651 = VECTOR('',#3652,1.);
#3652 = DIRECTION('',(0.121869343405,0.992546151641));
#3653 = ( GEOMETRIC_REPRESENTATION_CONTEXT(2) 
PARAMETRIC_REPRESENTATION_CONTEXT() REPRESENTATION_CONTEXT('2D SPACE',''
  ) );
#3654 = ADVANCED_FACE('',(#3655),#3325,.T.);
#3655 = FACE_BOUND('',#3656,.T.);
#3656 = EDGE_LOOP('',(#3657,#3658,#3659,#3682));
#3657 = ORIENTED_EDGE('',*,*,#3634,.T.);
#3658 = ORIENTED_EDGE('',*,*,#3309,.F.);
#3659 = ORIENTED_EDGE('',*,*,#3660,.T.);
#3660 = EDGE_CURVE('',#3282,#3661,#3663,.T.);
#3661 = VERTEX_POINT('',#3662);
#3662 = CARTESIAN_POINT('',(-1.9,-0.45,1.35));
#3663 = SURFACE_CURVE('',#3664,(#3668,#3675),.PCURVE_S1.);
#3664 = LINE('',#3665,#3666);
#3665 = CARTESIAN_POINT('',(-1.9,-0.35,1.35));
#3666 = VECTOR('',#3667,1.);
#3667 = DIRECTION('',(0.,-1.,0.));
#3668 = PCURVE('',#3325,#3669);
#3669 = DEFINITIONAL_REPRESENTATION('',(#3670),#3674);
#3670 = LINE('',#3671,#3672);
#3671 = CARTESIAN_POINT('',(-0.5,0.));
#3672 = VECTOR('',#3673,1.);
#3673 = DIRECTION('',(0.,-1.));
#3674 = ( GEOMETRIC_REPRESENTATION_CONTEXT(2) 
PARAMETRIC_REPRESENTATION_CONTEXT() REPRESENTATION_CONTEXT('2D SPACE',''
  ) );
#3675 = PCURVE('',#3297,#3676);
#3676 = DEFINITIONAL_REPRESENTATION('',(#3677),#3681);
#3677 = LINE('',#3678,#3679);
#3678 = CARTESIAN_POINT('',(-1.1,-1.E-01));
#3679 = VECTOR('',#3680,1.);
#3680 = DIRECTION('',(0.,-1.));
#3681 = ( GEOMETRIC_REPRESENTATION_CONTEXT(2) 
PARAMETRIC_REPRESENTATION_CONTEXT() REPRESENTATION_CONTEXT('2D SPACE',''
  ) );
#3682 = ORIENTED_EDGE('',*,*,#3683,.T.);
#3683 = EDGE_CURVE('',#3661,#3610,#3684,.T.);
#3684 = SURFACE_CURVE('',#3685,(#3689,#3696),.PCURVE_S1.);
#3685 = LINE('',#3686,#3687);
#3686 = CARTESIAN_POINT('',(-1.4,-0.45,1.35));
#3687 = VECTOR('',#3688,1.);
#3688 = DIRECTION('',(1.,0.,1.224646799147E-16));
#3689 = PCURVE('',#3325,#3690);
#3690 = DEFINITIONAL_REPRESENTATION('',(#3691),#3695);
#3691 = LINE('',#3692,#3693);
#3692 = CARTESIAN_POINT('',(0.,-1.E-01));
#3693 = VECTOR('',#3694,1.);
#3694 = DIRECTION('',(1.,0.));
#3695 = ( GEOMETRIC_REPRESENTATION_CONTEXT(2) 
PARAMETRIC_REPRESENTATION_CONTEXT() REPRESENTATION_CONTEXT('2D SPACE',''
  ) );
#3696 = PCURVE('',#3434,#3697);
#3697 = DEFINITIONAL_REPRESENTATION('',(#3698),#3702);
#3698 = LINE('',#3699,#3700);
#3699 = CARTESIAN_POINT('',(0.2,-2.449293598295E-17));
#3700 = VECTOR('',#3701,1.);
#3701 = DIRECTION('',(0.,-1.));
#3702 = ( GEOMETRIC_REPRESENTATION_CONTEXT(2) 
PARAMETRIC_REPRESENTATION_CONTEXT() REPRESENTATION_CONTEXT('2D SPACE',''
  ) );
#3703 = ADVANCED_FACE('',(#3704),#3297,.F.);
#3704 = FACE_BOUND('',#3705,.T.);
#3705 = EDGE_LOOP('',(#3706,#3707,#3708,#3736,#3759,#3782,#3805,#3829));
#3706 = ORIENTED_EDGE('',*,*,#3660,.F.);
#3707 = ORIENTED_EDGE('',*,*,#3281,.F.);
#3708 = ORIENTED_EDGE('',*,*,#3709,.F.);
#3709 = EDGE_CURVE('',#3710,#3254,#3712,.T.);
#3710 = VERTEX_POINT('',#3711);
#3711 = CARTESIAN_POINT('',(-1.9,-0.25,0.15));
#3712 = SURFACE_CURVE('',#3713,(#3718,#3729),.PCURVE_S1.);
#3713 = CIRCLE('',#3714,1.E-01);
#3714 = AXIS2_PLACEMENT_3D('',#3715,#3716,#3717);
#3715 = CARTESIAN_POINT('',(-1.9,-0.25,0.25));
#3716 = DIRECTION('',(-1.,0.,-1.224646799147E-16));
#3717 = DIRECTION('',(-1.224646799147E-16,0.,1.));
#3718 = PCURVE('',#3297,#3719);
#3719 = DEFINITIONAL_REPRESENTATION('',(#3720),#3728);
#3720 = ( BOUNDED_CURVE() B_SPLINE_CURVE(2,(#3721,#3722,#3723,#3724,
#3725,#3726,#3727),.UNSPECIFIED.,.T.,.F.) B_SPLINE_CURVE_WITH_KNOTS((1,2
    ,2,2,2,1),(-2.094395102393,0.,2.094395102393,4.188790204786,
6.28318530718,8.377580409573),.UNSPECIFIED.) CURVE() 
GEOMETRIC_REPRESENTATION_ITEM() RATIONAL_B_SPLINE_CURVE((1.,0.5,1.,0.5,
1.,0.5,1.)) REPRESENTATION_ITEM('') );
#3721 = CARTESIAN_POINT('',(-1.E-01,0.));
#3722 = CARTESIAN_POINT('',(-1.E-01,0.173205080757));
#3723 = CARTESIAN_POINT('',(5.E-02,8.660254037844E-02));
#3724 = CARTESIAN_POINT('',(0.2,2.449293598295E-17));
#3725 = CARTESIAN_POINT('',(5.E-02,-8.660254037844E-02));
#3726 = CARTESIAN_POINT('',(-1.E-01,-0.173205080757));
#3727 = CARTESIAN_POINT('',(-1.E-01,0.));
#3728 = ( GEOMETRIC_REPRESENTATION_CONTEXT(2) 
PARAMETRIC_REPRESENTATION_CONTEXT() REPRESENTATION_CONTEXT('2D SPACE',''
  ) );
#3729 = PCURVE('',#3269,#3730);
#3730 = DEFINITIONAL_REPRESENTATION('',(#3731),#3735);
#3731 = LINE('',#3732,#3733);
#3732 = CARTESIAN_POINT('',(0.,0.5));
#3733 = VECTOR('',#3734,1.);
#3734 = DIRECTION('',(1.,0.));
#3735 = ( GEOMETRIC_REPRESENTATION_CONTEXT(2) 
PARAMETRIC_REPRESENTATION_CONTEXT() REPRESENTATION_CONTEXT('2D SPACE',''
  ) );
#3736 = ORIENTED_EDGE('',*,*,#3737,.F.);
#3737 = EDGE_CURVE('',#3738,#3710,#3740,.T.);
#3738 = VERTEX_POINT('',#3739);
#3739 = CARTESIAN_POINT('',(-1.9,0.4,0.15));
#3740 = SURFACE_CURVE('',#3741,(#3745,#3752),.PCURVE_S1.);
#3741 = LINE('',#3742,#3743);
#3742 = CARTESIAN_POINT('',(-1.9,-0.25,0.15));
#3743 = VECTOR('',#3744,1.);
#3744 = DIRECTION('',(0.,-1.,0.));
#3745 = PCURVE('',#3297,#3746);
#3746 = DEFINITIONAL_REPRESENTATION('',(#3747),#3751);
#3747 = LINE('',#3748,#3749);
#3748 = CARTESIAN_POINT('',(1.E-01,0.));
#3749 = VECTOR('',#3750,1.);
#3750 = DIRECTION('',(0.,-1.));
#3751 = ( GEOMETRIC_REPRESENTATION_CONTEXT(2) 
PARAMETRIC_REPRESENTATION_CONTEXT() REPRESENTATION_CONTEXT('2D SPACE',''
  ) );
#3752 = PCURVE('',#3545,#3753);
#3753 = DEFINITIONAL_REPRESENTATION('',(#3754),#3758);
#3754 = LINE('',#3755,#3756);
#3755 = CARTESIAN_POINT('',(-0.5,-5.551115123126E-17));
#3756 = VECTOR('',#3757,1.);
#3757 = DIRECTION('',(0.,-1.));
#3758 = ( GEOMETRIC_REPRESENTATION_CONTEXT(2) 
PARAMETRIC_REPRESENTATION_CONTEXT() REPRESENTATION_CONTEXT('2D SPACE',''
  ) );
#3759 = ORIENTED_EDGE('',*,*,#3760,.F.);
#3760 = EDGE_CURVE('',#3761,#3738,#3763,.T.);
#3761 = VERTEX_POINT('',#3762);
#3762 = CARTESIAN_POINT('',(-1.9,0.4,5.E-02));
#3763 = SURFACE_CURVE('',#3764,(#3768,#3775),.PCURVE_S1.);
#3764 = LINE('',#3765,#3766);
#3765 = CARTESIAN_POINT('',(-1.9,0.4,0.25));
#3766 = VECTOR('',#3767,1.);
#3767 = DIRECTION('',(-1.224646799147E-16,-0.,1.));
#3768 = PCURVE('',#3297,#3769);
#3769 = DEFINITIONAL_REPRESENTATION('',(#3770),#3774);
#3770 = LINE('',#3771,#3772);
#3771 = CARTESIAN_POINT('',(0.,0.65));
#3772 = VECTOR('',#3773,1.);
#3773 = DIRECTION('',(-1.,0.));
#3774 = ( GEOMETRIC_REPRESENTATION_CONTEXT(2) 
PARAMETRIC_REPRESENTATION_CONTEXT() REPRESENTATION_CONTEXT('2D SPACE',''
  ) );
#3775 = PCURVE('',#3519,#3776);
#3776 = DEFINITIONAL_REPRESENTATION('',(#3777),#3781);
#3777 = LINE('',#3778,#3779);
#3778 = CARTESIAN_POINT('',(-0.2,0.5));
#3779 = VECTOR('',#3780,1.);
#3780 = DIRECTION('',(-1.,0.));
#3781 = ( GEOMETRIC_REPRESENTATION_CONTEXT(2) 
PARAMETRIC_REPRESENTATION_CONTEXT() REPRESENTATION_CONTEXT('2D SPACE',''
  ) );
#3782 = ORIENTED_EDGE('',*,*,#3783,.F.);
#3783 = EDGE_CURVE('',#3784,#3761,#3786,.T.);
#3784 = VERTEX_POINT('',#3785);
#3785 = CARTESIAN_POINT('',(-1.9,-0.25,5.E-02));
#3786 = SURFACE_CURVE('',#3787,(#3791,#3798),.PCURVE_S1.);
#3787 = LINE('',#3788,#3789);
#3788 = CARTESIAN_POINT('',(-1.9,-0.25,5.E-02));
#3789 = VECTOR('',#3790,1.);
#3790 = DIRECTION('',(0.,1.,0.));
#3791 = PCURVE('',#3297,#3792);
#3792 = DEFINITIONAL_REPRESENTATION('',(#3793),#3797);
#3793 = LINE('',#3794,#3795);
#3794 = CARTESIAN_POINT('',(0.2,0.));
#3795 = VECTOR('',#3796,1.);
#3796 = DIRECTION('',(0.,1.));
#3797 = ( GEOMETRIC_REPRESENTATION_CONTEXT(2) 
PARAMETRIC_REPRESENTATION_CONTEXT() REPRESENTATION_CONTEXT('2D SPACE',''
  ) );
#3798 = PCURVE('',#3491,#3799);
#3799 = DEFINITIONAL_REPRESENTATION('',(#3800),#3804);
#3800 = LINE('',#3801,#3802);
#3801 = CARTESIAN_POINT('',(0.5,0.));
#3802 = VECTOR('',#3803,1.);
#3803 = DIRECTION('',(0.,1.));
#3804 = ( GEOMETRIC_REPRESENTATION_CONTEXT(2) 
PARAMETRIC_REPRESENTATION_CONTEXT() REPRESENTATION_CONTEXT('2D SPACE',''
  ) );
#3805 = ORIENTED_EDGE('',*,*,#3806,.F.);
#3806 = EDGE_CURVE('',#3807,#3784,#3809,.T.);
#3807 = VERTEX_POINT('',#3808);
#3808 = CARTESIAN_POINT('',(-1.9,-0.45,0.25));
#3809 = SURFACE_CURVE('',#3810,(#3815,#3822),.PCURVE_S1.);
#3810 = CIRCLE('',#3811,0.2);
#3811 = AXIS2_PLACEMENT_3D('',#3812,#3813,#3814);
#3812 = CARTESIAN_POINT('',(-1.9,-0.25,0.25));
#3813 = DIRECTION('',(1.,0.,1.224646799147E-16));
#3814 = DIRECTION('',(-1.224646799147E-16,0.,1.));
#3815 = PCURVE('',#3297,#3816);
#3816 = DEFINITIONAL_REPRESENTATION('',(#3817),#3821);
#3817 = CIRCLE('',#3818,0.2);
#3818 = AXIS2_PLACEMENT_2D('',#3819,#3820);
#3819 = CARTESIAN_POINT('',(0.,0.));
#3820 = DIRECTION('',(-1.,0.));
#3821 = ( GEOMETRIC_REPRESENTATION_CONTEXT(2) 
PARAMETRIC_REPRESENTATION_CONTEXT() REPRESENTATION_CONTEXT('2D SPACE',''
  ) );
#3822 = PCURVE('',#3463,#3823);
#3823 = DEFINITIONAL_REPRESENTATION('',(#3824),#3828);
#3824 = LINE('',#3825,#3826);
#3825 = CARTESIAN_POINT('',(6.28318530718,0.5));
#3826 = VECTOR('',#3827,1.);
#3827 = DIRECTION('',(-1.,0.));
#3828 = ( GEOMETRIC_REPRESENTATION_CONTEXT(2) 
PARAMETRIC_REPRESENTATION_CONTEXT() REPRESENTATION_CONTEXT('2D SPACE',''
  ) );
#3829 = ORIENTED_EDGE('',*,*,#3830,.F.);
#3830 = EDGE_CURVE('',#3661,#3807,#3831,.T.);
#3831 = SURFACE_CURVE('',#3832,(#3836,#3843),.PCURVE_S1.);
#3832 = LINE('',#3833,#3834);
#3833 = CARTESIAN_POINT('',(-1.9,-0.45,0.25));
#3834 = VECTOR('',#3835,1.);
#3835 = DIRECTION('',(1.224646799147E-16,0.,-1.));
#3836 = PCURVE('',#3297,#3837);
#3837 = DEFINITIONAL_REPRESENTATION('',(#3838),#3842);
#3838 = LINE('',#3839,#3840);
#3839 = CARTESIAN_POINT('',(0.,-0.2));
#3840 = VECTOR('',#3841,1.);
#3841 = DIRECTION('',(1.,0.));
#3842 = ( GEOMETRIC_REPRESENTATION_CONTEXT(2) 
PARAMETRIC_REPRESENTATION_CONTEXT() REPRESENTATION_CONTEXT('2D SPACE',''
  ) );
#3843 = PCURVE('',#3434,#3844);
#3844 = DEFINITIONAL_REPRESENTATION('',(#3845),#3849);
#3845 = LINE('',#3846,#3847);
#3846 = CARTESIAN_POINT('',(-0.9,0.5));
#3847 = VECTOR('',#3848,1.);
#3848 = DIRECTION('',(-1.,0.));
#3849 = ( GEOMETRIC_REPRESENTATION_CONTEXT(2) 
PARAMETRIC_REPRESENTATION_CONTEXT() REPRESENTATION_CONTEXT('2D SPACE',''
  ) );
#3850 = ADVANCED_FACE('',(#3851),#3269,.F.);
#3851 = FACE_BOUND('',#3852,.F.);
#3852 = EDGE_LOOP('',(#3853,#3854,#3875,#3876));
#3853 = ORIENTED_EDGE('',*,*,#3709,.F.);
#3854 = ORIENTED_EDGE('',*,*,#3855,.T.);
#3855 = EDGE_CURVE('',#3710,#3367,#3856,.T.);
#3856 = SURFACE_CURVE('',#3857,(#3861,#3868),.PCURVE_S1.);
#3857 = LINE('',#3858,#3859);
#3858 = CARTESIAN_POINT('',(-1.4,-0.25,0.15));
#3859 = VECTOR('',#3860,1.);
#3860 = DIRECTION('',(1.,-0.,1.224646799147E-16));
#3861 = PCURVE('',#3269,#3862);
#3862 = DEFINITIONAL_REPRESENTATION('',(#3863),#3867);
#3863 = LINE('',#3864,#3865);
#3864 = CARTESIAN_POINT('',(3.14159265359,0.));
#3865 = VECTOR('',#3866,1.);
#3866 = DIRECTION('',(0.,-1.));
#3867 = ( GEOMETRIC_REPRESENTATION_CONTEXT(2) 
PARAMETRIC_REPRESENTATION_CONTEXT() REPRESENTATION_CONTEXT('2D SPACE',''
  ) );
#3868 = PCURVE('',#3545,#3869);
#3869 = DEFINITIONAL_REPRESENTATION('',(#3870),#3874);
#3870 = LINE('',#3871,#3872);
#3871 = CARTESIAN_POINT('',(0.,-5.551115123126E-17));
#3872 = VECTOR('',#3873,1.);
#3873 = DIRECTION('',(1.,0.));
#3874 = ( GEOMETRIC_REPRESENTATION_CONTEXT(2) 
PARAMETRIC_REPRESENTATION_CONTEXT() REPRESENTATION_CONTEXT('2D SPACE',''
  ) );
#3875 = ORIENTED_EDGE('',*,*,#3366,.T.);
#3876 = ORIENTED_EDGE('',*,*,#3253,.T.);
#3877 = ADVANCED_FACE('',(#3878),#3545,.T.);
#3878 = FACE_BOUND('',#3879,.T.);
#3879 = EDGE_LOOP('',(#3880,#3881,#3902,#3903));
#3880 = ORIENTED_EDGE('',*,*,#3531,.F.);
#3881 = ORIENTED_EDGE('',*,*,#3882,.T.);
#3882 = EDGE_CURVE('',#3504,#3738,#3883,.T.);
#3883 = SURFACE_CURVE('',#3884,(#3888,#3895),.PCURVE_S1.);
#3884 = LINE('',#3885,#3886);
#3885 = CARTESIAN_POINT('',(-1.4,0.4,0.15));
#3886 = VECTOR('',#3887,1.);
#3887 = DIRECTION('',(-1.,0.,-1.224646799147E-16));
#3888 = PCURVE('',#3545,#3889);
#3889 = DEFINITIONAL_REPRESENTATION('',(#3890),#3894);
#3890 = LINE('',#3891,#3892);
#3891 = CARTESIAN_POINT('',(0.,0.65));
#3892 = VECTOR('',#3893,1.);
#3893 = DIRECTION('',(-1.,0.));
#3894 = ( GEOMETRIC_REPRESENTATION_CONTEXT(2) 
PARAMETRIC_REPRESENTATION_CONTEXT() REPRESENTATION_CONTEXT('2D SPACE',''
  ) );
#3895 = PCURVE('',#3519,#3896);
#3896 = DEFINITIONAL_REPRESENTATION('',(#3897),#3901);
#3897 = LINE('',#3898,#3899);
#3898 = CARTESIAN_POINT('',(-0.1,-1.224646799147E-17));
#3899 = VECTOR('',#3900,1.);
#3900 = DIRECTION('',(0.,1.));
#3901 = ( GEOMETRIC_REPRESENTATION_CONTEXT(2) 
PARAMETRIC_REPRESENTATION_CONTEXT() REPRESENTATION_CONTEXT('2D SPACE',''
  ) );
#3902 = ORIENTED_EDGE('',*,*,#3737,.T.);
#3903 = ORIENTED_EDGE('',*,*,#3855,.T.);
#3904 = ADVANCED_FACE('',(#3905),#3519,.T.);
#3905 = FACE_BOUND('',#3906,.T.);
#3906 = EDGE_LOOP('',(#3907,#3908,#3929,#3930));
#3907 = ORIENTED_EDGE('',*,*,#3503,.F.);
#3908 = ORIENTED_EDGE('',*,*,#3909,.T.);
#3909 = EDGE_CURVE('',#3476,#3761,#3910,.T.);
#3910 = SURFACE_CURVE('',#3911,(#3915,#3922),.PCURVE_S1.);
#3911 = LINE('',#3912,#3913);
#3912 = CARTESIAN_POINT('',(-1.4,0.4,5.E-02));
#3913 = VECTOR('',#3914,1.);
#3914 = DIRECTION('',(-1.,0.,-1.224646799147E-16));
#3915 = PCURVE('',#3519,#3916);
#3916 = DEFINITIONAL_REPRESENTATION('',(#3917),#3921);
#3917 = LINE('',#3918,#3919);
#3918 = CARTESIAN_POINT('',(0.,0.));
#3919 = VECTOR('',#3920,1.);
#3920 = DIRECTION('',(0.,1.));
#3921 = ( GEOMETRIC_REPRESENTATION_CONTEXT(2) 
PARAMETRIC_REPRESENTATION_CONTEXT() REPRESENTATION_CONTEXT('2D SPACE',''
  ) );
#3922 = PCURVE('',#3491,#3923);
#3923 = DEFINITIONAL_REPRESENTATION('',(#3924),#3928);
#3924 = LINE('',#3925,#3926);
#3925 = CARTESIAN_POINT('',(0.,0.65));
#3926 = VECTOR('',#3927,1.);
#3927 = DIRECTION('',(1.,0.));
#3928 = ( GEOMETRIC_REPRESENTATION_CONTEXT(2) 
PARAMETRIC_REPRESENTATION_CONTEXT() REPRESENTATION_CONTEXT('2D SPACE',''
  ) );
#3929 = ORIENTED_EDGE('',*,*,#3760,.T.);
#3930 = ORIENTED_EDGE('',*,*,#3882,.F.);
#3931 = ADVANCED_FACE('',(#3932),#3491,.T.);
#3932 = FACE_BOUND('',#3933,.T.);
#3933 = EDGE_LOOP('',(#3934,#3935,#3956,#3957));
#3934 = ORIENTED_EDGE('',*,*,#3475,.F.);
#3935 = ORIENTED_EDGE('',*,*,#3936,.T.);
#3936 = EDGE_CURVE('',#3447,#3784,#3937,.T.);
#3937 = SURFACE_CURVE('',#3938,(#3942,#3949),.PCURVE_S1.);
#3938 = LINE('',#3939,#3940);
#3939 = CARTESIAN_POINT('',(-1.4,-0.25,5.E-02));
#3940 = VECTOR('',#3941,1.);
#3941 = DIRECTION('',(-1.,0.,-1.224646799147E-16));
#3942 = PCURVE('',#3491,#3943);
#3943 = DEFINITIONAL_REPRESENTATION('',(#3944),#3948);
#3944 = LINE('',#3945,#3946);
#3945 = CARTESIAN_POINT('',(0.,0.));
#3946 = VECTOR('',#3947,1.);
#3947 = DIRECTION('',(1.,0.));
#3948 = ( GEOMETRIC_REPRESENTATION_CONTEXT(2) 
PARAMETRIC_REPRESENTATION_CONTEXT() REPRESENTATION_CONTEXT('2D SPACE',''
  ) );
#3949 = PCURVE('',#3463,#3950);
#3950 = DEFINITIONAL_REPRESENTATION('',(#3951),#3955);
#3951 = LINE('',#3952,#3953);
#3952 = CARTESIAN_POINT('',(3.14159265359,0.));
#3953 = VECTOR('',#3954,1.);
#3954 = DIRECTION('',(0.,1.));
#3955 = ( GEOMETRIC_REPRESENTATION_CONTEXT(2) 
PARAMETRIC_REPRESENTATION_CONTEXT() REPRESENTATION_CONTEXT('2D SPACE',''
  ) );
#3956 = ORIENTED_EDGE('',*,*,#3783,.T.);
#3957 = ORIENTED_EDGE('',*,*,#3909,.F.);
#3958 = ADVANCED_FACE('',(#3959),#3463,.T.);
#3959 = FACE_BOUND('',#3960,.T.);
#3960 = EDGE_LOOP('',(#3961,#3962,#3983,#3984));
#3961 = ORIENTED_EDGE('',*,*,#3446,.F.);
#3962 = ORIENTED_EDGE('',*,*,#3963,.T.);
#3963 = EDGE_CURVE('',#3419,#3807,#3964,.T.);
#3964 = SURFACE_CURVE('',#3965,(#3969,#3976),.PCURVE_S1.);
#3965 = LINE('',#3966,#3967);
#3966 = CARTESIAN_POINT('',(-1.4,-0.45,0.25));
#3967 = VECTOR('',#3968,1.);
#3968 = DIRECTION('',(-1.,0.,-1.224646799147E-16));
#3969 = PCURVE('',#3463,#3970);
#3970 = DEFINITIONAL_REPRESENTATION('',(#3971),#3975);
#3971 = LINE('',#3972,#3973);
#3972 = CARTESIAN_POINT('',(4.712388980385,0.));
#3973 = VECTOR('',#3974,1.);
#3974 = DIRECTION('',(0.,1.));
#3975 = ( GEOMETRIC_REPRESENTATION_CONTEXT(2) 
PARAMETRIC_REPRESENTATION_CONTEXT() REPRESENTATION_CONTEXT('2D SPACE',''
  ) );
#3976 = PCURVE('',#3434,#3977);
#3977 = DEFINITIONAL_REPRESENTATION('',(#3978),#3982);
#3978 = LINE('',#3979,#3980);
#3979 = CARTESIAN_POINT('',(-0.9,1.102182119233E-16));
#3980 = VECTOR('',#3981,1.);
#3981 = DIRECTION('',(0.,1.));
#3982 = ( GEOMETRIC_REPRESENTATION_CONTEXT(2) 
PARAMETRIC_REPRESENTATION_CONTEXT() REPRESENTATION_CONTEXT('2D SPACE',''
  ) );
#3983 = ORIENTED_EDGE('',*,*,#3806,.T.);
#3984 = ORIENTED_EDGE('',*,*,#3936,.F.);
#3985 = ADVANCED_FACE('',(#3986),#3434,.T.);
#3986 = FACE_BOUND('',#3987,.T.);
#3987 = EDGE_LOOP('',(#3988,#3989,#3990,#3991,#3992,#3993));
#3988 = ORIENTED_EDGE('',*,*,#3830,.T.);
#3989 = ORIENTED_EDGE('',*,*,#3963,.F.);
#3990 = ORIENTED_EDGE('',*,*,#3418,.F.);
#3991 = ORIENTED_EDGE('',*,*,#3584,.F.);
#3992 = ORIENTED_EDGE('',*,*,#3609,.T.);
#3993 = ORIENTED_EDGE('',*,*,#3683,.F.);
#3994 = ( GEOMETRIC_REPRESENTATION_CONTEXT(3) 
GLOBAL_UNCERTAINTY_ASSIGNED_CONTEXT((#3998)) 
GLOBAL_UNIT_ASSIGNED_CONTEXT((#3995,#3996,#3997)) REPRESENTATION_CONTEXT
('Context #1','3D Context with UNIT and UNCERTAINTY') );
#3995 = ( LENGTH_UNIT() NAMED_UNIT(*) SI_UNIT(.MILLI.,.METRE.) );
#3996 = ( NAMED_UNIT(*) PLANE_ANGLE_UNIT() SI_UNIT($,.RADIAN.) );
#3997 = ( NAMED_UNIT(*) SI_UNIT($,.STERADIAN.) SOLID_ANGLE_UNIT() );
#3998 = UNCERTAINTY_MEASURE_WITH_UNIT(LENGTH_MEASURE(1.E-07),#3995,
  'distance_accuracy_value','confusion accuracy');
#3999 = CONTEXT_DEPENDENT_SHAPE_REPRESENTATION(#4000,#4002);
#4000 = ( REPRESENTATION_RELATIONSHIP('','',#3183,#10) 
REPRESENTATION_RELATIONSHIP_WITH_TRANSFORMATION(#4001) 
SHAPE_REPRESENTATION_RELATIONSHIP() );
#4001 = ITEM_DEFINED_TRANSFORMATION('','',#11,#23);
#4002 = PRODUCT_DEFINITION_SHAPE('Placement','Placement of an item',
  #4003);
#4003 = NEXT_ASSEMBLY_USAGE_OCCURRENCE('19','','',#5,#3178,$);
#4004 = PRODUCT_RELATED_PRODUCT_CATEGORY('part',$,(#3180));
ENDSEC;
END-ISO-10303-21;
