ISO-10303-21;
HEADER;
FILE_DESCRIPTION (( 'STEP AP203' ),
    '1' );
FILE_NAME ('11103-06_T7.STEP',
    '2022-01-07T22:06:30',
    ( '' ),
    ( '' ),
    'SwSTEP 2.0',
    'SolidWorks 2021',
    '' );
FILE_SCHEMA (( 'CONFIG_CONTROL_DESIGN' ));
ENDSEC;

DATA;
#1 = ORIENTED_EDGE ( 'NONE', *, *, #78, .T. ) ;
#2 = ORIENTED_EDGE ( 'NONE', *, *, #278, .T. ) ;
#3 = CARTESIAN_POINT ( 'NONE',  ( 38.10000000000008669, -0.7699999999999997957, -64.57190400000000352 ) ) ;
#4 = CARTESIAN_POINT ( 'NONE',  ( -55.31733514603551782, 0.1447800000000006027, -62.39999999999999858 ) ) ;
#5 = ORIENTED_EDGE ( 'NONE', *, *, #1412, .F. ) ;
#6 = PERSON_AND_ORGANIZATION_ROLE ( 'design_supplier' ) ;
#7 = CARTESIAN_POINT ( 'NONE',  ( 0.000000000000000000, -1.690000000000000613, -9.289999999999999147 ) ) ;
#8 = ORIENTED_EDGE ( 'NONE', *, *, #3132, .F. ) ;
#9 = DIRECTION ( 'NONE',  ( 8.997944700177142083E-30, 0.000000000000000000, 1.000000000000000000 ) ) ;
#10 = CARTESIAN_POINT ( 'NONE',  ( 38.10000000000008669, -0.7699999999999997957, -63.65712399999999604 ) ) ;
#11 = CARTESIAN_POINT ( 'NONE',  ( 26.68000000000005301, 0.9099999999999490718, 7.159999999999996589 ) ) ;
#12 =( REPRESENTATION_RELATIONSHIP ('NONE','NONE', #2234, #3098 ) REPRESENTATION_RELATIONSHIP_WITH_TRANSFORMATION ( #2340 )SHAPE_REPRESENTATION_RELATIONSHIP( ) );
#13 = ORIENTED_EDGE ( 'NONE', *, *, #3513, .T. ) ;
#14 = LINE ( 'NONE', #895, #371 ) ;
#15 = CARTESIAN_POINT ( 'NONE',  ( 62.00000000000012790, 1.409999999999895781, -40.42000000000000171 ) ) ;
#16 = EDGE_CURVE ( 'NONE', #3877, #596, #3045, .T. ) ;
#17 = EDGE_LOOP ( 'NONE', ( #654, #393, #1322, #1931, #3814, #3406, #4138, #3567, #1875, #2663, #2682, #2324, #3495, #3458, #2270, #499, #2162, #1476 ) ) ;
#18 = VECTOR ( 'NONE', #4082, 1000.000000000000000 ) ;
#19 = ORIENTED_EDGE ( 'NONE', *, *, #1389, .F. ) ;
#20 = LOCAL_TIME ( 16, 6, 30.00000000000000000, #1405 ) ;
#21 = DIRECTION ( 'NONE',  ( 1.665334536937736783E-15, -1.000000000000000000, 0.000000000000000000 ) ) ;
#22 = CARTESIAN_POINT ( 'NONE',  ( 26.26500000000006452, 0.9099999999999507372, 7.359999999999994991 ) ) ;
#23 = AXIS2_PLACEMENT_3D ( 'NONE', #3329, #3898, #2299 ) ;
#24 = AXIS2_PLACEMENT_3D ( 'NONE', #3099, #4072, #2591 ) ;
#25 = ORGANIZATION ( 'NAUO-ORG4', 'UNSPECIFIED', 'UNSPECIFIED' ) ;
#26 = LINE ( 'NONE', #2594, #3066 ) ;
#27 = ORIENTED_EDGE ( 'NONE', *, *, #2655, .F. ) ;
#28 = APPROVAL ( #2851, 'UNSPECIFIED' ) ;
#29 = VECTOR ( 'NONE', #3431, 1000.000000000000000 ) ;
#30 = SHAPE_DEFINITION_REPRESENTATION ( #4093, #3098 ) ;
#31 = DIRECTION ( 'NONE',  ( 0.000000000000000000, 0.000000000000000000, -1.000000000000000000 ) ) ;
#32 = ADVANCED_FACE ( 'NONE', ( #3635 ), #750, .F. ) ;
#33 = CLOSED_SHELL ( 'NONE', ( #918, #2438, #1714, #1432, #3696, #1939 ) ) ;
#34 = ORIENTED_EDGE ( 'NONE', *, *, #165, .T. ) ;
#35 = PLANE ( 'NONE',  #460 ) ;
#36 = CARTESIAN_POINT ( 'NONE',  ( 19.64999999999999858, 0.000000000000000000, -8.749999999999998224 ) ) ;
#37 = PLANE ( 'NONE',  #444 ) ;
#38 = ADVANCED_FACE ( 'NONE', ( #813 ), #3345, .F. ) ;
#39 = ORIENTED_EDGE ( 'NONE', *, *, #4053, .T. ) ;
#40 = FACE_OUTER_BOUND ( 'NONE', #2262, .T. ) ;
#41 = VECTOR ( 'NONE', #3732, 1000.000000000000000 ) ;
#42 = CARTESIAN_POINT ( 'NONE',  ( -31.90000000000000568, -3.627500000000000391, -5.925400000000000666 ) ) ;
#43 = CIRCLE ( 'NONE', #3810, 0.9147800000000039233 ) ;
#44 = ORIENTED_EDGE ( 'NONE', *, *, #3036, .F. ) ;
#45 = VERTEX_POINT ( 'NONE', #270 ) ;
#46 = CARTESIAN_POINT ( 'NONE',  ( 38.10000000000000142, -1.674952686600891028, -18.62174108492443381 ) ) ;
#47 = CARTESIAN_POINT ( 'NONE',  ( 38.20000000000000284, -1.690000000000000613, -9.290000000000020464 ) ) ;
#48 = VECTOR ( 'NONE', #1147, 1000.000000000000000 ) ;
#49 = DIRECTION ( 'NONE',  ( 0.000000000000000000, -1.000000000000000000, 0.000000000000000000 ) ) ;
#50 = DIRECTION ( 'NONE',  ( -1.665334536937736783E-15, 1.000000000000000000, 0.000000000000000000 ) ) ;
#51 = VERTEX_POINT ( 'NONE', #2538 ) ;
#52 = DIRECTION ( 'NONE',  ( -0.000000000000000000, 0.000000000000000000, -1.000000000000000000 ) ) ;
#53 = EDGE_CURVE ( 'NONE', #471, #1000, #3784, .T. ) ;
#54 = DIRECTION ( 'NONE',  ( 1.665334536937736783E-15, -1.000000000000000000, 0.000000000000000000 ) ) ;
#55 = EDGE_CURVE ( 'NONE', #1428, #2447, #1219, .T. ) ;
#56 = CC_DESIGN_PERSON_AND_ORGANIZATION_ASSIGNMENT ( #1252, #3154, ( #2717 ) ) ;
#57 = EDGE_CURVE ( 'NONE', #3310, #86, #3127, .T. ) ;
#58 = EDGE_LOOP ( 'NONE', ( #3461, #2979, #2976, #1808 ) ) ;
#59 = CIRCLE ( 'NONE', #2602, 0.6000000000000007550 ) ;
#60 = DIRECTION ( 'NONE',  ( 1.665334536937736783E-15, -1.000000000000000000, 0.000000000000000000 ) ) ;
#61 = CYLINDRICAL_SURFACE ( 'NONE', #2999, 0.5000000000000004441 ) ;
#62 = FACE_OUTER_BOUND ( 'NONE', #1812, .T. ) ;
#63 = ORIENTED_EDGE ( 'NONE', *, *, #1848, .T. ) ;
#64 = FACE_OUTER_BOUND ( 'NONE', #1231, .T. ) ;
#65 = CARTESIAN_POINT ( 'NONE',  ( 28.25000000000005329, 1.109999999999947917, 11.69999999999999218 ) ) ;
#66 = EDGE_CURVE ( 'NONE', #1455, #2565, #2202, .T. ) ;
#67 = VERTEX_POINT ( 'NONE', #3105 ) ;
#68 = EDGE_LOOP ( 'NONE', ( #3328, #3703, #3742, #93 ) ) ;
#69 = DIRECTION ( 'NONE',  ( 0.000000000000000000, 0.000000000000000000, -1.000000000000000000 ) ) ;
#70 = PLANE ( 'NONE',  #200 ) ;
#71 = DIRECTION ( 'NONE',  ( -1.665334536937736783E-15, 1.000000000000000000, 0.000000000000000000 ) ) ;
#72 = DIRECTION ( 'NONE',  ( 0.000000000000000000, -0.000000000000000000, 1.000000000000000000 ) ) ;
#73 = EDGE_LOOP ( 'NONE', ( #2750, #753, #257, #1613 ) ) ;
#74 = DIRECTION ( 'NONE',  ( -1.000000000000000000, 0.000000000000000000, 0.000000000000000000 ) ) ;
#75 = CARTESIAN_POINT ( 'NONE',  ( 0.000000000000000000, -1.689999999999998836, -18.50000000000000355 ) ) ;
#76 = ORIENTED_EDGE ( 'NONE', *, *, #1717, .F. ) ;
#77 = VECTOR ( 'NONE', #3715, 1000.000000000000000 ) ;
#78 = EDGE_CURVE ( 'NONE', #3368, #3579, #225, .T. ) ;
#79 = CARTESIAN_POINT ( 'NONE',  ( -31.90000000000000568, -3.628499999999999837, -3.780800000000001049 ) ) ;
#80 = LINE ( 'NONE', #1665, #3679 ) ;
#81 = DIRECTION ( 'NONE',  ( 0.000000000000000000, 0.000000000000000000, -1.000000000000000000 ) ) ;
#82 = VERTEX_POINT ( 'NONE', #3148 ) ;
#83 = DIRECTION ( 'NONE',  ( 0.000000000000000000, -0.000000000000000000, 1.000000000000000000 ) ) ;
#84 = CARTESIAN_POINT ( 'NONE',  ( 38.10000000000000142, 0.1447800000000006027, -62.39999999999999858 ) ) ;
#85 = ORIENTED_EDGE ( 'NONE', *, *, #2855, .F. ) ;
#86 = VERTEX_POINT ( 'NONE', #1839 ) ;
#87 = DIRECTION ( 'NONE',  ( 1.541976423090498789E-15, -2.567906592516311084E-30, -1.000000000000000000 ) ) ;
#88 = DIRECTION ( 'NONE',  ( 0.000000000000000000, 0.000000000000000000, -1.000000000000000000 ) ) ;
#89 = DIRECTION ( 'NONE',  ( 1.000000000000000000, 0.000000000000000000, 0.000000000000000000 ) ) ;
#90 = EDGE_CURVE ( 'NONE', #808, #2073, #2836, .T. ) ;
#91 = VECTOR ( 'NONE', #1876, 1000.000000000000000 ) ;
#92 = FACE_OUTER_BOUND ( 'NONE', #1031, .T. ) ;
#93 = ORIENTED_EDGE ( 'NONE', *, *, #2810, .T. ) ;
#94 = PLANE ( 'NONE',  #2632 ) ;
#95 = FACE_OUTER_BOUND ( 'NONE', #1842, .T. ) ;
#96 = LOCAL_TIME ( 16, 6, 30.00000000000000000, #3560 ) ;
#97 = EDGE_CURVE ( 'NONE', #4060, #929, #254, .T. ) ;
#98 = AXIS2_PLACEMENT_3D ( 'NONE', #2951, #1334, #676 ) ;
#99 = VERTEX_POINT ( 'NONE', #910 ) ;
#100 = ORGANIZATION ( 'NAUO-ORG3', 'UNSPECIFIED', 'UNSPECIFIED' ) ;
#101 = DIRECTION ( 'NONE',  ( 0.000000000000000000, 0.000000000000000000, 1.000000000000000000 ) ) ;
#102 = CARTESIAN_POINT ( 'NONE',  ( -0.4000000000000148992, 0.8099999999999999423, 2.099999999999987210 ) ) ;
#103 = CARTESIAN_POINT ( 'NONE',  ( -0.4000000000000148992, 1.409999999999999698, -40.72000000000000597 ) ) ;
#104 = VERTEX_POINT ( 'NONE', #370 ) ;
#105 = FACE_OUTER_BOUND ( 'NONE', #3119, .T. ) ;
#106 = CARTESIAN_POINT ( 'NONE',  ( -1.734723475976807094E-14, 1.639999999999999014, -40.42000000000000171 ) ) ;
#107 = CALENDAR_DATE ( 2022, 7, 1 ) ;
#108 = EDGE_CURVE ( 'NONE', #3877, #4152, #2797, .T. ) ;
#109 = APPROVAL ( #861, 'UNSPECIFIED' ) ;
#110 = AXIS2_PLACEMENT_3D ( 'NONE', #1504, #2879, #1767 ) ;
#111 = EDGE_LOOP ( 'NONE', ( #2590, #675, #3964, #3593 ) ) ;
#112 = EDGE_LOOP ( 'NONE', ( #2556, #2689, #2251, #445 ) ) ;
#113 = CARTESIAN_POINT ( 'NONE',  ( 0.000000000000000000, -1.655047313399108599, -18.70103366078729934 ) ) ;
#114 = FACE_OUTER_BOUND ( 'NONE', #3639, .T. ) ;
#115 = DATE_AND_TIME ( #994, #4131 ) ;
#116 = DIRECTION ( 'NONE',  ( -1.000000000000000000, 1.665334536937732641E-15, 0.000000000000000000 ) ) ;
#117 = AXIS2_PLACEMENT_3D ( 'NONE', #2020, #1073, #1655 ) ;
#118 = AXIS2_PLACEMENT_3D ( 'NONE', #154, #2064, #428 ) ;
#119 = CARTESIAN_POINT ( 'NONE',  ( -28.65000000000000213, -3.627500000000000391, -6.001600000000022028 ) ) ;
#120 = AXIS2_PLACEMENT_3D ( 'NONE', #464, #169, #1738 ) ;
#121 = ORIENTED_EDGE ( 'NONE', *, *, #1153, .T. ) ;
#122 = CARTESIAN_POINT ( 'NONE',  ( -19.64999999999999858, 0.05000000000000000278, 8.749999999999996447 ) ) ;
#123 = CARTESIAN_POINT ( 'NONE',  ( -19.64999999999999858, 0.000000000000000000, -9.250000000000000000 ) ) ;
#124 = AXIS2_PLACEMENT_3D ( 'NONE', #2451, #1102, #3978 ) ;
#125 = VERTEX_POINT ( 'NONE', #3827 ) ;
#126 = DIRECTION ( 'NONE',  ( 1.000000000000000000, 0.000000000000000000, -5.551115123125782702E-17 ) ) ;
#127 = CIRCLE ( 'NONE', #1385, 0.09999999999999939493 ) ;
#128 = CARTESIAN_POINT ( 'NONE',  ( 0.000000000000000000, -1.834779999999999411, -18.50000000000000355 ) ) ;
#129 = DIRECTION ( 'NONE',  ( -1.000000000000000000, 1.665334536937732641E-15, 0.000000000000000000 ) ) ;
#130 = VECTOR ( 'NONE', #1669, 1000.000000000000000 ) ;
#131 = AXIS2_PLACEMENT_3D ( 'NONE', #814, #1477, #1814 ) ;
#132 = ORIENTED_EDGE ( 'NONE', *, *, #365, .F. ) ;
#133 = CARTESIAN_POINT ( 'NONE',  ( 28.35000000000005116, 1.109999999999947917, 15.69999999999999574 ) ) ;
#134 = CARTESIAN_POINT ( 'NONE',  ( -55.31733514603551782, -1.655047313399108599, -18.70103366078729934 ) ) ;
#135 = VERTEX_POINT ( 'NONE', #2496 ) ;
#136 = DIRECTION ( 'NONE',  ( 1.665334536937736783E-15, -1.000000000000000000, 0.000000000000000000 ) ) ;
#137 = CARTESIAN_POINT ( 'NONE',  ( 62.00000000000013500, -1.040834085586084257E-13, -40.42000000000000171 ) ) ;
#138 = PERSON_AND_ORGANIZATION ( #4035, #3412 ) ;
#139 = EDGE_CURVE ( 'NONE', #2675, #2211, #1200, .T. ) ;
#140 = DIRECTION ( 'NONE',  ( 1.665334536937736783E-15, -1.000000000000000000, 0.000000000000000000 ) ) ;
#141 = EDGE_LOOP ( 'NONE', ( #195, #4054, #1351, #551 ) ) ;
#142 = FACE_OUTER_BOUND ( 'NONE', #1777, .T. ) ;
#143 = LINE ( 'NONE', #1122, #2044 ) ;
#144 = ORIENTED_EDGE ( 'NONE', *, *, #3910, .F. ) ;
#145 = LINE ( 'NONE', #2734, #2459 ) ;
#146 = CARTESIAN_POINT ( 'NONE',  ( -31.59519999999999840, -3.327500000000000568, -3.436200000000000365 ) ) ;
#147 = VERTEX_POINT ( 'NONE', #2181 ) ;
#148 = DIRECTION ( 'NONE',  ( 0.000000000000000000, -1.000000000000000000, 0.000000000000000000 ) ) ;
#149 = CARTESIAN_POINT ( 'NONE',  ( 19.14999999999999858, 0.05000000000000000278, 8.749999999999998224 ) ) ;
#150 = VERTEX_POINT ( 'NONE', #4144 ) ;
#151 = DIRECTION ( 'NONE',  ( 0.000000000000000000, 0.000000000000000000, 1.000000000000000000 ) ) ;
#152 = CARTESIAN_POINT ( 'NONE',  ( -28.58000000000000185, -3.628499999999999837, -4.580800000000002647 ) ) ;
#153 = PERSON_AND_ORGANIZATION ( #4035, #3412 ) ;
#154 = CARTESIAN_POINT ( 'NONE',  ( 26.36500000000004817, 0.8099999999999478728, 0.9999999999999940048 ) ) ;
#155 = EDGE_CURVE ( 'NONE', #1361, #3499, #580, .T. ) ;
#156 = ORIENTED_EDGE ( 'NONE', *, *, #3626, .F. ) ;
#157 = LINE ( 'NONE', #1429, #2224 ) ;
#158 = DIRECTION ( 'NONE',  ( 1.665334536937736783E-15, -1.000000000000000000, 0.000000000000000000 ) ) ;
#159 = APPROVAL ( #3672, 'UNSPECIFIED' ) ;
#160 = VERTEX_POINT ( 'NONE', #1558 ) ;
#161 = CARTESIAN_POINT ( 'NONE',  ( -49.09223650586643117, -12.80771849882218838, 41.17512600503349063 ) ) ;
#162 = PRODUCT_DEFINITION_FORMATION_WITH_SPECIFIED_SOURCE ( 'ANY', '', #3144, .NOT_KNOWN. ) ;
#163 = DIRECTION ( 'NONE',  ( 1.665334536937736783E-15, -1.000000000000000000, 0.000000000000000000 ) ) ;
#164 = LINE ( 'NONE', #2773, #902 ) ;
#165 = EDGE_CURVE ( 'NONE', #2633, #441, #1860, .T. ) ;
#166 = VECTOR ( 'NONE', #2409, 1000.000000000000000 ) ;
#167 = ORIENTED_EDGE ( 'NONE', *, *, #1126, .T. ) ;
#168 = CYLINDRICAL_SURFACE ( 'NONE', #131, 0.5000000000000004441 ) ;
#169 = DIRECTION ( 'NONE',  ( -0.000000000000000000, -1.000000000000000000, -0.000000000000000000 ) ) ;
#170 = CIRCLE ( 'NONE', #3121, 0.1999999999999987899 ) ;
#171 = VERTEX_POINT ( 'NONE', #1539 ) ;
#172 = CARTESIAN_POINT ( 'NONE',  ( 26.46500000000004604, 0.9099999999999490718, 5.759999999999998010 ) ) ;
#173 = DIRECTION ( 'NONE',  ( 0.000000000000000000, -1.000000000000000000, 0.000000000000000000 ) ) ;
#174 = PERSON_AND_ORGANIZATION_ROLE ( 'design_owner' ) ;
#175 = DIRECTION ( 'NONE',  ( 0.000000000000000000, 0.000000000000000000, -1.000000000000000000 ) ) ;
#176 = VECTOR ( 'NONE', #927, 1000.000000000000000 ) ;
#177 = EDGE_LOOP ( 'NONE', ( #2744, #2049, #44, #2454, #156, #1459, #226, #208 ) ) ;
#178 = CARTESIAN_POINT ( 'NONE',  ( -28.58000000000000185, -3.627500000000000391, -5.580800000000003536 ) ) ;
#179 = VECTOR ( 'NONE', #989, 1000.000000000000000 ) ;
#180 = CIRCLE ( 'NONE', #4148, 0.1000000000000028644 ) ;
#181 = LINE ( 'NONE', #1076, #1561 ) ;
#182 = AXIS2_PLACEMENT_3D ( 'NONE', #889, #1222, #3129 ) ;
#183 = ORIENTED_EDGE ( 'NONE', *, *, #3486, .T. ) ;
#184 = EDGE_CURVE ( 'NONE', #921, #1731, #2157, .T. ) ;
#185 = SHAPE_REPRESENTATION_RELATIONSHIP ( 'NONE' , 'NONE' ,  #2674, #2526 ) ;
#186 = CARTESIAN_POINT ( 'NONE',  ( 35.73500000000007049, 0.8099999999999392131, 5.759999999999990905 ) ) ;
#187 = AXIS2_PLACEMENT_3D ( 'NONE', #1771, #1793, #3654 ) ;
#188 = CC_DESIGN_PERSON_AND_ORGANIZATION_ASSIGNMENT ( #958, #1269, ( #1903 ) ) ;
#189 = CARTESIAN_POINT ( 'NONE',  ( -0.4000000000000148992, 0.8099999999999999423, 2.099999999999987210 ) ) ;
#190 = EDGE_CURVE ( 'NONE', #4164, #631, #2480, .T. ) ;
#191 = ORIENTED_EDGE ( 'NONE', *, *, #2370, .F. ) ;
#192 = ORIENTED_EDGE ( 'NONE', *, *, #725, .T. ) ;
#193 = LINE ( 'NONE', #1753, #262 ) ;
#194 = CARTESIAN_POINT ( 'NONE',  ( -55.31733514603550361, -0.8700000000000009948, -63.65712399999999604 ) ) ;
#195 = ORIENTED_EDGE ( 'NONE', *, *, #3349, .T. ) ;
#196 = DIRECTION ( 'NONE',  ( 1.000000000000000000, -1.665334536937732641E-15, -1.164719755589288430E-16 ) ) ;
#197 = CARTESIAN_POINT ( 'NONE',  ( 26.36500000000004817, 0.9099999999999507372, 0.8999999999999910294 ) ) ;
#198 = CALENDAR_DATE ( 2022, 7, 1 ) ;
#199 = DIRECTION ( 'NONE',  ( 0.9565533191475035224, 0.000000000000000000, -0.2915574516761564317 ) ) ;
#200 = AXIS2_PLACEMENT_3D ( 'NONE', #1630, #3642, #1721 ) ;
#201 = ADVANCED_FACE ( 'NONE', ( #2455 ), #289, .T. ) ;
#202 = ORIENTED_EDGE ( 'NONE', *, *, #97, .F. ) ;
#203 = CARTESIAN_POINT ( 'NONE',  ( -28.58000000000000185, -3.627500000000000391, -5.580800000000003536 ) ) ;
#204 = ORIENTED_EDGE ( 'NONE', *, *, #2733, .T. ) ;
#205 = CARTESIAN_POINT ( 'NONE',  ( 35.32000000000006423, 0.9099999999999386358, 7.159999999999996589 ) ) ;
#206 = EDGE_CURVE ( 'NONE', #1000, #1014, #3765, .T. ) ;
#207 = EDGE_CURVE ( 'NONE', #1208, #2901, #3444, .T. ) ;
#208 = ORIENTED_EDGE ( 'NONE', *, *, #1275, .T. ) ;
#209 = ORIENTED_EDGE ( 'NONE', *, *, #108, .F. ) ;
#210 = DIRECTION ( 'NONE',  ( 1.000000000000000000, 0.000000000000000000, 0.000000000000000000 ) ) ;
#211 = LINE ( 'NONE', #1478, #1175 ) ;
#212 = VERTEX_POINT ( 'NONE', #3427 ) ;
#213 = CARTESIAN_POINT ( 'NONE',  ( 35.53500000000008185, 0.9099999999999386358, 5.759999999999998010 ) ) ;
#214 = CARTESIAN_POINT ( 'NONE',  ( 0.000000000000000000, 0.2992399999999992288, 0.000000000000000000 ) ) ;
#215 = CALENDAR_DATE ( 2022, 7, 1 ) ;
#216 = LINE ( 'NONE', #2124, #3464 ) ;
#217 = EDGE_LOOP ( 'NONE', ( #4160, #2910, #963, #3017 ) ) ;
#218 = VERTEX_POINT ( 'NONE', #2351 ) ;
#219 = LINE ( 'NONE', #2170, #77 ) ;
#220 = ADVANCED_FACE ( 'NONE', ( #2387 ), #1746, .F. ) ;
#221 = ORIENTED_EDGE ( 'NONE', *, *, #2389, .T. ) ;
#222 = APPROVAL_ROLE ( '' ) ;
#223 = CARTESIAN_POINT ( 'NONE',  ( -1.734723475976807094E-14, 1.409999999999999698, -40.42000000000000171 ) ) ;
#224 = ADVANCED_FACE ( 'NONE', ( #1411 ), #3629, .F. ) ;
#225 = CIRCLE ( 'NONE', #953, 0.5000000000000004441 ) ;
#226 = ORIENTED_EDGE ( 'NONE', *, *, #1774, .F. ) ;
#227 = LOCAL_TIME ( 16, 6, 30.00000000000000000, #3055 ) ;
#228 = CARTESIAN_POINT ( 'NONE',  ( 38.10000000000000142, -2.139999999999999680, -18.82277474571172959 ) ) ;
#229 = LINE ( 'NONE', #2481, #3012 ) ;
#230 = DIRECTION ( 'NONE',  ( -1.665334536937736783E-15, 1.000000000000000000, 0.000000000000000000 ) ) ;
#231 = VECTOR ( 'NONE', #158, 1000.000000000000000 ) ;
#232 = VECTOR ( 'NONE', #3157, 1000.000000000000000 ) ;
#233 = ORGANIZATION ( 'NAUO-ORG1', 'UNSPECIFIED', 'UNSPECIFIED' ) ;
#234 = CIRCLE ( 'NONE', #1902, 0.1999999999999987899 ) ;
#235 = ORIENTED_EDGE ( 'NONE', *, *, #3547, .T. ) ;
#236 = CYLINDRICAL_SURFACE ( 'NONE', #3668, 0.1999999999999987899 ) ;
#237 = LINE ( 'NONE', #779, #863 ) ;
#238 = APPROVAL_DATE_TIME ( #1786, #847 ) ;
#239 = ADVANCED_FACE ( 'NONE', ( #142 ), #1703, .T. ) ;
#240 = EDGE_CURVE ( 'NONE', #4152, #3694, #1056, .T. ) ;
#241 = DIRECTION ( 'NONE',  ( 1.665334536937736783E-15, -1.000000000000000000, 0.000000000000000000 ) ) ;
#242 = APPROVAL ( #2063, 'UNSPECIFIED' ) ;
#243 = EDGE_CURVE ( 'NONE', #2709, #1633, #3315, .T. ) ;
#244 = VERTEX_POINT ( 'NONE', #1320 ) ;
#245 = ORIENTED_EDGE ( 'NONE', *, *, #190, .T. ) ;
#246 = DIRECTION ( 'NONE',  ( 1.000000000000000000, -1.665334536937732641E-15, 0.000000000000000000 ) ) ;
#247 = ORIENTED_EDGE ( 'NONE', *, *, #2920, .T. ) ;
#248 = CIRCLE ( 'NONE', #2593, 0.8100000000000023848 ) ;
#249 = DATE_AND_TIME ( #2816, #3951 ) ;
#250 = LINE ( 'NONE', #2818, #2800 ) ;
#251 = VECTOR ( 'NONE', #2755, 1000.000000000000000 ) ;
#252 = ADVANCED_FACE ( 'NONE', ( #2997 ), #3903, .F. ) ;
#253 = ORIENTED_EDGE ( 'NONE', *, *, #2661, .F. ) ;
#254 = LINE ( 'NONE', #2517, #1828 ) ;
#255 = AXIS2_PLACEMENT_3D ( 'NONE', #2697, #4040, #3428 ) ;
#256 = DIRECTION ( 'NONE',  ( -1.000000000000000000, 1.665334536937732641E-15, -1.104919411450191227E-16 ) ) ;
#257 = ORIENTED_EDGE ( 'NONE', *, *, #3159, .F. ) ;
#258 = CARTESIAN_POINT ( 'NONE',  ( 38.10000000000008669, -3.469446951953614189E-15, -63.65712399999999604 ) ) ;
#259 = DIRECTION ( 'NONE',  ( 0.000000000000000000, -1.000000000000000000, 0.000000000000000000 ) ) ;
#260 = SECURITY_CLASSIFICATION_LEVEL ( 'unclassified' ) ;
#261 = ORIENTED_EDGE ( 'NONE', *, *, #2389, .F. ) ;
#262 = VECTOR ( 'NONE', #2114, 1000.000000000000000 ) ;
#264 = ADVANCED_FACE ( 'NONE', ( #412 ), #3648, .F. ) ;
#263 = EDGE_LOOP ( 'NONE', ( #2218, #85, #3413, #1985 ) ) ;
#265 = CARTESIAN_POINT ( 'NONE',  ( 38.10000000000008669, -0.8699999999999992184, -64.42712399999999207 ) ) ;
#266 = ORIENTED_EDGE ( 'NONE', *, *, #1792, .F. ) ;
#267 = PERSON_AND_ORGANIZATION ( #4035, #3412 ) ;
#268 = DIRECTION ( 'NONE',  ( 0.000000000000000000, -1.000000000000000000, 0.000000000000000000 ) ) ;
#269 = ORIENTED_EDGE ( 'NONE', *, *, #1846, .T. ) ;
#270 = CARTESIAN_POINT ( 'NONE',  ( 26.68000000000004945, 0.8099999999999478728, 5.959999999999996412 ) ) ;
#271 = DIRECTION ( 'NONE',  ( 0.000000000000000000, 0.000000000000000000, -1.000000000000000000 ) ) ;
#272 = DIRECTION ( 'NONE',  ( 0.000000000000000000, 0.000000000000000000, -1.000000000000000000 ) ) ;
#273 = EDGE_CURVE ( 'NONE', #545, #1208, #3580, .T. ) ;
#274 = ORIENTED_EDGE ( 'NONE', *, *, #2417, .F. ) ;
#275 = CARTESIAN_POINT ( 'NONE',  ( -31.59519999999999840, -3.627500000000000391, -3.741000000000001435 ) ) ;
#276 = CARTESIAN_POINT ( 'NONE',  ( -31.90000000000000568, -3.627500000000000391, -5.620600000000001373 ) ) ;
#277 = DATE_AND_TIME ( #1207, #1700 ) ;
#278 = EDGE_CURVE ( 'NONE', #3821, #693, #2047, .T. ) ;
#279 = AXIS2_PLACEMENT_3D ( 'NONE', #572, #3438, #1193 ) ;
#280 = VERTEX_POINT ( 'NONE', #122 ) ;
#281 = ORIENTED_EDGE ( 'NONE', *, *, #273, .F. ) ;
#282 = CARTESIAN_POINT ( 'NONE',  ( 38.20000000000000284, -4.309999999999999609, -9.290000000000020464 ) ) ;
#283 = ADVANCED_FACE ( 'NONE', ( #394 ), #1388, .T. ) ;
#284 = ORIENTED_EDGE ( 'NONE', *, *, #534, .F. ) ;
#285 = PERSON_AND_ORGANIZATION_ROLE ( 'creator' ) ;
#286 = CARTESIAN_POINT ( 'NONE',  ( -31.90000000000000568, -3.627500000000000391, -3.741000000000001435 ) ) ;
#287 = CC_DESIGN_DATE_AND_TIME_ASSIGNMENT ( #3802, #3779, ( #3049 ) ) ;
#288 = EDGE_LOOP ( 'NONE', ( #566, #4039, #1004, #4119 ) ) ;
#289 = CYLINDRICAL_SURFACE ( 'NONE', #2980, 0.09999999999999939493 ) ;
#290 = LINE ( 'NONE', #1559, #2399 ) ;
#291 = CARTESIAN_POINT ( 'NONE',  ( -55.31733514603551782, -1.834779999999999411, -18.50000000000000355 ) ) ;
#292 = EDGE_CURVE ( 'NONE', #1078, #2256, #2004, .T. ) ;
#293 = ORIENTED_EDGE ( 'NONE', *, *, #2588, .T. ) ;
#294 = CARTESIAN_POINT ( 'NONE',  ( 26.46500000000004604, 0.8099999999999478728, 7.159999999999996589 ) ) ;
#295 = DIRECTION ( 'NONE',  ( -1.000000000000000000, 1.665334536937732641E-15, 0.000000000000000000 ) ) ;
#296 = PERSON_AND_ORGANIZATION_ROLE ( 'creator' ) ;
#297 = APPROVAL_PERSON_ORGANIZATION ( #2747, #3786, #2487 ) ;
#298 = VECTOR ( 'NONE', #1729, 1000.000000000000000 ) ;
#299 = ORIENTED_EDGE ( 'NONE', *, *, #3333, .F. ) ;
#300 = CC_DESIGN_SECURITY_CLASSIFICATION ( #3663, ( #4169 ) ) ;
#301 = ORIENTED_EDGE ( 'NONE', *, *, #1259, .T. ) ;
#302 = CARTESIAN_POINT ( 'NONE',  ( 62.00000000000013500, 1.639999999999895097, -1.734723475976807094E-14 ) ) ;
#303 = EDGE_LOOP ( 'NONE', ( #385, #3760, #500, #27 ) ) ;
#304 = PERSON_AND_ORGANIZATION ( #4035, #3412 ) ;
#305 = DESIGN_CONTEXT ( 'detailed design', #795, 'design' ) ;
#306 = DIRECTION ( 'NONE',  ( 0.000000000000000000, 1.000000000000000000, -0.000000000000000000 ) ) ;
#307 = AXIS2_PLACEMENT_3D ( 'NONE', #840, #3418, #1804 ) ;
#308 = ADVANCED_FACE ( 'NONE', ( #1657 ), #94, .T. ) ;
#309 = ORIENTED_EDGE ( 'NONE', *, *, #2291, .F. ) ;
#310 = DIRECTION ( 'NONE',  ( 0.000000000000000000, 0.000000000000000000, -1.000000000000000000 ) ) ;
#311 = LINE ( 'NONE', #1582, #3601 ) ;
#312 = AXIS2_PLACEMENT_3D ( 'NONE', #2280, #71, #2592 ) ;
#313 = CIRCLE ( 'NONE', #3197, 0.5000000000000004441 ) ;
#314 = DIRECTION ( 'NONE',  ( 0.000000000000000000, 0.000000000000000000, -1.000000000000000000 ) ) ;
#315 = APPLICATION_CONTEXT ( 'configuration controlled 3d designs of mechanical parts and assemblies' ) ;
#316 = CIRCLE ( 'NONE', #2260, 0.7699999999999929123 ) ;
#317 = VERTEX_POINT ( 'NONE', #2664 ) ;
#318 = CARTESIAN_POINT ( 'NONE',  ( 19.64999999999999858, 0.000000000000000000, 8.749999999999998224 ) ) ;
#319 = DIRECTION ( 'NONE',  ( 0.000000000000000000, 0.000000000000000000, -1.000000000000000000 ) ) ;
#320 = DATE_AND_TIME ( #2587, #3585 ) ;
#321 = ORIENTED_EDGE ( 'NONE', *, *, #1510, .F. ) ;
#322 = ORIENTED_EDGE ( 'NONE', *, *, #1567, .F. ) ;
#323 = AXIS2_PLACEMENT_3D ( 'NONE', #3816, #2545, #295 ) ;
#324 = DIRECTION ( 'NONE',  ( 0.000000000000000000, 0.000000000000000000, 1.000000000000000000 ) ) ;
#325 = PLANE ( 'NONE',  #1574 ) ;
#326 = ADVANCED_FACE ( 'NONE', ( #2066 ), #3949, .T. ) ;
#327 = VECTOR ( 'NONE', #356, 1000.000000000000000 ) ;
#328 = AXIS2_PLACEMENT_3D ( 'NONE', #888, #2539, #310 ) ;
#329 = ORIENTED_EDGE ( 'NONE', *, *, #1345, .T. ) ;
#330 = PERSON_AND_ORGANIZATION ( #4035, #3412 ) ;
#331 = DIRECTION ( 'NONE',  ( 0.000000000000000000, 1.000000000000000000, -2.456429884329807030E-30 ) ) ;
#332 = VECTOR ( 'NONE', #467, 1000.000000000000000 ) ;
#333 = ORIENTED_EDGE ( 'NONE', *, *, #3403, .F. ) ;
#334 = CARTESIAN_POINT ( 'NONE',  ( 0.000000000000000000, 0.1100000000000007222, 0.000000000000000000 ) ) ;
#335 = EDGE_CURVE ( 'NONE', #3734, #3070, #1340, .T. ) ;
#336 = DIRECTION ( 'NONE',  ( 0.000000000000000000, 0.000000000000000000, -1.000000000000000000 ) ) ;
#337 = ORIENTED_EDGE ( 'NONE', *, *, #3655, .F. ) ;
#338 = LINE ( 'NONE', #2207, #2179 ) ;
#339 = DIRECTION ( 'NONE',  ( 0.000000000000000000, -0.000000000000000000, 1.000000000000000000 ) ) ;
#340 = APPROVAL_DATE_TIME ( #3221, #2290 ) ;
#341 = CC_DESIGN_PERSON_AND_ORGANIZATION_ASSIGNMENT ( #2553, #1916, ( #1155 ) ) ;
#342 = ORIENTED_EDGE ( 'NONE', *, *, #3660, .F. ) ;
#343 = ORIENTED_EDGE ( 'NONE', *, *, #942, .T. ) ;
#344 = DIRECTION ( 'NONE',  ( 0.000000000000000000, 0.000000000000000000, -1.000000000000000000 ) ) ;
#345 = DIRECTION ( 'NONE',  ( 0.000000000000000000, 0.000000000000000000, -1.000000000000000000 ) ) ;
#346 = EDGE_CURVE ( 'NONE', #2101, #2256, #3311, .T. ) ;
#347 = ORIENTED_EDGE ( 'NONE', *, *, #961, .F. ) ;
#348 = PERSON_AND_ORGANIZATION ( #4035, #3412 ) ;
#349 = EDGE_CURVE ( 'NONE', #2010, #45, #2490, .T. ) ;
#350 = FACE_OUTER_BOUND ( 'NONE', #1930, .T. ) ;
#351 = EDGE_LOOP ( 'NONE', ( #293, #3180, #1328, #1602 ) ) ;
#352 = LINE ( 'NONE', #1600, #1781 ) ;
#353 = LINE ( 'NONE', #2766, #3268 ) ;
#354 = ORIENTED_EDGE ( 'NONE', *, *, #564, .T. ) ;
#355 = DIRECTION ( 'NONE',  ( 0.000000000000000000, 0.000000000000000000, 1.000000000000000000 ) ) ;
#356 = DIRECTION ( 'NONE',  ( -1.000000000000000000, 0.000000000000000000, 0.000000000000000000 ) ) ;
#357 = ORIENTED_EDGE ( 'NONE', *, *, #3340, .T. ) ;
#358 = EDGE_CURVE ( 'NONE', #317, #3126, #3397, .T. ) ;
#359 = ORIENTED_EDGE ( 'NONE', *, *, #1705, .F. ) ;
#360 = CARTESIAN_POINT ( 'NONE',  ( 9.919639073094288431E-17, 19.05000000000000071, 0.8099999999999897282 ) ) ;
#361 = EDGE_CURVE ( 'NONE', #3948, #51, #219, .T. ) ;
#362 = LOCAL_TIME ( 16, 6, 30.00000000000000000, #484 ) ;
#363 = CARTESIAN_POINT ( 'NONE',  ( -28.65000000000000213, -3.327500000000000568, -6.001600000000022028 ) ) ;
#364 = APPROVAL ( #3237, 'UNKNOWN' ) ;
#365 = EDGE_CURVE ( 'NONE', #1672, #2537, #4097, .T. ) ;
#366 = FACE_OUTER_BOUND ( 'NONE', #3420, .T. ) ;
#367 = AXIS2_PLACEMENT_3D ( 'NONE', #818, #778, #1801 ) ;
#368 = LINE ( 'NONE', #1954, #1983 ) ;
#369 = ORIENTED_EDGE ( 'NONE', *, *, #487, .T. ) ;
#370 = CARTESIAN_POINT ( 'NONE',  ( 8.326672684688674053E-14, 0.1447800000000023513, -63.65712399999999604 ) ) ;
#371 = VECTOR ( 'NONE', #2485, 1000.000000000000000 ) ;
#372 = COORDINATED_UNIVERSAL_TIME_OFFSET ( 6, 0, .BEHIND. ) ;
#373 = CARTESIAN_POINT ( 'NONE',  ( -19.64999999999999858, 0.05000000000000000278, -9.250000000000000000 ) ) ;
#374 = CLOSED_SHELL ( 'NONE', ( #391, #2471, #635, #920, #1029, #283, #1755, #3984, #220, #3993, #1143, #2013, #470, #4064, #3348, #1479, #1575, #326, #3303, #462, #1062, #239, #1699, #308, #252, #2564, #3613 ) ) ;
#375 = ORIENTED_EDGE ( 'NONE', *, *, #652, .T. ) ;
#376 = DIRECTION ( 'NONE',  ( 1.665334536937736783E-15, -1.000000000000000000, 0.000000000000000000 ) ) ;
#377 = CARTESIAN_POINT ( 'NONE',  ( -31.59519999999999840, -3.627500000000000391, -5.620600000000001373 ) ) ;
#378 = EDGE_CURVE ( 'NONE', #1063, #147, #2427, .T. ) ;
#379 = AXIS2_PLACEMENT_3D ( 'NONE', #2786, #314, #1901 ) ;
#380 = ORIENTED_EDGE ( 'NONE', *, *, #2074, .T. ) ;
#381 = DIRECTION ( 'NONE',  ( 1.000000000000000000, 0.000000000000000000, 0.000000000000000000 ) ) ;
#382 = VECTOR ( 'NONE', #1468, 1000.000000000000000 ) ;
#383 = DIRECTION ( 'NONE',  ( 1.000000000000000000, 0.000000000000000000, 0.000000000000000000 ) ) ;
#384 = VECTOR ( 'NONE', #2662, 1000.000000000000000 ) ;
#385 = ORIENTED_EDGE ( 'NONE', *, *, #409, .F. ) ;
#386 = VERTEX_POINT ( 'NONE', #203 ) ;
#387 = LINE ( 'NONE', #2991, #2037 ) ;
#388 = CARTESIAN_POINT ( 'NONE',  ( -1.734723475976807094E-14, 1.639999999999999014, 0.000000000000000000 ) ) ;
#389 = CC_DESIGN_APPROVAL ( #2834, ( #3016 ) ) ;
#390 = PLANE ( 'NONE',  #3196 ) ;
#391 = ADVANCED_FACE ( 'NONE', ( #3421 ), #2469, .T. ) ;
#392 = DIRECTION ( 'NONE',  ( 0.000000000000000000, -1.000000000000000000, 0.000000000000000000 ) ) ;
#393 = ORIENTED_EDGE ( 'NONE', *, *, #670, .T. ) ;
#394 = FACE_OUTER_BOUND ( 'NONE', #141, .T. ) ;
#395 = DIRECTION ( 'NONE',  ( -0.000000000000000000, 1.000000000000000000, -0.000000000000000000 ) ) ;
#396 = ORIENTED_EDGE ( 'NONE', *, *, #1534, .T. ) ;
#397 =( NAMED_UNIT ( * ) SI_UNIT ( $, .STERADIAN. ) SOLID_ANGLE_UNIT ( ) );
#398 = PLANE ( 'NONE',  #2801 ) ;
#399 = LINE ( 'NONE', #2672, #1301 ) ;
#400 = ORIENTED_EDGE ( 'NONE', *, *, #3747, .T. ) ;
#401 = CARTESIAN_POINT ( 'NONE',  ( 28.35000000000005116, 0.8099999999999478728, 15.69999999999999574 ) ) ;
#402 = DIRECTION ( 'NONE',  ( 0.000000000000000000, 0.000000000000000000, 1.000000000000000000 ) ) ;
#403 = EDGE_CURVE ( 'NONE', #2550, #2966, #3081, .T. ) ;
#404 = EDGE_LOOP ( 'NONE', ( #2148, #3923, #2083, #724 ) ) ;
#405 = ORIENTED_EDGE ( 'NONE', *, *, #3638, .T. ) ;
#406 = LINE ( 'NONE', #1972, #3455 ) ;
#407 = DIRECTION ( 'NONE',  ( 1.665334536937736783E-15, -1.000000000000000000, 0.000000000000000000 ) ) ;
#408 = LINE ( 'NONE', #1631, #1984 ) ;
#409 = EDGE_CURVE ( 'NONE', #280, #3640, #2086, .T. ) ;
#410 = CARTESIAN_POINT ( 'NONE',  ( 38.10000000000000142, -1.799827313399109174, -18.70103366078729934 ) ) ;
#411 = ORIENTED_EDGE ( 'NONE', *, *, #240, .T. ) ;
#412 = FACE_OUTER_BOUND ( 'NONE', #3204, .T. ) ;
#413 = DIRECTION ( 'NONE',  ( 0.000000000000000000, 0.000000000000000000, -1.000000000000000000 ) ) ;
#414 = ORIENTED_EDGE ( 'NONE', *, *, #2774, .F. ) ;
#415 = VECTOR ( 'NONE', #552, 1000.000000000000000 ) ;
#416 =( LENGTH_UNIT ( ) NAMED_UNIT ( * ) SI_UNIT ( .MILLI., .METRE. ) );
#417 = EDGE_CURVE ( 'NONE', #767, #1679, #843, .T. ) ;
#418 = CARTESIAN_POINT ( 'NONE',  ( 35.32000000000009976, 0.9099999999999386358, 5.959999999999996412 ) ) ;
#419 = CC_DESIGN_PERSON_AND_ORGANIZATION_ASSIGNMENT ( #1536, #1239, ( #2127 ) ) ;
#420 = FACE_OUTER_BOUND ( 'NONE', #3621, .T. ) ;
#421 = ORIENTED_EDGE ( 'NONE', *, *, #3181, .T. ) ;
#422 = PLANE ( 'NONE',  #2059 ) ;
#423 = CARTESIAN_POINT ( 'NONE',  ( 0.000000000000000000, -1.334780000000000744, -18.50000000000000355 ) ) ;
#424 = ORIENTED_EDGE ( 'NONE', *, *, #2770, .T. ) ;
#425 = ORIENTED_EDGE ( 'NONE', *, *, #3913, .T. ) ;
#426 = LINE ( 'NONE', #2658, #2449 ) ;
#427 = DIRECTION ( 'NONE',  ( 1.665334536937736783E-15, -1.000000000000000000, 0.000000000000000000 ) ) ;
#428 = DIRECTION ( 'NONE',  ( 0.000000000000000000, 0.000000000000000000, 1.000000000000000000 ) ) ;
#429 = AXIS2_PLACEMENT_3D ( 'NONE', #3291, #3019, #2977 ) ;
#430 = CARTESIAN_POINT ( 'NONE',  ( 0.000000000000000000, 0.000000000000000000, -62.39999999999999858 ) ) ;
#431 = LOCAL_TIME ( 16, 6, 30.00000000000000000, #1278 ) ;
#432 = ORIENTED_EDGE ( 'NONE', *, *, #4109, .T. ) ;
#433 = CARTESIAN_POINT ( 'NONE',  ( 0.000000000000000000, 0.000000000000000000, 0.000000000000000000 ) ) ;
#434 = CARTESIAN_POINT ( 'NONE',  ( 35.73500000000010601, 0.8099999999999392131, 2.099999999999987210 ) ) ;
#435 = SECURITY_CLASSIFICATION ( '', '', #2033 ) ;
#436 = ORIENTED_EDGE ( 'NONE', *, *, #2954, .F. ) ;
#437 = LOCAL_TIME ( 16, 6, 30.00000000000000000, #2631 ) ;
#438 =( NAMED_UNIT ( * ) SI_UNIT ( $, .STERADIAN. ) SOLID_ANGLE_UNIT ( ) );
#439 = DIRECTION ( 'NONE',  ( -1.508455196501571306E-17, 0.000000000000000000, -1.000000000000000000 ) ) ;
#440 = DIRECTION ( 'NONE',  ( 0.000000000000000000, 1.000000000000000000, 0.000000000000000000 ) ) ;
#441 = VERTEX_POINT ( 'NONE', #2751 ) ;
#442 = LINE ( 'NONE', #1711, #2408 ) ;
#443 = DIRECTION ( 'NONE',  ( 0.000000000000000000, -0.000000000000000000, 1.000000000000000000 ) ) ;
#444 = AXIS2_PLACEMENT_3D ( 'NONE', #3003, #1666, #3566 ) ;
#445 = ORIENTED_EDGE ( 'NONE', *, *, #2855, .T. ) ;
#446 = CARTESIAN_POINT ( 'NONE',  ( 28.35000000000005116, 0.9099999999999490718, 15.59999999999999254 ) ) ;
#447 = DIRECTION ( 'NONE',  ( 0.000000000000000000, 0.000000000000000000, 1.000000000000000000 ) ) ;
#448 = APPROVAL_ROLE ( '' ) ;
#449 = CARTESIAN_POINT ( 'NONE',  ( -31.90000000000000568, -3.327500000000000568, -5.925400000000000666 ) ) ;
#450 = VECTOR ( 'NONE', #3564, 1000.000000000000000 ) ;
#451 = ORIENTED_EDGE ( 'NONE', *, *, #846, .F. ) ;
#452 = VECTOR ( 'NONE', #148, 1000.000000000000000 ) ;
#453 = CARTESIAN_POINT ( 'NONE',  ( -31.90000000000000568, -3.627500000000000391, -3.436200000000000365 ) ) ;
#454 = LINE ( 'NONE', #4014, #3661 ) ;
#455 = ORIENTED_EDGE ( 'NONE', *, *, #3184, .T. ) ;
#456 = VECTOR ( 'NONE', #3493, 1000.000000000000000 ) ;
#457 = CARTESIAN_POINT ( 'NONE',  ( 0.000000000000000000, 0.1100000000000007222, 0.000000000000000000 ) ) ;
#458 = CARTESIAN_POINT ( 'NONE',  ( 0.000000000000000000, 0.000000000000000000, 0.000000000000000000 ) ) ;
#459 = VECTOR ( 'NONE', #2968, 1000.000000000000000 ) ;
#460 = AXIS2_PLACEMENT_3D ( 'NONE', #2263, #3548, #1986 ) ;
#461 = ORIENTED_EDGE ( 'NONE', *, *, #1194, .T. ) ;
#462 = ADVANCED_FACE ( 'NONE', ( #3695 ), #2149, .T. ) ;
#463 = DIRECTION ( 'NONE',  ( 0.000000000000000000, 0.000000000000000000, 1.000000000000000000 ) ) ;
#464 = CARTESIAN_POINT ( 'NONE',  ( 19.14999999999999858, 0.000000000000000000, -8.749999999999998224 ) ) ;
#465 = ORIENTED_EDGE ( 'NONE', *, *, #2860, .F. ) ;
#466 = FACE_OUTER_BOUND ( 'NONE', #3230, .T. ) ;
#467 = DIRECTION ( 'NONE',  ( -8.673617379884032317E-15, 0.000000000000000000, -1.000000000000000000 ) ) ;
#468 = APPROVAL_DATE_TIME ( #3246, #1634 ) ;
#469 = DIRECTION ( 'NONE',  ( 0.000000000000000000, -4.836480022654967556E-18, -1.000000000000000000 ) ) ;
#470 = ADVANCED_FACE ( 'NONE', ( #1157 ), #823, .F. ) ;
#471 = VERTEX_POINT ( 'NONE', #533 ) ;
#472 = DIRECTION ( 'NONE',  ( 0.000000000000000000, 0.000000000000000000, -1.000000000000000000 ) ) ;
#473 = EDGE_CURVE ( 'NONE', #3151, #1208, #157, .T. ) ;
#474 = LINE ( 'NONE', #1766, #231 ) ;
#475 = ORIENTED_EDGE ( 'NONE', *, *, #1743, .F. ) ;
#476 = DIRECTION ( 'NONE',  ( -1.000000000000000000, 1.665334536937732641E-15, 0.000000000000000000 ) ) ;
#477 = LINE ( 'NONE', #2433, #1912 ) ;
#478 = ORIENTED_EDGE ( 'NONE', *, *, #527, .F. ) ;
#479 = FACE_OUTER_BOUND ( 'NONE', #2006, .T. ) ;
#480 = FACE_OUTER_BOUND ( 'NONE', #2634, .T. ) ;
#481 = ORIENTED_EDGE ( 'NONE', *, *, #765, .F. ) ;
#482 = CARTESIAN_POINT ( 'NONE',  ( 28.25000000000005329, 0.8099999999999478728, 11.09999999999999609 ) ) ;
#483 = LINE ( 'NONE', #1448, #3542 ) ;
#484 = COORDINATED_UNIVERSAL_TIME_OFFSET ( 6, 0, .BEHIND. ) ;
#485 = LINE ( 'NONE', #1116, #514 ) ;
#486 = EDGE_CURVE ( 'NONE', #2131, #2285, #3735, .T. ) ;
#487 = EDGE_CURVE ( 'NONE', #488, #3234, #3302, .T. ) ;
#488 = VERTEX_POINT ( 'NONE', #1764 ) ;
#489 = CC_DESIGN_DATE_AND_TIME_ASSIGNMENT ( #569, #4048, ( #1533 ) ) ;
#490 = DIRECTION ( 'NONE',  ( 0.000000000000000000, -0.000000000000000000, 1.000000000000000000 ) ) ;
#491 = EDGE_CURVE ( 'NONE', #2696, #386, #3059, .T. ) ;
#492 = DIRECTION ( 'NONE',  ( 0.000000000000000000, -0.000000000000000000, 1.000000000000000000 ) ) ;
#493 = ORIENTED_EDGE ( 'NONE', *, *, #3626, .T. ) ;
#494 = DIRECTION ( 'NONE',  ( 0.000000000000000000, 0.000000000000000000, 1.000000000000000000 ) ) ;
#495 = CC_DESIGN_APPROVAL ( #847, ( #1586 ) ) ;
#496 = CARTESIAN_POINT ( 'NONE',  ( -31.89999999999999147, -3.628499999999999837, -5.580800000000003536 ) ) ;
#497 = LINE ( 'NONE', #1161, #3193 ) ;
#498 = VECTOR ( 'NONE', #492, 1000.000000000000000 ) ;
#499 = ORIENTED_EDGE ( 'NONE', *, *, #2891, .T. ) ;
#500 = ORIENTED_EDGE ( 'NONE', *, *, #1275, .F. ) ;
#501 = CARTESIAN_POINT ( 'NONE',  ( 0.000000000000000000, 0.000000000000000000, 0.000000000000000000 ) ) ;
#502 = DIRECTION ( 'NONE',  ( 0.000000000000000000, 0.000000000000000000, -1.000000000000000000 ) ) ;
#503 = ADVANCED_FACE ( 'NONE', ( #512 ), #1452, .T. ) ;
#504 = VECTOR ( 'NONE', #2862, 1000.000000000000000 ) ;
#505 = EDGE_LOOP ( 'NONE', ( #3117, #2014, #333, #322, #520, #2876 ) ) ;
#506 = CARTESIAN_POINT ( 'NONE',  ( -0.4000000000000148992, 0.8099999999999999423, -40.72000000000000597 ) ) ;
#507 = CARTESIAN_POINT ( 'NONE',  ( 0.1000000000000028644, -3.627500000000000391, -6.001600000000000712 ) ) ;
#508 = PERSON_AND_ORGANIZATION ( #4035, #3412 ) ;
#509 = CARTESIAN_POINT ( 'NONE',  ( 28.25000000000005684, 0.9099999999999490718, 11.09999999999999609 ) ) ;
#510 = VECTOR ( 'NONE', #2072, 1000.000000000000000 ) ;
#511 = ORIENTED_EDGE ( 'NONE', *, *, #2400, .F. ) ;
#512 = FACE_OUTER_BOUND ( 'NONE', #1232, .T. ) ;
#513 = VECTOR ( 'NONE', #2694, 1000.000000000000000 ) ;
#514 = VECTOR ( 'NONE', #3332, 1000.000000000000000 ) ;
#515 = ADVANCED_FACE ( 'NONE', ( #2791 ), #1807, .T. ) ;
#516 = VECTOR ( 'NONE', #3367, 1000.000000000000000 ) ;
#517 = ORIENTED_EDGE ( 'NONE', *, *, #1670, .F. ) ;
#518 = APPLICATION_PROTOCOL_DEFINITION ( 'international standard', 'config_control_design', 1994, #3407 ) ;
#519 = CARTESIAN_POINT ( 'NONE',  ( 26.68000000000004945, 0.8099999999999478728, 6.559999999999992504 ) ) ;
#520 = ORIENTED_EDGE ( 'NONE', *, *, #3340, .F. ) ;
#521 = AXIS2_PLACEMENT_3D ( 'NONE', #1502, #173, #3433 ) ;
#522 = ORIENTED_EDGE ( 'NONE', *, *, #2417, .T. ) ;
#523 = CARTESIAN_POINT ( 'NONE',  ( -55.31733514603550361, -0.8699999999999992184, -64.42712399999999207 ) ) ;
#524 = CARTESIAN_POINT ( 'NONE',  ( -19.14999999999999858, 0.000000000000000000, 8.749999999999996447 ) ) ;
#525 = ORIENTED_EDGE ( 'NONE', *, *, #2583, .T. ) ;
#526 = PLANE ( 'NONE',  #3998 ) ;
#527 = EDGE_CURVE ( 'NONE', #2705, #1942, #1550, .T. ) ;
#528 = CARTESIAN_POINT ( 'NONE',  ( 62.40000000000013358, 0.1099999999998966388, -40.72000000000000597 ) ) ;
#529 = PERSON_AND_ORGANIZATION ( #4035, #3412 ) ;
#530 = PLANE ( 'NONE',  #1235 ) ;
#531 = VECTOR ( 'NONE', #407, 1000.000000000000000 ) ;
#532 = ORIENTED_EDGE ( 'NONE', *, *, #728, .T. ) ;
#533 = CARTESIAN_POINT ( 'NONE',  ( 8.326672684688674053E-14, -0.8699999999999992184, -64.42712399999999207 ) ) ;
#534 = EDGE_CURVE ( 'NONE', #2192, #1646, #3662, .T. ) ;
#535 = VERTEX_POINT ( 'NONE', #1273 ) ;
#536 = CALENDAR_DATE ( 2022, 7, 1 ) ;
#537 = DIRECTION ( 'NONE',  ( 0.000000000000000000, 1.000000000000000000, -0.000000000000000000 ) ) ;
#538 = ORIENTED_EDGE ( 'NONE', *, *, #668, .F. ) ;
#539 = EDGE_CURVE ( 'NONE', #3503, #1014, #2381, .T. ) ;
#540 = DIRECTION ( 'NONE',  ( 0.000000000000000000, -0.000000000000000000, 1.000000000000000000 ) ) ;
#541 = CARTESIAN_POINT ( 'NONE',  ( -19.14999999999999858, 0.000000000000000000, 9.249999999999996447 ) ) ;
#542 = CC_DESIGN_PERSON_AND_ORGANIZATION_ASSIGNMENT ( #529, #1133, ( #2102 ) ) ;
#543 = CARTESIAN_POINT ( 'NONE',  ( 26.26500000000005031, 0.8099999999999478728, 0.9999999999999765743 ) ) ;
#544 = EDGE_CURVE ( 'NONE', #2169, #3837, #2212, .T. ) ;
#545 = VERTEX_POINT ( 'NONE', #1210 ) ;
#546 = CARTESIAN_POINT ( 'NONE',  ( 0.1000000000000028644, -3.492500000000000604, -3.360000000000002096 ) ) ;
#547 = DIRECTION ( 'NONE',  ( 0.000000000000000000, 0.000000000000000000, 1.000000000000000000 ) ) ;
#548 = DATE_TIME_ROLE ( 'creation_date' ) ;
#549 = CARTESIAN_POINT ( 'NONE',  ( 0.000000000000000000, 0.000000000000000000, -62.39999999999999858 ) ) ;
#550 = ORIENTED_EDGE ( 'NONE', *, *, #1658, .T. ) ;
#551 = ORIENTED_EDGE ( 'NONE', *, *, #2547, .T. ) ;
#552 = DIRECTION ( 'NONE',  ( 1.665334536937736783E-15, -1.000000000000000000, 0.000000000000000000 ) ) ;
#553 = ORIENTED_EDGE ( 'NONE', *, *, #1816, .F. ) ;
#554 = APPROVAL_DATE_TIME ( #3183, #3890 ) ;
#555 = CARTESIAN_POINT ( 'NONE',  ( 19.14999999999999858, 0.05000000000000000278, -9.250000000000000000 ) ) ;
#556 = ORIENTED_EDGE ( 'NONE', *, *, #491, .F. ) ;
#557 = APPROVAL_PERSON_ORGANIZATION ( #2383, #159, #2890 ) ;
#558 = DIRECTION ( 'NONE',  ( 0.000000000000000000, 0.000000000000000000, -1.000000000000000000 ) ) ;
#559 = CARTESIAN_POINT ( 'NONE',  ( 0.1000000000000028644, -3.492500000000000604, -3.360000000000002096 ) ) ;
#560 = CARTESIAN_POINT ( 'NONE',  ( -0.3999999999999975797, 0.1100000000000007222, -40.72000000000000597 ) ) ;
#561 = VECTOR ( 'NONE', #2005, 1000.000000000000000 ) ;
#562 = VECTOR ( 'NONE', #2193, 1000.000000000000000 ) ;
#563 = LOCAL_TIME ( 16, 6, 30.00000000000000000, #2652 ) ;
#564 = EDGE_CURVE ( 'NONE', #2479, #1825, #1593, .T. ) ;
#565 = AXIS2_PLACEMENT_3D ( 'NONE', #506, #196, #1465 ) ;
#566 = ORIENTED_EDGE ( 'NONE', *, *, #4073, .T. ) ;
#567 = DIRECTION ( 'NONE',  ( -0.000000000000000000, -1.000000000000000000, 0.000000000000000000 ) ) ;
#568 = CARTESIAN_POINT ( 'NONE',  ( 26.36500000000004817, 0.9099999999999507372, 8.799999999999991829 ) ) ;
#569 = DATE_AND_TIME ( #3452, #3725 ) ;
#570 = VERTEX_POINT ( 'NONE', #677 ) ;
#571 = ORIENTED_EDGE ( 'NONE', *, *, #243, .F. ) ;
#572 = CARTESIAN_POINT ( 'NONE',  ( 0.1000000000000028644, -3.627500000000000391, -6.001600000000000712 ) ) ;
#573 = CIRCLE ( 'NONE', #110, 0.09999999999999939493 ) ;
#574 = ORIENTED_EDGE ( 'NONE', *, *, #3040, .F. ) ;
#575 = VECTOR ( 'NONE', #1247, 1000.000000000000000 ) ;
#576 = COORDINATED_UNIVERSAL_TIME_OFFSET ( 6, 0, .BEHIND. ) ;
#577 = DIRECTION ( 'NONE',  ( -0.000000000000000000, 0.000000000000000000, -1.000000000000000000 ) ) ;
#578 = CIRCLE ( 'NONE', #1041, 0.09999999999999982514 ) ;
#579 = ORIENTED_EDGE ( 'NONE', *, *, #1327, .T. ) ;
#580 = LINE ( 'NONE', #853, #18 ) ;
#581 = CIRCLE ( 'NONE', #1391, 0.5000000000000004441 ) ;
#582 = PLANE ( 'NONE',  #328 ) ;
#583 = PLANE ( 'NONE',  #3537 ) ;
#584 = EDGE_CURVE ( 'NONE', #2615, #631, #2252, .T. ) ;
#585 = ADVANCED_FACE ( 'NONE', ( #1932 ), #3516, .F. ) ;
#586 = ORIENTED_EDGE ( 'NONE', *, *, #584, .T. ) ;
#587 = DIRECTION ( 'NONE',  ( -1.665334536937736783E-15, 1.000000000000000000, 0.000000000000000000 ) ) ;
#588 = FACE_OUTER_BOUND ( 'NONE', #2793, .T. ) ;
#589 = APPROVAL_ROLE ( '' ) ;
#590 = PRODUCT ( '13135-01_T1', '13135-01_T1', '', ( #1169 ) ) ;
#591 = ORIENTED_EDGE ( 'NONE', *, *, #898, .F. ) ;
#592 = ORIENTED_EDGE ( 'NONE', *, *, #1531, .T. ) ;
#593 = LINE ( 'NONE', #965, #3999 ) ;
#594 = PRODUCT_RELATED_PRODUCT_CATEGORY ( 'detail', '', ( #3144 ) ) ;
#595 = EDGE_CURVE ( 'NONE', #1428, #3503, #2551, .T. ) ;
#596 = VERTEX_POINT ( 'NONE', #3 ) ;
#597 = CALENDAR_DATE ( 2022, 7, 1 ) ;
#598 = CARTESIAN_POINT ( 'NONE',  ( 28.22460150567394876, 0.8099999999999478728, 11.03340709233567907 ) ) ;
#599 = EDGE_LOOP ( 'NONE', ( #2868, #1599, #1569, #3280, #1667, #1609, #1486, #3977 ) ) ;
#600 = CARTESIAN_POINT ( 'NONE',  ( 35.73500000000007049, 0.9099999999999386358, 7.359999999999994991 ) ) ;
#601 = CARTESIAN_POINT ( 'NONE',  ( -31.90000000000000568, -3.627500000000000391, -5.925400000000000666 ) ) ;
#602 = CARTESIAN_POINT ( 'NONE',  ( 35.70960150567400149, 0.8099999999999392131, 8.866592907664301748 ) ) ;
#603 = ORIENTED_EDGE ( 'NONE', *, *, #184, .T. ) ;
#604 = DIRECTION ( 'NONE',  ( 1.000000000000000000, -1.665334536937732641E-15, 0.000000000000000000 ) ) ;
#605 = DIRECTION ( 'NONE',  ( 0.000000000000000000, 0.000000000000000000, 1.000000000000000000 ) ) ;
#606 = APPROVAL_DATE_TIME ( #320, #3912 ) ;
#607 = VECTOR ( 'NONE', #3273, 1000.000000000000000 ) ;
#608 = ORIENTED_EDGE ( 'NONE', *, *, #527, .T. ) ;
#609 = EDGE_LOOP ( 'NONE', ( #357, #4031, #13, #2113 ) ) ;
#610 = DIRECTION ( 'NONE',  ( 0.000000000000000000, 0.000000000000000000, 1.000000000000000000 ) ) ;
#611 = EDGE_CURVE ( 'NONE', #2970, #1692, #593, .T. ) ;
#612 = PERSON ( 'NAUO-PER2', 'UNSPECIFIED', 'UNSPECIFIED', ('UNSPECIFIED'), ('UNSPECIFIED'), ('UNSPECIFIED') ) ;
#613 = EDGE_CURVE ( 'NONE', #1692, #1909, #3841, .T. ) ;
#614 = VERTEX_POINT ( 'NONE', #2847 ) ;
#615 = COORDINATED_UNIVERSAL_TIME_OFFSET ( 6, 0, .BEHIND. ) ;
#616 = DIRECTION ( 'NONE',  ( 1.665334536937736783E-15, -1.000000000000000000, 0.000000000000000000 ) ) ;
#617 = VERTEX_POINT ( 'NONE', #302 ) ;
#618 = CARTESIAN_POINT ( 'NONE',  ( 38.10000000000000142, -1.690000000000000613, -18.50000000000000355 ) ) ;
#619 = CARTESIAN_POINT ( 'NONE',  ( 26.26500000000005031, 0.8099999999999478728, 7.359999999999994991 ) ) ;
#620 = CARTESIAN_POINT ( 'NONE',  ( -28.90000000000000213, -3.327500000000000568, -5.925400000000021983 ) ) ;
#621 = PLANE ( 'NONE',  #307 ) ;
#622 = VECTOR ( 'NONE', #1496, 1000.000000000000000 ) ;
#623 = EDGE_CURVE ( 'NONE', #2897, #3821, #891, .T. ) ;
#624 = VERTEX_POINT ( 'NONE', #282 ) ;
#625 = CARTESIAN_POINT ( 'NONE',  ( 19.64999999999999858, 0.000000000000000000, -9.250000000000000000 ) ) ;
#626 = LINE ( 'NONE', #1251, #3954 ) ;
#627 = DATE_TIME_ROLE ( 'classification_date' ) ;
#628 = APPROVAL_PERSON_ORGANIZATION ( #2465, #847, #1503 ) ;
#629 = AXIS2_PLACEMENT_3D ( 'NONE', #746, #2023, #2959 ) ;
#630 = EDGE_LOOP ( 'NONE', ( #2552, #2827, #465, #1418 ) ) ;
#631 = VERTEX_POINT ( 'NONE', #632 ) ;
#632 = CARTESIAN_POINT ( 'NONE',  ( 38.10000000000000142, -1.690000000000000613, -9.290000000000020464 ) ) ;
#633 = FACE_OUTER_BOUND ( 'NONE', #630, .T. ) ;
#634 = VERTEX_POINT ( 'NONE', #265 ) ;
#635 = ADVANCED_FACE ( 'NONE', ( #2506 ), #1910, .T. ) ;
#636 = APPROVAL_STATUS ( 'not_yet_approved' ) ;
#637 = DIRECTION ( 'NONE',  ( 1.000000000000000000, 0.000000000000000000, 0.000000000000000000 ) ) ;
#638 = AXIS2_PLACEMENT_3D ( 'NONE', #2943, #1644, #708 ) ;
#639 = ORIENTED_EDGE ( 'NONE', *, *, #1953, .T. ) ;
#640 = CARTESIAN_POINT ( 'NONE',  ( 26.26500000000005031, 0.9099999999999507372, 0.9999999999999765743 ) ) ;
#641 = DIRECTION ( 'NONE',  ( 0.000000000000000000, 0.000000000000000000, -1.000000000000000000 ) ) ;
#642 = VECTOR ( 'NONE', #3979, 1000.000000000000000 ) ;
#643 = DIRECTION ( 'NONE',  ( 0.000000000000000000, -0.000000000000000000, 1.000000000000000000 ) ) ;
#644 = AXIS2_PLACEMENT_3D ( 'NONE', #3983, #1084, #774 ) ;
#645 = VECTOR ( 'NONE', #2057, 1000.000000000000000 ) ;
#646 = EDGE_CURVE ( 'NONE', #693, #2970, #959, .T. ) ;
#647 = ORIENTED_EDGE ( 'NONE', *, *, #1408, .F. ) ;
#648 = CARTESIAN_POINT ( 'NONE',  ( -19.14999999999999858, 0.05000000000000000278, 9.249999999999996447 ) ) ;
#649 = DIRECTION ( 'NONE',  ( 1.665334536937736783E-15, -1.000000000000000000, 0.000000000000000000 ) ) ;
#650 = ITEM_DEFINED_TRANSFORMATION ( 'NONE', 'NONE', #1383,  #721 ) ;
#651 =( GEOMETRIC_REPRESENTATION_CONTEXT ( 3 ) GLOBAL_UNCERTAINTY_ASSIGNED_CONTEXT ( ( #1819 ) ) GLOBAL_UNIT_ASSIGNED_CONTEXT ( ( #768, #2050, #4018 ) ) REPRESENTATION_CONTEXT ( 'NONE', 'WORKASPACE' ) );
#652 = EDGE_CURVE ( 'NONE', #1192, #4096, #2231, .T. ) ;
#653 = ORIENTED_EDGE ( 'NONE', *, *, #2749, .F. ) ;
#654 = ORIENTED_EDGE ( 'NONE', *, *, #1217, .T. ) ;
#655 = CIRCLE ( 'NONE', #3008, 0.1000000000000014488 ) ;
#656 = DIRECTION ( 'NONE',  ( -1.000000000000000000, 1.665334536937732641E-15, 0.000000000000000000 ) ) ;
#657 = FACE_OUTER_BOUND ( 'NONE', #2960, .T. ) ;
#658 = VECTOR ( 'NONE', #1002, 1000.000000000000000 ) ;
#659 = VECTOR ( 'NONE', #792, 1000.000000000000000 ) ;
#660 = ORIENTED_EDGE ( 'NONE', *, *, #4109, .F. ) ;
#661 = ADVANCED_FACE ( 'NONE', ( #3878 ), #3498, .F. ) ;
#662 = APPROVAL_DATE_TIME ( #3541, #159 ) ;
#663 = PLANE ( 'NONE',  #3249 ) ;
#664 = ORIENTED_EDGE ( 'NONE', *, *, #3161, .T. ) ;
#665 = CARTESIAN_POINT ( 'NONE',  ( 19.14999999999999858, 0.05000000000000000278, -8.749999999999998224 ) ) ;
#666 = CARTESIAN_POINT ( 'NONE',  ( 26.26500000000006452, 0.9099999999999507372, 7.359999999999994991 ) ) ;
#667 = EDGE_CURVE ( 'NONE', #631, #86, #2279, .T. ) ;
#668 = EDGE_CURVE ( 'NONE', #135, #2479, #2363, .T. ) ;
#669 = APPROVAL ( #4113, 'UNSPECIFIED' ) ;
#670 = EDGE_CURVE ( 'NONE', #986, #4074, #3283, .T. ) ;
#671 = ORIENTED_EDGE ( 'NONE', *, *, #155, .T. ) ;
#672 = DIRECTION ( 'NONE',  ( 1.000000000000000000, -1.665334536937732641E-15, 0.000000000000000000 ) ) ;
#673 = DIRECTION ( 'NONE',  ( -1.000000000000000000, -0.000000000000000000, -0.000000000000000000 ) ) ;
#674 = ORIENTED_EDGE ( 'NONE', *, *, #1407, .F. ) ;
#675 = ORIENTED_EDGE ( 'NONE', *, *, #652, .F. ) ;
#676 = DIRECTION ( 'NONE',  ( 0.000000000000000000, -0.000000000000000000, 1.000000000000000000 ) ) ;
#677 = CARTESIAN_POINT ( 'NONE',  ( -28.39479999999998938, -3.327500000000000568, -3.360000000000002096 ) ) ;
#678 = CARTESIAN_POINT ( 'NONE',  ( 35.32000000000009976, 0.9099999999999386358, 5.959999999999996412 ) ) ;
#679 = DIRECTION ( 'NONE',  ( 1.000000000000000000, 0.000000000000000000, 0.000000000000000000 ) ) ;
#680 = VERTEX_POINT ( 'NONE', #47 ) ;
#681 = ADVANCED_FACE ( 'NONE', ( #3265 ), #70, .T. ) ;
#682 = PERSON_AND_ORGANIZATION_ROLE ( 'design_owner' ) ;
#683 = CARTESIAN_POINT ( 'NONE',  ( 0.000000000000000000, -1.834779999999999411, -18.50000000000000355 ) ) ;
#684 = ORIENTED_EDGE ( 'NONE', *, *, #2316, .F. ) ;
#685 = DIRECTION ( 'NONE',  ( 0.000000000000000000, -0.000000000000000000, 1.000000000000000000 ) ) ;
#686 = CARTESIAN_POINT ( 'NONE',  ( 35.63500000000010459, 0.8099999999999392131, 0.8999999999999910294 ) ) ;
#687 = ORIENTED_EDGE ( 'NONE', *, *, #3159, .T. ) ;
#688 = DIRECTION ( 'NONE',  ( 0.000000000000000000, -0.000000000000000000, 1.000000000000000000 ) ) ;
#689 = FACE_OUTER_BOUND ( 'NONE', #1398, .T. ) ;
#690 = CALENDAR_DATE ( 2022, 7, 1 ) ;
#691 = EDGE_CURVE ( 'NONE', #2120, #212, #1998, .T. ) ;
#692 = ORIENTED_EDGE ( 'NONE', *, *, #1091, .T. ) ;
#693 = VERTEX_POINT ( 'NONE', #2300 ) ;
#694 = CARTESIAN_POINT ( 'NONE',  ( -19.14999999999999858, 0.05000000000000000278, -9.250000000000000000 ) ) ;
#695 = APPROVAL_PERSON_ORGANIZATION ( #138, #1634, #3206 ) ;
#696 = LINE ( 'NONE', #3307, #2542 ) ;
#697 = DIRECTION ( 'NONE',  ( -0.000000000000000000, 0.000000000000000000, -1.000000000000000000 ) ) ;
#698 = VECTOR ( 'NONE', #1554, 1000.000000000000000 ) ;
#699 = CC_DESIGN_APPROVAL ( #3912, ( #1903 ) ) ;
#700 = DIRECTION ( 'NONE',  ( 1.000000000000000000, 0.000000000000000000, 0.000000000000000000 ) ) ;
#701 = EDGE_LOOP ( 'NONE', ( #301, #2922, #2903, #121 ) ) ;
#702 = DIRECTION ( 'NONE',  ( 0.000000000000000000, -1.000000000000000000, 0.000000000000000000 ) ) ;
#703 = CARTESIAN_POINT ( 'NONE',  ( 0.000000000000000000, -1.799827313399107398, -18.70103366078729934 ) ) ;
#704 = EDGE_LOOP ( 'NONE', ( #455, #3010, #1042, #3374 ) ) ;
#705 = ADVANCED_FACE ( 'NONE', ( #2930 ), #1381, .F. ) ;
#706 = DIRECTION ( 'NONE',  ( -0.000000000000000000, 0.000000000000000000, -1.000000000000000000 ) ) ;
#707 = CARTESIAN_POINT ( 'NONE',  ( 38.10000000000000142, -1.834779999999999411, -18.50000000000000355 ) ) ;
#708 = DIRECTION ( 'NONE',  ( 0.000000000000000000, 0.000000000000000000, 1.000000000000000000 ) ) ;
#709 = VECTOR ( 'NONE', #1457, 1000.000000000000000 ) ;
#710 = AXIS2_PLACEMENT_3D ( 'NONE', #3549, #1618, #2918 ) ;
#711 = ORIENTED_EDGE ( 'NONE', *, *, #2347, .T. ) ;
#712 = PLANE ( 'NONE',  #1562 ) ;
#713 = VECTOR ( 'NONE', #140, 1000.000000000000000 ) ;
#714 = ADVANCED_FACE ( 'NONE', ( #1007 ), #3575, .T. ) ;
#715 = CARTESIAN_POINT ( 'NONE',  ( -1.734723475976807094E-14, 1.409999999999999698, 0.000000000000000000 ) ) ;
#716 = AXIS2_PLACEMENT_3D ( 'NONE', #194, #3091, #815 ) ;
#717 = ORIENTED_EDGE ( 'NONE', *, *, #2100, .T. ) ;
#718 = ORIENTED_EDGE ( 'NONE', *, *, #2316, .T. ) ;
#719 = CARTESIAN_POINT ( 'NONE',  ( 38.10000000000000142, -1.834779999999999411, -18.50000000000000355 ) ) ;
#720 = CARTESIAN_POINT ( 'NONE',  ( 0.000000000000000000, 0.1100000000000007222, 0.000000000000000000 ) ) ;
#721 = AXIS2_PLACEMENT_3D ( 'NONE', #3231, #3251, #3907 ) ;
#722 = DIRECTION ( 'NONE',  ( 0.000000000000000000, -1.000000000000000000, 0.000000000000000000 ) ) ;
#723 = LINE ( 'NONE', #1677, #384 ) ;
#724 = ORIENTED_EDGE ( 'NONE', *, *, #3961, .T. ) ;
#725 = EDGE_CURVE ( 'NONE', #836, #1548, #696, .T. ) ;
#726 = DIRECTION ( 'NONE',  ( 0.000000000000000000, 0.000000000000000000, -1.000000000000000000 ) ) ;
#727 = CYLINDRICAL_SURFACE ( 'NONE', #1698, 0.1000000000000014488 ) ;
#728 = EDGE_CURVE ( 'NONE', #1573, #617, #756, .T. ) ;
#729 = ORIENTED_EDGE ( 'NONE', *, *, #3763, .F. ) ;
#730 =( NAMED_UNIT ( * ) PLANE_ANGLE_UNIT ( ) SI_UNIT ( $, .RADIAN. ) );
#731 = DIRECTION ( 'NONE',  ( 0.000000000000000000, 0.000000000000000000, -1.000000000000000000 ) ) ;
#732 = AXIS2_PLACEMENT_3D ( 'NONE', #3671, #1313, #2618 ) ;
#733 = DIRECTION ( 'NONE',  ( -1.541976423090498789E-15, 2.567906592516311084E-30, 1.000000000000000000 ) ) ;
#734 = EDGE_LOOP ( 'NONE', ( #3756, #1789, #2, #2569, #3934, #1434 ) ) ;
#735 = DIRECTION ( 'NONE',  ( 0.000000000000000000, 1.000000000000000000, -0.000000000000000000 ) ) ;
#736 = CARTESIAN_POINT ( 'NONE',  ( -31.90000000000000568, -3.628499999999999837, -4.580800000000002647 ) ) ;
#737 = PERSON_AND_ORGANIZATION_ROLE ( 'classification_officer' ) ;
#738 = VERTEX_POINT ( 'NONE', #2017 ) ;
#739 = ORIENTED_EDGE ( 'NONE', *, *, #2266, .F. ) ;
#740 = CARTESIAN_POINT ( 'NONE',  ( -19.64999999999999858, 0.05000000000000000278, -9.250000000000000000 ) ) ;
#741 = LINE ( 'NONE', #363, #924 ) ;
#742 = DIRECTION ( 'NONE',  ( 1.000000000000000000, 0.000000000000000000, 0.000000000000000000 ) ) ;
#743 = DIRECTION ( 'NONE',  ( 8.828109292502836024E-17, 0.000000000000000000, -1.000000000000000000 ) ) ;
#744 = ORIENTED_EDGE ( 'NONE', *, *, #3653, .T. ) ;
#745 = DIRECTION ( 'NONE',  ( -1.000000000000000000, 0.000000000000000000, 0.000000000000000000 ) ) ;
#746 = CARTESIAN_POINT ( 'NONE',  ( 62.00000000000013500, 1.639999999999895097, -1.734723475976807094E-14 ) ) ;
#747 = ORIENTED_EDGE ( 'NONE', *, *, #3333, .T. ) ;
#748 = CARTESIAN_POINT ( 'NONE',  ( 0.000000000000000000, 0.2992399999999992288, -62.39999999999999858 ) ) ;
#749 = DIRECTION ( 'NONE',  ( 0.000000000000000000, 0.000000000000000000, 1.000000000000000000 ) ) ;
#750 = PLANE ( 'NONE',  #1678 ) ;
#751 = CARTESIAN_POINT ( 'NONE',  ( 38.10000000000000142, 0.2992399999999992288, -62.39999999999999858 ) ) ;
#752 = LINE ( 'NONE', #134, #3544 ) ;
#753 = ORIENTED_EDGE ( 'NONE', *, *, #292, .F. ) ;
#754 = ORIENTED_EDGE ( 'NONE', *, *, #584, .F. ) ;
#755 = CARTESIAN_POINT ( 'NONE',  ( 62.00000000000013500, 1.639999999999895097, -1.734723475976807094E-14 ) ) ;
#756 = LINE ( 'NONE', #388, #3083 ) ;
#757 = CALENDAR_DATE ( 2022, 7, 1 ) ;
#758 = CARTESIAN_POINT ( 'NONE',  ( 0.1000000000000028644, -1.690000000000000613, -2.399999999999999467 ) ) ;
#759 = FACE_OUTER_BOUND ( 'NONE', #3226, .T. ) ;
#760 = SECURITY_CLASSIFICATION ( '', '', #2597 ) ;
#761 = ORIENTED_EDGE ( 'NONE', *, *, #2257, .T. ) ;
#762 = DIRECTION ( 'NONE',  ( -1.000000000000000000, 1.665334536937732641E-15, 0.000000000000000000 ) ) ;
#763 = VECTOR ( 'NONE', #3201, 1000.000000000000000 ) ;
#764 = CARTESIAN_POINT ( 'NONE',  ( 28.22460150567394876, 0.9099999999999490718, 11.03340709233567907 ) ) ;
#765 = EDGE_CURVE ( 'NONE', #842, #3436, #3987, .T. ) ;
#766 = AXIS2_PLACEMENT_3D ( 'NONE', #1668, #1329, #1348 ) ;
#767 = VERTEX_POINT ( 'NONE', #137 ) ;
#768 =( LENGTH_UNIT ( ) NAMED_UNIT ( * ) SI_UNIT ( .MILLI., .METRE. ) );
#769 = LINE ( 'NONE', #128, #513 ) ;
#770 = LINE ( 'NONE', #1326, #3063 ) ;
#771 = ORIENTED_EDGE ( 'NONE', *, *, #3684, .F. ) ;
#772 = CARTESIAN_POINT ( 'NONE',  ( 33.77539849432616847, 0.8099999999999478728, 11.03340709233568617 ) ) ;
#773 = CC_DESIGN_PERSON_AND_ORGANIZATION_ASSIGNMENT ( #3164, #285, ( #3016 ) ) ;
#774 = DIRECTION ( 'NONE',  ( 0.000000000000000000, 0.000000000000000000, -1.000000000000000000 ) ) ;
#775 = ADVANCED_FACE ( 'NONE', ( #2321 ), #2701, .F. ) ;
#776 = AXIS2_PLACEMENT_3D ( 'NONE', #2494, #1240, #2833 ) ;
#777 = ORIENTED_EDGE ( 'NONE', *, *, #2000, .T. ) ;
#778 = DIRECTION ( 'NONE',  ( 1.000000000000000000, 0.000000000000000000, 0.000000000000000000 ) ) ;
#779 = CARTESIAN_POINT ( 'NONE',  ( 38.10000000000000142, -1.655047313399108599, -18.70103366078729934 ) ) ;
#780 = COORDINATED_UNIVERSAL_TIME_OFFSET ( 6, 0, .BEHIND. ) ;
#781 = DIRECTION ( 'NONE',  ( 0.000000000000000000, -1.000000000000000000, 4.836480022654967556E-18 ) ) ;
#782 = VECTOR ( 'NONE', #3064, 1000.000000000000000 ) ;
#783 = EDGE_CURVE ( 'NONE', #82, #1752, #2952, .T. ) ;
#784 = VERTEX_POINT ( 'NONE', #1356 ) ;
#785 = AXIS2_PLACEMENT_3D ( 'NONE', #2293, #1287, #1943 ) ;
#786 = CARTESIAN_POINT ( 'NONE',  ( -28.58000000000000185, -3.628499999999999837, -3.780800000000001049 ) ) ;
#787 = CARTESIAN_POINT ( 'NONE',  ( -55.31733514603551782, -1.799827313399109174, -18.70103366078729934 ) ) ;
#788 = ORIENTED_EDGE ( 'NONE', *, *, #3840, .F. ) ;
#789 = LINE ( 'NONE', #1772, #4147 ) ;
#790 = CARTESIAN_POINT ( 'NONE',  ( -7.288335207143506626E-30, 19.05000000000000071, -0.8100000000000127098 ) ) ;
#791 = VERTEX_POINT ( 'NONE', #1951 ) ;
#792 = DIRECTION ( 'NONE',  ( 1.665334536937736783E-15, -1.000000000000000000, 0.000000000000000000 ) ) ;
#793 = FACE_OUTER_BOUND ( 'NONE', #1049, .T. ) ;
#794 = EDGE_CURVE ( 'NONE', #2779, #3867, #3920, .T. ) ;
#795 = APPLICATION_CONTEXT ( 'configuration controlled 3d designs of mechanical parts and assemblies' ) ;
#796 = EDGE_CURVE ( 'NONE', #1752, #3857, #3242, .T. ) ;
#797 = CC_DESIGN_PERSON_AND_ORGANIZATION_ASSIGNMENT ( #3532, #296, ( #1896 ) ) ;
#798 = EDGE_CURVE ( 'NONE', #125, #218, #741, .T. ) ;
#799 = ORIENTED_EDGE ( 'NONE', *, *, #1394, .F. ) ;
#800 = LINE ( 'NONE', #482, #1769 ) ;
#801 = CARTESIAN_POINT ( 'NONE',  ( -28.58000000000000185, -3.628499999999999837, -5.580800000000003536 ) ) ;
#802 = PERSON_AND_ORGANIZATION ( #4035, #3412 ) ;
#803 = CARTESIAN_POINT ( 'NONE',  ( 38.10000000000000142, 0.2992399999999992288, 0.000000000000000000 ) ) ;
#804 = VERTEX_POINT ( 'NONE', #2659 ) ;
#805 = DIRECTION ( 'NONE',  ( 0.000000000000000000, 0.000000000000000000, 1.000000000000000000 ) ) ;
#806 = CARTESIAN_POINT ( 'NONE',  ( 28.25000000000005329, 0.9099999999999490718, 11.69999999999999218 ) ) ;
#807 = ADVANCED_FACE ( 'NONE', ( #114 ), #3942, .T. ) ;
#808 = VERTEX_POINT ( 'NONE', #1696 ) ;
#809 = CARTESIAN_POINT ( 'NONE',  ( 0.000000000000000000, 0.000000000000000000, 0.000000000000000000 ) ) ;
#810 = CARTESIAN_POINT ( 'NONE',  ( -31.90000000000000568, -3.327500000000000568, -3.436200000000000365 ) ) ;
#811 = CARTESIAN_POINT ( 'NONE',  ( 8.326672684688674053E-14, -0.8700000000000009948, -63.65712399999999604 ) ) ;
#812 = AXIS2_PLACEMENT_3D ( 'NONE', #3359, #472, #74 ) ;
#813 = FACE_OUTER_BOUND ( 'NONE', #1257, .T. ) ;
#814 = CARTESIAN_POINT ( 'NONE',  ( -55.31733514603551782, -2.284780000000000033, -18.82277474571173315 ) ) ;
#815 = DIRECTION ( 'NONE',  ( 0.000000000000000000, 0.000000000000000000, -1.000000000000000000 ) ) ;
#816 = ADVANCED_BREP_SHAPE_REPRESENTATION ( '', ( #3650, #721 ), #3073 ) ;
#817 = ORIENTED_EDGE ( 'NONE', *, *, #1394, .T. ) ;
#818 = CARTESIAN_POINT ( 'NONE',  ( -55.31733514603551782, -1.334780000000000744, -18.50000000000000355 ) ) ;
#819 = DIRECTION ( 'NONE',  ( 0.000000000000000000, -0.2434821698488598141, 0.9699053732017834939 ) ) ;
#820 = APPLICATION_PROTOCOL_DEFINITION ( 'international standard', 'config_control_design', 1994, #2599 ) ;
#821 = LINE ( 'NONE', #803, #1238 ) ;
#822 = ORIENTED_EDGE ( 'NONE', *, *, #4156, .F. ) ;
#823 = PLANE ( 'NONE',  #279 ) ;
#824 = ORIENTED_EDGE ( 'NONE', *, *, #2604, .F. ) ;
#825 = LOCAL_TIME ( 16, 6, 30.00000000000000000, #4007 ) ;
#826 = LINE ( 'NONE', #4036, #3944 ) ;
#827 = CARTESIAN_POINT ( 'NONE',  ( 0.000000000000000000, 0.000000000000000000, -62.39999999999999858 ) ) ;
#828 = VECTOR ( 'NONE', #3986, 1000.000000000000000 ) ;
#829 = EDGE_CURVE ( 'NONE', #4034, #804, #2992, .T. ) ;
#830 = CC_DESIGN_APPROVAL ( #364, ( #435 ) ) ;
#831 = ORIENTED_EDGE ( 'NONE', *, *, #2418, .F. ) ;
#832 = VERTEX_POINT ( 'NONE', #2746 ) ;
#833 = LINE ( 'NONE', #3723, #1511 ) ;
#834 = DIRECTION ( 'NONE',  ( 8.997944700177142083E-30, 0.000000000000000000, 1.000000000000000000 ) ) ;
#835 = ADVANCED_FACE ( 'NONE', ( #2804 ), #1802, .F. ) ;
#836 = VERTEX_POINT ( 'NONE', #3730 ) ;
#837 = FACE_OUTER_BOUND ( 'NONE', #4026, .T. ) ;
#838 = CARTESIAN_POINT ( 'NONE',  ( -19.14999999999999858, 0.000000000000000000, -8.749999999999998224 ) ) ;
#839 = COORDINATED_UNIVERSAL_TIME_OFFSET ( 6, 0, .BEHIND. ) ;
#840 = CARTESIAN_POINT ( 'NONE',  ( -0.4000000000000148992, 1.409999999999999698, 0.4999999999999935052 ) ) ;
#841 = VECTOR ( 'NONE', #3634, 1000.000000000000114 ) ;
#842 = VERTEX_POINT ( 'NONE', #2423 ) ;
#843 = LINE ( 'NONE', #2768, #1676 ) ;
#844 = CIRCLE ( 'NONE', #2194, 0.5000000000000004441 ) ;
#845 = CIRCLE ( 'NONE', #2460, 0.8100000000000023848 ) ;
#846 = EDGE_CURVE ( 'NONE', #317, #955, #1060, .T. ) ;
#847 = APPROVAL ( #4029, 'UNSPECIFIED' ) ;
#848 = VERTEX_POINT ( 'NONE', #1189 ) ;
#849 = PERSON_AND_ORGANIZATION_ROLE ( 'creator' ) ;
#850 = LINE ( 'NONE', #2712, #1849 ) ;
#851 = VERTEX_POINT ( 'NONE', #152 ) ;
#852 = AXIS2_PLACEMENT_3D ( 'NONE', #2842, #2164, #2883 ) ;
#853 = CARTESIAN_POINT ( 'NONE',  ( -31.89999999999999147, -3.628499999999999837, -5.580800000000003536 ) ) ;
#854 = CARTESIAN_POINT ( 'NONE',  ( 0.000000000000000000, 0.1447800000000006027, -62.39999999999999858 ) ) ;
#855 = CARTESIAN_POINT ( 'NONE',  ( 0.1000000000000028644, -1.690000000000000613, -9.289999999999999147 ) ) ;
#856 = CIRCLE ( 'NONE', #3209, 0.9147800000000039233 ) ;
#857 = CIRCLE ( 'NONE', #3755, 0.8100000000000023848 ) ;
#858 = ORIENTED_EDGE ( 'NONE', *, *, #3961, .F. ) ;
#859 = CYLINDRICAL_SURFACE ( 'NONE', #2792, 0.6000000000000007550 ) ;
#860 = CARTESIAN_POINT ( 'NONE',  ( -28.39479999999998938, -3.492500000000000604, -3.360000000000002096 ) ) ;
#861 = APPROVAL_STATUS ( 'not_yet_approved' ) ;
#862 = CARTESIAN_POINT ( 'NONE',  ( 35.70960150567400149, 0.9099999999999386358, 8.866592907664301748 ) ) ;
#863 = VECTOR ( 'NONE', #819, 1000.000000000000114 ) ;
#864 = ORIENTED_EDGE ( 'NONE', *, *, #1327, .F. ) ;
#865 = CARTESIAN_POINT ( 'NONE',  ( -19.14999999999999858, 0.05000000000000000278, 8.749999999999996447 ) ) ;
#866 = ORIENTED_EDGE ( 'NONE', *, *, #2266, .T. ) ;
#867 = COORDINATED_UNIVERSAL_TIME_OFFSET ( 6, 0, .BEHIND. ) ;
#868 = EDGE_CURVE ( 'NONE', #3491, #3173, #1168, .T. ) ;
#869 = DIRECTION ( 'NONE',  ( 1.665334536937736783E-15, -1.000000000000000000, 0.000000000000000000 ) ) ;
#870 = ORIENTED_EDGE ( 'NONE', *, *, #985, .F. ) ;
#871 = CARTESIAN_POINT ( 'NONE',  ( 0.000000000000000000, 0.000000000000000000, -62.39999999999999858 ) ) ;
#872 = DIRECTION ( 'NONE',  ( -1.665334536937736783E-15, 1.000000000000000000, 0.000000000000000000 ) ) ;
#873 = LINE ( 'NONE', #2243, #1788 ) ;
#874 = ORIENTED_EDGE ( 'NONE', *, *, #2810, .F. ) ;
#875 = CARTESIAN_POINT ( 'NONE',  ( 33.75000000000007816, 1.109999999999946141, 11.69999999999998508 ) ) ;
#876 = CARTESIAN_POINT ( 'NONE',  ( 35.73500000000007049, 0.8099999999999392131, 0.9999999999999940048 ) ) ;
#877 = CALENDAR_DATE ( 2022, 7, 1 ) ;
#878 = ORIENTED_EDGE ( 'NONE', *, *, #4099, .T. ) ;
#879 = DIRECTION ( 'NONE',  ( 1.665334536937736783E-15, -1.000000000000000000, 0.000000000000000000 ) ) ;
#880 = VERTEX_POINT ( 'NONE', #2145 ) ;
#881 = PRODUCT_DEFINITION_SHAPE ( 'NONE', 'NONE',  #4171 ) ;
#882 = APPLICATION_PROTOCOL_DEFINITION ( 'international standard', 'config_control_design', 1994, #3104 ) ;
#883 = CARTESIAN_POINT ( 'NONE',  ( 26.26500000000005031, 0.8099999999999478728, 0.9999999999999765743 ) ) ;
#884 = EDGE_CURVE ( 'NONE', #3579, #3240, #237, .T. ) ;
#885 = VERTEX_POINT ( 'NONE', #4089 ) ;
#886 = LOCAL_TIME ( 16, 6, 30.00000000000000000, #1884 ) ;
#887 = CARTESIAN_POINT ( 'NONE',  ( -31.59519999999999840, -3.627500000000000391, -3.436200000000000365 ) ) ;
#888 = CARTESIAN_POINT ( 'NONE',  ( 0.1000000000000028644, -3.627500000000000391, -3.360000000000002096 ) ) ;
#889 = CARTESIAN_POINT ( 'NONE',  ( -19.14999999999999858, 0.05000000000000000278, 8.749999999999996447 ) ) ;
#890 = AXIS2_PLACEMENT_3D ( 'NONE', #3630, #3976, #1364 ) ;
#891 = CIRCLE ( 'NONE', #2177, 0.09999999999999939493 ) ;
#892 = CC_DESIGN_PERSON_AND_ORGANIZATION_ASSIGNMENT ( #153, #1382, ( #162 ) ) ;
#893 = CIRCLE ( 'NONE', #3395, 0.09999999999999766020 ) ;
#894 = ORIENTED_EDGE ( 'NONE', *, *, #4133, .F. ) ;
#895 = CARTESIAN_POINT ( 'NONE',  ( 62.00000000000014211, 0.1099999999998966388, -1.734723475976807094E-14 ) ) ;
#896 = CARTESIAN_POINT ( 'NONE',  ( 0.000000000000000000, 0.2992399999999992288, 0.000000000000000000 ) ) ;
#897 = PERSON_AND_ORGANIZATION_ROLE ( 'design_supplier' ) ;
#898 = EDGE_CURVE ( 'NONE', #3990, #1261, #1424, .T. ) ;
#899 = ORIENTED_EDGE ( 'NONE', *, *, #3763, .T. ) ;
#900 = ORIENTED_EDGE ( 'NONE', *, *, #765, .T. ) ;
#901 = CARTESIAN_POINT ( 'NONE',  ( 28.25000000000005329, 1.109999999999947917, 11.69999999999999218 ) ) ;
#902 = VECTOR ( 'NONE', #4037, 1000.000000000000000 ) ;
#903 = AXIS2_PLACEMENT_3D ( 'NONE', #430, #392, #2955 ) ;
#904 = ORIENTED_EDGE ( 'NONE', *, *, #2150, .T. ) ;
#905 = VECTOR ( 'NONE', #3527, 1000.000000000000000 ) ;
#906 = CALENDAR_DATE ( 2022, 7, 1 ) ;
#907 = DIRECTION ( 'NONE',  ( 8.997944700177142083E-30, 0.000000000000000000, 1.000000000000000000 ) ) ;
#908 = VECTOR ( 'NONE', #2432, 1000.000000000000000 ) ;
#909 = ORIENTED_EDGE ( 'NONE', *, *, #3349, .F. ) ;
#910 = CARTESIAN_POINT ( 'NONE',  ( 26.29039849432614773, 0.8099999999999514255, 8.866592907664301748 ) ) ;
#911 = DIRECTION ( 'NONE',  ( 0.000000000000000000, -1.000000000000000000, 2.456429884329807731E-30 ) ) ;
#912 = LINE ( 'NONE', #620, #2533 ) ;
#913 = EDGE_LOOP ( 'NONE', ( #2831, #235, #191, #3749 ) ) ;
#914 = CARTESIAN_POINT ( 'NONE',  ( 26.68000000000005301, 0.8099999999999478728, 7.159999999999996589 ) ) ;
#915 = PLANE ( 'NONE',  #2268 ) ;
#916 = CALENDAR_DATE ( 2022, 7, 1 ) ;
#917 = EDGE_CURVE ( 'NONE', #3223, #738, #1151, .T. ) ;
#918 = ADVANCED_FACE ( 'NONE', ( #3355 ), #2764, .F. ) ;
#919 = CC_DESIGN_DATE_AND_TIME_ASSIGNMENT ( #2678, #2295, ( #435 ) ) ;
#920 = ADVANCED_FACE ( 'NONE', ( #2122 ), #4006, .T. ) ;
#921 = VERTEX_POINT ( 'NONE', #1741 ) ;
#922 = ORIENTED_EDGE ( 'NONE', *, *, #2614, .T. ) ;
#923 = CARTESIAN_POINT ( 'NONE',  ( 62.40000000000014069, 0.8099999999998959144, -40.72000000000000597 ) ) ;
#924 = VECTOR ( 'NONE', #3287, 1000.000000000000000 ) ;
#925 = ORIENTED_EDGE ( 'NONE', *, *, #3508, .T. ) ;
#926 = DATE_AND_TIME ( #2492, #3114 ) ;
#927 = DIRECTION ( 'NONE',  ( 0.000000000000000000, 4.836480022654967556E-18, 1.000000000000000000 ) ) ;
#928 = ADVANCED_FACE ( 'NONE', ( #3032 ), #2723, .T. ) ;
#929 = VERTEX_POINT ( 'NONE', #1132 ) ;
#930 = DIRECTION ( 'NONE',  ( 1.665334536937736783E-15, -1.000000000000000000, 0.000000000000000000 ) ) ;
#931 = CARTESIAN_POINT ( 'NONE',  ( 0.000000000000000000, 19.05000000000000071, -1.040834085586084257E-14 ) ) ;
#932 = CARTESIAN_POINT ( 'NONE',  ( -31.90000000000000568, -3.327500000000000568, -5.620600000000001373 ) ) ;
#933 = CARTESIAN_POINT ( 'NONE',  ( 62.40000000000013358, 0.1099999999998966388, 2.099999999999987210 ) ) ;
#934 = EDGE_LOOP ( 'NONE', ( #405, #475, #2406, #3851 ) ) ;
#935 = CARTESIAN_POINT ( 'NONE',  ( -28.57999999999998764, -3.628499999999999837, -4.780800000000001937 ) ) ;
#936 = DIRECTION ( 'NONE',  ( 0.000000000000000000, 0.000000000000000000, -1.000000000000000000 ) ) ;
#937 = CONTEXT_DEPENDENT_SHAPE_REPRESENTATION ( #4052, #2815 ) ;
#938 = EDGE_CURVE ( 'NONE', #3234, #67, #483, .T. ) ;
#939 = VECTOR ( 'NONE', #3776, 1000.000000000000000 ) ;
#940 = ORIENTED_EDGE ( 'NONE', *, *, #4079, .F. ) ;
#942 = EDGE_CURVE ( 'NONE', #3664, #2940, #3054, .T. ) ;
#941 = ORIENTED_EDGE ( 'NONE', *, *, #1900, .F. ) ;
#943 = DIRECTION ( 'NONE',  ( -1.665334536937736783E-15, 1.000000000000000000, 0.000000000000000000 ) ) ;
#944 = DIRECTION ( 'NONE',  ( 0.000000000000000000, 0.000000000000000000, -1.000000000000000000 ) ) ;
#945 = ORIENTED_EDGE ( 'NONE', *, *, #2161, .F. ) ;
#946 = COORDINATED_UNIVERSAL_TIME_OFFSET ( 6, 0, .BEHIND. ) ;
#947 = CARTESIAN_POINT ( 'NONE',  ( 8.326672684688674053E-14, -1.784779999999999589, -63.65712399999999604 ) ) ;
#948 = VERTEX_POINT ( 'NONE', #860 ) ;
#949 = PLANE ( 'NONE',  #2939 ) ;
#950 = FACE_OUTER_BOUND ( 'NONE', #3801, .T. ) ;
#951 = DIRECTION ( 'NONE',  ( 1.000000000000000000, 0.000000000000000000, 0.000000000000000000 ) ) ;
#952 = EDGE_CURVE ( 'NONE', #2705, #2550, #3392, .T. ) ;
#953 = AXIS2_PLACEMENT_3D ( 'NONE', #228, #3807, #558 ) ;
#954 = CC_DESIGN_APPROVAL ( #109, ( #3518 ) ) ;
#955 = VERTEX_POINT ( 'NONE', #1466 ) ;
#956 = DIRECTION ( 'NONE',  ( 0.000000000000000000, 1.000000000000000000, -0.000000000000000000 ) ) ;
#957 = CARTESIAN_POINT ( 'NONE',  ( -19.64999999999999858, 0.05000000000000000278, 9.249999999999996447 ) ) ;
#958 = PERSON_AND_ORGANIZATION ( #2328, #233 ) ;
#959 = CIRCLE ( 'NONE', #1492, 0.09999999999999592548 ) ;
#960 = CARTESIAN_POINT ( 'NONE',  ( -31.90000000000000568, -3.628499999999999837, -4.780800000000001937 ) ) ;
#961 = EDGE_CURVE ( 'NONE', #135, #1086, #3077, .T. ) ;
#962 = VECTOR ( 'NONE', #1036, 1000.000000000000000 ) ;
#963 = ORIENTED_EDGE ( 'NONE', *, *, #1296, .T. ) ;
#964 = ORIENTED_EDGE ( 'NONE', *, *, #3508, .F. ) ;
#965 = CARTESIAN_POINT ( 'NONE',  ( 33.75000000000006395, 1.109999999999946141, 15.59999999999998543 ) ) ;
#966 = FACE_OUTER_BOUND ( 'NONE', #3897, .T. ) ;
#967 = VERTEX_POINT ( 'NONE', #528 ) ;
#968 = DATE_AND_TIME ( #757, #2848 ) ;
#969 = ADVANCED_FACE ( 'NONE', ( #1482 ), #2782, .T. ) ;
#970 = LINE ( 'NONE', #3502, #3872 ) ;
#971 = ADVANCED_FACE ( 'NONE', ( #2208 ), #915, .T. ) ;
#972 = CC_DESIGN_DATE_AND_TIME_ASSIGNMENT ( #1832, #3124, ( #2963 ) ) ;
#973 = EDGE_CURVE ( 'NONE', #3952, #2624, #3772, .T. ) ;
#974 = AXIS2_PLACEMENT_3D ( 'NONE', #2536, #2199, #1893 ) ;
#975 = ORIENTED_EDGE ( 'NONE', *, *, #1534, .F. ) ;
#976 = LINE ( 'NONE', #1920, #1523 ) ;
#977 = DIRECTION ( 'NONE',  ( -1.000000000000000000, 0.000000000000000000, 0.000000000000000000 ) ) ;
#978 = VECTOR ( 'NONE', #1960, 1000.000000000000000 ) ;
#979 = CARTESIAN_POINT ( 'NONE',  ( 26.68000000000005301, 0.8099999999999478728, 7.159999999999996589 ) ) ;
#980 = VECTOR ( 'NONE', #2093, 1000.000000000000000 ) ;
#981 = EDGE_LOOP ( 'NONE', ( #2235, #2813, #4123, #3097 ) ) ;
#982 = CARTESIAN_POINT ( 'NONE',  ( 62.40000000000014069, 0.8099999999998959144, -40.72000000000000597 ) ) ;
#983 = DIRECTION ( 'NONE',  ( 1.000000000000000000, 0.000000000000000000, 0.000000000000000000 ) ) ;
#984 = APPROVAL_ROLE ( '' ) ;
#985 = EDGE_CURVE ( 'NONE', #1800, #1513, #1589, .T. ) ;
#986 = VERTEX_POINT ( 'NONE', #276 ) ;
#987 = ORIENTED_EDGE ( 'NONE', *, *, #3862, .T. ) ;
#988 = DIRECTION ( 'NONE',  ( -0.6659290766430890907, 1.108994690484789188E-15, 0.7460150567389930432 ) ) ;
#989 = DIRECTION ( 'NONE',  ( 0.000000000000000000, 1.000000000000000000, -0.000000000000000000 ) ) ;
#990 = VECTOR ( 'NONE', #3569, 1000.000000000000000 ) ;
#991 = VECTOR ( 'NONE', #735, 1000.000000000000000 ) ;
#992 = CARTESIAN_POINT ( 'NONE',  ( 0.000000000000000000, -1.190000000000000169, -18.50000000000000355 ) ) ;
#993 = ORIENTED_EDGE ( 'NONE', *, *, #1606, .F. ) ;
#994 = CALENDAR_DATE ( 2022, 7, 1 ) ;
#995 = CARTESIAN_POINT ( 'NONE',  ( 26.68000000000004945, 0.9099999999999490718, 6.559999999999992504 ) ) ;
#996 = EDGE_LOOP ( 'NONE', ( #329, #1402, #1535, #3680 ) ) ;
#997 = EDGE_CURVE ( 'NONE', #1347, #2285, #3417, .T. ) ;
#998 = CARTESIAN_POINT ( 'NONE',  ( -31.90000000000000568, -3.628499999999999837, -4.580800000000002647 ) ) ;
#999 = FACE_OUTER_BOUND ( 'NONE', #3100, .T. ) ;
#1000 = VERTEX_POINT ( 'NONE', #1546 ) ;
#1001 = FACE_OUTER_BOUND ( 'NONE', #599, .T. ) ;
#1002 = DIRECTION ( 'NONE',  ( 1.665334536937736783E-15, -1.000000000000000000, 0.000000000000000000 ) ) ;
#1003 = APPROVAL_DATE_TIME ( #3617, #364 ) ;
#1004 = ORIENTED_EDGE ( 'NONE', *, *, #2305, .F. ) ;
#1005 = VERTEX_POINT ( 'NONE', #1526 ) ;
#1006 = DIRECTION ( 'NONE',  ( -1.000000000000000000, 1.665334536937732641E-15, 0.000000000000000000 ) ) ;
#1007 = FACE_OUTER_BOUND ( 'NONE', #701, .T. ) ;
#1008 = LINE ( 'NONE', #1028, #2190 ) ;
#1009 = FACE_OUTER_BOUND ( 'NONE', #3478, .T. ) ;
#1010 = EDGE_LOOP ( 'NONE', ( #3437, #1775, #2699, #3222 ) ) ;
#1011 = CARTESIAN_POINT ( 'NONE',  ( -55.31733514603550361, -0.8700000000000009948, -64.57190400000000352 ) ) ;
#1012 = DIRECTION ( 'NONE',  ( -1.665334536937736783E-15, 1.000000000000000000, 0.000000000000000000 ) ) ;
#1013 = EDGE_CURVE ( 'NONE', #1693, #3736, #626, .T. ) ;
#1014 = VERTEX_POINT ( 'NONE', #3531 ) ;
#1015 = CARTESIAN_POINT ( 'NONE',  ( 0.000000000000000000, 19.05000000000000071, -1.040834085586084257E-14 ) ) ;
#1016 = DIRECTION ( 'NONE',  ( 0.000000000000000000, 0.000000000000000000, -1.000000000000000000 ) ) ;
#1017 = ADVANCED_FACE ( 'NONE', ( #3451 ), #3175, .T. ) ;
#1018 = DIRECTION ( 'NONE',  ( 0.000000000000000000, 0.000000000000000000, -1.000000000000000000 ) ) ;
#1019 = ORIENTED_EDGE ( 'NONE', *, *, #1585, .F. ) ;
#1020 = LINE ( 'NONE', #982, #3137 ) ;
#1021 = DIRECTION ( 'NONE',  ( -1.000000000000000000, 0.000000000000000000, 0.000000000000000000 ) ) ;
#1022 = EDGE_CURVE ( 'NONE', #3423, #836, #127, .T. ) ;
#1023 = ORIENTED_EDGE ( 'NONE', *, *, #2233, .F. ) ;
#1024 = ORIENTED_EDGE ( 'NONE', *, *, #2205, .T. ) ;
#1025 = CARTESIAN_POINT ( 'NONE',  ( 26.68000000000005301, 0.9099999999999490718, 7.159999999999996589 ) ) ;
#1026 = CARTESIAN_POINT ( 'NONE',  ( 62.40000000000012648, 1.409999999999895781, -40.72000000000000597 ) ) ;
#1027 = DIRECTION ( 'NONE',  ( 0.000000000000000000, -1.000000000000000000, 0.000000000000000000 ) ) ;
#1028 = CARTESIAN_POINT ( 'NONE',  ( 8.326672684688674053E-14, -1.640000000000000790, -63.65712399999999604 ) ) ;
#1029 = ADVANCED_FACE ( 'NONE', ( #1883, #588 ), #2899, .F. ) ;
#1030 = CIRCLE ( 'NONE', #3583, 0.9147800000000039233 ) ;
#1031 = EDGE_LOOP ( 'NONE', ( #3863, #3722, #1563, #421 ) ) ;
#1032 = CARTESIAN_POINT ( 'NONE',  ( 28.25000000000005329, 1.109999999999947917, 11.69999999999999218 ) ) ;
#1033 = ORIENTED_EDGE ( 'NONE', *, *, #1203, .T. ) ;
#1034 = CARTESIAN_POINT ( 'NONE',  ( -28.58000000000000185, -3.628499999999999837, -3.780800000000001049 ) ) ;
#1035 = VECTOR ( 'NONE', #567, 1000.000000000000000 ) ;
#1036 = DIRECTION ( 'NONE',  ( 0.000000000000000000, 1.000000000000000000, -0.000000000000000000 ) ) ;
#1037 = ORIENTED_EDGE ( 'NONE', *, *, #691, .F. ) ;
#1038 = DIRECTION ( 'NONE',  ( 1.000000000000000000, 0.000000000000000000, 0.000000000000000000 ) ) ;
#1039 = LINE ( 'NONE', #827, #3677 ) ;
#1040 = VECTOR ( 'NONE', #3850, 1000.000000000000000 ) ;
#1041 = AXIS2_PLACEMENT_3D ( 'NONE', #2688, #50, #3922 ) ;
#1042 = ORIENTED_EDGE ( 'NONE', *, *, #3260, .F. ) ;
#1043 = CARTESIAN_POINT ( 'NONE',  ( -31.90000000000000568, -3.628499999999999837, -4.780800000000001937 ) ) ;
#1044 = AXIS2_PLACEMENT_3D ( 'NONE', #2322, #2568, #1595 ) ;
#1045 = CARTESIAN_POINT ( 'NONE',  ( -28.58000000000000185, -3.627500000000000391, -3.780800000000001049 ) ) ;
#1046 = AXIS2_PLACEMENT_3D ( 'NONE', #149, #2716, #4002 ) ;
#1047 = ORIENTED_EDGE ( 'NONE', *, *, #1774, .T. ) ;
#1048 = ADVANCED_FACE ( 'NONE', ( #1844 ), #3135, .F. ) ;
#1049 = EDGE_LOOP ( 'NONE', ( #4134, #3080 ) ) ;
#1050 = DIRECTION ( 'NONE',  ( 0.000000000000000000, 0.000000000000000000, 1.000000000000000000 ) ) ;
#1051 = CARTESIAN_POINT ( 'NONE',  ( -55.31733514603551782, -1.655047313399108599, -18.70103366078729934 ) ) ;
#1052 = CARTESIAN_POINT ( 'NONE',  ( -55.31733514603551782, -1.674952686600891028, -18.62174108492443381 ) ) ;
#1053 = AXIS2_PLACEMENT_3D ( 'NONE', #4068, #3153, #2248 ) ;
#1054 = DIRECTION ( 'NONE',  ( 0.000000000000000000, 0.000000000000000000, -1.000000000000000000 ) ) ;
#1055 = VERTEX_POINT ( 'NONE', #2864 ) ;
#1056 = LINE ( 'NONE', #1011, #2781 ) ;
#1057 = FACE_OUTER_BOUND ( 'NONE', #3940, .T. ) ;
#1058 = VERTEX_POINT ( 'NONE', #3220 ) ;
#1059 = DIRECTION ( 'NONE',  ( -1.000000000000000000, 0.000000000000000000, 0.000000000000000000 ) ) ;
#1060 = CIRCLE ( 'NONE', #2137, 0.5000000000000004441 ) ;
#1061 = CARTESIAN_POINT ( 'NONE',  ( 26.29039849432614773, 0.8099999999999514255, 8.866592907664301748 ) ) ;
#1062 = ADVANCED_FACE ( 'NONE', ( #3194 ), #2825, .F. ) ;
#1063 = VERTEX_POINT ( 'NONE', #4112 ) ;
#1064 = CARTESIAN_POINT ( 'NONE',  ( -31.59519999999999840, -3.327500000000000568, -5.620600000000001373 ) ) ;
#1065 = FACE_OUTER_BOUND ( 'NONE', #2210, .T. ) ;
#1066 = ORIENTED_EDGE ( 'NONE', *, *, #2305, .T. ) ;
#1067 = ORIENTED_EDGE ( 'NONE', *, *, #78, .F. ) ;
#1068 = PLANE ( 'NONE',  #98 ) ;
#1069 = DIRECTION ( 'NONE',  ( 0.000000000000000000, 0.000000000000000000, -1.000000000000000000 ) ) ;
#1070 = APPROVAL_DATE_TIME ( #968, #242 ) ;
#1071 = LINE ( 'NONE', #2703, #382 ) ;
#1072 = EDGE_CURVE ( 'NONE', #2709, #51, #3834, .T. ) ;
#1073 = DIRECTION ( 'NONE',  ( -1.665334536937736783E-15, 1.000000000000000000, 0.000000000000000000 ) ) ;
#1074 = ORIENTED_EDGE ( 'NONE', *, *, #2116, .T. ) ;
#1075 = DIRECTION ( 'NONE',  ( 0.000000000000000000, 1.000000000000000000, 0.000000000000000000 ) ) ;
#1076 = CARTESIAN_POINT ( 'NONE',  ( -28.39479999999998938, -3.327500000000000568, -3.360000000000002096 ) ) ;
#1077 = EDGE_CURVE ( 'NONE', #1628, #2479, #655, .T. ) ;
#1078 = VERTEX_POINT ( 'NONE', #896 ) ;
#1079 = LINE ( 'NONE', #496, #782 ) ;
#1080 = CARTESIAN_POINT ( 'NONE',  ( 0.000000000000000000, 0.1100000000000007222, 0.000000000000000000 ) ) ;
#1081 = EDGE_CURVE ( 'NONE', #3640, #2867, #4154, .T. ) ;
#1082 = DIRECTION ( 'NONE',  ( 0.000000000000000000, 0.000000000000000000, 1.000000000000000000 ) ) ;
#1083 = LINE ( 'NONE', #2375, #980 ) ;
#1084 = DIRECTION ( 'NONE',  ( 1.000000000000000000, 0.000000000000000000, 0.000000000000000000 ) ) ;
#1085 = EDGE_CURVE ( 'NONE', #3819, #1145, #3511, .T. ) ;
#1086 = VERTEX_POINT ( 'NONE', #1604 ) ;
#1087 = CARTESIAN_POINT ( 'NONE',  ( -28.39479999999998938, -3.327500000000000568, -6.001600000000022028 ) ) ;
#1088 = CARTESIAN_POINT ( 'NONE',  ( -31.59519999999999840, -3.627500000000000391, -5.620600000000001373 ) ) ;
#1089 = DATE_TIME_ROLE ( 'classification_date' ) ;
#1090 = DIRECTION ( 'NONE',  ( 0.000000000000000000, 0.000000000000000000, -1.000000000000000000 ) ) ;
#1091 = EDGE_CURVE ( 'NONE', #851, #1192, #3616, .T. ) ;
#1092 = CC_DESIGN_APPROVAL ( #3786, ( #1533 ) ) ;
#1093 = ORIENTED_EDGE ( 'NONE', *, *, #4053, .F. ) ;
#1094 = CARTESIAN_POINT ( 'NONE',  ( -28.58000000000000185, -3.628499999999999837, -3.780800000000001049 ) ) ;
#1095 = VECTOR ( 'NONE', #1720, 1000.000000000000000 ) ;
#1096 = AXIS2_PLACEMENT_3D ( 'NONE', #1790, #4051, #2128 ) ;
#1097 = CARTESIAN_POINT ( 'NONE',  ( 0.000000000000000000, 0.000000000000000000, -40.42000000000000171 ) ) ;
#1098 = APPROVAL_PERSON_ORGANIZATION ( #1376, #364, #1309 ) ;
#1099 = VECTOR ( 'NONE', #3728, 1000.000000000000000 ) ;
#1100 = ORIENTED_EDGE ( 'NONE', *, *, #1823, .F. ) ;
#1101 = EDGE_CURVE ( 'NONE', #1656, #2565, #2987, .T. ) ;
#1102 = DIRECTION ( 'NONE',  ( 2.060818763005848431E-15, 1.000000000000000222, 1.231653667943533037E-16 ) ) ;
#1103 = ADVANCED_FACE ( 'NONE', ( #3282 ), #2586, .F. ) ;
#1104 = FACE_OUTER_BOUND ( 'NONE', #996, .T. ) ;
#1105 = DIRECTION ( 'NONE',  ( 0.6659290766430890907, -1.108994690484789188E-15, -0.7460150567389929321 ) ) ;
#1106 = EDGE_CURVE ( 'NONE', #808, #3062, #1727, .T. ) ;
#1107 = ORIENTED_EDGE ( 'NONE', *, *, #3910, .T. ) ;
#1108 = CARTESIAN_POINT ( 'NONE',  ( 38.10000000000000142, 0.2992399999999992288, -62.39999999999999858 ) ) ;
#1109 = CARTESIAN_POINT ( 'NONE',  ( 8.326672684688674053E-14, -0.7699999999999997957, -63.65712399999999604 ) ) ;
#1110 = AXIS2_PLACEMENT_3D ( 'NONE', #3298, #1708, #733 ) ;
#1111 = VECTOR ( 'NONE', #3989, 1000.000000000000000 ) ;
#1112 = ORIENTED_EDGE ( 'NONE', *, *, #155, .F. ) ;
#1113 = DIRECTION ( 'NONE',  ( 1.665334536937736783E-15, -1.000000000000000000, 0.000000000000000000 ) ) ;
#1114 = CARTESIAN_POINT ( 'NONE',  ( 28.35000000000005116, 1.109999999999947917, 15.59999999999999254 ) ) ;
#1115 = PERSON_AND_ORGANIZATION_ROLE ( 'design_supplier' ) ;
#1116 = CARTESIAN_POINT ( 'NONE',  ( 26.26500000000005031, 0.9099999999999507372, 0.9999999999999765743 ) ) ;
#1117 = AXIS2_PLACEMENT_3D ( 'NONE', #334, #1642, #1324 ) ;
#1118 = EDGE_CURVE ( 'NONE', #570, #948, #3591, .T. ) ;
#1119 = ORIENTED_EDGE ( 'NONE', *, *, #798, .F. ) ;
#1120 = VECTOR ( 'NONE', #1323, 1000.000000000000000 ) ;
#1121 = CARTESIAN_POINT ( 'NONE',  ( 26.68000000000004945, 0.9099999999999490718, 6.559999999999992504 ) ) ;
#1122 = CARTESIAN_POINT ( 'NONE',  ( 35.73500000000007049, 0.9099999999999386358, 7.359999999999994991 ) ) ;
#1123 = ORIENTED_EDGE ( 'NONE', *, *, #728, .F. ) ;
#1124 = CARTESIAN_POINT ( 'NONE',  ( 28.25000000000005329, 0.9099999999999490718, 11.69999999999999218 ) ) ;
#1125 = LINE ( 'NONE', #458, #2523 ) ;
#1126 = EDGE_CURVE ( 'NONE', #1592, #2867, #1945, .T. ) ;
#1127 = DIRECTION ( 'NONE',  ( 1.000000000000000000, -1.665334536937732641E-15, 0.000000000000000000 ) ) ;
#1128 = CARTESIAN_POINT ( 'NONE',  ( -31.89999999999999147, -3.628499999999999837, -5.580800000000003536 ) ) ;
#1129 = CYLINDRICAL_SURFACE ( 'NONE', #644, 0.7699999999999929123 ) ;
#1130 = ORIENTED_EDGE ( 'NONE', *, *, #2291, .T. ) ;
#1131 = FACE_OUTER_BOUND ( 'NONE', #505, .T. ) ;
#1132 = CARTESIAN_POINT ( 'NONE',  ( 38.20000000000000284, -1.690000000000000613, -2.400000000000003020 ) ) ;
#1133 = PERSON_AND_ORGANIZATION_ROLE ( 'classification_officer' ) ;
#1134 = CARTESIAN_POINT ( 'NONE',  ( -28.90000000000000213, -3.627500000000000391, -5.925400000000021983 ) ) ;
#1135 = ORIENTED_EDGE ( 'NONE', *, *, #3830, .F. ) ;
#1136 = DIRECTION ( 'NONE',  ( 0.000000000000000000, 0.000000000000000000, 1.000000000000000000 ) ) ;
#1137 = ADVANCED_FACE ( 'NONE', ( #1065 ), #3873, .F. ) ;
#1138 = DIRECTION ( 'NONE',  ( -0.000000000000000000, 0.000000000000000000, -1.000000000000000000 ) ) ;
#1139 = ORIENTED_EDGE ( 'NONE', *, *, #668, .T. ) ;
#1140 = CARTESIAN_POINT ( 'NONE',  ( 0.000000000000000000, 0.000000000000000000, 0.000000000000000000 ) ) ;
#1141 = LINE ( 'NONE', #3001, #908 ) ;
#1142 = LINE ( 'NONE', #3065, #2665 ) ;
#1143 = ADVANCED_FACE ( 'NONE', ( #689 ), #3007, .F. ) ;
#1144 = VECTOR ( 'NONE', #3757, 1000.000000000000000 ) ;
#1145 = VERTEX_POINT ( 'NONE', #84 ) ;
#1146 = ORIENTED_EDGE ( 'NONE', *, *, #3862, .F. ) ;
#1147 = DIRECTION ( 'NONE',  ( 0.000000000000000000, 0.000000000000000000, 1.000000000000000000 ) ) ;
#1148 = CARTESIAN_POINT ( 'NONE',  ( -31.90000000000000568, -3.627500000000000391, -5.925400000000000666 ) ) ;
#1149 = EDGE_LOOP ( 'NONE', ( #3335, #1868, #603, #3893 ) ) ;
#1150 = LINE ( 'NONE', #3152, #2582 ) ;
#1151 = LINE ( 'NONE', #2442, #2812 ) ;
#1152 = PERSON_AND_ORGANIZATION ( #4035, #3412 ) ;
#1153 = EDGE_CURVE ( 'NONE', #2318, #1475, #1375, .T. ) ;
#1154 = LINE ( 'NONE', #3435, #3811 ) ;
#1155 = PRODUCT_DEFINITION ( 'UNKNOWN', '', #162, #1892 ) ;
#1156 = EDGE_LOOP ( 'NONE', ( #1795, #3572, #987, #1163, #2950, #3074 ) ) ;
#1157 = FACE_OUTER_BOUND ( 'NONE', #2439, .T. ) ;
#1158 = VECTOR ( 'NONE', #1635, 1000.000000000000000 ) ;
#1159 = EDGE_LOOP ( 'NONE', ( #1683, #2060, #1033, #3534 ) ) ;
#1160 = APPROVAL_PERSON_ORGANIZATION ( #267, #2397, #222 ) ;
#1161 = CARTESIAN_POINT ( 'NONE',  ( -28.58000000000000185, -3.628499999999999837, -5.580800000000003536 ) ) ;
#1162 = EDGE_LOOP ( 'NONE', ( #3782, #894, #1422, #3778 ) ) ;
#1163 = ORIENTED_EDGE ( 'NONE', *, *, #3594, .F. ) ;
#1164 = CARTESIAN_POINT ( 'NONE',  ( 62.40000000000014069, 0.8099999999998959144, 0.4999999999999900080 ) ) ;
#1165 = CARTESIAN_POINT ( 'NONE',  ( 38.10000000000000142, 0.000000000000000000, -62.39999999999999858 ) ) ;
#1166 = ORIENTED_EDGE ( 'NONE', *, *, #486, .F. ) ;
#1167 = CARTESIAN_POINT ( 'NONE',  ( -0.4000000000000148992, 1.409999999999999698, -40.72000000000000597 ) ) ;
#1168 = LINE ( 'NONE', #801, #332 ) ;
#1169 = MECHANICAL_CONTEXT ( 'NONE', #3839, 'mechanical' ) ;
#1170 = CARTESIAN_POINT ( 'NONE',  ( -1.734723475976807094E-14, 1.409999999999999698, -40.42000000000000171 ) ) ;
#1171 = VECTOR ( 'NONE', #3587, 1000.000000000000000 ) ;
#1172 = EDGE_LOOP ( 'NONE', ( #3465, #2030, #3688, #1166 ) ) ;
#1173 = CARTESIAN_POINT ( 'NONE',  ( 0.1000000000000028644, -1.690000000000000613, -2.399999999999999467 ) ) ;
#1174 = VECTOR ( 'NONE', #4146, 1000.000000000000000 ) ;
#1175 = VECTOR ( 'NONE', #2398, 1000.000000000000000 ) ;
#1176 = VECTOR ( 'NONE', #1440, 1000.000000000000000 ) ;
#1177 = ORIENTED_EDGE ( 'NONE', *, *, #3565, .F. ) ;
#1178 = APPROVAL_ROLE ( '' ) ;
#1179 = CARTESIAN_POINT ( 'NONE',  ( 0.1000000000000028644, -3.627500000000000391, -6.001600000000000712 ) ) ;
#1180 = EDGE_LOOP ( 'NONE', ( #3972, #2357, #3409, #1859 ) ) ;
#1181 = AXIS2_PLACEMENT_3D ( 'NONE', #214, #2464, #3370 ) ;
#1182 = CARTESIAN_POINT ( 'NONE',  ( 62.00000000000014211, 0.1099999999998966388, -1.734723475976807094E-14 ) ) ;
#1183 = FACE_OUTER_BOUND ( 'NONE', #1162, .T. ) ;
#1184 = DIRECTION ( 'NONE',  ( 0.000000000000000000, 0.000000000000000000, -1.000000000000000000 ) ) ;
#1185 = CIRCLE ( 'NONE', #2814, 0.9147800000000039233 ) ;
#1186 = CIRCLE ( 'NONE', #1854, 0.3048000000000000154 ) ;
#1187 = VERTEX_POINT ( 'NONE', #1623 ) ;
#1188 = DIRECTION ( 'NONE',  ( 0.000000000000000000, 0.000000000000000000, -1.000000000000000000 ) ) ;
#1189 = CARTESIAN_POINT ( 'NONE',  ( -28.90000000000000213, -3.627500000000000391, -5.925400000000021983 ) ) ;
#1190 = PERSON_AND_ORGANIZATION ( #4035, #3412 ) ;
#1191 = ORIENTED_EDGE ( 'NONE', *, *, #3565, .T. ) ;
#1192 = VERTEX_POINT ( 'NONE', #2677 ) ;
#1193 = DIRECTION ( 'NONE',  ( 1.000000000000000000, 0.000000000000000000, -3.016910393003142612E-17 ) ) ;
#1194 = EDGE_CURVE ( 'NONE', #3250, #3579, #752, .T. ) ;
#1195 = ORIENTED_EDGE ( 'NONE', *, *, #2704, .T. ) ;
#1196 = PERSON_AND_ORGANIZATION ( #4035, #3412 ) ;
#1197 = CARTESIAN_POINT ( 'NONE',  ( -28.65000000000000213, -3.627500000000000391, -6.001600000000022028 ) ) ;
#1198 = CC_DESIGN_PERSON_AND_ORGANIZATION_ASSIGNMENT ( #348, #682, ( #3144 ) ) ;
#1199 = VERTEX_POINT ( 'NONE', #715 ) ;
#1200 = LINE ( 'NONE', #887, #3652 ) ;
#1201 = FACE_OUTER_BOUND ( 'NONE', #2915, .T. ) ;
#1202 = CARTESIAN_POINT ( 'NONE',  ( 28.22460150567394876, 0.9099999999999490718, 11.03340709233567907 ) ) ;
#1203 = EDGE_CURVE ( 'NONE', #3499, #3491, #3962, .T. ) ;
#1204 = ORIENTED_EDGE ( 'NONE', *, *, #1976, .F. ) ;
#1205 = CYLINDRICAL_SURFACE ( 'NONE', #3800, 0.3048000000000000154 ) ;
#1206 = CARTESIAN_POINT ( 'NONE',  ( 35.63500000000006906, 0.8099999999999392131, 0.9999999999999940048 ) ) ;
#1207 = CALENDAR_DATE ( 2022, 7, 1 ) ;
#1208 = VERTEX_POINT ( 'NONE', #1045 ) ;
#1209 = EDGE_LOOP ( 'NONE', ( #4004, #461, #1067, #1886 ) ) ;
#1210 = CARTESIAN_POINT ( 'NONE',  ( -28.58000000000000185, -3.628499999999999837, -3.780800000000001049 ) ) ;
#1211 = ORIENTED_EDGE ( 'NONE', *, *, #1670, .T. ) ;
#1212 = PRODUCT ( '11102-06_T7', '11102-06_T7', '', ( #2805 ) ) ;
#1213 = CALENDAR_DATE ( 2022, 7, 1 ) ;
#1214 = CARTESIAN_POINT ( 'NONE',  ( 19.14999999999999858, 0.05000000000000000278, 9.250000000000000000 ) ) ;
#1215 = ADVANCED_FACE ( 'NONE', ( #2359 ), #1965, .F. ) ;
#1216 = ORIENTED_EDGE ( 'NONE', *, *, #3660, .T. ) ;
#1217 = EDGE_CURVE ( 'NONE', #1739, #986, #2924, .T. ) ;
#1218 = APPROVAL_PERSON_ORGANIZATION ( #3356, #3141, #2258 ) ;
#1219 = LINE ( 'NONE', #871, #1284 ) ;
#1220 = CARTESIAN_POINT ( 'NONE',  ( -55.31733514603551782, -2.139999999999999680, -18.82277474571172959 ) ) ;
#1221 = CC_DESIGN_PERSON_AND_ORGANIZATION_ASSIGNMENT ( #1821, #174, ( #590 ) ) ;
#1222 = DIRECTION ( 'NONE',  ( 0.000000000000000000, -1.000000000000000000, 0.000000000000000000 ) ) ;
#1223 = EDGE_CURVE ( 'NONE', #3443, #3694, #1185, .T. ) ;
#1224 = VECTOR ( 'NONE', #3021, 1000.000000000000000 ) ;
#1225 = LOCAL_TIME ( 16, 6, 30.00000000000000000, #3259 ) ;
#1226 = VECTOR ( 'NONE', #2841, 1000.000000000000000 ) ;
#1227 = ORIENTED_EDGE ( 'NONE', *, *, #3781, .T. ) ;
#1228 = LINE ( 'NONE', #1843, #1291 ) ;
#1229 = CARTESIAN_POINT ( 'NONE',  ( 0.1000000000000028644, -4.309999999999999609, -2.399999999999999467 ) ) ;
#1230 = APPROVAL_STATUS ( 'not_yet_approved' ) ;
#1231 = EDGE_LOOP ( 'NONE', ( #687, #396, #904, #2754 ) ) ;
#1232 = EDGE_LOOP ( 'NONE', ( #1934, #591, #2776, #664 ) ) ;
#1233 = CARTESIAN_POINT ( 'NONE',  ( -55.31733514603550361, -3.469446951953614189E-15, -63.65712399999999604 ) ) ;
#1234 = EDGE_CURVE ( 'NONE', #3902, #1145, #2294, .T. ) ;
#1235 = AXIS2_PLACEMENT_3D ( 'NONE', #2466, #951, #336 ) ;
#1236 = VECTOR ( 'NONE', #3024, 1000.000000000000000 ) ;
#1237 = ORIENTED_EDGE ( 'NONE', *, *, #3653, .F. ) ;
#1238 = VECTOR ( 'NONE', #175, 1000.000000000000000 ) ;
#1239 = PERSON_AND_ORGANIZATION_ROLE ( 'creator' ) ;
#1240 = DIRECTION ( 'NONE',  ( -4.488735109016416189E-17, 7.475245604209993926E-32, -1.000000000000000000 ) ) ;
#1241 = CIRCLE ( 'NONE', #120, 0.5000000000000004441 ) ;
#1242 = ORIENTED_EDGE ( 'NONE', *, *, #90, .T. ) ;
#1243 = DIRECTION ( 'NONE',  ( 0.000000000000000000, 1.000000000000000000, -0.000000000000000000 ) ) ;
#1244 = AXIS2_PLACEMENT_3D ( 'NONE', #1140, #3718, #1435 ) ;
#1245 = DIRECTION ( 'NONE',  ( 1.541976423090498789E-15, -2.567906592516311084E-30, -1.000000000000000000 ) ) ;
#1246 = PLANE ( 'NONE',  #2807 ) ;
#1247 = DIRECTION ( 'NONE',  ( 0.000000000000000000, 0.000000000000000000, 1.000000000000000000 ) ) ;
#1248 = EDGE_CURVE ( 'NONE', #1909, #2897, #1648, .T. ) ;
#1249 = ORIENTED_EDGE ( 'NONE', *, *, #1567, .T. ) ;
#1250 = CARTESIAN_POINT ( 'NONE',  ( 0.000000000000000000, -1.655047313399108599, -18.70103366078729934 ) ) ;
#1251 = CARTESIAN_POINT ( 'NONE',  ( 19.64999999999999858, 0.05000000000000000278, -8.749999999999998224 ) ) ;
#1252 = PERSON_AND_ORGANIZATION ( #4035, #3412 ) ;
#1253 = ORIENTED_EDGE ( 'NONE', *, *, #2933, .F. ) ;
#1254 = ORIENTED_EDGE ( 'NONE', *, *, #3513, .F. ) ;
#1255 = CARTESIAN_POINT ( 'NONE',  ( 62.40000000000013358, 1.409999999999895781, 0.4999999999999900080 ) ) ;
#1256 = VECTOR ( 'NONE', #3597, 1000.000000000000000 ) ;
#1257 = EDGE_LOOP ( 'NONE', ( #2996, #1887, #253, #1596 ) ) ;
#1258 = PERSON_AND_ORGANIZATION_ROLE ( 'design_supplier' ) ;
#1259 = EDGE_CURVE ( 'NONE', #1475, #1656, #3957, .T. ) ;
#1260 = CARTESIAN_POINT ( 'NONE',  ( 0.1000000000000028644, -1.690000000000000613, -2.399999999999999467 ) ) ;
#1261 = VERTEX_POINT ( 'NONE', #543 ) ;
#1262 = CARTESIAN_POINT ( 'NONE',  ( -31.59519999999999840, -3.627500000000000391, -5.925400000000000666 ) ) ;
#1263 = CARTESIAN_POINT ( 'NONE',  ( 0.000000000000000000, 0.2992399999999992288, -62.39999999999999858 ) ) ;
#1264 = EDGE_CURVE ( 'NONE', #104, #3877, #856, .T. ) ;
#1265 = LINE ( 'NONE', #2581, #1442 ) ;
#1266 = ORIENTED_EDGE ( 'NONE', *, *, #3132, .T. ) ;
#1267 = LINE ( 'NONE', #2561, #3057 ) ;
#1268 = DIRECTION ( 'NONE',  ( 0.000000000000000000, -0.000000000000000000, 1.000000000000000000 ) ) ;
#1269 = PERSON_AND_ORGANIZATION_ROLE ( 'classification_officer' ) ;
#1270 = ORIENTED_EDGE ( 'NONE', *, *, #3638, .F. ) ;
#1271 = ORIENTED_EDGE ( 'NONE', *, *, #1234, .F. ) ;
#1272 = ADVANCED_FACE ( 'NONE', ( #793 ), #2457, .T. ) ;
#1273 = CARTESIAN_POINT ( 'NONE',  ( 35.73500000000010601, 0.9099999999999386358, 8.799999999999991829 ) ) ;
#1274 = CC_DESIGN_PERSON_AND_ORGANIZATION_ASSIGNMENT ( #1956, #1935, ( #760 ) ) ;
#1275 = EDGE_CURVE ( 'NONE', #3796, #3126, #3408, .T. ) ;
#1276 = CARTESIAN_POINT ( 'NONE',  ( 26.46500000000004604, 0.8099999999999478728, 5.959999999999996412 ) ) ;
#1277 = ORIENTED_EDGE ( 'NONE', *, *, #539, .T. ) ;
#1278 = COORDINATED_UNIVERSAL_TIME_OFFSET ( 6, 0, .BEHIND. ) ;
#1279 = CARTESIAN_POINT ( 'NONE',  ( 19.64999999999999858, 0.05000000000000000278, -9.250000000000000000 ) ) ;
#1280 = ORIENTED_EDGE ( 'NONE', *, *, #3594, .T. ) ;
#1281 = DIRECTION ( 'NONE',  ( 0.000000000000000000, 1.000000000000000000, -2.456429884329807030E-30 ) ) ;
#1282 = CARTESIAN_POINT ( 'NONE',  ( 62.40000000000012648, 1.409999999999895781, -40.72000000000000597 ) ) ;
#1283 = CARTESIAN_POINT ( 'NONE',  ( -28.39479999999998938, -3.327500000000000568, -6.001600000000022028 ) ) ;
#1284 = VECTOR ( 'NONE', #540, 1000.000000000000000 ) ;
#1285 = LOCAL_TIME ( 16, 6, 30.00000000000000000, #1491 ) ;
#1286 = ORIENTED_EDGE ( 'NONE', *, *, #1805, .T. ) ;
#1287 = DIRECTION ( 'NONE',  ( -0.000000000000000000, -1.000000000000000000, -0.000000000000000000 ) ) ;
#1288 = DIRECTION ( 'NONE',  ( 0.000000000000000000, 0.000000000000000000, -1.000000000000000000 ) ) ;
#1289 = SECURITY_CLASSIFICATION_LEVEL ( 'unclassified' ) ;
#1290 = CC_DESIGN_SECURITY_CLASSIFICATION ( #2717, ( #1896 ) ) ;
#1291 = VECTOR ( 'NONE', #3450, 1000.000000000000000 ) ;
#1292 = ORIENTED_EDGE ( 'NONE', *, *, #1858, .F. ) ;
#1293 = ORIENTED_EDGE ( 'NONE', *, *, #2713, .F. ) ;
#1294 = DIRECTION ( 'NONE',  ( 0.000000000000000000, 0.000000000000000000, 1.000000000000000000 ) ) ;
#1295 = DIRECTION ( 'NONE',  ( 0.000000000000000000, -0.9699053732017803853, -0.2434821698488723596 ) ) ;
#1296 = EDGE_CURVE ( 'NONE', #738, #2584, #2870, .T. ) ;
#1297 = CARTESIAN_POINT ( 'NONE',  ( 19.14999999999999858, 0.000000000000000000, -9.250000000000000000 ) ) ;
#1298 = VERTEX_POINT ( 'NONE', #3072 ) ;
#1299 = APPLICATION_PROTOCOL_DEFINITION ( 'international standard', 'config_control_design', 1994, #315 ) ;
#1300 = LINE ( 'NONE', #123, #1967 ) ;
#1301 = VECTOR ( 'NONE', #3279, 1000.000000000000000 ) ;
#1302 = ORIENTED_EDGE ( 'NONE', *, *, #1761, .F. ) ;
#1303 = FACE_OUTER_BOUND ( 'NONE', #2430, .T. ) ;
#1304 = CARTESIAN_POINT ( 'NONE',  ( 62.00000000000012790, 1.639999999999895097, -40.42000000000000171 ) ) ;
#1305 = VECTOR ( 'NONE', #3745, 1000.000000000000000 ) ;
#1306 = ORIENTED_EDGE ( 'NONE', *, *, #1372, .T. ) ;
#1307 = PLANE ( 'NONE',  #3690 ) ;
#1308 = DIRECTION ( 'NONE',  ( 0.000000000000000000, 0.000000000000000000, -1.000000000000000000 ) ) ;
#1309 = APPROVAL_ROLE ( '' ) ;
#1310 = VERTEX_POINT ( 'NONE', #855 ) ;
#1311 = ORIENTED_EDGE ( 'NONE', *, *, #1085, .T. ) ;
#1312 = CARTESIAN_POINT ( 'NONE',  ( 8.326672684688674053E-14, -0.8700000000000009948, -63.65712399999999604 ) ) ;
#1313 = DIRECTION ( 'NONE',  ( 1.000000000000000000, -1.665334536937732641E-15, -0.000000000000000000 ) ) ;
#1314 = CARTESIAN_POINT ( 'NONE',  ( 26.26500000000005031, 0.9099999999999507372, 5.759999999999998010 ) ) ;
#1315 = EDGE_CURVE ( 'NONE', #4074, #848, #3746, .T. ) ;
#1316 = AXIS2_PLACEMENT_3D ( 'NONE', #1220, #1519, #2497 ) ;
#1317 = CARTESIAN_POINT ( 'NONE',  ( 38.10000000000000142, -1.190000000000000169, -18.50000000000000355 ) ) ;
#1318 = ORIENTED_EDGE ( 'NONE', *, *, #1407, .T. ) ;
#1319 = ADVANCED_FACE ( 'NONE', ( #2115 ), #1799, .T. ) ;
#1320 = CARTESIAN_POINT ( 'NONE',  ( -31.90000000000000568, -3.327500000000000568, -3.741000000000001435 ) ) ;
#1321 = LINE ( 'NONE', #2998, #1430 ) ;
#1322 = ORIENTED_EDGE ( 'NONE', *, *, #1315, .T. ) ;
#1323 = DIRECTION ( 'NONE',  ( 1.000000000000000000, 0.000000000000000000, 0.000000000000000000 ) ) ;
#1324 = DIRECTION ( 'NONE',  ( -0.000000000000000000, 0.000000000000000000, -1.000000000000000000 ) ) ;
#1325 = PRODUCT_RELATED_PRODUCT_CATEGORY ( 'detail', '', ( #3483 ) ) ;
#1326 = CARTESIAN_POINT ( 'NONE',  ( 0.000000000000000000, 0.000000000000000000, -62.39999999999999858 ) ) ;
#1327 = EDGE_CURVE ( 'NONE', #1058, #2434, #211, .T. ) ;
#1328 = ORIENTED_EDGE ( 'NONE', *, *, #278, .F. ) ;
#1329 = DIRECTION ( 'NONE',  ( -1.000000000000000000, 0.000000000000000000, 0.000000000000000000 ) ) ;
#1330 = DIRECTION ( 'NONE',  ( 0.000000000000000000, 0.000000000000000000, 1.000000000000000000 ) ) ;
#1331 = CALENDAR_DATE ( 2022, 7, 1 ) ;
#1332 = ORIENTED_EDGE ( 'NONE', *, *, #3473, .F. ) ;
#1333 = ORIENTED_EDGE ( 'NONE', *, *, #2171, .F. ) ;
#1334 = DIRECTION ( 'NONE',  ( 0.000000000000000000, 1.000000000000000000, 0.000000000000000000 ) ) ;
#1335 = CARTESIAN_POINT ( 'NONE',  ( 35.63500000000010459, 0.9099999999999386358, 8.799999999999998934 ) ) ;
#1336 = CARTESIAN_POINT ( 'NONE',  ( -55.31733514603551782, 0.000000000000000000, -62.39999999999999858 ) ) ;
#1337 = VECTOR ( 'NONE', #1980, 1000.000000000000000 ) ;
#1338 = LINE ( 'NONE', #410, #2935 ) ;
#1339 = ORIENTED_EDGE ( 'NONE', *, *, #1106, .T. ) ;
#1340 = LINE ( 'NONE', #2022, #2769 ) ;
#1341 = LINE ( 'NONE', #2327, #3795 ) ;
#1342 = EDGE_LOOP ( 'NONE', ( #3263, #899, #945, #1979, #2549, #1135, #1146, #8, #1955, #1119 ) ) ;
#1343 = FACE_OUTER_BOUND ( 'NONE', #4110, .T. ) ;
#1344 = DIRECTION ( 'NONE',  ( 0.000000000000000000, 0.000000000000000000, 1.000000000000000000 ) ) ;
#1345 = EDGE_CURVE ( 'NONE', #3377, #3939, #1462, .T. ) ;
#1346 = EDGE_CURVE ( 'NONE', #1679, #3857, #3687, .T. ) ;
#1347 = VERTEX_POINT ( 'NONE', #2778 ) ;
#1348 = DIRECTION ( 'NONE',  ( 0.000000000000000000, 0.000000000000000000, 1.000000000000000000 ) ) ;
#1349 = CARTESIAN_POINT ( 'NONE',  ( 19.14999999999999858, 0.05000000000000000278, 9.250000000000000000 ) ) ;
#1350 = CONTEXT_DEPENDENT_SHAPE_REPRESENTATION ( #12, #881 ) ;
#1351 = ORIENTED_EDGE ( 'NONE', *, *, #1705, .T. ) ;
#1352 = VERTEX_POINT ( 'NONE', #1165 ) ;
#1353 = FACE_OUTER_BOUND ( 'NONE', #288, .T. ) ;
#1354 = PERSON ( 'NAUO-PER3', 'UNSPECIFIED', 'UNSPECIFIED', ('UNSPECIFIED'), ('UNSPECIFIED'), ('UNSPECIFIED') ) ;
#1355 = CC_DESIGN_APPROVAL ( #242, ( #760 ) ) ;
#1356 = CARTESIAN_POINT ( 'NONE',  ( 38.10000000000000142, 0.2992399999999992288, 0.000000000000000000 ) ) ;
#1357 = CARTESIAN_POINT ( 'NONE',  ( -55.31733514603551782, -1.799827313399109174, -18.70103366078729934 ) ) ;
#1358 = AXIS2_PLACEMENT_3D ( 'NONE', #446, #136, #1673 ) ;
#1359 = LOCAL_TIME ( 16, 6, 30.00000000000000000, #2228 ) ;
#1360 = DIRECTION ( 'NONE',  ( 0.000000000000000000, 0.000000000000000000, -1.000000000000000000 ) ) ;
#1361 = VERTEX_POINT ( 'NONE', #2058 ) ;
#1362 = DIRECTION ( 'NONE',  ( 1.000000000000000000, 0.000000000000000000, 0.000000000000000000 ) ) ;
#1363 = EDGE_CURVE ( 'NONE', #3902, #104, #3429, .T. ) ;
#1364 = DIRECTION ( 'NONE',  ( 0.000000000000000000, 0.000000000000000000, -1.000000000000000000 ) ) ;
#1365 = ORIENTED_EDGE ( 'NONE', *, *, #3448, .T. ) ;
#1366 = CARTESIAN_POINT ( 'NONE',  ( 8.326672684688674053E-14, -0.8700000000000009948, -64.57190400000000352 ) ) ;
#1367 = LINE ( 'NONE', #748, #450 ) ;
#1368 = DIRECTION ( 'NONE',  ( 0.000000000000000000, -0.000000000000000000, 1.000000000000000000 ) ) ;
#1369 = VECTOR ( 'NONE', #306, 1000.000000000000000 ) ;
#1370 = AXIS2_PLACEMENT_3D ( 'NONE', #678, #2232, #3266 ) ;
#1371 = ORIENTED_EDGE ( 'NONE', *, *, #1970, .T. ) ;
#1372 = EDGE_CURVE ( 'NONE', #2240, #2010, #2761, .T. ) ;
#1373 = FACE_OUTER_BOUND ( 'NONE', #704, .T. ) ;
#1374 = VECTOR ( 'NONE', #3969, 1000.000000000000000 ) ;
#1375 = LINE ( 'NONE', #2273, #658 ) ;
#1376 = PERSON_AND_ORGANIZATION ( #3836, #25 ) ;
#1377 = CIRCLE ( 'NONE', #2125, 0.1999999999999987899 ) ;
#1378 = ORIENTED_EDGE ( 'NONE', *, *, #3257, .F. ) ;
#1379 = ORIENTED_EDGE ( 'NONE', *, *, #2598, .T. ) ;
#1380 = FACE_OUTER_BOUND ( 'NONE', #177, .T. ) ;
#1381 = PLANE ( 'NONE',  #732 ) ;
#1382 = PERSON_AND_ORGANIZATION_ROLE ( 'creator' ) ;
#1383 = AXIS2_PLACEMENT_3D ( 'NONE', #1732, #2710, #126 ) ;
#1384 = CARTESIAN_POINT ( 'NONE',  ( 35.73500000000007049, 0.9099999999999386358, 0.9999999999999940048 ) ) ;
#1385 = AXIS2_PLACEMENT_3D ( 'NONE', #568, #4129, #605 ) ;
#1386 = DIRECTION ( 'NONE',  ( 0.000000000000000000, 0.2434821698488723318, -0.9699053732017802743 ) ) ;
#1387 = ORIENTED_EDGE ( 'NONE', *, *, #2269, .F. ) ;
#1388 = PLANE ( 'NONE',  #1542 ) ;
#1389 = EDGE_CURVE ( 'NONE', #4096, #3151, #1441, .T. ) ;
#1390 = AXIS2_PLACEMENT_3D ( 'NONE', #2630, #3301, #3637 ) ;
#1391 = AXIS2_PLACEMENT_3D ( 'NONE', #3785, #3445, #3188 ) ;
#1392 = CARTESIAN_POINT ( 'NONE',  ( 28.25000000000005329, 1.109999999999947917, 11.69999999999999218 ) ) ;
#1393 = ORIENTED_EDGE ( 'NONE', *, *, #2784, .F. ) ;
#1394 = EDGE_CURVE ( 'NONE', #2886, #1904, #1815, .T. ) ;
#1395 = DIRECTION ( 'NONE',  ( 0.000000000000000000, 0.000000000000000000, -1.000000000000000000 ) ) ;
#1396 = DIRECTION ( 'NONE',  ( -1.000000000000000000, 0.000000000000000000, 1.508455196501571306E-17 ) ) ;
#1397 = CARTESIAN_POINT ( 'NONE',  ( 0.1000000000000028644, -3.627500000000000391, -6.001600000000000712 ) ) ;
#1398 = EDGE_LOOP ( 'NONE', ( #2657, #3109, #1485, #3764 ) ) ;
#1399 = CARTESIAN_POINT ( 'NONE',  ( -31.59519999999999840, -3.327500000000000568, -3.741000000000001435 ) ) ;
#1400 = ADVANCED_FACE ( 'NONE', ( #480 ), #1129, .F. ) ;
#1401 = DIRECTION ( 'NONE',  ( 8.997944700177142083E-30, -2.456429884329805979E-30, 1.000000000000000000 ) ) ;
#1402 = ORIENTED_EDGE ( 'NONE', *, *, #3953, .F. ) ;
#1403 = LINE ( 'NONE', #1167, #2988 ) ;
#1404 = DIRECTION ( 'NONE',  ( 0.6659290766430893127, -1.108994690484791358E-15, 0.7460150567389925991 ) ) ;
#1405 = COORDINATED_UNIVERSAL_TIME_OFFSET ( 6, 0, .BEHIND. ) ;
#1406 = FACE_OUTER_BOUND ( 'NONE', #1172, .T. ) ;
#1407 = EDGE_CURVE ( 'NONE', #51, #1800, #1377, .T. ) ;
#1408 = EDGE_CURVE ( 'NONE', #1904, #1693, #1241, .T. ) ;
#1409 = ORIENTED_EDGE ( 'NONE', *, *, #3216, .T. ) ;
#1410 = CC_DESIGN_PERSON_AND_ORGANIZATION_ASSIGNMENT ( #1376, #3667, ( #435 ) ) ;
#1411 = FACE_OUTER_BOUND ( 'NONE', #2024, .T. ) ;
#1412 = EDGE_CURVE ( 'NONE', #2867, #4071, #4081, .T. ) ;
#1413 = DIRECTION ( 'NONE',  ( -1.000000000000000000, 1.665334536937732641E-15, 0.000000000000000000 ) ) ;
#1414 = ORIENTED_EDGE ( 'NONE', *, *, #2141, .F. ) ;
#1415 =( LENGTH_UNIT ( ) NAMED_UNIT ( * ) SI_UNIT ( .MILLI., .METRE. ) );
#1416 = CARTESIAN_POINT ( 'NONE',  ( 0.1000000000000028644, -3.627500000000000391, -3.360000000000002096 ) ) ;
#1417 = DIRECTION ( 'NONE',  ( 0.000000000000000000, -1.000000000000000000, 2.456429884329807731E-30 ) ) ;
#1418 = ORIENTED_EDGE ( 'NONE', *, *, #2214, .F. ) ;
#1419 = LINE ( 'NONE', #4001, #659 ) ;
#1420 = CARTESIAN_POINT ( 'NONE',  ( 38.10000000000000142, 0.000000000000000000, 0.000000000000000000 ) ) ;
#1421 = EDGE_CURVE ( 'NONE', #1000, #1428, #316, .T. ) ;
#1422 = ORIENTED_EDGE ( 'NONE', *, *, #2643, .T. ) ;
#1423 = DIRECTION ( 'NONE',  ( 1.665334536937736783E-15, -1.000000000000000000, 0.000000000000000000 ) ) ;
#1424 = LINE ( 'NONE', #3094, #2753 ) ;
#1425 = APPLICATION_PROTOCOL_DEFINITION ( 'international standard', 'config_control_design', 1994, #795 ) ;
#1426 = LINE ( 'NONE', #1052, #2738 ) ;
#1427 = LOCAL_TIME ( 16, 6, 30.00000000000000000, #3854 ) ;
#1428 = VERTEX_POINT ( 'NONE', #3189 ) ;
#1429 = CARTESIAN_POINT ( 'NONE',  ( -31.90000000000000568, -3.627500000000000391, -3.780800000000001049 ) ) ;
#1430 = VECTOR ( 'NONE', #3247, 1000.000000000000000 ) ;
#1431 = DIRECTION ( 'NONE',  ( 0.000000000000000000, -1.000000000000000000, 0.000000000000000000 ) ) ;
#1432 = ADVANCED_FACE ( 'NONE', ( #1560 ), #1246, .F. ) ;
#1433 = VECTOR ( 'NONE', #604, 1000.000000000000000 ) ;
#1434 = ORIENTED_EDGE ( 'NONE', *, *, #613, .T. ) ;
#1435 = DIRECTION ( 'NONE',  ( 1.000000000000000000, 0.000000000000000000, 0.000000000000000000 ) ) ;
#1436 = DIRECTION ( 'NONE',  ( 1.665334536937736783E-15, -1.000000000000000000, 0.000000000000000000 ) ) ;
#1437 = CARTESIAN_POINT ( 'NONE',  ( 0.000000000000000000, -1.799827313399109174, -18.70103366078729934 ) ) ;
#1438 = AXIS2_PLACEMENT_3D ( 'NONE', #2740, #4021, #1127 ) ;
#1439 = DIRECTION ( 'NONE',  ( 1.000000000000000000, 0.000000000000000000, -0.000000000000000000 ) ) ;
#1440 = DIRECTION ( 'NONE',  ( 0.000000000000000000, 1.000000000000000000, -0.000000000000000000 ) ) ;
#1441 = LINE ( 'NONE', #2416, #3947 ) ;
#1442 = VECTOR ( 'NONE', #1922, 1000.000000000000000 ) ;
#1443 = VECTOR ( 'NONE', #3043, 1000.000000000000000 ) ;
#1444 = AXIS2_PLACEMENT_3D ( 'NONE', #4, #1675, #2253 ) ;
#1445 = ORIENTED_EDGE ( 'NONE', *, *, #1101, .T. ) ;
#1446 = DIRECTION ( 'NONE',  ( -7.709882115452493944E-16, 1.283953296258155542E-30, 1.000000000000000000 ) ) ;
#1447 = ADVANCED_FACE ( 'NONE', ( #2498 ), #3150, .T. ) ;
#1448 = CARTESIAN_POINT ( 'NONE',  ( 26.68000000000005301, 0.9099999999999490718, 7.159999999999996589 ) ) ;
#1449 = APPLICATION_PROTOCOL_DEFINITION ( 'international standard', 'config_control_design', 1994, #3759 ) ;
#1450 = CARTESIAN_POINT ( 'NONE',  ( -55.31733514603550361, -0.7699999999999997957, -63.65712399999999604 ) ) ;
#1451 = ORIENTED_EDGE ( 'NONE', *, *, #2920, .F. ) ;
#1452 = CYLINDRICAL_SURFACE ( 'NONE', #1096, 0.09999999999999971412 ) ;
#1453 = EDGE_CURVE ( 'NONE', #1872, #1555, #3604, .T. ) ;
#1454 = CARTESIAN_POINT ( 'NONE',  ( 35.73500000000007049, 0.9099999999999386358, 0.9999999999999940048 ) ) ;
#1455 = VERTEX_POINT ( 'NONE', #3809 ) ;
#1456 = DIRECTION ( 'NONE',  ( 0.000000000000000000, -0.000000000000000000, 1.000000000000000000 ) ) ;
#1457 = DIRECTION ( 'NONE',  ( 1.000000000000000000, -1.665334536937732641E-15, 0.000000000000000000 ) ) ;
#1458 = VERTEX_POINT ( 'NONE', #932 ) ;
#1459 = ORIENTED_EDGE ( 'NONE', *, *, #3713, .T. ) ;
#1460 = CARTESIAN_POINT ( 'NONE',  ( 35.32000000000009265, 0.8099999999999392131, 6.559999999999999609 ) ) ;
#1461 = ADVANCED_FACE ( 'NONE', ( #950 ), #583, .F. ) ;
#1462 = LINE ( 'NONE', #1420, #516 ) ;
#1463 = EDGE_CURVE ( 'NONE', #3423, #804, #873, .T. ) ;
#1464 = ORIENTED_EDGE ( 'NONE', *, *, #2257, .F. ) ;
#1465 = DIRECTION ( 'NONE',  ( -1.164719755589288430E-16, 1.939648034836517179E-31, -1.000000000000000000 ) ) ;
#1466 = CARTESIAN_POINT ( 'NONE',  ( -19.14999999999999858, 0.000000000000000000, -9.250000000000000000 ) ) ;
#1467 = CALENDAR_DATE ( 2022, 7, 1 ) ;
#1468 = DIRECTION ( 'NONE',  ( 0.000000000000000000, 1.000000000000000000, -0.000000000000000000 ) ) ;
#1469 = EDGE_LOOP ( 'NONE', ( #553, #3965, #1472, #3595 ) ) ;
#1470 = DIRECTION ( 'NONE',  ( 1.000000000000000000, 0.000000000000000000, 0.000000000000000000 ) ) ;
#1471 = VECTOR ( 'NONE', #1243, 1000.000000000000000 ) ;
#1472 = ORIENTED_EDGE ( 'NONE', *, *, #3215, .F. ) ;
#1473 = DIRECTION ( 'NONE',  ( 1.000000000000000000, -1.665334536937732641E-15, 0.000000000000000000 ) ) ;
#1474 = AXIS2_PLACEMENT_3D ( 'NONE', #1121, #879, #3375 ) ;
#1475 = VERTEX_POINT ( 'NONE', #602 ) ;
#1476 = ORIENTED_EDGE ( 'NONE', *, *, #2737, .T. ) ;
#1477 = DIRECTION ( 'NONE',  ( 1.000000000000000000, 0.000000000000000000, 0.000000000000000000 ) ) ;
#1478 = CARTESIAN_POINT ( 'NONE',  ( 33.75000000000007105, 0.9099999999999472955, 11.09999999999998188 ) ) ;
#1479 = ADVANCED_FACE ( 'NONE', ( #2183 ), #2558, .T. ) ;
#1480 = ORIENTED_EDGE ( 'NONE', *, *, #4101, .T. ) ;
#1481 = LINE ( 'NONE', #2143, #29 ) ;
#1482 = FACE_OUTER_BOUND ( 'NONE', #1969, .T. ) ;
#1483 = CALENDAR_DATE ( 2022, 7, 1 ) ;
#1484 = PLANE ( 'NONE',  #379 ) ;
#1485 = ORIENTED_EDGE ( 'NONE', *, *, #1516, .T. ) ;
#1486 = ORIENTED_EDGE ( 'NONE', *, *, #2904, .T. ) ;
#1487 = CARTESIAN_POINT ( 'NONE',  ( 0.1000000000000028644, -3.627500000000000391, -3.360000000000002096 ) ) ;
#1488 = AXIS2_PLACEMENT_3D ( 'NONE', #1797, #3974, #1680 ) ;
#1489 = CC_DESIGN_SECURITY_CLASSIFICATION ( #3049, ( #2127 ) ) ;
#1490 = ORIENTED_EDGE ( 'NONE', *, *, #1022, .F. ) ;
#1491 = COORDINATED_UNIVERSAL_TIME_OFFSET ( 6, 0, .BEHIND. ) ;
#1492 = AXIS2_PLACEMENT_3D ( 'NONE', #1610, #943, #3480 ) ;
#1493 = LINE ( 'NONE', #3683, #2863 ) ;
#1494 = VECTOR ( 'NONE', #1413, 1000.000000000000000 ) ;
#1495 = ORIENTED_EDGE ( 'NONE', *, *, #3783, .F. ) ;
#1496 = DIRECTION ( 'NONE',  ( 1.000000000000000000, 0.000000000000000000, 0.000000000000000000 ) ) ;
#1497 = LINE ( 'NONE', #3766, #1716 ) ;
#1498 = LINE ( 'NONE', #3490, #1174 ) ;
#1499 = ADVANCED_FACE ( 'NONE', ( #3506 ), #3446, .T. ) ;
#1500 = ORIENTED_EDGE ( 'NONE', *, *, #796, .F. ) ;
#1501 = CARTESIAN_POINT ( 'NONE',  ( 26.46500000000006381, 0.9099999999999490718, 7.359999999999994991 ) ) ;
#1502 = CARTESIAN_POINT ( 'NONE',  ( 0.1000000000000028644, -4.309999999999999609, -2.399999999999999467 ) ) ;
#1503 = APPROVAL_ROLE ( '' ) ;
#1504 = CARTESIAN_POINT ( 'NONE',  ( 26.36500000000004817, 0.8099999999999478728, 8.799999999999991829 ) ) ;
#1505 = VECTOR ( 'NONE', #637, 1000.000000000000000 ) ;
#1506 = ORIENTED_EDGE ( 'NONE', *, *, #3454, .T. ) ;
#1507 = EDGE_LOOP ( 'NONE', ( #1318, #517, #571, #2846 ) ) ;
#1508 = DIRECTION ( 'NONE',  ( -1.000000000000000000, 1.665334536937732641E-15, 0.000000000000000000 ) ) ;
#1509 = AXIS2_PLACEMENT_3D ( 'NONE', #3334, #743, #1978 ) ;
#1510 = EDGE_CURVE ( 'NONE', #3062, #1671, #1862, .T. ) ;
#1511 = VECTOR ( 'NONE', #3384, 1000.000000000000000 ) ;
#1512 = ADVANCED_FACE ( 'NONE', ( #2482 ), #2838, .F. ) ;
#1513 = VERTEX_POINT ( 'NONE', #2222 ) ;
#1514 = APPROVAL_DATE_TIME ( #4140, #28 ) ;
#1515 = CARTESIAN_POINT ( 'NONE',  ( -0.3999999999999975797, 0.1100000000000007222, 2.099999999999987210 ) ) ;
#1516 = EDGE_CURVE ( 'NONE', #880, #125, #912, .T. ) ;
#1517 = EDGE_LOOP ( 'NONE', ( #1112, #266, #3084, #2215 ) ) ;
#1518 = CARTESIAN_POINT ( 'NONE',  ( -55.31733514603551782, -1.819732686600891824, -18.62174108492443736 ) ) ;
#1519 = DIRECTION ( 'NONE',  ( 1.000000000000000000, 0.000000000000000000, 0.000000000000000000 ) ) ;
#1520 = FACE_OUTER_BOUND ( 'NONE', #2046, .T. ) ;
#1521 = AXIS2_PLACEMENT_3D ( 'NONE', #2032, #1021, #443 ) ;
#1522 = PRODUCT_DEFINITION_SHAPE ( 'NONE', 'NONE',  #4170 ) ;
#1523 = VECTOR ( 'NONE', #706, 1000.000000000000000 ) ;
#1524 = ORIENTED_EDGE ( 'NONE', *, *, #2154, .T. ) ;
#1525 = LINE ( 'NONE', #1866, #3588 ) ;
#1526 = CARTESIAN_POINT ( 'NONE',  ( 26.26500000000005031, 0.8099999999999478728, 5.759999999999998010 ) ) ;
#1527 = COORDINATED_UNIVERSAL_TIME_OFFSET ( 6, 0, .BEHIND. ) ;
#1528 = ORIENTED_EDGE ( 'NONE', *, *, #1585, .T. ) ;
#1529 = ORIENTED_EDGE ( 'NONE', *, *, #3442, .T. ) ;
#1530 = DIRECTION ( 'NONE',  ( -0.7460150567389930432, 1.242364639063008065E-15, -0.6659290766430890907 ) ) ;
#1531 = EDGE_CURVE ( 'NONE', #967, #3882, #2204, .T. ) ;
#1532 = EDGE_CURVE ( 'NONE', #2901, #2120, #1498, .T. ) ;
#1533 = PRODUCT_DEFINITION ( 'UNKNOWN', '', #1896, #3165 ) ;
#1534 = EDGE_CURVE ( 'NONE', #1078, #784, #3829, .T. ) ;
#1535 = ORIENTED_EDGE ( 'NONE', *, *, #2150, .F. ) ;
#1536 = PERSON_AND_ORGANIZATION ( #4035, #3412 ) ;
#1537 = FACE_OUTER_BOUND ( 'NONE', #2342, .T. ) ;
#1538 = ORIENTED_EDGE ( 'NONE', *, *, #783, .T. ) ;
#1539 = CARTESIAN_POINT ( 'NONE',  ( 62.40000000000013358, 0.8099999999998959144, 2.099999999999987210 ) ) ;
#1540 = CYLINDRICAL_SURFACE ( 'NONE', #1316, 0.5000000000000004441 ) ;
#1541 = DIRECTION ( 'NONE',  ( 1.665334536937736783E-15, -1.000000000000000000, 0.000000000000000000 ) ) ;
#1542 = AXIS2_PLACEMENT_3D ( 'NONE', #2304, #3606, #3991 ) ;
#1543 = EDGE_CURVE ( 'NONE', #4074, #880, #311, .T. ) ;
#1544 = ORIENTED_EDGE ( 'NONE', *, *, #1013, .T. ) ;
#1545 = DIRECTION ( 'NONE',  ( -0.000000000000000000, 0.000000000000000000, -1.000000000000000000 ) ) ;
#1546 = CARTESIAN_POINT ( 'NONE',  ( 8.326672684688674053E-14, -0.7699999999999997957, -64.42712399999999207 ) ) ;
#1547 = DATE_TIME_ROLE ( 'classification_date' ) ;
#1548 = VERTEX_POINT ( 'NONE', #1202 ) ;
#1549 = ORIENTED_EDGE ( 'NONE', *, *, #55, .F. ) ;
#1550 = LINE ( 'NONE', #3798, #2916 ) ;
#1551 = ORIENTED_EDGE ( 'NONE', *, *, #1453, .F. ) ;
#1552 = PERSON_AND_ORGANIZATION ( #4035, #3412 ) ;
#1553 = ADVANCED_FACE ( 'NONE', ( #1520 ), #2822, .F. ) ;
#1554 = DIRECTION ( 'NONE',  ( 0.000000000000000000, 0.000000000000000000, 1.000000000000000000 ) ) ;
#1555 = VERTEX_POINT ( 'NONE', #2355 ) ;
#1556 = ADVANCED_BREP_SHAPE_REPRESENTATION ( '', ( #2166, #721 ), #1991 ) ;
#1557 = CC_DESIGN_APPROVAL ( #3141, ( #1155 ) ) ;
#1558 = CARTESIAN_POINT ( 'NONE',  ( -7.288335207143487007E-30, 19.05000000000000071, -0.8100000000000106004 ) ) ;
#1559 = CARTESIAN_POINT ( 'NONE',  ( -28.90000000000000213, -3.627500000000000391, -3.436200000000000365 ) ) ;
#1560 = FACE_OUTER_BOUND ( 'NONE', #3528, .T. ) ;
#1561 = VECTOR ( 'NONE', #3678, 1000.000000000000000 ) ;
#1562 = AXIS2_PLACEMENT_3D ( 'NONE', #3568, #1622, #2923 ) ;
#1563 = ORIENTED_EDGE ( 'NONE', *, *, #3448, .F. ) ;
#1564 = DIRECTION ( 'NONE',  ( 1.665334536937736783E-15, -1.000000000000000000, 0.000000000000000000 ) ) ;
#1565 = DIRECTION ( 'NONE',  ( -1.665334536937736783E-15, 1.000000000000000000, 0.000000000000000000 ) ) ;
#1566 = PERSON_AND_ORGANIZATION ( #612, #3391 ) ;
#1567 = EDGE_CURVE ( 'NONE', #2250, #3555, #2286, .T. ) ;
#1568 = ORIENTED_EDGE ( 'NONE', *, *, #1126, .F. ) ;
#1569 = ORIENTED_EDGE ( 'NONE', *, *, #2983, .T. ) ;
#1570 = DIRECTION ( 'NONE',  ( -1.000000000000000000, 0.000000000000000000, 0.000000000000000000 ) ) ;
#1571 = VECTOR ( 'NONE', #1810, 1000.000000000000000 ) ;
#1572 = CIRCLE ( 'NONE', #710, 0.5000000000000004441 ) ;
#1573 = VERTEX_POINT ( 'NONE', #3213 ) ;
#1574 = AXIS2_PLACEMENT_3D ( 'NONE', #1336, #722, #944 ) ;
#1575 = ADVANCED_FACE ( 'NONE', ( #2962 ), #398, .T. ) ;
#1576 = PERSON_AND_ORGANIZATION ( #4035, #3412 ) ;
#1577 = LINE ( 'NONE', #3824, #3337 ) ;
#1578 = VECTOR ( 'NONE', #2094, 1000.000000000000000 ) ;
#1579 = ORIENTED_EDGE ( 'NONE', *, *, #486, .T. ) ;
#1580 = LOCAL_TIME ( 16, 6, 30.00000000000000000, #2133 ) ;
#1581 = DIRECTION ( 'NONE',  ( -0.9565533191475035224, 0.000000000000000000, -0.2915574516761564317 ) ) ;
#1582 = CARTESIAN_POINT ( 'NONE',  ( -31.59519999999999840, -3.627500000000000391, -5.925400000000000666 ) ) ;
#1583 = FACE_BOUND ( 'NONE', #2985, .T. ) ;
#1584 = AXIS2_PLACEMENT_3D ( 'NONE', #3471, #3853, #1288 ) ;
#1585 = EDGE_CURVE ( 'NONE', #596, #3819, #43, .T. ) ;
#1586 = PRODUCT_DEFINITION ( 'UNKNOWN', '', #3518, #305 ) ;
#1587 = VERTEX_POINT ( 'NONE', #2670 ) ;
#1588 = LINE ( 'NONE', #3852, #504 ) ;
#1589 = LINE ( 'NONE', #876, #1923 ) ;
#1590 = VECTOR ( 'NONE', #3935, 1000.000000000000000 ) ;
#1591 = VERTEX_POINT ( 'NONE', #3297 ) ;
#1592 = VERTEX_POINT ( 'NONE', #1938 ) ;
#1593 = LINE ( 'NONE', #3140, #763 ) ;
#1594 = AXIS2_PLACEMENT_3D ( 'NONE', #1088, #1027, #3899 ) ;
#1595 = DIRECTION ( 'NONE',  ( 0.000000000000000000, 0.000000000000000000, -1.000000000000000000 ) ) ;
#1596 = ORIENTED_EDGE ( 'NONE', *, *, #3522, .T. ) ;
#1597 = SECURITY_CLASSIFICATION_LEVEL ( 'unclassified' ) ;
#1598 = LINE ( 'NONE', #1279, #2718 ) ;
#1599 = ORIENTED_EDGE ( 'NONE', *, *, #1870, .T. ) ;
#1600 = CARTESIAN_POINT ( 'NONE',  ( 35.73500000000007049, 0.9099999999999386358, 5.759999999999990905 ) ) ;
#1601 = DIRECTION ( 'NONE',  ( -0.000000000000000000, 0.000000000000000000, -1.000000000000000000 ) ) ;
#1602 = ORIENTED_EDGE ( 'NONE', *, *, #3645, .T. ) ;
#1603 = LINE ( 'NONE', #2898, #1035 ) ;
#1604 = CARTESIAN_POINT ( 'NONE',  ( 26.36500000000004817, 0.9099999999999507372, 0.8999999999999945821 ) ) ;
#1605 = PERSON_AND_ORGANIZATION ( #4035, #3412 ) ;
#1606 = EDGE_CURVE ( 'NONE', #842, #2211, #80, .T. ) ;
#1607 = VECTOR ( 'NONE', #3981, 1000.000000000000000 ) ;
#1608 = ORIENTED_EDGE ( 'NONE', *, *, #1118, .T. ) ;
#1609 = ORIENTED_EDGE ( 'NONE', *, *, #1412, .T. ) ;
#1610 = CARTESIAN_POINT ( 'NONE',  ( 33.65000000000006963, 1.109999999999947917, 15.60000000000000675 ) ) ;
#1611 = LINE ( 'NONE', #2908, #1640 ) ;
#1612 = DIRECTION ( 'NONE',  ( 0.000000000000000000, 0.000000000000000000, -1.000000000000000000 ) ) ;
#1613 = ORIENTED_EDGE ( 'NONE', *, *, #1626, .T. ) ;
#1614 = CALENDAR_DATE ( 2022, 7, 1 ) ;
#1615 = CARTESIAN_POINT ( 'NONE',  ( -0.4000000000000148992, 0.8099999999999999423, 2.099999999999987210 ) ) ;
#1616 = ORIENTED_EDGE ( 'NONE', *, *, #2198, .F. ) ;
#1617 = DIRECTION ( 'NONE',  ( 1.000000000000000000, -1.665334536937732641E-15, 7.709882115452501832E-16 ) ) ;
#1618 = DIRECTION ( 'NONE',  ( 1.000000000000000000, 0.000000000000000000, 0.000000000000000000 ) ) ;
#1619 = FACE_OUTER_BOUND ( 'NONE', #3276, .T. ) ;
#1620 = LOCAL_TIME ( 16, 6, 30.00000000000000000, #2502 ) ;
#1621 = ORIENTED_EDGE ( 'NONE', *, *, #3599, .T. ) ;
#1622 = DIRECTION ( 'NONE',  ( 0.000000000000000000, -1.000000000000000000, 0.000000000000000000 ) ) ;
#1623 = CARTESIAN_POINT ( 'NONE',  ( -0.4000000000000148992, 0.8099999999999999423, 2.099999999999987210 ) ) ;
#1624 = VECTOR ( 'NONE', #2887, 1000.000000000000000 ) ;
#1625 = CC_DESIGN_SECURITY_CLASSIFICATION ( #1903, ( #4168 ) ) ;
#1626 = EDGE_CURVE ( 'NONE', #3070, #2101, #1367, .T. ) ;
#1627 = ORIENTED_EDGE ( 'NONE', *, *, #3158, .T. ) ;
#1628 = VERTEX_POINT ( 'NONE', #2646 ) ;
#1629 = DIRECTION ( 'NONE',  ( -1.665334536937736783E-15, 1.000000000000000000, 0.000000000000000000 ) ) ;
#1630 = CARTESIAN_POINT ( 'NONE',  ( -55.31733514603550361, -1.640000000000000790, -63.65712399999999604 ) ) ;
#1631 = CARTESIAN_POINT ( 'NONE',  ( -19.64999999999999858, 0.05000000000000000278, -8.749999999999998224 ) ) ;
#1632 = DIRECTION ( 'NONE',  ( 0.000000000000000000, 0.000000000000000000, 1.000000000000000000 ) ) ;
#1633 = VERTEX_POINT ( 'NONE', #3232 ) ;
#1634 = APPROVAL ( #2993, 'UNSPECIFIED' ) ;
#1635 = DIRECTION ( 'NONE',  ( 1.000000000000000000, 0.000000000000000000, 0.000000000000000000 ) ) ;
#1636 = PERSON_AND_ORGANIZATION_ROLE ( 'classification_officer' ) ;
#1637 = AXIS2_PLACEMENT_3D ( 'NONE', #1080, #1018, #129 ) ;
#1638 = PLANE ( 'NONE',  #629 ) ;
#1639 = ADVANCED_FACE ( 'NONE', ( #1343 ), #61, .T. ) ;
#1640 = VECTOR ( 'NONE', #89, 1000.000000000000000 ) ;
#1641 = ORIENTED_EDGE ( 'NONE', *, *, #3823, .F. ) ;
#1642 = DIRECTION ( 'NONE',  ( 1.000000000000000000, -1.665334536937732641E-15, -0.000000000000000000 ) ) ;
#1643 = CIRCLE ( 'NONE', #2055, 0.1000000000000014488 ) ;
#1644 = DIRECTION ( 'NONE',  ( -1.000000000000000000, 1.665334536937732641E-15, 0.000000000000000000 ) ) ;
#1645 = VECTOR ( 'NONE', #3982, 1000.000000000000000 ) ;
#1646 = VERTEX_POINT ( 'NONE', #418 ) ;
#1647 = CARTESIAN_POINT ( 'NONE',  ( -55.31733514603551782, 0.000000000000000000, -62.39999999999999858 ) ) ;
#1648 = LINE ( 'NONE', #65, #2132 ) ;
#1649 = CONTEXT_DEPENDENT_SHAPE_REPRESENTATION ( #4114, #1522 ) ;
#1650 = ORIENTED_EDGE ( 'NONE', *, *, #884, .F. ) ;
#1651 = EDGE_LOOP ( 'NONE', ( #761, #1948, #2468, #1249 ) ) ;
#1652 = LINE ( 'NONE', #694, #1095 ) ;
#1653 = DIRECTION ( 'NONE',  ( 1.665334536937736783E-15, -1.000000000000000000, 0.000000000000000000 ) ) ;
#1654 = FACE_OUTER_BOUND ( 'NONE', #2390, .T. ) ;
#1655 = DIRECTION ( 'NONE',  ( 0.000000000000000000, 0.000000000000000000, 1.000000000000000000 ) ) ;
#1656 = VERTEX_POINT ( 'NONE', #2265 ) ;
#1657 = FACE_OUTER_BOUND ( 'NONE', #4158, .T. ) ;
#1658 = EDGE_CURVE ( 'NONE', #2191, #135, #1643, .T. ) ;
#1659 = CYLINDRICAL_SURFACE ( 'NONE', #890, 0.09999999999999766020 ) ;
#1660 = EDGE_CURVE ( 'NONE', #1187, #2790, #2981, .T. ) ;
#1661 = CC_DESIGN_PERSON_AND_ORGANIZATION_ASSIGNMENT ( #1966, #737, ( #3930 ) ) ;
#1662 = EDGE_CURVE ( 'NONE', #2550, #3985, #3868, .T. ) ;
#1663 = ORIENTED_EDGE ( 'NONE', *, *, #207, .F. ) ;
#1664 = PLANE ( 'NONE',  #3475 ) ;
#1665 = CARTESIAN_POINT ( 'NONE',  ( -31.90000000000000568, -3.627500000000000391, -3.436200000000000365 ) ) ;
#1666 = DIRECTION ( 'NONE',  ( 0.000000000000000000, 0.000000000000000000, 1.000000000000000000 ) ) ;
#1667 = ORIENTED_EDGE ( 'NONE', *, *, #1081, .T. ) ;
#1668 = CARTESIAN_POINT ( 'NONE',  ( 38.10000000000008669, -0.8700000000000009948, -63.65712399999999604 ) ) ;
#1669 = DIRECTION ( 'NONE',  ( 0.000000000000000000, -1.000000000000000000, 0.000000000000000000 ) ) ;
#1670 = EDGE_CURVE ( 'NONE', #1633, #1800, #352, .T. ) ;
#1671 = VERTEX_POINT ( 'NONE', #707 ) ;
#1672 = VERTEX_POINT ( 'NONE', #1282 ) ;
#1673 = DIRECTION ( 'NONE',  ( 0.000000000000000000, 0.000000000000000000, -1.000000000000000000 ) ) ;
#1674 = DIRECTION ( 'NONE',  ( 1.665334536937736783E-15, -1.000000000000000000, 0.000000000000000000 ) ) ;
#1675 = DIRECTION ( 'NONE',  ( 0.000000000000000000, 1.000000000000000000, 0.000000000000000000 ) ) ;
#1676 = VECTOR ( 'NONE', #1508, 1000.000000000000000 ) ;
#1677 = CARTESIAN_POINT ( 'NONE',  ( 62.00000000000014211, -1.040834085586084257E-13, -1.734723475976807094E-14 ) ) ;
#1678 = AXIS2_PLACEMENT_3D ( 'NONE', #3685, #1082, #1439 ) ;
#1679 = VERTEX_POINT ( 'NONE', #2607 ) ;
#1680 = DIRECTION ( 'NONE',  ( 0.000000000000000000, 0.000000000000000000, -1.000000000000000000 ) ) ;
#1681 = DIRECTION ( 'NONE',  ( 1.665334536937736783E-15, -1.000000000000000000, 0.000000000000000000 ) ) ;
#1682 = ADVANCED_FACE ( 'NONE', ( #3278 ), #2894, .F. ) ;
#1683 = ORIENTED_EDGE ( 'NONE', *, *, #2891, .F. ) ;
#1684 = EDGE_CURVE ( 'NONE', #2131, #3026, #1572, .T. ) ;
#1685 =( LENGTH_UNIT ( ) NAMED_UNIT ( * ) SI_UNIT ( .MILLI., .METRE. ) );
#1686 = DIRECTION ( 'NONE',  ( -1.665334536937736783E-15, 1.000000000000000000, 0.000000000000000000 ) ) ;
#1687 = PLANE ( 'NONE',  #3400 ) ;
#1688 = EDGE_LOOP ( 'NONE', ( #3285, #684, #2489, #414, #2426, #1702 ) ) ;
#1689 = DIRECTION ( 'NONE',  ( 0.000000000000000000, 0.000000000000000000, 1.000000000000000000 ) ) ;
#1690 = CARTESIAN_POINT ( 'NONE',  ( -28.39479999999998938, -3.327500000000000568, -3.360000000000002096 ) ) ;
#1691 = VECTOR ( 'NONE', #2138, 1000.000000000000000 ) ;
#1692 = VERTEX_POINT ( 'NONE', #3908 ) ;
#1693 = VERTEX_POINT ( 'NONE', #36 ) ;
#1694 = DIRECTION ( 'NONE',  ( 1.665334536937736783E-15, -1.000000000000000000, 0.000000000000000000 ) ) ;
#1695 = CC_DESIGN_APPROVAL ( #159, ( #2239 ) ) ;
#1696 = CARTESIAN_POINT ( 'NONE',  ( 0.000000000000000000, -1.819732686600891824, -18.62174108492443736 ) ) ;
#1697 = LINE ( 'NONE', #758, #1374 ) ;
#1698 = AXIS2_PLACEMENT_3D ( 'NONE', #1936, #2978, #413 ) ;
#1699 = ADVANCED_FACE ( 'NONE', ( #1303 ), #3889, .T. ) ;
#1700 = LOCAL_TIME ( 16, 6, 30.00000000000000000, #3195 ) ;
#1701 = CARTESIAN_POINT ( 'NONE',  ( -28.90000000000000213, -3.627500000000000391, -5.925400000000021983 ) ) ;
#1702 = ORIENTED_EDGE ( 'NONE', *, *, #1660, .T. ) ;
#1703 = PLANE ( 'NONE',  #429 ) ;
#1704 = LINE ( 'NONE', #1392, #2107 ) ;
#1705 = EDGE_CURVE ( 'NONE', #624, #680, #2051, .T. ) ;
#1706 = ORIENTED_EDGE ( 'NONE', *, *, #2907, .F. ) ;
#1707 = DIRECTION ( 'NONE',  ( -1.000000000000000000, 0.000000000000000000, 1.508455196501571306E-17 ) ) ;
#1708 = DIRECTION ( 'NONE',  ( -1.000000000000000000, 1.665334536937732641E-15, -1.541976423090498789E-15 ) ) ;
#1709 = AXIS2_PLACEMENT_3D ( 'NONE', #2412, #3342, #1456 ) ;
#1710 = ORIENTED_EDGE ( 'NONE', *, *, #3892, .T. ) ;
#1711 = CARTESIAN_POINT ( 'NONE',  ( 26.68000000000004945, 0.9099999999999490718, 5.959999999999996412 ) ) ;
#1712 = DIRECTION ( 'NONE',  ( 1.000000000000000000, -1.665334536937732641E-15, -0.000000000000000000 ) ) ;
#1713 = EDGE_CURVE ( 'NONE', #150, #3138, #2391, .T. ) ;
#1714 = ADVANCED_FACE ( 'NONE', ( #1104 ), #2026, .F. ) ;
#1715 = VECTOR ( 'NONE', #4024, 1000.000000000000000 ) ;
#1716 = VECTOR ( 'NONE', #271, 1000.000000000000000 ) ;
#1717 = EDGE_CURVE ( 'NONE', #614, #4034, #3681, .T. ) ;
#1718 = EDGE_CURVE ( 'NONE', #693, #1872, #826, .T. ) ;
#1719 = ORIENTED_EDGE ( 'NONE', *, *, #3925, .T. ) ;
#1720 = DIRECTION ( 'NONE',  ( -0.000000000000000000, 1.000000000000000000, -0.000000000000000000 ) ) ;
#1721 = DIRECTION ( 'NONE',  ( 0.000000000000000000, -0.000000000000000000, 1.000000000000000000 ) ) ;
#1722 = COORDINATED_UNIVERSAL_TIME_OFFSET ( 6, 0, .BEHIND. ) ;
#1723 = CARTESIAN_POINT ( 'NONE',  ( 62.00000000000013500, 1.639999999999895097, -1.734723475976807094E-14 ) ) ;
#1724 = VECTOR ( 'NONE', #2097, 1000.000000000000000 ) ;
#1725 = ORIENTED_EDGE ( 'NONE', *, *, #417, .F. ) ;
#1726 = CARTESIAN_POINT ( 'NONE',  ( 28.35000000000005116, 1.109999999999947917, 15.69999999999999574 ) ) ;
#1727 = CIRCLE ( 'NONE', #2067, 0.5000000000000004441 ) ;
#1728 = VECTOR ( 'NONE', #210, 1000.000000000000000 ) ;
#1729 = DIRECTION ( 'NONE',  ( 1.000000000000000000, 0.000000000000000000, 0.000000000000000000 ) ) ;
#1730 = EDGE_CURVE ( 'NONE', #3985, #948, #145, .T. ) ;
#1731 = VERTEX_POINT ( 'NONE', #1750 ) ;
#1732 = CARTESIAN_POINT ( 'NONE',  ( -47.06223650586641583, -14.44771849882208414, -21.22487399496665006 ) ) ;
#1733 = APPLICATION_CONTEXT ( 'configuration controlled 3d designs of mechanical parts and assemblies' ) ;
#1734 = PLANE ( 'NONE',  #3740 ) ;
#1735 = CARTESIAN_POINT ( 'NONE',  ( 38.10000000000000142, 0.000000000000000000, -62.39999999999999858 ) ) ;
#1736 = ORIENTED_EDGE ( 'NONE', *, *, #1101, .F. ) ;
#1737 = CARTESIAN_POINT ( 'NONE',  ( 35.32000000000009976, 0.8099999999999392131, 5.959999999999996412 ) ) ;
#1738 = DIRECTION ( 'NONE',  ( 0.000000000000000000, 0.000000000000000000, 1.000000000000000000 ) ) ;
#1739 = VERTEX_POINT ( 'NONE', #3379 ) ;
#1740 = DIRECTION ( 'NONE',  ( 0.000000000000000000, 0.000000000000000000, -1.000000000000000000 ) ) ;
#1741 = CARTESIAN_POINT ( 'NONE',  ( 0.1000000000000028644, -4.309999999999999609, -2.399999999999999467 ) ) ;
#1742 = APPROVAL_DATE_TIME ( #2364, #2082 ) ;
#1743 = EDGE_CURVE ( 'NONE', #67, #3614, #789, .T. ) ;
#1744 = LINE ( 'NONE', #3034, #905 ) ;
#1745 = ORIENTED_EDGE ( 'NONE', *, *, #1264, .F. ) ;
#1746 = PLANE ( 'NONE',  #2441 ) ;
#1747 = DIRECTION ( 'NONE',  ( -0.000000000000000000, 0.000000000000000000, -1.000000000000000000 ) ) ;
#1748 = ORIENTED_EDGE ( 'NONE', *, *, #3830, .T. ) ;
#1749 = MECHANICAL_CONTEXT ( 'NONE', #3407, 'mechanical' ) ;
#1750 = CARTESIAN_POINT ( 'NONE',  ( 0.1000000000000028644, -4.309999999999999609, -9.289999999999999147 ) ) ;
#1751 = DIRECTION ( 'NONE',  ( 1.000000000000000000, -1.665334536937732641E-15, 0.000000000000000000 ) ) ;
#1752 = VERTEX_POINT ( 'NONE', #457 ) ;
#1753 = CARTESIAN_POINT ( 'NONE',  ( -28.65000000000000213, -3.327500000000000568, -3.360000000000002096 ) ) ;
#1754 = CARTESIAN_POINT ( 'NONE',  ( 0.000000000000000000, 0.1447800000000006027, -62.39999999999999858 ) ) ;
#1755 = ADVANCED_FACE ( 'NONE', ( #3318 ), #1734, .F. ) ;
#1756 = EDGE_LOOP ( 'NONE', ( #2861, #3535, #975, #2796 ) ) ;
#1757 = DIRECTION ( 'NONE',  ( 0.000000000000000000, -1.000000000000000000, 0.000000000000000000 ) ) ;
#1758 = DIRECTION ( 'NONE',  ( -1.000000000000000000, 1.665334536937732641E-15, 0.000000000000000000 ) ) ;
#1759 = APPROVAL_DATE_TIME ( #1803, #3324 ) ;
#1760 = DIRECTION ( 'NONE',  ( 0.000000000000000000, 1.000000000000000000, -2.456429884329807030E-30 ) ) ;
#1761 = EDGE_CURVE ( 'NONE', #4071, #3524, #2071, .T. ) ;
#1762 = CC_DESIGN_APPROVAL ( #1634, ( #162 ) ) ;
#1763 = ORIENTED_EDGE ( 'NONE', *, *, #3275, .T. ) ;
#1764 = CARTESIAN_POINT ( 'NONE',  ( 26.68000000000004945, 0.9099999999999490718, 5.959999999999996412 ) ) ;
#1765 = AXIS2_PLACEMENT_3D ( 'NONE', #740, #2635, #2362 ) ;
#1766 = CARTESIAN_POINT ( 'NONE',  ( 26.36500000000004817, 0.9099999999999507372, 0.8999999999999945821 ) ) ;
#1767 = DIRECTION ( 'NONE',  ( 0.000000000000000000, 0.000000000000000000, 1.000000000000000000 ) ) ;
#1768 = EDGE_CURVE ( 'NONE', #3436, #2675, #4019, .T. ) ;
#1769 = VECTOR ( 'NONE', #1446, 1000.000000000000000 ) ;
#1770 = ORIENTED_EDGE ( 'NONE', *, *, #1345, .F. ) ;
#1771 = CARTESIAN_POINT ( 'NONE',  ( -28.32223650586642094, -12.80771849882218838, -11.97487399496651328 ) ) ;
#1772 = CARTESIAN_POINT ( 'NONE',  ( 26.46500000000004604, 0.9099999999999490718, 7.159999999999996589 ) ) ;
#1773 = CARTESIAN_POINT ( 'NONE',  ( -28.57999999999998764, -3.627500000000000391, -4.780800000000001937 ) ) ;
#1774 = EDGE_CURVE ( 'NONE', #3796, #1592, #2090, .T. ) ;
#1775 = ORIENTED_EDGE ( 'NONE', *, *, #3142, .T. ) ;
#1776 = SHAPE_REPRESENTATION ( '11102-06_T7', ( #721 ), #2743 ) ;
#1777 = EDGE_LOOP ( 'NONE', ( #2692, #19, #1480, #2126 ) ) ;
#1778 = DIRECTION ( 'NONE',  ( 0.000000000000000000, 1.000000000000000000, -0.000000000000000000 ) ) ;
#1779 = DIRECTION ( 'NONE',  ( 0.000000000000000000, 0.000000000000000000, -1.000000000000000000 ) ) ;
#1780 = VECTOR ( 'NONE', #2153, 1000.000000000000114 ) ;
#1781 = VECTOR ( 'NONE', #376, 1000.000000000000000 ) ;
#1782 = AXIS2_PLACEMENT_3D ( 'NONE', #11, #2806, #3831 ) ;
#1783 = ORIENTED_EDGE ( 'NONE', *, *, #3260, .T. ) ;
#1784 = DIRECTION ( 'NONE',  ( 0.000000000000000000, 0.000000000000000000, -1.000000000000000000 ) ) ;
#1785 = DIRECTION ( 'NONE',  ( 0.000000000000000000, -0.000000000000000000, 1.000000000000000000 ) ) ;
#1786 = DATE_AND_TIME ( #215, #2241 ) ;
#1787 = DIRECTION ( 'NONE',  ( 1.000000000000000000, 0.000000000000000000, 0.000000000000000000 ) ) ;
#1788 = VECTOR ( 'NONE', #1541, 1000.000000000000000 ) ;
#1789 = ORIENTED_EDGE ( 'NONE', *, *, #623, .T. ) ;
#1790 = CARTESIAN_POINT ( 'NONE',  ( 26.36500000000004817, 0.9099999999999507372, 0.9999999999999940048 ) ) ;
#1791 = EDGE_LOOP ( 'NONE', ( #209, #3245, #1865, #2303 ) ) ;
#1792 = EDGE_CURVE ( 'NONE', #3173, #1361, #1079, .T. ) ;
#1793 = DIRECTION ( 'NONE',  ( 0.000000000000000000, 0.000000000000000000, 1.000000000000000000 ) ) ;
#1794 = DIRECTION ( 'NONE',  ( 0.000000000000000000, 1.000000000000000000, -0.000000000000000000 ) ) ;
#1795 = ORIENTED_EDGE ( 'NONE', *, *, #1730, .T. ) ;
#1796 = AXIS2_PLACEMENT_3D ( 'NONE', #1335, #1653, #1069 ) ;
#1797 = CARTESIAN_POINT ( 'NONE',  ( 35.53500000000008185, 0.9099999999999386358, 5.759999999999998010 ) ) ;
#1798 = LINE ( 'NONE', #3346, #48 ) ;
#1799 = CYLINDRICAL_SURFACE ( 'NONE', #716, 0.9147800000000039233 ) ;
#1800 = VERTEX_POINT ( 'NONE', #186 ) ;
#1801 = DIRECTION ( 'NONE',  ( 0.000000000000000000, 0.000000000000000000, -1.000000000000000000 ) ) ;
#1802 = CYLINDRICAL_SURFACE ( 'NONE', #2002, 0.5000000000000004441 ) ;
#1803 = DATE_AND_TIME ( #877, #362 ) ;
#1804 = DIRECTION ( 'NONE',  ( 0.000000000000000000, 0.000000000000000000, 1.000000000000000000 ) ) ;
#1805 = EDGE_CURVE ( 'NONE', #82, #1679, #1141, .T. ) ;
#1806 = ORIENTED_EDGE ( 'NONE', *, *, #2757, .F. ) ;
#1807 = CYLINDRICAL_SURFACE ( 'NONE', #24, 0.8100000000000023848 ) ;
#1808 = ORIENTED_EDGE ( 'NONE', *, *, #3040, .T. ) ;
#1809 = DATE_TIME_ROLE ( 'creation_date' ) ;
#1810 = DIRECTION ( 'NONE',  ( 0.000000000000000000, -1.000000000000000000, 0.000000000000000000 ) ) ;
#1811 = EDGE_CURVE ( 'NONE', #2180, #3290, #3719, .T. ) ;
#1812 = EDGE_LOOP ( 'NONE', ( #2307, #1237, #729, #3847 ) ) ;
#1813 = CARTESIAN_POINT ( 'NONE',  ( -55.31733514603551782, -1.834779999999999411, -9.290000000000020464 ) ) ;
#1814 = DIRECTION ( 'NONE',  ( 0.000000000000000000, 0.000000000000000000, -1.000000000000000000 ) ) ;
#1815 = LINE ( 'NONE', #2698, #4150 ) ;
#1816 = EDGE_CURVE ( 'NONE', #3062, #3310, #769, .T. ) ;
#1817 = EDGE_LOOP ( 'NONE', ( #183, #2088, #824, #3774 ) ) ;
#1818 = CARTESIAN_POINT ( 'NONE',  ( 38.10000000000008669, -1.784780000000001365, -63.65712399999999604 ) ) ;
#1819 = UNCERTAINTY_MEASURE_WITH_UNIT (LENGTH_MEASURE( 1.000000000000000082E-05 ), #768, 'distance_accuracy_value', 'NONE');
#1820 = DIRECTION ( 'NONE',  ( 0.000000000000000000, -1.000000000000000000, 2.456429884329807731E-30 ) ) ;
#1821 = PERSON_AND_ORGANIZATION ( #4035, #3412 ) ;
#1822 = DIRECTION ( 'NONE',  ( 1.000000000000000000, 0.000000000000000000, 0.000000000000000000 ) ) ;
#1823 = EDGE_CURVE ( 'NONE', #2447, #1352, #2372, .T. ) ;
#1824 = ORIENTED_EDGE ( 'NONE', *, *, #3788, .T. ) ;
#1825 = VERTEX_POINT ( 'NONE', #2302 ) ;
#1826 = CARTESIAN_POINT ( 'NONE',  ( 26.68000000000004945, 0.8099999999999478728, 5.959999999999996412 ) ) ;
#1827 = ADVANCED_FACE ( 'NONE', ( #2639 ), #2975, .F. ) ;
#1828 = VECTOR ( 'NONE', #2820, 1000.000000000000000 ) ;
#1829 = LOCAL_TIME ( 16, 6, 30.00000000000000000, #4120 ) ;
#1830 = ORIENTED_EDGE ( 'NONE', *, *, #3238, .F. ) ;
#1831 = VECTOR ( 'NONE', #2752, 1000.000000000000000 ) ;
#1832 = DATE_AND_TIME ( #2152, #2377 ) ;
#1833 = AXIS2_PLACEMENT_3D ( 'NONE', #2829, #3859, #2567 ) ;
#1834 = APPROVAL_PERSON_ORGANIZATION ( #1566, #2104, #984 ) ;
#1835 = CARTESIAN_POINT ( 'NONE',  ( -28.58000000000000185, -3.627500000000000391, -4.580800000000002647 ) ) ;
#1836 = ADVANCED_FACE ( 'NONE', ( #92 ), #3244, .F. ) ;
#1837 = AXIS2_PLACEMENT_3D ( 'NONE', #213, #1423, #2720 ) ;
#1838 = ORIENTED_EDGE ( 'NONE', *, *, #1296, .F. ) ;
#1839 = CARTESIAN_POINT ( 'NONE',  ( 38.10000000000000142, -1.834779999999999411, -9.290000000000020464 ) ) ;
#1840 = CARTESIAN_POINT ( 'NONE',  ( 19.64999999999999858, 0.05000000000000000278, 8.749999999999998224 ) ) ;
#1841 = DIRECTION ( 'NONE',  ( 1.000000000000000000, 0.000000000000000000, 0.000000000000000000 ) ) ;
#1842 = EDGE_LOOP ( 'NONE', ( #5, #1568, #2367, #1302 ) ) ;
#1843 = CARTESIAN_POINT ( 'NONE',  ( -0.4000000000000148992, 0.8099999999999999423, -40.72000000000000597 ) ) ;
#1844 = FACE_OUTER_BOUND ( 'NONE', #1688, .T. ) ;
#1845 = APPROVAL_DATE_TIME ( #3752, #109 ) ;
#1846 = EDGE_CURVE ( 'NONE', #104, #3819, #3558, .T. ) ;
#1847 = ADVANCED_FACE ( 'NONE', ( #759 ), #2995, .F. ) ;
#1848 = EDGE_CURVE ( 'NONE', #3086, #1591, #4078, .T. ) ;
#1849 = VECTOR ( 'NONE', #1105, 1000.000000000000000 ) ;
#1850 = ORIENTED_EDGE ( 'NONE', *, *, #1223, .F. ) ;
#1851 = ORIENTED_EDGE ( 'NONE', *, *, #1761, .T. ) ;
#1852 = DIRECTION ( 'NONE',  ( 1.000000000000000000, 0.000000000000000000, 0.000000000000000000 ) ) ;
#1853 = AXIS2_PLACEMENT_3D ( 'NONE', #3646, #2045, #1632 ) ;
#1854 = AXIS2_PLACEMENT_3D ( 'NONE', #4107, #2182, #2837 ) ;
#1855 = ORIENTED_EDGE ( 'NONE', *, *, #206, .F. ) ;
#1856 = PERSON_AND_ORGANIZATION ( #4035, #3412 ) ;
#1857 = CARTESIAN_POINT ( 'NONE',  ( 28.25000000000005329, 1.109999999999947917, 15.59999999999999254 ) ) ;
#1858 = EDGE_CURVE ( 'NONE', #2180, #3138, #368, .T. ) ;
#1859 = ORIENTED_EDGE ( 'NONE', *, *, #66, .T. ) ;
#1860 = LINE ( 'NONE', #1182, #3856 ) ;
#1861 = DIRECTION ( 'NONE',  ( 0.000000000000000000, -0.000000000000000000, 1.000000000000000000 ) ) ;
#1862 = LINE ( 'NONE', #291, #1918 ) ;
#1863 = PRODUCT_DEFINITION_SHAPE ( 'NONE', 'NONE',  #1586 ) ;
#1864 = AXIS2_PLACEMENT_3D ( 'NONE', #4145, #872, #2158 ) ;
#1865 = ORIENTED_EDGE ( 'NONE', *, *, #3020, .F. ) ;
#1866 = CARTESIAN_POINT ( 'NONE',  ( -28.65000000000000213, -3.627500000000000391, -3.360000000000002096 ) ) ;
#1867 = DIRECTION ( 'NONE',  ( -0.000000000000000000, 1.000000000000000000, -0.000000000000000000 ) ) ;
#1868 = ORIENTED_EDGE ( 'NONE', *, *, #3216, .F. ) ;
#1870 = EDGE_CURVE ( 'NONE', #2819, #832, #3533, .T. ) ;
#1869 = ORIENTED_EDGE ( 'NONE', *, *, #3971, .F. ) ;
#1871 = CARTESIAN_POINT ( 'NONE',  ( 28.35000000000005116, 1.109999999999947917, 15.59999999999999254 ) ) ;
#1872 = VERTEX_POINT ( 'NONE', #3970 ) ;
#1873 = DATE_AND_TIME ( #597, #1580 ) ;
#1874 = PLANE ( 'NONE',  #776 ) ;
#1875 = ORIENTED_EDGE ( 'NONE', *, *, #1606, .T. ) ;
#1876 = DIRECTION ( 'NONE',  ( 0.000000000000000000, -1.000000000000000000, 0.000000000000000000 ) ) ;
#1877 = CARTESIAN_POINT ( 'NONE',  ( 0.1000000000000028644, -1.690000000000000613, -2.399999999999999467 ) ) ;
#1878 = DIRECTION ( 'NONE',  ( 1.665334536937736783E-15, -1.000000000000000000, 0.000000000000000000 ) ) ;
#1879 = VECTOR ( 'NONE', #2690, 1000.000000000000000 ) ;
#1880 = EDGE_CURVE ( 'NONE', #1646, #2709, #2934, .T. ) ;
#1881 = EDGE_LOOP ( 'NONE', ( #2566, #2872, #608, #2849 ) ) ;
#1882 = DIRECTION ( 'NONE',  ( -1.000000000000000000, 1.665334536937732641E-15, 0.000000000000000000 ) ) ;
#1883 = FACE_BOUND ( 'NONE', #1881, .T. ) ;
#1884 = COORDINATED_UNIVERSAL_TIME_OFFSET ( 6, 0, .BEHIND. ) ;
#1885 = EDGE_CURVE ( 'NONE', #1086, #3990, #578, .T. ) ;
#1886 = ORIENTED_EDGE ( 'NONE', *, *, #3547, .F. ) ;
#1887 = ORIENTED_EDGE ( 'NONE', *, *, #3158, .F. ) ;
#1888 = CARTESIAN_POINT ( 'NONE',  ( 33.77539849432616847, 0.9099999999999472955, 11.03340709233568617 ) ) ;
#1889 = ORIENTED_EDGE ( 'NONE', *, *, #1811, .T. ) ;
#1890 = PERSON_AND_ORGANIZATION ( #4035, #3412 ) ;
#1891 = VECTOR ( 'NONE', #4124, 1000.000000000000000 ) ;
#1892 = DESIGN_CONTEXT ( 'detailed design', #1941, 'design' ) ;
#1893 = DIRECTION ( 'NONE',  ( 0.000000000000000000, 0.000000000000000000, 1.000000000000000000 ) ) ;
#1894 = CC_DESIGN_PERSON_AND_ORGANIZATION_ASSIGNMENT ( #2772, #3761, ( #3789 ) ) ;
#1895 = EDGE_LOOP ( 'NONE', ( #2021, #874, #2225, #3876, #1292, #1889 ) ) ;
#1896 = PRODUCT_DEFINITION_FORMATION_WITH_SPECIFIED_SOURCE ( 'ANY', '', #590, .NOT_KNOWN. ) ;
#1897 = CARTESIAN_POINT ( 'NONE',  ( -55.31733514603550361, -0.7699999999999997957, -64.42712399999999207 ) ) ;
#1898 = DIRECTION ( 'NONE',  ( 1.000000000000000000, 0.000000000000000000, 0.000000000000000000 ) ) ;
#1899 = CARTESIAN_POINT ( 'NONE',  ( 0.000000000000000000, 0.2992399999999992288, 0.000000000000000000 ) ) ;
#1900 = EDGE_CURVE ( 'NONE', #3240, #4164, #844, .T. ) ;
#1901 = DIRECTION ( 'NONE',  ( -1.000000000000000000, 0.000000000000000000, 0.000000000000000000 ) ) ;
#1902 = AXIS2_PLACEMENT_3D ( 'NONE', #3543, #3274, #2600 ) ;
#1903 = SECURITY_CLASSIFICATION ( '', '', #3874 ) ;
#1904 = VERTEX_POINT ( 'NONE', #1297 ) ;
#1905 = DIRECTION ( 'NONE',  ( 0.000000000000000000, 0.000000000000000000, -1.000000000000000000 ) ) ;
#1906 = CARTESIAN_POINT ( 'NONE',  ( -55.31733514603551782, -1.834779999999999411, -18.50000000000000355 ) ) ;
#1907 = APPROVAL_ROLE ( '' ) ;
#1908 = ORIENTED_EDGE ( 'NONE', *, *, #1713, .T. ) ;
#1909 = VERTEX_POINT ( 'NONE', #1032 ) ;
#1910 = PLANE ( 'NONE',  #2789 ) ;
#1911 = DIRECTION ( 'NONE',  ( 0.9565533191475035224, 0.000000000000000000, -0.2915574516761563761 ) ) ;
#1912 = VECTOR ( 'NONE', #1751, 1000.000000000000000 ) ;
#1913 = CIRCLE ( 'NONE', #1044, 0.1999999999999987899 ) ;
#1914 = ORIENTED_EDGE ( 'NONE', *, *, #53, .T. ) ;
#1915 = VECTOR ( 'NONE', #116, 1000.000000000000000 ) ;
#1916 = PERSON_AND_ORGANIZATION_ROLE ( 'creator' ) ;
#1917 = CARTESIAN_POINT ( 'NONE',  ( 0.000000000000000000, 19.05000000000000071, -1.040834085586084257E-14 ) ) ;
#1918 = VECTOR ( 'NONE', #1841, 1000.000000000000000 ) ;
#1919 = ORIENTED_EDGE ( 'NONE', *, *, #2547, .F. ) ;
#1920 = CARTESIAN_POINT ( 'NONE',  ( 62.40000000000014069, 0.8099999999998959144, -40.72000000000000597 ) ) ;
#1921 = DIRECTION ( 'NONE',  ( 0.000000000000000000, 1.000000000000000000, -0.000000000000000000 ) ) ;
#1922 = DIRECTION ( 'NONE',  ( 1.665334536937736783E-15, -1.000000000000000000, 0.000000000000000000 ) ) ;
#1923 = VECTOR ( 'NONE', #2188, 1000.000000000000000 ) ;
#1924 = EDGE_LOOP ( 'NONE', ( #3199, #2534, #451, #2038 ) ) ;
#1925 = LINE ( 'NONE', #914, #4003 ) ;
#1926 = AXIS2_PLACEMENT_3D ( 'NONE', #106, #1712, #3236 ) ;
#1927 = CARTESIAN_POINT ( 'NONE',  ( 38.10000000000000142, 0.1447800000000006027, -62.39999999999999858 ) ) ;
#1928 = ITEM_DEFINED_TRANSFORMATION ( 'NONE', 'NONE', #2335,  #721 ) ;
#1929 = CIRCLE ( 'NONE', #2817, 0.5000000000000004441 ) ;
#1930 = EDGE_LOOP ( 'NONE', ( #1195, #2759, #3698, #747 ) ) ;
#1931 = ORIENTED_EDGE ( 'NONE', *, *, #2214, .T. ) ;
#1932 = FACE_OUTER_BOUND ( 'NONE', #3271, .T. ) ;
#1933 = PLANE ( 'NONE',  #3945 ) ;
#1934 = ORIENTED_EDGE ( 'NONE', *, *, #2156, .T. ) ;
#1935 = PERSON_AND_ORGANIZATION_ROLE ( 'classification_officer' ) ;
#1936 = CARTESIAN_POINT ( 'NONE',  ( 35.63500000000006906, 0.9099999999999386358, 0.9999999999999940048 ) ) ;
#1937 = ORIENTED_EDGE ( 'NONE', *, *, #985, .T. ) ;
#1938 = CARTESIAN_POINT ( 'NONE',  ( 19.14999999999999858, 0.000000000000000000, 9.250000000000000000 ) ) ;
#1939 = ADVANCED_FACE ( 'NONE', ( #1009 ), #3578, .T. ) ;
#1940 = FACE_OUTER_BOUND ( 'NONE', #2956, .T. ) ;
#1941 = APPLICATION_CONTEXT ( 'configuration controlled 3d designs of mechanical parts and assemblies' ) ;
#1942 = VERTEX_POINT ( 'NONE', #2366 ) ;
#1943 = DIRECTION ( 'NONE',  ( 0.000000000000000000, 0.000000000000000000, 1.000000000000000000 ) ) ;
#1944 = DESIGN_CONTEXT ( 'detailed design', #3618, 'design' ) ;
#1945 = LINE ( 'NONE', #1349, #459 ) ;
#1946 = SHAPE_DEFINITION_REPRESENTATION ( #2844, #3777 ) ;
#1947 = CC_DESIGN_PERSON_AND_ORGANIZATION_ASSIGNMENT ( #3643, #3331, ( #3858 ) ) ;
#1948 = ORIENTED_EDGE ( 'NONE', *, *, #544, .F. ) ;
#1949 = VERTEX_POINT ( 'NONE', #119 ) ;
#1950 = LINE ( 'NONE', #719, #2850 ) ;
#1951 = CARTESIAN_POINT ( 'NONE',  ( 62.00000000000012790, 1.409999999999895781, -1.734723475976807094E-14 ) ) ;
#1952 = CARTESIAN_POINT ( 'NONE',  ( 38.10000000000000142, -1.819732686600891824, -18.62174108492443736 ) ) ;
#1953 = EDGE_CURVE ( 'NONE', #1298, #948, #26, .T. ) ;
#1954 = CARTESIAN_POINT ( 'NONE',  ( 28.25000000000005684, 0.9099999999999490718, 11.09999999999999609 ) ) ;
#1955 = ORIENTED_EDGE ( 'NONE', *, *, #2347, .F. ) ;
#1956 = PERSON_AND_ORGANIZATION ( #4035, #3412 ) ;
#1957 = LINE ( 'NONE', #373, #561 ) ;
#1958 = VERTEX_POINT ( 'NONE', #3289 ) ;
#1959 = CARTESIAN_POINT ( 'NONE',  ( 28.35000000000005116, 0.9099999999999490718, 15.69999999999999574 ) ) ;
#1960 = DIRECTION ( 'NONE',  ( 0.000000000000000000, 1.000000000000000000, -0.000000000000000000 ) ) ;
#1961 = PLANE ( 'NONE',  #1637 ) ;
#1962 = CC_DESIGN_SECURITY_CLASSIFICATION ( #2102, ( #3518 ) ) ;
#1963 = ORIENTED_EDGE ( 'NONE', *, *, #3048, .F. ) ;
#1964 = CARTESIAN_POINT ( 'NONE',  ( 33.85000000000006537, 0.8099999999999392131, 11.09999999999998188 ) ) ;
#1965 = PLANE ( 'NONE',  #1521 ) ;
#1966 = PERSON_AND_ORGANIZATION ( #1354, #100 ) ;
#1967 = VECTOR ( 'NONE', #2284, 1000.000000000000000 ) ;
#1968 = VECTOR ( 'NONE', #1545, 1000.000000000000000 ) ;
#1969 = EDGE_LOOP ( 'NONE', ( #1706, #3479, #3482, #754 ) ) ;
#1970 = EDGE_CURVE ( 'NONE', #2073, #1347, #1338, .T. ) ;
#1971 = EDGE_LOOP ( 'NONE', ( #1937, #1963, #3456, #2767, #1211 ) ) ;
#1972 = CARTESIAN_POINT ( 'NONE',  ( 0.1000000000000028644, -3.492500000000000604, -6.001600000000000712 ) ) ;
#1973 = EDGE_CURVE ( 'NONE', #2410, #624, #2323, .T. ) ;
#1974 = DIRECTION ( 'NONE',  ( 1.000000000000000000, 0.000000000000000000, 0.000000000000000000 ) ) ;
#1975 = PRODUCT_RELATED_PRODUCT_CATEGORY ( 'detail', '', ( #1212 ) ) ;
#1976 = EDGE_CURVE ( 'NONE', #1958, #767, #723, .T. ) ;
#1977 = DIRECTION ( 'NONE',  ( 0.000000000000000000, 8.673617379884027583E-15, -1.000000000000000000 ) ) ;
#1978 = DIRECTION ( 'NONE',  ( -1.000000000000000000, 0.000000000000000000, -8.828109292502836024E-17 ) ) ;
#1979 = ORIENTED_EDGE ( 'NONE', *, *, #3883, .T. ) ;
#1980 = DIRECTION ( 'NONE',  ( 0.000000000000000000, 1.000000000000000000, -0.000000000000000000 ) ) ;
#1981 = VECTOR ( 'NONE', #3025, 1000.000000000000000 ) ;
#1982 = CARTESIAN_POINT ( 'NONE',  ( -19.64999999999999858, 0.05000000000000000278, 8.749999999999996447 ) ) ;
#1983 = VECTOR ( 'NONE', #2346, 1000.000000000000000 ) ;
#1984 = VECTOR ( 'NONE', #49, 1000.000000000000000 ) ;
#1985 = ORIENTED_EDGE ( 'NONE', *, *, #3655, .T. ) ;
#1986 = DIRECTION ( 'NONE',  ( 8.997944700177142083E-30, -2.456429884329805979E-30, 1.000000000000000000 ) ) ;
#1987 = DIRECTION ( 'NONE',  ( 0.000000000000000000, -1.000000000000000000, 0.000000000000000000 ) ) ;
#1988 = AXIS2_PLACEMENT_3D ( 'NONE', #3526, #641, #2160 ) ;
#1989 = FACE_OUTER_BOUND ( 'NONE', #112, .T. ) ;
#1990 = EDGE_CURVE ( 'NONE', #848, #125, #3627, .T. ) ;
#1991 =( GEOMETRIC_REPRESENTATION_CONTEXT ( 3 ) GLOBAL_UNCERTAINTY_ASSIGNED_CONTEXT ( ( #3432 ) ) GLOBAL_UNIT_ASSIGNED_CONTEXT ( ( #2089, #2411, #438 ) ) REPRESENTATION_CONTEXT ( 'NONE', 'WORKASPACE' ) );
#1992 = ORIENTED_EDGE ( 'NONE', *, *, #1346, .F. ) ;
#1993 = LINE ( 'NONE', #3281, #1590 ) ;
#1994 = DIRECTION ( 'NONE',  ( 0.000000000000000000, 0.000000000000000000, -1.000000000000000000 ) ) ;
#1995 = ORIENTED_EDGE ( 'NONE', *, *, #2871, .F. ) ;
#1996 = ORIENTED_EDGE ( 'NONE', *, *, #349, .F. ) ;
#1997 = CARTESIAN_POINT ( 'NONE',  ( 28.25000000000005329, 0.8099999999999478728, 11.09999999999999609 ) ) ;
#1998 = LINE ( 'NONE', #2973, #1256 ) ;
#1999 = CARTESIAN_POINT ( 'NONE',  ( 0.000000000000000000, -1.784779999999999589, -18.82277474571173315 ) ) ;
#2000 = EDGE_CURVE ( 'NONE', #2318, #535, #2118, .T. ) ;
#2001 = DIRECTION ( 'NONE',  ( 1.000000000000000000, 0.000000000000000000, 0.000000000000000000 ) ) ;
#2002 = AXIS2_PLACEMENT_3D ( 'NONE', #3415, #3112, #2486 ) ;
#2003 = ORIENTED_EDGE ( 'NONE', *, *, #2604, .T. ) ;
#2004 = LINE ( 'NONE', #3336, #3906 ) ;
#2005 = DIRECTION ( 'NONE',  ( 0.000000000000000000, 0.000000000000000000, 1.000000000000000000 ) ) ;
#2006 = EDGE_LOOP ( 'NONE', ( #3818, #1579, #3469, #3826 ) ) ;
#2007 = LINE ( 'NONE', #2606, #2275 ) ;
#2008 = CARTESIAN_POINT ( 'NONE',  ( 35.63500000000006906, 0.9099999999999386358, 0.9999999999999940048 ) ) ;
#2009 = DIRECTION ( 'NONE',  ( 0.000000000000000000, -0.000000000000000000, 1.000000000000000000 ) ) ;
#2010 = VERTEX_POINT ( 'NONE', #1276 ) ;
#2011 = CARTESIAN_POINT ( 'NONE',  ( 35.73500000000007049, 0.8099999999999392131, 7.359999999999994991 ) ) ;
#2012 = APPROVAL_DATE_TIME ( #2612, #2603 ) ;
#2013 = ADVANCED_FACE ( 'NONE', ( #633 ), #390, .F. ) ;
#2014 = ORIENTED_EDGE ( 'NONE', *, *, #1660, .F. ) ;
#2015 = ORIENTED_EDGE ( 'NONE', *, *, #2737, .F. ) ;
#2016 = FACE_OUTER_BOUND ( 'NONE', #2543, .T. ) ;
#2017 = CARTESIAN_POINT ( 'NONE',  ( 9.919639073094416621E-17, -19.04999999999999716, 0.8100000000000001643 ) ) ;
#2018 = CARTESIAN_POINT ( 'NONE',  ( -0.4000000000000148992, 1.409999999999999698, 0.4999999999999935052 ) ) ;
#2019 = ADVANCED_FACE ( 'NONE', ( #3288 ), #3557, .F. ) ;
#2020 = CARTESIAN_POINT ( 'NONE',  ( 26.46500000000004604, 0.8099999999999478728, 5.759999999999998010 ) ) ;
#2021 = ORIENTED_EDGE ( 'NONE', *, *, #3473, .T. ) ;
#2022 = CARTESIAN_POINT ( 'NONE',  ( 0.000000000000000000, 0.2992399999999992288, -62.39999999999999858 ) ) ;
#2023 = DIRECTION ( 'NONE',  ( -1.665334536937736783E-15, 1.000000000000000000, 0.000000000000000000 ) ) ;
#2024 = EDGE_LOOP ( 'NONE', ( #2151, #299, #1495, #1306 ) ) ;
#2025 = EDGE_CURVE ( 'NONE', #2565, #147, #1913, .T. ) ;
#2026 = PLANE ( 'NONE',  #1709 ) ;
#2027 = CC_DESIGN_PERSON_AND_ORGANIZATION_ASSIGNMENT ( #4090, #1115, ( #3518 ) ) ;
#2028 = FACE_OUTER_BOUND ( 'NONE', #3004, .T. ) ;
#2029 = ADVANCED_FACE ( 'NONE', ( #1654 ), #3860, .F. ) ;
#2030 = ORIENTED_EDGE ( 'NONE', *, *, #2444, .T. ) ;
#2031 = DIRECTION ( 'NONE',  ( 0.000000000000000000, 1.000000000000000000, 0.000000000000000000 ) ) ;
#2032 = CARTESIAN_POINT ( 'NONE',  ( 38.10000000000008669, -0.7699999999999997957, -63.65712399999999604 ) ) ;
#2033 = SECURITY_CLASSIFICATION_LEVEL ( 'unclassified' ) ;
#2034 = AXIS2_PLACEMENT_3D ( 'NONE', #1034, #1075, #3039 ) ;
#2035 = CC_DESIGN_SECURITY_CLASSIFICATION ( #2239, ( #162 ) ) ;
#2036 = ORIENTED_EDGE ( 'NONE', *, *, #2141, .T. ) ;
#2037 = VECTOR ( 'NONE', #87, 1000.000000000000000 ) ;
#2038 = ORIENTED_EDGE ( 'NONE', *, *, #2100, .F. ) ;
#2039 = PLANE ( 'NONE',  #23 ) ;
#2040 = VECTOR ( 'NONE', #4118, 1000.000000000000000 ) ;
#2041 = DIRECTION ( 'NONE',  ( 1.000000000000000000, -1.665334536937732641E-15, 0.000000000000000000 ) ) ;
#2042 = CALENDAR_DATE ( 2022, 7, 1 ) ;
#2043 = LINE ( 'NONE', #1723, #713 ) ;
#2044 = VECTOR ( 'NONE', #1138, 1000.000000000000000 ) ;
#2045 = DIRECTION ( 'NONE',  ( 0.000000000000000000, 1.000000000000000000, 0.000000000000000000 ) ) ;
#2046 = EDGE_LOOP ( 'NONE', ( #2596, #1500, #2605, #1286 ) ) ;
#2047 = LINE ( 'NONE', #1726, #607 ) ;
#2048 = LINE ( 'NONE', #3338, #1494 ) ;
#2049 = ORIENTED_EDGE ( 'NONE', *, *, #846, .T. ) ;
#2050 =( NAMED_UNIT ( * ) PLANE_ANGLE_UNIT ( ) SI_UNIT ( $, .RADIAN. ) );
#2051 = LINE ( 'NONE', #3700, #2739 ) ;
#2052 = CYLINDRICAL_SURFACE ( 'NONE', #2326, 0.3048000000000000154 ) ;
#2053 = VECTOR ( 'NONE', #268, 1000.000000000000000 ) ;
#2054 = ADVANCED_FACE ( 'NONE', ( #966 ), #325, .T. ) ;
#2055 = AXIS2_PLACEMENT_3D ( 'NONE', #2008, #1686, #3955 ) ;
#2056 = ORIENTED_EDGE ( 'NONE', *, *, #4042, .F. ) ;
#2057 = DIRECTION ( 'NONE',  ( 1.665334536937736783E-15, -1.000000000000000000, 0.000000000000000000 ) ) ;
#2058 = CARTESIAN_POINT ( 'NONE',  ( -31.89999999999999147, -3.628499999999999837, -5.580800000000003536 ) ) ;
#2059 = AXIS2_PLACEMENT_3D ( 'NONE', #3300, #2031, #688 ) ;
#2060 = ORIENTED_EDGE ( 'NONE', *, *, #3771, .F. ) ;
#2061 = DIRECTION ( 'NONE',  ( 0.000000000000000000, -1.000000000000000000, 0.000000000000000000 ) ) ;
#2062 = DIRECTION ( 'NONE',  ( 1.665334536937736783E-15, -1.000000000000000000, 0.000000000000000000 ) ) ;
#2063 = APPROVAL_STATUS ( 'not_yet_approved' ) ;
#2064 = DIRECTION ( 'NONE',  ( -1.665334536937736783E-15, 1.000000000000000000, 0.000000000000000000 ) ) ;
#2065 = ORIENTED_EDGE ( 'NONE', *, *, #544, .T. ) ;
#2066 = FACE_OUTER_BOUND ( 'NONE', #3519, .T. ) ;
#2067 = AXIS2_PLACEMENT_3D ( 'NONE', #423, #673, #3325 ) ;
#2068 = AXIS2_PLACEMENT_3D ( 'NONE', #2945, #355, #672 ) ;
#2069 = CARTESIAN_POINT ( 'NONE',  ( -31.90000000000000568, -3.627500000000000391, -3.780800000000001049 ) ) ;
#2070 = ORIENTED_EDGE ( 'NONE', *, *, #2839, .T. ) ;
#2071 = LINE ( 'NONE', #2711, #1443 ) ;
#2072 = DIRECTION ( 'NONE',  ( 0.000000000000000000, -4.836480022654968326E-18, -1.000000000000000000 ) ) ;
#2073 = VERTEX_POINT ( 'NONE', #1952 ) ;
#2074 = EDGE_CURVE ( 'NONE', #3250, #2421, #313, .T. ) ;
#2075 = LINE ( 'NONE', #3366, #4095 ) ;
#2076 = CARTESIAN_POINT ( 'NONE',  ( 0.000000000000000000, -19.04999999999999716, 0.000000000000000000 ) ) ;
#2077 = ORIENTED_EDGE ( 'NONE', *, *, #1363, .T. ) ;
#2078 = CARTESIAN_POINT ( 'NONE',  ( 35.73500000000007049, 0.9099999999999386358, 0.9999999999999940048 ) ) ;
#2079 = DIRECTION ( 'NONE',  ( 0.000000000000000000, 0.000000000000000000, 1.000000000000000000 ) ) ;
#2080 = APPROVAL_ROLE ( '' ) ;
#2081 = CARTESIAN_POINT ( 'NONE',  ( 28.15000000000004832, 0.8099999999999478728, 11.09999999999999609 ) ) ;
#2082 = APPROVAL ( #3462, 'UNSPECIFIED' ) ;
#2083 = ORIENTED_EDGE ( 'NONE', *, *, #725, .F. ) ;
#2084 = CARTESIAN_POINT ( 'NONE',  ( -55.31733514603551782, -1.784779999999999589, -18.82277474571173315 ) ) ;
#2085 = ADVANCED_FACE ( 'NONE', ( #366 ), #3880, .T. ) ;
#2086 = CIRCLE ( 'NONE', #3500, 0.5000000000000004441 ) ;
#2087 = LINE ( 'NONE', #3376, #498 ) ;
#2088 = ORIENTED_EDGE ( 'NONE', *, *, #1153, .F. ) ;
#2089 =( LENGTH_UNIT ( ) NAMED_UNIT ( * ) SI_UNIT ( .MILLI., .METRE. ) );
#2090 = LINE ( 'NONE', #3657, #642 ) ;
#2091 = DIRECTION ( 'NONE',  ( 0.000000000000000000, 0.000000000000000000, -1.000000000000000000 ) ) ;
#2092 = ORIENTED_EDGE ( 'NONE', *, *, #1264, .T. ) ;
#2093 = DIRECTION ( 'NONE',  ( -0.9565533191475035224, 0.000000000000000000, -0.2915574516761564317 ) ) ;
#2094 = DIRECTION ( 'NONE',  ( 0.000000000000000000, 0.000000000000000000, -1.000000000000000000 ) ) ;
#2095 = VERTEX_POINT ( 'NONE', #1314 ) ;
#2096 = CARTESIAN_POINT ( 'NONE',  ( -28.58000000000000185, -3.628499999999999837, -3.780800000000001049 ) ) ;
#2097 = DIRECTION ( 'NONE',  ( 1.000000000000000000, 0.000000000000000000, 0.000000000000000000 ) ) ;
#2098 = PERSON_AND_ORGANIZATION ( #4035, #3412 ) ;
#2099 = DIRECTION ( 'NONE',  ( 1.665334536937736783E-15, -1.000000000000000000, 0.000000000000000000 ) ) ;
#2100 = EDGE_CURVE ( 'NONE', #832, #317, #408, .T. ) ;
#2101 = VERTEX_POINT ( 'NONE', #2637 ) ;
#2102 = SECURITY_CLASSIFICATION ( '', '', #3416 ) ;
#2103 = ORIENTED_EDGE ( 'NONE', *, *, #1848, .F. ) ;
#2104 = APPROVAL ( #1230, 'UNKNOWN' ) ;
#2105 = DIRECTION ( 'NONE',  ( -8.673617379884032317E-15, 0.000000000000000000, -1.000000000000000000 ) ) ;
#2106 = ADVANCED_FACE ( 'NONE', ( #3900 ), #3517, .T. ) ;
#2107 = VECTOR ( 'NONE', #54, 1000.000000000000000 ) ;
#2108 = APPROVAL_PERSON_ORGANIZATION ( #958, #3912, #1907 ) ;
#2109 = ORIENTED_EDGE ( 'NONE', *, *, #3403, .T. ) ;
#2110 = CARTESIAN_POINT ( 'NONE',  ( 28.25000000000005684, 0.9099999999999490718, 11.09999999999999609 ) ) ;
#2111 = LINE ( 'NONE', #790, #2187 ) ;
#2112 = ORIENTED_EDGE ( 'NONE', *, *, #2233, .T. ) ;
#2113 = ORIENTED_EDGE ( 'NONE', *, *, #365, .T. ) ;
#2114 = DIRECTION ( 'NONE',  ( -1.000000000000000000, 0.000000000000000000, 0.000000000000000000 ) ) ;
#2115 = FACE_OUTER_BOUND ( 'NONE', #4044, .T. ) ;
#2116 = EDGE_CURVE ( 'NONE', #2421, #3664, #1008, .T. ) ;
#2117 = AXIS2_PLACEMENT_3D ( 'NONE', #811, #3720, #2091 ) ;
#2118 = CIRCLE ( 'NONE', #312, 0.1000000000000011297 ) ;
#2119 = AXIS2_PLACEMENT_3D ( 'NONE', #1450, #1787, #1090 ) ;
#2120 = VERTEX_POINT ( 'NONE', #2301 ) ;
#2121 = CARTESIAN_POINT ( 'NONE',  ( 35.32000000000009265, 0.9099999999999386358, 6.559999999999999609 ) ) ;
#2122 = FACE_OUTER_BOUND ( 'NONE', #1149, .T. ) ;
#2123 = PERSON_AND_ORGANIZATION ( #4035, #3412 ) ;
#2124 = CARTESIAN_POINT ( 'NONE',  ( 38.10000000000008669, -1.640000000000000790, -63.65712399999999604 ) ) ;
#2125 = AXIS2_PLACEMENT_3D ( 'NONE', #2376, #3347, #502 ) ;
#2126 = ORIENTED_EDGE ( 'NONE', *, *, #273, .T. ) ;
#2127 = PRODUCT_DEFINITION_FORMATION_WITH_SPECIFIED_SOURCE ( 'ANY', '', #3789, .NOT_KNOWN. ) ;
#2128 = DIRECTION ( 'NONE',  ( 0.000000000000000000, 0.000000000000000000, -1.000000000000000000 ) ) ;
#2129 = ADVANCED_FACE ( 'NONE', ( #657 ), #1933, .F. ) ;
#2130 = AXIS2_PLACEMENT_3D ( 'NONE', #1229, #2524, #319 ) ;
#2131 = VERTEX_POINT ( 'NONE', #1999 ) ;
#2132 = VECTOR ( 'NONE', #1330, 1000.000000000000000 ) ;
#2133 = COORDINATED_UNIVERSAL_TIME_OFFSET ( 6, 0, .BEHIND. ) ;
#2134 = VECTOR ( 'NONE', #2271, 1000.000000000000000 ) ;
#2135 = DIRECTION ( 'NONE',  ( 0.000000000000000000, 1.000000000000000000, -0.000000000000000000 ) ) ;
#2136 = ORIENTED_EDGE ( 'NONE', *, *, #3911, .T. ) ;
#2137 = AXIS2_PLACEMENT_3D ( 'NONE', #838, #4028, #547 ) ;
#2138 = DIRECTION ( 'NONE',  ( 0.000000000000000000, 0.000000000000000000, -1.000000000000000000 ) ) ;
#2139 = CARTESIAN_POINT ( 'NONE',  ( 62.00000000000012790, 1.409999999999895781, -40.42000000000000171 ) ) ;
#2140 = CARTESIAN_POINT ( 'NONE',  ( 0.000000000000000000, 0.000000000000000000, 0.000000000000000000 ) ) ;
#2141 = EDGE_CURVE ( 'NONE', #3086, #4164, #1611, .T. ) ;
#2142 = ORIENTED_EDGE ( 'NONE', *, *, #3313, .T. ) ;
#2143 = CARTESIAN_POINT ( 'NONE',  ( -0.4000000000000148992, 0.8099999999999999423, 2.099999999999987210 ) ) ;
#2144 = ADVANCED_FACE ( 'NONE', ( #3576 ), #3600, .T. ) ;
#2145 = CARTESIAN_POINT ( 'NONE',  ( -31.59519999999999840, -3.327500000000000568, -5.925400000000000666 ) ) ;
#2146 = PERSON_AND_ORGANIZATION_ROLE ( 'creator' ) ;
#2147 = CARTESIAN_POINT ( 'NONE',  ( 33.75000000000007105, 0.8099999999999478728, 11.09999999999998188 ) ) ;
#2148 = ORIENTED_EDGE ( 'NONE', *, *, #2548, .T. ) ;
#2149 = PLANE ( 'NONE',  #4045 ) ;
#2150 = EDGE_CURVE ( 'NONE', #784, #3734, #821, .T. ) ;
#2151 = ORIENTED_EDGE ( 'NONE', *, *, #349, .T. ) ;
#2152 = CALENDAR_DATE ( 2022, 7, 1 ) ;
#2153 = DIRECTION ( 'NONE',  ( 0.000000000000000000, -0.2434821698488723318, 0.9699053732017802743 ) ) ;
#2154 = EDGE_CURVE ( 'NONE', #3990, #2095, #485, .T. ) ;
#2155 = ORIENTED_EDGE ( 'NONE', *, *, #2418, .T. ) ;
#2156 = EDGE_CURVE ( 'NONE', #1825, #1261, #2668, .T. ) ;
#2157 = LINE ( 'NONE', #3187, #1891 ) ;
#2158 = DIRECTION ( 'NONE',  ( 0.000000000000000000, 0.000000000000000000, -1.000000000000000000 ) ) ;
#2159 = CC_DESIGN_PERSON_AND_ORGANIZATION_ASSIGNMENT ( #1890, #1258, ( #2127 ) ) ;
#2160 = DIRECTION ( 'NONE',  ( -1.000000000000000000, 1.665334536937732641E-15, 0.000000000000000000 ) ) ;
#2161 = EDGE_CURVE ( 'NONE', #244, #1458, #3015, .T. ) ;
#2162 = ORIENTED_EDGE ( 'NONE', *, *, #491, .T. ) ;
#2163 = LINE ( 'NONE', #4128, #2317 ) ;
#2164 = DIRECTION ( 'NONE',  ( 0.000000000000000000, -1.000000000000000000, 0.000000000000000000 ) ) ;
#2165 = PERSON_AND_ORGANIZATION_ROLE ( 'creator' ) ;
#2166 = MANIFOLD_SOLID_BREP ( 'Fillet1', #3031 ) ;
#2167 = PRODUCT_DEFINITION_SHAPE ( 'NONE', 'NONE',  #4169 ) ;
#2168 = ORIENTED_EDGE ( 'NONE', *, *, #2288, .F. ) ;
#2169 = VERTEX_POINT ( 'NONE', #3056 ) ;
#2170 = CARTESIAN_POINT ( 'NONE',  ( 35.32000000000009976, 0.8099999999999392131, 5.959999999999996412 ) ) ;
#2171 = EDGE_CURVE ( 'NONE', #2828, #3290, #180, .T. ) ;
#2172 = APPROVAL_PERSON_ORGANIZATION ( #3393, #3324, #3371 ) ;
#2173 = MANIFOLD_SOLID_BREP ( 'Boss-Extrude1', #3122 ) ;
#2174 = ORIENTED_EDGE ( 'NONE', *, *, #595, .F. ) ;
#2175 = AXIS2_PLACEMENT_3D ( 'NONE', #2078, #3414, #151 ) ;
#2176 = PERSON_AND_ORGANIZATION ( #4035, #3412 ) ;
#2177 = AXIS2_PLACEMENT_3D ( 'NONE', #1871, #3224, #1294 ) ;
#2178 = CARTESIAN_POINT ( 'NONE',  ( 0.1000000000000028644, -1.690000000000000613, -9.289999999999999147 ) ) ;
#2179 = VECTOR ( 'NONE', #1564, 1000.000000000000000 ) ;
#2180 = VERTEX_POINT ( 'NONE', #509 ) ;
#2181 = CARTESIAN_POINT ( 'NONE',  ( 35.53500000000007475, 0.8099999999999392131, 7.159999999999996589 ) ) ;
#2182 = DIRECTION ( 'NONE',  ( 0.000000000000000000, -1.000000000000000000, 0.000000000000000000 ) ) ;
#2183 = FACE_OUTER_BOUND ( 'NONE', #3147, .T. ) ;
#2184 = ADVANCED_FACE ( 'NONE', ( #4030 ), #2405, .T. ) ;
#2185 = EDGE_LOOP ( 'NONE', ( #3365, #1851, #493, #1544 ) ) ;
#2186 = LINE ( 'NONE', #875, #3460 ) ;
#2187 = VECTOR ( 'NONE', #1417, 1000.000000000000000 ) ;
#2188 = DIRECTION ( 'NONE',  ( -0.000000000000000000, 0.000000000000000000, -1.000000000000000000 ) ) ;
#2189 = SECURITY_CLASSIFICATION_LEVEL ( 'unclassified' ) ;
#2190 = VECTOR ( 'NONE', #345, 1000.000000000000000 ) ;
#2191 = VERTEX_POINT ( 'NONE', #1384 ) ;
#2192 = VERTEX_POINT ( 'NONE', #3644 ) ;
#2193 = DIRECTION ( 'NONE',  ( 1.000000000000000000, 0.000000000000000000, 0.000000000000000000 ) ) ;
#2194 = AXIS2_PLACEMENT_3D ( 'NONE', #1317, #2620, #1054 ) ;
#2195 = APPROVAL_PERSON_ORGANIZATION ( #1576, #2834, #1178 ) ;
#2196 = EDGE_LOOP ( 'NONE', ( #3887, #744, #3832, #4102, #671, #2835, #1037, #2616, #375, #3396, #788, #866 ) ) ;
#2197 = MECHANICAL_CONTEXT ( 'NONE', #3104, 'mechanical' ) ;
#2198 = EDGE_CURVE ( 'NONE', #2584, #738, #845, .T. ) ;
#2199 = DIRECTION ( 'NONE',  ( -1.665334536937736783E-15, 1.000000000000000000, 0.000000000000000000 ) ) ;
#2200 = UNCERTAINTY_MEASURE_WITH_UNIT (LENGTH_MEASURE( 1.000000000000000082E-05 ), #1415, 'distance_accuracy_value', 'NONE');
#2201 = ORIENTED_EDGE ( 'NONE', *, *, #1743, .T. ) ;
#2202 = LINE ( 'NONE', #600, #3111 ) ;
#2203 = DIRECTION ( 'NONE',  ( 0.000000000000000000, 0.000000000000000000, -1.000000000000000000 ) ) ;
#2204 = LINE ( 'NONE', #560, #3404 ) ;
#2205 = EDGE_CURVE ( 'NONE', #1633, #2191, #2687, .T. ) ;
#2206 = ORIENTED_EDGE ( 'NONE', *, *, #938, .T. ) ;
#2207 = CARTESIAN_POINT ( 'NONE',  ( 28.35000000000005116, 0.9099999999999490718, 15.69999999999999574 ) ) ;
#2208 = FACE_OUTER_BOUND ( 'NONE', #1469, .T. ) ;
#2209 = APPROVAL_DATE_TIME ( #3817, #2104 ) ;
#2210 = EDGE_LOOP ( 'NONE', ( #522, #511, #309, #1627 ) ) ;
#2211 = VERTEX_POINT ( 'NONE', #3693 ) ;
#2212 = LINE ( 'NONE', #1255, #3320 ) ;
#2213 = CC_DESIGN_DATE_AND_TIME_ASSIGNMENT ( #3014, #3033, ( #1155 ) ) ;
#2214 = EDGE_CURVE ( 'NONE', #848, #1949, #2748, .T. ) ;
#2215 = ORIENTED_EDGE ( 'NONE', *, *, #1203, .F. ) ;
#2216 = SHAPE_DEFINITION_REPRESENTATION ( #3447, #2234 ) ;
#2217 = PLANE ( 'NONE',  #3737 ) ;
#2218 = ORIENTED_EDGE ( 'NONE', *, *, #1976, .T. ) ;
#2219 = DIRECTION ( 'NONE',  ( 0.000000000000000000, 0.000000000000000000, -1.000000000000000000 ) ) ;
#2220 = DIRECTION ( 'NONE',  ( -0.9565533191475035224, 0.000000000000000000, -0.2915574516761563761 ) ) ;
#2221 = MANIFOLD_SOLID_BREP ( 'cover_polarity', #374 ) ;
#2222 = CARTESIAN_POINT ( 'NONE',  ( 35.73500000000010601, 0.8099999999999392131, 2.099999999999987210 ) ) ;
#2223 = CARTESIAN_POINT ( 'NONE',  ( 33.75000000000007105, 0.9099999999999472955, 15.59999999999998543 ) ) ;
#2224 = VECTOR ( 'NONE', #1470, 1000.000000000000000 ) ;
#2225 = ORIENTED_EDGE ( 'NONE', *, *, #1248, .F. ) ;
#2226 = DIRECTION ( 'NONE',  ( 0.000000000000000000, 0.2434821698488597863, -0.9699053732017834939 ) ) ;
#2227 = DIRECTION ( 'NONE',  ( 1.000000000000000000, 0.000000000000000000, 8.828109292502836024E-17 ) ) ;
#2228 = COORDINATED_UNIVERSAL_TIME_OFFSET ( 6, 0, .BEHIND. ) ;
#2229 = ORIENTED_EDGE ( 'NONE', *, *, #868, .T. ) ;
#2230 = ORIENTED_EDGE ( 'NONE', *, *, #4073, .F. ) ;
#2231 = LINE ( 'NONE', #2905, #3118 ) ;
#2232 = DIRECTION ( 'NONE',  ( -4.034240641806390241E-15, 6.718360271118027621E-30, -1.000000000000000000 ) ) ;
#2233 = EDGE_CURVE ( 'NONE', #1310, #4060, #1697, .T. ) ;
#2234 = SHAPE_REPRESENTATION ( '11103-06_T7', ( #1244, #2335, #1383, #124, #187 ), #651 ) ;
#2235 = ORIENTED_EDGE ( 'NONE', *, *, #1363, .F. ) ;
#2236 = DATE_AND_TIME ( #1614, #3317 ) ;
#2237 = VECTOR ( 'NONE', #3488, 1000.000000000000000 ) ;
#2238 = DIRECTION ( 'NONE',  ( 1.000000000000000000, 0.000000000000000000, 0.000000000000000000 ) ) ;
#2239 = SECURITY_CLASSIFICATION ( '', '', #1597 ) ;
#2240 = VERTEX_POINT ( 'NONE', #4008 ) ;
#2241 = LOCAL_TIME ( 16, 6, 30.00000000000000000, #3136 ) ;
#2242 = CARTESIAN_POINT ( 'NONE',  ( 28.25000000000005684, 0.9099999999999490718, 11.09999999999999609 ) ) ;
#2243 = CARTESIAN_POINT ( 'NONE',  ( 26.26500000000005031, 0.9099999999999507372, 8.799999999999991829 ) ) ;
#2244 = CARTESIAN_POINT ( 'NONE',  ( 0.000000000000000000, -1.640000000000000790, -18.82277474571172959 ) ) ;
#2245 = VECTOR ( 'NONE', #2929, 1000.000000000000000 ) ;
#2246 = ORIENTED_EDGE ( 'NONE', *, *, #2483, .T. ) ;
#2247 = DIRECTION ( 'NONE',  ( 0.000000000000000000, 0.000000000000000000, 1.000000000000000000 ) ) ;
#2248 = DIRECTION ( 'NONE',  ( 1.000000000000000000, 0.000000000000000000, 0.000000000000000000 ) ) ;
#2249 = CALENDAR_DATE ( 2022, 7, 1 ) ;
#2250 = VERTEX_POINT ( 'NONE', #2018 ) ;
#2251 = ORIENTED_EDGE ( 'NONE', *, *, #2276, .F. ) ;
#2252 = LINE ( 'NONE', #3178, #562 ) ;
#2253 = DIRECTION ( 'NONE',  ( 0.000000000000000000, -0.000000000000000000, 1.000000000000000000 ) ) ;
#2254 = CIRCLE ( 'NONE', #974, 0.09999999999999939493 ) ;
#2255 = VECTOR ( 'NONE', #2942, 1000.000000000000000 ) ;
#2256 = VERTEX_POINT ( 'NONE', #2725 ) ;
#2257 = EDGE_CURVE ( 'NONE', #3555, #3837, #2425, .T. ) ;
#2258 = APPROVAL_ROLE ( '' ) ;
#2259 = LINE ( 'NONE', #2912, #3864 ) ;
#2260 = AXIS2_PLACEMENT_3D ( 'NONE', #1109, #4108, #2540 ) ;
#2261 = CIRCLE ( 'NONE', #3682, 0.3048000000000000154 ) ;
#2262 = EDGE_LOOP ( 'NONE', ( #2936, #3540, #1393, #1293 ) ) ;
#2263 = CARTESIAN_POINT ( 'NONE',  ( 0.000000000000000000, -19.04999999999999716, 0.000000000000000000 ) ) ;
#2264 = MANIFOLD_SOLID_BREP ( 'mixing_region', #4116 ) ;
#2265 = CARTESIAN_POINT ( 'NONE',  ( 35.73500000000010601, 0.8099999999999392131, 8.799999999999991829 ) ) ;
#2266 = EDGE_CURVE ( 'NONE', #2802, #244, #1071, .T. ) ;
#2267 = CARTESIAN_POINT ( 'NONE',  ( 26.46500000000004604, 0.9099999999999490718, 5.759999999999998010 ) ) ;
#2268 = AXIS2_PLACEMENT_3D ( 'NONE', #1906, #259, #936 ) ;
#2269 = EDGE_CURVE ( 'NONE', #1591, #3240, #1426, .T. ) ;
#2270 = ORIENTED_EDGE ( 'NONE', *, *, #691, .T. ) ;
#2271 = DIRECTION ( 'NONE',  ( 0.000000000000000000, -1.000000000000000000, 0.000000000000000000 ) ) ;
#2272 = VECTOR ( 'NONE', #383, 1000.000000000000000 ) ;
#2273 = CARTESIAN_POINT ( 'NONE',  ( 35.70960150567400149, 0.9099999999999386358, 8.866592907664301748 ) ) ;
#2274 = CONTEXT_DEPENDENT_SHAPE_REPRESENTATION ( #3378, #2167 ) ;
#2275 = VECTOR ( 'NONE', #60, 1000.000000000000000 ) ;
#2276 = EDGE_CURVE ( 'NONE', #441, #82, #3308, .T. ) ;
#2277 = ORIENTED_EDGE ( 'NONE', *, *, #1684, .T. ) ;
#2278 = ORIENTED_EDGE ( 'NONE', *, *, #2154, .F. ) ;
#2279 = LINE ( 'NONE', #3556, #2040 ) ;
#2280 = CARTESIAN_POINT ( 'NONE',  ( 35.63500000000010459, 0.9099999999999386358, 8.799999999999998934 ) ) ;
#2281 = CARTESIAN_POINT ( 'NONE',  ( 28.15000000000005187, 0.9099999999999490718, 11.09999999999999609 ) ) ;
#2282 = ORIENTED_EDGE ( 'NONE', *, *, #539, .F. ) ;
#2283 = APPROVAL_DATE_TIME ( #115, #3141 ) ;
#2284 = DIRECTION ( 'NONE',  ( -1.000000000000000000, -0.000000000000000000, -0.000000000000000000 ) ) ;
#2285 = VERTEX_POINT ( 'NONE', #2365 ) ;
#2286 = LINE ( 'NONE', #2333, #3875 ) ;
#2287 = DIRECTION ( 'NONE',  ( 1.000000000000000000, 0.000000000000000000, -3.016910393003142612E-17 ) ) ;
#2288 = EDGE_CURVE ( 'NONE', #617, #791, #2043, .T. ) ;
#2289 = ADVANCED_FACE ( 'NONE', ( #1406 ), #3673, .T. ) ;
#2290 = APPROVAL ( #3512, 'UNSPECIFIED' ) ;
#2291 = EDGE_CURVE ( 'NONE', #3295, #1573, #1744, .T. ) ;
#2292 = EDGE_LOOP ( 'NONE', ( #2560, #525, #2077, #2092, #2775, #3362, #2070, #2277, #4010, #1339, #4000, #2949, #3358, #63, #925, #380, #1074, #3029, #1914, #2823 ) ) ;
#2293 = CARTESIAN_POINT ( 'NONE',  ( 19.14999999999999858, 0.000000000000000000, 8.749999999999998224 ) ) ;
#2294 = LINE ( 'NONE', #3258, #2272 ) ;
#2295 = DATE_TIME_ROLE ( 'classification_date' ) ;
#2296 = CLOSED_SHELL ( 'NONE', ( #3005, #2420, #1553, #2493, #2472, #2509, #3198, #3716, #3477, #1048, #585, #264, #2902, #1512, #3294, #38, #1137, #3035, #1827, #2429, #224, #3023, #2332, #3474, #2129, #201, #1103, #1836, #4098, #3327, #4121, #2085, #2473, #2957, #661, #714, #1461, #1499, #3733, #3381, #2019, #3387, #3372, #2948, #2029, #503, #705, #3758, #2461, #928 ) ) ;
#2297 = ORIENTED_EDGE ( 'NONE', *, *, #961, .T. ) ;
#2298 = ORIENTED_EDGE ( 'NONE', *, *, #2878, .F. ) ;
#2299 = DIRECTION ( 'NONE',  ( -8.673617379884032317E-15, 0.000000000000000000, -1.000000000000000000 ) ) ;
#2300 = CARTESIAN_POINT ( 'NONE',  ( 33.65000000000006963, 1.109999999999947917, 15.69999999999999574 ) ) ;
#2301 = CARTESIAN_POINT ( 'NONE',  ( -31.90000000000000568, -3.627500000000000391, -4.580800000000002647 ) ) ;
#2302 = CARTESIAN_POINT ( 'NONE',  ( 26.36500000000004817, 0.8099999999999478728, 0.8999999999999945821 ) ) ;
#2303 = ORIENTED_EDGE ( 'NONE', *, *, #240, .F. ) ;
#2304 = CARTESIAN_POINT ( 'NONE',  ( 38.20000000000000284, -4.309999999999999609, -2.400000000000003020 ) ) ;
#2305 = EDGE_CURVE ( 'NONE', #617, #2488, #353, .T. ) ;
#2306 = CARTESIAN_POINT ( 'NONE',  ( 19.14999999999999858, 0.05000000000000000278, 8.749999999999998224 ) ) ;
#2307 = ORIENTED_EDGE ( 'NONE', *, *, #670, .F. ) ;
#2308 =( NAMED_UNIT ( * ) PLANE_ANGLE_UNIT ( ) SI_UNIT ( $, .RADIAN. ) );
#2309 = DIRECTION ( 'NONE',  ( -1.000000000000000000, 0.000000000000000000, 0.000000000000000000 ) ) ;
#2310 = LINE ( 'NONE', #3932, #1171 ) ;
#2311 = LOCAL_TIME ( 16, 6, 30.00000000000000000, #946 ) ;
#2312 = ORIENTED_EDGE ( 'NONE', *, *, #3783, .T. ) ;
#2313 = CARTESIAN_POINT ( 'NONE',  ( 38.10000000000008669, -0.8700000000000009948, -64.57190400000000352 ) ) ;
#2314 = DIRECTION ( 'NONE',  ( -1.665334536937736783E-15, 1.000000000000000000, 0.000000000000000000 ) ) ;
#2315 = CC_DESIGN_APPROVAL ( #2104, ( #3663 ) ) ;
#2316 = EDGE_CURVE ( 'NONE', #171, #2386, #1154, .T. ) ;
#2317 = VECTOR ( 'NONE', #3833, 1000.000000000000000 ) ;
#2318 = VERTEX_POINT ( 'NONE', #862 ) ;
#2319 = ORIENTED_EDGE ( 'NONE', *, *, #2575, .F. ) ;
#2320 = DIRECTION ( 'NONE',  ( 0.000000000000000000, 0.000000000000000000, -1.000000000000000000 ) ) ;
#2321 = FACE_OUTER_BOUND ( 'NONE', #3399, .T. ) ;
#2322 = CARTESIAN_POINT ( 'NONE',  ( 35.53500000000007475, 0.8099999999999392131, 7.359999999999994991 ) ) ;
#2323 = LINE ( 'NONE', #3603, #4015 ) ;
#2324 = ORIENTED_EDGE ( 'NONE', *, *, #473, .T. ) ;
#2325 = CARTESIAN_POINT ( 'NONE',  ( -0.4000000000000148992, 0.8099999999999999423, -40.72000000000000597 ) ) ;
#2326 = AXIS2_PLACEMENT_3D ( 'NONE', #377, #2627, #1344 ) ;
#2327 = CARTESIAN_POINT ( 'NONE',  ( -0.3999999999999975797, 0.1100000000000007222, -40.72000000000000597 ) ) ;
#2328 = PERSON ( 'NAUO-PER1', 'UNSPECIFIED', 'UNSPECIFIED', ('UNSPECIFIED'), ('UNSPECIFIED'), ('UNSPECIFIED') ) ;
#2329 = VECTOR ( 'NONE', #3401, 1000.000000000000000 ) ;
#2330 = AXIS2_PLACEMENT_3D ( 'NONE', #3357, #781, #469 ) ;
#2331 = ORIENTED_EDGE ( 'NONE', *, *, #2453, .T. ) ;
#2332 = ADVANCED_FACE ( 'NONE', ( #2445 ), #2541, .F. ) ;
#2333 = CARTESIAN_POINT ( 'NONE',  ( -0.4000000000000148992, 1.409999999999999698, 0.4999999999999935052 ) ) ;
#2334 = PLANE ( 'NONE',  #2926 ) ;
#2335 = AXIS2_PLACEMENT_3D ( 'NONE', #161, #2431, #1395 ) ;
#2336 = ORIENTED_EDGE ( 'NONE', *, *, #2830, .F. ) ;
#2337 = DIRECTION ( 'NONE',  ( 0.000000000000000000, 0.000000000000000000, 1.000000000000000000 ) ) ;
#2338 = ADVANCED_FACE ( 'NONE', ( #4049 ), #530, .F. ) ;
#2339 = DIRECTION ( 'NONE',  ( 0.000000000000000000, -0.000000000000000000, 1.000000000000000000 ) ) ;
#2340 = ITEM_DEFINED_TRANSFORMATION ( 'NONE', 'NONE', #187,  #721 ) ;
#2341 = ORIENTED_EDGE ( 'NONE', *, *, #4043, .T. ) ;
#2342 = EDGE_LOOP ( 'NONE', ( #3155, #586, #3314, #1414 ) ) ;
#2343 = FACE_OUTER_BOUND ( 'NONE', #2621, .T. ) ;
#2344 = DIRECTION ( 'NONE',  ( 0.000000000000000000, 0.9699053732017834939, 0.2434821698488597863 ) ) ;
#2345 = DIRECTION ( 'NONE',  ( 0.000000000000000000, 0.000000000000000000, -1.000000000000000000 ) ) ;
#2346 = DIRECTION ( 'NONE',  ( -7.709882115452493944E-16, 1.283953296258155542E-30, 1.000000000000000000 ) ) ;
#2347 = EDGE_CURVE ( 'NONE', #218, #3284, #2896, .T. ) ;
#2348 = VECTOR ( 'NONE', #2403, 1000.000000000000000 ) ;
#2349 = ORIENTED_EDGE ( 'NONE', *, *, #1081, .F. ) ;
#2350 = CC_DESIGN_PERSON_AND_ORGANIZATION_ASSIGNMENT ( #330, #6, ( #162 ) ) ;
#2351 = CARTESIAN_POINT ( 'NONE',  ( -28.65000000000000213, -3.327500000000000568, -6.001600000000022028 ) ) ;
#2352 = CYLINDRICAL_SURFACE ( 'NONE', #3726, 0.5999999999999998668 ) ;
#2353 = EDGE_LOOP ( 'NONE', ( #1745, #269, #1019, #3058 ) ) ;
#2354 = FACE_OUTER_BOUND ( 'NONE', #2508, .T. ) ;
#2355 = CARTESIAN_POINT ( 'NONE',  ( 33.75000000000006395, 0.8099999999999478728, 15.59999999999998543 ) ) ;
#2356 = LINE ( 'NONE', #1061, #841 ) ;
#2357 = ORIENTED_EDGE ( 'NONE', *, *, #378, .F. ) ;
#2358 = LINE ( 'NONE', #1043, #991 ) ;
#2359 = FACE_OUTER_BOUND ( 'NONE', #3562, .T. ) ;
#2360 = ORIENTED_EDGE ( 'NONE', *, *, #3205, .T. ) ;
#2361 = ORIENTED_EDGE ( 'NONE', *, *, #997, .T. ) ;
#2362 = DIRECTION ( 'NONE',  ( 0.000000000000000000, 0.000000000000000000, -1.000000000000000000 ) ) ;
#2363 = LINE ( 'NONE', #3967, #2578 ) ;
#2364 = DATE_AND_TIME ( #1213, #1829 ) ;
#2365 = CARTESIAN_POINT ( 'NONE',  ( 38.10000000000000142, -1.784779999999999589, -18.82277474571173315 ) ) ;
#2366 = CARTESIAN_POINT ( 'NONE',  ( 0.1000000000000028644, -3.492500000000000604, -6.001600000000000712 ) ) ;
#2367 = ORIENTED_EDGE ( 'NONE', *, *, #3713, .F. ) ;
#2368 = DIRECTION ( 'NONE',  ( 0.000000000000000000, 0.000000000000000000, -1.000000000000000000 ) ) ;
#2369 = LINE ( 'NONE', #764, #1224 ) ;
#2370 = EDGE_CURVE ( 'NONE', #2940, #3368, #216, .T. ) ;
#2371 = ORIENTED_EDGE ( 'NONE', *, *, #3215, .T. ) ;
#2372 = LINE ( 'NONE', #3881, #2595 ) ;
#2373 = CARTESIAN_POINT ( 'NONE',  ( 38.20000000000000284, -1.690000000000000613, -2.400000000000003020 ) ) ;
#2374 = VERTEX_POINT ( 'NONE', #979 ) ;
#2375 = CARTESIAN_POINT ( 'NONE',  ( -28.90000000000000213, -3.327500000000000568, -3.436200000000000365 ) ) ;
#2376 = CARTESIAN_POINT ( 'NONE',  ( 35.53500000000008185, 0.8099999999999392131, 5.759999999999998010 ) ) ;
#2377 = LOCAL_TIME ( 16, 6, 30.00000000000000000, #2476 ) ;
#2378 = AXIS2_PLACEMENT_3D ( 'NONE', #1097, #2388, #1747 ) ;
#2379 = EDGE_LOOP ( 'NONE', ( #2628, #2640, #3382, #1271 ) ) ;
#2380 = DIRECTION ( 'NONE',  ( 0.000000000000000000, 0.000000000000000000, 1.000000000000000000 ) ) ;
#2381 = CIRCLE ( 'NONE', #1833, 0.7699999999999929123 ) ;
#2382 = CARTESIAN_POINT ( 'NONE',  ( -28.90000000000000213, -3.627500000000000391, -3.436200000000000365 ) ) ;
#2383 = PERSON_AND_ORGANIZATION ( #4035, #3412 ) ;
#2384 = DIRECTION ( 'NONE',  ( -0.000000000000000000, 0.000000000000000000, -1.000000000000000000 ) ) ;
#2385 = AXIS2_PLACEMENT_3D ( 'NONE', #3110, #1113, #1784 ) ;
#2386 = VERTEX_POINT ( 'NONE', #933 ) ;
#2387 = FACE_OUTER_BOUND ( 'NONE', #2649, .T. ) ;
#2388 = DIRECTION ( 'NONE',  ( 1.665334536937736783E-15, -1.000000000000000000, -0.000000000000000000 ) ) ;
#2389 = EDGE_CURVE ( 'NONE', #614, #3423, #3214, .T. ) ;
#2390 = EDGE_LOOP ( 'NONE', ( #354, #3554, #347, #1139 ) ) ;
#2391 = LINE ( 'NONE', #1124, #3267 ) ;
#2392 = CARTESIAN_POINT ( 'NONE',  ( 0.000000000000000000, -1.690000000000000613, -9.289999999999999147 ) ) ;
#2393 = VECTOR ( 'NONE', #869, 1000.000000000000000 ) ;
#2394 = AXIS2_PLACEMENT_3D ( 'NONE', #2580, #977, #2626 ) ;
#2395 = ORIENTED_EDGE ( 'NONE', *, *, #1658, .F. ) ;
#2396 = DIRECTION ( 'NONE',  ( 1.665334536937736783E-15, -1.000000000000000000, 0.000000000000000000 ) ) ;
#2397 = APPROVAL ( #3822, 'UNSPECIFIED' ) ;
#2398 = DIRECTION ( 'NONE',  ( 1.665334536937736783E-15, -1.000000000000000000, 0.000000000000000000 ) ) ;
#2399 = VECTOR ( 'NONE', #1581, 1000.000000000000000 ) ;
#2400 = EDGE_CURVE ( 'NONE', #1573, #1199, #1265, .T. ) ;
#2401 = ORIENTED_EDGE ( 'NONE', *, *, #2784, .T. ) ;
#2402 = DIRECTION ( 'NONE',  ( -1.665334536937736783E-15, 1.000000000000000000, 0.000000000000000000 ) ) ;
#2403 = DIRECTION ( 'NONE',  ( 0.000000000000000000, 0.000000000000000000, 1.000000000000000000 ) ) ;
#2404 = DATE_AND_TIME ( #1483, #227 ) ;
#2405 = CYLINDRICAL_SURFACE ( 'NONE', #2119, 0.9147800000000039233 ) ;
#2406 = ORIENTED_EDGE ( 'NONE', *, *, #938, .F. ) ;
#2407 = CARTESIAN_POINT ( 'NONE',  ( -0.4000000000000148992, 1.409999999999999698, -40.72000000000000597 ) ) ;
#2408 = VECTOR ( 'NONE', #2585, 1000.000000000000000 ) ;
#2409 = DIRECTION ( 'NONE',  ( 1.665334536937736783E-15, -1.000000000000000000, 0.000000000000000000 ) ) ;
#2410 = VERTEX_POINT ( 'NONE', #3190 ) ;
#2411 =( NAMED_UNIT ( * ) PLANE_ANGLE_UNIT ( ) SI_UNIT ( $, .RADIAN. ) );
#2412 = CARTESIAN_POINT ( 'NONE',  ( 38.10000000000000142, 0.2992399999999992288, 0.000000000000000000 ) ) ;
#2413 = LINE ( 'NONE', #3701, #3805 ) ;
#2414 = ORIENTED_EDGE ( 'NONE', *, *, #898, .T. ) ;
#2415 = DIRECTION ( 'NONE',  ( 0.000000000000000000, 0.000000000000000000, 1.000000000000000000 ) ) ;
#2416 = CARTESIAN_POINT ( 'NONE',  ( -31.90000000000000568, -3.628499999999999837, -3.780800000000001049 ) ) ;
#2417 = EDGE_CURVE ( 'NONE', #2624, #1199, #2559, .T. ) ;
#2418 = EDGE_CURVE ( 'NONE', #2970, #1555, #3550, .T. ) ;
#2419 = CC_DESIGN_DATE_AND_TIME_ASSIGNMENT ( #2947, #3326, ( #3930 ) ) ;
#2420 = ADVANCED_FACE ( 'NONE', ( #3507, #1583 ), #621, .T. ) ;
#2421 = VERTEX_POINT ( 'NONE', #2244 ) ;
#2422 = FACE_OUTER_BOUND ( 'NONE', #1507, .T. ) ;
#2423 = CARTESIAN_POINT ( 'NONE',  ( -28.90000000000000213, -3.627500000000000391, -3.436200000000000365 ) ) ;
#2424 = APPLICATION_PROTOCOL_DEFINITION ( 'international standard', 'config_control_design', 1994, #3839 ) ;
#2425 = LINE ( 'NONE', #3712, #3741 ) ;
#2426 = ORIENTED_EDGE ( 'NONE', *, *, #3937, .F. ) ;
#2427 = LINE ( 'NONE', #4032, #415 ) ;
#2428 = VECTOR ( 'NONE', #3120, 1000.000000000000000 ) ;
#2429 = ADVANCED_FACE ( 'NONE', ( #1940 ), #3869, .T. ) ;
#2430 = EDGE_LOOP ( 'NONE', ( #2495, #1641, #692, #1379 ) ) ;
#2431 = DIRECTION ( 'NONE',  ( -1.000000000000000000, 0.000000000000000000, 0.000000000000000000 ) ) ;
#2432 = DIRECTION ( 'NONE',  ( 1.665334536937736783E-15, -1.000000000000000000, 0.000000000000000000 ) ) ;
#2433 = CARTESIAN_POINT ( 'NONE',  ( -0.3999999999999975797, 0.1100000000000007222, 2.099999999999987210 ) ) ;
#2434 = VERTEX_POINT ( 'NONE', #2147 ) ;
#2435 = ORIENTED_EDGE ( 'NONE', *, *, #2370, .T. ) ;
#2436 = CARTESIAN_POINT ( 'NONE',  ( 38.10000000000000142, 0.000000000000000000, -62.39999999999999858 ) ) ;
#2437 = DIRECTION ( 'NONE',  ( 0.000000000000000000, 0.000000000000000000, 1.000000000000000000 ) ) ;
#2438 = ADVANCED_FACE ( 'NONE', ( #3115 ), #1484, .F. ) ;
#2439 = EDGE_LOOP ( 'NONE', ( #3806, #711, #1227, #2142, #478, #3994 ) ) ;
#2440 = LINE ( 'NONE', #3354, #3388 ) ;
#2441 = AXIS2_PLACEMENT_3D ( 'NONE', #453, #2368, #745 ) ;
#2442 = CARTESIAN_POINT ( 'NONE',  ( 9.919639073094315548E-17, 19.05000000000000071, 0.8099999999999919487 ) ) ;
#2443 = DATE_AND_TIME ( #1467, #3386 ) ;
#2444 = EDGE_CURVE ( 'NONE', #2856, #3443, #4070, .T. ) ;
#2445 = FACE_OUTER_BOUND ( 'NONE', #934, .T. ) ;
#2446 = CC_DESIGN_APPROVAL ( #2397, ( #3049 ) ) ;
#2447 = VERTEX_POINT ( 'NONE', #549 ) ;
#2448 = CARTESIAN_POINT ( 'NONE',  ( -19.64999999999999858, 0.000000000000000000, -9.250000000000000000 ) ) ;
#2449 = VECTOR ( 'NONE', #1694, 1000.000000000000000 ) ;
#2450 = ORIENTED_EDGE ( 'NONE', *, *, #3076, .T. ) ;
#2451 = CARTESIAN_POINT ( 'NONE',  ( -28.01223650586641156, -13.63771849882211562, 42.38512600503349859 ) ) ;
#2452 = LINE ( 'NONE', #1735, #1981 ) ;
#2453 = EDGE_CURVE ( 'NONE', #804, #99, #573, .T. ) ;
#2454 = ORIENTED_EDGE ( 'NONE', *, *, #1408, .T. ) ;
#2455 = FACE_OUTER_BOUND ( 'NONE', #3177, .T. ) ;
#2456 = CARTESIAN_POINT ( 'NONE',  ( -0.4000000000000148992, 0.8099999999999999423, 2.099999999999987210 ) ) ;
#2457 = PLANE ( 'NONE',  #3886 ) ;
#2458 = VECTOR ( 'NONE', #4149, 1000.000000000000000 ) ;
#2459 = VECTOR ( 'NONE', #1707, 1000.000000000000000 ) ;
#2460 = AXIS2_PLACEMENT_3D ( 'NONE', #3624, #1760, #3373 ) ;
#2461 = ADVANCED_FACE ( 'NONE', ( #999 ), #2695, .F. ) ;
#2462 = ORIENTED_EDGE ( 'NONE', *, *, #794, .F. ) ;
#2463 = CARTESIAN_POINT ( 'NONE',  ( 38.10000000000000142, -1.640000000000000790, -18.82277474571172959 ) ) ;
#2464 = DIRECTION ( 'NONE',  ( 1.000000000000000000, 0.000000000000000000, 0.000000000000000000 ) ) ;
#2465 = PERSON_AND_ORGANIZATION ( #4035, #3412 ) ;
#2466 = CARTESIAN_POINT ( 'NONE',  ( 0.000000000000000000, 0.2992399999999992288, 0.000000000000000000 ) ) ;
#2467 = VECTOR ( 'NONE', #3666, 1000.000000000000000 ) ;
#2468 = ORIENTED_EDGE ( 'NONE', *, *, #3577, .F. ) ;
#2469 = PLANE ( 'NONE',  #2969 ) ;
#2470 = AXIS2_PLACEMENT_3D ( 'NONE', #960, #2501, #1268 ) ;
#2471 = ADVANCED_FACE ( 'NONE', ( #1619 ), #2334, .T. ) ;
#2472 = ADVANCED_FACE ( 'NONE', ( #2964 ), #3891, .F. ) ;
#2473 = ADVANCED_FACE ( 'NONE', ( #2028 ), #3344, .F. ) ;
#2474 = ORIENTED_EDGE ( 'NONE', *, *, #973, .F. ) ;
#2475 = AXIS2_PLACEMENT_3D ( 'NONE', #2651, #2339, #983 ) ;
#2476 = COORDINATED_UNIVERSAL_TIME_OFFSET ( 6, 0, .BEHIND. ) ;
#2477 = CIRCLE ( 'NONE', #255, 0.09999999999999766020 ) ;
#2478 = CARTESIAN_POINT ( 'NONE',  ( 38.10000000000008669, -1.784779999999999589, -63.65712399999999604 ) ) ;
#2479 = VERTEX_POINT ( 'NONE', #686 ) ;
#2480 = LINE ( 'NONE', #618, #3514 ) ;
#2481 = CARTESIAN_POINT ( 'NONE',  ( 0.000000000000000000, -1.690000000000000613, -18.50000000000000355 ) ) ;
#2482 = FACE_OUTER_BOUND ( 'NONE', #2730, .T. ) ;
#2483 = EDGE_CURVE ( 'NONE', #1199, #791, #399, .T. ) ;
#2484 = ORIENTED_EDGE ( 'NONE', *, *, #2983, .F. ) ;
#2485 = DIRECTION ( 'NONE',  ( 1.665334536937736783E-15, -1.000000000000000000, 0.000000000000000000 ) ) ;
#2486 = DIRECTION ( 'NONE',  ( 0.000000000000000000, 0.000000000000000000, -1.000000000000000000 ) ) ;
#2487 = APPROVAL_ROLE ( '' ) ;
#2488 = VERTEX_POINT ( 'NONE', #1304 ) ;
#2489 = ORIENTED_EDGE ( 'NONE', *, *, #3442, .F. ) ;
#2490 = LINE ( 'NONE', #1826, #3708 ) ;
#2491 = EDGE_LOOP ( 'NONE', ( #359, #1830, #247, #3383 ) ) ;
#2492 = CALENDAR_DATE ( 2022, 7, 1 ) ;
#2493 = ADVANCED_FACE ( 'NONE', ( #420 ), #1961, .F. ) ;
#2494 = CARTESIAN_POINT ( 'NONE',  ( -0.4000000000000148992, 1.409999999999999698, 0.4999999999999935052 ) ) ;
#2495 = ORIENTED_EDGE ( 'NONE', *, *, #1532, .F. ) ;
#2496 = CARTESIAN_POINT ( 'NONE',  ( 35.63500000000010459, 0.9099999999999386358, 0.8999999999999910294 ) ) ;
#2497 = DIRECTION ( 'NONE',  ( 0.000000000000000000, 0.000000000000000000, -1.000000000000000000 ) ) ;
#2498 = FACE_OUTER_BOUND ( 'NONE', #303, .T. ) ;
#2499 = ORIENTED_EDGE ( 'NONE', *, *, #564, .F. ) ;
#2500 = LINE ( 'NONE', #625, #4137 ) ;
#2501 = DIRECTION ( 'NONE',  ( 0.000000000000000000, 1.000000000000000000, 0.000000000000000000 ) ) ;
#2502 = COORDINATED_UNIVERSAL_TIME_OFFSET ( 6, 0, .BEHIND. ) ;
#2503 = PRODUCT_DEFINITION_SHAPE ( 'NONE', 'NONE',  #1155 ) ;
#2504 = ORIENTED_EDGE ( 'NONE', *, *, #3217, .F. ) ;
#2505 = ORIENTED_EDGE ( 'NONE', *, *, #3486, .F. ) ;
#2506 = FACE_OUTER_BOUND ( 'NONE', #2491, .T. ) ;
#2507 = CC_DESIGN_APPROVAL ( #3890, ( #2963 ) ) ;
#2508 = EDGE_LOOP ( 'NONE', ( #1616, #1838 ) ) ;
#2509 = ADVANCED_FACE ( 'NONE', ( #1989 ), #37, .F. ) ;
#2510 = VECTOR ( 'NONE', #3166, 1000.000000000000000 ) ;
#2511 = SECURITY_CLASSIFICATION_LEVEL ( 'unclassified' ) ;
#2512 = APPROVAL_PERSON_ORGANIZATION ( #1966, #2603, #2925 ) ;
#2513 = CARTESIAN_POINT ( 'NONE',  ( -55.31733514603551782, -1.690000000000000613, -18.50000000000000355 ) ) ;
#2514 = ADVANCED_FACE ( 'NONE', ( #3956 ), #1687, .T. ) ;
#2515 = CIRCLE ( 'NONE', #2385, 0.1000000000000028644 ) ;
#2516 = EDGE_LOOP ( 'NONE', ( #4017, #2462, #3210, #579 ) ) ;
#2517 = CARTESIAN_POINT ( 'NONE',  ( 0.1000000000000028644, -1.690000000000000613, -2.399999999999999467 ) ) ;
#2518 = FACE_OUTER_BOUND ( 'NONE', #2577, .T. ) ;
#2519 = CARTESIAN_POINT ( 'NONE',  ( 33.65000000000006963, 0.8099999999999478728, 15.60000000000000675 ) ) ;
#2520 = CC_DESIGN_DATE_AND_TIME_ASSIGNMENT ( #2443, #548, ( #1586 ) ) ;
#2521 = ORIENTED_EDGE ( 'NONE', *, *, #97, .T. ) ;
#2522 = DIRECTION ( 'NONE',  ( 0.6659290766430890907, -1.108994690484789188E-15, -0.7460150567389929321 ) ) ;
#2523 = VECTOR ( 'NONE', #1473, 1000.000000000000000 ) ;
#2524 = DIRECTION ( 'NONE',  ( 1.000000000000000000, 0.000000000000000000, 0.000000000000000000 ) ) ;
#2525 = CALENDAR_DATE ( 2022, 7, 1 ) ;
#2526 = ADVANCED_BREP_SHAPE_REPRESENTATION ( '', ( #2173, #721 ), #3748 ) ;
#2527 = EDGE_CURVE ( 'NONE', #1949, #2705, #3253, .T. ) ;
#2528 = VECTOR ( 'NONE', #3849, 1000.000000000000000 ) ;
#2529 = VECTOR ( 'NONE', #2384, 1000.000000000000000 ) ;
#2530 = ORIENTED_EDGE ( 'NONE', *, *, #184, .F. ) ;
#2531 = EDGE_LOOP ( 'NONE', ( #3551, #1538, #1621, #34 ) ) ;
#2532 = DIRECTION ( 'NONE',  ( 3.558407130208840567E-15, -5.925938290422263516E-30, -1.000000000000000000 ) ) ;
#2533 = VECTOR ( 'NONE', #2859, 1000.000000000000000 ) ;
#2534 = ORIENTED_EDGE ( 'NONE', *, *, #3205, .F. ) ;
#2535 = COORDINATED_UNIVERSAL_TIME_OFFSET ( 6, 0, .BEHIND. ) ;
#2536 = CARTESIAN_POINT ( 'NONE',  ( 28.35000000000005116, 0.8099999999999478728, 15.59999999999999254 ) ) ;
#2537 = VERTEX_POINT ( 'NONE', #103 ) ;
#2538 = CARTESIAN_POINT ( 'NONE',  ( 35.53500000000011028, 0.8099999999999392131, 5.959999999999996412 ) ) ;
#2539 = DIRECTION ( 'NONE',  ( 0.000000000000000000, -1.000000000000000000, 0.000000000000000000 ) ) ;
#2540 = DIRECTION ( 'NONE',  ( 0.000000000000000000, 0.000000000000000000, -1.000000000000000000 ) ) ;
#2541 = PLANE ( 'NONE',  #1782 ) ;
#2542 = VECTOR ( 'NONE', #1404, 1000.000000000000114 ) ;
#2543 = EDGE_LOOP ( 'NONE', ( #556, #3487, #2229, #3051 ) ) ;
#2544 = DIRECTION ( 'NONE',  ( 0.000000000000000000, 1.000000000000000000, -0.000000000000000000 ) ) ;
#2545 = DIRECTION ( 'NONE',  ( 0.000000000000000000, 0.000000000000000000, -1.000000000000000000 ) ) ;
#2546 = DATE_AND_TIME ( #2865, #3053 ) ;
#2547 = EDGE_CURVE ( 'NONE', #680, #929, #2608, .T. ) ;
#2548 = EDGE_CURVE ( 'NONE', #99, #2828, #2356, .T. ) ;
#2549 = ORIENTED_EDGE ( 'NONE', *, *, #1768, .F. ) ;
#2550 = VERTEX_POINT ( 'NONE', #3659 ) ;
#2551 = LINE ( 'NONE', #1233, #1624 ) ;
#2552 = ORIENTED_EDGE ( 'NONE', *, *, #1990, .T. ) ;
#2553 = PERSON_AND_ORGANIZATION ( #4035, #3412 ) ;
#2554 = LINE ( 'NONE', #4104, #176 ) ;
#2555 = EDGE_CURVE ( 'NONE', #3939, #2101, #770, .T. ) ;
#2556 = ORIENTED_EDGE ( 'NONE', *, *, #417, .T. ) ;
#2557 = DIRECTION ( 'NONE',  ( -0.000000000000000000, 0.000000000000000000, -1.000000000000000000 ) ) ;
#2558 = PLANE ( 'NONE',  #3002 ) ;
#2559 = LINE ( 'NONE', #1170, #41 ) ;
#2560 = ORIENTED_EDGE ( 'NONE', *, *, #55, .T. ) ;
#2561 = CARTESIAN_POINT ( 'NONE',  ( 26.68000000000005301, 0.9099999999999490718, 7.159999999999996589 ) ) ;
#2562 = DIRECTION ( 'NONE',  ( 0.000000000000000000, 0.000000000000000000, -1.000000000000000000 ) ) ;
#2563 = DATE_TIME_ROLE ( 'classification_date' ) ;
#2564 = ADVANCED_FACE ( 'NONE', ( #62 ), #2052, .T. ) ;
#2565 = VERTEX_POINT ( 'NONE', #3909 ) ;
#2566 = ORIENTED_EDGE ( 'NONE', *, *, #1662, .F. ) ;
#2567 = DIRECTION ( 'NONE',  ( 0.000000000000000000, 0.000000000000000000, 1.000000000000000000 ) ) ;
#2568 = DIRECTION ( 'NONE',  ( -1.665334536937736783E-15, 1.000000000000000000, 0.000000000000000000 ) ) ;
#2569 = ORIENTED_EDGE ( 'NONE', *, *, #646, .T. ) ;
#2570 = CC_DESIGN_DATE_AND_TIME_ASSIGNMENT ( #249, #1809, ( #3016 ) ) ;
#2571 = PERSON_AND_ORGANIZATION ( #4035, #3412 ) ;
#2572 = AXIS2_PLACEMENT_3D ( 'NONE', #2325, #2706, #2622 ) ;
#2573 = LINE ( 'NONE', #2178, #3182 ) ;
#2574 = CC_DESIGN_APPROVAL ( #3324, ( #2102 ) ) ;
#2575 = EDGE_CURVE ( 'NONE', #2886, #2819, #2310, .T. ) ;
#2576 = AXIS2_PLACEMENT_3D ( 'NONE', #755, #2700, #2380 ) ;
#2577 = EDGE_LOOP ( 'NONE', ( #1280, #1748, #481, #3905 ) ) ;
#2578 = VECTOR ( 'NONE', #1674, 1000.000000000000000 ) ;
#2579 = FACE_OUTER_BOUND ( 'NONE', #351, .T. ) ;
#2580 = CARTESIAN_POINT ( 'NONE',  ( 19.64999999999999858, 0.05000000000000000278, -9.250000000000000000 ) ) ;
#2581 = CARTESIAN_POINT ( 'NONE',  ( -1.734723475976807094E-14, 1.639999999999999014, 0.000000000000000000 ) ) ;
#2582 = VECTOR ( 'NONE', #2522, 1000.000000000000000 ) ;
#2583 = EDGE_CURVE ( 'NONE', #2447, #3902, #1039, .T. ) ;
#2584 = VERTEX_POINT ( 'NONE', #3425 ) ;
#2585 = DIRECTION ( 'NONE',  ( 1.000000000000000000, -1.665334536937732641E-15, 0.000000000000000000 ) ) ;
#2586 = PLANE ( 'NONE',  #1390 ) ;
#2587 = CALENDAR_DATE ( 2022, 7, 1 ) ;
#2588 = EDGE_CURVE ( 'NONE', #3675, #1872, #3739, .T. ) ;
#2589 = ORIENTED_EDGE ( 'NONE', *, *, #243, .T. ) ;
#2590 = ORIENTED_EDGE ( 'NONE', *, *, #4101, .F. ) ;
#2591 = DIRECTION ( 'NONE',  ( -8.997944700177142083E-30, 0.000000000000000000, -1.000000000000000000 ) ) ;
#2592 = DIRECTION ( 'NONE',  ( 0.000000000000000000, 0.000000000000000000, -1.000000000000000000 ) ) ;
#2593 = AXIS2_PLACEMENT_3D ( 'NONE', #1917, #331, #907 ) ;
#2594 = CARTESIAN_POINT ( 'NONE',  ( -28.39479999999998938, -3.492500000000000604, -3.360000000000002096 ) ) ;
#2595 = VECTOR ( 'NONE', #2001, 1000.000000000000000 ) ;
#2596 = ORIENTED_EDGE ( 'NONE', *, *, #1346, .T. ) ;
#2597 = SECURITY_CLASSIFICATION_LEVEL ( 'unclassified' ) ;
#2598 = EDGE_CURVE ( 'NONE', #1192, #2120, #1142, .T. ) ;
#2599 = APPLICATION_CONTEXT ( 'configuration controlled 3d designs of mechanical parts and assemblies' ) ;
#2600 = DIRECTION ( 'NONE',  ( 0.000000000000000000, 0.000000000000000000, -1.000000000000000000 ) ) ;
#2601 = EDGE_CURVE ( 'NONE', #2285, #3443, #3997, .T. ) ;
#2602 = AXIS2_PLACEMENT_3D ( 'NONE', #1460, #2396, #463 ) ;
#2603 = APPROVAL ( #2826, 'UNKNOWN' ) ;
#2604 = EDGE_CURVE ( 'NONE', #2779, #2318, #850, .T. ) ;
#2605 = ORIENTED_EDGE ( 'NONE', *, *, #783, .F. ) ;
#2606 = CARTESIAN_POINT ( 'NONE',  ( 35.73500000000010601, 0.9099999999999386358, 8.799999999999991829 ) ) ;
#2607 = CARTESIAN_POINT ( 'NONE',  ( 0.000000000000000000, 0.000000000000000000, -40.42000000000000171 ) ) ;
#2608 = LINE ( 'NONE', #2373, #3592 ) ;
#2609 = ORIENTED_EDGE ( 'NONE', *, *, #534, .T. ) ;
#2610 = DIRECTION ( 'NONE',  ( -1.665334536937736783E-15, 1.000000000000000000, 0.000000000000000000 ) ) ;
#2611 = CARTESIAN_POINT ( 'NONE',  ( 38.10000000000008669, -0.8700000000000009948, -63.65712399999999604 ) ) ;
#2612 = DATE_AND_TIME ( #690, #2852 ) ;
#2613 = CIRCLE ( 'NONE', #1864, 0.1999999999999987899 ) ;
#2614 = EDGE_CURVE ( 'NONE', #2192, #885, #3044, .T. ) ;
#2615 = VERTEX_POINT ( 'NONE', #2392 ) ;
#2616 = ORIENTED_EDGE ( 'NONE', *, *, #2598, .F. ) ;
#2617 = DIRECTION ( 'NONE',  ( -1.000000000000000000, -0.000000000000000000, -0.000000000000000000 ) ) ;
#2618 = DIRECTION ( 'NONE',  ( -0.000000000000000000, 0.000000000000000000, -1.000000000000000000 ) ) ;
#2619 = CARTESIAN_POINT ( 'NONE',  ( 33.65000000000006963, 0.9099999999999472955, 15.60000000000000675 ) ) ;
#2620 = DIRECTION ( 'NONE',  ( -1.000000000000000000, 0.000000000000000000, 0.000000000000000000 ) ) ;
#2621 = EDGE_LOOP ( 'NONE', ( #2484, #717, #2714, #2450 ) ) ;
#2622 = DIRECTION ( 'NONE',  ( 1.000000000000000000, -1.665334536937732641E-15, 1.104919411450191227E-16 ) ) ;
#2623 = CARTESIAN_POINT ( 'NONE',  ( 0.000000000000000000, 0.2992399999999992288, -62.39999999999999858 ) ) ;
#2624 = VERTEX_POINT ( 'NONE', #223 ) ;
#2625 = DIRECTION ( 'NONE',  ( 0.000000000000000000, 0.000000000000000000, -1.000000000000000000 ) ) ;
#2626 = DIRECTION ( 'NONE',  ( 0.000000000000000000, 0.000000000000000000, 1.000000000000000000 ) ) ;
#2627 = DIRECTION ( 'NONE',  ( 0.000000000000000000, 1.000000000000000000, -0.000000000000000000 ) ) ;
#2628 = ORIENTED_EDGE ( 'NONE', *, *, #2583, .F. ) ;
#2629 = DIRECTION ( 'NONE',  ( 1.665334536937736783E-15, -1.000000000000000000, 0.000000000000000000 ) ) ;
#2630 = CARTESIAN_POINT ( 'NONE',  ( 26.29039849432614773, 0.9099999999999507372, 8.866592907664301748 ) ) ;
#2631 = COORDINATED_UNIVERSAL_TIME_OFFSET ( 6, 0, .BEHIND. ) ;
#2632 = AXIS2_PLACEMENT_3D ( 'NONE', #1094, #2958, #3676 ) ;
#2633 = VERTEX_POINT ( 'NONE', #3085 ) ;
#2634 = EDGE_LOOP ( 'NONE', ( #653, #343, #3186, #3959 ) ) ;
#2635 = DIRECTION ( 'NONE',  ( 1.000000000000000000, 0.000000000000000000, 0.000000000000000000 ) ) ;
#2636 = CARTESIAN_POINT ( 'NONE',  ( 0.000000000000000000, 0.1100000000000007222, 0.000000000000000000 ) ) ;
#2637 = CARTESIAN_POINT ( 'NONE',  ( 0.000000000000000000, 0.000000000000000000, -62.39999999999999858 ) ) ;
#2638 = EDGE_CURVE ( 'NONE', #3491, #2696, #1493, .T. ) ;
#2639 = FACE_OUTER_BOUND ( 'NONE', #4105, .T. ) ;
#2640 = ORIENTED_EDGE ( 'NONE', *, *, #1823, .T. ) ;
#2641 = DIRECTION ( 'NONE',  ( -1.000000000000000000, 0.000000000000000000, 0.000000000000000000 ) ) ;
#2642 = DIRECTION ( 'NONE',  ( 0.000000000000000000, -0.000000000000000000, 1.000000000000000000 ) ) ;
#2643 = EDGE_CURVE ( 'NONE', #160, #2584, #2111, .T. ) ;
#2644 = EDGE_LOOP ( 'NONE', ( #425, #574, #284, #922 ) ) ;
#2645 = SHAPE_REPRESENTATION_RELATIONSHIP ( 'NONE' , 'NONE' ,  #3777, #816 ) ;
#2646 = CARTESIAN_POINT ( 'NONE',  ( 35.73500000000007049, 0.8099999999999392131, 0.9999999999999940048 ) ) ;
#2647 = CARTESIAN_POINT ( 'NONE',  ( -55.31733514603550361, -0.7699999999999997957, -64.57190400000000352 ) ) ;
#2648 = APPROVAL_PERSON_ORGANIZATION ( #2176, #2082, #3145 ) ;
#2649 = EDGE_LOOP ( 'NONE', ( #2990, #3721, #993, #900 ) ) ;
#2650 = DIRECTION ( 'NONE',  ( -1.665334536937736783E-15, 1.000000000000000000, 0.000000000000000000 ) ) ;
#2651 = CARTESIAN_POINT ( 'NONE',  ( -31.90000000000000568, -3.627500000000000391, -5.925400000000000666 ) ) ;
#2652 = COORDINATED_UNIVERSAL_TIME_OFFSET ( 6, 0, .BEHIND. ) ;
#2653 = VECTOR ( 'NONE', #1006, 1000.000000000000000 ) ;
#2654 = CC_DESIGN_APPROVAL ( #2603, ( #3930 ) ) ;
#2655 = EDGE_CURVE ( 'NONE', #3640, #3796, #3402, .T. ) ;
#2656 = ORIENTED_EDGE ( 'NONE', *, *, #1077, .T. ) ;
#2657 = ORIENTED_EDGE ( 'NONE', *, *, #1315, .F. ) ;
#2658 = CARTESIAN_POINT ( 'NONE',  ( 26.68000000000004945, 0.9099999999999490718, 5.959999999999996412 ) ) ;
#2659 = CARTESIAN_POINT ( 'NONE',  ( 26.26500000000005031, 0.8099999999999478728, 8.799999999999991829 ) ) ;
#2660 = CARTESIAN_POINT ( 'NONE',  ( -28.90000000000000213, -3.627500000000000391, -5.925400000000021983 ) ) ;
#2661 = EDGE_CURVE ( 'NONE', #2488, #3295, #164, .T. ) ;
#2662 = DIRECTION ( 'NONE',  ( -0.000000000000000000, 0.000000000000000000, -1.000000000000000000 ) ) ;
#2663 = ORIENTED_EDGE ( 'NONE', *, *, #4079, .T. ) ;
#2664 = CARTESIAN_POINT ( 'NONE',  ( -19.64999999999999858, 0.000000000000000000, -8.749999999999998224 ) ) ;
#2665 = VECTOR ( 'NONE', #2135, 1000.000000000000000 ) ;
#2666 = FACE_OUTER_BOUND ( 'NONE', #2516, .T. ) ;
#2667 = AXIS2_PLACEMENT_3D ( 'NONE', #992, #679, #3269 ) ;
#2668 = CIRCLE ( 'NONE', #118, 0.09999999999999982514 ) ;
#2669 = ORIENTED_EDGE ( 'NONE', *, *, #2548, .F. ) ;
#2670 = CARTESIAN_POINT ( 'NONE',  ( 26.26500000000005031, 0.8099999999999478728, 2.099999999999973443 ) ) ;
#2671 = AXIS2_PLACEMENT_3D ( 'NONE', #2519, #230, #272 ) ;
#2672 = CARTESIAN_POINT ( 'NONE',  ( -1.734723475976807094E-14, 1.409999999999999698, 0.000000000000000000 ) ) ;
#2673 = APPROVAL_PERSON_ORGANIZATION ( #1552, #28, #4103 ) ;
#2674 = SHAPE_REPRESENTATION ( '12347-02_T1', ( #721 ), #3748 ) ;
#2675 = VERTEX_POINT ( 'NONE', #146 ) ;
#2676 = CARTESIAN_POINT ( 'NONE',  ( 19.64999999999999858, 0.05000000000000000278, -8.749999999999998224 ) ) ;
#2677 = CARTESIAN_POINT ( 'NONE',  ( -31.90000000000000568, -3.628499999999999837, -4.580800000000002647 ) ) ;
#2678 = DATE_AND_TIME ( #3963, #437 ) ;
#2679 = VECTOR ( 'NONE', #649, 1000.000000000000000 ) ;
#2680 = AXIS2_PLACEMENT_3D ( 'NONE', #3916, #2314, #1994 ) ;
#2681 = EDGE_LOOP ( 'NONE', ( #2762, #76, #1177, #2201 ) ) ;
#2682 = ORIENTED_EDGE ( 'NONE', *, *, #3840, .T. ) ;
#2683 = LINE ( 'NONE', #3596, #2653 ) ;
#2684 = AXIS2_PLACEMENT_3D ( 'NONE', #931, #911, #3808 ) ;
#2685 = CARTESIAN_POINT ( 'NONE',  ( -55.31733514603550361, -0.7699999999999997957, -63.65712399999999604 ) ) ;
#2686 = CALENDAR_DATE ( 2022, 7, 1 ) ;
#2687 = LINE ( 'NONE', #3079, #2529 ) ;
#2688 = CARTESIAN_POINT ( 'NONE',  ( 26.36500000000004817, 0.9099999999999507372, 0.9999999999999940048 ) ) ;
#2689 = ORIENTED_EDGE ( 'NONE', *, *, #1805, .F. ) ;
#2690 = DIRECTION ( 'NONE',  ( 0.000000000000000000, -0.000000000000000000, 1.000000000000000000 ) ) ;
#2691 = LINE ( 'NONE', #1982, #3050 ) ;
#2692 = ORIENTED_EDGE ( 'NONE', *, *, #473, .F. ) ;
#2693 =( NAMED_UNIT ( * ) SI_UNIT ( $, .STERADIAN. ) SOLID_ANGLE_UNIT ( ) );
#2694 = DIRECTION ( 'NONE',  ( 0.000000000000000000, -0.000000000000000000, 1.000000000000000000 ) ) ;
#2695 = PLANE ( 'NONE',  #4075 ) ;
#2696 = VERTEX_POINT ( 'NONE', #1773 ) ;
#2697 = CARTESIAN_POINT ( 'NONE',  ( 33.85000000000006537, 0.9099999999999386358, 11.09999999999998188 ) ) ;
#2698 = CARTESIAN_POINT ( 'NONE',  ( 19.14999999999999858, 0.05000000000000000278, -9.250000000000000000 ) ) ;
#2699 = ORIENTED_EDGE ( 'NONE', *, *, #1970, .F. ) ;
#2700 = DIRECTION ( 'NONE',  ( -1.000000000000000000, 1.665334536937732641E-15, 0.000000000000000000 ) ) ;
#2701 = CYLINDRICAL_SURFACE ( 'NONE', #4163, 0.7699999999999929123 ) ;
#2702 = DATE_AND_TIME ( #2686, #2311 ) ;
#2703 = CARTESIAN_POINT ( 'NONE',  ( -31.90000000000000568, -3.627500000000000391, -3.741000000000001435 ) ) ;
#2704 = EDGE_CURVE ( 'NONE', #45, #2374, #3938, .T. ) ;
#2705 = VERTEX_POINT ( 'NONE', #1179 ) ;
#2706 = DIRECTION ( 'NONE',  ( -1.104919411450191227E-16, 1.840060456420916226E-31, 1.000000000000000000 ) ) ;
#2707 = FACE_OUTER_BOUND ( 'NONE', #4087, .T. ) ;
#2708 = PRODUCT_RELATED_PRODUCT_CATEGORY ( 'detail', '', ( #3789 ) ) ;
#2709 = VERTEX_POINT ( 'NONE', #4020 ) ;
#2710 = DIRECTION ( 'NONE',  ( -5.551115123125782702E-17, 0.000000000000000000, -1.000000000000000000 ) ) ;
#2711 = CARTESIAN_POINT ( 'NONE',  ( 19.64999999999999858, 0.05000000000000000278, 8.749999999999998224 ) ) ;
#2712 = CARTESIAN_POINT ( 'NONE',  ( 33.77539849432616847, 0.9099999999999472955, 11.03340709233568617 ) ) ;
#2713 = EDGE_CURVE ( 'NONE', #2790, #2386, #477, .T. ) ;
#2714 = ORIENTED_EDGE ( 'NONE', *, *, #358, .T. ) ;
#2715 = CARTESIAN_POINT ( 'NONE',  ( 38.10000000000008669, 0.1447800000000006027, -63.65712399999999604 ) ) ;
#2716 = DIRECTION ( 'NONE',  ( 0.000000000000000000, 1.000000000000000000, 0.000000000000000000 ) ) ;
#2717 = SECURITY_CLASSIFICATION ( '', '', #2189 ) ;
#2718 = VECTOR ( 'NONE', #3146, 1000.000000000000000 ) ;
#2719 = ORIENTED_EDGE ( 'NONE', *, *, #1372, .F. ) ;
#2720 = DIRECTION ( 'NONE',  ( 0.000000000000000000, 0.000000000000000000, -1.000000000000000000 ) ) ;
#2721 = AXIS2_PLACEMENT_3D ( 'NONE', #4159, #21, #324 ) ;
#2722 = CC_DESIGN_SECURITY_CLASSIFICATION ( #3930, ( #4170 ) ) ;
#2723 = PLANE ( 'NONE',  #2874 ) ;
#2724 = APPROVAL_STATUS ( 'not_yet_approved' ) ;
#2725 = CARTESIAN_POINT ( 'NONE',  ( 0.000000000000000000, 0.000000000000000000, 0.000000000000000000 ) ) ;
#2726 = VECTOR ( 'NONE', #2226, 1000.000000000000000 ) ;
#2727 = ORIENTED_EDGE ( 'NONE', *, *, #1858, .T. ) ;
#2728 = DIRECTION ( 'NONE',  ( 0.000000000000000000, -0.000000000000000000, 1.000000000000000000 ) ) ;
#2729 = LINE ( 'NONE', #3041, #166 ) ;
#2730 = EDGE_LOOP ( 'NONE', ( #2246, #2168, #1123, #2808 ) ) ;
#2731 = VECTOR ( 'NONE', #2736, 1000.000000000000000 ) ;
#2732 = EDGE_CURVE ( 'NONE', #3026, #808, #2795, .T. ) ;
#2733 = EDGE_CURVE ( 'NONE', #3857, #1958, #1125, .T. ) ;
#2734 = CARTESIAN_POINT ( 'NONE',  ( 0.1000000000000028644, -3.492500000000000604, -3.360000000000002096 ) ) ;
#2735 = PRODUCT_RELATED_PRODUCT_CATEGORY ( 'detail', '', ( #590 ) ) ;
#2736 = DIRECTION ( 'NONE',  ( 1.000000000000000000, -1.665334536937732641E-15, 0.000000000000000000 ) ) ;
#2737 = EDGE_CURVE ( 'NONE', #386, #1739, #2413, .T. ) ;
#2738 = VECTOR ( 'NONE', #742, 1000.000000000000000 ) ;
#2739 = VECTOR ( 'NONE', #3363, 1000.000000000000000 ) ;
#2740 = CARTESIAN_POINT ( 'NONE',  ( 62.00000000000012790, 1.639999999999895097, -40.42000000000000171 ) ) ;
#2741 = CARTESIAN_POINT ( 'NONE',  ( -0.3999999999999975797, 0.1100000000000007222, -40.72000000000000597 ) ) ;
#2742 = CARTESIAN_POINT ( 'NONE',  ( 8.326672684688674053E-14, -0.7699999999999997957, -63.65712399999999604 ) ) ;
#2743 =( GEOMETRIC_REPRESENTATION_CONTEXT ( 3 ) GLOBAL_UNCERTAINTY_ASSIGNED_CONTEXT ( ( #3804 ) ) GLOBAL_UNIT_ASSIGNED_CONTEXT ( ( #1685, #730, #3212 ) ) REPRESENTATION_CONTEXT ( 'NONE', 'WORKASPACE' ) );
#2744 = ORIENTED_EDGE ( 'NONE', *, *, #358, .F. ) ;
#2745 = FACE_OUTER_BOUND ( 'NONE', #2681, .T. ) ;
#2746 = CARTESIAN_POINT ( 'NONE',  ( -19.64999999999999858, 0.05000000000000000278, -8.749999999999998224 ) ) ;
#2747 = PERSON_AND_ORGANIZATION ( #4035, #3412 ) ;
#2748 = LINE ( 'NONE', #1134, #3602 ) ;
#2749 = EDGE_CURVE ( 'NONE', #3664, #471, #4142, .T. ) ;
#2750 = ORIENTED_EDGE ( 'NONE', *, *, #346, .T. ) ;
#2751 = CARTESIAN_POINT ( 'NONE',  ( 62.00000000000013500, 0.1099999999998966388, -40.42000000000000171 ) ) ;
#2752 = DIRECTION ( 'NONE',  ( 1.665334536937736783E-15, -1.000000000000000000, 0.000000000000000000 ) ) ;
#2753 = VECTOR ( 'NONE', #2062, 1000.000000000000000 ) ;
#2754 = ORIENTED_EDGE ( 'NONE', *, *, #335, .T. ) ;
#2755 = DIRECTION ( 'NONE',  ( -1.000000000000000000, 0.000000000000000000, 0.000000000000000000 ) ) ;
#2756 = LINE ( 'NONE', #189, #709 ) ;
#2757 = EDGE_CURVE ( 'NONE', #3173, #386, #497, .T. ) ;
#2758 = ORIENTED_EDGE ( 'NONE', *, *, #1626, .F. ) ;
#2759 = ORIENTED_EDGE ( 'NONE', *, *, #3497, .F. ) ;
#2760 = LINE ( 'NONE', #4061, #1645 ) ;
#2761 = LINE ( 'NONE', #3107, #2467 ) ;
#2762 = ORIENTED_EDGE ( 'NONE', *, *, #3082, .T. ) ;
#2763 = LINE ( 'NONE', #3075, #1099 ) ;
#2764 = PLANE ( 'NONE',  #1181 ) ;
#2765 = COORDINATED_UNIVERSAL_TIME_OFFSET ( 6, 0, .BEHIND. ) ;
#2766 = CARTESIAN_POINT ( 'NONE',  ( 62.00000000000013500, 1.639999999999895097, -1.734723475976807094E-14 ) ) ;
#2767 = ORIENTED_EDGE ( 'NONE', *, *, #2205, .F. ) ;
#2768 = CARTESIAN_POINT ( 'NONE',  ( 0.000000000000000000, 0.000000000000000000, -40.42000000000000171 ) ) ;
#2769 = VECTOR ( 'NONE', #2641, 1000.000000000000000 ) ;
#2770 = EDGE_CURVE ( 'NONE', #1145, #1352, #2452, .T. ) ;
#2771 = ORIENTED_EDGE ( 'NONE', *, *, #3913, .F. ) ;
#2772 = PERSON_AND_ORGANIZATION ( #4035, #3412 ) ;
#2773 = CARTESIAN_POINT ( 'NONE',  ( 62.00000000000012790, 1.639999999999895097, -40.42000000000000171 ) ) ;
#2774 = EDGE_CURVE ( 'NONE', #1587, #1513, #2756, .T. ) ;
#2775 = ORIENTED_EDGE ( 'NONE', *, *, #108, .T. ) ;
#2776 = ORIENTED_EDGE ( 'NONE', *, *, #1885, .F. ) ;
#2777 = CARTESIAN_POINT ( 'NONE',  ( -28.58000000000000185, -3.628499999999999837, -4.580800000000002647 ) ) ;
#2778 = CARTESIAN_POINT ( 'NONE',  ( 38.10000000000000142, -1.799827313399109174, -18.70103366078729934 ) ) ;
#2779 = VERTEX_POINT ( 'NONE', #3803 ) ;
#2780 = DIRECTION ( 'NONE',  ( 0.000000000000000000, 0.000000000000000000, -1.000000000000000000 ) ) ;
#2781 = VECTOR ( 'NONE', #1362, 1000.000000000000000 ) ;
#2782 = PLANE ( 'NONE',  #1053 ) ;
#2783 = COORDINATED_UNIVERSAL_TIME_OFFSET ( 6, 0, .BEHIND. ) ;
#2784 = EDGE_CURVE ( 'NONE', #2386, #967, #3185, .T. ) ;
#2785 = APPROVAL_PERSON_ORGANIZATION ( #2123, #109, #2080 ) ;
#2786 = CARTESIAN_POINT ( 'NONE',  ( 0.000000000000000000, 0.2992399999999992288, 0.000000000000000000 ) ) ;
#2787 = CC_DESIGN_PERSON_AND_ORGANIZATION_ASSIGNMENT ( #802, #2146, ( #3518 ) ) ;
#2788 = ADVANCED_FACE ( 'NONE', ( #1537 ), #2217, .T. ) ;
#2789 = AXIS2_PLACEMENT_3D ( 'NONE', #2869, #344, #1570 ) ;
#2790 = VERTEX_POINT ( 'NONE', #1515 ) ;
#2791 = FACE_OUTER_BOUND ( 'NONE', #217, .T. ) ;
#2792 = AXIS2_PLACEMENT_3D ( 'NONE', #2121, #3390, #2780 ) ;
#2793 = EDGE_LOOP ( 'NONE', ( #2336, #1023, #1451, #2530 ) ) ;
#2794 = PERSON_AND_ORGANIZATION ( #4035, #3412 ) ;
#2795 = LINE ( 'NONE', #1437, #1780 ) ;
#2796 = ORIENTED_EDGE ( 'NONE', *, *, #292, .T. ) ;
#2797 = LINE ( 'NONE', #4106, #91 ) ;
#2798 = PLANE ( 'NONE',  #3538 ) ;
#2799 = DIRECTION ( 'NONE',  ( 0.000000000000000000, -0.000000000000000000, 1.000000000000000000 ) ) ;
#2800 = VECTOR ( 'NONE', #2875, 1000.000000000000000 ) ;
#2801 = AXIS2_PLACEMENT_3D ( 'NONE', #3252, #3611, #685 ) ;
#2802 = VERTEX_POINT ( 'NONE', #286 ) ;
#2803 = PLANE ( 'NONE',  #565 ) ;
#2804 = FACE_OUTER_BOUND ( 'NONE', #3573, .T. ) ;
#2805 = MECHANICAL_CONTEXT ( 'NONE', #2599, 'mechanical' ) ;
#2806 = DIRECTION ( 'NONE',  ( 0.000000000000000000, 0.000000000000000000, 1.000000000000000000 ) ) ;
#2807 = AXIS2_PLACEMENT_3D ( 'NONE', #1263, #2799, #3767 ) ;
#2808 = ORIENTED_EDGE ( 'NONE', *, *, #2400, .T. ) ;
#2810 = EDGE_CURVE ( 'NONE', #2897, #1055, #250, .T. ) ;
#2809 = ORIENTED_EDGE ( 'NONE', *, *, #4042, .T. ) ;
#2811 = CARTESIAN_POINT ( 'NONE',  ( -31.90000000000000568, -3.628499999999999837, -4.780800000000001937 ) ) ;
#2812 = VECTOR ( 'NONE', #1820, 1000.000000000000000 ) ;
#2813 = ORIENTED_EDGE ( 'NONE', *, *, #1234, .T. ) ;
#2814 = AXIS2_PLACEMENT_3D ( 'NONE', #2611, #3895, #402 ) ;
#2815 = PRODUCT_DEFINITION_SHAPE ( 'NONE', 'NONE',  #4168 ) ;
#2816 = CALENDAR_DATE ( 2022, 7, 1 ) ;
#2817 = AXIS2_PLACEMENT_3D ( 'NONE', #2941, #3632, #101 ) ;
#2818 = CARTESIAN_POINT ( 'NONE',  ( 28.25000000000005329, 0.9099999999999490718, 15.59999999999999254 ) ) ;
#2819 = VERTEX_POINT ( 'NONE', #3521 ) ;
#2820 = DIRECTION ( 'NONE',  ( 1.000000000000000000, 0.000000000000000000, 0.000000000000000000 ) ) ;
#2821 = PLANE ( 'NONE',  #3343 ) ;
#2822 = PLANE ( 'NONE',  #1117 ) ;
#2823 = ORIENTED_EDGE ( 'NONE', *, *, #1421, .T. ) ;
#2824 = CARTESIAN_POINT ( 'NONE',  ( -0.4000000000000148992, 0.8099999999999999423, 0.4999999999999935052 ) ) ;
#2825 = PLANE ( 'NONE',  #2470 ) ;
#2826 = APPROVAL_STATUS ( 'not_yet_approved' ) ;
#2827 = ORIENTED_EDGE ( 'NONE', *, *, #798, .T. ) ;
#2828 = VERTEX_POINT ( 'NONE', #598 ) ;
#2829 = CARTESIAN_POINT ( 'NONE',  ( 38.10000000000008669, -0.7699999999999997957, -63.65712399999999604 ) ) ;
#2830 = EDGE_CURVE ( 'NONE', #4060, #921, #3846, .T. ) ;
#2831 = ORIENTED_EDGE ( 'NONE', *, *, #2116, .F. ) ;
#2832 = APPLICATION_PROTOCOL_DEFINITION ( 'international standard', 'config_control_design', 1994, #3618 ) ;
#2833 = DIRECTION ( 'NONE',  ( -1.000000000000000000, 1.665334536937732641E-15, 4.488735109016416189E-17 ) ) ;
#2834 = APPROVAL ( #3424, 'UNSPECIFIED' ) ;
#2835 = ORIENTED_EDGE ( 'NONE', *, *, #3771, .T. ) ;
#2836 = LINE ( 'NONE', #1518, #622 ) ;
#2837 = DIRECTION ( 'NONE',  ( 0.000000000000000000, 0.000000000000000000, -1.000000000000000000 ) ) ;
#2838 = PLANE ( 'NONE',  #1988 ) ;
#2839 = EDGE_CURVE ( 'NONE', #2856, #2131, #2554, .T. ) ;
#2840 = ORIENTED_EDGE ( 'NONE', *, *, #613, .F. ) ;
#2841 = DIRECTION ( 'NONE',  ( 1.665334536937736783E-15, -1.000000000000000000, 0.000000000000000000 ) ) ;
#2842 = CARTESIAN_POINT ( 'NONE',  ( -19.14999999999999858, 0.05000000000000000278, -8.749999999999998224 ) ) ;
#2843 = COORDINATED_UNIVERSAL_TIME_OFFSET ( 6, 0, .BEHIND. ) ;
#2844 = PRODUCT_DEFINITION_SHAPE ( 'NONE', 'NONE',  #1533 ) ;
#2845 = EDGE_LOOP ( 'NONE', ( #532, #1066, #3605, #1130 ) ) ;
#2846 = ORIENTED_EDGE ( 'NONE', *, *, #1072, .T. ) ;
#2847 = CARTESIAN_POINT ( 'NONE',  ( 26.26500000000006452, 0.9099999999999507372, 7.359999999999994991 ) ) ;
#2848 = LOCAL_TIME ( 16, 6, 30.00000000000000000, #372 ) ;
#2849 = ORIENTED_EDGE ( 'NONE', *, *, #2954, .T. ) ;
#2850 = VECTOR ( 'NONE', #69, 1000.000000000000000 ) ;
#2851 = APPROVAL_STATUS ( 'not_yet_approved' ) ;
#2852 = LOCAL_TIME ( 16, 6, 30.00000000000000000, #3570 ) ;
#2853 = FACE_OUTER_BOUND ( 'NONE', #3143, .T. ) ;
#2854 = AXIS2_PLACEMENT_3D ( 'NONE', #1647, #83, #381 ) ;
#2855 = EDGE_CURVE ( 'NONE', #441, #767, #970, .T. ) ;
#2856 = VERTEX_POINT ( 'NONE', #947 ) ;
#2857 = CARTESIAN_POINT ( 'NONE',  ( 26.36500000000004817, 0.9099999999999507372, 8.799999999999991829 ) ) ;
#2858 = CARTESIAN_POINT ( 'NONE',  ( -28.90000000000000213, -3.627500000000000391, -3.436200000000000365 ) ) ;
#2859 = DIRECTION ( 'NONE',  ( 1.000000000000000000, 0.000000000000000000, 0.000000000000000000 ) ) ;
#2860 = EDGE_CURVE ( 'NONE', #1949, #218, #4122, .T. ) ;
#2861 = ORIENTED_EDGE ( 'NONE', *, *, #2878, .T. ) ;
#2862 = DIRECTION ( 'NONE',  ( 1.000000000000000000, -1.665334536937732641E-15, -4.488735109016416805E-17 ) ) ;
#2863 = VECTOR ( 'NONE', #537, 1000.000000000000000 ) ;
#2864 = CARTESIAN_POINT ( 'NONE',  ( 28.25000000000005329, 0.8099999999999478728, 15.59999999999999254 ) ) ;
#2865 = CALENDAR_DATE ( 2022, 7, 1 ) ;
#2866 = VECTOR ( 'NONE', #2909, 1000.000000000000000 ) ;
#2867 = VERTEX_POINT ( 'NONE', #1214 ) ;
#2868 = ORIENTED_EDGE ( 'NONE', *, *, #2575, .T. ) ;
#2869 = CARTESIAN_POINT ( 'NONE',  ( 0.1000000000000028644, -1.690000000000000613, -9.289999999999999147 ) ) ;
#2870 = CIRCLE ( 'NONE', #3813, 0.8100000000000023848 ) ;
#2871 = EDGE_CURVE ( 'NONE', #1055, #3675, #2254, .T. ) ;
#2872 = ORIENTED_EDGE ( 'NONE', *, *, #952, .F. ) ;
#2873 = APPROVAL_DATE_TIME ( #1873, #2834 ) ;
#2874 = AXIS2_PLACEMENT_3D ( 'NONE', #1114, #3751, #2079 ) ;
#2875 = DIRECTION ( 'NONE',  ( 1.665334536937736783E-15, -1.000000000000000000, 0.000000000000000000 ) ) ;
#2876 = ORIENTED_EDGE ( 'NONE', *, *, #3625, .T. ) ;
#2877 = DIRECTION ( 'NONE',  ( 1.000000000000000000, 0.000000000000000000, 0.000000000000000000 ) ) ;
#2878 = EDGE_CURVE ( 'NONE', #2256, #3377, #1577, .T. ) ;
#2879 = DIRECTION ( 'NONE',  ( -1.665334536937736783E-15, 1.000000000000000000, 0.000000000000000000 ) ) ;
#2880 = VECTOR ( 'NONE', #447, 1000.000000000000000 ) ;
#2881 = ORIENTED_EDGE ( 'NONE', *, *, #3702, .T. ) ;
#2882 = CARTESIAN_POINT ( 'NONE',  ( 38.10000000000000142, -1.655047313399108599, -18.70103366078729934 ) ) ;
#2883 = DIRECTION ( 'NONE',  ( 0.000000000000000000, 0.000000000000000000, -1.000000000000000000 ) ) ;
#2884 = ITEM_DEFINED_TRANSFORMATION ( 'NONE', 'NONE', #124,  #721 ) ;
#2885 = ORIENTED_EDGE ( 'NONE', *, *, #3275, .F. ) ;
#2886 = VERTEX_POINT ( 'NONE', #555 ) ;
#2887 = DIRECTION ( 'NONE',  ( 1.000000000000000000, 0.000000000000000000, 0.000000000000000000 ) ) ;
#2888 = DIRECTION ( 'NONE',  ( 0.000000000000000000, 0.000000000000000000, -1.000000000000000000 ) ) ;
#2889 = ORIENTED_EDGE ( 'NONE', *, *, #1194, .F. ) ;
#2890 = APPROVAL_ROLE ( '' ) ;
#2891 = EDGE_CURVE ( 'NONE', #212, #2696, #4141, .T. ) ;
#2892 = LINE ( 'NONE', #7, #2510 ) ;
#2893 = ORIENTED_EDGE ( 'NONE', *, *, #1223, .T. ) ;
#2894 = PLANE ( 'NONE',  #2394 ) ;
#2895 = EDGE_CURVE ( 'NONE', #3223, #160, #248, .T. ) ;
#2896 = LINE ( 'NONE', #1283, #2458 ) ;
#2897 = VERTEX_POINT ( 'NONE', #1857 ) ;
#2898 = CARTESIAN_POINT ( 'NONE',  ( -31.90000000000000568, -3.627500000000000391, -5.620600000000001373 ) ) ;
#2899 = PLANE ( 'NONE',  #2130 ) ;
#2900 = APPROVAL_STATUS ( 'not_yet_approved' ) ;
#2901 = VERTEX_POINT ( 'NONE', #1835 ) ;
#2902 = ADVANCED_FACE ( 'NONE', ( #3485 ), #1874, .F. ) ;
#2903 = ORIENTED_EDGE ( 'NONE', *, *, #2000, .F. ) ;
#2904 = EDGE_CURVE ( 'NONE', #4071, #3736, #1598, .T. ) ;
#2905 = CARTESIAN_POINT ( 'NONE',  ( -31.90000000000000568, -3.628499999999999837, -3.780800000000001049 ) ) ;
#2906 = CC_DESIGN_PERSON_AND_ORGANIZATION_ASSIGNMENT ( #2794, #3738, ( #3483 ) ) ;
#2907 = EDGE_CURVE ( 'NONE', #3310, #2615, #2892, .T. ) ;
#2908 = CARTESIAN_POINT ( 'NONE',  ( -55.31733514603551782, -1.690000000000000613, -18.50000000000000355 ) ) ;
#2909 = DIRECTION ( 'NONE',  ( 1.000000000000000000, -1.665334536937732641E-15, -4.034240641806391030E-15 ) ) ;
#2910 = ORIENTED_EDGE ( 'NONE', *, *, #917, .T. ) ;
#2911 = DATE_TIME_ROLE ( 'classification_date' ) ;
#2912 = CARTESIAN_POINT ( 'NONE',  ( 0.1000000000000028644, -3.492500000000000604, -6.001600000000000712 ) ) ;
#2913 = APPROVAL_PERSON_ORGANIZATION ( #1856, #3890, #4076 ) ;
#2914 = AXIS2_PLACEMENT_3D ( 'NONE', #2972, #1629, #1050 ) ;
#2915 = EDGE_LOOP ( 'NONE', ( #3855, #3200, #144, #1855 ) ) ;
#2916 = VECTOR ( 'NONE', #3536, 1000.000000000000000 ) ;
#2917 = LINE ( 'NONE', #79, #1120 ) ;
#2918 = DIRECTION ( 'NONE',  ( 0.000000000000000000, 0.000000000000000000, -1.000000000000000000 ) ) ;
#2919 = CARTESIAN_POINT ( 'NONE',  ( 0.1000000000000028644, -1.690000000000000613, -2.399999999999999467 ) ) ;
#2920 = EDGE_CURVE ( 'NONE', #1731, #1310, #2573, .T. ) ;
#2921 = AXIS2_PLACEMENT_3D ( 'NONE', #172, #2402, #3689 ) ;
#2922 = ORIENTED_EDGE ( 'NONE', *, *, #4099, .F. ) ;
#2923 = DIRECTION ( 'NONE',  ( 0.000000000000000000, 0.000000000000000000, -1.000000000000000000 ) ) ;
#2924 = LINE ( 'NONE', #42, #3009 ) ;
#2925 = APPROVAL_ROLE ( '' ) ;
#2926 = AXIS2_PLACEMENT_3D ( 'NONE', #2919, #440, #2009 ) ;
#2927 = ORIENTED_EDGE ( 'NONE', *, *, #3313, .F. ) ;
#2928 = ORIENTED_EDGE ( 'NONE', *, *, #3036, .T. ) ;
#2929 = DIRECTION ( 'NONE',  ( 1.000000000000000000, 0.000000000000000000, 0.000000000000000000 ) ) ;
#2930 = FACE_OUTER_BOUND ( 'NONE', #2971, .T. ) ;
#2931 = DIRECTION ( 'NONE',  ( -1.000000000000000000, -0.000000000000000000, -0.000000000000000000 ) ) ;
#2932 = VECTOR ( 'NONE', #1822, 1000.000000000000000 ) ;
#2933 = EDGE_CURVE ( 'NONE', #1587, #1005, #3780, .T. ) ;
#2934 = LINE ( 'NONE', #3946, #2866 ) ;
#2935 = VECTOR ( 'NONE', #1386, 1000.000000000000114 ) ;
#2936 = ORIENTED_EDGE ( 'NONE', *, *, #3087, .F. ) ;
#2937 = CARTESIAN_POINT ( 'NONE',  ( 8.326672684688674053E-14, -0.7699999999999997957, -64.42712399999999207 ) ) ;
#2938 = CARTESIAN_POINT ( 'NONE',  ( 33.75000000000006395, 1.109999999999946141, 15.59999999999998543 ) ) ;
#2939 = AXIS2_PLACEMENT_3D ( 'NONE', #2242, #1617, #3277 ) ;
#2940 = VERTEX_POINT ( 'NONE', #3463 ) ;
#2941 = CARTESIAN_POINT ( 'NONE',  ( 19.14999999999999858, 0.05000000000000000278, -8.749999999999998224 ) ) ;
#2942 = DIRECTION ( 'NONE',  ( 1.665334536937736783E-15, -1.000000000000000000, 0.000000000000000000 ) ) ;
#2943 = CARTESIAN_POINT ( 'NONE',  ( 62.00000000000014211, 0.1099999999998966388, -1.734723475976807094E-14 ) ) ;
#2944 = ORIENTED_EDGE ( 'NONE', *, *, #646, .F. ) ;
#2945 = CARTESIAN_POINT ( 'NONE',  ( 35.32000000000006423, 0.9099999999999386358, 7.159999999999996589 ) ) ;
#2946 = DIRECTION ( 'NONE',  ( 1.000000000000000000, 0.000000000000000000, 0.000000000000000000 ) ) ;
#2947 = DATE_AND_TIME ( #1331, #563 ) ;
#2948 = ADVANCED_FACE ( 'NONE', ( #2853 ), #727, .T. ) ;
#2949 = ORIENTED_EDGE ( 'NONE', *, *, #2907, .T. ) ;
#2950 = ORIENTED_EDGE ( 'NONE', *, *, #403, .F. ) ;
#2951 = CARTESIAN_POINT ( 'NONE',  ( -19.64999999999999858, 0.000000000000000000, 9.249999999999996447 ) ) ;
#2952 = LINE ( 'NONE', #2636, #2880 ) ;
#2953 = CARTESIAN_POINT ( 'NONE',  ( 0.000000000000000000, -2.139999999999999680, -18.82277474571172959 ) ) ;
#2954 = EDGE_CURVE ( 'NONE', #1942, #3985, #2259, .T. ) ;
#2955 = DIRECTION ( 'NONE',  ( 0.000000000000000000, 0.000000000000000000, -1.000000000000000000 ) ) ;
#2956 = EDGE_LOOP ( 'NONE', ( #1763, #2719, #3255, #1824 ) ) ;
#2957 = ADVANCED_FACE ( 'NONE', ( #2666 ), #1659, .F. ) ;
#2958 = DIRECTION ( 'NONE',  ( 1.000000000000000000, 0.000000000000000000, 0.000000000000000000 ) ) ;
#2959 = DIRECTION ( 'NONE',  ( 0.000000000000000000, 0.000000000000000000, 1.000000000000000000 ) ) ;
#2960 = EDGE_LOOP ( 'NONE', ( #3037, #3322, #261, #3103 ) ) ;
#2961 = CARTESIAN_POINT ( 'NONE',  ( 38.10000000000000142, -1.690000000000000613, -18.50000000000000355 ) ) ;
#2962 = FACE_OUTER_BOUND ( 'NONE', #1342, .T. ) ;
#2963 = PRODUCT_DEFINITION ( 'UNKNOWN', '', #3858, #1944 ) ;
#2964 = FACE_OUTER_BOUND ( 'NONE', #263, .T. ) ;
#2965 = ADVANCED_FACE ( 'NONE', ( #95 ), #3607, .T. ) ;
#2966 = VERTEX_POINT ( 'NONE', #3293 ) ;
#2967 = DIRECTION ( 'NONE',  ( 0.000000000000000000, 1.000000000000000000, -0.000000000000000000 ) ) ;
#2968 = DIRECTION ( 'NONE',  ( -0.000000000000000000, 1.000000000000000000, -0.000000000000000000 ) ) ;
#2969 = AXIS2_PLACEMENT_3D ( 'NONE', #1173, #490, #4011 ) ;
#2970 = VERTEX_POINT ( 'NONE', #2938 ) ;
#2971 = EDGE_LOOP ( 'NONE', ( #1719, #3651, #4058, #2278, #2414 ) ) ;
#2972 = CARTESIAN_POINT ( 'NONE',  ( 26.46500000000004604, 0.8099999999999478728, 5.759999999999998010 ) ) ;
#2973 = CARTESIAN_POINT ( 'NONE',  ( -31.90000000000000568, -3.627500000000000391, -5.925400000000000666 ) ) ;
#2974 = DIRECTION ( 'NONE',  ( 1.000000000000000000, -1.665334536937732641E-15, 0.000000000000000000 ) ) ;
#2975 = PLANE ( 'NONE',  #117 ) ;
#2976 = ORIENTED_EDGE ( 'NONE', *, *, #1880, .F. ) ;
#2977 = DIRECTION ( 'NONE',  ( 1.000000000000000000, 0.000000000000000000, 0.000000000000000000 ) ) ;
#2978 = DIRECTION ( 'NONE',  ( 1.665334536937736783E-15, -1.000000000000000000, 0.000000000000000000 ) ) ;
#2979 = ORIENTED_EDGE ( 'NONE', *, *, #1072, .F. ) ;
#2980 = AXIS2_PLACEMENT_3D ( 'NONE', #2857, #930, #2219 ) ;
#2981 = LINE ( 'NONE', #102, #2255 ) ;
#2982 = DIRECTION ( 'NONE',  ( -1.000000000000000000, 0.000000000000000000, 0.000000000000000000 ) ) ;
#2983 = EDGE_CURVE ( 'NONE', #832, #280, #1957, .T. ) ;
#2984 = CC_DESIGN_APPROVAL ( #28, ( #2127 ) ) ;
#2985 = EDGE_LOOP ( 'NONE', ( #2230, #3068, #274, #2474 ) ) ;
#2986 = PLANE ( 'NONE',  #2068 ) ;
#2987 = LINE ( 'NONE', #2011, #990 ) ;
#2988 = VECTOR ( 'NONE', #3670, 1000.000000000000000 ) ;
#2989 = ORIENTED_EDGE ( 'NONE', *, *, #1453, .T. ) ;
#2990 = ORIENTED_EDGE ( 'NONE', *, *, #1768, .T. ) ;
#2991 = CARTESIAN_POINT ( 'NONE',  ( 33.75000000000007105, 0.9099999999999472955, 15.59999999999998543 ) ) ;
#2992 = LINE ( 'NONE', #3691, #2348 ) ;
#2993 = APPROVAL_STATUS ( 'not_yet_approved' ) ;
#2994 = CARTESIAN_POINT ( 'NONE',  ( 0.000000000000000000, 0.1100000000000007222, -40.42000000000000171 ) ) ;
#2995 = PLANE ( 'NONE',  #1509 ) ;
#2996 = ORIENTED_EDGE ( 'NONE', *, *, #973, .T. ) ;
#2997 = FACE_OUTER_BOUND ( 'NONE', #111, .T. ) ;
#2998 = CARTESIAN_POINT ( 'NONE',  ( 35.32000000000009976, 0.9099999999999386358, 5.959999999999996412 ) ) ;
#2999 = AXIS2_PLACEMENT_3D ( 'NONE', #665, #1987, #731 ) ;
#3000 = ORIENTED_EDGE ( 'NONE', *, *, #2156, .F. ) ;
#3001 = CARTESIAN_POINT ( 'NONE',  ( 0.000000000000000000, 0.1100000000000007222, -40.42000000000000171 ) ) ;
#3002 = AXIS2_PLACEMENT_3D ( 'NONE', #3787, #2877, #4085 ) ;
#3003 = CARTESIAN_POINT ( 'NONE',  ( 0.000000000000000000, 0.1100000000000007222, -40.42000000000000171 ) ) ;
#3004 = EDGE_LOOP ( 'NONE', ( #3727, #864, #2504, #342, #3714, #2155 ) ) ;
#3005 = ADVANCED_FACE ( 'NONE', ( #1057 ), #663, .T. ) ;
#3006 = PLANE ( 'NONE',  #2854 ) ;
#3007 = PLANE ( 'NONE',  #2475 ) ;
#3008 = AXIS2_PLACEMENT_3D ( 'NONE', #1206, #1565, #2562 ) ;
#3009 = VECTOR ( 'NONE', #1308, 1000.000000000000000 ) ;
#3010 = ORIENTED_EDGE ( 'NONE', *, *, #2614, .F. ) ;
#3011 = DIRECTION ( 'NONE',  ( 1.000000000000000000, 0.000000000000000000, -3.016910393003142612E-17 ) ) ;
#3012 = VECTOR ( 'NONE', #4125, 1000.000000000000000 ) ;
#3013 = CARTESIAN_POINT ( 'NONE',  ( 33.77539849432616847, 0.9099999999999472955, 11.03340709233568617 ) ) ;
#3014 = DATE_AND_TIME ( #2042, #20 ) ;
#3015 = LINE ( 'NONE', #449, #1111 ) ;
#3016 = PRODUCT_DEFINITION ( 'UNKNOWN', '', #2127, #3729 ) ;
#3017 = ORIENTED_EDGE ( 'NONE', *, *, #2643, .F. ) ;
#3018 = ORIENTED_EDGE ( 'NONE', *, *, #3061, .F. ) ;
#3019 = DIRECTION ( 'NONE',  ( 0.000000000000000000, -0.000000000000000000, 1.000000000000000000 ) ) ;
#3020 = EDGE_CURVE ( 'NONE', #3694, #596, #3581, .T. ) ;
#3021 = DIRECTION ( 'NONE',  ( 1.665334536937736783E-15, -1.000000000000000000, 0.000000000000000000 ) ) ;
#3022 = ORIENTED_EDGE ( 'NONE', *, *, #2025, .F. ) ;
#3023 = ADVANCED_FACE ( 'NONE', ( #350 ), #2352, .F. ) ;
#3024 = DIRECTION ( 'NONE',  ( 1.665334536937736783E-15, -1.000000000000000000, 0.000000000000000000 ) ) ;
#3025 = DIRECTION ( 'NONE',  ( 0.000000000000000000, -1.000000000000000000, 0.000000000000000000 ) ) ;
#3026 = VERTEX_POINT ( 'NONE', #703 ) ;
#3027 = LINE ( 'NONE', #1108, #452 ) ;
#3028 = CARTESIAN_POINT ( 'NONE',  ( 0.000000000000000000, 19.05000000000000071, -1.040834085586084257E-14 ) ) ;
#3029 = ORIENTED_EDGE ( 'NONE', *, *, #2749, .T. ) ;
#3030 = DIRECTION ( 'NONE',  ( 0.000000000000000000, 0.000000000000000000, -1.000000000000000000 ) ) ;
#3031 = CLOSED_SHELL ( 'NONE', ( #3292, #1847, #1682, #32, #3704, #3227, #1017, #2965, #1447, #1639 ) ) ;
#3032 = FACE_OUTER_BOUND ( 'NONE', #734, .T. ) ;
#3033 = DATE_TIME_ROLE ( 'creation_date' ) ;
#3034 = CARTESIAN_POINT ( 'NONE',  ( -1.734723475976807094E-14, 1.639999999999999014, -40.42000000000000171 ) ) ;
#3035 = ADVANCED_FACE ( 'NONE', ( #3885 ), #1638, .T. ) ;
#3036 = EDGE_CURVE ( 'NONE', #1904, #955, #1300, .T. ) ;
#3037 = ORIENTED_EDGE ( 'NONE', *, *, #829, .T. ) ;
#3038 = CC_DESIGN_PERSON_AND_ORGANIZATION_ASSIGNMENT ( #2098, #2165, ( #1533 ) ) ;
#3039 = DIRECTION ( 'NONE',  ( 0.000000000000000000, -0.000000000000000000, 1.000000000000000000 ) ) ;
#3040 = EDGE_CURVE ( 'NONE', #1646, #3948, #1321, .T. ) ;
#3041 = CARTESIAN_POINT ( 'NONE',  ( -1.734723475976807094E-14, 1.639999999999999014, -40.42000000000000171 ) ) ;
#3042 = ORIENTED_EDGE ( 'NONE', *, *, #139, .F. ) ;
#3043 = DIRECTION ( 'NONE',  ( 0.000000000000000000, -1.000000000000000000, 0.000000000000000000 ) ) ;
#3044 = LINE ( 'NONE', #205, #2393 ) ;
#3045 = LINE ( 'NONE', #3088, #1607 ) ;
#3046 = LINE ( 'NONE', #2456, #1305 ) ;
#3047 = DIRECTION ( 'NONE',  ( 0.000000000000000000, 1.000000000000000000, -0.000000000000000000 ) ) ;
#3048 = EDGE_CURVE ( 'NONE', #1628, #1513, #3312, .T. ) ;
#3049 = SECURITY_CLASSIFICATION ( '', '', #2511 ) ;
#3050 = VECTOR ( 'NONE', #395, 1000.000000000000000 ) ;
#3051 = ORIENTED_EDGE ( 'NONE', *, *, #2757, .T. ) ;
#3052 = LINE ( 'NONE', #2096, #4065 ) ;
#3053 = LOCAL_TIME ( 16, 6, 30.00000000000000000, #1527 ) ;
#3054 = LINE ( 'NONE', #3710, #1724 ) ;
#3055 = COORDINATED_UNIVERSAL_TIME_OFFSET ( 6, 0, .BEHIND. ) ;
#3056 = CARTESIAN_POINT ( 'NONE',  ( 62.40000000000013358, 1.409999999999895781, 0.4999999999999900080 ) ) ;
#3057 = VECTOR ( 'NONE', #3815, 1000.000000000000000 ) ;
#3058 = ORIENTED_EDGE ( 'NONE', *, *, #16, .F. ) ;
#3059 = LINE ( 'NONE', #178, #3844 ) ;
#3060 = LINE ( 'NONE', #1454, #1831 ) ;
#3061 = EDGE_CURVE ( 'NONE', #1909, #3138, #1704, .T. ) ;
#3062 = VERTEX_POINT ( 'NONE', #683 ) ;
#3063 = VECTOR ( 'NONE', #3612, 1000.000000000000000 ) ;
#3064 = DIRECTION ( 'NONE',  ( -1.000000000000000000, 0.000000000000000000, 0.000000000000000000 ) ) ;
#3065 = CARTESIAN_POINT ( 'NONE',  ( -31.90000000000000568, -3.628499999999999837, -4.580800000000002647 ) ) ;
#3066 = VECTOR ( 'NONE', #72, 1000.000000000000000 ) ;
#3067 = AXIS2_PLACEMENT_3D ( 'NONE', #3243, #3539, #2974 ) ;
#3068 = ORIENTED_EDGE ( 'NONE', *, *, #2483, .F. ) ;
#3069 = AXIS2_PLACEMENT_3D ( 'NONE', #524, #3385, #2437 ) ;
#3070 = VERTEX_POINT ( 'NONE', #2623 ) ;
#3071 = LINE ( 'NONE', #1128, #3879 ) ;
#3072 = CARTESIAN_POINT ( 'NONE',  ( -28.39479999999998938, -3.492500000000000604, -6.001600000000022028 ) ) ;
#3073 =( GEOMETRIC_REPRESENTATION_CONTEXT ( 3 ) GLOBAL_UNCERTAINTY_ASSIGNED_CONTEXT ( ( #3167 ) ) GLOBAL_UNIT_ASSIGNED_CONTEXT ( ( #416, #2308, #397 ) ) REPRESENTATION_CONTEXT ( 'NONE', 'WORKASPACE' ) );
#3074 = ORIENTED_EDGE ( 'NONE', *, *, #1662, .T. ) ;
#3075 = CARTESIAN_POINT ( 'NONE',  ( -0.4000000000000148992, 0.8099999999999999423, -40.72000000000000597 ) ) ;
#3076 = EDGE_CURVE ( 'NONE', #3126, #280, #2691, .T. ) ;
#3077 = LINE ( 'NONE', #197, #4091 ) ;
#3078 = APPROVAL_DATE_TIME ( #3711, #3786 ) ;
#3079 = CARTESIAN_POINT ( 'NONE',  ( 35.73500000000007049, 0.9099999999999386358, 0.9999999999999940048 ) ) ;
#3080 = ORIENTED_EDGE ( 'NONE', *, *, #2895, .T. ) ;
#3081 = LINE ( 'NONE', #1487, #1144 ) ;
#3082 = EDGE_CURVE ( 'NONE', #3614, #4034, #234, .T. ) ;
#3083 = VECTOR ( 'NONE', #2041, 1000.000000000000000 ) ;
#3084 = ORIENTED_EDGE ( 'NONE', *, *, #868, .F. ) ;
#3085 = CARTESIAN_POINT ( 'NONE',  ( 62.00000000000014211, 0.1099999999998966388, -1.734723475976807094E-14 ) ) ;
#3086 = VERTEX_POINT ( 'NONE', #75 ) ;
#3087 = EDGE_CURVE ( 'NONE', #3882, #2790, #1341, .T. ) ;
#3088 = CARTESIAN_POINT ( 'NONE',  ( -55.31733514603550361, -0.7699999999999997957, -64.57190400000000352 ) ) ;
#3089 = LINE ( 'NONE', #2777, #1176 ) ;
#3090 = EDGE_CURVE ( 'NONE', #784, #3377, #454, .T. ) ;
#3091 = DIRECTION ( 'NONE',  ( 1.000000000000000000, 0.000000000000000000, 0.000000000000000000 ) ) ;
#3092 = ORIENTED_EDGE ( 'NONE', *, *, #3937, .T. ) ;
#3093 = CARTESIAN_POINT ( 'NONE',  ( 38.10000000000000142, 0.000000000000000000, 0.000000000000000000 ) ) ;
#3094 = CARTESIAN_POINT ( 'NONE',  ( 26.26500000000005031, 0.9099999999999507372, 0.9999999999999765743 ) ) ;
#3095 = PERSON_AND_ORGANIZATION_ROLE ( 'design_owner' ) ;
#3096 = DIRECTION ( 'NONE',  ( 1.665334536937736783E-15, -1.000000000000000000, 0.000000000000000000 ) ) ;
#3097 = ORIENTED_EDGE ( 'NONE', *, *, #1846, .F. ) ;
#3098 = SHAPE_REPRESENTATION ( '12348-02_T3', ( #721 ), #1991 ) ;
#3099 = CARTESIAN_POINT ( 'NONE',  ( 0.000000000000000000, 19.05000000000000071, -1.040834085586084257E-14 ) ) ;
#3100 = EDGE_LOOP ( 'NONE', ( #1908, #3018, #2840, #1216 ) ) ;
#3101 = PERSON_AND_ORGANIZATION_ROLE ( 'classification_officer' ) ;
#3102 = DIRECTION ( 'NONE',  ( 0.000000000000000000, 0.000000000000000000, 1.000000000000000000 ) ) ;
#3103 = ORIENTED_EDGE ( 'NONE', *, *, #1717, .T. ) ;
#3104 = APPLICATION_CONTEXT ( 'configuration controlled 3d designs of mechanical parts and assemblies' ) ;
#3105 = CARTESIAN_POINT ( 'NONE',  ( 26.46500000000004604, 0.9099999999999490718, 7.159999999999996589 ) ) ;
#3106 = PLANE ( 'NONE',  #3958 ) ;
#3107 = CARTESIAN_POINT ( 'NONE',  ( 26.46500000000004604, 0.9099999999999490718, 5.959999999999996412 ) ) ;
#3108 = EDGE_CURVE ( 'NONE', #535, #1455, #143, .T. ) ;
#3109 = ORIENTED_EDGE ( 'NONE', *, *, #1543, .T. ) ;
#3110 = CARTESIAN_POINT ( 'NONE',  ( 28.15000000000005187, 0.9099999999999490718, 11.09999999999999609 ) ) ;
#3111 = VECTOR ( 'NONE', #3466, 1000.000000000000000 ) ;
#3112 = DIRECTION ( 'NONE',  ( 1.000000000000000000, 0.000000000000000000, 0.000000000000000000 ) ) ;
#3113 = APPROVAL_STATUS ( 'not_yet_approved' ) ;
#3114 = LOCAL_TIME ( 16, 6, 30.00000000000000000, #576 ) ;
#3115 = FACE_OUTER_BOUND ( 'NONE', #1756, .T. ) ;
#3116 = VECTOR ( 'NONE', #3561, 1000.000000000000000 ) ;
#3117 = ORIENTED_EDGE ( 'NONE', *, *, #3087, .T. ) ;
#3118 = VECTOR ( 'NONE', #3820, 1000.000000000000000 ) ;
#3119 = EDGE_LOOP ( 'NONE', ( #4143, #3584, #1710, #2003, #777, #3509, #2341, #1783, #2609, #3790, #2589, #1024, #550, #2297, #4050, #1524, #1506, #2312, #369, #2206, #1191, #221, #4135, #192, #1365, #2727 ) ) ;
#3120 = DIRECTION ( 'NONE',  ( -1.000000000000000000, 1.665334536937732641E-15, 0.000000000000000000 ) ) ;
#3121 = AXIS2_PLACEMENT_3D ( 'NONE', #3192, #587, #1905 ) ;
#3122 = CLOSED_SHELL ( 'NONE', ( #515, #4013, #1272, #4139 ) ) ;
#3123 = ORIENTED_EDGE ( 'NONE', *, *, #1421, .F. ) ;
#3124 = DATE_TIME_ROLE ( 'creation_date' ) ;
#3125 = DIRECTION ( 'NONE',  ( 0.000000000000000000, -0.000000000000000000, 1.000000000000000000 ) ) ;
#3126 = VERTEX_POINT ( 'NONE', #3649 ) ;
#3127 = LINE ( 'NONE', #1813, #2237 ) ;
#3128 = LINE ( 'NONE', #3149, #3888 ) ;
#3129 = DIRECTION ( 'NONE',  ( 0.000000000000000000, 0.000000000000000000, -1.000000000000000000 ) ) ;
#3130 = AXIS2_PLACEMENT_3D ( 'NONE', #2267, #3096, #3233 ) ;
#3131 = AXIS2_PLACEMENT_3D ( 'NONE', #2281, #3901, #1612 ) ;
#3132 = EDGE_CURVE ( 'NONE', #3284, #570, #181, .T. ) ;
#3133 = ORIENTED_EDGE ( 'NONE', *, *, #1730, .F. ) ;
#3134 = LINE ( 'NONE', #1026, #1968 ) ;
#3135 = PLANE ( 'NONE',  #323 ) ;
#3136 = COORDINATED_UNIVERSAL_TIME_OFFSET ( 6, 0, .BEHIND. ) ;
#3137 = VECTOR ( 'NONE', #2629, 1000.000000000000000 ) ;
#3138 = VERTEX_POINT ( 'NONE', #806 ) ;
#3139 = ORIENTED_EDGE ( 'NONE', *, *, #3048, .T. ) ;
#3140 = CARTESIAN_POINT ( 'NONE',  ( 26.36500000000004817, 0.8099999999999478728, 0.8999999999999910294 ) ) ;
#3141 = APPROVAL ( #636, 'UNSPECIFIED' ) ;
#3142 = EDGE_CURVE ( 'NONE', #3026, #1347, #3697, .T. ) ;
#3143 = EDGE_LOOP ( 'NONE', ( #2656, #538, #2395, #4127 ) ) ;
#3144 = PRODUCT ( '12347-02_T1', '12347-02_T1', '', ( #3520 ) ) ;
#3145 = APPROVAL_ROLE ( '' ) ;
#3146 = DIRECTION ( 'NONE',  ( -0.000000000000000000, -0.000000000000000000, -1.000000000000000000 ) ) ;
#3147 = EDGE_LOOP ( 'NONE', ( #3717, #3838, #1266, #1608 ) ) ;
#3148 = CARTESIAN_POINT ( 'NONE',  ( 0.000000000000000000, 0.1100000000000007222, -40.42000000000000171 ) ) ;
#3149 = CARTESIAN_POINT ( 'NONE',  ( 62.00000000000012790, 1.409999999999895781, -1.734723475976807094E-14 ) ) ;
#3150 = CYLINDRICAL_SURFACE ( 'NONE', #182, 0.5000000000000004441 ) ;
#3151 = VERTEX_POINT ( 'NONE', #2069 ) ;
#3152 = CARTESIAN_POINT ( 'NONE',  ( 33.77539849432616847, 0.8099999999999478728, 11.03340709233568617 ) ) ;
#3153 = DIRECTION ( 'NONE',  ( 0.000000000000000000, -0.000000000000000000, 1.000000000000000000 ) ) ;
#3154 = PERSON_AND_ORGANIZATION_ROLE ( 'classification_officer' ) ;
#3155 = ORIENTED_EDGE ( 'NONE', *, *, #4025, .F. ) ;
#3156 = ORIENTED_EDGE ( 'NONE', *, *, #667, .T. ) ;
#3157 = DIRECTION ( 'NONE',  ( -1.000000000000000000, 1.665334536937732641E-15, 0.000000000000000000 ) ) ;
#3158 = EDGE_CURVE ( 'NONE', #3295, #2624, #2729, .T. ) ;
#3159 = EDGE_CURVE ( 'NONE', #3070, #1078, #2087, .T. ) ;
#3160 = CC_DESIGN_PERSON_AND_ORGANIZATION_ASSIGNMENT ( #1566, #4167, ( #3663 ) ) ;
#3161 = EDGE_CURVE ( 'NONE', #1086, #1825, #474, .T. ) ;
#3162 = ORIENTED_EDGE ( 'NONE', *, *, #3108, .F. ) ;
#3163 = VECTOR ( 'NONE', #1136, 1000.000000000000000 ) ;
#3164 = PERSON_AND_ORGANIZATION ( #4035, #3412 ) ;
#3165 = DESIGN_CONTEXT ( 'detailed design', #3759, 'design' ) ;
#3166 = DIRECTION ( 'NONE',  ( 0.000000000000000000, 1.000000000000000000, -0.000000000000000000 ) ) ;
#3167 = UNCERTAINTY_MEASURE_WITH_UNIT (LENGTH_MEASURE( 1.000000000000000082E-05 ), #416, 'distance_accuracy_value', 'NONE');
#3168 = EDGE_LOOP ( 'NONE', ( #2928, #2360, #2319, #817 ) ) ;
#3169 = DIRECTION ( 'NONE',  ( 0.000000000000000000, -0.000000000000000000, 1.000000000000000000 ) ) ;
#3170 = FACE_OUTER_BOUND ( 'NONE', #17, .T. ) ;
#3171 = CARTESIAN_POINT ( 'NONE',  ( 35.73500000000007049, 0.9099999999999386358, 7.359999999999994991 ) ) ;
#3172 = EDGE_CURVE ( 'NONE', #2191, #1628, #3060, .T. ) ;
#3173 = VERTEX_POINT ( 'NONE', #4033 ) ;
#3174 = CARTESIAN_POINT ( 'NONE',  ( 0.000000000000000000, 0.1100000000000007222, 0.000000000000000000 ) ) ;
#3175 = CYLINDRICAL_SURFACE ( 'NONE', #852, 0.5000000000000004441 ) ;
#3176 = ORIENTED_EDGE ( 'NONE', *, *, #2655, .T. ) ;
#3177 = EDGE_LOOP ( 'NONE', ( #2331, #858, #1490, #3775 ) ) ;
#3178 = CARTESIAN_POINT ( 'NONE',  ( -55.31733514603551782, -1.690000000000000613, -9.290000000000020464 ) ) ;
#3179 = LOCAL_TIME ( 16, 6, 30.00000000000000000, #2535 ) ;
#3180 = ORIENTED_EDGE ( 'NONE', *, *, #1718, .F. ) ;
#3181 = EDGE_CURVE ( 'NONE', #1548, #2828, #2369, .T. ) ;
#3182 = VECTOR ( 'NONE', #3866, 1000.000000000000000 ) ;
#3183 = DATE_AND_TIME ( #3440, #3927 ) ;
#3184 = EDGE_CURVE ( 'NONE', #147, #885, #2048, .T. ) ;
#3185 = LINE ( 'NONE', #4162, #3530 ) ;
#3186 = ORIENTED_EDGE ( 'NONE', *, *, #3702, .F. ) ;
#3187 = CARTESIAN_POINT ( 'NONE',  ( 0.1000000000000028644, -4.309999999999999609, -2.399999999999999467 ) ) ;
#3188 = DIRECTION ( 'NONE',  ( 0.000000000000000000, 0.000000000000000000, 1.000000000000000000 ) ) ;
#3189 = CARTESIAN_POINT ( 'NONE',  ( 8.326672684688674053E-14, -3.469446951953614189E-15, -63.65712399999999604 ) ) ;
#3190 = CARTESIAN_POINT ( 'NONE',  ( 38.20000000000000284, -4.309999999999999609, -2.400000000000003020 ) ) ;
#3191 = EDGE_LOOP ( 'NONE', ( #940, #3042, #4038, #739 ) ) ;
#3192 = CARTESIAN_POINT ( 'NONE',  ( 26.46500000000006381, 0.9099999999999490718, 7.359999999999994991 ) ) ;
#3193 = VECTOR ( 'NONE', #1794, 1000.000000000000000 ) ;
#3194 = FACE_OUTER_BOUND ( 'NONE', #1517, .T. ) ;
#3195 = COORDINATED_UNIVERSAL_TIME_OFFSET ( 6, 0, .BEHIND. ) ;
#3196 = AXIS2_PLACEMENT_3D ( 'NONE', #2660, #3203, #1911 ) ;
#3197 = AXIS2_PLACEMENT_3D ( 'NONE', #2953, #2931, #1977 ) ;
#3198 = ADVANCED_FACE ( 'NONE', ( #2707 ), #3992, .T. ) ;
#3199 = ORIENTED_EDGE ( 'NONE', *, *, #1870, .F. ) ;
#3200 = ORIENTED_EDGE ( 'NONE', *, *, #3799, .T. ) ;
#3201 = DIRECTION ( 'NONE',  ( -1.000000000000000000, 1.665334536937732641E-15, 0.000000000000000000 ) ) ;
#3202 = VECTOR ( 'NONE', #4062, 1000.000000000000000 ) ;
#3203 = DIRECTION ( 'NONE',  ( 0.2915574516761563761, 0.000000000000000000, 0.9565533191475035224 ) ) ;
#3204 = EDGE_LOOP ( 'NONE', ( #592, #3353, #132, #400 ) ) ;
#3205 = EDGE_CURVE ( 'NONE', #955, #2819, #1652, .T. ) ;
#3206 = APPROVAL_ROLE ( '' ) ;
#3207 = VECTOR ( 'NONE', #1785, 1000.000000000000000 ) ;
#3208 = DIRECTION ( 'NONE',  ( 0.000000000000000000, 1.000000000000000000, 0.000000000000000000 ) ) ;
#3209 = AXIS2_PLACEMENT_3D ( 'NONE', #2742, #3411, #1779 ) ;
#3210 = ORIENTED_EDGE ( 'NONE', *, *, #3892, .F. ) ;
#3211 = AXIS2_PLACEMENT_3D ( 'NONE', #1064, #2967, #3590 ) ;
#3212 =( NAMED_UNIT ( * ) SI_UNIT ( $, .STERADIAN. ) SOLID_ANGLE_UNIT ( ) );
#3213 = CARTESIAN_POINT ( 'NONE',  ( -1.734723475976807094E-14, 1.639999999999999014, 0.000000000000000000 ) ) ;
#3214 = LINE ( 'NONE', #666, #575 ) ;
#3215 = EDGE_CURVE ( 'NONE', #86, #1671, #1950, .T. ) ;
#3216 = EDGE_CURVE ( 'NONE', #921, #2410, #3941, .T. ) ;
#3217 = EDGE_CURVE ( 'NONE', #150, #1058, #387, .T. ) ;
#3218 = ORIENTED_EDGE ( 'NONE', *, *, #1106, .F. ) ;
#3219 = LINE ( 'NONE', #1250, #2726 ) ;
#3220 = CARTESIAN_POINT ( 'NONE',  ( 33.75000000000007105, 0.9099999999999472955, 11.09999999999998188 ) ) ;
#3221 = DATE_AND_TIME ( #3494, #1620 ) ;
#3222 = ORIENTED_EDGE ( 'NONE', *, *, #90, .F. ) ;
#3223 = VERTEX_POINT ( 'NONE', #360 ) ;
#3224 = DIRECTION ( 'NONE',  ( -1.665334536937736783E-15, 1.000000000000000000, 0.000000000000000000 ) ) ;
#3225 = DIRECTION ( 'NONE',  ( 1.000000000000000000, -1.665334536937732641E-15, -0.000000000000000000 ) ) ;
#3226 = EDGE_LOOP ( 'NONE', ( #1047, #167, #2349, #3176 ) ) ;
#3227 = ADVANCED_FACE ( 'NONE', ( #1380 ), #1068, .F. ) ;
#3228 = PERSON_AND_ORGANIZATION ( #4035, #3412 ) ;
#3229 = CARTESIAN_POINT ( 'NONE',  ( 38.10000000000008669, -0.7699999999999997957, -64.57190400000000352 ) ) ;
#3230 = EDGE_LOOP ( 'NONE', ( #3218, #1242, #1093, #321 ) ) ;
#3231 = CARTESIAN_POINT ( 'NONE',  ( 0.000000000000000000, 0.000000000000000000, 0.000000000000000000 ) ) ;
#3232 = CARTESIAN_POINT ( 'NONE',  ( 35.73500000000007049, 0.9099999999999386358, 5.759999999999990905 ) ) ;
#3233 = DIRECTION ( 'NONE',  ( 0.000000000000000000, 0.000000000000000000, -1.000000000000000000 ) ) ;
#3234 = VERTEX_POINT ( 'NONE', #1025 ) ;
#3235 = DIRECTION ( 'NONE',  ( 0.000000000000000000, 0.000000000000000000, 1.000000000000000000 ) ) ;
#3236 = DIRECTION ( 'NONE',  ( -0.000000000000000000, 0.000000000000000000, -1.000000000000000000 ) ) ;
#3237 = APPROVAL_STATUS ( 'not_yet_approved' ) ;
#3238 = EDGE_CURVE ( 'NONE', #1731, #624, #3241, .T. ) ;
#3239 = ORIENTED_EDGE ( 'NONE', *, *, #2453, .F. ) ;
#3240 = VERTEX_POINT ( 'NONE', #46 ) ;
#3241 = LINE ( 'NONE', #3264, #828 ) ;
#3242 = LINE ( 'NONE', #720, #3422 ) ;
#3243 = CARTESIAN_POINT ( 'NONE',  ( 26.36500000000004817, 0.9099999999999507372, 0.8999999999999910294 ) ) ;
#3244 = CYLINDRICAL_SURFACE ( 'NONE', #3131, 0.1000000000000028644 ) ;
#3245 = ORIENTED_EDGE ( 'NONE', *, *, #16, .T. ) ;
#3246 = DATE_AND_TIME ( #3988, #96 ) ;
#3247 = DIRECTION ( 'NONE',  ( 1.665334536937736783E-15, -1.000000000000000000, 0.000000000000000000 ) ) ;
#3248 = APPROVAL_PERSON_ORGANIZATION ( #1605, #669, #589 ) ;
#3249 = AXIS2_PLACEMENT_3D ( 'NONE', #1615, #1012, #3926 ) ;
#3250 = VERTEX_POINT ( 'NONE', #113 ) ;
#3251 = DIRECTION ( 'NONE',  ( 0.000000000000000000, 0.000000000000000000, 1.000000000000000000 ) ) ;
#3252 = CARTESIAN_POINT ( 'NONE',  ( -28.39479999999998938, -3.327500000000000568, -3.282215040000001416 ) ) ;
#3253 = LINE ( 'NONE', #1397, #4009 ) ;
#3254 = CIRCLE ( 'NONE', #2921, 0.1999999999999987899 ) ;
#3255 = ORIENTED_EDGE ( 'NONE', *, *, #3454, .F. ) ;
#3256 = CARTESIAN_POINT ( 'NONE',  ( -0.3999999999999975797, 0.1100000000000007222, 2.099999999999987210 ) ) ;
#3257 = EDGE_CURVE ( 'NONE', #4152, #2856, #1030, .T. ) ;
#3258 = CARTESIAN_POINT ( 'NONE',  ( -55.31733514603551782, 0.1447800000000006027, -62.39999999999999858 ) ) ;
#3259 = COORDINATED_UNIVERSAL_TIME_OFFSET ( 6, 0, .BEHIND. ) ;
#3260 = EDGE_CURVE ( 'NONE', #1063, #2192, #2683, .T. ) ;
#3261 = AXIS2_PLACEMENT_3D ( 'NONE', #519, #4077, #3102 ) ;
#3262 = ORIENTED_EDGE ( 'NONE', *, *, #66, .F. ) ;
#3263 = ORIENTED_EDGE ( 'NONE', *, *, #1516, .F. ) ;
#3264 = CARTESIAN_POINT ( 'NONE',  ( 0.1000000000000028644, -4.309999999999999609, -9.289999999999999147 ) ) ;
#3265 = FACE_OUTER_BOUND ( 'NONE', #913, .T. ) ;
#3266 = DIRECTION ( 'NONE',  ( -1.000000000000000000, 1.665334536937732641E-15, 4.034240641806390241E-15 ) ) ;
#3267 = VECTOR ( 'NONE', #476, 1000.000000000000000 ) ;
#3268 = VECTOR ( 'NONE', #1601, 1000.000000000000000 ) ;
#3269 = DIRECTION ( 'NONE',  ( 0.000000000000000000, 0.000000000000000000, -1.000000000000000000 ) ) ;
#3270 = AXIS2_PLACEMENT_3D ( 'NONE', #998, #1016, #2309 ) ;
#3271 = EDGE_LOOP ( 'NONE', ( #2401, #4066, #1254, #2065, #660, #718 ) ) ;
#3272 = CC_DESIGN_PERSON_AND_ORGANIZATION_ASSIGNMENT ( #1190, #3692, ( #1586 ) ) ;
#3273 = DIRECTION ( 'NONE',  ( 1.000000000000000000, -1.665334536937732641E-15, 0.000000000000000000 ) ) ;
#3274 = DIRECTION ( 'NONE',  ( -1.665334536937736783E-15, 1.000000000000000000, 0.000000000000000000 ) ) ;
#3275 = EDGE_CURVE ( 'NONE', #1005, #2010, #4132, .T. ) ;
#3276 = EDGE_LOOP ( 'NONE', ( #1919, #3769, #2112, #2521 ) ) ;
#3277 = DIRECTION ( 'NONE',  ( 7.709882115452501832E-16, -1.283953296258159571E-30, -1.000000000000000000 ) ) ;
#3278 = FACE_OUTER_BOUND ( 'NONE', #2185, .T. ) ;
#3279 = DIRECTION ( 'NONE',  ( 1.000000000000000000, -1.665334536937732641E-15, 0.000000000000000000 ) ) ;
#3280 = ORIENTED_EDGE ( 'NONE', *, *, #409, .T. ) ;
#3281 = CARTESIAN_POINT ( 'NONE',  ( 0.1000000000000028644, -1.690000000000000613, -9.289999999999999147 ) ) ;
#3282 = FACE_OUTER_BOUND ( 'NONE', #404, .T. ) ;
#3283 = CIRCLE ( 'NONE', #1594, 0.3048000000000000154 ) ;
#3284 = VERTEX_POINT ( 'NONE', #1087 ) ;
#3285 = ORIENTED_EDGE ( 'NONE', *, *, #2713, .T. ) ;
#3286 = CARTESIAN_POINT ( 'NONE',  ( 0.000000000000000000, -1.834779999999999411, -9.289999999999999147 ) ) ;
#3287 = DIRECTION ( 'NONE',  ( 0.9565533191475035224, 0.000000000000000000, -0.2915574516761564317 ) ) ;
#3288 = FACE_OUTER_BOUND ( 'NONE', #58, .T. ) ;
#3289 = CARTESIAN_POINT ( 'NONE',  ( 62.00000000000014211, -1.040834085586084257E-13, -1.734723475976807094E-14 ) ) ;
#3290 = VERTEX_POINT ( 'NONE', #1997 ) ;
#3291 = CARTESIAN_POINT ( 'NONE',  ( -31.90000000000000568, -3.628499999999999837, -3.780800000000001049 ) ) ;
#3292 = ADVANCED_FACE ( 'NONE', ( #2343 ), #3622, .F. ) ;
#3293 = CARTESIAN_POINT ( 'NONE',  ( -28.65000000000000213, -3.627500000000000391, -3.360000000000002096 ) ) ;
#3294 = ADVANCED_FACE ( 'NONE', ( #1353 ), #3641, .F. ) ;
#3295 = VERTEX_POINT ( 'NONE', #3966 ) ;
#3296 = DIRECTION ( 'NONE',  ( -1.000000000000000000, 1.665334536937732641E-15, 0.000000000000000000 ) ) ;
#3297 = CARTESIAN_POINT ( 'NONE',  ( 0.000000000000000000, -1.674952686600891028, -18.62174108492443381 ) ) ;
#3298 = CARTESIAN_POINT ( 'NONE',  ( 33.75000000000007105, 0.9099999999999472955, 15.59999999999998543 ) ) ;
#3299 = ORIENTED_EDGE ( 'NONE', *, *, #829, .F. ) ;
#3300 = CARTESIAN_POINT ( 'NONE',  ( -19.64999999999999858, 0.05000000000000000278, 9.249999999999996447 ) ) ;
#3301 = DIRECTION ( 'NONE',  ( 0.7460150567389925991, -1.242364639063004910E-15, -0.6659290766430894237 ) ) ;
#3302 = CIRCLE ( 'NONE', #1474, 0.5999999999999998668 ) ;
#3303 = ADVANCED_FACE ( 'NONE', ( #2016 ), #2039, .T. ) ;
#3304 = ORIENTED_EDGE ( 'NONE', *, *, #884, .T. ) ;
#3305 = ORIENTED_EDGE ( 'NONE', *, *, #2774, .T. ) ;
#3306 = FACE_OUTER_BOUND ( 'NONE', #68, .T. ) ;
#3307 = CARTESIAN_POINT ( 'NONE',  ( 26.29039849432614773, 0.9099999999999507372, 8.866592907664301748 ) ) ;
#3308 = LINE ( 'NONE', #2994, #1915 ) ;
#3309 = CARTESIAN_POINT ( 'NONE',  ( -55.31733514603550361, 0.1447800000000006027, -63.65712399999999604 ) ) ;
#3310 = VERTEX_POINT ( 'NONE', #3286 ) ;
#3311 = LINE ( 'NONE', #433, #1879 ) ;
#3312 = LINE ( 'NONE', #434, #3116 ) ;
#3313 = EDGE_CURVE ( 'NONE', #1298, #1942, #406, .T. ) ;
#3314 = ORIENTED_EDGE ( 'NONE', *, *, #190, .F. ) ;
#3315 = CIRCLE ( 'NONE', #1488, 0.1999999999999987899 ) ;
#3316 = DIRECTION ( 'NONE',  ( 1.000000000000000000, 0.000000000000000000, 0.000000000000000000 ) ) ;
#3317 = LOCAL_TIME ( 16, 6, 30.00000000000000000, #1722 ) ;
#3318 = FACE_OUTER_BOUND ( 'NONE', #1156, .T. ) ;
#3319 = DIRECTION ( 'NONE',  ( 1.000000000000000000, -1.665334536937732641E-15, 0.000000000000000000 ) ) ;
#3320 = VECTOR ( 'NONE', #4136, 1000.000000000000000 ) ;
#3321 = CC_DESIGN_SECURITY_CLASSIFICATION ( #435, ( #4171 ) ) ;
#3322 = ORIENTED_EDGE ( 'NONE', *, *, #1463, .F. ) ;
#3323 = CARTESIAN_POINT ( 'NONE',  ( -28.39479999999998938, -3.327500000000000568, -6.001600000000022028 ) ) ;
#3324 = APPROVAL ( #2724, 'UNSPECIFIED' ) ;
#3325 = DIRECTION ( 'NONE',  ( 0.000000000000000000, 1.734723475976805517E-15, -1.000000000000000000 ) ) ;
#3326 = DATE_TIME_ROLE ( 'classification_date' ) ;
#3327 = ADVANCED_FACE ( 'NONE', ( #3306 ), #3574, .T. ) ;
#3328 = ORIENTED_EDGE ( 'NONE', *, *, #2871, .T. ) ;
#3329 = CARTESIAN_POINT ( 'NONE',  ( -28.58000000000000185, -3.628499999999999837, -5.580800000000003536 ) ) ;
#3330 = DIRECTION ( 'NONE',  ( 0.000000000000000000, 1.000000000000000000, -0.000000000000000000 ) ) ;
#3331 = PERSON_AND_ORGANIZATION_ROLE ( 'creator' ) ;
#3332 = DIRECTION ( 'NONE',  ( 0.000000000000000000, 0.000000000000000000, 1.000000000000000000 ) ) ;
#3333 = EDGE_CURVE ( 'NONE', #488, #45, #426, .T. ) ;
#3334 = CARTESIAN_POINT ( 'NONE',  ( -19.64999999999999858, 0.05000000000000000278, 9.249999999999996447 ) ) ;
#3335 = ORIENTED_EDGE ( 'NONE', *, *, #1973, .F. ) ;
#3336 = CARTESIAN_POINT ( 'NONE',  ( 0.000000000000000000, 0.2992399999999992288, 0.000000000000000000 ) ) ;
#3337 = VECTOR ( 'NONE', #2238, 1000.000000000000000 ) ;
#3338 = CARTESIAN_POINT ( 'NONE',  ( 35.32000000000006423, 0.8099999999999392131, 7.159999999999996589 ) ) ;
#3339 = VECTOR ( 'NONE', #700, 1000.000000000000000 ) ;
#3340 = EDGE_CURVE ( 'NONE', #2537, #2250, #1403, .T. ) ;
#3341 = ORIENTED_EDGE ( 'NONE', *, *, #346, .F. ) ;
#3342 = DIRECTION ( 'NONE',  ( -1.000000000000000000, 0.000000000000000000, 0.000000000000000000 ) ) ;
#3343 = AXIS2_PLACEMENT_3D ( 'NONE', #2858, #3525, #2220 ) ;
#3344 = PLANE ( 'NONE',  #1110 ) ;
#3345 = PLANE ( 'NONE',  #1438 ) ;
#3346 = CARTESIAN_POINT ( 'NONE',  ( 26.26500000000005031, 0.8099999999999478728, 0.9999999999999765743 ) ) ;
#3347 = DIRECTION ( 'NONE',  ( -1.665334536937736783E-15, 1.000000000000000000, 0.000000000000000000 ) ) ;
#3348 = ADVANCED_FACE ( 'NONE', ( #837 ), #526, .F. ) ;
#3349 = EDGE_CURVE ( 'NONE', #929, #2410, #2440, .T. ) ;
#3350 = CC_DESIGN_DATE_AND_TIME_ASSIGNMENT ( #277, #1547, ( #1903 ) ) ;
#3351 = ADVANCED_FACE ( 'NONE', ( #466 ), #3709, .T. ) ;
#3352 = VECTOR ( 'NONE', #3553, 1000.000000000000000 ) ;
#3353 = ORIENTED_EDGE ( 'NONE', *, *, #3625, .F. ) ;
#3354 = CARTESIAN_POINT ( 'NONE',  ( 38.20000000000000284, -1.690000000000000613, -2.400000000000003020 ) ) ;
#3355 = FACE_OUTER_BOUND ( 'NONE', #73, .T. ) ;
#3356 = PERSON_AND_ORGANIZATION ( #4035, #3412 ) ;
#3357 = CARTESIAN_POINT ( 'NONE',  ( -55.31733514603550361, -1.784779999999999589, -63.65712399999999604 ) ) ;
#3358 = ORIENTED_EDGE ( 'NONE', *, *, #4025, .T. ) ;
#3359 = CARTESIAN_POINT ( 'NONE',  ( -31.89999999999999147, -3.628499999999999837, -5.580800000000003536 ) ) ;
#3360 = DIRECTION ( 'NONE',  ( 1.164719755589288430E-16, -1.939648034836517179E-31, 1.000000000000000000 ) ) ;
#3361 = EDGE_CURVE ( 'NONE', #545, #851, #3052, .T. ) ;
#3362 = ORIENTED_EDGE ( 'NONE', *, *, #3257, .T. ) ;
#3363 = DIRECTION ( 'NONE',  ( 0.000000000000000000, 1.000000000000000000, -0.000000000000000000 ) ) ;
#3364 = CARTESIAN_POINT ( 'NONE',  ( -19.14999999999999858, 0.05000000000000000278, 9.249999999999996447 ) ) ;
#3365 = ORIENTED_EDGE ( 'NONE', *, *, #2904, .F. ) ;
#3366 = CARTESIAN_POINT ( 'NONE',  ( 33.75000000000006395, 0.8099999999999478728, 15.59999999999998543 ) ) ;
#3367 = DIRECTION ( 'NONE',  ( 0.000000000000000000, 0.000000000000000000, -1.000000000000000000 ) ) ;
#3368 = VERTEX_POINT ( 'NONE', #2463 ) ;
#3369 = CYLINDRICAL_SURFACE ( 'NONE', #1837, 0.1999999999999987899 ) ;
#3370 = DIRECTION ( 'NONE',  ( 0.000000000000000000, 0.000000000000000000, -1.000000000000000000 ) ) ;
#3371 = APPROVAL_ROLE ( '' ) ;
#3372 = ADVANCED_FACE ( 'NONE', ( #4046 ), #4067, .F. ) ;
#3373 = DIRECTION ( 'NONE',  ( 8.997944700177142083E-30, 0.000000000000000000, 1.000000000000000000 ) ) ;
#3374 = ORIENTED_EDGE ( 'NONE', *, *, #378, .T. ) ;
#3375 = DIRECTION ( 'NONE',  ( 0.000000000000000000, 0.000000000000000000, 1.000000000000000000 ) ) ;
#3376 = CARTESIAN_POINT ( 'NONE',  ( 0.000000000000000000, 0.2992399999999992288, 0.000000000000000000 ) ) ;
#3377 = VERTEX_POINT ( 'NONE', #3093 ) ;
#3378 =( REPRESENTATION_RELATIONSHIP ('NONE','NONE', #2234, #1776 ) REPRESENTATION_RELATIONSHIP_WITH_TRANSFORMATION ( #650 )SHAPE_REPRESENTATION_RELATIONSHIP( ) );
#3379 = CARTESIAN_POINT ( 'NONE',  ( -31.90000000000000568, -3.627500000000000391, -5.580800000000003536 ) ) ;
#3380 = DIRECTION ( 'NONE',  ( 0.000000000000000000, 1.000000000000000000, -0.000000000000000000 ) ) ;
#3381 = ADVANCED_FACE ( 'NONE', ( #3750 ), #859, .F. ) ;
#3382 = ORIENTED_EDGE ( 'NONE', *, *, #2770, .F. ) ;
#3383 = ORIENTED_EDGE ( 'NONE', *, *, #3768, .T. ) ;
#3384 = DIRECTION ( 'NONE',  ( 0.000000000000000000, 0.000000000000000000, -1.000000000000000000 ) ) ;
#3385 = DIRECTION ( 'NONE',  ( -0.000000000000000000, -1.000000000000000000, -0.000000000000000000 ) ) ;
#3386 = LOCAL_TIME ( 16, 6, 30.00000000000000000, #2783 ) ;
#3387 = ADVANCED_FACE ( 'NONE', ( #2422 ), #3369, .T. ) ;
#3388 = VECTOR ( 'NONE', #1757, 1000.000000000000000 ) ;
#3389 = ORIENTED_EDGE ( 'NONE', *, *, #2555, .T. ) ;
#3390 = DIRECTION ( 'NONE',  ( 1.665334536937736783E-15, -1.000000000000000000, 0.000000000000000000 ) ) ;
#3391 = ORGANIZATION ( 'NAUO-ORG2', 'UNSPECIFIED', 'UNSPECIFIED' ) ;
#3392 = LINE ( 'NONE', #507, #3207 ) ;
#3393 = PERSON_AND_ORGANIZATION ( #4035, #3412 ) ;
#3394 = DIRECTION ( 'NONE',  ( 0.000000000000000000, 0.2434821698488723318, -0.9699053732017802743 ) ) ;
#3395 = AXIS2_PLACEMENT_3D ( 'NONE', #1964, #3615, #2337 ) ;
#3396 = ORIENTED_EDGE ( 'NONE', *, *, #1389, .T. ) ;
#3397 = LINE ( 'NONE', #2448, #3163 ) ;
#3398 = CC_DESIGN_DATE_AND_TIME_ASSIGNMENT ( #2236, #2911, ( #760 ) ) ;
#3399 = EDGE_LOOP ( 'NONE', ( #3123, #3426, #2282, #2174 ) ) ;
#3400 = AXIS2_PLACEMENT_3D ( 'NONE', #2647, #81, #2982 ) ;
#3401 = DIRECTION ( 'NONE',  ( 1.665334536937736783E-15, -1.000000000000000000, 0.000000000000000000 ) ) ;
#3402 = LINE ( 'NONE', #3364, #1571 ) ;
#3403 = EDGE_CURVE ( 'NONE', #3555, #1187, #2763, .T. ) ;
#3404 = VECTOR ( 'NONE', #256, 1000.000000000000000 ) ;
#3405 = AXIS2_PLACEMENT_3D ( 'NONE', #2619, #3921, #2888 ) ;
#3406 = ORIENTED_EDGE ( 'NONE', *, *, #952, .T. ) ;
#3407 = APPLICATION_CONTEXT ( 'configuration controlled 3d designs of mechanical parts and assemblies' ) ;
#3408 = CIRCLE ( 'NONE', #3069, 0.5000000000000004441 ) ;
#3409 = ORIENTED_EDGE ( 'NONE', *, *, #4043, .F. ) ;
#3410 = CARTESIAN_POINT ( 'NONE',  ( 8.326672684688674053E-14, -0.7699999999999997957, -64.57190400000000352 ) ) ;
#3411 = DIRECTION ( 'NONE',  ( -1.000000000000000000, -0.000000000000000000, -0.000000000000000000 ) ) ;
#3412 = ORGANIZATION ( 'UNSPECIFIED', 'UNSPECIFIED', '' ) ;
#3413 = ORIENTED_EDGE ( 'NONE', *, *, #165, .F. ) ;
#3414 = DIRECTION ( 'NONE',  ( -1.000000000000000000, 1.665334536937732641E-15, 0.000000000000000000 ) ) ;
#3415 = CARTESIAN_POINT ( 'NONE',  ( -55.31733514603551782, -1.190000000000000169, -18.50000000000000355 ) ) ;
#3416 = SECURITY_CLASSIFICATION_LEVEL ( 'unclassified' ) ;
#3417 = CIRCLE ( 'NONE', #1584, 0.5000000000000004441 ) ;
#3418 = DIRECTION ( 'NONE',  ( -1.665334536937736783E-15, 1.000000000000000000, 0.000000000000000000 ) ) ;
#3419 = CIRCLE ( 'NONE', #3211, 0.3048000000000000154 ) ;
#3420 = EDGE_LOOP ( 'NONE', ( #2989, #831, #2944, #3929 ) ) ;
#3421 = FACE_OUTER_BOUND ( 'NONE', #3430, .T. ) ;
#3422 = VECTOR ( 'NONE', #427, 1000.000000000000000 ) ;
#3423 = VERTEX_POINT ( 'NONE', #4088 ) ;
#3424 = APPROVAL_STATUS ( 'not_yet_approved' ) ;
#3425 = CARTESIAN_POINT ( 'NONE',  ( -7.288335207143440764E-30, -19.04999999999999716, -0.8100000000000001643 ) ) ;
#3426 = ORIENTED_EDGE ( 'NONE', *, *, #206, .T. ) ;
#3427 = CARTESIAN_POINT ( 'NONE',  ( -31.90000000000000568, -3.627500000000000391, -4.780800000000001937 ) ) ;
#3428 = DIRECTION ( 'NONE',  ( 0.000000000000000000, 0.000000000000000000, 1.000000000000000000 ) ) ;
#3429 = LINE ( 'NONE', #1754, #1578 ) ;
#3430 = EDGE_LOOP ( 'NONE', ( #909, #202, #4117, #1409 ) ) ;
#3431 = DIRECTION ( 'NONE',  ( 1.000000000000000000, -1.665334536937732641E-15, 0.000000000000000000 ) ) ;
#3432 = UNCERTAINTY_MEASURE_WITH_UNIT (LENGTH_MEASURE( 1.000000000000000082E-05 ), #2089, 'distance_accuracy_value', 'NONE');
#3433 = DIRECTION ( 'NONE',  ( 0.000000000000000000, 0.000000000000000000, -1.000000000000000000 ) ) ;
#3434 = DATE_TIME_ROLE ( 'classification_date' ) ;
#3435 = CARTESIAN_POINT ( 'NONE',  ( 62.40000000000013358, 0.8099999999998959144, 2.099999999999987210 ) ) ;
#3436 = VERTEX_POINT ( 'NONE', #4005 ) ;
#3437 = ORIENTED_EDGE ( 'NONE', *, *, #2732, .F. ) ;
#3438 = DIRECTION ( 'NONE',  ( 3.016910393003142612E-17, -0.000000000000000000, 1.000000000000000000 ) ) ;
#3439 = ORIENTED_EDGE ( 'NONE', *, *, #361, .F. ) ;
#3440 = CALENDAR_DATE ( 2022, 7, 1 ) ;
#3441 = CARTESIAN_POINT ( 'NONE',  ( -31.90000000000000568, -3.627500000000000391, -4.780800000000001937 ) ) ;
#3442 = EDGE_CURVE ( 'NONE', #1513, #171, #1481, .T. ) ;
#3443 = VERTEX_POINT ( 'NONE', #1818 ) ;
#3444 = LINE ( 'NONE', #3744, #1691 ) ;
#3445 = DIRECTION ( 'NONE',  ( 1.000000000000000000, 0.000000000000000000, 0.000000000000000000 ) ) ;
#3446 = CYLINDRICAL_SURFACE ( 'NONE', #3743, 0.1999999999999987899 ) ;
#3447 = PRODUCT_DEFINITION_SHAPE ( 'NONE', 'NONE',  #3016 ) ;
#3448 = EDGE_CURVE ( 'NONE', #1548, #2180, #2515, .T. ) ;
#3449 = ORIENTED_EDGE ( 'NONE', *, *, #3823, .T. ) ;
#3450 = DIRECTION ( 'NONE',  ( 1.665334536937736783E-15, -1.000000000000000000, 0.000000000000000000 ) ) ;
#3451 = FACE_OUTER_BOUND ( 'NONE', #1924, .T. ) ;
#3452 = CALENDAR_DATE ( 2022, 7, 1 ) ;
#3453 = APPROVAL_PERSON_ORGANIZATION ( #1152, #2290, #3793 ) ;
#3454 = EDGE_CURVE ( 'NONE', #2095, #2240, #3254, .T. ) ;
#3455 = VECTOR ( 'NONE', #3011, 1000.000000000000000 ) ;
#3456 = ORIENTED_EDGE ( 'NONE', *, *, #3172, .F. ) ;
#3457 = AXIS2_PLACEMENT_3D ( 'NONE', #923, #656, #610 ) ;
#3458 = ORIENTED_EDGE ( 'NONE', *, *, #1532, .T. ) ;
#3459 = DIRECTION ( 'NONE',  ( 0.000000000000000000, 1.000000000000000000, 0.000000000000000000 ) ) ;
#3460 = VECTOR ( 'NONE', #3470, 1000.000000000000000 ) ;
#3461 = ORIENTED_EDGE ( 'NONE', *, *, #361, .T. ) ;
#3462 = APPROVAL_STATUS ( 'not_yet_approved' ) ;
#3463 = CARTESIAN_POINT ( 'NONE',  ( 38.10000000000008669, -1.640000000000000790, -63.65712399999999604 ) ) ;
#3464 = VECTOR ( 'NONE', #643, 1000.000000000000000 ) ;
#3465 = ORIENTED_EDGE ( 'NONE', *, *, #2839, .F. ) ;
#3466 = DIRECTION ( 'NONE',  ( 1.665334536937736783E-15, -1.000000000000000000, 0.000000000000000000 ) ) ;
#3467 = DIRECTION ( 'NONE',  ( 1.000000000000000000, 0.000000000000000000, 0.000000000000000000 ) ) ;
#3468 = DIRECTION ( 'NONE',  ( -1.000000000000000000, 1.665334536937732641E-15, 0.000000000000000000 ) ) ;
#3469 = ORIENTED_EDGE ( 'NONE', *, *, #997, .F. ) ;
#3470 = DIRECTION ( 'NONE',  ( 1.665334536937736783E-15, -1.000000000000000000, 0.000000000000000000 ) ) ;
#3471 = CARTESIAN_POINT ( 'NONE',  ( 38.10000000000000142, -2.284780000000000033, -18.82277474571173315 ) ) ;
#3472 = DATE_AND_TIME ( #916, #886 ) ;
#3473 = EDGE_CURVE ( 'NONE', #3290, #1055, #800, .T. ) ;
#3474 = ADVANCED_FACE ( 'NONE', ( #2745 ), #236, .T. ) ;
#3475 = AXIS2_PLACEMENT_3D ( 'NONE', #1959, #2625, #3296 ) ;
#3476 = CC_DESIGN_DATE_AND_TIME_ASSIGNMENT ( #3472, #2563, ( #2717 ) ) ;
#3477 = ADVANCED_FACE ( 'NONE', ( #1131 ), #2803, .F. ) ;
#3478 = EDGE_LOOP ( 'NONE', ( #3341, #3707, #1770, #2298 ) ) ;
#3479 = ORIENTED_EDGE ( 'NONE', *, *, #57, .T. ) ;
#3480 = DIRECTION ( 'NONE',  ( 0.000000000000000000, 0.000000000000000000, 1.000000000000000000 ) ) ;
#3481 = ADVANCED_BREP_SHAPE_REPRESENTATION ( '', ( #3609, #2264, #2221, #721 ), #2743 ) ;
#3482 = ORIENTED_EDGE ( 'NONE', *, *, #667, .F. ) ;
#3483 = PRODUCT ( '12348-02_T3', '12348-02_T3', '', ( #2197 ) ) ;
#3484 = APPLICATION_PROTOCOL_DEFINITION ( 'international standard', 'config_control_design', 1994, #1733 ) ;
#3485 = FACE_OUTER_BOUND ( 'NONE', #1651, .T. ) ;
#3486 = EDGE_CURVE ( 'NONE', #3867, #1475, #1150, .T. ) ;
#3487 = ORIENTED_EDGE ( 'NONE', *, *, #2638, .F. ) ;
#3488 = DIRECTION ( 'NONE',  ( 1.000000000000000000, 0.000000000000000000, 0.000000000000000000 ) ) ;
#3489 = CARTESIAN_POINT ( 'NONE',  ( -55.31733514603550361, -0.7699999999999997957, -64.42712399999999207 ) ) ;
#3490 = CARTESIAN_POINT ( 'NONE',  ( -31.90000000000000568, -3.627500000000000391, -4.580800000000002647 ) ) ;
#3491 = VERTEX_POINT ( 'NONE', #935 ) ;
#3492 = CARTESIAN_POINT ( 'NONE',  ( 8.326672684688674053E-14, -1.639999999999997460, -63.65712399999999604 ) ) ;
#3493 = DIRECTION ( 'NONE',  ( -1.000000000000000000, 1.665334536937732641E-15, 0.000000000000000000 ) ) ;
#3494 = CALENDAR_DATE ( 2022, 7, 1 ) ;
#3495 = ORIENTED_EDGE ( 'NONE', *, *, #207, .T. ) ;
#3497 = EDGE_CURVE ( 'NONE', #3234, #2374, #1267, .T. ) ;
#3496 = ORIENTED_EDGE ( 'NONE', *, *, #3361, .T. ) ;
#3498 = PLANE ( 'NONE',  #3861 ) ;
#3499 = VERTEX_POINT ( 'NONE', #3510 ) ;
#3500 = AXIS2_PLACEMENT_3D ( 'NONE', #865, #3459, #805 ) ;
#3501 = APPROVAL_STATUS ( 'not_yet_approved' ) ;
#3502 = CARTESIAN_POINT ( 'NONE',  ( 62.00000000000013500, 0.1099999999998966388, -40.42000000000000171 ) ) ;
#3503 = VERTEX_POINT ( 'NONE', #258 ) ;
#3504 = DIRECTION ( 'NONE',  ( -0.000000000000000000, -1.000000000000000000, 0.000000000000000000 ) ) ;
#3505 = FACE_OUTER_BOUND ( 'NONE', #2196, .T. ) ;
#3506 = FACE_OUTER_BOUND ( 'NONE', #1180, .T. ) ;
#3507 = FACE_OUTER_BOUND ( 'NONE', #609, .T. ) ;
#3508 = EDGE_CURVE ( 'NONE', #1591, #3250, #3219, .T. ) ;
#3509 = ORIENTED_EDGE ( 'NONE', *, *, #3108, .T. ) ;
#3510 = CARTESIAN_POINT ( 'NONE',  ( -31.90000000000000568, -3.628499999999999837, -4.780800000000001937 ) ) ;
#3511 = LINE ( 'NONE', #1927, #4092 ) ;
#3512 = APPROVAL_STATUS ( 'not_yet_approved' ) ;
#3513 = EDGE_CURVE ( 'NONE', #2169, #1672, #3134, .T. ) ;
#3514 = VECTOR ( 'NONE', #3169, 1000.000000000000000 ) ;
#3515 = ORIENTED_EDGE ( 'NONE', *, *, #595, .T. ) ;
#3516 = PLANE ( 'NONE',  #3457 ) ;
#3517 = PLANE ( 'NONE',  #1444 ) ;
#3518 = PRODUCT_DEFINITION_FORMATION_WITH_SPECIFIED_SOURCE ( 'ANY', '', #1212, .NOT_KNOWN. ) ;
#3519 = EDGE_LOOP ( 'NONE', ( #2015, #1806, #3914, #2136 ) ) ;
#3520 = MECHANICAL_CONTEXT ( 'NONE', #315, 'mechanical' ) ;
#3521 = CARTESIAN_POINT ( 'NONE',  ( -19.14999999999999858, 0.05000000000000000278, -9.250000000000000000 ) ) ;
#3522 = EDGE_CURVE ( 'NONE', #2488, #3952, #3791, .T. ) ;
#3523 = CC_DESIGN_DATE_AND_TIME_ASSIGNMENT ( #2702, #1089, ( #2239 ) ) ;
#3524 = VERTEX_POINT ( 'NONE', #318 ) ;
#3525 = DIRECTION ( 'NONE',  ( 0.2915574516761563761, 0.000000000000000000, -0.9565533191475035224 ) ) ;
#3526 = CARTESIAN_POINT ( 'NONE',  ( -1.734723475976807094E-14, 1.639999999999999014, 0.000000000000000000 ) ) ;
#3527 = DIRECTION ( 'NONE',  ( 0.000000000000000000, 0.000000000000000000, 1.000000000000000000 ) ) ;
#3528 = EDGE_LOOP ( 'NONE', ( #3389, #2758, #3610, #4115 ) ) ;
#3529 = DIRECTION ( 'NONE',  ( -0.000000000000000000, -0.000000000000000000, -1.000000000000000000 ) ) ;
#3530 = VECTOR ( 'NONE', #577, 1000.000000000000000 ) ;
#3531 = CARTESIAN_POINT ( 'NONE',  ( 38.10000000000008669, -0.7699999999999997957, -64.42712399999999207 ) ) ;
#3532 = PERSON_AND_ORGANIZATION ( #4035, #3412 ) ;
#3533 = CIRCLE ( 'NONE', #1853, 0.5000000000000004441 ) ;
#3534 = ORIENTED_EDGE ( 'NONE', *, *, #2638, .T. ) ;
#3535 = ORIENTED_EDGE ( 'NONE', *, *, #3090, .F. ) ;
#3536 = DIRECTION ( 'NONE',  ( 0.000000000000000000, 1.000000000000000000, -0.000000000000000000 ) ) ;
#3537 = AXIS2_PLACEMENT_3D ( 'NONE', #3171, #3468, #4166 ) ;
#3538 = AXIS2_PLACEMENT_3D ( 'NONE', #3489, #1861, #3467 ) ;
#3539 = DIRECTION ( 'NONE',  ( 0.000000000000000000, 0.000000000000000000, 1.000000000000000000 ) ) ;
#3540 = ORIENTED_EDGE ( 'NONE', *, *, #1531, .F. ) ;
#3541 = DATE_AND_TIME ( #3865, #431 ) ;
#3542 = VECTOR ( 'NONE', #1758, 1000.000000000000000 ) ;
#3543 = CARTESIAN_POINT ( 'NONE',  ( 26.46500000000004604, 0.8099999999999478728, 7.359999999999994991 ) ) ;
#3544 = VECTOR ( 'NONE', #2946, 1000.000000000000000 ) ;
#3545 = ORIENTED_EDGE ( 'NONE', *, *, #2588, .F. ) ;
#3546 = CIRCLE ( 'NONE', #785, 0.5000000000000004441 ) ;
#3547 = EDGE_CURVE ( 'NONE', #2421, #3368, #2163, .T. ) ;
#3548 = DIRECTION ( 'NONE',  ( 4.420564051812426896E-59, 1.000000000000000000, 2.456429884329805979E-30 ) ) ;
#3549 = CARTESIAN_POINT ( 'NONE',  ( 0.000000000000000000, -2.284780000000000033, -18.82277474571173315 ) ) ;
#3550 = LINE ( 'NONE', #2223, #1040 ) ;
#3551 = ORIENTED_EDGE ( 'NONE', *, *, #2276, .T. ) ;
#3552 = FACE_OUTER_BOUND ( 'NONE', #2379, .T. ) ;
#3553 = DIRECTION ( 'NONE',  ( 1.000000000000000000, 0.000000000000000000, 0.000000000000000000 ) ) ;
#3554 = ORIENTED_EDGE ( 'NONE', *, *, #3161, .F. ) ;
#3555 = VERTEX_POINT ( 'NONE', #2824 ) ;
#3556 = CARTESIAN_POINT ( 'NONE',  ( 38.10000000000000142, -1.690000000000000613, -9.290000000000020464 ) ) ;
#3557 = PLANE ( 'NONE',  #1370 ) ;
#3558 = LINE ( 'NONE', #3309, #3339 ) ;
#3559 = ORIENTED_EDGE ( 'NONE', *, *, #1900, .T. ) ;
#3560 = COORDINATED_UNIVERSAL_TIME_OFFSET ( 6, 0, .BEHIND. ) ;
#3561 = DIRECTION ( 'NONE',  ( 0.000000000000000000, 0.000000000000000000, 1.000000000000000000 ) ) ;
#3562 = EDGE_LOOP ( 'NONE', ( #2809, #1277, #1107, #2881, #2435, #1, #3304, #3559, #245, #3156, #2371, #39, #1371, #2361, #4094, #2893, #3896, #1528, #1311, #424 ) ) ;
#3563 = SHAPE_REPRESENTATION_RELATIONSHIP ( 'NONE' , 'NONE' ,  #1776, #3481 ) ;
#3564 = DIRECTION ( 'NONE',  ( 0.000000000000000000, -1.000000000000000000, 0.000000000000000000 ) ) ;
#3565 = EDGE_CURVE ( 'NONE', #67, #614, #170, .T. ) ;
#3566 = DIRECTION ( 'NONE',  ( 1.000000000000000000, -1.665334536937732641E-15, 0.000000000000000000 ) ) ;
#3567 = ORIENTED_EDGE ( 'NONE', *, *, #4086, .T. ) ;
#3568 = CARTESIAN_POINT ( 'NONE',  ( 0.000000000000000000, 0.2992399999999992288, -62.39999999999999858 ) ) ;
#3569 = DIRECTION ( 'NONE',  ( -0.000000000000000000, 0.000000000000000000, -1.000000000000000000 ) ) ;
#3570 = COORDINATED_UNIVERSAL_TIME_OFFSET ( 6, 0, .BEHIND. ) ;
#3571 = CC_DESIGN_PERSON_AND_ORGANIZATION_ASSIGNMENT ( #2571, #3968, ( #3858 ) ) ;
#3572 = ORIENTED_EDGE ( 'NONE', *, *, #1118, .F. ) ;
#3573 = EDGE_LOOP ( 'NONE', ( #2103, #2036, #941, #1387 ) ) ;
#3574 = CYLINDRICAL_SURFACE ( 'NONE', #1358, 0.09999999999999939493 ) ;
#3575 = CYLINDRICAL_SURFACE ( 'NONE', #1796, 0.1000000000000011297 ) ;
#3576 = FACE_OUTER_BOUND ( 'NONE', #1010, .T. ) ;
#3577 = EDGE_CURVE ( 'NONE', #2250, #2169, #1588, .T. ) ;
#3578 = PLANE ( 'NONE',  #903 ) ;
#3579 = VERTEX_POINT ( 'NONE', #2882 ) ;
#3580 = LINE ( 'NONE', #786, #1337 ) ;
#3581 = LINE ( 'NONE', #3229, #962 ) ;
#3582 = CC_DESIGN_SECURITY_CLASSIFICATION ( #760, ( #3858 ) ) ;
#3583 = AXIS2_PLACEMENT_3D ( 'NONE', #1312, #2617, #2320 ) ;
#3584 = ORIENTED_EDGE ( 'NONE', *, *, #3217, .T. ) ;
#3585 = LOCAL_TIME ( 16, 6, 30.00000000000000000, #2843 ) ;
#3586 = DIRECTION ( 'NONE',  ( 0.000000000000000000, 0.000000000000000000, 1.000000000000000000 ) ) ;
#3587 = DIRECTION ( 'NONE',  ( -1.000000000000000000, -0.000000000000000000, -0.000000000000000000 ) ) ;
#3588 = VECTOR ( 'NONE', #956, 1000.000000000000000 ) ;
#3589 = ORIENTED_EDGE ( 'NONE', *, *, #2704, .F. ) ;
#3590 = DIRECTION ( 'NONE',  ( 0.000000000000000000, 0.000000000000000000, 1.000000000000000000 ) ) ;
#3591 = LINE ( 'NONE', #1690, #130 ) ;
#3592 = VECTOR ( 'NONE', #1368, 1000.000000000000000 ) ;
#3593 = ORIENTED_EDGE ( 'NONE', *, *, #3361, .F. ) ;
#3594 = EDGE_CURVE ( 'NONE', #2966, #3843, #1525, .T. ) ;
#3595 = ORIENTED_EDGE ( 'NONE', *, *, #57, .F. ) ;
#3596 = CARTESIAN_POINT ( 'NONE',  ( 35.32000000000006423, 0.9099999999999386358, 7.159999999999996589 ) ) ;
#3597 = DIRECTION ( 'NONE',  ( 0.000000000000000000, 0.000000000000000000, -1.000000000000000000 ) ) ;
#3598 = CC_DESIGN_PERSON_AND_ORGANIZATION_ASSIGNMENT ( #4155, #897, ( #1896 ) ) ;
#3599 = EDGE_CURVE ( 'NONE', #1752, #2633, #3770, .T. ) ;
#3600 = PLANE ( 'NONE',  #4012 ) ;
#3601 = VECTOR ( 'NONE', #1921, 1000.000000000000000 ) ;
#3602 = VECTOR ( 'NONE', #199, 1000.000000000000000 ) ;
#3603 = CARTESIAN_POINT ( 'NONE',  ( 38.20000000000000284, -4.309999999999999609, -2.400000000000003020 ) ) ;
#3604 = CIRCLE ( 'NONE', #2671, 0.09999999999999592548 ) ;
#3605 = ORIENTED_EDGE ( 'NONE', *, *, #2661, .T. ) ;
#3606 = DIRECTION ( 'NONE',  ( 1.000000000000000000, 0.000000000000000000, 0.000000000000000000 ) ) ;
#3607 = CYLINDRICAL_SURFACE ( 'NONE', #3928, 0.5000000000000004441 ) ;
#3608 = AXIS2_PLACEMENT_3D ( 'NONE', #809, #494, #3316 ) ;
#3609 = MANIFOLD_SOLID_BREP ( 'screen_area', #33 ) ;
#3610 = ORIENTED_EDGE ( 'NONE', *, *, #335, .F. ) ;
#3611 = DIRECTION ( 'NONE',  ( 0.000000000000000000, 1.000000000000000000, 0.000000000000000000 ) ) ;
#3612 = DIRECTION ( 'NONE',  ( -1.000000000000000000, 0.000000000000000000, 0.000000000000000000 ) ) ;
#3613 = ADVANCED_FACE ( 'NONE', ( #4111 ), #1205, .T. ) ;
#3614 = VERTEX_POINT ( 'NONE', #294 ) ;
#3615 = DIRECTION ( 'NONE',  ( 1.665334536937736783E-15, -1.000000000000000000, 0.000000000000000000 ) ) ;
#3616 = LINE ( 'NONE', #736, #327 ) ;
#3617 = DATE_AND_TIME ( #107, #1225 ) ;
#3618 = APPLICATION_CONTEXT ( 'configuration controlled 3d designs of mechanical parts and assemblies' ) ;
#3619 = VECTOR ( 'NONE', #3330, 1000.000000000000000 ) ;
#3620 = ORIENTED_EDGE ( 'NONE', *, *, #1013, .F. ) ;
#3621 = EDGE_LOOP ( 'NONE', ( #204, #337, #3797, #3628 ) ) ;
#3622 = PLANE ( 'NONE',  #1765 ) ;
#3623 = DIRECTION ( 'NONE',  ( 0.000000000000000000, -0.2434821698488597863, 0.9699053732017834939 ) ) ;
#3624 = CARTESIAN_POINT ( 'NONE',  ( 0.000000000000000000, -19.04999999999999716, 0.000000000000000000 ) ) ;
#3625 = EDGE_CURVE ( 'NONE', #2537, #3882, #1228, .T. ) ;
#3626 = EDGE_CURVE ( 'NONE', #3524, #1693, #2500, .T. ) ;
#3627 = LINE ( 'NONE', #1701, #179 ) ;
#3628 = ORIENTED_EDGE ( 'NONE', *, *, #796, .T. ) ;
#3629 = PLANE ( 'NONE',  #4057 ) ;
#3630 = CARTESIAN_POINT ( 'NONE',  ( 33.85000000000006537, 0.9099999999999386358, 11.09999999999998188 ) ) ;
#3631 = ORIENTED_EDGE ( 'NONE', *, *, #1077, .F. ) ;
#3632 = DIRECTION ( 'NONE',  ( 0.000000000000000000, 1.000000000000000000, 0.000000000000000000 ) ) ;
#3633 = CARTESIAN_POINT ( 'NONE',  ( 0.1000000000000028644, -3.627500000000000391, -3.360000000000002096 ) ) ;
#3634 = DIRECTION ( 'NONE',  ( 0.6659290766430893127, -1.108994690484791358E-15, 0.7460150567389925991 ) ) ;
#3635 = FACE_OUTER_BOUND ( 'NONE', #3168, .T. ) ;
#3636 = LINE ( 'NONE', #3323, #2134 ) ;
#3637 = DIRECTION ( 'NONE',  ( -0.6659290766430894237, 1.108994690484791752E-15, -0.7460150567389925991 ) ) ;
#3638 = EDGE_CURVE ( 'NONE', #2374, #3614, #1925, .T. ) ;
#3639 = EDGE_LOOP ( 'NONE', ( #964, #3917, #1650, #2889 ) ) ;
#3640 = VERTEX_POINT ( 'NONE', #648 ) ;
#3641 = PLANE ( 'NONE',  #2576 ) ;
#3642 = DIRECTION ( 'NONE',  ( 0.000000000000000000, 1.000000000000000000, 0.000000000000000000 ) ) ;
#3643 = PERSON_AND_ORGANIZATION ( #4035, #3412 ) ;
#3644 = CARTESIAN_POINT ( 'NONE',  ( 35.32000000000006423, 0.9099999999999386358, 7.159999999999996589 ) ) ;
#3645 = EDGE_CURVE ( 'NONE', #3821, #3675, #338, .T. ) ;
#3646 = CARTESIAN_POINT ( 'NONE',  ( -19.14999999999999858, 0.05000000000000000278, -8.749999999999998224 ) ) ;
#3647 = ORIENTED_EDGE ( 'NONE', *, *, #3082, .F. ) ;
#3648 = PLANE ( 'NONE',  #2572 ) ;
#3649 = CARTESIAN_POINT ( 'NONE',  ( -19.64999999999999858, 0.000000000000000000, 8.749999999999996447 ) ) ;
#3650 = MANIFOLD_SOLID_BREP ( 'Boss-Extrude6', #2296 ) ;
#3651 = ORIENTED_EDGE ( 'NONE', *, *, #2933, .T. ) ;
#3652 = VECTOR ( 'NONE', #3504, 1000.000000000000000 ) ;
#3653 = EDGE_CURVE ( 'NONE', #1458, #986, #1603, .T. ) ;
#3654 = DIRECTION ( 'NONE',  ( 1.000000000000000000, 0.000000000000000000, 0.000000000000000000 ) ) ;
#3655 = EDGE_CURVE ( 'NONE', #2633, #1958, #14, .T. ) ;
#3656 = LOCAL_TIME ( 16, 6, 30.00000000000000000, #839 ) ;
#3657 = CARTESIAN_POINT ( 'NONE',  ( -19.64999999999999858, 0.000000000000000000, 9.249999999999996447 ) ) ;
#3658 = CC_DESIGN_DATE_AND_TIME_ASSIGNMENT ( #2404, #3434, ( #2102 ) ) ;
#3659 = CARTESIAN_POINT ( 'NONE',  ( 0.1000000000000028644, -3.627500000000000391, -3.360000000000002096 ) ) ;
#3660 = EDGE_CURVE ( 'NONE', #1692, #150, #2186, .T. ) ;
#3661 = VECTOR ( 'NONE', #1431, 1000.000000000000000 ) ;
#3662 = CIRCLE ( 'NONE', #2721, 0.6000000000000007550 ) ;
#3663 = SECURITY_CLASSIFICATION ( '', '', #1289 ) ;
#3664 = VERTEX_POINT ( 'NONE', #3492 ) ;
#3665 = CARTESIAN_POINT ( 'NONE',  ( -28.65000000000000213, -3.327500000000000568, -3.360000000000002096 ) ) ;
#3666 = DIRECTION ( 'NONE',  ( 1.665334536937736783E-15, -1.000000000000000000, 0.000000000000000000 ) ) ;
#3667 = PERSON_AND_ORGANIZATION_ROLE ( 'classification_officer' ) ;
#3668 = AXIS2_PLACEMENT_3D ( 'NONE', #1501, #4027, #1188 ) ;
#3669 = ORIENTED_EDGE ( 'NONE', *, *, #1259, .F. ) ;
#3670 = DIRECTION ( 'NONE',  ( 1.223081053386126326E-16, -2.036839119678113252E-31, 1.000000000000000000 ) ) ;
#3671 = CARTESIAN_POINT ( 'NONE',  ( 26.26500000000005031, 0.9099999999999507372, 0.9999999999999765743 ) ) ;
#3672 = APPROVAL_STATUS ( 'not_yet_approved' ) ;
#3673 = PLANE ( 'NONE',  #2330 ) ;
#3674 = ADVANCED_FACE ( 'NONE', ( #3552 ), #3006, .T. ) ;
#3675 = VERTEX_POINT ( 'NONE', #401 ) ;
#3676 = DIRECTION ( 'NONE',  ( 0.000000000000000000, 0.000000000000000000, -1.000000000000000000 ) ) ;
#3677 = VECTOR ( 'NONE', #3380, 1000.000000000000000 ) ;
#3678 = DIRECTION ( 'NONE',  ( 0.000000000000000000, -0.000000000000000000, 1.000000000000000000 ) ) ;
#3679 = VECTOR ( 'NONE', #1059, 1000.000000000000000 ) ;
#3680 = ORIENTED_EDGE ( 'NONE', *, *, #3090, .T. ) ;
#3681 = LINE ( 'NONE', #3996, #1236 ) ;
#3682 = AXIS2_PLACEMENT_3D ( 'NONE', #1399, #4022, #2415 ) ;
#3683 = CARTESIAN_POINT ( 'NONE',  ( -28.57999999999998764, -3.628499999999999837, -4.780800000000001937 ) ) ;
#3684 = EDGE_CURVE ( 'NONE', #2434, #3867, #893, .T. ) ;
#3685 = CARTESIAN_POINT ( 'NONE',  ( -19.64999999999999858, 0.05000000000000000278, -9.250000000000000000 ) ) ;
#3686 = LINE ( 'NONE', #523, #1728 ) ;
#3687 = LINE ( 'NONE', #2140, #1715 ) ;
#3688 = ORIENTED_EDGE ( 'NONE', *, *, #2601, .F. ) ;
#3689 = DIRECTION ( 'NONE',  ( 0.000000000000000000, 0.000000000000000000, 1.000000000000000000 ) ) ;
#3690 = AXIS2_PLACEMENT_3D ( 'NONE', #3256, #2650, #1689 ) ;
#3691 = CARTESIAN_POINT ( 'NONE',  ( 26.26500000000005031, 0.8099999999999478728, 7.359999999999994991 ) ) ;
#3692 = PERSON_AND_ORGANIZATION_ROLE ( 'creator' ) ;
#3693 = CARTESIAN_POINT ( 'NONE',  ( -31.59519999999999840, -3.627500000000000391, -3.436200000000000365 ) ) ;
#3694 = VERTEX_POINT ( 'NONE', #2313 ) ;
#3695 = FACE_OUTER_BOUND ( 'NONE', #1159, .T. ) ;
#3696 = ADVANCED_FACE ( 'NONE', ( #64 ), #712, .F. ) ;
#3697 = LINE ( 'NONE', #787, #298 ) ;
#3698 = ORIENTED_EDGE ( 'NONE', *, *, #487, .F. ) ;
#3699 =( NAMED_UNIT ( * ) PLANE_ANGLE_UNIT ( ) SI_UNIT ( $, .RADIAN. ) );
#3700 = CARTESIAN_POINT ( 'NONE',  ( 38.20000000000000284, -1.690000000000000613, -9.290000000000020464 ) ) ;
#3701 = CARTESIAN_POINT ( 'NONE',  ( -31.89999999999999147, -3.627500000000000391, -5.580800000000003536 ) ) ;
#3702 = EDGE_CURVE ( 'NONE', #634, #2940, #3933, .T. ) ;
#3703 = ORIENTED_EDGE ( 'NONE', *, *, #3645, .F. ) ;
#3704 = ADVANCED_FACE ( 'NONE', ( #1001 ), #422, .T. ) ;
#3705 = CARTESIAN_POINT ( 'NONE',  ( 26.26500000000005031, 0.9099999999999507372, 5.759999999999998010 ) ) ;
#3706 = DIRECTION ( 'NONE',  ( 4.420564051812426896E-59, 1.000000000000000000, 2.456429884329805979E-30 ) ) ;
#3707 = ORIENTED_EDGE ( 'NONE', *, *, #2555, .F. ) ;
#3708 = VECTOR ( 'NONE', #246, 1000.000000000000000 ) ;
#3709 = CYLINDRICAL_SURFACE ( 'NONE', #367, 0.5000000000000004441 ) ;
#3710 = CARTESIAN_POINT ( 'NONE',  ( -55.31733514603550361, -1.640000000000000790, -63.65712399999999604 ) ) ;
#3711 = DATE_AND_TIME ( #3773, #825 ) ;
#3712 = CARTESIAN_POINT ( 'NONE',  ( -0.4000000000000148992, 0.8099999999999999423, 0.4999999999999935052 ) ) ;
#3713 = EDGE_CURVE ( 'NONE', #3524, #1592, #3546, .T. ) ;
#3714 = ORIENTED_EDGE ( 'NONE', *, *, #611, .F. ) ;
#3715 = DIRECTION ( 'NONE',  ( 1.000000000000000000, -1.665334536937732641E-15, -4.034240641806391030E-15 ) ) ;
#3716 = ADVANCED_FACE ( 'NONE', ( #40, #3894 ), #1307, .F. ) ;
#3717 = ORIENTED_EDGE ( 'NONE', *, *, #1953, .F. ) ;
#3718 = DIRECTION ( 'NONE',  ( 0.000000000000000000, 0.000000000000000000, 1.000000000000000000 ) ) ;
#3719 = LINE ( 'NONE', #2110, #2329 ) ;
#3720 = DIRECTION ( 'NONE',  ( 1.000000000000000000, 0.000000000000000000, 0.000000000000000000 ) ) ;
#3721 = ORIENTED_EDGE ( 'NONE', *, *, #139, .T. ) ;
#3722 = ORIENTED_EDGE ( 'NONE', *, *, #1811, .F. ) ;
#3723 = CARTESIAN_POINT ( 'NONE',  ( -31.90000000000000568, -3.627500000000000391, -5.925400000000000666 ) ) ;
#3724 = DIRECTION ( 'NONE',  ( 0.000000000000000000, 1.000000000000000000, -2.456429884329807030E-30 ) ) ;
#3725 = LOCAL_TIME ( 16, 6, 30.00000000000000000, #2765 ) ;
#3726 = AXIS2_PLACEMENT_3D ( 'NONE', #995, #1681, #31 ) ;
#3727 = ORIENTED_EDGE ( 'NONE', *, *, #3971, .T. ) ;
#3728 = DIRECTION ( 'NONE',  ( 1.164719755589288430E-16, -1.939648034836517179E-31, 1.000000000000000000 ) ) ;
#3729 = DESIGN_CONTEXT ( 'detailed design', #1733, 'design' ) ;
#3730 = CARTESIAN_POINT ( 'NONE',  ( 26.29039849432614773, 0.9099999999999507372, 8.866592907664301748 ) ) ;
#3731 = SHAPE_DEFINITION_REPRESENTATION ( #2503, #2674 ) ;
#3732 = DIRECTION ( 'NONE',  ( 0.000000000000000000, 0.000000000000000000, 1.000000000000000000 ) ) ;
#3733 = ADVANCED_FACE ( 'NONE', ( #1373 ), #2986, .F. ) ;
#3734 = VERTEX_POINT ( 'NONE', #751 ) ;
#3735 = LINE ( 'NONE', #2084, #939 ) ;
#3736 = VERTEX_POINT ( 'NONE', #2676 ) ;
#3737 = AXIS2_PLACEMENT_3D ( 'NONE', #2513, #3208, #3125 ) ;
#3738 = PERSON_AND_ORGANIZATION_ROLE ( 'design_owner' ) ;
#3739 = LINE ( 'NONE', #3762, #2731 ) ;
#3740 = AXIS2_PLACEMENT_3D ( 'NONE', #1416, #439, #1396 ) ;
#3741 = VECTOR ( 'NONE', #3943, 1000.000000000000000 ) ;
#3742 = ORIENTED_EDGE ( 'NONE', *, *, #623, .F. ) ;
#3743 = AXIS2_PLACEMENT_3D ( 'NONE', #4126, #1878, #1184 ) ;
#3744 = CARTESIAN_POINT ( 'NONE',  ( -28.58000000000000185, -3.627500000000000391, -3.780800000000001049 ) ) ;
#3745 = DIRECTION ( 'NONE',  ( 1.000000000000000000, -1.665334536937732641E-15, 0.000000000000000000 ) ) ;
#3746 = LINE ( 'NONE', #1148, #3202 ) ;
#3747 = EDGE_CURVE ( 'NONE', #1672, #967, #1020, .T. ) ;
#3748 =( GEOMETRIC_REPRESENTATION_CONTEXT ( 3 ) GLOBAL_UNCERTAINTY_ASSIGNED_CONTEXT ( ( #2200 ) ) GLOBAL_UNIT_ASSIGNED_CONTEXT ( ( #1415, #3699, #2693 ) ) REPRESENTATION_CONTEXT ( 'NONE', 'WORKASPACE' ) );
#3749 = ORIENTED_EDGE ( 'NONE', *, *, #942, .F. ) ;
#3750 = FACE_OUTER_BOUND ( 'NONE', #2644, .T. ) ;
#3751 = DIRECTION ( 'NONE',  ( -1.665334536937736783E-15, 1.000000000000000000, 0.000000000000000000 ) ) ;
#3752 = DATE_AND_TIME ( #198, #3656 ) ;
#3753 = CARTESIAN_POINT ( 'NONE',  ( -55.31733514603550361, -1.784780000000001365, -63.65712399999999604 ) ) ;
#3754 = VECTOR ( 'NONE', #2227, 1000.000000000000000 ) ;
#3755 = AXIS2_PLACEMENT_3D ( 'NONE', #1015, #1281, #9 ) ;
#3756 = ORIENTED_EDGE ( 'NONE', *, *, #1248, .T. ) ;
#3757 = DIRECTION ( 'NONE',  ( -1.000000000000000000, 0.000000000000000000, 1.508455196501571306E-17 ) ) ;
#3758 = ADVANCED_FACE ( 'NONE', ( #105 ), #3915, .T. ) ;
#3759 = APPLICATION_CONTEXT ( 'configuration controlled 3d designs of mechanical parts and assemblies' ) ;
#3760 = ORIENTED_EDGE ( 'NONE', *, *, #3076, .F. ) ;
#3761 = PERSON_AND_ORGANIZATION_ROLE ( 'design_owner' ) ;
#3762 = CARTESIAN_POINT ( 'NONE',  ( 28.35000000000005116, 0.8099999999999478728, 15.69999999999999574 ) ) ;
#3763 = EDGE_CURVE ( 'NONE', #880, #1458, #3419, .T. ) ;
#3764 = ORIENTED_EDGE ( 'NONE', *, *, #1990, .F. ) ;
#3765 = LINE ( 'NONE', #1897, #1158 ) ;
#3766 = CARTESIAN_POINT ( 'NONE',  ( 38.10000000000000142, 0.000000000000000000, -62.39999999999999858 ) ) ;
#3767 = DIRECTION ( 'NONE',  ( 1.000000000000000000, 0.000000000000000000, 0.000000000000000000 ) ) ;
#3768 = EDGE_CURVE ( 'NONE', #1310, #680, #1993, .T. ) ;
#3769 = ORIENTED_EDGE ( 'NONE', *, *, #3768, .F. ) ;
#3770 = LINE ( 'NONE', #3174, #1433 ) ;
#3771 = EDGE_CURVE ( 'NONE', #3499, #212, #2358, .T. ) ;
#3772 = LINE ( 'NONE', #15, #456 ) ;
#3773 = CALENDAR_DATE ( 2022, 7, 1 ) ;
#3774 = ORIENTED_EDGE ( 'NONE', *, *, #794, .T. ) ;
#3775 = ORIENTED_EDGE ( 'NONE', *, *, #1463, .T. ) ;
#3776 = DIRECTION ( 'NONE',  ( 1.000000000000000000, 0.000000000000000000, 0.000000000000000000 ) ) ;
#3777 = SHAPE_REPRESENTATION ( '13135-01_T1', ( #721 ), #3073 ) ;
#3778 = ORIENTED_EDGE ( 'NONE', *, *, #2198, .T. ) ;
#3779 = DATE_TIME_ROLE ( 'classification_date' ) ;
#3780 = LINE ( 'NONE', #883, #698 ) ;
#3781 = EDGE_CURVE ( 'NONE', #3284, #1298, #3636, .T. ) ;
#3782 = ORIENTED_EDGE ( 'NONE', *, *, #917, .F. ) ;
#3783 = EDGE_CURVE ( 'NONE', #2240, #488, #442, .T. ) ;
#3784 = LINE ( 'NONE', #2937, #1471 ) ;
#3785 = CARTESIAN_POINT ( 'NONE',  ( 38.10000000000000142, -1.334780000000000744, -18.50000000000000355 ) ) ;
#3786 = APPROVAL ( #3113, 'UNSPECIFIED' ) ;
#3787 = CARTESIAN_POINT ( 'NONE',  ( -28.39479999999998938, -3.327500000000000568, -3.360000000000002096 ) ) ;
#3788 = EDGE_CURVE ( 'NONE', #2095, #1005, #3871, .T. ) ;
#3789 = PRODUCT ( '11103-06_T7', '11103-06_T7', '', ( #1749 ) ) ;
#3790 = ORIENTED_EDGE ( 'NONE', *, *, #1880, .T. ) ;
#3791 = LINE ( 'NONE', #4153, #1226 ) ;
#3792 = CARTESIAN_POINT ( 'NONE',  ( 35.53500000000011028, 0.9099999999999386358, 5.959999999999996412 ) ) ;
#3793 = APPROVAL_ROLE ( '' ) ;
#3794 = CC_DESIGN_APPROVAL ( #669, ( #2717 ) ) ;
#3795 = VECTOR ( 'NONE', #3360, 1000.000000000000000 ) ;
#3796 = VERTEX_POINT ( 'NONE', #541 ) ;
#3797 = ORIENTED_EDGE ( 'NONE', *, *, #3599, .F. ) ;
#3798 = CARTESIAN_POINT ( 'NONE',  ( 0.1000000000000028644, -3.627500000000000391, -6.001600000000000712 ) ) ;
#3799 = EDGE_CURVE ( 'NONE', #471, #634, #3686, .T. ) ;
#3800 = AXIS2_PLACEMENT_3D ( 'NONE', #275, #2544, #2247 ) ;
#3801 = EDGE_LOOP ( 'NONE', ( #1445, #3262, #3162, #878 ) ) ;
#3802 = DATE_AND_TIME ( #906, #3179 ) ;
#3803 = CARTESIAN_POINT ( 'NONE',  ( 33.77539849432616847, 0.9099999999999472955, 11.03340709233568617 ) ) ;
#3804 = UNCERTAINTY_MEASURE_WITH_UNIT (LENGTH_MEASURE( 1.000000000000000082E-05 ), #1685, 'distance_accuracy_value', 'NONE');
#3805 = VECTOR ( 'NONE', #4056, 1000.000000000000000 ) ;
#3806 = ORIENTED_EDGE ( 'NONE', *, *, #2860, .T. ) ;
#3807 = DIRECTION ( 'NONE',  ( 1.000000000000000000, 0.000000000000000000, 0.000000000000000000 ) ) ;
#3808 = DIRECTION ( 'NONE',  ( -8.997944700177142083E-30, 0.000000000000000000, -1.000000000000000000 ) ) ;
#3809 = CARTESIAN_POINT ( 'NONE',  ( 35.73500000000007049, 0.9099999999999386358, 7.359999999999994991 ) ) ;
#3810 = AXIS2_PLACEMENT_3D ( 'NONE', #10, #1038, #3586 ) ;
#3811 = VECTOR ( 'NONE', #241, 1000.000000000000000 ) ;
#3812 = ADVANCED_FACE ( 'NONE', ( #479 ), #168, .F. ) ;
#3813 = AXIS2_PLACEMENT_3D ( 'NONE', #2076, #3724, #834 ) ;
#3814 = ORIENTED_EDGE ( 'NONE', *, *, #2527, .T. ) ;
#3815 = DIRECTION ( 'NONE',  ( 1.665334536937736783E-15, -1.000000000000000000, 0.000000000000000000 ) ) ;
#3816 = CARTESIAN_POINT ( 'NONE',  ( -0.4000000000000148992, 0.8099999999999999423, 2.099999999999987210 ) ) ;
#3817 = DATE_AND_TIME ( #2525, #1359 ) ;
#3818 = ORIENTED_EDGE ( 'NONE', *, *, #1684, .F. ) ;
#3819 = VERTEX_POINT ( 'NONE', #2715 ) ;
#3820 = DIRECTION ( 'NONE',  ( 0.000000000000000000, -0.000000000000000000, 1.000000000000000000 ) ) ;
#3821 = VERTEX_POINT ( 'NONE', #133 ) ;
#3822 = APPROVAL_STATUS ( 'not_yet_approved' ) ;
#3823 = EDGE_CURVE ( 'NONE', #851, #2901, #3089, .T. ) ;
#3824 = CARTESIAN_POINT ( 'NONE',  ( 0.000000000000000000, 0.000000000000000000, 0.000000000000000000 ) ) ;
#3825 = AXIS2_PLACEMENT_3D ( 'NONE', #1051, #2344, #3623 ) ;
#3826 = ORIENTED_EDGE ( 'NONE', *, *, #3142, .F. ) ;
#3827 = CARTESIAN_POINT ( 'NONE',  ( -28.90000000000000213, -3.327500000000000568, -5.925400000000021983 ) ) ;
#3828 = FACE_OUTER_BOUND ( 'NONE', #1209, .T. ) ;
#3829 = LINE ( 'NONE', #1899, #2528 ) ;
#3830 = EDGE_CURVE ( 'NONE', #3843, #3436, #1083, .T. ) ;
#3831 = DIRECTION ( 'NONE',  ( 1.000000000000000000, -1.665334536937732641E-15, 0.000000000000000000 ) ) ;
#3832 = ORIENTED_EDGE ( 'NONE', *, *, #1217, .F. ) ;
#3833 = DIRECTION ( 'NONE',  ( 1.000000000000000000, 0.000000000000000000, 0.000000000000000000 ) ) ;
#3834 = LINE ( 'NONE', #3792, #2679 ) ;
#3835 = DATE_AND_TIME ( #2249, #1427 ) ;
#3836 = PERSON ( 'NAUO-PER4', 'UNSPECIFIED', 'UNSPECIFIED', ('UNSPECIFIED'), ('UNSPECIFIED'), ('UNSPECIFIED') ) ;
#3837 = VERTEX_POINT ( 'NONE', #1164 ) ;
#3838 = ORIENTED_EDGE ( 'NONE', *, *, #3781, .F. ) ;
#3839 = APPLICATION_CONTEXT ( 'configuration controlled 3d designs of mechanical parts and assemblies' ) ;
#3840 = EDGE_CURVE ( 'NONE', #2802, #3151, #833, .T. ) ;
#3841 = LINE ( 'NONE', #901, #232 ) ;
#3842 = CC_DESIGN_PERSON_AND_ORGANIZATION_ASSIGNMENT ( #3845, #1636, ( #2239 ) ) ;
#3843 = VERTEX_POINT ( 'NONE', #3665 ) ;
#3844 = VECTOR ( 'NONE', #2105, 1000.000000000000000 ) ;
#3845 = PERSON_AND_ORGANIZATION ( #4035, #3412 ) ;
#3846 = LINE ( 'NONE', #1260, #2053 ) ;
#3847 = ORIENTED_EDGE ( 'NONE', *, *, #1543, .F. ) ;
#3848 = CARTESIAN_POINT ( 'NONE',  ( -31.90000000000000568, -3.628499999999999837, -3.780800000000001049 ) ) ;
#3849 = DIRECTION ( 'NONE',  ( 1.000000000000000000, 0.000000000000000000, 0.000000000000000000 ) ) ;
#3850 = DIRECTION ( 'NONE',  ( 1.665334536937736783E-15, -1.000000000000000000, 0.000000000000000000 ) ) ;
#3851 = ORIENTED_EDGE ( 'NONE', *, *, #3497, .T. ) ;
#3852 = CARTESIAN_POINT ( 'NONE',  ( -0.4000000000000148992, 1.409999999999999698, 0.4999999999999935052 ) ) ;
#3853 = DIRECTION ( 'NONE',  ( -1.000000000000000000, 0.000000000000000000, 0.000000000000000000 ) ) ;
#3854 = COORDINATED_UNIVERSAL_TIME_OFFSET ( 6, 0, .BEHIND. ) ;
#3855 = ORIENTED_EDGE ( 'NONE', *, *, #53, .F. ) ;
#3856 = VECTOR ( 'NONE', #52, 1000.000000000000000 ) ;
#3857 = VERTEX_POINT ( 'NONE', #501 ) ;
#3858 = PRODUCT_DEFINITION_FORMATION_WITH_SPECIFIED_SOURCE ( 'ANY', '', #3483, .NOT_KNOWN. ) ;
#3859 = DIRECTION ( 'NONE',  ( -1.000000000000000000, 0.000000000000000000, 0.000000000000000000 ) ) ;
#3860 = PLANE ( 'NONE',  #3067 ) ;
#3861 = AXIS2_PLACEMENT_3D ( 'NONE', #1888, #1530, #988 ) ;
#3862 = EDGE_CURVE ( 'NONE', #570, #3843, #193, .T. ) ;
#3863 = ORIENTED_EDGE ( 'NONE', *, *, #2171, .T. ) ;
#3864 = VECTOR ( 'NONE', #2642, 1000.000000000000000 ) ;
#3865 = CALENDAR_DATE ( 2022, 7, 1 ) ;
#3866 = DIRECTION ( 'NONE',  ( 0.000000000000000000, 1.000000000000000000, -0.000000000000000000 ) ) ;
#3867 = VERTEX_POINT ( 'NONE', #772 ) ;
#3868 = LINE ( 'NONE', #3633, #978 ) ;
#3869 = CYLINDRICAL_SURFACE ( 'NONE', #3130, 0.1999999999999987899 ) ;
#3870 = ORIENTED_EDGE ( 'NONE', *, *, #3925, .F. ) ;
#3871 = LINE ( 'NONE', #3705, #645 ) ;
#3872 = VECTOR ( 'NONE', #616, 1000.000000000000000 ) ;
#3873 = PLANE ( 'NONE',  #1926 ) ;
#3874 = SECURITY_CLASSIFICATION_LEVEL ( 'unclassified' ) ;
#3875 = VECTOR ( 'NONE', #3931, 1000.000000000000000 ) ;
#3876 = ORIENTED_EDGE ( 'NONE', *, *, #3061, .T. ) ;
#3877 = VERTEX_POINT ( 'NONE', #3410 ) ;
#3878 = FACE_OUTER_BOUND ( 'NONE', #1817, .T. ) ;
#3879 = VECTOR ( 'NONE', #1778, 1000.000000000000000 ) ;
#3880 = CYLINDRICAL_SURFACE ( 'NONE', #3405, 0.09999999999999592548 ) ;
#3881 = CARTESIAN_POINT ( 'NONE',  ( -55.31733514603551782, 0.000000000000000000, -62.39999999999999858 ) ) ;
#3882 = VERTEX_POINT ( 'NONE', #2741 ) ;
#3883 = EDGE_CURVE ( 'NONE', #244, #2675, #2261, .T. ) ;
#3884 = APPLICATION_PROTOCOL_DEFINITION ( 'international standard', 'config_control_design', 1994, #1941 ) ;
#3885 = FACE_OUTER_BOUND ( 'NONE', #2845, .T. ) ;
#3886 = AXIS2_PLACEMENT_3D ( 'NONE', #3028, #3706, #1401 ) ;
#3887 = ORIENTED_EDGE ( 'NONE', *, *, #2161, .T. ) ;
#3888 = VECTOR ( 'NONE', #2557, 1000.000000000000000 ) ;
#3889 = PLANE ( 'NONE',  #3270 ) ;
#3890 = APPROVAL ( #3501, 'UNSPECIFIED' ) ;
#3891 = PLANE ( 'NONE',  #638 ) ;
#3892 = EDGE_CURVE ( 'NONE', #1058, #2779, #2477, .T. ) ;
#3893 = ORIENTED_EDGE ( 'NONE', *, *, #3238, .T. ) ;
#3894 = FACE_BOUND ( 'NONE', #2531, .T. ) ;
#3895 = DIRECTION ( 'NONE',  ( 1.000000000000000000, 0.000000000000000000, 0.000000000000000000 ) ) ;
#3896 = ORIENTED_EDGE ( 'NONE', *, *, #3020, .T. ) ;
#3897 = EDGE_LOOP ( 'NONE', ( #1549, #3515, #2056, #1100 ) ) ;
#3898 = DIRECTION ( 'NONE',  ( 1.000000000000000000, 0.000000000000000000, -8.673617379884032317E-15 ) ) ;
#3899 = DIRECTION ( 'NONE',  ( 0.000000000000000000, 0.000000000000000000, -1.000000000000000000 ) ) ;
#3900 = FACE_OUTER_BOUND ( 'NONE', #981, .T. ) ;
#3901 = DIRECTION ( 'NONE',  ( 1.665334536937736783E-15, -1.000000000000000000, 0.000000000000000000 ) ) ;
#3902 = VERTEX_POINT ( 'NONE', #854 ) ;
#3903 = PLANE ( 'NONE',  #2034 ) ;
#3904 = DIRECTION ( 'NONE',  ( 0.000000000000000000, 0.000000000000000000, -1.000000000000000000 ) ) ;
#3905 = ORIENTED_EDGE ( 'NONE', *, *, #4086, .F. ) ;
#3906 = VECTOR ( 'NONE', #702, 1000.000000000000000 ) ;
#3907 = DIRECTION ( 'NONE',  ( 1.000000000000000000, 0.000000000000000000, 0.000000000000000000 ) ) ;
#3908 = CARTESIAN_POINT ( 'NONE',  ( 33.75000000000007816, 1.109999999999946141, 11.69999999999998508 ) ) ;
#3909 = CARTESIAN_POINT ( 'NONE',  ( 35.73500000000007049, 0.8099999999999392131, 7.359999999999994991 ) ) ;
#3910 = EDGE_CURVE ( 'NONE', #1014, #634, #2760, .T. ) ;
#3911 = EDGE_CURVE ( 'NONE', #1361, #1739, #3071, .T. ) ;
#3912 = APPROVAL ( #2900, 'UNKNOWN' ) ;
#3913 = EDGE_CURVE ( 'NONE', #885, #3948, #59, .T. ) ;
#3914 = ORIENTED_EDGE ( 'NONE', *, *, #1792, .T. ) ;
#3915 = PLANE ( 'NONE',  #4083 ) ;
#3916 = CARTESIAN_POINT ( 'NONE',  ( 35.63500000000010459, 0.8099999999999392131, 8.799999999999998934 ) ) ;
#3917 = ORIENTED_EDGE ( 'NONE', *, *, #2269, .T. ) ;
#3918 = ORIENTED_EDGE ( 'NONE', *, *, #2444, .F. ) ;
#3919 = CARTESIAN_POINT ( 'NONE',  ( 0.1000000000000028644, -4.309999999999999609, -2.399999999999999467 ) ) ;
#3920 = LINE ( 'NONE', #3013, #531 ) ;
#3921 = DIRECTION ( 'NONE',  ( 1.665334536937736783E-15, -1.000000000000000000, 0.000000000000000000 ) ) ;
#3922 = DIRECTION ( 'NONE',  ( 0.000000000000000000, 0.000000000000000000, 1.000000000000000000 ) ) ;
#3923 = ORIENTED_EDGE ( 'NONE', *, *, #3181, .F. ) ;
#3924 = CARTESIAN_POINT ( 'NONE',  ( 26.68000000000004945, 0.9099999999999490718, 5.959999999999996412 ) ) ;
#3925 = EDGE_CURVE ( 'NONE', #1261, #1587, #1798, .T. ) ;
#3926 = DIRECTION ( 'NONE',  ( 0.000000000000000000, 0.000000000000000000, 1.000000000000000000 ) ) ;
#3927 = LOCAL_TIME ( 16, 6, 30.00000000000000000, #615 ) ;
#3928 = AXIS2_PLACEMENT_3D ( 'NONE', #2306, #3950, #3904 ) ;
#3929 = ORIENTED_EDGE ( 'NONE', *, *, #1718, .T. ) ;
#3930 = SECURITY_CLASSIFICATION ( '', '', #260 ) ;
#3931 = DIRECTION ( 'NONE',  ( 1.665334536937736783E-15, -1.000000000000000000, 0.000000000000000000 ) ) ;
#3932 = CARTESIAN_POINT ( 'NONE',  ( -19.64999999999999858, 0.05000000000000000278, -9.250000000000000000 ) ) ;
#3933 = CIRCLE ( 'NONE', #766, 0.7699999999999929123 ) ;
#3934 = ORIENTED_EDGE ( 'NONE', *, *, #611, .T. ) ;
#3935 = DIRECTION ( 'NONE',  ( 1.000000000000000000, 0.000000000000000000, 0.000000000000000000 ) ) ;
#3936 = CARTESIAN_POINT ( 'NONE',  ( -31.90000000000000568, -3.628499999999999837, -4.780800000000001937 ) ) ;
#3937 = EDGE_CURVE ( 'NONE', #1187, #1587, #3046, .T. ) ;
#3938 = CIRCLE ( 'NONE', #3261, 0.5999999999999998668 ) ;
#3939 = VERTEX_POINT ( 'NONE', #2436 ) ;
#3940 = EDGE_LOOP ( 'NONE', ( #3631, #3139, #1529, #432, #1464, #2109, #3092, #3870, #3000, #2499 ) ) ;
#3941 = LINE ( 'NONE', #3919, #2245 ) ;
#3942 = PLANE ( 'NONE',  #3825 ) ;
#3943 = DIRECTION ( 'NONE',  ( 1.000000000000000000, -1.665334536937732641E-15, -4.488735109016416805E-17 ) ) ;
#3944 = VECTOR ( 'NONE', #163, 1000.000000000000000 ) ;
#3945 = AXIS2_PLACEMENT_3D ( 'NONE', #22, #3225, #697 ) ;
#3946 = CARTESIAN_POINT ( 'NONE',  ( 35.32000000000009976, 0.9099999999999386358, 5.959999999999996412 ) ) ;
#3947 = VECTOR ( 'NONE', #3047, 1000.000000000000000 ) ;
#3948 = VERTEX_POINT ( 'NONE', #1737 ) ;
#3949 = PLANE ( 'NONE',  #812 ) ;
#3950 = DIRECTION ( 'NONE',  ( 0.000000000000000000, -1.000000000000000000, 0.000000000000000000 ) ) ;
#3951 = LOCAL_TIME ( 16, 6, 30.00000000000000000, #867 ) ;
#3952 = VERTEX_POINT ( 'NONE', #2139 ) ;
#3953 = EDGE_CURVE ( 'NONE', #3734, #3939, #3027, .T. ) ;
#3954 = VECTOR ( 'NONE', #1867, 1000.000000000000000 ) ;
#3955 = DIRECTION ( 'NONE',  ( 0.000000000000000000, 0.000000000000000000, -1.000000000000000000 ) ) ;
#3956 = FACE_OUTER_BOUND ( 'NONE', #1791, .T. ) ;
#3957 = CIRCLE ( 'NONE', #2680, 0.1000000000000011297 ) ;
#3958 = AXIS2_PLACEMENT_3D ( 'NONE', #601, #1898, #2203 ) ;
#3959 = ORIENTED_EDGE ( 'NONE', *, *, #3799, .F. ) ;
#3960 = CARTESIAN_POINT ( 'NONE',  ( 26.46500000000004604, 0.9099999999999490718, 5.759999999999998010 ) ) ;
#3961 = EDGE_CURVE ( 'NONE', #836, #99, #1419, .T. ) ;
#3962 = LINE ( 'NONE', #3936, #3352 ) ;
#3963 = CALENDAR_DATE ( 2022, 7, 1 ) ;
#3964 = ORIENTED_EDGE ( 'NONE', *, *, #1091, .F. ) ;
#3965 = ORIENTED_EDGE ( 'NONE', *, *, #1510, .T. ) ;
#3966 = CARTESIAN_POINT ( 'NONE',  ( -1.734723475976807094E-14, 1.639999999999999014, -40.42000000000000171 ) ) ;
#3967 = CARTESIAN_POINT ( 'NONE',  ( 35.63500000000010459, 0.9099999999999386358, 0.8999999999999910294 ) ) ;
#3968 = PERSON_AND_ORGANIZATION_ROLE ( 'design_supplier' ) ;
#3969 = DIRECTION ( 'NONE',  ( 0.000000000000000000, -0.000000000000000000, 1.000000000000000000 ) ) ;
#3970 = CARTESIAN_POINT ( 'NONE',  ( 33.65000000000006963, 0.8099999999999478728, 15.69999999999999574 ) ) ;
#3971 = EDGE_CURVE ( 'NONE', #1555, #2434, #2075, .T. ) ;
#3972 = ORIENTED_EDGE ( 'NONE', *, *, #2025, .T. ) ;
#3973 = CC_DESIGN_PERSON_AND_ORGANIZATION_ASSIGNMENT ( #1196, #3101, ( #3049 ) ) ;
#3974 = DIRECTION ( 'NONE',  ( -1.665334536937736783E-15, 1.000000000000000000, 0.000000000000000000 ) ) ;
#3975 = ADVANCED_FACE ( 'NONE', ( #3828 ), #1540, .T. ) ;
#3976 = DIRECTION ( 'NONE',  ( 1.665334536937736783E-15, -1.000000000000000000, 0.000000000000000000 ) ) ;
#3977 = ORIENTED_EDGE ( 'NONE', *, *, #4156, .T. ) ;
#3978 = DIRECTION ( 'NONE',  ( 7.294840343940801159E-16, -1.231653667943533037E-16, 1.000000000000000222 ) ) ;
#3979 = DIRECTION ( 'NONE',  ( 1.000000000000000000, 0.000000000000000000, 8.828109292502836024E-17 ) ) ;
#3980 = CARTESIAN_POINT ( 'NONE',  ( 28.25000000000005329, 1.109999999999947917, 11.69999999999999218 ) ) ;
#3981 = DIRECTION ( 'NONE',  ( 1.000000000000000000, 0.000000000000000000, 0.000000000000000000 ) ) ;
#3982 = DIRECTION ( 'NONE',  ( 0.000000000000000000, -1.000000000000000000, 0.000000000000000000 ) ) ;
#3983 = CARTESIAN_POINT ( 'NONE',  ( -55.31733514603550361, -0.8700000000000009948, -63.65712399999999604 ) ) ;
#3984 = ADVANCED_FACE ( 'NONE', ( #2518 ), #2821, .F. ) ;
#3985 = VERTEX_POINT ( 'NONE', #559 ) ;
#3986 = DIRECTION ( 'NONE',  ( 1.000000000000000000, 0.000000000000000000, 0.000000000000000000 ) ) ;
#3987 = LINE ( 'NONE', #2382, #3619 ) ;
#3988 = CALENDAR_DATE ( 2022, 7, 1 ) ;
#3989 = DIRECTION ( 'NONE',  ( 0.000000000000000000, 0.000000000000000000, -1.000000000000000000 ) ) ;
#3990 = VERTEX_POINT ( 'NONE', #640 ) ;
#3991 = DIRECTION ( 'NONE',  ( 0.000000000000000000, 0.000000000000000000, -1.000000000000000000 ) ) ;
#3992 = PLANE ( 'NONE',  #2378 ) ;
#3993 = ADVANCED_FACE ( 'NONE', ( #3505 ), #3106, .F. ) ;
#3994 = ORIENTED_EDGE ( 'NONE', *, *, #2527, .F. ) ;
#3995 = CC_DESIGN_APPROVAL ( #2290, ( #1896 ) ) ;
#3996 = CARTESIAN_POINT ( 'NONE',  ( 26.26500000000006452, 0.9099999999999507372, 7.359999999999994991 ) ) ;
#3997 = LINE ( 'NONE', #2478, #510 ) ;
#3998 = AXIS2_PLACEMENT_3D ( 'NONE', #546, #2061, #3030 ) ;
#3999 = VECTOR ( 'NONE', #2532, 1000.000000000000000 ) ;
#4000 = ORIENTED_EDGE ( 'NONE', *, *, #1816, .T. ) ;
#4001 = CARTESIAN_POINT ( 'NONE',  ( 26.29039849432614773, 0.9099999999999507372, 8.866592907664301748 ) ) ;
#4002 = DIRECTION ( 'NONE',  ( 0.000000000000000000, 0.000000000000000000, 1.000000000000000000 ) ) ;
#4003 = VECTOR ( 'NONE', #1882, 1000.000000000000000 ) ;
#4004 = ORIENTED_EDGE ( 'NONE', *, *, #2074, .F. ) ;
#4005 = CARTESIAN_POINT ( 'NONE',  ( -28.90000000000000213, -3.327500000000000568, -3.436200000000000365 ) ) ;
#4006 = PLANE ( 'NONE',  #521 ) ;
#4007 = COORDINATED_UNIVERSAL_TIME_OFFSET ( 6, 0, .BEHIND. ) ;
#4008 = CARTESIAN_POINT ( 'NONE',  ( 26.46500000000004604, 0.9099999999999490718, 5.959999999999996412 ) ) ;
#4009 = VECTOR ( 'NONE', #2287, 1000.000000000000000 ) ;
#4010 = ORIENTED_EDGE ( 'NONE', *, *, #2732, .T. ) ;
#4011 = DIRECTION ( 'NONE',  ( 1.000000000000000000, 0.000000000000000000, 0.000000000000000000 ) ) ;
#4012 = AXIS2_PLACEMENT_3D ( 'NONE', #1357, #1295, #3394 ) ;
#4013 = ADVANCED_FACE ( 'NONE', ( #1183 ), #4084, .T. ) ;
#4014 = CARTESIAN_POINT ( 'NONE',  ( 38.10000000000000142, 0.2992399999999992288, 0.000000000000000000 ) ) ;
#4015 = VECTOR ( 'NONE', #1360, 1000.000000000000000 ) ;
#4016 = ADVANCED_FACE ( 'NONE', ( #1201 ), #2798, .T. ) ;
#4017 = ORIENTED_EDGE ( 'NONE', *, *, #3684, .T. ) ;
#4018 =( NAMED_UNIT ( * ) SI_UNIT ( $, .STERADIAN. ) SOLID_ANGLE_UNIT ( ) );
#4019 = LINE ( 'NONE', #810, #251 ) ;
#4020 = CARTESIAN_POINT ( 'NONE',  ( 35.53500000000011028, 0.9099999999999386358, 5.959999999999996412 ) ) ;
#4021 = DIRECTION ( 'NONE',  ( 0.000000000000000000, 0.000000000000000000, 1.000000000000000000 ) ) ;
#4022 = DIRECTION ( 'NONE',  ( 0.000000000000000000, 1.000000000000000000, -0.000000000000000000 ) ) ;
#4023 = CC_DESIGN_PERSON_AND_ORGANIZATION_ASSIGNMENT ( #508, #3095, ( #1212 ) ) ;
#4024 = DIRECTION ( 'NONE',  ( 0.000000000000000000, 0.000000000000000000, 1.000000000000000000 ) ) ;
#4025 = EDGE_CURVE ( 'NONE', #2615, #3086, #229, .T. ) ;
#4026 = EDGE_LOOP ( 'NONE', ( #2927, #639, #3133, #436 ) ) ;
#4027 = DIRECTION ( 'NONE',  ( 1.665334536937736783E-15, -1.000000000000000000, 0.000000000000000000 ) ) ;
#4028 = DIRECTION ( 'NONE',  ( -0.000000000000000000, -1.000000000000000000, -0.000000000000000000 ) ) ;
#4029 = APPROVAL_STATUS ( 'not_yet_approved' ) ;
#4030 = FACE_OUTER_BOUND ( 'NONE', #2353, .T. ) ;
#4031 = ORIENTED_EDGE ( 'NONE', *, *, #3577, .T. ) ;
#4032 = CARTESIAN_POINT ( 'NONE',  ( 35.53500000000007475, 0.9099999999999386358, 7.159999999999996589 ) ) ;
#4033 = CARTESIAN_POINT ( 'NONE',  ( -28.58000000000000185, -3.628499999999999837, -5.580800000000003536 ) ) ;
#4034 = VERTEX_POINT ( 'NONE', #619 ) ;
#4035 = PERSON ( 'UNSPECIFIED', 'UNSPECIFIED', 'UNSPECIFIED', ('UNSPECIFIED'), ('UNSPECIFIED'), ('UNSPECIFIED') ) ;
#4036 = CARTESIAN_POINT ( 'NONE',  ( 33.65000000000010516, 0.9099999999999472955, 15.69999999999999574 ) ) ;
#4037 = DIRECTION ( 'NONE',  ( -1.000000000000000000, 1.665334536937732641E-15, 0.000000000000000000 ) ) ;
#4038 = ORIENTED_EDGE ( 'NONE', *, *, #3883, .F. ) ;
#4039 = ORIENTED_EDGE ( 'NONE', *, *, #3522, .F. ) ;
#4040 = DIRECTION ( 'NONE',  ( 1.665334536937736783E-15, -1.000000000000000000, 0.000000000000000000 ) ) ;
#4041 = DIRECTION ( 'NONE',  ( 0.000000000000000000, -1.000000000000000000, 0.000000000000000000 ) ) ;
#4042 = EDGE_CURVE ( 'NONE', #1352, #3503, #1497, .T. ) ;
#4043 = EDGE_CURVE ( 'NONE', #1455, #1063, #2613, .T. ) ;
#4044 = EDGE_LOOP ( 'NONE', ( #1378, #411, #1850, #3918 ) ) ;
#4045 = AXIS2_PLACEMENT_3D ( 'NONE', #2811, #2728, #1852 ) ;
#4046 = FACE_OUTER_BOUND ( 'NONE', #1971, .T. ) ;
#4047 = DIRECTION ( 'NONE',  ( -1.000000000000000000, 1.665334536937732641E-15, 0.000000000000000000 ) ) ;
#4048 = DATE_TIME_ROLE ( 'creation_date' ) ;
#4049 = FACE_OUTER_BOUND ( 'NONE', #2292, .T. ) ;
#4050 = ORIENTED_EDGE ( 'NONE', *, *, #1885, .T. ) ;
#4051 = DIRECTION ( 'NONE',  ( 1.665334536937736783E-15, -1.000000000000000000, 0.000000000000000000 ) ) ;
#4052 =( REPRESENTATION_RELATIONSHIP ('NONE','NONE', #2234, #3777 ) REPRESENTATION_RELATIONSHIP_WITH_TRANSFORMATION ( #1928 )SHAPE_REPRESENTATION_RELATIONSHIP( ) );
#4053 = EDGE_CURVE ( 'NONE', #1671, #2073, #581, .T. ) ;
#4054 = ORIENTED_EDGE ( 'NONE', *, *, #1973, .T. ) ;
#4055 = SHAPE_REPRESENTATION_RELATIONSHIP ( 'NONE' , 'NONE' ,  #3098, #1556 ) ;
#4056 = DIRECTION ( 'NONE',  ( -1.000000000000000000, 0.000000000000000000, 0.000000000000000000 ) ) ;
#4057 = AXIS2_PLACEMENT_3D ( 'NONE', #3924, #726, #762 ) ;
#4058 = ORIENTED_EDGE ( 'NONE', *, *, #3788, .F. ) ;
#4059 = APPROVAL_PERSON_ORGANIZATION ( #3228, #242, #448 ) ;
#4060 = VERTEX_POINT ( 'NONE', #1877 ) ;
#4061 = CARTESIAN_POINT ( 'NONE',  ( 38.10000000000008669, -0.7699999999999997957, -64.42712399999999207 ) ) ;
#4062 = DIRECTION ( 'NONE',  ( 1.000000000000000000, 0.000000000000000000, 0.000000000000000000 ) ) ;
#4063 = CC_DESIGN_APPROVAL ( #2082, ( #3858 ) ) ;
#4064 = ADVANCED_FACE ( 'NONE', ( #3170 ), #582, .T. ) ;
#4065 = VECTOR ( 'NONE', #1740, 1000.000000000000000 ) ;
#4066 = ORIENTED_EDGE ( 'NONE', *, *, #3747, .F. ) ;
#4067 = PLANE ( 'NONE',  #2175 ) ;
#4068 = CARTESIAN_POINT ( 'NONE',  ( -55.31733514603551782, -1.690000000000000613, -9.290000000000020464 ) ) ;
#4069 = SHAPE_DEFINITION_REPRESENTATION ( #1863, #1776 ) ;
#4070 = LINE ( 'NONE', #3753, #2932 ) ;
#4071 = VERTEX_POINT ( 'NONE', #1840 ) ;
#4072 = DIRECTION ( 'NONE',  ( 0.000000000000000000, -1.000000000000000000, 2.456429884329807731E-30 ) ) ;
#4073 = EDGE_CURVE ( 'NONE', #791, #3952, #3128, .T. ) ;
#4074 = VERTEX_POINT ( 'NONE', #1262 ) ;
#4075 = AXIS2_PLACEMENT_3D ( 'NONE', #3980, #749, #3319 ) ;
#4076 = APPROVAL_ROLE ( '' ) ;
#4077 = DIRECTION ( 'NONE',  ( 1.665334536937736783E-15, -1.000000000000000000, 0.000000000000000000 ) ) ;
#4078 = CIRCLE ( 'NONE', #2667, 0.5000000000000004441 ) ;
#4079 = EDGE_CURVE ( 'NONE', #2211, #2802, #1186, .T. ) ;
#4080 = ORIENTED_EDGE ( 'NONE', *, *, #2733, .F. ) ;
#4081 = CIRCLE ( 'NONE', #1046, 0.5000000000000004441 ) ;
#4082 = DIRECTION ( 'NONE',  ( -8.673617379884032317E-15, -0.000000000000000000, 1.000000000000000000 ) ) ;
#4083 = AXIS2_PLACEMENT_3D ( 'NONE', #3960, #2610, #3235 ) ;
#4084 = CYLINDRICAL_SURFACE ( 'NONE', #2684, 0.8100000000000023848 ) ;
#4085 = DIRECTION ( 'NONE',  ( 0.000000000000000000, 0.000000000000000000, -1.000000000000000000 ) ) ;
#4086 = EDGE_CURVE ( 'NONE', #2966, #842, #290, .T. ) ;
#4087 = EDGE_LOOP ( 'NONE', ( #1992, #1725, #1204, #4080 ) ) ;
#4088 = CARTESIAN_POINT ( 'NONE',  ( 26.26500000000005031, 0.9099999999999507372, 8.799999999999991829 ) ) ;
#4089 = CARTESIAN_POINT ( 'NONE',  ( 35.32000000000006423, 0.8099999999999392131, 7.159999999999996589 ) ) ;
#4090 = PERSON_AND_ORGANIZATION ( #4035, #3412 ) ;
#4091 = VECTOR ( 'NONE', #4047, 1000.000000000000000 ) ;
#4092 = VECTOR ( 'NONE', #339, 1000.000000000000000 ) ;
#4093 = PRODUCT_DEFINITION_SHAPE ( 'NONE', 'NONE',  #2963 ) ;
#4094 = ORIENTED_EDGE ( 'NONE', *, *, #2601, .T. ) ;
#4095 = VECTOR ( 'NONE', #1245, 1000.000000000000000 ) ;
#4096 = VERTEX_POINT ( 'NONE', #3848 ) ;
#4097 = LINE ( 'NONE', #2407, #2428 ) ;
#4098 = ADVANCED_FACE ( 'NONE', ( #4165 ), #949, .F. ) ;
#4099 = EDGE_CURVE ( 'NONE', #535, #1656, #2007, .T. ) ;
#4100 = CC_DESIGN_DATE_AND_TIME_ASSIGNMENT ( #2546, #627, ( #3663 ) ) ;
#4101 = EDGE_CURVE ( 'NONE', #4096, #545, #2917, .T. ) ;
#4102 = ORIENTED_EDGE ( 'NONE', *, *, #3911, .F. ) ;
#4103 = APPROVAL_ROLE ( '' ) ;
#4104 = CARTESIAN_POINT ( 'NONE',  ( 8.326672684688674053E-14, -1.784779999999999589, -63.65712399999999604 ) ) ;
#4105 = EDGE_LOOP ( 'NONE', ( #1253, #3305, #870, #674, #3439, #2771, #4157, #3022, #1736, #3669, #2505, #771, #1869, #1551, #3545, #1995, #1332, #1333, #2669, #3239, #3299, #3647, #1270, #3589, #1996, #2885 ) ) ;
#4106 = CARTESIAN_POINT ( 'NONE',  ( 8.326672684688674053E-14, -0.7699999999999997957, -64.57190400000000352 ) ) ;
#4107 = CARTESIAN_POINT ( 'NONE',  ( -31.59519999999999840, -3.627500000000000391, -3.741000000000001435 ) ) ;
#4108 = DIRECTION ( 'NONE',  ( 1.000000000000000000, 0.000000000000000000, 0.000000000000000000 ) ) ;
#4109 = EDGE_CURVE ( 'NONE', #171, #3837, #976, .T. ) ;
#4110 = EDGE_LOOP ( 'NONE', ( #822, #3620, #647, #799 ) ) ;
#4111 = FACE_OUTER_BOUND ( 'NONE', #3191, .T. ) ;
#4112 = CARTESIAN_POINT ( 'NONE',  ( 35.53500000000007475, 0.9099999999999386358, 7.159999999999996589 ) ) ;
#4113 = APPROVAL_STATUS ( 'not_yet_approved' ) ;
#4114 =( REPRESENTATION_RELATIONSHIP ('NONE','NONE', #2234, #2674 ) REPRESENTATION_RELATIONSHIP_WITH_TRANSFORMATION ( #2884 )SHAPE_REPRESENTATION_RELATIONSHIP( ) );
#4115 = ORIENTED_EDGE ( 'NONE', *, *, #3953, .T. ) ;
#4116 = CLOSED_SHELL ( 'NONE', ( #2054, #3674, #2106, #2184, #2514, #1319, #2289, #3812, #2144, #3351, #971, #969, #2788, #835, #807, #3975, #681, #1400, #4016, #775, #1215, #2338 ) ) ;
#4117 = ORIENTED_EDGE ( 'NONE', *, *, #2830, .T. ) ;
#4118 = DIRECTION ( 'NONE',  ( 0.000000000000000000, -1.000000000000000000, 0.000000000000000000 ) ) ;
#4119 = ORIENTED_EDGE ( 'NONE', *, *, #2288, .T. ) ;
#4120 = COORDINATED_UNIVERSAL_TIME_OFFSET ( 6, 0, .BEHIND. ) ;
#4121 = ADVANCED_FACE ( 'NONE', ( #2579 ), #1664, .F. ) ;
#4122 = LINE ( 'NONE', #1197, #1369 ) ;
#4123 = ORIENTED_EDGE ( 'NONE', *, *, #1085, .F. ) ;
#4124 = DIRECTION ( 'NONE',  ( 0.000000000000000000, 0.000000000000000000, -1.000000000000000000 ) ) ;
#4125 = DIRECTION ( 'NONE',  ( 0.000000000000000000, 0.000000000000000000, -1.000000000000000000 ) ) ;
#4126 = CARTESIAN_POINT ( 'NONE',  ( 35.53500000000007475, 0.9099999999999386358, 7.359999999999994991 ) ) ;
#4127 = ORIENTED_EDGE ( 'NONE', *, *, #3172, .T. ) ;
#4128 = CARTESIAN_POINT ( 'NONE',  ( -55.31733514603551782, -1.640000000000000790, -18.82277474571172959 ) ) ;
#4129 = DIRECTION ( 'NONE',  ( -1.665334536937736783E-15, 1.000000000000000000, 0.000000000000000000 ) ) ;
#4130 = APPROVAL_DATE_TIME ( #3835, #669 ) ;
#4131 = LOCAL_TIME ( 16, 6, 30.00000000000000000, #780 ) ;
#4132 = CIRCLE ( 'NONE', #2914, 0.1999999999999987899 ) ;
#4133 = EDGE_CURVE ( 'NONE', #160, #3223, #857, .T. ) ;
#4134 = ORIENTED_EDGE ( 'NONE', *, *, #4133, .T. ) ;
#4135 = ORIENTED_EDGE ( 'NONE', *, *, #1022, .T. ) ;
#4136 = DIRECTION ( 'NONE',  ( 1.665334536937736783E-15, -1.000000000000000000, 0.000000000000000000 ) ) ;
#4137 = VECTOR ( 'NONE', #3529, 1000.000000000000000 ) ;
#4138 = ORIENTED_EDGE ( 'NONE', *, *, #403, .T. ) ;
#4139 = ADVANCED_FACE ( 'NONE', ( #2354 ), #35, .F. ) ;
#4140 = DATE_AND_TIME ( #536, #1285 ) ;
#4141 = LINE ( 'NONE', #3441, #1505 ) ;
#4142 = CIRCLE ( 'NONE', #2117, 0.7699999999999929123 ) ;
#4143 = ORIENTED_EDGE ( 'NONE', *, *, #1713, .F. ) ;
#4144 = CARTESIAN_POINT ( 'NONE',  ( 33.75000000000007105, 0.9099999999999472955, 11.69999999999998508 ) ) ;
#4145 = CARTESIAN_POINT ( 'NONE',  ( 35.53500000000007475, 0.9099999999999386358, 7.359999999999994991 ) ) ;
#4146 = DIRECTION ( 'NONE',  ( -1.000000000000000000, 0.000000000000000000, 0.000000000000000000 ) ) ;
#4147 = VECTOR ( 'NONE', #1436, 1000.000000000000000 ) ;
#4148 = AXIS2_PLACEMENT_3D ( 'NONE', #2081, #2099, #2345 ) ;
#4149 = DIRECTION ( 'NONE',  ( 1.000000000000000000, 0.000000000000000000, 0.000000000000000000 ) ) ;
#4150 = VECTOR ( 'NONE', #4041, 1000.000000000000000 ) ;
#4151 = CC_DESIGN_PERSON_AND_ORGANIZATION_ASSIGNMENT ( #304, #849, ( #2963 ) ) ;
#4152 = VERTEX_POINT ( 'NONE', #1366 ) ;
#4153 = CARTESIAN_POINT ( 'NONE',  ( 62.00000000000012790, 1.639999999999895097, -40.42000000000000171 ) ) ;
#4154 = LINE ( 'NONE', #957, #3754 ) ;
#4155 = PERSON_AND_ORGANIZATION ( #4035, #3412 ) ;
#4156 = EDGE_CURVE ( 'NONE', #3736, #2886, #1929, .T. ) ;
#4157 = ORIENTED_EDGE ( 'NONE', *, *, #3184, .F. ) ;
#4158 = EDGE_LOOP ( 'NONE', ( #1663, #281, #3496, #3449 ) ) ;
#4159 = CARTESIAN_POINT ( 'NONE',  ( 35.32000000000009265, 0.9099999999999386358, 6.559999999999999609 ) ) ;
#4160 = ORIENTED_EDGE ( 'NONE', *, *, #2895, .F. ) ;
#4161 = APPROVAL_DATE_TIME ( #926, #2397 ) ;
#4162 = CARTESIAN_POINT ( 'NONE',  ( 62.40000000000013358, 0.1099999999998966388, -40.72000000000000597 ) ) ;
#4163 = AXIS2_PLACEMENT_3D ( 'NONE', #2685, #1974, #88 ) ;
#4164 = VERTEX_POINT ( 'NONE', #2961 ) ;
#4165 = FACE_OUTER_BOUND ( 'NONE', #1895, .T. ) ;
#4166 = DIRECTION ( 'NONE',  ( 0.000000000000000000, 0.000000000000000000, 1.000000000000000000 ) ) ;
#4167 = PERSON_AND_ORGANIZATION_ROLE ( 'classification_officer' ) ;
#4168 = NEXT_ASSEMBLY_USAGE_OCCURRENCE ( 'NAUO1', ' ', ' ', #3016, #1533, $ ) ;
#4169 = NEXT_ASSEMBLY_USAGE_OCCURRENCE ( 'NAUO2', ' ', ' ', #3016, #1586, $ ) ;
#4170 = NEXT_ASSEMBLY_USAGE_OCCURRENCE ( 'NAUO3', ' ', ' ', #3016, #1155, $ ) ;
#4171 = NEXT_ASSEMBLY_USAGE_OCCURRENCE ( 'NAUO4', ' ', ' ', #3016, #2963, $ ) ;
ENDSEC;
END-ISO-10303-21;
