ISO-10303-21;
HEADER;
FILE_DESCRIPTION (( 'STEP AP214' ),
    '1' );
FILE_NAME ('XFL4020-222MEC.STEP',
    '2021-06-12T07:08:00',
    ( '' ),
    ( '' ),
    'SwSTEP 2.0',
    'SolidWorks 2018',
    '' );
FILE_SCHEMA (( 'AUTOMOTIVE_DESIGN' ));
ENDSEC;

DATA;
#1 = SURFACE_SIDE_STYLE ('',( #6441 ) ) ;
#2 = CARTESIAN_POINT ( 'NONE',  ( -0.006755977193804768924, 1.024999999999999689, 0.8366587838276429157 ) ) ;
#3 = ORIENTED_EDGE ( 'NONE', *, *, #699, .T. ) ;
#4 = ORIENTED_EDGE ( 'NONE', *, *, #5767, .F. ) ;
#5 =( LENGTH_UNIT ( ) NAMED_UNIT ( * ) SI_UNIT ( .MILLI., .METRE. ) );
#6 = EDGE_CURVE ( 'NONE', #298, #3087, #5094, .T. ) ;
#7 =( NAMED_UNIT ( * ) SI_UNIT ( $, .STERADIAN. ) SOLID_ANGLE_UNIT ( ) );
#8 = CARTESIAN_POINT ( 'NONE',  ( 0.7126393670829229698, 1.025000000000000133, -0.3732416529636379821 ) ) ;
#9 = FACE_OUTER_BOUND ( 'NONE', #2565, .T. ) ;
#10 = CARTESIAN_POINT ( 'NONE',  ( -0.7649954426006994046, 1.024999999999999911, -0.08212192723225118784 ) ) ;
#11 = ORIENTED_EDGE ( 'NONE', *, *, #6478, .T. ) ;
#12 = CARTESIAN_POINT ( 'NONE',  ( 0.2826923076923082423, 1.034999999999999920, -0.9798677884615384359 ) ) ;
#13 = CARTESIAN_POINT ( 'NONE',  ( 0.03559298597325188940, 1.025000000000000133, 1.245493178173427529 ) ) ;
#14 = AXIS2_PLACEMENT_3D ( 'NONE', #842, #3367, #360 ) ;
#15 =( NAMED_UNIT ( * ) SI_UNIT ( $, .STERADIAN. ) SOLID_ANGLE_UNIT ( ) );
#16 = CARTESIAN_POINT ( 'NONE',  ( -0.2500000000000001110, 1.034999999999999920, 0.9615384615384620082 ) ) ;
#17 = EDGE_CURVE ( 'NONE', #4451, #2873, #3726, .T. ) ;
#18 = ADVANCED_FACE ( 'NONE', ( #4860 ), #6459, .T. ) ;
#19 = DIRECTION ( 'NONE',  ( -0.000000000000000000, -1.000000000000000000, -0.000000000000000000 ) ) ;
#20 = CARTESIAN_POINT ( 'NONE',  ( 0.3273737980769230727, 1.034999999999999920, 1.433293269230769384 ) ) ;
#21 = ORIENTED_EDGE ( 'NONE', *, *, #6212, .F. ) ;
#22 = CARTESIAN_POINT ( 'NONE',  ( -0.5829476781887755754, 1.025000000000000133, 1.280269342272169819 ) ) ;
#23 = CARTESIAN_POINT ( 'NONE',  ( 0.1156682925324087202, 1.024999999999999911, 0.9106923435533438305 ) ) ;
#24 = CARTESIAN_POINT ( 'NONE',  ( -0.1235576923076918271, 1.035000000000000142, -1.129507211538461675 ) ) ;
#25 = ORIENTED_EDGE ( 'NONE', *, *, #5853, .F. ) ;
#26 = PRESENTATION_STYLE_ASSIGNMENT (( #2628 ) ) ;
#27 = ORIENTED_EDGE ( 'NONE', *, *, #5223, .T. ) ;
#28 = ORIENTED_EDGE ( 'NONE', *, *, #528, .F. ) ;
#29 =( NAMED_UNIT ( * ) SI_UNIT ( $, .STERADIAN. ) SOLID_ANGLE_UNIT ( ) );
#30 = CARTESIAN_POINT ( 'NONE',  ( 1.849999999999999645, 1.024999999999999911, -1.850000000000000977 ) ) ;
#31 = CARTESIAN_POINT ( 'NONE',  ( 0.2155848171870991814, 1.025000000000000355, -0.8781255115052709614 ) ) ;
#32 = ORIENTED_EDGE ( 'NONE', *, *, #2471, .F. ) ;
#33 = UNCERTAINTY_MEASURE_WITH_UNIT (LENGTH_MEASURE( 1.000000000000000082E-05 ), #5756, 'distance_accuracy_value', 'NONE');
#34 = EDGE_LOOP ( 'NONE', ( #3722, #4535, #4269, #3314 ) ) ;
#35 = LINE ( 'NONE', #3642, #110 ) ;
#36 = CARTESIAN_POINT ( 'NONE',  ( 0.6925913694554859390, 1.035000000000000142, 0.9106923435533436084 ) ) ;
#37 = VECTOR ( 'NONE', #1585, 1000.000000000000000 ) ;
#38 = CARTESIAN_POINT ( 'NONE',  ( 0.5226381356013578561, 1.024999999999999245, 1.320496778789089998 ) ) ;
#39 = SURFACE_STYLE_USAGE ( .BOTH. , #3054 ) ;
#40 = EDGE_LOOP ( 'NONE', ( #3560, #2786, #5248, #2225, #1840, #2890, #3151, #3246, #651, #3083, #2273, #4847, #1439 ) ) ;
#41 = B_SPLINE_SURFACE_WITH_KNOTS ( 'NONE', 3, 1, ( 
 ( #932, #778 ),
 ( #181, #5780 ),
 ( #5238, #207 ),
 ( #2765, #3789 ),
 ( #6280, #5761 ),
 ( #3284, #2723 ),
 ( #1768, #3768 ),
 ( #3709, #2203 ),
 ( #2785, #5309 ),
 ( #4821, #6251 ),
 ( #2280, #6205 ),
 ( #5806, #6228 ),
 ( #4802, #4779 ),
 ( #693, #3254 ),
 ( #4215, #228 ),
 ( #3228, #252 ),
 ( #6305, #2745 ),
 ( #756, #2187 ),
 ( #5721, #3207 ) ),
 .UNSPECIFIED., .F., .F., .F.,
 ( 4, 1, 1, 1, 1, 1, 1, 1, 1, 1, 1, 1, 1, 1, 1, 1, 4 ),
 ( 2, 2 ),
 ( 0.000000000000000000, 0.07471189030450103852, 0.1455392023749084995, 0.2133390572509725469, 0.2786150735384709809, 0.3420941969414982298, 0.4038900759591955714, 0.4650633525655206157, 0.5265767363834864545, 0.5873283340287679399, 0.6463804557031437303, 0.7043453083753261623, 0.7616719489990788627, 0.8194178590468652601, 0.8780393997816821061, 0.9377955090070549948, 1.000000000000000000 ),
 ( 0.000000000000000000, 1.000000000000000000 ),
 .UNSPECIFIED. ) ;
#42 = CARTESIAN_POINT ( 'NONE',  ( 0.05554118820495588388, 1.025000000000000133, 0.8499915930093845384 ) ) ;
#43 = FACE_OUTER_BOUND ( 'NONE', #5022, .T. ) ;
#44 = SURFACE_STYLE_FILL_AREA ( #2793 ) ;
#45 = MECHANICAL_DESIGN_GEOMETRIC_PRESENTATION_REPRESENTATION (  '', ( #4910 ), #5586 ) ;
#46 = STYLED_ITEM ( 'NONE', ( #5172 ), #6091 ) ;
#47 = CARTESIAN_POINT ( 'NONE',  ( -0.7247408575763278904, 1.025000000000000133, 0.1240900372869518653 ) ) ;
#48 = CARTESIAN_POINT ( 'NONE',  ( -0.3363150999152985099, 1.025000000000000133, 0.1921610990765486304 ) ) ;
#49 = PLANE ( 'NONE',  #3960 ) ;
#50 = CARTESIAN_POINT ( 'NONE',  ( -0.01693200486031759197, 1.024999999999999911, 0.8366581879303760516 ) ) ;
#51 = CARTESIAN_POINT ( 'NONE',  ( 0.3612907688776517690, 1.034999999999999920, -1.259698088810414784 ) ) ;
#52 = FACE_OUTER_BOUND ( 'NONE', #2482, .T. ) ;
#53 = LINE ( 'NONE', #71, #3915 ) ;
#54 = CARTESIAN_POINT ( 'NONE',  ( 0.3025240384615390798, 1.024999999999999911, -0.7884615384615384359 ) ) ;
#55 = B_SPLINE_SURFACE_WITH_KNOTS ( 'NONE', 3, 1, ( 
 ( #5096, #3214 ),
 ( #5247, #1712 ),
 ( #5201, #124 ),
 ( #4724, #4690 ),
 ( #3699, #1199 ),
 ( #2668, #5686 ),
 ( #2235, #4176 ),
 ( #2173, #4224 ),
 ( #676, #6214 ),
 ( #3627, #1681 ),
 ( #2689, #4741 ),
 ( #4248, #1661 ),
 ( #1179, #6193 ),
 ( #5225, #6145 ),
 ( #1157, #5704 ),
 ( #623, #192 ),
 ( #3172, #5770 ),
 ( #1638, #701 ),
 ( #167, #2190 ) ),
 .UNSPECIFIED., .F., .F., .F.,
 ( 4, 1, 1, 1, 1, 1, 1, 1, 1, 1, 1, 1, 1, 1, 1, 1, 4 ),
 ( 2, 2 ),
 ( 0.000000000000000000, 0.07471189030450135771, 0.1455392023749086383, 0.2133390572509725469, 0.2786150735384710919, 0.3420941969414981743, 0.4038900759591956824, 0.4650633525655207268, 0.5265767363834863435, 0.5873283340287679399, 0.6463804557031436193, 0.7043453083753261623, 0.7616719489990788627, 0.8194178590468652601, 0.8780393997816821061, 0.9377955090070549948, 1.000000000000000000 ),
 ( 0.000000000000000000, 1.000000000000000000 ),
 .UNSPECIFIED. ) ;
#56 = CARTESIAN_POINT ( 'NONE',  ( 0.4468931764755779690, 1.024999999999999911, 1.395641797569606934 ) ) ;
#57 = EDGE_CURVE ( 'NONE', #193, #5490, #2686, .T. ) ;
#58 = DIRECTION ( 'NONE',  ( 0.000000000000000000, 0.000000000000000000, 1.000000000000000000 ) ) ;
#59 = VERTEX_POINT ( 'NONE', #2351 ) ;
#60 = ADVANCED_FACE ( 'NONE', ( #6018 ), #2837, .F. ) ;
#61 = CARTESIAN_POINT ( 'NONE',  ( -0.5739758671648274024, 1.034999999999999920, 0.8368940373264448507 ) ) ;
#62 = B_SPLINE_CURVE_WITH_KNOTS ( 'NONE', 3,
 ( #3237, #5279, #3315, #4227, #2732, #1258, #3758, #218, #3725, #720, #4251 ),
 .UNSPECIFIED., .F., .F.,
 ( 4, 1, 1, 1, 1, 1, 1, 1, 4 ),
 ( 0.000000000000000000, 0.1171740342864737716, 0.2417654799937159205, 0.3710161078446976290, 0.5008421377049936396, 0.6310231612783387956, 0.7592138442397812215, 0.8831154682939466039, 1.000000000000000000 ),
 .UNSPECIFIED. ) ;
#63 = CARTESIAN_POINT ( 'NONE',  ( -0.5739758671648274024, 1.034999999999999920, 0.8368940373264448507 ) ) ;
#64 = CARTESIAN_POINT ( 'NONE',  ( -0.6918213401987398647, 1.024999999999999911, 0.8721003435082629318 ) ) ;
#65 = CARTESIAN_POINT ( 'NONE',  ( 0.3929687500000005329, 1.034999999999999920, -0.8335336538461538547 ) ) ;
#66 = UNCERTAINTY_MEASURE_WITH_UNIT (LENGTH_MEASURE( 1.000000000000000082E-05 ), #4154, 'distance_accuracy_value', 'NONE');
#67 = CARTESIAN_POINT ( 'NONE',  ( -0.08656011123766355064, 1.025000000000000133, 1.348635032081523910 ) ) ;
#68 = CARTESIAN_POINT ( 'NONE',  ( -0.5820100102219785132, 1.024999999999999689, 0.01254943713729734199 ) ) ;
#69 = CARTESIAN_POINT ( 'NONE',  ( -0.1400841346153841038, 1.034999999999999920, -0.9344951923076924016 ) ) ;
#70 = CARTESIAN_POINT ( 'NONE',  ( -0.1148982632756631039, 1.025000000000000133, 0.8721003435082631539 ) ) ;
#71 = CARTESIAN_POINT ( 'NONE',  ( -1.499999999999996891, 1.034999999999999920, -1.550000000000000711 ) ) ;
#72 = CARTESIAN_POINT ( 'NONE',  ( -0.8346377511422808926, 1.025000000000000133, 1.466000064178921702 ) ) ;
#73 = B_SPLINE_SURFACE_WITH_KNOTS ( 'NONE', 3, 1, ( 
 ( #5884, #350 ),
 ( #2891, #2336 ),
 ( #1905, #2923 ),
 ( #6402, #6366 ),
 ( #5457, #5922 ),
 ( #859, #4394 ),
 ( #6454, #3423 ),
 ( #331, #4896 ),
 ( #1364, #4416 ),
 ( #4918, #2910 ),
 ( #6429, #3446 ) ),
 .UNSPECIFIED., .F., .F., .F.,
 ( 4, 1, 1, 1, 1, 1, 1, 1, 4 ),
 ( 2, 2 ),
 ( 0.000000000000000000, 0.1390472363260269462, 0.2672817901977418975, 0.3883655965705407609, 0.5081835141449939641, 0.6286263012378519033, 0.7487570598606410055, 0.8695887494414636931, 1.000000000000000000 ),
 ( 0.000000000000000000, 1.000000000000000000 ),
 .UNSPECIFIED. ) ;
#74 =( NAMED_UNIT ( * ) SI_UNIT ( $, .STERADIAN. ) SOLID_ANGLE_UNIT ( ) );
#75 =( GEOMETRIC_REPRESENTATION_CONTEXT ( 3 ) GLOBAL_UNCERTAINTY_ASSIGNED_CONTEXT ( ( #4850 ) ) GLOBAL_UNIT_ASSIGNED_CONTEXT ( ( #1356, #4823, #3811 ) ) REPRESENTATION_CONTEXT ( 'NONE', 'WORKASPACE' ) );
#76 = CARTESIAN_POINT ( 'NONE',  ( -0.5608621531985421571, 1.034999999999999698, 0.07006620613971947797 ) ) ;
#77 = CARTESIAN_POINT ( 'NONE',  ( 0.2160440078270891850, 1.024999999999999689, -0.8839159174884698711 ) ) ;
#78 = CARTESIAN_POINT ( 'NONE',  ( 0.5371149441797241630, 1.034999999999999920, 1.308609899621552941 ) ) ;
#79 = CARTESIAN_POINT ( 'NONE',  ( -0.4993689513519660728, 1.024999999999999467, 0.8631895418681121424 ) ) ;
#80 = CARTESIAN_POINT ( 'NONE',  ( 0.8280408709267160772, 1.024999999999999911, -0.3240397907080368456 ) ) ;
#81 = STYLED_ITEM ( 'NONE', ( #4862 ), #4239 ) ;
#82 = ORIENTED_EDGE ( 'NONE', *, *, #786, .T. ) ;
#83 = CARTESIAN_POINT ( 'NONE',  ( -0.01171875000000011796, 1.024999999999999911, 0.8365384615384620082 ) ) ;
#84 = CARTESIAN_POINT ( 'NONE',  ( 0.1246845277369785371, 1.025000000000000133, 0.9708214919927359299 ) ) ;
#85 =( GEOMETRIC_REPRESENTATION_CONTEXT ( 3 ) GLOBAL_UNCERTAINTY_ASSIGNED_CONTEXT ( ( #2376 ) ) GLOBAL_UNIT_ASSIGNED_CONTEXT ( ( #3302, #2276, #2312 ) ) REPRESENTATION_CONTEXT ( 'NONE', 'WORKASPACE' ) );
#86 = CARTESIAN_POINT ( 'NONE',  ( 0.6123197115384620970, 1.024999999999999689, -0.2848557692307692180 ) ) ;
#87 = EDGE_LOOP ( 'NONE', ( #2129, #2949, #5929, #902 ) ) ;
#88 = CARTESIAN_POINT ( 'NONE',  ( 0.3929687500000005329, 1.034999999999999920, -0.8335336538461538547 ) ) ;
#89 = CARTESIAN_POINT ( 'NONE',  ( 0.5652043269230768718, 1.034999999999999920, 0.8365384615384617861 ) ) ;
#90 = CARTESIAN_POINT ( 'NONE',  ( 0.7886984142923576524, 1.035000000000000364, 1.023495007546663116 ) ) ;
#91 = EDGE_CURVE ( 'NONE', #2246, #2559, #4302, .T. ) ;
#92 = CARTESIAN_POINT ( 'NONE',  ( -0.6253130222748592981, 1.034999999999999920, 1.195738238068861925 ) ) ;
#93 =( LENGTH_UNIT ( ) NAMED_UNIT ( * ) SI_UNIT ( .MILLI., .METRE. ) );
#94 = DIRECTION ( 'NONE',  ( -0.000000000000000000, -1.000000000000000000, -0.000000000000000000 ) ) ;
#95 = CARTESIAN_POINT ( 'NONE',  ( -0.1780739279415826659, 1.034999999999999920, 0.8038894595579944014 ) ) ;
#96 = ORIENTED_EDGE ( 'NONE', *, *, #5442, .F. ) ;
#97 = CARTESIAN_POINT ( 'NONE',  ( -0.6545623183782736110, 1.034999999999999920, 1.340513759941373451 ) ) ;
#98 = MECHANICAL_DESIGN_GEOMETRIC_PRESENTATION_REPRESENTATION (  '', ( #2428 ), #1913 ) ;
#99 = EDGE_CURVE ( 'NONE', #6354, #5539, #3263, .T. ) ;
#100 = CARTESIAN_POINT ( 'NONE',  ( 0.8280408709267160772, 1.034999999999999920, -0.3240397907080368456 ) ) ;
#101 = B_SPLINE_SURFACE_WITH_KNOTS ( 'NONE', 3, 1, ( 
 ( #6175, #86 ),
 ( #151, #1086 ),
 ( #5189, #174 ),
 ( #5232, #4730 ),
 ( #3662, #656 ),
 ( #1163, #1667 ),
 ( #5672, #2649 ),
 ( #5206, #3592 ),
 ( #2177, #5710 ),
 ( #5138, #2104 ),
 ( #5652, #2693 ) ),
 .UNSPECIFIED., .F., .F., .F.,
 ( 4, 1, 1, 1, 1, 1, 1, 1, 4 ),
 ( 2, 2 ),
 ( 0.000000000000000000, 0.1201183289450753061, 0.2482225052471394300, 0.3810992229538414655, 0.5122697488837058000, 0.6434402748135702454, 0.7704589569847414277, 0.8917409525509431001, 1.000000000000000000 ),
 ( 0.000000000000000000, 1.000000000000000000 ),
 .UNSPECIFIED. ) ;
#102 = CARTESIAN_POINT ( 'NONE',  ( -0.5638521634615384359, 1.034999999999999920, 1.264723557692307931 ) ) ;
#103 = EDGE_CURVE ( 'NONE', #2460, #2968, #2415, .T. ) ;
#104 = VERTEX_POINT ( 'NONE', #4643 ) ;
#105 = CARTESIAN_POINT ( 'NONE',  ( 0.5768030531107145586, 1.035000000000000142, -0.07437058000244567424 ) ) ;
#106 = CARTESIAN_POINT ( 'NONE',  ( 0.4253353384381411417, 1.024999999999999689, 0.9414258259068326584 ) ) ;
#107 = VERTEX_POINT ( 'NONE', #5701 ) ;
#108 = CARTESIAN_POINT ( 'NONE',  ( 0.6626427731117336961, 1.024999999999999911, 0.7644335898809585528 ) ) ;
#109 = CARTESIAN_POINT ( 'NONE',  ( 0.7138839189947766561, 1.024999999999999245, 1.149153048603419824 ) ) ;
#110 = VECTOR ( 'NONE', #5636, 1000.000000000000000 ) ;
#111 = SURFACE_STYLE_FILL_AREA ( #4625 ) ;
#112 = ORIENTED_EDGE ( 'NONE', *, *, #1444, .F. ) ;
#113 =( LENGTH_UNIT ( ) NAMED_UNIT ( * ) SI_UNIT ( .MILLI., .METRE. ) );
#114 = B_SPLINE_SURFACE_WITH_KNOTS ( 'NONE', 3, 1, ( 
 ( #4746, #5908 ),
 ( #2896, #2362 ),
 ( #5352, #901 ),
 ( #6405, #3318 ),
 ( #384, #5887 ),
 ( #1348, #5841 ),
 ( #4855, #2829 ),
 ( #2310, #357 ),
 ( #3384, #4420 ),
 ( #3365, #4922 ),
 ( #4881, #3868 ) ),
 .UNSPECIFIED., .F., .F., .F.,
 ( 4, 1, 1, 1, 1, 1, 1, 1, 4 ),
 ( 2, 2 ),
 ( 0.000000000000000000, 0.1264630745233724651, 0.2522466205712358134, 0.3779551316873580591, 0.5025970568683888473, 0.6268928064531410493, 0.7507601890909383346, 0.8748330682497765798, 1.000000000000000000 ),
 ( 0.000000000000000000, 1.000000000000000000 ),
 .UNSPECIFIED. ) ;
#115 = CARTESIAN_POINT ( 'NONE',  ( -0.1400841346153841038, 1.024999999999999911, -0.9344951923076924016 ) ) ;
#116 = ORIENTED_EDGE ( 'NONE', *, *, #5767, .T. ) ;
#117 =( NAMED_UNIT ( * ) PLANE_ANGLE_UNIT ( ) SI_UNIT ( $, .RADIAN. ) );
#118 = CARTESIAN_POINT ( 'NONE',  ( -0.2423351168709556303, 1.034999999999999920, 0.9132441222960763216 ) ) ;
#119 = VERTEX_POINT ( 'NONE', #1357 ) ;
#120 = ADVANCED_FACE ( 'NONE', ( #3424 ), #6423, .T. ) ;
#121 = VECTOR ( 'NONE', #1264, 1000.000000000000000 ) ;
#122 = CARTESIAN_POINT ( 'NONE',  ( -0.6634831881607404780, 1.024999999999999467, 1.348635032081523466 ) ) ;
#123 = SURFACE_STYLE_FILL_AREA ( #1606 ) ;
#124 = CARTESIAN_POINT ( 'NONE',  ( 0.5928747511549730120, 1.024999999999999245, 0.7504378068874770769 ) ) ;
#125 = STYLED_ITEM ( 'NONE', ( #4343 ), #2231 ) ;
#126 = CARTESIAN_POINT ( 'NONE',  ( -0.009615384615384716532, 1.034999999999999920, 0.7500000000000004441 ) ) ;
#127 = B_SPLINE_SURFACE_WITH_KNOTS ( 'NONE', 3, 1, ( 
 ( #438, #3914 ),
 ( #4917, #3936 ),
 ( #1865, #920 ),
 ( #2375, #894 ),
 ( #3444, #4453 ),
 ( #5904, #2465 ),
 ( #3984, #5473 ),
 ( #3379, #4498 ),
 ( #4965, #2941 ),
 ( #956, #4895 ),
 ( #379, #3886 ),
 ( #876, #4415 ),
 ( #1387, #1885 ),
 ( #5439, #4432 ),
 ( #4940, #1904 ),
 ( #5936, #2571 ),
 ( #6042, #2009 ),
 ( #4532, #10 ),
 ( #6077, #5997 ) ),
 .UNSPECIFIED., .F., .F., .F.,
 ( 4, 1, 1, 1, 1, 1, 1, 1, 1, 1, 1, 1, 1, 1, 1, 1, 4 ),
 ( 2, 2 ),
 ( 0.000000000000000000, 0.07541074235512768009, 0.1456952511249711146, 0.2123277195071691104, 0.2754673904410226415, 0.3356803348357260131, 0.3938728512593092645, 0.4504082724225710321, 0.5064122581723792260, 0.5623952053057698075, 0.6190778960641074580, 0.6765748594119131987, 0.7366657794253098634, 0.7988335232934143937, 0.8633755859743769134, 0.9301357679502563203, 1.000000000000000000 ),
 ( 0.000000000000000000, 1.000000000000000000 ),
 .UNSPECIFIED. ) ;
#128 = CARTESIAN_POINT ( 'NONE',  ( -0.3557692307692307820, 1.034999999999999920, 0.9570312500000002220 ) ) ;
#129 = ORIENTED_EDGE ( 'NONE', *, *, #141, .T. ) ;
#130 = COLOUR_RGB ( '',1.000000000000000000, 1.000000000000000000, 1.000000000000000000 ) ;
#131 = CARTESIAN_POINT ( 'NONE',  ( -0.3242788461538456679, 1.024999999999999911, 0.1923076923076923184 ) ) ;
#132 = CARTESIAN_POINT ( 'NONE',  ( -0.4973557692307689071, 1.025000000000000133, -0.8061899038461539657 ) ) ;
#133 = CARTESIAN_POINT ( 'NONE',  ( 0.5530772984843815854, 1.035000000000000142, 1.295053357843855446 ) ) ;
#134 = CARTESIAN_POINT ( 'NONE',  ( 0.7979415460872331112, 1.024999999999999689, 0.9498072415089909848 ) ) ;
#135 = CARTESIAN_POINT ( 'NONE',  ( -0.8365384615384615641, 1.034999999999999920, 1.500000000000000222 ) ) ;
#136 = CARTESIAN_POINT ( 'NONE',  ( 0.2855155418569315651, 1.034999999999999920, -1.268854646174933931 ) ) ;
#137 = VERTEX_POINT ( 'NONE', #1200 ) ;
#138 = SURFACE_STYLE_FILL_AREA ( #6325 ) ;
#139 = CARTESIAN_POINT ( 'NONE',  ( 0.5673076923076922906, 1.034999999999999920, 0.7500000000000002220 ) ) ;
#140 = CARTESIAN_POINT ( 'NONE',  ( -0.8365384615384615641, 1.034999999999999920, 1.500000000000000222 ) ) ;
#141 = EDGE_CURVE ( 'NONE', #3414, #719, #5642, .T. ) ;
#142 = CARTESIAN_POINT ( 'NONE',  ( 0.7616677374667714107, 1.034999999999999920, -0.4187544018592314066 ) ) ;
#143 = CARTESIAN_POINT ( 'NONE',  ( -0.7210733881017117319, 1.024999999999999911, 1.277465502956919075 ) ) ;
#144 = CARTESIAN_POINT ( 'NONE',  ( -0.6942745351875394544, 1.034999999999999920, 1.378555665817289055 ) ) ;
#145 = B_SPLINE_CURVE_WITH_KNOTS ( 'NONE', 3,
 ( #20, #2056, #492, #5527, #548, #990, #4521, #5608, #3509, #511, #2587, #1046, #4567, #1493, #4036 ),
 .UNSPECIFIED., .F., .F.,
 ( 4, 1, 1, 1, 1, 1, 1, 1, 1, 1, 1, 1, 4 ),
 ( 0.000000000000000000, 0.1003881431397105894, 0.2044067930373087150, 0.3106860830942074214, 0.4221572938827999333, 0.4806854607703736071, 0.5432381544526684314, 0.6094995045645642540, 0.6795546087742240227, 0.7538412220511749862, 0.8316406764893861103, 0.9138127068095904804, 1.000000000000000000 ),
 .UNSPECIFIED. ) ;
#146 = CARTESIAN_POINT ( 'NONE',  ( 0.4253353384381411417, 1.034999999999999920, 0.9414258259068326584 ) ) ;
#147 = CARTESIAN_POINT ( 'NONE',  ( 0.01595167423189602571, 1.034999999999999920, 0.7504378068874776320 ) ) ;
#148 = CARTESIAN_POINT ( 'NONE',  ( -0.3951346843693947508, 1.034999999999999920, 1.090131206510948969 ) ) ;
#149 = CARTESIAN_POINT ( 'NONE',  ( -0.4504852350230372782, 1.025000000000000355, 0.1716493857199549722 ) ) ;
#150 = CARTESIAN_POINT ( 'NONE',  ( 0.7019230769230769829, 1.024999999999999911, 0.9579326923076925127 ) ) ;
#151 = CARTESIAN_POINT ( 'NONE',  ( 0.6203593329913960064, 1.034999999999999920, -0.2915349385491523559 ) ) ;
#152 = UNCERTAINTY_MEASURE_WITH_UNIT (LENGTH_MEASURE( 1.000000000000000082E-05 ), #5663, 'distance_accuracy_value', 'NONE');
#153 = ADVANCED_FACE ( 'NONE', ( #1696 ), #4364, .T. ) ;
#154 = CARTESIAN_POINT ( 'NONE',  ( 0.5599910720627593319, 1.024999999999999689, 0.8366581879303758296 ) ) ;
#155 = CARTESIAN_POINT ( 'NONE',  ( 0.6873853076905492854, 1.035000000000000142, 0.9000261689353129535 ) ) ;
#156 = CARTESIAN_POINT ( 'NONE',  ( -0.8264723557692307265, 1.024999999999999911, 1.433293269230769384 ) ) ;
#157 =( NAMED_UNIT ( * ) SI_UNIT ( $, .STERADIAN. ) SOLID_ANGLE_UNIT ( ) );
#158 = CARTESIAN_POINT ( 'NONE',  ( 0.2153846153846159794, 1.025000000000000133, -0.8756009615384615641 ) ) ;
#159 = CARTESIAN_POINT ( 'NONE',  ( -0.4677938280495980150, 1.034999999999999920, 1.023402570223235886 ) ) ;
#160 = PRESENTATION_LAYER_ASSIGNMENT (  '', '', ( #5285 ) ) ;
#161 = CARTESIAN_POINT ( 'NONE',  ( 0.4215144230769235500, 1.024999999999999911, -1.232271634615384581 ) ) ;
#162 = CARTESIAN_POINT ( 'NONE',  ( -0.4747223270034429676, 1.025000000000000133, 1.036833623450326813 ) ) ;
#163 =( NAMED_UNIT ( * ) SI_UNIT ( $, .STERADIAN. ) SOLID_ANGLE_UNIT ( ) );
#164 = ORIENTED_EDGE ( 'NONE', *, *, #6351, .F. ) ;
#165 = CARTESIAN_POINT ( 'NONE',  ( 0.8043269230769236611, 1.024999999999999689, -0.4615384615384615641 ) ) ;
#166 = PRESENTATION_STYLE_ASSIGNMENT (( #2128 ) ) ;
#167 = CARTESIAN_POINT ( 'NONE',  ( 0.7980769230769230171, 1.034999999999999920, 0.9570312500000002220 ) ) ;
#168 = PRESENTATION_LAYER_ASSIGNMENT (  '', '', ( #1594 ) ) ;
#169 = FILL_AREA_STYLE_COLOUR ( '', #368 ) ;
#170 = ORIENTED_EDGE ( 'NONE', *, *, #2018, .F. ) ;
#171 = CARTESIAN_POINT ( 'NONE',  ( 0.6352748099598589659, 1.024999999999999911, 1.094640769511485479 ) ) ;
#172 = CARTESIAN_POINT ( 'NONE',  ( -0.09784746123551664454, 1.024999999999999911, -0.9666695307625216005 ) ) ;
#173 = CARTESIAN_POINT ( 'NONE',  ( -0.4796274038461533773, 1.024999999999999467, -0.5255408653846154188 ) ) ;
#174 = CARTESIAN_POINT ( 'NONE',  ( 0.6369730754219823377, 1.024999999999999689, -0.3053373295392651787 ) ) ;
#175 = SURFACE_STYLE_USAGE ( .BOTH. , #1669 ) ;
#176 = CARTESIAN_POINT ( 'NONE',  ( 0.6925913694554859390, 1.035000000000000142, 0.9106923435533436084 ) ) ;
#177 = CARTESIAN_POINT ( 'NONE',  ( 0.7835722909579158069, 1.024999999999999911, -0.2616051572647334345 ) ) ;
#178 = CARTESIAN_POINT ( 'NONE',  ( 0.3149709885803871900, 1.024999999999999689, -1.107666567701245830 ) ) ;
#179 =( NAMED_UNIT ( * ) PLANE_ANGLE_UNIT ( ) SI_UNIT ( $, .RADIAN. ) );
#180 =( LENGTH_UNIT ( ) NAMED_UNIT ( * ) SI_UNIT ( .MILLI., .METRE. ) );
#181 = CARTESIAN_POINT ( 'NONE',  ( -0.0009427225515141211603, 1.034999999999999920, 0.7501485095022863980 ) ) ;
#182 = ORIENTED_EDGE ( 'NONE', *, *, #5357, .T. ) ;
#183 = CARTESIAN_POINT ( 'NONE',  ( -0.2500000000000001110, 1.034999999999999920, 0.9615384615384620082 ) ) ;
#184 = CARTESIAN_POINT ( 'NONE',  ( -0.3461538461538462008, 1.034999999999999920, 1.403846153846154188 ) ) ;
#185 = CARTESIAN_POINT ( 'NONE',  ( 0.5348747006388974157, 1.025000000000000133, 0.8385981092399692471 ) ) ;
#186 = CARTESIAN_POINT ( 'NONE',  ( -0.1928609403983695125, 1.034999999999999920, 0.8183052022479981868 ) ) ;
#187 = VERTEX_POINT ( 'NONE', #2174 ) ;
#188 = SURFACE_STYLE_USAGE ( .BOTH. , #621 ) ;
#189 = COLOUR_RGB ( '',1.000000000000000000, 1.000000000000000000, 1.000000000000000000 ) ;
#190 = ORIENTED_EDGE ( 'NONE', *, *, #2763, .T. ) ;
#191 = EDGE_CURVE ( 'NONE', #2719, #5073, #5497, .T. ) ;
#192 = CARTESIAN_POINT ( 'NONE',  ( 0.7944638946112254629, 1.024999999999999689, 0.9148849069587257077 ) ) ;
#193 = VERTEX_POINT ( 'NONE', #3216 ) ;
#194 = VERTEX_POINT ( 'NONE', #6044 ) ;
#195 = LINE ( 'NONE', #3733, #5420 ) ;
#196 = LINE ( 'NONE', #5598, #4062 ) ;
#197 = CARTESIAN_POINT ( 'NONE',  ( -0.01681074385713555303, 1.035000000000000142, 0.2822056425516642486 ) ) ;
#198 = CARTESIAN_POINT ( 'NONE',  ( -0.4872227032127436352, 1.034999999999999920, -0.5084503787613618986 ) ) ;
#199 = CARTESIAN_POINT ( 'NONE',  ( -0.2546906624815021281, 1.024999999999999911, 1.449348915395679116 ) ) ;
#200 = ORIENTED_EDGE ( 'NONE', *, *, #2591, .F. ) ;
#201 = FILL_AREA_STYLE_COLOUR ( '', #4978 ) ;
#202 = MECHANICAL_DESIGN_GEOMETRIC_PRESENTATION_REPRESENTATION (  '', ( #2133 ), #5657 ) ;
#203 = SURFACE_STYLE_FILL_AREA ( #3858 ) ;
#204 = SURFACE_STYLE_USAGE ( .BOTH. , #1167 ) ;
#205 = SURFACE_STYLE_FILL_AREA ( #3830 ) ;
#206 = CARTESIAN_POINT ( 'NONE',  ( -0.3905382497827223909, 1.025000000000000577, 0.8407290785386313248 ) ) ;
#207 = CARTESIAN_POINT ( 'NONE',  ( 0.01595167423189602571, 1.024999999999999689, 0.7504378068874776320 ) ) ;
#208 = CARTESIAN_POINT ( 'NONE',  ( -0.08253833628754228546, 1.034999999999999476, 0.7572851291288784648 ) ) ;
#209 =( LENGTH_UNIT ( ) NAMED_UNIT ( * ) SI_UNIT ( .MILLI., .METRE. ) );
#210 = AXIS2_PLACEMENT_3D ( 'NONE', #765, #3215, #2331 ) ;
#211 = DIRECTION ( 'NONE',  ( -0.000000000000000000, -1.000000000000000000, -0.000000000000000000 ) ) ;
#212 = EDGE_LOOP ( 'NONE', ( #3737, #3761, #2001, #2643 ) ) ;
#213 = CARTESIAN_POINT ( 'NONE',  ( 0.5348747006388974157, 1.035000000000000142, 0.8385981092399692471 ) ) ;
#214 = PRESENTATION_STYLE_ASSIGNMENT (( #1759 ) ) ;
#215 = FILL_AREA_STYLE ('',( #4848 ) ) ;
#216 = MECHANICAL_DESIGN_GEOMETRIC_PRESENTATION_REPRESENTATION (  '', ( #5078 ), #544 ) ;
#217 = CARTESIAN_POINT ( 'NONE',  ( 0.3025240384615390798, 1.024999999999999911, -0.7884615384615384359 ) ) ;
#218 = CARTESIAN_POINT ( 'NONE',  ( -0.2241533231784429425, 1.024999999999999689, -1.063631701879000024 ) ) ;
#219 = CARTESIAN_POINT ( 'NONE',  ( -0.7479005969255771991, 1.024999999999999911, 1.304503635857036992 ) ) ;
#220 = CARTESIAN_POINT ( 'NONE',  ( -0.5909971491421553980, 1.034999999999999920, -0.1441871441899060247 ) ) ;
#221 = CARTESIAN_POINT ( 'NONE',  ( -0.3242788461538456679, 1.024999999999999911, 0.1923076923076923184 ) ) ;
#222 = ADVANCED_FACE ( 'NONE', ( #3562 ), #4443, .T. ) ;
#223 = CARTESIAN_POINT ( 'NONE',  ( -0.1825227462300418046, 1.024999999999999911, 1.317561331180454154 ) ) ;
#224 = EDGE_CURVE ( 'NONE', #1214, #5793, #5015, .T. ) ;
#225 = B_SPLINE_SURFACE_WITH_KNOTS ( 'NONE', 3, 1, ( 
 ( #6370, #3385 ),
 ( #5888, #2869 ),
 ( #6385, #336 ),
 ( #1368, #2909 ),
 ( #78, #6153 ),
 ( #5074, #38 ),
 ( #807, #4828 ),
 ( #1818, #4289 ),
 ( #1229, #3755 ),
 ( #5318, #1274 ),
 ( #6263, #5771 ),
 ( #5366, #1734 ),
 ( #4249, #1257 ) ),
 .UNSPECIFIED., .F., .F., .F.,
 ( 4, 1, 1, 1, 1, 1, 1, 1, 1, 1, 4 ),
 ( 2, 2 ),
 ( 0.000000000000000000, 0.1241996726524872002, 0.2368296581100267917, 0.3394949853062829703, 0.4312535100312248071, 0.5114548721194182024, 0.5812230366234584222, 0.6404953748643703593, 0.6883082049320179419, 0.8503329734146882757, 1.000000000000000000 ),
 ( 0.000000000000000000, 1.000000000000000000 ),
 .UNSPECIFIED. ) ;
#226 = CARTESIAN_POINT ( 'NONE',  ( 0.6123197115384620970, 1.034999999999999920, -0.2848557692307692180 ) ) ;
#227 = EDGE_LOOP ( 'NONE', ( #502, #32, #3931, #3480 ) ) ;
#228 = CARTESIAN_POINT ( 'NONE',  ( 0.2128136817681038628, 1.024999999999999689, 0.8949845457384369984 ) ) ;
#229 = CARTESIAN_POINT ( 'NONE',  ( -0.5736950307298518403, 1.034999999999999920, -0.2539866503397323894 ) ) ;
#230 =( GEOMETRIC_REPRESENTATION_CONTEXT ( 3 ) GLOBAL_UNCERTAINTY_ASSIGNED_CONTEXT ( ( #1893 ) ) GLOBAL_UNIT_ASSIGNED_CONTEXT ( ( #4319, #4811, #5818 ) ) REPRESENTATION_CONTEXT ( 'NONE', 'WORKASPACE' ) );
#231 = DIRECTION ( 'NONE',  ( 0.000000000000000000, 0.000000000000000000, 1.000000000000000000 ) ) ;
#232 = CARTESIAN_POINT ( 'NONE',  ( 0.4111907834322256483, 1.024999999999999689, 0.05169397258592269701 ) ) ;
#233 = FILL_AREA_STYLE_COLOUR ( '', #1062 ) ;
#234 = EDGE_CURVE ( 'NONE', #1927, #2176, #4859, .T. ) ;
#235 = B_SPLINE_CURVE_WITH_KNOTS ( 'NONE', 3,
 ( #5629, #634, #3205, #6224, #3707, #2718, #706, #4234, #5259, #1185, #1210, #4750, #4732, #2220, #5739, #1718, #4208, #1695, #5234 ),
 .UNSPECIFIED., .F., .F.,
 ( 4, 1, 1, 1, 1, 1, 1, 1, 1, 1, 1, 1, 1, 1, 1, 1, 4 ),
 ( 0.000000000000000000, 0.06176215676807091798, 0.1211739926536290896, 0.1794214068253153771, 0.2368434346502752974, 0.2943217954133981462, 0.3531909627945247210, 0.4127207064163246897, 0.4745221507037176156, 0.5370567441421366661, 0.5995913375805559387, 0.6623669793543064399, 0.7252456446794923739, 0.7903164461250806738, 0.8577243009540929108, 0.9272319523784932072, 1.000000000000000000 ),
 .UNSPECIFIED. ) ;
#236 = CARTESIAN_POINT ( 'NONE',  ( -0.5865384615384614531, 1.024999999999999911, 0.7500000000000002220 ) ) ;
#237 = CARTESIAN_POINT ( 'NONE',  ( 0.07640875695867181683, 1.034999999999999920, 1.209179511122381756 ) ) ;
#238 = CARTESIAN_POINT ( 'NONE',  ( 0.3929687500000005329, 1.024999999999999911, -0.8335336538461538547 ) ) ;
#239 = CARTESIAN_POINT ( 'NONE',  ( 0.5419591253121749386, 1.024999999999999911, 0.7505253949516117462 ) ) ;
#240 = UNCERTAINTY_MEASURE_WITH_UNIT (LENGTH_MEASURE( 1.000000000000000082E-05 ), #665, 'distance_accuracy_value', 'NONE');
#241 = COLOUR_RGB ( '',1.000000000000000000, 1.000000000000000000, 1.000000000000000000 ) ;
#242 = FILL_AREA_STYLE ('',( #770 ) ) ;
#243 = DIRECTION ( 'NONE',  ( -1.000000000000000000, -2.644395542647571766E-16, 0.000000000000000000 ) ) ;
#244 = ORIENTED_EDGE ( 'NONE', *, *, #2688, .F. ) ;
#245 = CARTESIAN_POINT ( 'NONE',  ( -0.1148982632756631039, 1.035000000000000142, 0.8721003435082631539 ) ) ;
#246 = CARTESIAN_POINT ( 'NONE',  ( -0.4912033807344199365, 1.034999999999999920, 0.7644335898809586638 ) ) ;
#247 = CARTESIAN_POINT ( 'NONE',  ( -0.07662259615384627021, 1.034999999999999920, 1.219501201923077538 ) ) ;
#248 = CARTESIAN_POINT ( 'NONE',  ( 0.2938315446458319991, 1.024999999999999689, -0.9909036396552924897 ) ) ;
#249 = CYLINDRICAL_SURFACE ( 'NONE', #2497, 0.1500000000000001887 ) ;
#250 = CARTESIAN_POINT ( 'NONE',  ( -0.3905382497827223909, 1.035000000000000586, 0.8407290785386313248 ) ) ;
#251 = ORIENTED_EDGE ( 'NONE', *, *, #6395, .F. ) ;
#252 = CARTESIAN_POINT ( 'NONE',  ( 0.2175408176881483413, 1.024999999999999911, 0.9148849069587258187 ) ) ;
#253 = CARTESIAN_POINT ( 'NONE',  ( 1.849999999999999645, -1.024999999999999911, 2.000000000000000000 ) ) ;
#254 = CARTESIAN_POINT ( 'NONE',  ( 0.3273737980769230727, 1.034999999999999920, 1.433293269230769384 ) ) ;
#255 = VECTOR ( 'NONE', #4638, 1000.000000000000000 ) ;
#256 = ADVANCED_FACE ( 'NONE', ( #1130 ), #4293, .T. ) ;
#257 = CARTESIAN_POINT ( 'NONE',  ( -0.7008814822784084075, 1.024999999999999911, 0.8814623108698969034 ) ) ;
#258 = CARTESIAN_POINT ( 'NONE',  ( -0.5363535510791684890, 1.024999999999999911, 0.7533978999952607447 ) ) ;
#259 = FILL_AREA_STYLE_COLOUR ( '', #2340 ) ;
#260 = CARTESIAN_POINT ( 'NONE',  ( 0.1369608420716999231, 1.024999999999999467, 1.149153048603420046 ) ) ;
#261 = STYLED_ITEM ( 'NONE', ( #2562 ), #6258 ) ;
#262 = CARTESIAN_POINT ( 'NONE',  ( 0.8043269230769236611, 1.034999999999999920, -0.4615384615384615641 ) ) ;
#263 = EDGE_LOOP ( 'NONE', ( #2513, #351, #1533, #5308 ) ) ;
#264 = CARTESIAN_POINT ( 'NONE',  ( 0.003478855374109763882, 1.034999999999999920, -1.027473186548486295 ) ) ;
#265 = CARTESIAN_POINT ( 'NONE',  ( -0.5909971491421553980, 1.024999999999999467, -0.1441871441899060247 ) ) ;
#266 = CARTESIAN_POINT ( 'NONE',  ( -1.850000000000000089, 1.024999999999999911, -1.850000000000000977 ) ) ;
#267 = FILL_AREA_STYLE ('',( #1487 ) ) ;
#268 = B_SPLINE_SURFACE_WITH_KNOTS ( 'NONE', 3, 1, ( 
 ( #3834, #2806 ),
 ( #5396, #775 ),
 ( #4349, #1285 ),
 ( #1333, #6328 ),
 ( #3805, #4861 ),
 ( #2782, #1827 ),
 ( #797, #2365 ),
 ( #4329, #5374 ),
 ( #6388, #4819 ),
 ( #1372, #1352 ),
 ( #4885, #6301 ),
 ( #3785, #2345 ),
 ( #5845, #5868 ),
 ( #2852, #1307 ),
 ( #6373, #865 ),
 ( #3346, #1810 ),
 ( #341, #4304 ),
 ( #3369, #1765 ),
 ( #364, #2278 ) ),
 .UNSPECIFIED., .F., .F., .F.,
 ( 4, 1, 1, 1, 1, 1, 1, 1, 1, 1, 1, 1, 1, 1, 1, 1, 4 ),
 ( 2, 2 ),
 ( 0.000000000000000000, 0.05794487546232589964, 0.1160176254256826689, 0.1748257843638406361, 0.2346830900793710206, 0.2968270303289142764, 0.3640613359637882573, 0.4361924240497391247, 0.5142601195414410187, 0.5569758971654885649, 0.6048559283836539846, 0.6576752010734879805, 0.7157505846619325318, 0.7788397991664557374, 0.8475011894738632146, 0.9212282309463235563, 1.000000000000000000 ),
 ( 0.000000000000000000, 1.000000000000000000 ),
 .UNSPECIFIED. ) ;
#269 = ORIENTED_EDGE ( 'NONE', *, *, #2544, .F. ) ;
#270 = CARTESIAN_POINT ( 'NONE',  ( -1.850000000000000089, 1.024999999999999911, -2.000000000000000888 ) ) ;
#271 = EDGE_CURVE ( 'NONE', #1189, #569, #3494, .T. ) ;
#272 = CARTESIAN_POINT ( 'NONE',  ( 0.5003004807692308376, 1.034999999999999920, 1.219501201923077316 ) ) ;
#273 = UNCERTAINTY_MEASURE_WITH_UNIT (LENGTH_MEASURE( 1.000000000000000082E-05 ), #93, 'distance_accuracy_value', 'NONE');
#274 = FILL_AREA_STYLE_COLOUR ( '', #543 ) ;
#275 = ORIENTED_EDGE ( 'NONE', *, *, #4974, .T. ) ;
#276 = CARTESIAN_POINT ( 'NONE',  ( -0.5886418269230768718, 1.024999999999999911, 0.8365384615384617861 ) ) ;
#277 = CARTESIAN_POINT ( 'NONE',  ( -0.7945177219948019731, 1.034999999999999920, 0.8517178425193885349 ) ) ;
#278 = CARTESIAN_POINT ( 'NONE',  ( 0.4449213746206823750, 1.024999999999999689, 0.8916546614439554430 ) ) ;
#279 = CARTESIAN_POINT ( 'NONE',  ( -1.850000000000000089, 1.024999999999999911, -2.000000000000000888 ) ) ;
#280 = FACE_OUTER_BOUND ( 'NONE', #5032, .T. ) ;
#281 = ORIENTED_EDGE ( 'NONE', *, *, #224, .T. ) ;
#282 = B_SPLINE_CURVE_WITH_KNOTS ( 'NONE', 3,
 ( #5789, #1864, #2442, #2888, #3935, #6364, #6400, #919, #1838, #5920, #5384, #2908, #3885 ),
 .UNSPECIFIED., .F., .F.,
 ( 4, 1, 1, 1, 1, 1, 1, 1, 1, 1, 4 ),
 ( 0.000000000000000000, 0.1241996726524872002, 0.2368296581100276799, 0.3394949853062822487, 0.4312535100312247516, 0.5114548721194183134, 0.5812230366234584222, 0.6404953748643703593, 0.6883082049320180529, 0.8503329734146882757, 1.000000000000000000 ),
 .UNSPECIFIED. ) ;
#283 = ORIENTED_EDGE ( 'NONE', *, *, #4844, .F. ) ;
#284 = FACE_OUTER_BOUND ( 'NONE', #5397, .T. ) ;
#285 = CIRCLE ( 'NONE', #1639, 0.1499999999999999667 ) ;
#286 = FILL_AREA_STYLE_COLOUR ( '', #2330 ) ;
#287 = CARTESIAN_POINT ( 'NONE',  ( 0.3647235576923080758, 1.034999999999999920, -1.085036057692307709 ) ) ;
#288 = CARTESIAN_POINT ( 'NONE',  ( 0.05883690797237183662, 1.024999999999999911, -1.055260754117563593 ) ) ;
#289 = DIRECTION ( 'NONE',  ( 0.9950371902099890420, 0.000000000000000000, 0.09950371902099883203 ) ) ;
#290 = CIRCLE ( 'NONE', #5762, 0.04999999999999991257 ) ;
#291 = CARTESIAN_POINT ( 'NONE',  ( -0.5537936130820210190, 1.034999999999999920, 1.130708011491501797 ) ) ;
#292 = CARTESIAN_POINT ( 'NONE',  ( -0.05620630045427086469, 1.035000000000000142, 0.8412040476659468080 ) ) ;
#293 = LINE ( 'NONE', #752, #1236 ) ;
#294 = CARTESIAN_POINT ( 'NONE',  ( 0.4854209920678782542, 1.024999999999999689, -0.1830055520264644575 ) ) ;
#295 = CARTESIAN_POINT ( 'NONE',  ( -0.1400985703205436250, 1.035000000000000142, -1.119468603191276168 ) ) ;
#296 = STYLED_ITEM ( 'NONE', ( #3987 ), #3632 ) ;
#297 = SURFACE_SIDE_STYLE ('',( #6440 ) ) ;
#298 = VERTEX_POINT ( 'NONE', #270 ) ;
#299 = PRESENTATION_STYLE_ASSIGNMENT (( #3463 ) ) ;
#300 = DIRECTION ( 'NONE',  ( 0.000000000000000000, 0.000000000000000000, 1.000000000000000000 ) ) ;
#301 = SURFACE_SIDE_STYLE ('',( #1057 ) ) ;
#302 =( LENGTH_UNIT ( ) NAMED_UNIT ( * ) SI_UNIT ( .MILLI., .METRE. ) );
#303 = DIRECTION ( 'NONE',  ( 1.000000000000000000, 0.000000000000000000, -7.228014483236697048E-17 ) ) ;
#304 = STYLED_ITEM ( 'NONE', ( #5021 ), #4184 ) ;
#305 =( GEOMETRIC_REPRESENTATION_CONTEXT ( 3 ) GLOBAL_UNCERTAINTY_ASSIGNED_CONTEXT ( ( #273 ) ) GLOBAL_UNIT_ASSIGNED_CONTEXT ( ( #93, #2112, #3620 ) ) REPRESENTATION_CONTEXT ( 'NONE', 'WORKASPACE' ) );
#306 = CARTESIAN_POINT ( 'NONE',  ( -0.7439828851384415742, 1.035000000000000142, -0.3009824786210819614 ) ) ;
#307 = CARTESIAN_POINT ( 'NONE',  ( 0.2205332345556180185, 1.034999999999999698, 0.9793131793324545420 ) ) ;
#308 = STYLED_ITEM ( 'NONE', ( #981 ), #1251 ) ;
#309 = CARTESIAN_POINT ( 'NONE',  ( -0.8045570349474158167, 1.024999999999999911, 0.8706527266382477759 ) ) ;
#310 = CARTESIAN_POINT ( 'NONE',  ( 0.5587376093845957126, 1.025000000000000133, 0.7501776304870997336 ) ) ;
#311 = CARTESIAN_POINT ( 'NONE',  ( -0.8036850919095607226, 1.025000000000000133, 1.380799805016254655 ) ) ;
#312 = CARTESIAN_POINT ( 'NONE',  ( 0.4408052884615384359, 1.034999999999999920, 1.403846153846154188 ) ) ;
#313 = DIRECTION ( 'NONE',  ( -0.000000000000000000, -1.000000000000000000, -0.000000000000000000 ) ) ;
#314 = CARTESIAN_POINT ( 'NONE',  ( -0.1536681768224490985, 1.034999999999999920, 0.9660415190853475220 ) ) ;
#315 = CARTESIAN_POINT ( 'NONE',  ( -0.1235576923076918271, 1.035000000000000364, -1.129507211538461675 ) ) ;
#316 = CARTESIAN_POINT ( 'NONE',  ( 0.5003004807692308376, 1.034999999999999920, 1.219501201923077316 ) ) ;
#317 = SURFACE_STYLE_USAGE ( .BOTH. , #297 ) ;
#318 = UNCERTAINTY_MEASURE_WITH_UNIT (LENGTH_MEASURE( 1.000000000000000082E-05 ), #4726, 'distance_accuracy_value', 'NONE');
#319 = CARTESIAN_POINT ( 'NONE',  ( 1.605000000000000204, -1.024999999999999467, 1.625000000000000000 ) ) ;
#320 = CARTESIAN_POINT ( 'NONE',  ( -0.1425305974246232066, 1.034999999999999698, 0.1673196915983768962 ) ) ;
#321 = CARTESIAN_POINT ( 'NONE',  ( 0.2307692307692306155, 1.024999999999999911, 1.403846153846154410 ) ) ;
#322 = CARTESIAN_POINT ( 'NONE',  ( 0.6712093538172856366, 1.024999999999999911, 1.192704292644374720 ) ) ;
#323 = EDGE_CURVE ( 'NONE', #6017, #4433, #1197, .T. ) ;
#324 =( LENGTH_UNIT ( ) NAMED_UNIT ( * ) SI_UNIT ( .MILLI., .METRE. ) );
#325 = CARTESIAN_POINT ( 'NONE',  ( 0.6708099671644118800, 1.035000000000000142, 1.050369067633049491 ) ) ;
#326 = B_SPLINE_CURVE_WITH_KNOTS ( 'NONE', 3,
 ( #4854, #3891, #2339, #2847, #2926, #6477, #5924 ),
 .UNSPECIFIED., .F., .F.,
 ( 4, 1, 1, 1, 4 ),
 ( 0.000000000000000000, 0.2802804073183726707, 0.5322082839513375685, 0.7701071987037836353, 1.000000000000000000 ),
 .UNSPECIFIED. ) ;
#327 = CARTESIAN_POINT ( 'NONE',  ( 0.4521246565727102262, 1.034999999999999920, 0.7708032052688806868 ) ) ;
#328 = CARTESIAN_POINT ( 'NONE',  ( 0.1245099311484084564, 1.024999999999999911, 1.162661105553342678 ) ) ;
#329 = CARTESIAN_POINT ( 'NONE',  ( 0.3573487925822035893, 1.034999999999999920, -1.089532582265993810 ) ) ;
#330 = PRESENTATION_STYLE_ASSIGNMENT (( #804 ) ) ;
#331 = CARTESIAN_POINT ( 'NONE',  ( 0.2205949598000909728, 1.035000000000000142, -0.8411998290986865134 ) ) ;
#332 = STYLED_ITEM ( 'NONE', ( #299 ), #3115 ) ;
#333 = CARTESIAN_POINT ( 'NONE',  ( 0.1194637465900133533, 1.035000000000000142, 0.9969243262400653283 ) ) ;
#334 = CARTESIAN_POINT ( 'NONE',  ( -0.1048791617787825647, 1.024999999999999689, 0.8636569804084183177 ) ) ;
#335 = CARTESIAN_POINT ( 'NONE',  ( 0.7980769230769230171, 1.034999999999999920, 0.9570312500000002220 ) ) ;
#336 = CARTESIAN_POINT ( 'NONE',  ( 0.5708984756573782793, 1.024999999999999245, 1.280269342272169819 ) ) ;
#337 = CARTESIAN_POINT ( 'NONE',  ( -0.1247728563804208352, 1.024999999999999689, 0.3173738862081202372 ) ) ;
#338 = FILL_AREA_STYLE ('',( #419 ) ) ;
#339 = B_SPLINE_SURFACE_WITH_KNOTS ( 'NONE', 3, 1, ( 
 ( #5452, #2419 ),
 ( #3861, #853 ),
 ( #4960, #4384 ),
 ( #2395, #2369 ),
 ( #4409, #413 ),
 ( #5901, #870 ),
 ( #2440, #4892 ),
 ( #3397, #1920 ),
 ( #1859, #4469 ),
 ( #373, #3906 ),
 ( #3439, #5402 ),
 ( #5468, #5916 ),
 ( #5955, #2883 ),
 ( #6396, #4911 ),
 ( #2921, #1880 ) ),
 .UNSPECIFIED., .F., .F., .F.,
 ( 4, 1, 1, 1, 1, 1, 1, 1, 1, 1, 1, 1, 4 ),
 ( 2, 2 ),
 ( 0.000000000000000000, 0.1003881431397105894, 0.2044067930373087150, 0.3106860830942074214, 0.4221572938827999333, 0.4806854607703736071, 0.5432381544526684314, 0.6094995045645642540, 0.6795546087742240227, 0.7538412220511749862, 0.8316406764893861103, 0.9138127068095904804, 1.000000000000000000 ),
 ( 0.000000000000000000, 1.000000000000000000 ),
 .UNSPECIFIED. ) ;
#340 = ORIENTED_EDGE ( 'NONE', *, *, #2151, .F. ) ;
#341 = CARTESIAN_POINT ( 'NONE',  ( -0.5413300909498250935, 1.035000000000000142, 1.245493178173427085 ) ) ;
#342 = CARTESIAN_POINT ( 'NONE',  ( -0.1441503111786348601, 1.024999999999999467, 1.277465502956919075 ) ) ;
#343 = CARTESIAN_POINT ( 'NONE',  ( -0.7017214972734435730, 1.034999999999999920, 0.7708032052688807978 ) ) ;
#344 = CARTESIAN_POINT ( 'NONE',  ( 0.6533318338817487581, 1.034999999999999698, 1.209179511122381312 ) ) ;
#345 = MECHANICAL_DESIGN_GEOMETRIC_PRESENTATION_REPRESENTATION (  '', ( #2143 ), #1937 ) ;
#346 = CARTESIAN_POINT ( 'NONE',  ( 0.6860523257965557287, 1.034999999999999920, 1.023402570223235664 ) ) ;
#347 = ORIENTED_EDGE ( 'NONE', *, *, #91, .F. ) ;
#348 = CARTESIAN_POINT ( 'NONE',  ( 0.3706770109938827829, 1.034999999999999920, 0.8340822251097768092 ) ) ;
#349 = PLANE ( 'NONE',  #4041 ) ;
#350 = CARTESIAN_POINT ( 'NONE',  ( 0.3025240384615390798, 1.024999999999999911, -0.7884615384615384359 ) ) ;
#351 = ORIENTED_EDGE ( 'NONE', *, *, #896, .F. ) ;
#352 = EDGE_CURVE ( 'NONE', #194, #2637, #3995, .T. ) ;
#353 = CARTESIAN_POINT ( 'NONE',  ( 0.1248956125333308687, 1.035000000000000142, 0.9621975019446509236 ) ) ;
#354 = ORIENTED_EDGE ( 'NONE', *, *, #5974, .T. ) ;
#355 = VERTEX_POINT ( 'NONE', #272 ) ;
#356 = DIRECTION ( 'NONE',  ( 1.000000000000000000, 0.000000000000000000, 0.000000000000000000 ) ) ;
#357 = CARTESIAN_POINT ( 'NONE',  ( -0.4147596292107220695, 1.024999999999999467, -0.6422062183519512413 ) ) ;
#358 = ORIENTED_EDGE ( 'NONE', *, *, #3859, .F. ) ;
#359 = FILL_AREA_STYLE_COLOUR ( '', #5804 ) ;
#360 = DIRECTION ( 'NONE',  ( 0.000000000000000000, 0.000000000000000000, -1.000000000000000000 ) ) ;
#361 = CARTESIAN_POINT ( 'NONE',  ( -0.2575560412400347277, 1.034999999999999920, 1.466193585245457287 ) ) ;
#362 = B_SPLINE_SURFACE_WITH_KNOTS ( 'NONE', 3, 1, ( 
 ( #2387, #426 ),
 ( #5912, #5930 ),
 ( #4422, #4951 ),
 ( #2433, #5944 ),
 ( #2930, #1428 ),
 ( #3388, #5421 ),
 ( #4972, #6460 ),
 ( #929, #2189 ),
 ( #1401, #4063 ),
 ( #6406, #5798 ),
 ( #4651, #6133 ),
 ( #3661, #655 ),
 ( #3612, #5205 ),
 ( #2127, #1644 ),
 ( #65, #6149 ) ),
 .UNSPECIFIED., .F., .F., .F.,
 ( 4, 1, 1, 1, 1, 1, 1, 1, 1, 1, 1, 1, 4 ),
 ( 2, 2 ),
 ( 0.000000000000000000, 0.03591997324286190507, 0.08120685519723139234, 0.1360147832088366426, 0.2010375103194009527, 0.3449822992729602023, 0.4991298974956019374, 0.6526645158108661526, 0.7986598545325869214, 0.8637593726083351298, 0.9189759817990864610, 0.9643592922044411653, 1.000000000000000000 ),
 ( 0.000000000000000000, 1.000000000000000000 ),
 .UNSPECIFIED. ) ;
#363 = ORIENTED_EDGE ( 'NONE', *, *, #5099, .T. ) ;
#364 = CARTESIAN_POINT ( 'NONE',  ( -0.5638521634615384359, 1.034999999999999920, 1.264723557692307931 ) ) ;
#365 = VECTOR ( 'NONE', #3159, 1000.000000000000000 ) ;
#366 = MECHANICAL_DESIGN_GEOMETRIC_PRESENTATION_REPRESENTATION (  '', ( #780 ), #3257 ) ;
#367 = CARTESIAN_POINT ( 'NONE',  ( -0.3561700332716895567, 1.034999999999999920, 0.9356435630111530344 ) ) ;
#368 = COLOUR_RGB ( '',1.000000000000000000, 1.000000000000000000, 1.000000000000000000 ) ;
#369 = FILL_AREA_STYLE ('',( #3809 ) ) ;
#370 = EDGE_CURVE ( 'NONE', #2246, #2954, #1102, .T. ) ;
#371 = CARTESIAN_POINT ( 'NONE',  ( 0.7138839189947766561, 1.024999999999999689, 1.149153048603419824 ) ) ;
#372 = COLOUR_RGB ( '',1.000000000000000000, 1.000000000000000000, 1.000000000000000000 ) ;
#373 = CARTESIAN_POINT ( 'NONE',  ( 0.4327727657444420672, 1.034999999999999920, 1.277465502956919075 ) ) ;
#374 = VECTOR ( 'NONE', #3326, 1000.000000000000000 ) ;
#375 = CARTESIAN_POINT ( 'NONE',  ( -0.4612547843906681377, 1.024999999999999911, 0.9106923435533432754 ) ) ;
#376 = CARTESIAN_POINT ( 'NONE',  ( 0.7944638946112254629, 1.035000000000000142, 0.9148849069587257077 ) ) ;
#377 = B_SPLINE_CURVE_WITH_KNOTS ( 'NONE', 3,
 ( #1205, #704, #2217, #3240, #5755, #2714, #4770 ),
 .UNSPECIFIED., .F., .F.,
 ( 4, 1, 1, 1, 4 ),
 ( 0.000000000000000000, 0.2343467883413798969, 0.4973277816769109960, 0.7593319102577504864, 1.000000000000000000 ),
 .UNSPECIFIED. ) ;
#378 = CARTESIAN_POINT ( 'NONE',  ( 0.3412806957652999573, 1.034999999999999920, 0.8912785242938491281 ) ) ;
#379 = CARTESIAN_POINT ( 'NONE',  ( -0.6849205315284643270, 1.035000000000000364, 0.1946866269890298318 ) ) ;
#380 = PRESENTATION_STYLE_ASSIGNMENT (( #317 ) ) ;
#381 = SURFACE_SIDE_STYLE ('',( #3664 ) ) ;
#382 = CARTESIAN_POINT ( 'NONE',  ( -0.4574593303330636296, 1.035000000000000142, 0.9969243262400651062 ) ) ;
#383 = CARTESIAN_POINT ( 'NONE',  ( -0.04204837628417965739, 1.035000000000000142, 0.8385981092399695802 ) ) ;
#384 = CARTESIAN_POINT ( 'NONE',  ( -0.2884295631976929175, 1.034999999999999476, -0.7970381332304498079 ) ) ;
#385 =( NAMED_UNIT ( * ) PLANE_ANGLE_UNIT ( ) SI_UNIT ( $, .RADIAN. ) );
#386 = CARTESIAN_POINT ( 'NONE',  ( 0.6459597251254767247, 1.034999999999999920, -0.1307696941625377529 ) ) ;
#387 = CARTESIAN_POINT ( 'NONE',  ( -0.4912033807344199365, 1.034999999999999920, 0.7644335898809586638 ) ) ;
#388 = CARTESIAN_POINT ( 'NONE',  ( 0.5186337150232300797, 1.034999999999999920, -1.044226880279282454 ) ) ;
#389 = MECHANICAL_DESIGN_GEOMETRIC_PRESENTATION_REPRESENTATION (  '', ( #5987 ), #6110 ) ;
#390 = CARTESIAN_POINT ( 'NONE',  ( -0.3557692307692307820, 1.034999999999999920, 0.9570312500000002220 ) ) ;
#391 = FILL_AREA_STYLE ('',( #4405 ) ) ;
#392 = CARTESIAN_POINT ( 'NONE',  ( 0.3273737980769230727, 1.034999999999999920, 1.433293269230769384 ) ) ;
#393 = STYLED_ITEM ( 'NONE', ( #994 ), #5590 ) ;
#394 =( GEOMETRIC_REPRESENTATION_CONTEXT ( 3 ) GLOBAL_UNCERTAINTY_ASSIGNED_CONTEXT ( ( #4268 ) ) GLOBAL_UNIT_ASSIGNED_CONTEXT ( ( #4023, #997, #7 ) ) REPRESENTATION_CONTEXT ( 'NONE', 'WORKASPACE' ) );
#395 = B_SPLINE_SURFACE_WITH_KNOTS ( 'NONE', 3, 1, ( 
 ( #3932, #3527 ),
 ( #5001, #494 ),
 ( #4549, #1999 ),
 ( #3458, #6486 ),
 ( #5548, #950 ),
 ( #4020, #23 ),
 ( #966, #4039 ),
 ( #4568, #3474 ),
 ( #2479, #1009 ),
 ( #460, #1478 ),
 ( #5487, #2977 ),
 ( #4524, #2523 ),
 ( #4002, #1496 ),
 ( #1518, #5045 ),
 ( #6037, #2023 ),
 ( #6508, #2458 ),
 ( #3013, #2504 ),
 ( #1958, #2 ),
 ( #4506, #5516 ) ),
 .UNSPECIFIED., .F., .F., .F.,
 ( 4, 1, 1, 1, 1, 1, 1, 1, 1, 1, 1, 1, 1, 1, 1, 1, 4 ),
 ( 2, 2 ),
 ( 0.000000000000000000, 0.06176215676807091798, 0.1211739926536290896, 0.1794214068253153771, 0.2368434346502752974, 0.2943217954133981462, 0.3531909627945247210, 0.4127207064163246897, 0.4745221507037176156, 0.5370567441421366661, 0.5995913375805559387, 0.6623669793543064399, 0.7252456446794923739, 0.7903164461250806738, 0.8577243009540929108, 0.9272319523784932072, 1.000000000000000000 ),
 ( 0.000000000000000000, 1.000000000000000000 ),
 .UNSPECIFIED. ) ;
#396 =( NAMED_UNIT ( * ) SI_UNIT ( $, .STERADIAN. ) SOLID_ANGLE_UNIT ( ) );
#397 = SURFACE_SIDE_STYLE ('',( #5880 ) ) ;
#398 = CARTESIAN_POINT ( 'NONE',  ( -0.6896756836715141059, 1.034999999999999920, 1.248891001546740709 ) ) ;
#399 = CARTESIAN_POINT ( 'NONE',  ( 0.8113069937680609245, 1.034999999999999920, -0.4575876180247832603 ) ) ;
#400 = SURFACE_STYLE_FILL_AREA ( #4212 ) ;
#401 = CARTESIAN_POINT ( 'NONE',  ( -0.08656011123766355064, 1.035000000000000142, 1.348635032081523910 ) ) ;
#402 = MECHANICAL_DESIGN_GEOMETRIC_PRESENTATION_REPRESENTATION (  '', ( #862 ), #1054 ) ;
#403 = CARTESIAN_POINT ( 'NONE',  ( 0.7850000000000001421, -1.075000000000000178, -1.574999999999998845 ) ) ;
#404 = CARTESIAN_POINT ( 'NONE',  ( -0.07081068470351595256, 1.024999999999999911, 0.3014995578893299166 ) ) ;
#405 = COLOUR_RGB ( '',1.000000000000000000, 1.000000000000000000, 1.000000000000000000 ) ;
#406 = EDGE_LOOP ( 'NONE', ( #2408, #269, #6336, #3094 ) ) ;
#407 = CARTESIAN_POINT ( 'NONE',  ( -0.2884295631976929175, 1.024999999999999467, -0.7970381332304498079 ) ) ;
#408 = CARTESIAN_POINT ( 'NONE',  ( 0.4148695579704183012, 1.024999999999999689, -0.1300981908182175240 ) ) ;
#409 = CARTESIAN_POINT ( 'NONE',  ( 0.2504346767130117279, 1.024999999999999911, -1.269029477025444441 ) ) ;
#410 = CARTESIAN_POINT ( 'NONE',  ( -0.5555546696689843689, 1.034999999999999698, -0.7305463340797554439 ) ) ;
#411 = CARTESIAN_POINT ( 'NONE',  ( 0.3647235576923080758, 1.034999999999999920, -1.085036057692307709 ) ) ;
#412 = SURFACE_SIDE_STYLE ('',( #835 ) ) ;
#413 = CARTESIAN_POINT ( 'NONE',  ( 0.3656008041491505267, 1.024999999999999689, 1.355140911848129015 ) ) ;
#414 = ORIENTED_EDGE ( 'NONE', *, *, #1951, .F. ) ;
#415 = CARTESIAN_POINT ( 'NONE',  ( 0.6352748099598589659, 1.034999999999999920, 1.094640769511485479 ) ) ;
#416 = B_SPLINE_CURVE_WITH_KNOTS ( 'NONE', 3,
 ( #2738, #1785, #6347, #2293, #2247, #2804, #5824, #3244, #1807, #245, #3802, #747, #5842, #2830, #3319, #3366, #5392, #314, #813 ),
 .UNSPECIFIED., .F., .F.,
 ( 4, 1, 1, 1, 1, 1, 1, 1, 1, 1, 1, 1, 1, 1, 1, 1, 4 ),
 ( 0.000000000000000000, 0.07069648334337649831, 0.1383582132030685141, 0.2033698682591697782, 0.2657002133402298072, 0.3272558681973764538, 0.3865123433292943500, 0.4458582974819495504, 0.5051731438069390068, 0.5637797628070204681, 0.6223430642934396628, 0.6808235796100192694, 0.7397951568104399467, 0.8008011629883833304, 0.8642394615769080080, 0.9306310981734532417, 0.9999999999999998890 ),
 .UNSPECIFIED. ) ;
#417 = CARTESIAN_POINT ( 'NONE',  ( 0.4725834916162958144, 1.034999999999999920, 0.7631169127271655306 ) ) ;
#418 = CARTESIAN_POINT ( 'NONE',  ( -0.7479005969255771991, 1.034999999999999920, 1.304503635857036992 ) ) ;
#419 = FILL_AREA_STYLE_COLOUR ( '', #3442 ) ;
#420 = PRESENTATION_LAYER_ASSIGNMENT (  '', '', ( #6372 ) ) ;
#421 = CARTESIAN_POINT ( 'NONE',  ( 0.1246845277369785371, 1.035000000000000142, 0.9708214919927359299 ) ) ;
#422 = CARTESIAN_POINT ( 'NONE',  ( 0.5652043269230768718, 1.034999999999999920, 0.8365384615384617861 ) ) ;
#423 = CARTESIAN_POINT ( 'NONE',  ( 0.5099508101729233189, 1.034999999999999920, 1.211378676326421155 ) ) ;
#424 = CARTESIAN_POINT ( 'NONE',  ( -0.5704213158161256514, 1.035000000000000142, 1.270071547984030103 ) ) ;
#425 = EDGE_LOOP ( 'NONE', ( #1399, #5338, #2792, #4522 ) ) ;
#426 = CARTESIAN_POINT ( 'NONE',  ( 0.5230769230769236611, 1.024999999999999689, -1.066406250000000000 ) ) ;
#427 =( GEOMETRIC_REPRESENTATION_CONTEXT ( 3 ) GLOBAL_UNCERTAINTY_ASSIGNED_CONTEXT ( ( #5619 ) ) GLOBAL_UNIT_ASSIGNED_CONTEXT ( ( #5083, #1463, #5978 ) ) REPRESENTATION_CONTEXT ( 'NONE', 'WORKASPACE' ) );
#428 = SURFACE_SIDE_STYLE ('',( #4307 ) ) ;
#429 = CARTESIAN_POINT ( 'NONE',  ( 0.5508732536577788386, 1.035000000000000142, -0.2345128082822559301 ) ) ;
#430 = CARTESIAN_POINT ( 'NONE',  ( 0.6807072769067453732, 1.024999999999999689, 0.8900286707375894002 ) ) ;
#431 = CARTESIAN_POINT ( 'NONE',  ( -0.7831691428522710163, 1.025000000000000133, 0.8340822251097764761 ) ) ;
#432 = ORIENTED_EDGE ( 'NONE', *, *, #1253, .F. ) ;
#433 = AXIS2_PLACEMENT_3D ( 'NONE', #4976, #1455, #6442 ) ;
#434 = PLANE ( 'NONE',  #4912 ) ;
#435 = VERTEX_POINT ( 'NONE', #5480 ) ;
#436 = COLOUR_RGB ( '',1.000000000000000000, 1.000000000000000000, 1.000000000000000000 ) ;
#437 = CARTESIAN_POINT ( 'NONE',  ( 0.4858491144879618084, 1.024999999999999911, -1.156702550493418302 ) ) ;
#438 = CARTESIAN_POINT ( 'NONE',  ( -0.3338942307692302491, 1.035000000000000142, 0.3461538461538462008 ) ) ;
#439 = UNCERTAINTY_MEASURE_WITH_UNIT (LENGTH_MEASURE( 1.000000000000000082E-05 ), #3578, 'distance_accuracy_value', 'NONE');
#440 = ORIENTED_EDGE ( 'NONE', *, *, #1142, .F. ) ;
#441 = CARTESIAN_POINT ( 'NONE',  ( 0.5924385426592720938, 1.035000000000000142, -0.2685671670392585364 ) ) ;
#442 = EDGE_CURVE ( 'NONE', #4383, #4140, #3430, .T. ) ;
#443 = PRESENTATION_STYLE_ASSIGNMENT (( #531 ) ) ;
#444 = CARTESIAN_POINT ( 'NONE',  ( 0.8163176086182266644, 1.034999999999999920, -0.3039265020748548873 ) ) ;
#445 = CARTESIAN_POINT ( 'NONE',  ( -0.1300299004474990694, 1.035000000000000142, 1.395641797569607379 ) ) ;
#446 = CARTESIAN_POINT ( 'NONE',  ( 0.6860523257965557287, 1.034999999999999920, 1.023402570223235664 ) ) ;
#447 =( NAMED_UNIT ( * ) SI_UNIT ( $, .STERADIAN. ) SOLID_ANGLE_UNIT ( ) );
#448 = FACE_BOUND ( 'NONE', #5064, .T. ) ;
#449 = UNCERTAINTY_MEASURE_WITH_UNIT (LENGTH_MEASURE( 1.000000000000000082E-05 ), #1349, 'distance_accuracy_value', 'NONE');
#450 = PRESENTATION_LAYER_ASSIGNMENT (  '', '', ( #5448 ) ) ;
#451 = EDGE_CURVE ( 'NONE', #1214, #5170, #290, .T. ) ;
#452 = CARTESIAN_POINT ( 'NONE',  ( -0.4796274038461533773, 1.034999999999999920, -0.5255408653846154188 ) ) ;
#453 = FILL_AREA_STYLE_COLOUR ( '', #4701 ) ;
#454 = APPLICATION_PROTOCOL_DEFINITION ( 'draft international standard', 'automotive_design', 1998, #5972 ) ;
#455 = CARTESIAN_POINT ( 'NONE',  ( -0.1179670287050066380, 1.035000000000000142, -1.132745265255430844 ) ) ;
#456 = EDGE_CURVE ( 'NONE', #5243, #5720, #3271, .T. ) ;
#457 = CARTESIAN_POINT ( 'NONE',  ( -0.7386460975405226836, 1.034999999999999920, 0.7911853970708486727 ) ) ;
#458 = CARTESIAN_POINT ( 'NONE',  ( 0.3635385003409744020, 1.034999999999999920, -1.082922609674822123 ) ) ;
#459 = ORIENTED_EDGE ( 'NONE', *, *, #1611, .F. ) ;
#460 = CARTESIAN_POINT ( 'NONE',  ( 0.08721449540433420800, 1.034999999999999698, 0.8715447404585627833 ) ) ;
#461 = CARTESIAN_POINT ( 'NONE',  ( 0.7016076046600554506, 1.024999999999999689, 0.9708214919927355968 ) ) ;
#462 = CARTESIAN_POINT ( 'NONE',  ( 0.3192084027038729621, 1.035000000000000142, 1.466000064178921702 ) ) ;
#463 = CARTESIAN_POINT ( 'NONE',  ( 0.5009169445973420398, 1.024999999999999911, -1.132838265016181678 ) ) ;
#464 = CARTESIAN_POINT ( 'NONE',  ( -0.7059367106789888879, 1.034999999999999920, 1.263398958623645596 ) ) ;
#465 = VERTEX_POINT ( 'NONE', #3050 ) ;
#466 = CARTESIAN_POINT ( 'NONE',  ( -0.7849999999999999201, -1.024999999999999911, 1.625000000000000000 ) ) ;
#467 = CARTESIAN_POINT ( 'NONE',  ( 0.6807072769067453732, 1.034999999999999698, 0.8900286707375894002 ) ) ;
#468 = CARTESIAN_POINT ( 'NONE',  ( -0.7242078780703772312, 1.024999999999999467, -0.3795226689951302634 ) ) ;
#469 = CARTESIAN_POINT ( 'NONE',  ( 0.006863659973813226491, 1.024999999999999911, -1.196497692296500936 ) ) ;
#470 =( GEOMETRIC_REPRESENTATION_CONTEXT ( 3 ) GLOBAL_UNCERTAINTY_ASSIGNED_CONTEXT ( ( #1412 ) ) GLOBAL_UNIT_ASSIGNED_CONTEXT ( ( #3974, #5952, #4839 ) ) REPRESENTATION_CONTEXT ( 'NONE', 'WORKASPACE' ) );
#471 = DIRECTION ( 'NONE',  ( 0.000000000000000000, 0.000000000000000000, 1.000000000000000000 ) ) ;
#472 = CARTESIAN_POINT ( 'NONE',  ( 0.6436831158791836982, 1.024999999999999689, 0.8562443421471485072 ) ) ;
#473 = CARTESIAN_POINT ( 'NONE',  ( -0.8269230769230769829, 1.024999999999999911, 0.9615384615384617861 ) ) ;
#474 =( NAMED_UNIT ( * ) SI_UNIT ( $, .STERADIAN. ) SOLID_ANGLE_UNIT ( ) );
#475 = CARTESIAN_POINT ( 'NONE',  ( -0.09517521297205010222, 1.034999999999999698, 1.234212003388962753 ) ) ;
#476 = CARTESIAN_POINT ( 'NONE',  ( 0.7019230769230769829, 1.024999999999999911, 0.9579326923076925127 ) ) ;
#477 = FACE_OUTER_BOUND ( 'NONE', #1212, .T. ) ;
#478 = FILL_AREA_STYLE_COLOUR ( '', #6020 ) ;
#479 = CARTESIAN_POINT ( 'NONE',  ( 0.4702497597294386655, 1.024999999999999911, -1.180198572257634027 ) ) ;
#480 = CARTESIAN_POINT ( 'NONE',  ( 0.3988491489814942614, 1.034999999999999698, 0.8038894595579940683 ) ) ;
#481 = CARTESIAN_POINT ( 'NONE',  ( -0.5886418269230768718, 1.034999999999999920, 0.8365384615384617861 ) ) ;
#482 = EDGE_CURVE ( 'NONE', #3968, #5229, #4309, .T. ) ;
#483 = VECTOR ( 'NONE', #1107, 1000.000000000000000 ) ;
#484 = CARTESIAN_POINT ( 'NONE',  ( 0.6076106976436539409, 1.035000000000000142, 0.8412721904612346924 ) ) ;
#485 = CARTESIAN_POINT ( 'NONE',  ( -0.6927154494785483507, 1.025000000000000133, -0.4721535821819479173 ) ) ;
#486 = CARTESIAN_POINT ( 'NONE',  ( -0.08712521564218052295, 1.025000000000000133, -1.149688886720175551 ) ) ;
#487 = EDGE_LOOP ( 'NONE', ( #5341, #340, #4723, #2165 ) ) ;
#488 = CARTESIAN_POINT ( 'NONE',  ( -0.4912033807344199365, 1.024999999999999911, 0.7644335898809586638 ) ) ;
#489 = PRESENTATION_STYLE_ASSIGNMENT (( #3080 ) ) ;
#490 = CARTESIAN_POINT ( 'NONE',  ( 0.7558993943418096384, 1.035000000000000364, -0.2316214222362033837 ) ) ;
#491 = CARTESIAN_POINT ( 'NONE',  ( 0.6641375723274111076, 1.024999999999999689, 0.8715447404585627833 ) ) ;
#492 = CARTESIAN_POINT ( 'NONE',  ( 0.3370346671733435717, 1.034999999999999920, 1.406614822300994438 ) ) ;
#493 =( NAMED_UNIT ( * ) PLANE_ANGLE_UNIT ( ) SI_UNIT ( $, .RADIAN. ) );
#494 = CARTESIAN_POINT ( 'NONE',  ( 0.1248955999743857903, 1.024999999999999911, 0.9537176434545550086 ) ) ;
#495 = CARTESIAN_POINT ( 'NONE',  ( 0.6963868235130904472, 1.025000000000000133, 0.9969243262400653283 ) ) ;
#496 = PLANE ( 'NONE',  #5588 ) ;
#497 = CARTESIAN_POINT ( 'NONE',  ( 0.3117942002809458990, 1.034999999999999698, -1.267440639392174884 ) ) ;
#498 = EDGE_LOOP ( 'NONE', ( #3486, #4851, #4593, #4627 ) ) ;
#499 = CARTESIAN_POINT ( 'NONE',  ( -0.4519230769230769829, 1.024999999999999911, 0.9579326923076926237 ) ) ;
#500 = CARTESIAN_POINT ( 'NONE',  ( 0.1252767565014969164, 1.024999999999999911, 0.7831533228634260935 ) ) ;
#501 = CARTESIAN_POINT ( 'NONE',  ( 0.8013403303447494963, 1.035000000000000142, -0.2830949145059511451 ) ) ;
#502 = ORIENTED_EDGE ( 'NONE', *, *, #4580, .F. ) ;
#503 = CARTESIAN_POINT ( 'NONE',  ( 0.5099508101729233189, 1.024999999999999911, 1.211378676326421155 ) ) ;
#504 = ORIENTED_EDGE ( 'NONE', *, *, #1198, .F. ) ;
#505 = ORIENTED_EDGE ( 'NONE', *, *, #5181, .T. ) ;
#506 = MECHANICAL_DESIGN_GEOMETRIC_PRESENTATION_REPRESENTATION (  '', ( #2418 ), #6376 ) ;
#507 =( GEOMETRIC_REPRESENTATION_CONTEXT ( 3 ) GLOBAL_UNCERTAINTY_ASSIGNED_CONTEXT ( ( #6409 ) ) GLOBAL_UNIT_ASSIGNED_CONTEXT ( ( #2510, #2980, #29 ) ) REPRESENTATION_CONTEXT ( 'NONE', 'WORKASPACE' ) );
#508 = CARTESIAN_POINT ( 'NONE',  ( -0.6599501028923885348, 1.024999999999999689, 0.2256499305191311811 ) ) ;
#509 = CARTESIAN_POINT ( 'NONE',  ( -0.3363150999152985099, 1.035000000000000364, 0.1921610990765486304 ) ) ;
#510 = VERTEX_POINT ( 'NONE', #2752 ) ;
#511 = CARTESIAN_POINT ( 'NONE',  ( 0.4327727657444420672, 1.034999999999999920, 1.277465502956919075 ) ) ;
#512 = CARTESIAN_POINT ( 'NONE',  ( -0.2512714134695545054, 1.034999999999999920, 1.438671195898516997 ) ) ;
#513 = UNCERTAINTY_MEASURE_WITH_UNIT (LENGTH_MEASURE( 1.000000000000000082E-05 ), #2858, 'distance_accuracy_value', 'NONE');
#514 = ORIENTED_EDGE ( 'NONE', *, *, #4572, .T. ) ;
#515 = ORIENTED_EDGE ( 'NONE', *, *, #5643, .F. ) ;
#516 = CARTESIAN_POINT ( 'NONE',  ( 0.7016076046600554506, 1.034999999999999698, 0.9708214919927355968 ) ) ;
#517 = PRESENTATION_STYLE_ASSIGNMENT (( #1416 ) ) ;
#518 = CARTESIAN_POINT ( 'NONE',  ( 0.3273737980769230727, 1.034999999999999920, 1.433293269230769384 ) ) ;
#519 = EDGE_CURVE ( 'NONE', #3161, #465, #6513, .T. ) ;
#520 = CARTESIAN_POINT ( 'NONE',  ( 0.2313020974749849246, 1.024999999999999245, -0.9172068903341110691 ) ) ;
#521 = FACE_OUTER_BOUND ( 'NONE', #3506, .T. ) ;
#522 = ADVANCED_FACE ( 'NONE', ( #983 ), #5947, .T. ) ;
#523 = CARTESIAN_POINT ( 'NONE',  ( 0.4215144230769235500, 1.034999999999999920, -1.232271634615384581 ) ) ;
#524 = FILL_AREA_STYLE_COLOUR ( '', #5039 ) ;
#525 = LINE ( 'NONE', #4734, #3040 ) ;
#526 = CARTESIAN_POINT ( 'NONE',  ( 0.1249999999999998890, 1.024999999999999911, 0.9579326923076927347 ) ) ;
#527 = VERTEX_POINT ( 'NONE', #2635 ) ;
#528 = EDGE_CURVE ( 'NONE', #5243, #1189, #6267, .T. ) ;
#529 = COLOUR_RGB ( '',1.000000000000000000, 1.000000000000000000, 1.000000000000000000 ) ;
#530 = CARTESIAN_POINT ( 'NONE',  ( -0.3516370337865993290, 1.025000000000000133, 0.3457236207892979141 ) ) ;
#531 = SURFACE_STYLE_USAGE ( .BOTH. , #5080 ) ;
#532 = CARTESIAN_POINT ( 'NONE',  ( -0.5951085444615579201, 1.034999999999999920, 0.7501776304870996226 ) ) ;
#533 = CARTESIAN_POINT ( 'NONE',  ( 0.7637620192307699174, 1.025000000000000133, -0.2397836538461539380 ) ) ;
#534 = FILL_AREA_STYLE ('',( #4493 ) ) ;
#535 = CARTESIAN_POINT ( 'NONE',  ( -0.06617652215147054595, 1.034999999999999920, -1.160870314755158672 ) ) ;
#536 = STYLED_ITEM ( 'NONE', ( #3112 ), #3145 ) ;
#537 = CARTESIAN_POINT ( 'NONE',  ( 0.5899939903846154188, 1.024999999999999689, 1.264723557692307931 ) ) ;
#538 = FILL_AREA_STYLE ('',( #575 ) ) ;
#539 =( LENGTH_UNIT ( ) NAMED_UNIT ( * ) SI_UNIT ( .MILLI., .METRE. ) );
#540 = CARTESIAN_POINT ( 'NONE',  ( -0.5597572789664123638, 1.024999999999999689, 0.8385928700513111123 ) ) ;
#541 = CARTESIAN_POINT ( 'NONE',  ( 0.8382453916543842753, 1.025000000000000355, -0.3426942379960157825 ) ) ;
#542 = MECHANICAL_DESIGN_GEOMETRIC_PRESENTATION_REPRESENTATION (  '', ( #81 ), #4825 ) ;
#543 = COLOUR_RGB ( '',1.000000000000000000, 1.000000000000000000, 1.000000000000000000 ) ;
#544 =( GEOMETRIC_REPRESENTATION_CONTEXT ( 3 ) GLOBAL_UNCERTAINTY_ASSIGNED_CONTEXT ( ( #3741 ) ) GLOBAL_UNIT_ASSIGNED_CONTEXT ( ( #1866, #5905, #3361 ) ) REPRESENTATION_CONTEXT ( 'NONE', 'WORKASPACE' ) );
#545 = FILL_AREA_STYLE_COLOUR ( '', #5472 ) ;
#546 = ADVANCED_FACE ( 'NONE', ( #1233 ), #2057, .T. ) ;
#547 = CARTESIAN_POINT ( 'NONE',  ( 0.3501566273940918683, 1.034999999999999920, -0.7995306153542193206 ) ) ;
#548 = CARTESIAN_POINT ( 'NONE',  ( 0.3656008041491505267, 1.034999999999999698, 1.355140911848129015 ) ) ;
#549 = CARTESIAN_POINT ( 'NONE',  ( 0.7974563114786952234, 1.024999999999999911, 0.9793131793324549861 ) ) ;
#550 = CIRCLE ( 'NONE', #2051, 0.04999999999999991257 ) ;
#551 = CARTESIAN_POINT ( 'NONE',  ( -0.7642343878807488222, 1.034999999999999920, -0.04998063394649490676 ) ) ;
#552 = ORIENTED_EDGE ( 'NONE', *, *, #3706, .F. ) ;
#553 = CARTESIAN_POINT ( 'NONE',  ( -0.8365685462712814102, 1.024999999999999689, 1.482875074157175455 ) ) ;
#554 = EDGE_CURVE ( 'NONE', #5014, #6346, #2811, .T. ) ;
#555 = FILL_AREA_STYLE_COLOUR ( '', #6343 ) ;
#556 = CARTESIAN_POINT ( 'NONE',  ( 0.7558993943418096384, 1.025000000000000133, -0.2316214222362033837 ) ) ;
#557 = CARTESIAN_POINT ( 'NONE',  ( 0.2521919065189246467, 1.034999999999999920, -0.9469047407815436301 ) ) ;
#558 = ORIENTED_EDGE ( 'NONE', *, *, #1561, .F. ) ;
#559 = CARTESIAN_POINT ( 'NONE',  ( -0.4522323041211668282, 1.024999999999999911, 0.9454479468394777486 ) ) ;
#560 = PRESENTATION_LAYER_ASSIGNMENT (  '', '', ( #2118 ) ) ;
#561 = B_SPLINE_CURVE_WITH_KNOTS ( 'NONE', 3,
 ( #2928, #424, #1933, #1892, #927, #5967, #5889, #4439, #2947, #2383, #6480, #5461, #1350 ),
 .UNSPECIFIED., .F., .F.,
 ( 4, 1, 1, 1, 1, 1, 1, 1, 1, 1, 4 ),
 ( 0.000000000000000000, 0.1241996726524872002, 0.2368296581100271803, 0.3394949853062829703, 0.4312535100312248071, 0.5114548721194182024, 0.5812230366234584222, 0.6404953748643703593, 0.6883082049320179419, 0.8503329734146883867, 0.9999999999999998890 ),
 .UNSPECIFIED. ) ;
#562 = CARTESIAN_POINT ( 'NONE',  ( -1.850000000000000089, 1.024999999999999911, -1.850000000000000977 ) ) ;
#563 = CARTESIAN_POINT ( 'NONE',  ( -0.7008814822784084075, 1.024999999999999911, 0.8814623108698969034 ) ) ;
#564 = EDGE_CURVE ( 'NONE', #3392, #2166, #1615, .T. ) ;
#565 = FILL_AREA_STYLE ('',( #6089 ) ) ;
#566 = CARTESIAN_POINT ( 'NONE',  ( 0.7558993943418096384, 1.025000000000000133, -0.2316214222362033837 ) ) ;
#567 = CARTESIAN_POINT ( 'NONE',  ( -0.5486251326171897036, 1.035000000000000142, 0.09188366501596632874 ) ) ;
#568 = CARTESIAN_POINT ( 'NONE',  ( -0.6812626622298580958, 1.024999999999999911, 0.7631169127271655306 ) ) ;
#569 = VERTEX_POINT ( 'NONE', #2937 ) ;
#570 = CARTESIAN_POINT ( 'NONE',  ( -0.05620630045427086469, 1.025000000000000133, 0.8412040476659468080 ) ) ;
#571 = CARTESIAN_POINT ( 'NONE',  ( -0.3859165284652604222, 1.035000000000000364, 0.3448924157040462735 ) ) ;
#572 = CARTESIAN_POINT ( 'NONE',  ( -0.8365384615384615641, 1.034999999999999920, 1.500000000000000222 ) ) ;
#573 = ORIENTED_EDGE ( 'NONE', *, *, #1573, .F. ) ;
#574 = CARTESIAN_POINT ( 'NONE',  ( -0.1538461538461539935, 1.034999999999999920, 0.9711538461538465894 ) ) ;
#575 = FILL_AREA_STYLE_COLOUR ( '', #3027 ) ;
#576 = DIRECTION ( 'NONE',  ( -1.000000000000000000, 0.000000000000000000, -0.000000000000000000 ) ) ;
#577 = CARTESIAN_POINT ( 'NONE',  ( -0.1780739279415826659, 1.024999999999999911, 0.8038894595579944014 ) ) ;
#578 = ADVANCED_FACE ( 'NONE', ( #4950 ), #4491, .T. ) ;
#579 = EDGE_LOOP ( 'NONE', ( #558, #4077, #459, #2741, #3253, #6239, #583, #2758, #904, #4, #6079, #552, #855, #5639, #1767, #5408, #2145, #3166, #3894, #2314, #2768, #6453 ) ) ;
#580 = SURFACE_STYLE_FILL_AREA ( #369 ) ;
#581 = CARTESIAN_POINT ( 'NONE',  ( -0.5836790541168817015, 1.024999999999999911, 0.8366587838276424716 ) ) ;
#582 = CARTESIAN_POINT ( 'NONE',  ( 0.8446265795782917918, 1.034999999999999476, -0.3609046874003298266 ) ) ;
#583 = ORIENTED_EDGE ( 'NONE', *, *, #1916, .F. ) ;
#584 = MECHANICAL_DESIGN_GEOMETRIC_PRESENTATION_REPRESENTATION (  '', ( #4089 ), #5667 ) ;
#585 = CARTESIAN_POINT ( 'NONE',  ( 0.1104622307674721499, 1.024999999999999911, 0.9000261689353128425 ) ) ;
#586 = MECHANICAL_DESIGN_GEOMETRIC_PRESENTATION_REPRESENTATION (  '', ( #6114 ), #5000 ) ;
#587 = CARTESIAN_POINT ( 'NONE',  ( 0.1248956125333308687, 1.025000000000000133, 0.9621975019446509236 ) ) ;
#588 = AXIS2_PLACEMENT_3D ( 'NONE', #1939, #471, #2392 ) ;
#589 = CARTESIAN_POINT ( 'NONE',  ( 0.5214117085729133017, 1.035000000000000364, -0.03040106579908926840 ) ) ;
#590 =( NAMED_UNIT ( * ) SI_UNIT ( $, .STERADIAN. ) SOLID_ANGLE_UNIT ( ) );
#591 = CARTESIAN_POINT ( 'NONE',  ( 0.7199380304298355071, 1.024999999999999911, 0.7952156366747696881 ) ) ;
#592 = VECTOR ( 'NONE', #5724, 1000.000000000000000 ) ;
#593 = DIRECTION ( 'NONE',  ( 0.000000000000000000, 1.000000000000000000, 0.000000000000000000 ) ) ;
#594 = CARTESIAN_POINT ( 'NONE',  ( -0.8365485009993929300, 1.024999999999999911, 1.494285306604467900 ) ) ;
#595 = VECTOR ( 'NONE', #3012, 1000.000000000000000 ) ;
#596 = CARTESIAN_POINT ( 'NONE',  ( -0.5537936130820210190, 1.024999999999999911, 1.130708011491501797 ) ) ;
#597 = CARTESIAN_POINT ( 'NONE',  ( -0.2500000000000001110, 1.034999999999999920, 0.9615384615384620082 ) ) ;
#598 = EDGE_CURVE ( 'NONE', #3412, #5110, #5271, .T. ) ;
#599 = SURFACE_SIDE_STYLE ('',( #918 ) ) ;
#600 = EDGE_LOOP ( 'NONE', ( #1127, #653, #5945, #1427, #4352, #992, #1943, #3, #1593, #5941, #5405, #4582, #2667 ) ) ;
#601 = VECTOR ( 'NONE', #356, 1000.000000000000000 ) ;
#602 = CARTESIAN_POINT ( 'NONE',  ( -0.6634831881607404780, 1.034999999999999920, 1.348635032081523466 ) ) ;
#603 = B_SPLINE_CURVE_WITH_KNOTS ( 'NONE', 3,
 ( #840, #4438, #1844, #2407, #3922, #4900, #6433, #6345, #5414, #1823, #883, #4367, #2341, #5863, #925, #4501, #6002, #4028, #6479 ),
 .UNSPECIFIED., .F., .F.,
 ( 4, 1, 1, 1, 1, 1, 1, 1, 1, 1, 1, 1, 1, 1, 1, 1, 4 ),
 ( 0.000000000000000000, 0.07471189030450074708, 0.1455392023749083885, 0.2133390572509726302, 0.2786150735384708699, 0.3420941969414981743, 0.4038900759591955714, 0.4650633525655205602, 0.5265767363834863435, 0.5873283340287678289, 0.6463804557031436193, 0.7043453083753260513, 0.7616719489990787517, 0.8194178590468651491, 0.8780393997816819951, 0.9377955090070549948, 1.000000000000000000 ),
 .UNSPECIFIED. ) ;
#604 = ORIENTED_EDGE ( 'NONE', *, *, #3129, .F. ) ;
#605 = CARTESIAN_POINT ( 'NONE',  ( 0.8498006595324935075, 1.034999999999999920, -0.3893940706736460089 ) ) ;
#606 = CARTESIAN_POINT ( 'NONE',  ( -0.0009427225515141211603, 1.034999999999999920, 0.7501485095022863980 ) ) ;
#607 = CARTESIAN_POINT ( 'NONE',  ( -0.4524131457746682905, 1.035000000000000142, 1.162661105553342455 ) ) ;
#608 = CARTESIAN_POINT ( 'NONE',  ( -0.1247728563804208352, 1.034999999999999698, 0.3173738862081202372 ) ) ;
#609 = CARTESIAN_POINT ( 'NONE',  ( 0.1148997614511178683, 1.024999999999999689, 1.010118407490752102 ) ) ;
#610 = CARTESIAN_POINT ( 'NONE',  ( -0.7130408653846154188, 1.024999999999999911, 1.403846153846154188 ) ) ;
#611 = ADVANCED_FACE ( 'NONE', ( #2818 ), #1973, .T. ) ;
#612 = CARTESIAN_POINT ( 'NONE',  ( 0.4620248136474141565, 1.035000000000000364, 0.8721003435082631539 ) ) ;
#613 = CARTESIAN_POINT ( 'NONE',  ( 0.7739519067024717147, 1.024999999999999911, 0.8579668031823564078 ) ) ;
#614 = CARTESIAN_POINT ( 'NONE',  ( 0.2601562500000004219, 1.024999999999999911, -1.115384615384615419 ) ) ;
#615 = DIRECTION ( 'NONE',  ( 0.000000000000000000, -0.000000000000000000, 1.000000000000000000 ) ) ;
#616 =( NAMED_UNIT ( * ) PLANE_ANGLE_UNIT ( ) SI_UNIT ( $, .RADIAN. ) );
#617 = AXIS2_PLACEMENT_3D ( 'NONE', #6253, #3770, #2255 ) ;
#618 = SURFACE_STYLE_USAGE ( .BOTH. , #2044 ) ;
#619 = CARTESIAN_POINT ( 'NONE',  ( 0.2155848171870991814, 1.025000000000000133, -0.8781255115052709614 ) ) ;
#620 = CARTESIAN_POINT ( 'NONE',  ( -0.7732125873212843947, 1.024999999999999689, 1.334250950148671899 ) ) ;
#621 = SURFACE_SIDE_STYLE ('',( #4872 ) ) ;
#622 = VECTOR ( 'NONE', #300, 1000.000000000000000 ) ;
#623 = CARTESIAN_POINT ( 'NONE',  ( 0.7944638946112254629, 1.035000000000000142, 0.9148849069587257077 ) ) ;
#624 = MECHANICAL_DESIGN_GEOMETRIC_PRESENTATION_REPRESENTATION (  '', ( #6500 ), #962 ) ;
#625 = CARTESIAN_POINT ( 'NONE',  ( -0.01171875000000011796, 1.034999999999999920, 0.8365384615384620082 ) ) ;
#626 = VECTOR ( 'NONE', #5839, 1000.000000000000227 ) ;
#627 = CARTESIAN_POINT ( 'NONE',  ( 0.1946089425212500224, 1.025000000000000133, -1.106241961477663294 ) ) ;
#628 = CARTESIAN_POINT ( 'NONE',  ( 0.3501610619365932431, 1.025000000000000133, 1.380799805016254655 ) ) ;
#629 = PRESENTATION_LAYER_ASSIGNMENT (  '', '', ( #5433 ) ) ;
#630 = SURFACE_SIDE_STYLE ('',( #1500 ) ) ;
#631 = ORIENTED_EDGE ( 'NONE', *, *, #4067, .F. ) ;
#632 = UNCERTAINTY_MEASURE_WITH_UNIT (LENGTH_MEASURE( 1.000000000000000082E-05 ), #4504, 'distance_accuracy_value', 'NONE');
#633 = CARTESIAN_POINT ( 'NONE',  ( 0.5371149441797241630, 1.034999999999999920, 1.308609899621552941 ) ) ;
#634 = CARTESIAN_POINT ( 'NONE',  ( 0.1248955999743857903, 1.035000000000000142, 0.9537176434545550086 ) ) ;
#635 = CARTESIAN_POINT ( 'NONE',  ( -0.7130408653846154188, 1.034999999999999920, 1.403846153846154188 ) ) ;
#636 = CARTESIAN_POINT ( 'NONE',  ( 0.2571514423076928235, 1.024999999999999911, -1.269230769230769162 ) ) ;
#637 = VECTOR ( 'NONE', #4182, 1000.000000000000000 ) ;
#638 = CARTESIAN_POINT ( 'NONE',  ( 0.09388689024133473060, 1.035000000000000142, 1.050369067633049713 ) ) ;
#639 = CARTESIAN_POINT ( 'NONE',  ( -0.6253130222748592981, 1.024999999999999911, 1.195738238068861925 ) ) ;
#640 = CARTESIAN_POINT ( 'NONE',  ( -0.5337406439331073837, 1.034999999999999920, 0.1118237917961432681 ) ) ;
#641 = CARTESIAN_POINT ( 'NONE',  ( 0.7377506108318956368, 1.035000000000000142, -0.3959859115656119699 ) ) ;
#642 = DIRECTION ( 'NONE',  ( 1.000000000000000000, 0.000000000000000000, 0.000000000000000000 ) ) ;
#643 = ORIENTED_EDGE ( 'NONE', *, *, #456, .T. ) ;
#644 = ADVANCED_FACE ( 'NONE', ( #1397 ), #2439, .F. ) ;
#645 = CARTESIAN_POINT ( 'NONE',  ( 0.8243678017637242617, 1.024999999999999911, -0.4501949696066830375 ) ) ;
#646 = CARTESIAN_POINT ( 'NONE',  ( 0.3143212458006600651, 1.034999999999999920, -1.011203171292209380 ) ) ;
#647 = B_SPLINE_CURVE_WITH_KNOTS ( 'NONE', 3,
 ( #6273, #1304, #773, #1284, #4857, #246, #5372, #4817, #2364, #4516, #6536, #5694, #1649, #6155, #4534, #5398, #367, #1791, #390 ),
 .UNSPECIFIED., .F., .F.,
 ( 4, 1, 1, 1, 1, 1, 1, 1, 1, 1, 1, 1, 1, 1, 1, 1, 4 ),
 ( 0.000000000000000000, 0.07471189030450074708, 0.1455392023749083885, 0.2133390572509726302, 0.2786150735384708699, 0.3420941969414981743, 0.4038900759591955714, 0.4650633525655205602, 0.5265767363834863435, 0.5873283340287678289, 0.6463804557031436193, 0.7043453083753260513, 0.7616719489990787517, 0.8194178590468651491, 0.8780393997816819951, 0.9377955090070549948, 1.000000000000000000 ),
 .UNSPECIFIED. ) ;
#648 = EDGE_CURVE ( 'NONE', #59, #4529, #3042, .T. ) ;
#649 = CARTESIAN_POINT ( 'NONE',  ( 0.4232549001006278844, 1.035000000000000142, 0.9660415190853474110 ) ) ;
#650 = CARTESIAN_POINT ( 'NONE',  ( 0.2211538461538460343, 1.034999999999999920, 0.9570312500000004441 ) ) ;
#651 = ORIENTED_EDGE ( 'NONE', *, *, #2935, .F. ) ;
#652 = CARTESIAN_POINT ( 'NONE',  ( -0.5413300909498250935, 1.035000000000000142, 1.245493178173427085 ) ) ;
#653 = ORIENTED_EDGE ( 'NONE', *, *, #3541, .T. ) ;
#654 = CARTESIAN_POINT ( 'NONE',  ( -0.2826914959039315556, 1.034999999999999698, 0.3450574798705117741 ) ) ;
#655 = CARTESIAN_POINT ( 'NONE',  ( 0.4073648061912791829, 1.024999999999999689, -0.8510345657392508478 ) ) ;
#656 = CARTESIAN_POINT ( 'NONE',  ( 0.6873969098756016471, 1.024999999999999911, -0.3498868159651466470 ) ) ;
#657 = CARTESIAN_POINT ( 'NONE',  ( 0.5073483694081114548, 1.034999999999999698, 0.8451883045114928494 ) ) ;
#658 = VERTEX_POINT ( 'NONE', #3490 ) ;
#659 = CARTESIAN_POINT ( 'NONE',  ( 0.6969651048187054387, 1.034999999999999698, 0.9216901571185674991 ) ) ;
#660 = CARTESIAN_POINT ( 'NONE',  ( 0.6533318338817487581, 1.024999999999999245, 1.209179511122381312 ) ) ;
#661 =( GEOMETRIC_REPRESENTATION_CONTEXT ( 3 ) GLOBAL_UNCERTAINTY_ASSIGNED_CONTEXT ( ( #5435 ) ) GLOBAL_UNIT_ASSIGNED_CONTEXT ( ( #3052, #1018, #15 ) ) REPRESENTATION_CONTEXT ( 'NONE', 'WORKASPACE' ) );
#662 = VERTEX_POINT ( 'NONE', #533 ) ;
#663 = EDGE_LOOP ( 'NONE', ( #3947, #244, #4090, #5645 ) ) ;
#664 = CARTESIAN_POINT ( 'NONE',  ( 0.2277829839342950524, 1.024999999999999689, -0.8259784870660605849 ) ) ;
#665 =( LENGTH_UNIT ( ) NAMED_UNIT ( * ) SI_UNIT ( .MILLI., .METRE. ) );
#666 = VECTOR ( 'NONE', #4162, 1000.000000000000000 ) ;
#667 = CARTESIAN_POINT ( 'NONE',  ( -0.3242788461538456679, 1.034999999999999920, 0.1923076923076923184 ) ) ;
#668 =( LENGTH_UNIT ( ) NAMED_UNIT ( * ) SI_UNIT ( .MILLI., .METRE. ) );
#669 = FILL_AREA_STYLE ('',( #1614 ) ) ;
#670 = PRESENTATION_STYLE_ASSIGNMENT (( #2473 ) ) ;
#671 = SURFACE_STYLE_FILL_AREA ( #3855 ) ;
#672 = PRESENTATION_STYLE_ASSIGNMENT (( #6000 ) ) ;
#673 = DIRECTION ( 'NONE',  ( -0.000000000000000000, -1.000000000000000000, -0.000000000000000000 ) ) ;
#674 = FACE_OUTER_BOUND ( 'NONE', #1497, .T. ) ;
#675 = PRESENTATION_STYLE_ASSIGNMENT (( #1382 ) ) ;
#676 = CARTESIAN_POINT ( 'NONE',  ( 0.7199380304298355071, 1.034999999999999920, 0.7952156366747696881 ) ) ;
#677 = STYLED_ITEM ( 'NONE', ( #1563 ), #2167 ) ;
#678 = CARTESIAN_POINT ( 'NONE',  ( -0.01818546753848115580, 1.035000000000000142, 0.7501776304870999557 ) ) ;
#679 = CARTESIAN_POINT ( 'NONE',  ( -0.3596203333734858121, 1.034999999999999476, 1.001524615184221645 ) ) ;
#680 = ORIENTED_EDGE ( 'NONE', *, *, #2260, .F. ) ;
#681 = CARTESIAN_POINT ( 'NONE',  ( 0.1598482128031670224, 1.024999999999999689, -1.095686546644943915 ) ) ;
#682 = CARTESIAN_POINT ( 'NONE',  ( -0.5736950307298518403, 1.024999999999999467, -0.2539866503397323894 ) ) ;
#683 = SURFACE_STYLE_USAGE ( .BOTH. , #4139 ) ;
#684 =( NAMED_UNIT ( * ) SI_UNIT ( $, .STERADIAN. ) SOLID_ANGLE_UNIT ( ) );
#685 = LINE ( 'NONE', #135, #5104 ) ;
#686 = EDGE_CURVE ( 'NONE', #4529, #510, #2071, .T. ) ;
#687 = CARTESIAN_POINT ( 'NONE',  ( 0.7505765765693429570, 1.024999999999999911, 0.8244472621065871420 ) ) ;
#688 = CARTESIAN_POINT ( 'NONE',  ( 0.4264246871617130008, 1.034999999999999920, -1.228171464447248118 ) ) ;
#689 = ORIENTED_EDGE ( 'NONE', *, *, #141, .F. ) ;
#690 = VECTOR ( 'NONE', #4459, 1000.000000000000000 ) ;
#691 = SURFACE_STYLE_USAGE ( .BOTH. , #4211 ) ;
#692 = DIRECTION ( 'NONE',  ( 0.000000000000000000, 0.000000000000000000, -1.000000000000000000 ) ) ;
#693 = CARTESIAN_POINT ( 'NONE',  ( 0.2060915372002209978, 1.034999999999999920, 0.8759254739018299540 ) ) ;
#694 = DIRECTION ( 'NONE',  ( 0.000000000000000000, 0.000000000000000000, 1.000000000000000000 ) ) ;
#695 = CARTESIAN_POINT ( 'NONE',  ( -0.5044750564292153072, 1.025000000000000133, 1.078940445635440559 ) ) ;
#696 = CARTESIAN_POINT ( 'NONE',  ( 0.2307692307692306155, 1.034999999999999920, 1.403846153846154410 ) ) ;
#697 = CARTESIAN_POINT ( 'NONE',  ( -0.4872227032127436352, 1.024999999999999911, -0.5084503787613618986 ) ) ;
#698 = DIRECTION ( 'NONE',  ( -0.000000000000000000, -1.000000000000000000, -0.000000000000000000 ) ) ;
#699 = EDGE_CURVE ( 'NONE', #4784, #3529, #5317, .T. ) ;
#700 = B_SPLINE_CURVE_WITH_KNOTS ( 'NONE', 3,
 ( #4744, #2647, #6173, #703, #4673, #1714, #4180, #197, #5253, #608, #3152, #4135, #654, #5204, #1161 ),
 .UNSPECIFIED., .F., .F.,
 ( 4, 1, 1, 1, 1, 1, 1, 1, 1, 1, 1, 1, 4 ),
 ( 0.000000000000000000, 0.1318370034776482902, 0.2654279718549516498, 0.3981764695722172509, 0.5276235755538550842, 0.5908330824838330386, 0.6531078999939821106, 0.7143051940854342474, 0.7745186265763558398, 0.8332069383880363889, 0.8902383150910625487, 0.9457341290753531471, 1.000000000000000000 ),
 .UNSPECIFIED. ) ;
#701 = CARTESIAN_POINT ( 'NONE',  ( 0.7979415460872331112, 1.024999999999999245, 0.9498072415089909848 ) ) ;
#702 = CARTESIAN_POINT ( 'NONE',  ( 0.4725834916162958144, 1.024999999999999911, 0.7631169127271655306 ) ) ;
#703 = CARTESIAN_POINT ( 'NONE',  ( 0.3075481962512565115, 1.034999999999999476, 0.1204008754419296778 ) ) ;
#704 = CARTESIAN_POINT ( 'NONE',  ( 0.3573487925822035893, 1.034999999999999920, -1.089532582265993810 ) ) ;
#705 = CARTESIAN_POINT ( 'NONE',  ( 0.2173027435495910042, 1.034999999999999920, 1.001524615184222089 ) ) ;
#706 = CARTESIAN_POINT ( 'NONE',  ( 0.1104622307674721499, 1.034999999999999920, 0.9000261689353128425 ) ) ;
#707 = CARTESIAN_POINT ( 'NONE',  ( 0.4531931899134608588, 1.034999999999999920, -1.200958137612798016 ) ) ;
#708 = CARTESIAN_POINT ( 'NONE',  ( -0.3798942471436822510, 1.024999999999999689, 0.8579668031823561858 ) ) ;
#709 = SURFACE_SIDE_STYLE ('',( #5255 ) ) ;
#710 = DIRECTION ( 'NONE',  ( -0.000000000000000000, -1.000000000000000000, -0.000000000000000000 ) ) ;
#711 = CARTESIAN_POINT ( 'NONE',  ( 1.849999999999999645, 1.024999999999999911, -1.850000000000000977 ) ) ;
#712 = CARTESIAN_POINT ( 'NONE',  ( 0.5652043269230768718, 1.024999999999999911, 0.8365384615384617861 ) ) ;
#713 = ADVANCED_FACE ( 'NONE', ( #2015 ), #6410, .T. ) ;
#714 = AXIS2_PLACEMENT_3D ( 'NONE', #4228, #5670, #3680 ) ;
#715 = CARTESIAN_POINT ( 'NONE',  ( -0.5886418269230768718, 1.025000000000000133, 0.8365384615384617861 ) ) ;
#716 =( NAMED_UNIT ( * ) SI_UNIT ( $, .STERADIAN. ) SOLID_ANGLE_UNIT ( ) );
#717 =( GEOMETRIC_REPRESENTATION_CONTEXT ( 3 ) GLOBAL_UNCERTAINTY_ASSIGNED_CONTEXT ( ( #6293 ) ) GLOBAL_UNIT_ASSIGNED_CONTEXT ( ( #3219, #6198, #2755 ) ) REPRESENTATION_CONTEXT ( 'NONE', 'WORKASPACE' ) );
#718 = CARTESIAN_POINT ( 'NONE',  ( 0.1245099311484084564, 1.035000000000000142, 1.162661105553342678 ) ) ;
#719 = VERTEX_POINT ( 'NONE', #1026 ) ;
#720 = CARTESIAN_POINT ( 'NONE',  ( -0.1400985703205436250, 1.024999999999999911, -1.119468603191276168 ) ) ;
#721 = UNCERTAINTY_MEASURE_WITH_UNIT (LENGTH_MEASURE( 1.000000000000000082E-05 ), #4259, 'distance_accuracy_value', 'NONE');
#722 = CARTESIAN_POINT ( 'NONE',  ( -0.7210733881017117319, 1.024999999999999911, 1.277465502956919075 ) ) ;
#723 = CARTESIAN_POINT ( 'NONE',  ( -0.5923076923076919797, 1.024999999999999689, -0.09104567307692308653 ) ) ;
#724 = CARTESIAN_POINT ( 'NONE',  ( 0.3403532860644428726, 1.024999999999999689, -0.07696020405434063349 ) ) ;
#725 = CARTESIAN_POINT ( 'NONE',  ( -0.08290435250120309352, 1.024999999999999911, 1.224482152663803225 ) ) ;
#726 = CARTESIAN_POINT ( 'NONE',  ( -0.2743334047121316344, 1.025000000000000133, -1.025083165816942810 ) ) ;
#727 = CARTESIAN_POINT ( 'NONE',  ( 0.5209897867619566192, 1.034999999999999920, -1.086931559160239980 ) ) ;
#728 = EDGE_CURVE ( 'NONE', #5110, #2214, #4807, .T. ) ;
#729 = CARTESIAN_POINT ( 'NONE',  ( -0.4177972095128741348, 1.034999999999999920, 0.8091909101105898561 ) ) ;
#730 = CARTESIAN_POINT ( 'NONE',  ( 0.3269230769230769273, 1.034999999999999920, 0.9615384615384617861 ) ) ;
#731 = ORIENTED_EDGE ( 'NONE', *, *, #1239, .T. ) ;
#732 = CARTESIAN_POINT ( 'NONE',  ( 0.5209897867619566192, 1.024999999999999911, -1.086931559160239980 ) ) ;
#733 = CARTESIAN_POINT ( 'NONE',  ( -0.2308589069795600468, 1.025000000000000133, 0.3394991525899668239 ) ) ;
#734 = PRODUCT_DEFINITION_SHAPE ( 'NONE', 'NONE',  #3331 ) ;
#735 = CARTESIAN_POINT ( 'NONE',  ( -0.6918213401987398647, 1.024999999999999911, 0.8721003435082629318 ) ) ;
#736 = B_SPLINE_CURVE_WITH_KNOTS ( 'NONE', 3,
 ( #5141, #1648, #5674, #3091, #5655, #108, #2696, #3594, #591, #5192, #687, #4115, #613, #2152, #4142, #1627, #5162, #134, #2131 ),
 .UNSPECIFIED., .F., .F.,
 ( 4, 1, 1, 1, 1, 1, 1, 1, 1, 1, 1, 1, 1, 1, 1, 1, 4 ),
 ( 0.000000000000000000, 0.07471189030450135771, 0.1455392023749086383, 0.2133390572509725469, 0.2786150735384710919, 0.3420941969414981743, 0.4038900759591956824, 0.4650633525655207268, 0.5265767363834863435, 0.5873283340287679399, 0.6463804557031436193, 0.7043453083753261623, 0.7616719489990788627, 0.8194178590468652601, 0.8780393997816821061, 0.9377955090070549948, 1.000000000000000000 ),
 .UNSPECIFIED. ) ;
#737 = ORIENTED_EDGE ( 'NONE', *, *, #3577, .T. ) ;
#738 = VERTEX_POINT ( 'NONE', #156 ) ;
#739 = DIRECTION ( 'NONE',  ( -0.000000000000000000, -1.000000000000000000, -0.000000000000000000 ) ) ;
#740 = CARTESIAN_POINT ( 'NONE',  ( -0.7307692307692308376, 1.034999999999999920, 0.9711538461538463674 ) ) ;
#741 = CARTESIAN_POINT ( 'NONE',  ( 0.5174975620148425381, 1.024999999999999911, 0.7531031900268575496 ) ) ;
#742 = ORIENTED_EDGE ( 'NONE', *, *, #1490, .T. ) ;
#743 = COLOUR_RGB ( '',0.6470588235294117974, 0.5176470588235293491, 0.000000000000000000 ) ;
#744 = CARTESIAN_POINT ( 'NONE',  ( -0.8168114866728102275, 1.024999999999999689, 1.406614822300993994 ) ) ;
#745 = VECTOR ( 'NONE', #1510, 1000.000000000000000 ) ;
#746 = CARTESIAN_POINT ( 'NONE',  ( 0.2205949598000909728, 1.035000000000000142, -0.8411998290986865134 ) ) ;
#747 = CARTESIAN_POINT ( 'NONE',  ( -0.1320017023023945801, 1.035000000000000142, 0.8916546614439557761 ) ) ;
#748 = CARTESIAN_POINT ( 'NONE',  ( 1.605000000000000204, -1.025000000000000133, -1.574999999999999734 ) ) ;
#749 = SURFACE_STYLE_FILL_AREA ( #1965 ) ;
#750 = STYLED_ITEM ( 'NONE', ( #3652 ), #4025 ) ;
#751 = COLOUR_RGB ( '',1.000000000000000000, 1.000000000000000000, 1.000000000000000000 ) ;
#752 = CARTESIAN_POINT ( 'NONE',  ( -0.1538461538461539935, 1.024999999999999911, 0.9711538461538465894 ) ) ;
#753 = VERTEX_POINT ( 'NONE', #4143 ) ;
#754 = UNCERTAINTY_MEASURE_WITH_UNIT (LENGTH_MEASURE( 1.000000000000000082E-05 ), #5027, 'distance_accuracy_value', 'NONE');
#755 = CARTESIAN_POINT ( 'NONE',  ( -0.3561700332716895567, 1.024999999999999911, 0.9356435630111530344 ) ) ;
#756 = CARTESIAN_POINT ( 'NONE',  ( 0.2210184691641560728, 1.034999999999999698, 0.9498072415089913179 ) ) ;
#757 = SURFACE_STYLE_FILL_AREA ( #1434 ) ;
#758 = DIRECTION ( 'NONE',  ( 1.000000000000000000, 0.000000000000000000, -0.000000000000000000 ) ) ;
#759 =( NAMED_UNIT ( * ) SI_UNIT ( $, .STERADIAN. ) SOLID_ANGLE_UNIT ( ) );
#760 = VECTOR ( 'NONE', #6276, 1000.000000000000000 ) ;
#761 = LINE ( 'NONE', #3407, #1544 ) ;
#762 = CARTESIAN_POINT ( 'NONE',  ( -0.7654663496555110802, 1.034999999999999920, -0.1448041258526025499 ) ) ;
#763 = SURFACE_STYLE_USAGE ( .BOTH. , #1753 ) ;
#764 = VECTOR ( 'NONE', #2531, 1000.000000000000000 ) ;
#765 = CARTESIAN_POINT ( 'NONE',  ( -0.1361177884615386025, 1.034999999999999920, 1.403846153846154410 ) ) ;
#766 = MECHANICAL_DESIGN_GEOMETRIC_PRESENTATION_REPRESENTATION (  '', ( #2794 ), #3035 ) ;
#767 = CARTESIAN_POINT ( 'NONE',  ( -0.8192581937940324188, 1.024999999999999911, 0.9132441222960757665 ) ) ;
#768 =( LENGTH_UNIT ( ) NAMED_UNIT ( * ) SI_UNIT ( .MILLI., .METRE. ) );
#769 = CARTESIAN_POINT ( 'NONE',  ( -0.7882453496970034390, 1.025000000000000133, 1.355140911848129237 ) ) ;
#770 = FILL_AREA_STYLE_COLOUR ( '', #5665 ) ;
#771 = EDGE_LOOP ( 'NONE', ( #4175, #4053, #4942, #4555 ) ) ;
#772 = CARTESIAN_POINT ( 'NONE',  ( -0.1290136337559121549, 1.024999999999999911, 1.263398958623645596 ) ) ;
#773 = CARTESIAN_POINT ( 'NONE',  ( -0.5609714026911809537, 1.035000000000000142, 0.7504378068874775209 ) ) ;
#774 = EDGE_CURVE ( 'NONE', #6157, #5363, #685, .T. ) ;
#775 = CARTESIAN_POINT ( 'NONE',  ( -0.3559759492377870815, 1.024999999999999689, 0.9644531001897752587 ) ) ;
#776 = CARTESIAN_POINT ( 'NONE',  ( 0.6831307222215643460, 1.035000000000000364, 0.7728591684128820471 ) ) ;
#777 = CARTESIAN_POINT ( 'NONE',  ( 0.8076923076923077094, 1.034999999999999920, 1.403846153846154188 ) ) ;
#778 = CARTESIAN_POINT ( 'NONE',  ( -0.009615384615384716532, 1.024999999999999689, 0.7500000000000004441 ) ) ;
#779 = CARTESIAN_POINT ( 'NONE',  ( -0.6118870285339792492, 1.035000000000000142, 0.7505253949516117462 ) ) ;
#780 = STYLED_ITEM ( 'NONE', ( #672 ), #222 ) ;
#781 = CARTESIAN_POINT ( 'NONE',  ( 0.4328885819389543532, 1.024999999999999911, 0.9148738954979116489 ) ) ;
#782 = CARTESIAN_POINT ( 'NONE',  ( -0.5433698671232168875, 1.024999999999999911, -0.3657578123004284198 ) ) ;
#783 = EDGE_CURVE ( 'NONE', #5256, #5419, #3749, .T. ) ;
#784 = CARTESIAN_POINT ( 'NONE',  ( -0.7560024200292642105, 1.034999999999999698, -0.2381135273256473617 ) ) ;
#785 = SURFACE_STYLE_FILL_AREA ( #6123 ) ;
#786 = EDGE_CURVE ( 'NONE', #2176, #2611, #6274, .T. ) ;
#787 = B_SPLINE_CURVE_WITH_KNOTS ( 'NONE', 3,
 ( #3045, #2545, #4105, #5127, #3101, #1612, #2594, #1077, #5148 ),
 .UNSPECIFIED., .F., .F.,
 ( 4, 1, 1, 1, 1, 1, 4 ),
 ( 0.000000000000000000, 0.3509222893589579173, 0.6454924037914960833, 0.7681706215885483191, 0.8690722653315180457, 0.9456999174901274952, 1.000000000000000000 ),
 .UNSPECIFIED. ) ;
#788 = CARTESIAN_POINT ( 'NONE',  ( 0.02074202968274620196, 1.034999999999999920, 1.258173606474872752 ) ) ;
#789 = CARTESIAN_POINT ( 'NONE',  ( 0.3416981596097826701, 1.024999999999999689, -1.099075049680693139 ) ) ;
#790 = CARTESIAN_POINT ( 'NONE',  ( 0.7019230769230769829, 1.034999999999999920, 0.9579326923076925127 ) ) ;
#791 = LINE ( 'NONE', #4820, #5986 ) ;
#792 = STYLED_ITEM ( 'NONE', ( #4995 ), #2604 ) ;
#793 = DIRECTION ( 'NONE',  ( -0.000000000000000000, -1.000000000000000000, -0.000000000000000000 ) ) ;
#794 =( NAMED_UNIT ( * ) SI_UNIT ( $, .STERADIAN. ) SOLID_ANGLE_UNIT ( ) );
#795 = CARTESIAN_POINT ( 'NONE',  ( -0.1127526067484372341, 1.024999999999999467, 1.248891001546740709 ) ) ;
#796 =( NAMED_UNIT ( * ) PLANE_ANGLE_UNIT ( ) SI_UNIT ( $, .RADIAN. ) );
#797 = CARTESIAN_POINT ( 'NONE',  ( -0.3824869941083212099, 1.035000000000000142, 1.067602144398379194 ) ) ;
#798 = UNCERTAINTY_MEASURE_WITH_UNIT (LENGTH_MEASURE( 1.000000000000000082E-05 ), #3387, 'distance_accuracy_value', 'NONE');
#799 = CARTESIAN_POINT ( 'NONE',  ( -0.4973557692307689071, 1.035000000000000142, -0.8061899038461539657 ) ) ;
#800 = ORIENTED_EDGE ( 'NONE', *, *, #3532, .F. ) ;
#801 = CARTESIAN_POINT ( 'NONE',  ( -0.1290136337559121549, 1.024999999999999689, 1.263398958623645596 ) ) ;
#802 = CARTESIAN_POINT ( 'NONE',  ( 0.1810024900132512493, 1.024999999999999911, 0.02458421164367133316 ) ) ;
#803 = CARTESIAN_POINT ( 'NONE',  ( -0.3461538461538462008, 1.024999999999999911, 1.403846153846154188 ) ) ;
#804 = SURFACE_STYLE_USAGE ( .BOTH. , #5400 ) ;
#805 =( GEOMETRIC_REPRESENTATION_CONTEXT ( 3 ) GLOBAL_UNCERTAINTY_ASSIGNED_CONTEXT ( ( #1589 ) ) GLOBAL_UNIT_ASSIGNED_CONTEXT ( ( #3539, #5276, #716 ) ) REPRESENTATION_CONTEXT ( 'NONE', 'WORKASPACE' ) );
#806 = CARTESIAN_POINT ( 'NONE',  ( -0.6818022387018594088, 1.025000000000000133, 0.8636569804084180957 ) ) ;
#807 = CARTESIAN_POINT ( 'NONE',  ( 0.5101741086146089899, 1.035000000000000142, 1.331288948873510680 ) ) ;
#808 = CARTESIAN_POINT ( 'NONE',  ( 0.3172776075748721114, 1.024999999999999689, 1.482875074157175455 ) ) ;
#809 = CARTESIAN_POINT ( 'NONE',  ( 0.8487085151183106912, 1.034999999999999920, -0.4154018049632465237 ) ) ;
#810 = CARTESIAN_POINT ( 'NONE',  ( 0.3612907688776517690, 1.024999999999999911, -1.259698088810414784 ) ) ;
#811 = DIRECTION ( 'NONE',  ( 0.000000000000000000, 0.000000000000000000, -1.000000000000000000 ) ) ;
#812 = FILL_AREA_STYLE ('',( #3220 ) ) ;
#813 = CARTESIAN_POINT ( 'NONE',  ( -0.1538461538461539935, 1.034999999999999920, 0.9711538461538465894 ) ) ;
#814 = CARTESIAN_POINT ( 'NONE',  ( -0.2743334047121316344, 1.035000000000000142, -1.025083165816942810 ) ) ;
#815 = DIRECTION ( 'NONE',  ( -0.000000000000000000, -1.000000000000000000, -0.000000000000000000 ) ) ;
#816 = ORIENTED_EDGE ( 'NONE', *, *, #2903, .F. ) ;
#817 = CARTESIAN_POINT ( 'NONE',  ( 0.4073648061912791829, 1.024999999999999911, -0.8510345657392508478 ) ) ;
#818 = EDGE_CURVE ( 'NONE', #6523, #3804, #2171, .T. ) ;
#819 = ORIENTED_EDGE ( 'NONE', *, *, #6074, .T. ) ;
#820 =( NAMED_UNIT ( * ) SI_UNIT ( $, .STERADIAN. ) SOLID_ANGLE_UNIT ( ) );
#821 = CARTESIAN_POINT ( 'NONE',  ( -0.7208848868286070743, 1.034999999999999698, 0.7800866347188732952 ) ) ;
#822 =( NAMED_UNIT ( * ) SI_UNIT ( $, .STERADIAN. ) SOLID_ANGLE_UNIT ( ) );
#823 = CARTESIAN_POINT ( 'NONE',  ( 0.6533318338817487581, 1.024999999999999689, 1.209179511122381312 ) ) ;
#824 = ORIENTED_EDGE ( 'NONE', *, *, #2120, .T. ) ;
#825 = CARTESIAN_POINT ( 'NONE',  ( -0.5751048536003156020, 1.025000000000000133, 1.150978442549882574 ) ) ;
#826 = SURFACE_SIDE_STYLE ('',( #6270 ) ) ;
#827 = B_SPLINE_CURVE_WITH_KNOTS ( 'NONE', 3,
 ( #5266, #4712, #6252, #3229, #4193, #5215, #229, #3744, #1750, #2876, #4822 ),
 .UNSPECIFIED., .F., .F.,
 ( 4, 1, 1, 1, 1, 1, 1, 1, 4 ),
 ( 0.000000000000000000, 0.1240851874048755354, 0.2516831287137650808, 0.3805158425827885882, 0.5096002516413246086, 0.6374160462044770048, 0.7631891362247723576, 0.8842771068389632116, 1.000000000000000000 ),
 .UNSPECIFIED. ) ;
#828 = ORIENTED_EDGE ( 'NONE', *, *, #2591, .T. ) ;
#829 = VECTOR ( 'NONE', #5757, 1000.000000000000000 ) ;
#830 = CARTESIAN_POINT ( 'NONE',  ( 0.3345879600521213804, 1.034999999999999920, 0.9132441222960760996 ) ) ;
#831 = CARTESIAN_POINT ( 'NONE',  ( 0.3192084027038729621, 1.025000000000000133, 1.466000064178921702 ) ) ;
#832 = ORIENTED_EDGE ( 'NONE', *, *, #1832, .F. ) ;
#833 = ORIENTED_EDGE ( 'NONE', *, *, #1535, .T. ) ;
#834 = DIRECTION ( 'NONE',  ( -1.000000000000000000, 0.000000000000000000, -0.000000000000000000 ) ) ;
#835 = SURFACE_STYLE_FILL_AREA ( #3233 ) ;
#836 = LINE ( 'NONE', #3373, #6268 ) ;
#837 = CARTESIAN_POINT ( 'NONE',  ( 0.1246845277369785371, 1.025000000000000133, 0.9708214919927359299 ) ) ;
#838 = SURFACE_STYLE_USAGE ( .BOTH. , #5862 ) ;
#839 = COLOUR_RGB ( '',1.000000000000000000, 1.000000000000000000, 1.000000000000000000 ) ;
#840 = CARTESIAN_POINT ( 'NONE',  ( -0.5865384615384614531, 1.024999999999999911, 0.7500000000000002220 ) ) ;
#841 = FILL_AREA_STYLE ('',( #359 ) ) ;
#842 = CARTESIAN_POINT ( 'NONE',  ( -1.604999999999999982, -1.025000000000000577, -1.574999999999999734 ) ) ;
#843 =( NAMED_UNIT ( * ) PLANE_ANGLE_UNIT ( ) SI_UNIT ( $, .RADIAN. ) );
#844 = LINE ( 'NONE', #4346, #6028 ) ;
#845 = PRESENTATION_LAYER_ASSIGNMENT (  '', '', ( #2781 ) ) ;
#846 =( LENGTH_UNIT ( ) NAMED_UNIT ( * ) SI_UNIT ( .MILLI., .METRE. ) );
#847 = VERTEX_POINT ( 'NONE', #2409 ) ;
#848 = VECTOR ( 'NONE', #1273, 1000.000000000000000 ) ;
#849 = CARTESIAN_POINT ( 'NONE',  ( -0.1400841346153841038, 1.024999999999999911, -0.9344951923076924016 ) ) ;
#850 = CARTESIAN_POINT ( 'NONE',  ( -0.3106497177393194309, 1.034999999999999920, 0.1919601521312886416 ) ) ;
#851 = CARTESIAN_POINT ( 'NONE',  ( 0.7980769230769230171, 1.024999999999999467, 0.9570312500000002220 ) ) ;
#852 =( GEOMETRIC_REPRESENTATION_CONTEXT ( 3 ) GLOBAL_UNCERTAINTY_ASSIGNED_CONTEXT ( ( #4971 ) ) GLOBAL_UNIT_ASSIGNED_CONTEXT ( ( #2381, #1822, #5413 ) ) REPRESENTATION_CONTEXT ( 'NONE', 'WORKASPACE' ) );
#853 = CARTESIAN_POINT ( 'NONE',  ( 0.3305557299090917112, 1.024999999999999911, 1.424506378665186146 ) ) ;
#854 = STYLED_ITEM ( 'NONE', ( #670 ), #3082 ) ;
#855 = ORIENTED_EDGE ( 'NONE', *, *, #5086, .F. ) ;
#856 = CARTESIAN_POINT ( 'NONE',  ( -1.999999999999999556, -1.024999999999999911, -1.850000000000000977 ) ) ;
#857 = CARTESIAN_POINT ( 'NONE',  ( 0.4152000563056311155, 1.024999999999999911, 0.7911853970708486727 ) ) ;
#858 = CARTESIAN_POINT ( 'NONE',  ( 0.1101049478011315585, 1.034999999999999920, 1.177012512762981800 ) ) ;
#859 = CARTESIAN_POINT ( 'NONE',  ( 0.2381260191214930044, 1.034999999999999698, -0.8127853324200386975 ) ) ;
#860 = CARTESIAN_POINT ( 'NONE',  ( 0.1148997614511178683, 1.034999999999999698, 1.010118407490752102 ) ) ;
#861 = CARTESIAN_POINT ( 'NONE',  ( -0.1440344949841227684, 1.024999999999999689, 0.9148738954979118709 ) ) ;
#862 = STYLED_ITEM ( 'NONE', ( #330 ), #60 ) ;
#863 = CARTESIAN_POINT ( 'NONE',  ( 0.8391768866871927024, 1.025000000000000133, -0.4340823287024250243 ) ) ;
#864 = SURFACE_STYLE_USAGE ( .BOTH. , #5013 ) ;
#865 = CARTESIAN_POINT ( 'NONE',  ( -0.5005143199644048746, 1.024999999999999467, 1.209179511122381090 ) ) ;
#866 =( NAMED_UNIT ( * ) SI_UNIT ( $, .STERADIAN. ) SOLID_ANGLE_UNIT ( ) );
#867 = CARTESIAN_POINT ( 'NONE',  ( 0.6123197115384620970, 1.024999999999999689, -0.2848557692307692180 ) ) ;
#868 = PLANE ( 'NONE',  #6275 ) ;
#869 = EDGE_CURVE ( 'NONE', #6256, #2323, #6082, .T. ) ;
#870 = CARTESIAN_POINT ( 'NONE',  ( 0.3806335665248694045, 1.025000000000000133, 1.334250950148672343 ) ) ;
#871 = CARTESIAN_POINT ( 'NONE',  ( -0.5462354562025001359, 1.025000000000000355, 0.8412721904612345813 ) ) ;
#872 = CARTESIAN_POINT ( 'NONE',  ( 0.7830146141232979806, 1.034999999999999920, 0.8759254739018295099 ) ) ;
#873 = B_SPLINE_CURVE_WITH_KNOTS ( 'NONE', 3,
 ( #1481, #2526, #1441, #497, #6472, #4474, #4988, #2981, #1979 ),
 .UNSPECIFIED., .F., .F.,
 ( 4, 1, 1, 1, 1, 1, 4 ),
 ( 0.000000000000000000, 0.1721040002205779518, 0.3251104590458972488, 0.4612272505695235725, 0.5810596373885457133, 0.7948419735329883551, 1.000000000000000000 ),
 .UNSPECIFIED. ) ;
#874 = VERTEX_POINT ( 'NONE', #1369 ) ;
#875 =( NAMED_UNIT ( * ) SI_UNIT ( $, .STERADIAN. ) SOLID_ANGLE_UNIT ( ) );
#876 = CARTESIAN_POINT ( 'NONE',  ( -0.7066733836020947512, 1.035000000000000142, 0.1609778065568407968 ) ) ;
#877 = EDGE_LOOP ( 'NONE', ( #5635, #969, #1508, #5707 ) ) ;
#878 = FILL_AREA_STYLE ('',( #5347 ) ) ;
#879 =( GEOMETRIC_REPRESENTATION_CONTEXT ( 3 ) GLOBAL_UNCERTAINTY_ASSIGNED_CONTEXT ( ( #33 ) ) GLOBAL_UNIT_ASSIGNED_CONTEXT ( ( #5756, #6220, #794 ) ) REPRESENTATION_CONTEXT ( 'NONE', 'WORKASPACE' ) );
#880 = CARTESIAN_POINT ( 'NONE',  ( 0.02312946384105593958, 1.024999999999999689, 1.130708011491502019 ) ) ;
#881 = CARTESIAN_POINT ( 'NONE',  ( -0.06957470751496550032, 1.034999999999999920, 0.8451883045114930715 ) ) ;
#882 = VECTOR ( 'NONE', #6371, 1000.000000000000000 ) ;
#883 = CARTESIAN_POINT ( 'NONE',  ( -0.4032695772768110087, 1.024999999999999911, 0.8244472621065873641 ) ) ;
#884 = CARTESIAN_POINT ( 'NONE',  ( 0.2009946833897158780, 1.024999999999999911, 0.1830551119440699814 ) ) ;
#885 = EDGE_LOOP ( 'NONE', ( #2385, #800, #1620, #1764 ) ) ;
#886 = FILL_AREA_STYLE_COLOUR ( '', #4231 ) ;
#887 = AXIS2_PLACEMENT_3D ( 'NONE', #5816, #2237, #6338 ) ;
#888 =( NAMED_UNIT ( * ) PLANE_ANGLE_UNIT ( ) SI_UNIT ( $, .RADIAN. ) );
#889 = CARTESIAN_POINT ( 'NONE',  ( 0.5940888748797414909, 1.024999999999999911, 0.8385928700513110012 ) ) ;
#890 = CARTESIAN_POINT ( 'NONE',  ( 0.4230769230769230171, 1.034999999999999920, 0.9711538461538463674 ) ) ;
#891 = CARTESIAN_POINT ( 'NONE',  ( 0.5003004807692308376, 1.034999999999999920, 1.219501201923077316 ) ) ;
#892 = ORIENTED_EDGE ( 'NONE', *, *, #2924, .T. ) ;
#893 = CARTESIAN_POINT ( 'NONE',  ( 0.5673076923076922906, 1.034999999999999920, 0.7500000000000002220 ) ) ;
#894 = CARTESIAN_POINT ( 'NONE',  ( -0.4356378398387115713, 1.024999999999999689, 0.3392601711691884403 ) ) ;
#895 = FILL_AREA_STYLE_COLOUR ( '', #4963 ) ;
#896 = EDGE_CURVE ( 'NONE', #5900, #1837, #761, .T. ) ;
#897 = VECTOR ( 'NONE', #5759, 1000.000000000000000 ) ;
#898 = CARTESIAN_POINT ( 'NONE',  ( -0.4519230769230769273, 1.034999999999999920, 0.9579326923076925127 ) ) ;
#899 = VERTEX_POINT ( 'NONE', #2914 ) ;
#900 = CARTESIAN_POINT ( 'NONE',  ( -0.6189714532072565500, 1.034999999999999920, 0.8385981092399693582 ) ) ;
#901 = CARTESIAN_POINT ( 'NONE',  ( -0.1917685378852437006, 1.024999999999999689, -0.8908502233264575798 ) ) ;
#902 = ORIENTED_EDGE ( 'NONE', *, *, #1253, .T. ) ;
#903 = CARTESIAN_POINT ( 'NONE',  ( 0.7109369966974191657, 1.034999999999999920, -0.1871877039025902079 ) ) ;
#904 = ORIENTED_EDGE ( 'NONE', *, *, #4283, .F. ) ;
#905 =( NAMED_UNIT ( * ) PLANE_ANGLE_UNIT ( ) SI_UNIT ( $, .RADIAN. ) );
#906 = ORIENTED_EDGE ( 'NONE', *, *, #5126, .F. ) ;
#907 = CARTESIAN_POINT ( 'NONE',  ( -0.6464977844380425109, 1.025000000000000133, 0.8451883045114931825 ) ) ;
#908 = CARTESIAN_POINT ( 'NONE',  ( 0.2571514423076928235, 1.024999999999999911, -1.269230769230769162 ) ) ;
#909 = EDGE_CURVE ( 'NONE', #435, #1679, #5180, .T. ) ;
#910 = CARTESIAN_POINT ( 'NONE',  ( -0.7560024200292642105, 1.024999999999999467, -0.2381135273256473617 ) ) ;
#911 =( LENGTH_UNIT ( ) NAMED_UNIT ( * ) SI_UNIT ( .MILLI., .METRE. ) );
#912 = LINE ( 'NONE', #4066, #3176 ) ;
#913 = SURFACE_STYLE_FILL_AREA ( #841 ) ;
#914 = DIRECTION ( 'NONE',  ( -0.000000000000000000, -1.000000000000000000, -0.000000000000000000 ) ) ;
#915 = SURFACE_STYLE_FILL_AREA ( #267 ) ;
#916 = CARTESIAN_POINT ( 'NONE',  ( 0.6352748099598589659, 1.024999999999999911, 1.094640769511485479 ) ) ;
#917 = B_SPLINE_CURVE_WITH_KNOTS ( 'NONE', 3,
 ( #5605, #4181, #2673, #6174, #4113, #3088, #4700, #3133, #1666, #1623, #3567, #2147, #2582, #609, #4160, #3072, #84, #587, #1135 ),
 .UNSPECIFIED., .F., .F.,
 ( 4, 1, 1, 1, 1, 1, 1, 1, 1, 1, 1, 1, 1, 1, 1, 1, 4 ),
 ( 0.000000000000000000, 0.1114096600426611183, 0.2145263672558013757, 0.3094172254458344984, 0.3960871907990312080, 0.4742842164262463522, 0.5443738816396973546, 0.6064195628105359948, 0.6605816023749733201, 0.7097938180647574979, 0.7564506485918283119, 0.8007673253039319095, 0.8431682879413343601, 0.8842948685500483519, 0.9238845020552849396, 0.9623587101392159227, 1.000000000000000000 ),
 .UNSPECIFIED. ) ;
#918 = SURFACE_STYLE_FILL_AREA ( #3672 ) ;
#919 = CARTESIAN_POINT ( 'NONE',  ( -0.07763924145519682241, 1.024999999999999911, 1.340513759941373451 ) ) ;
#920 = CARTESIAN_POINT ( 'NONE',  ( -0.3859165284652604222, 1.025000000000000355, 0.3448924157040462735 ) ) ;
#921 = UNCERTAINTY_MEASURE_WITH_UNIT (LENGTH_MEASURE( 1.000000000000000082E-05 ), #3287, 'distance_accuracy_value', 'NONE');
#922 = CARTESIAN_POINT ( 'NONE',  ( -0.2415561252545030124, 1.034999999999999920, 0.1873539520022203253 ) ) ;
#923 = CARTESIAN_POINT ( 'NONE',  ( 0.08407600387111015261, 1.025000000000000133, 1.064245337337989206 ) ) ;
#924 = CARTESIAN_POINT ( 'NONE',  ( -0.7253338131151673140, 1.034999999999999920, 0.9276918119063907175 ) ) ;
#925 = CARTESIAN_POINT ( 'NONE',  ( -0.3641093951549729812, 1.025000000000000133, 0.8949845457384372205 ) ) ;
#926 = VECTOR ( 'NONE', #6106, 1000.000000000000000 ) ;
#927 = CARTESIAN_POINT ( 'NONE',  ( -0.6167312096664295806, 1.034999999999999920, 1.308609899621553385 ) ) ;
#928 = UNCERTAINTY_MEASURE_WITH_UNIT (LENGTH_MEASURE( 1.000000000000000082E-05 ), #1403, 'distance_accuracy_value', 'NONE');
#929 = CARTESIAN_POINT ( 'NONE',  ( 0.4688939157507855948, 1.034999999999999920, -0.9446510893511390616 ) ) ;
#930 = ORIENTED_EDGE ( 'NONE', *, *, #352, .F. ) ;
#931 = AXIS2_PLACEMENT_3D ( 'NONE', #361, #4902, #3321 ) ;
#932 = CARTESIAN_POINT ( 'NONE',  ( -0.009615384615384716532, 1.034999999999999920, 0.7500000000000004441 ) ) ;
#933 = CARTESIAN_POINT ( 'NONE',  ( 0.5924385426592720938, 1.024999999999999911, -0.2685671670392585364 ) ) ;
#934 = CARTESIAN_POINT ( 'NONE',  ( -0.1179670287050066380, 1.024999999999999911, -1.132745265255430844 ) ) ;
#935 = CARTESIAN_POINT ( 'NONE',  ( -0.7697840173214464121, 1.034999999999999920, 0.8183052022479979648 ) ) ;
#936 = DIRECTION ( 'NONE',  ( 0.000000000000000000, 0.000000000000000000, 1.000000000000000000 ) ) ;
#937 = STYLED_ITEM ( 'NONE', ( #517 ), #5777 ) ;
#938 = CARTESIAN_POINT ( 'NONE',  ( -0.2267620149864838508, 1.035000000000000142, 1.380799805016254878 ) ) ;
#939 = CARTESIAN_POINT ( 'NONE',  ( -0.1361177884615386025, 1.024999999999999911, 1.403846153846154410 ) ) ;
#940 = CARTESIAN_POINT ( 'NONE',  ( -0.7351063698627482434, 1.034999999999999698, 1.291137545940028941 ) ) ;
#941 = CARTESIAN_POINT ( 'NONE',  ( -0.2831391832459439484, 1.034999999999999698, 0.1912586387461336357 ) ) ;
#942 = CARTESIAN_POINT ( 'NONE',  ( 0.8013403303447494963, 1.035000000000000142, -0.2830949145059511451 ) ) ;
#943 = CARTESIAN_POINT ( 'NONE',  ( -0.8365384615384616751, 1.024999999999999911, 1.500000000000000444 ) ) ;
#944 = EDGE_CURVE ( 'NONE', #59, #5256, #561, .T. ) ;
#945 = CARTESIAN_POINT ( 'NONE',  ( 0.1062076452984871827, 1.024999999999999689, 0.7728591684128819361 ) ) ;
#946 = CARTESIAN_POINT ( 'NONE',  ( 0.1119670840417978652, 1.025000000000000133, -1.238172269283417171 ) ) ;
#947 = SURFACE_STYLE_USAGE ( .BOTH. , #428 ) ;
#948 = CARTESIAN_POINT ( 'NONE',  ( 0.7016138497249870820, 1.024999999999999911, 0.9454479468394775266 ) ) ;
#949 = SURFACE_STYLE_USAGE ( .BOTH. , #5976 ) ;
#950 = CARTESIAN_POINT ( 'NONE',  ( 0.1200420278956285391, 1.024999999999999467, 0.9216901571185678321 ) ) ;
#951 = UNCERTAINTY_MEASURE_WITH_UNIT (LENGTH_MEASURE( 1.000000000000000082E-05 ), #4465, 'distance_accuracy_value', 'NONE');
#952 = EDGE_LOOP ( 'NONE', ( #4237, #965, #631, #689, #2694, #1848, #4754, #6399, #4263, #1664, #5092, #2328, #1019 ) ) ;
#953 = CARTESIAN_POINT ( 'NONE',  ( 0.6994978286229907027, 1.034999999999999920, 0.9837818860903952967 ) ) ;
#954 = B_SPLINE_CURVE_WITH_KNOTS ( 'NONE', 3,
 ( #54, #1052, #5613, #1188, #4658, #4147, #664, #2136, #1116, #4679, #158 ),
 .UNSPECIFIED., .F., .F.,
 ( 4, 1, 1, 1, 1, 1, 1, 1, 4 ),
 ( 0.000000000000000000, 0.1390472363260269462, 0.2672817901977418975, 0.3883655965705407609, 0.5081835141449939641, 0.6286263012378519033, 0.7487570598606410055, 0.8695887494414636931, 1.000000000000000000 ),
 .UNSPECIFIED. ) ;
#955 = CARTESIAN_POINT ( 'NONE',  ( 0.4376011954984548313, 1.034999999999999920, -1.218838853150802537 ) ) ;
#956 = CARTESIAN_POINT ( 'NONE',  ( -0.6599501028923885348, 1.034999999999999920, 0.2256499305191311811 ) ) ;
#957 = AXIS2_PLACEMENT_3D ( 'NONE', #5233, #1647, #5738 ) ;
#958 = CARTESIAN_POINT ( 'NONE',  ( -0.07662259615384627021, 1.034999999999999920, 1.219501201923077538 ) ) ;
#959 = CARTESIAN_POINT ( 'NONE',  ( -0.7654663496555110802, 1.024999999999999911, -0.1448041258526025499 ) ) ;
#960 = CARTESIAN_POINT ( 'NONE',  ( 0.1560260836043374510, 1.024999999999999911, -1.252405169871649182 ) ) ;
#961 =( GEOMETRIC_REPRESENTATION_CONTEXT ( 3 ) GLOBAL_UNCERTAINTY_ASSIGNED_CONTEXT ( ( #928 ) ) GLOBAL_UNIT_ASSIGNED_CONTEXT ( ( #1403, #5048, #1013 ) ) REPRESENTATION_CONTEXT ( 'NONE', 'WORKASPACE' ) );
#962 =( GEOMETRIC_REPRESENTATION_CONTEXT ( 3 ) GLOBAL_UNCERTAINTY_ASSIGNED_CONTEXT ( ( #754 ) ) GLOBAL_UNIT_ASSIGNED_CONTEXT ( ( #5027, #6530, #3462 ) ) REPRESENTATION_CONTEXT ( 'NONE', 'WORKASPACE' ) );
#963 = CARTESIAN_POINT ( 'NONE',  ( -0.03485701459109043915, 1.035000000000000142, -1.176676445359459144 ) ) ;
#964 = CARTESIAN_POINT ( 'NONE',  ( -0.7439828851384415742, 1.035000000000000142, -0.3009824786210819614 ) ) ;
#965 = ORIENTED_EDGE ( 'NONE', *, *, #5316, .F. ) ;
#966 = CARTESIAN_POINT ( 'NONE',  ( 0.1104622307674721499, 1.034999999999999920, 0.9000261689353128425 ) ) ;
#967 =( GEOMETRIC_REPRESENTATION_CONTEXT ( 3 ) GLOBAL_UNCERTAINTY_ASSIGNED_CONTEXT ( ( #1405 ) ) GLOBAL_UNIT_ASSIGNED_CONTEXT ( ( #768, #4812, #2239 ) ) REPRESENTATION_CONTEXT ( 'NONE', 'WORKASPACE' ) );
#968 = CARTESIAN_POINT ( 'NONE',  ( 0.2521919065189246467, 1.034999999999999920, -0.9469047407815436301 ) ) ;
#969 = ORIENTED_EDGE ( 'NONE', *, *, #6314, .F. ) ;
#970 = VECTOR ( 'NONE', #5335, 1000.000000000000000 ) ;
#971 = SURFACE_STYLE_FILL_AREA ( #534 ) ;
#972 = CARTESIAN_POINT ( 'NONE',  ( 0.3256516634535224775, 1.034999999999999698, 1.438671195898516331 ) ) ;
#973 = SURFACE_SIDE_STYLE ('',( #5437 ) ) ;
#974 = ORIENTED_EDGE ( 'NONE', *, *, #442, .T. ) ;
#975 = ORIENTED_EDGE ( 'NONE', *, *, #1198, .T. ) ;
#976 = LINE ( 'NONE', #518, #1133 ) ;
#977 = CARTESIAN_POINT ( 'NONE',  ( 0.1245099311484084564, 1.025000000000000133, 1.162661105553342678 ) ) ;
#978 = CARTESIAN_POINT ( 'NONE',  ( 0.7018186768974628009, 1.034999999999999920, 0.9537176434545547865 ) ) ;
#979 = CARTESIAN_POINT ( 'NONE',  ( 0.6609990807941873436, 1.035000000000000142, 1.064245337337988762 ) ) ;
#980 = CARTESIAN_POINT ( 'NONE',  ( 0.2571514423076928235, 1.024999999999999911, -1.269230769230769162 ) ) ;
#981 = PRESENTATION_STYLE_ASSIGNMENT (( #2452 ) ) ;
#982 = ORIENTED_EDGE ( 'NONE', *, *, #451, .F. ) ;
#983 = FACE_OUTER_BOUND ( 'NONE', #87, .T. ) ;
#984 = CARTESIAN_POINT ( 'NONE',  ( -0.7302429383487287762, 1.034999999999999698, 0.9560362824859588438 ) ) ;
#985 = VECTOR ( 'NONE', #94, 1000.000000000000000 ) ;
#986 = EDGE_CURVE ( 'NONE', #1901, #1502, #3998, .T. ) ;
#987 = PRESENTATION_STYLE_ASSIGNMENT (( #4340 ) ) ;
#988 = CARTESIAN_POINT ( 'NONE',  ( -0.7066733836020947512, 1.024999999999999911, 0.1609778065568407968 ) ) ;
#989 = CARTESIAN_POINT ( 'NONE',  ( -0.5167011380783790297, 1.035000000000000142, 0.1299168511404120152 ) ) ;
#990 = CARTESIAN_POINT ( 'NONE',  ( 0.3806335665248694045, 1.035000000000000142, 1.334250950148672343 ) ) ;
#991 = CARTESIAN_POINT ( 'NONE',  ( -1.849999999999999645, -1.024999999999999911, 2.000000000000000000 ) ) ;
#992 = ORIENTED_EDGE ( 'NONE', *, *, #5126, .T. ) ;
#993 = FILL_AREA_STYLE ('',( #6011 ) ) ;
#994 = PRESENTATION_STYLE_ASSIGNMENT (( #1155 ) ) ;
#995 = UNCERTAINTY_MEASURE_WITH_UNIT (LENGTH_MEASURE( 1.000000000000000082E-05 ), #4011, 'distance_accuracy_value', 'NONE');
#996 = PRESENTATION_LAYER_ASSIGNMENT (  '', '', ( #4986 ) ) ;
#997 =( NAMED_UNIT ( * ) PLANE_ANGLE_UNIT ( ) SI_UNIT ( $, .RADIAN. ) );
#998 = CARTESIAN_POINT ( 'NONE',  ( 0.4329612670175467803, 1.034999999999999920, 0.7800866347188735173 ) ) ;
#999 = ORIENTED_EDGE ( 'NONE', *, *, #5525, .T. ) ;
#1000 = CARTESIAN_POINT ( 'NONE',  ( -0.4897085815187425806, 1.024999999999999689, 0.8715447404585627833 ) ) ;
#1001 = SURFACE_SIDE_STYLE ('',( #749 ) ) ;
#1002 = CARTESIAN_POINT ( 'NONE',  ( -0.7654117154578047311, 1.024999999999999911, -0.1138913059815343520 ) ) ;
#1003 = DIRECTION ( 'NONE',  ( -1.000000000000000000, 0.000000000000000000, 0.000000000000000000 ) ) ;
#1004 = CARTESIAN_POINT ( 'NONE',  ( -0.06674896830846809015, 1.024999999999999911, 1.331288948873510458 ) ) ;
#1005 = ADVANCED_FACE ( 'NONE', ( #5582 ), #6386, .F. ) ;
#1006 = CARTESIAN_POINT ( 'NONE',  ( -0.5712790676093170150, 1.035000000000000586, 0.04666810681196591898 ) ) ;
#1007 = CARTESIAN_POINT ( 'NONE',  ( -0.3563898423674587979, 1.025000000000000355, 0.9793131793324549861 ) ) ;
#1008 = CARTESIAN_POINT ( 'NONE',  ( -0.04204837628417965739, 1.025000000000000133, 0.8385981092399695802 ) ) ;
#1009 = CARTESIAN_POINT ( 'NONE',  ( 0.09605909117721764257, 1.024999999999999911, 0.8804506858141281089 ) ) ;
#1010 = SURFACE_SIDE_STYLE ('',( #123 ) ) ;
#1011 = EDGE_CURVE ( 'NONE', #6342, #4492, #3587, .T. ) ;
#1012 = DIRECTION ( 'NONE',  ( -0.000000000000000000, 0.000000000000000000, -1.000000000000000000 ) ) ;
#1013 =( NAMED_UNIT ( * ) SI_UNIT ( $, .STERADIAN. ) SOLID_ANGLE_UNIT ( ) );
#1014 = CARTESIAN_POINT ( 'NONE',  ( 0.4943847406355347252, 1.034999999999999920, 0.7572851291288786868 ) ) ;
#1015 = SURFACE_STYLE_USAGE ( .BOTH. , #2514 ) ;
#1016 = PRESENTATION_LAYER_ASSIGNMENT (  '', '', ( #6307 ) ) ;
#1017 = CARTESIAN_POINT ( 'NONE',  ( 0.6544772024941873934, 1.035000000000000142, 0.8631895418681122534 ) ) ;
#1018 =( NAMED_UNIT ( * ) PLANE_ANGLE_UNIT ( ) SI_UNIT ( $, .RADIAN. ) );
#1019 = ORIENTED_EDGE ( 'NONE', *, *, #1796, .F. ) ;
#1020 = CARTESIAN_POINT ( 'NONE',  ( -0.7307692307692308376, 1.024999999999999911, 0.9711538461538463674 ) ) ;
#1021 = EDGE_CURVE ( 'NONE', #4126, #6256, #1711, .T. ) ;
#1022 = CARTESIAN_POINT ( 'NONE',  ( -0.02384577843869551197, 1.024999999999999911, 1.295053357843855446 ) ) ;
#1023 = VERTEX_POINT ( 'NONE', #4256 ) ;
#1024 = CARTESIAN_POINT ( 'NONE',  ( -0.3594674135130906389, 1.025000000000000133, 0.1918791199386858659 ) ) ;
#1025 = CARTESIAN_POINT ( 'NONE',  ( -1.604999999999999982, -1.024999999999999911, 1.625000000000000000 ) ) ;
#1026 = CARTESIAN_POINT ( 'NONE',  ( 0.2211538461538460343, 1.034999999999999920, 0.9570312500000004441 ) ) ;
#1027 = ORIENTED_EDGE ( 'NONE', *, *, #2110, .F. ) ;
#1028 = SURFACE_SIDE_STYLE ('',( #971 ) ) ;
#1029 = CARTESIAN_POINT ( 'NONE',  ( -0.8346377511422808926, 1.035000000000000142, 1.466000064178921702 ) ) ;
#1030 = CARTESIAN_POINT ( 'NONE',  ( 0.2521919065189246467, 1.024999999999999911, -0.9469047407815436301 ) ) ;
#1031 = CARTESIAN_POINT ( 'NONE',  ( 0.2401513906992601421, 1.025000000000000133, -0.9317271042448359575 ) ) ;
#1032 = ADVANCED_FACE ( 'NONE', ( #3907 ), #3833, .T. ) ;
#1033 = ORIENTED_EDGE ( 'NONE', *, *, #4275, .T. ) ;
#1034 =( NAMED_UNIT ( * ) SI_UNIT ( $, .STERADIAN. ) SOLID_ANGLE_UNIT ( ) );
#1035 = FILL_AREA_STYLE_COLOUR ( '', #1058 ) ;
#1036 = PRODUCT_DEFINITION_SHAPE ( 'NONE', 'NONE',  #2991 ) ;
#1037 = CARTESIAN_POINT ( 'NONE',  ( -0.5213818887181209671, 1.034999999999999920, 0.8499915930093842054 ) ) ;
#1038 = MECHANICAL_DESIGN_GEOMETRIC_PRESENTATION_REPRESENTATION (  '', ( #5876 ), #1729 ) ;
#1039 = VERTEX_POINT ( 'NONE', #5354 ) ;
#1040 = EDGE_LOOP ( 'NONE', ( #4526, #1154, #4440, #5082, #505, #3667, #4680, #5194, #3694, #742, #5612, #4540, #3249 ) ) ;
#1041 = EDGE_LOOP ( 'NONE', ( #5934, #5814, #4183, #1853 ) ) ;
#1042 = STYLED_ITEM ( 'NONE', ( #2505 ), #5293 ) ;
#1043 = STYLED_ITEM ( 'NONE', ( #6102 ), #6031 ) ;
#1044 = CARTESIAN_POINT ( 'NONE',  ( -0.07763924145519682241, 1.034999999999999920, 1.340513759941373451 ) ) ;
#1045 = SURFACE_STYLE_FILL_AREA ( #6254 ) ;
#1046 = CARTESIAN_POINT ( 'NONE',  ( 0.4641704701746396378, 1.034999999999999476, 1.248891001546740487 ) ) ;
#1047 = CARTESIAN_POINT ( 'NONE',  ( 0.7942258204726675430, 1.034999999999999476, 1.001524615184221645 ) ) ;
#1048 = FACE_OUTER_BOUND ( 'NONE', #2002, .T. ) ;
#1049 = CARTESIAN_POINT ( 'NONE',  ( 0.3911119599344423658, 1.034999999999999698, -1.251079475078177961 ) ) ;
#1050 = VECTOR ( 'NONE', #1572, 1000.000000000000000 ) ;
#1051 = ORIENTED_EDGE ( 'NONE', *, *, #2466, .T. ) ;
#1052 = CARTESIAN_POINT ( 'NONE',  ( 0.2960722398858498527, 1.024999999999999911, -0.7886821409754802836 ) ) ;
#1053 = PLANE ( 'NONE',  #6116 ) ;
#1054 =( GEOMETRIC_REPRESENTATION_CONTEXT ( 3 ) GLOBAL_UNCERTAINTY_ASSIGNED_CONTEXT ( ( #513 ) ) GLOBAL_UNIT_ASSIGNED_CONTEXT ( ( #2858, #3840, #4891 ) ) REPRESENTATION_CONTEXT ( 'NONE', 'WORKASPACE' ) );
#1055 = CARTESIAN_POINT ( 'NONE',  ( 0.7637620192307699174, 1.025000000000000133, -0.2397836538461539380 ) ) ;
#1056 = CARTESIAN_POINT ( 'NONE',  ( 0.2826923076923082423, 1.034999999999999920, -0.9798677884615384359 ) ) ;
#1057 = SURFACE_STYLE_FILL_AREA ( #1335 ) ;
#1058 = COLOUR_RGB ( '',1.000000000000000000, 1.000000000000000000, 1.000000000000000000 ) ;
#1059 = CARTESIAN_POINT ( 'NONE',  ( -0.4993689513519660728, 1.034999999999999698, 0.8631895418681121424 ) ) ;
#1060 = B_SPLINE_CURVE_WITH_KNOTS ( 'NONE', 3,
 ( #3589, #503, #4030, #4541, #2532, #5733, #1131, #171, #1685, #3110, #3628, #1182, #1082, #5228, #6148, #3130, #6216, #4201, #5647 ),
 .UNSPECIFIED., .F., .F.,
 ( 4, 1, 1, 1, 1, 1, 1, 1, 1, 1, 1, 1, 1, 1, 1, 1, 4 ),
 ( 0.000000000000000000, 0.1114096600426610489, 0.2145263672558011536, 0.3094172254458339433, 0.3960871907990311525, 0.4742842164262457416, 0.5443738816396979097, 0.6064195628105359948, 0.6605816023749734311, 0.7097938180647574979, 0.7564506485918283119, 0.8007673253039319095, 0.8431682879413343601, 0.8842948685500490180, 0.9238845020552842735, 0.9623587101392159227, 1.000000000000000000 ),
 .UNSPECIFIED. ) ;
#1061 = CIRCLE ( 'NONE', #4557, 0.1500000000000001887 ) ;
#1062 = COLOUR_RGB ( '',0.6470588235294117974, 0.5176470588235293491, 0.000000000000000000 ) ;
#1063 = DIRECTION ( 'NONE',  ( -1.000000000000000000, -0.000000000000000000, 0.000000000000000000 ) ) ;
#1064 = COLOUR_RGB ( '',0.6470588235294117974, 0.5176470588235293491, 0.000000000000000000 ) ;
#1065 = VERTEX_POINT ( 'NONE', #4301 ) ;
#1066 = LINE ( 'NONE', #466, #2971 ) ;
#1067 =( NAMED_UNIT ( * ) PLANE_ANGLE_UNIT ( ) SI_UNIT ( $, .RADIAN. ) );
#1068 = CARTESIAN_POINT ( 'NONE',  ( 0.6792223042076592776, 1.035000000000000142, -0.1594294256854960901 ) ) ;
#1069 = SURFACE_STYLE_USAGE ( .BOTH. , #4520 ) ;
#1070 = PRESENTATION_STYLE_ASSIGNMENT (( #3887 ) ) ;
#1071 = CARTESIAN_POINT ( 'NONE',  ( 0.7016138497249870820, 1.034999999999999920, 0.9454479468394775266 ) ) ;
#1072 = CARTESIAN_POINT ( 'NONE',  ( -0.5638521634615384359, 1.034999999999999920, 1.264723557692307931 ) ) ;
#1073 =( NAMED_UNIT ( * ) SI_UNIT ( $, .STERADIAN. ) SOLID_ANGLE_UNIT ( ) );
#1074 = ORIENTED_EDGE ( 'NONE', *, *, #2201, .F. ) ;
#1075 = CARTESIAN_POINT ( 'NONE',  ( -0.4928470730519666221, 1.034999999999999698, 1.064245337337988540 ) ) ;
#1076 = CARTESIAN_POINT ( 'NONE',  ( 1.849999999999999645, 1.024999999999999911, 2.000000000000000000 ) ) ;
#1077 = CARTESIAN_POINT ( 'NONE',  ( 0.3635385003409744020, 1.034999999999999920, -1.082922609674822123 ) ) ;
#1078 = CARTESIAN_POINT ( 'NONE',  ( -0.8036850919095607226, 1.025000000000000133, 1.380799805016254655 ) ) ;
#1079 = CARTESIAN_POINT ( 'NONE',  ( -0.2175946450717252956, 1.035000000000000364, 0.8517178425193889790 ) ) ;
#1080 = CARTESIAN_POINT ( 'NONE',  ( -1.499999999999996891, 1.034999999999999920, -1.650000000000000799 ) ) ;
#1081 = CARTESIAN_POINT ( 'NONE',  ( -0.4568810490274483604, 1.035000000000000142, 0.9216901571185679432 ) ) ;
#1082 = CARTESIAN_POINT ( 'NONE',  ( 0.6860523257965557287, 1.024999999999999911, 1.023402570223235664 ) ) ;
#1083 = FACE_OUTER_BOUND ( 'NONE', #885, .T. ) ;
#1084 = CARTESIAN_POINT ( 'NONE',  ( 0.3806335665248694045, 1.025000000000000133, 1.334250950148672343 ) ) ;
#1085 = PRESENTATION_LAYER_ASSIGNMENT (  '', '', ( #6150 ) ) ;
#1086 = CARTESIAN_POINT ( 'NONE',  ( 0.6203593329913960064, 1.024999999999999689, -0.2915349385491523559 ) ) ;
#1087 = CARTESIAN_POINT ( 'NONE',  ( 0.5497883491926220945, 1.034999999999999698, 0.8368925012777318484 ) ) ;
#1088 = CARTESIAN_POINT ( 'NONE',  ( 0.6076106976436539409, 1.035000000000000142, 0.8412721904612346924 ) ) ;
#1089 = CARTESIAN_POINT ( 'NONE',  ( 0.7813705489506576063, 1.034999999999999698, 1.045491749235682333 ) ) ;
#1090 = FACE_OUTER_BOUND ( 'NONE', #2548, .T. ) ;
#1091 = ORIENTED_EDGE ( 'NONE', *, *, #1660, .F. ) ;
#1092 = EDGE_CURVE ( 'NONE', #4688, #6285, #2078, .T. ) ;
#1093 = CARTESIAN_POINT ( 'NONE',  ( -0.4747223270034429676, 1.035000000000000142, 1.036833623450326813 ) ) ;
#1094 = CARTESIAN_POINT ( 'NONE',  ( 0.4992838354678801882, 1.024999999999999911, 1.340513759941373451 ) ) ;
#1095 = VECTOR ( 'NONE', #4252, 1000.000000000000000 ) ;
#1096 = CARTESIAN_POINT ( 'NONE',  ( -0.8365485009993929300, 1.034999999999999920, 1.494285306604467900 ) ) ;
#1097 = CARTESIAN_POINT ( 'NONE',  ( -0.03496395161090221082, 1.024999999999999911, 0.7505253949516117462 ) ) ;
#1098 = ORIENTED_EDGE ( 'NONE', *, *, #99, .F. ) ;
#1099 = ADVANCED_FACE ( 'NONE', ( #2900 ), #6436, .T. ) ;
#1100 = CARTESIAN_POINT ( 'NONE',  ( -0.6007688553617724914, 1.024999999999999245, 1.295053357843854336 ) ) ;
#1101 = PRESENTATION_LAYER_ASSIGNMENT (  '', '', ( #2598 ) ) ;
#1102 = B_SPLINE_CURVE_WITH_KNOTS ( 'NONE', 3,
 ( #4306, #6303, #3283, #1215, #4752, #1721, #2223, #4463, #4975, #1936, #452 ),
 .UNSPECIFIED., .F., .F.,
 ( 4, 1, 1, 1, 1, 1, 1, 1, 4 ),
 ( 0.000000000000000000, 0.1264630745233724651, 0.2522466205712358134, 0.3779551316873580591, 0.5025970568683888473, 0.6268928064531410493, 0.7507601890909383346, 0.8748330682497765798, 1.000000000000000000 ),
 .UNSPECIFIED. ) ;
#1103 = EDGE_CURVE ( 'NONE', #5499, #3814, #844, .T. ) ;
#1104 = CARTESIAN_POINT ( 'NONE',  ( -0.4522323041211668282, 1.035000000000000142, 0.9454479468394777486 ) ) ;
#1105 = CARTESIAN_POINT ( 'NONE',  ( 0.8076923076923077094, 1.034999999999999920, 1.500000000000000222 ) ) ;
#1106 = EDGE_CURVE ( 'NONE', #1516, #1521, #647, .T. ) ;
#1107 = DIRECTION ( 'NONE',  ( -0.000000000000000000, -1.000000000000000000, -0.000000000000000000 ) ) ;
#1108 = DIRECTION ( 'NONE',  ( 0.000000000000000000, -0.000000000000000000, 1.000000000000000000 ) ) ;
#1109 = PLANE ( 'NONE',  #2484 ) ;
#1110 = UNCERTAINTY_MEASURE_WITH_UNIT (LENGTH_MEASURE( 1.000000000000000082E-05 ), #5455, 'distance_accuracy_value', 'NONE');
#1111 = CARTESIAN_POINT ( 'NONE',  ( 0.5899939903846154188, 1.034999999999999920, 1.264723557692307931 ) ) ;
#1112 = CARTESIAN_POINT ( 'NONE',  ( 0.6641375723274111076, 1.034999999999999698, 0.8715447404585627833 ) ) ;
#1113 = CARTESIAN_POINT ( 'NONE',  ( 0.6125160628963287612, 1.024999999999999467, 1.245493178173427085 ) ) ;
#1114 = STYLED_ITEM ( 'NONE', ( #1659 ), #2636 ) ;
#1115 = CARTESIAN_POINT ( 'NONE',  ( -0.1538461538461539935, 1.034999999999999920, 0.9711538461538465894 ) ) ;
#1116 = CARTESIAN_POINT ( 'NONE',  ( 0.2162151556468711877, 1.024999999999999911, -0.8579314103036175254 ) ) ;
#1117 = CARTESIAN_POINT ( 'NONE',  ( -0.4747223270034429676, 1.025000000000000133, 1.036833623450326813 ) ) ;
#1118 = ORIENTED_EDGE ( 'NONE', *, *, #2466, .F. ) ;
#1119 = CARTESIAN_POINT ( 'NONE',  ( -0.4969438633981932418, 1.034999999999999920, 0.1457252904592511167 ) ) ;
#1120 = CARTESIAN_POINT ( 'NONE',  ( 0.2195110356128048001, 1.024999999999999911, -0.8931975061414779704 ) ) ;
#1121 = SURFACE_STYLE_USAGE ( .BOTH. , #3125 ) ;
#1122 = CARTESIAN_POINT ( 'NONE',  ( -0.1439618099055302580, 1.034999999999999920, 0.7800866347188734062 ) ) ;
#1123 = EDGE_LOOP ( 'NONE', ( #11, #3422, #3658, #182 ) ) ;
#1124 = VECTOR ( 'NONE', #3856, 1000.000000000000000 ) ;
#1125 = CARTESIAN_POINT ( 'NONE',  ( -0.7069529773705758302, 1.034999999999999920, 1.395641797569606934 ) ) ;
#1126 = CARTESIAN_POINT ( 'NONE',  ( 0.4529646715677454472, 1.034999999999999920, 0.8814623108698970144 ) ) ;
#1127 = ORIENTED_EDGE ( 'NONE', *, *, #1452, .T. ) ;
#1128 = AXIS2_PLACEMENT_3D ( 'NONE', #1305, #3344, #2851 ) ;
#1129 = CARTESIAN_POINT ( 'NONE',  ( -0.009615384615384716532, 1.034999999999999920, 0.7500000000000004441 ) ) ;
#1130 = FACE_OUTER_BOUND ( 'NONE', #3260, .T. ) ;
#1131 = CARTESIAN_POINT ( 'NONE',  ( 0.6188823064622549497, 1.024999999999999911, 1.111914594161550918 ) ) ;
#1132 = ORIENTED_EDGE ( 'NONE', *, *, #6522, .T. ) ;
#1133 = VECTOR ( 'NONE', #5003, 1000.000000000000000 ) ;
#1134 = PLANE ( 'NONE',  #714 ) ;
#1135 = CARTESIAN_POINT ( 'NONE',  ( 0.1249999999999998890, 1.024999999999999911, 0.9579326923076927347 ) ) ;
#1136 = VECTOR ( 'NONE', #3971, 1000.000000000000000 ) ;
#1137 =( NAMED_UNIT ( * ) SI_UNIT ( $, .STERADIAN. ) SOLID_ANGLE_UNIT ( ) );
#1138 = ORIENTED_EDGE ( 'NONE', *, *, #5401, .T. ) ;
#1139 = ORIENTED_EDGE ( 'NONE', *, *, #4417, .F. ) ;
#1140 = ADVANCED_FACE ( 'NONE', ( #6435 ), #4333, .T. ) ;
#1141 = CARTESIAN_POINT ( 'NONE',  ( 0.4328885819389543532, 1.024999999999999689, 0.9148738954979116489 ) ) ;
#1142 = EDGE_CURVE ( 'NONE', #3161, #1023, #1699, .T. ) ;
#1143 = DIRECTION ( 'NONE',  ( -0.000000000000000000, -1.000000000000000000, -0.000000000000000000 ) ) ;
#1144 = CARTESIAN_POINT ( 'NONE',  ( 0.5976651066058232820, 1.034999999999999920, 1.258173606474872086 ) ) ;
#1145 = CARTESIAN_POINT ( 'NONE',  ( -0.7398370312623998579, 1.034999999999999920, 0.08450636470554295787 ) ) ;
#1146 = DIRECTION ( 'NONE',  ( -1.000000000000000000, -0.000000000000000000, -0.000000000000000000 ) ) ;
#1147 = SURFACE_STYLE_FILL_AREA ( #6327 ) ;
#1148 = CARTESIAN_POINT ( 'NONE',  ( -0.5349638473838986830, 1.024999999999999689, 1.111914594161550918 ) ) ;
#1149 = CARTESIAN_POINT ( 'NONE',  ( -0.1928609403983695125, 1.034999999999999920, 0.8183052022479981868 ) ) ;
#1150 = EDGE_CURVE ( 'NONE', #1521, #847, #5577, .T. ) ;
#1151 = CARTESIAN_POINT ( 'NONE',  ( -0.4519230769230769273, 1.024999999999999911, 0.9579326923076925127 ) ) ;
#1152 = CARTESIAN_POINT ( 'NONE',  ( -0.6535456730769231282, 1.034999999999999920, 1.219501201923077316 ) ) ;
#1153 = CARTESIAN_POINT ( 'NONE',  ( -0.2175946450717252956, 1.025000000000000355, 0.8517178425193889790 ) ) ;
#1154 = ORIENTED_EDGE ( 'NONE', *, *, #3129, .T. ) ;
#1155 = SURFACE_STYLE_USAGE ( .BOTH. , #2685 ) ;
#1156 = ORIENTED_EDGE ( 'NONE', *, *, #4931, .F. ) ;
#1157 = CARTESIAN_POINT ( 'NONE',  ( 0.7897367586911808734, 1.034999999999999920, 0.8949845457384369984 ) ) ;
#1158 = PRESENTATION_STYLE_ASSIGNMENT (( #3300 ) ) ;
#1159 = CARTESIAN_POINT ( 'NONE',  ( 0.2826923076923082423, 1.024999999999999689, -0.9798677884615384359 ) ) ;
#1160 = CARTESIAN_POINT ( 'NONE',  ( 0.3412806957652999573, 1.024999999999999911, 0.8912785242938491281 ) ) ;
#1161 = CARTESIAN_POINT ( 'NONE',  ( -0.3338942307692303046, 1.035000000000000142, 0.3461538461538462563 ) ) ;
#1162 = FILL_AREA_STYLE_COLOUR ( '', #436 ) ;
#1163 = CARTESIAN_POINT ( 'NONE',  ( 0.7126393670829229698, 1.035000000000000142, -0.3732416529636379821 ) ) ;
#1164 = CARTESIAN_POINT ( 'NONE',  ( 0.5348747006388974157, 1.024999999999999911, 0.8385981092399692471 ) ) ;
#1165 = CARTESIAN_POINT ( 'NONE',  ( 0.5701670997292723753, 1.034999999999999920, 0.8366587838276426936 ) ) ;
#1166 = CARTESIAN_POINT ( 'NONE',  ( 0.7430206277123668768, 1.034999999999999476, 1.113162156003707715 ) ) ;
#1167 = SURFACE_SIDE_STYLE ('',( #6086 ) ) ;
#1168 = CARTESIAN_POINT ( 'NONE',  ( -0.04838994535178251649, 1.035000000000000142, 1.195738238068862369 ) ) ;
#1169 = CARTESIAN_POINT ( 'NONE',  ( -0.4574593303330636296, 1.025000000000000133, 0.9969243262400651062 ) ) ;
#1170 =( GEOMETRIC_REPRESENTATION_CONTEXT ( 3 ) GLOBAL_UNCERTAINTY_ASSIGNED_CONTEXT ( ( #2506 ) ) GLOBAL_UNIT_ASSIGNED_CONTEXT ( ( #5207, #3683, #684 ) ) REPRESENTATION_CONTEXT ( 'NONE', 'WORKASPACE' ) );
#1171 = CARTESIAN_POINT ( 'NONE',  ( -0.2276339580243389726, 1.034999999999999698, 0.8706527266382478869 ) ) ;
#1172 = FILL_AREA_STYLE_COLOUR ( '', #5503 ) ;
#1173 = CARTESIAN_POINT ( 'NONE',  ( -0.009615384615384716532, 1.034999999999999920, 0.7500000000000004441 ) ) ;
#1174 = CARTESIAN_POINT ( 'NONE',  ( -0.2490162095564817657, 1.035000000000000142, 0.9531584188986654826 ) ) ;
#1175 = ADVANCED_FACE ( 'NONE', ( #521 ), #5896, .T. ) ;
#1176 = CARTESIAN_POINT ( 'NONE',  ( -0.6312080182447957766, 1.034999999999999920, 1.320496778789089554 ) ) ;
#1177 = LINE ( 'NONE', #5307, #3857 ) ;
#1178 = EDGE_LOOP ( 'NONE', ( #6457, #4856, #2429, #819 ) ) ;
#1179 = CARTESIAN_POINT ( 'NONE',  ( 0.7739519067024717147, 1.034999999999999920, 0.8579668031823564078 ) ) ;
#1180 = PRESENTATION_LAYER_ASSIGNMENT (  '', '', ( #4316 ) ) ;
#1181 = PRODUCT_DEFINITION_FORMATION_WITH_SPECIFIED_SOURCE ( 'ANY', '', #3909, .NOT_KNOWN. ) ;
#1182 = CARTESIAN_POINT ( 'NONE',  ( 0.6791238268427108871, 1.024999999999999689, 1.036833623450326591 ) ) ;
#1183 = CARTESIAN_POINT ( 'NONE',  ( -0.6535456730769231282, 1.034999999999999920, 1.219501201923077316 ) ) ;
#1184 = ORIENTED_EDGE ( 'NONE', *, *, #5633, .F. ) ;
#1185 = CARTESIAN_POINT ( 'NONE',  ( 0.08721449540433420800, 1.034999999999999698, 0.8715447404585627833 ) ) ;
#1186 = EDGE_CURVE ( 'NONE', #2559, #193, #3718, .T. ) ;
#1187 = SURFACE_STYLE_FILL_AREA ( #3682 ) ;
#1188 = CARTESIAN_POINT ( 'NONE',  ( 0.2663192763544285913, 1.024999999999999911, -0.7942354231409158860 ) ) ;
#1189 = VERTEX_POINT ( 'NONE', #2951 ) ;
#1190 = CARTESIAN_POINT ( 'NONE',  ( -0.6040578046535315382, 1.034999999999999698, 0.8368925012777318484 ) ) ;
#1191 = CARTESIAN_POINT ( 'NONE',  ( -0.2062460659291941723, 1.034999999999999698, 0.8340822251097764761 ) ) ;
#1192 = CARTESIAN_POINT ( 'NONE',  ( -0.4574593303330636296, 1.025000000000000133, 0.9969243262400651062 ) ) ;
#1193 = CARTESIAN_POINT ( 'NONE',  ( -0.7130408653846154188, 1.034999999999999920, 1.403846153846154188 ) ) ;
#1194 = DIRECTION ( 'NONE',  ( -0.000000000000000000, -0.000000000000000000, -1.000000000000000000 ) ) ;
#1195 = UNCERTAINTY_MEASURE_WITH_UNIT (LENGTH_MEASURE( 1.000000000000000082E-05 ), #6415, 'distance_accuracy_value', 'NONE');
#1196 = CARTESIAN_POINT ( 'NONE',  ( 0.5899939903846154188, 1.034999999999999920, 1.264723557692307931 ) ) ;
#1197 = B_SPLINE_CURVE_WITH_KNOTS ( 'NONE', 3,
 ( #4796, #6302, #6277, #4305, #5306, #3281, #776, #2397, #4914, #1882, #2372, #4412, #3378, #872, #5918, #376, #5404, #1862, #3882 ),
 .UNSPECIFIED., .F., .F.,
 ( 4, 1, 1, 1, 1, 1, 1, 1, 1, 1, 1, 1, 1, 1, 1, 1, 4 ),
 ( 0.000000000000000000, 0.07471189030450135771, 0.1455392023749086383, 0.2133390572509725469, 0.2786150735384710919, 0.3420941969414981743, 0.4038900759591956824, 0.4650633525655207268, 0.5265767363834863435, 0.5873283340287679399, 0.6463804557031436193, 0.7043453083753261623, 0.7616719489990788627, 0.8194178590468652601, 0.8780393997816821061, 0.9377955090070549948, 1.000000000000000000 ),
 .UNSPECIFIED. ) ;
#1198 = EDGE_CURVE ( 'NONE', #2954, #193, #2564, .T. ) ;
#1199 = CARTESIAN_POINT ( 'NONE',  ( 0.6407202261418077915, 1.024999999999999245, 0.7580082180372670342 ) ) ;
#1200 = CARTESIAN_POINT ( 'NONE',  ( 0.3273737980769230727, 1.024999999999999911, 1.433293269230769384 ) ) ;
#1201 = CARTESIAN_POINT ( 'NONE',  ( 0.2601562500000004219, 1.034999999999999920, -1.115384615384615419 ) ) ;
#1202 = UNCERTAINTY_MEASURE_WITH_UNIT (LENGTH_MEASURE( 1.000000000000000082E-05 ), #3731, 'distance_accuracy_value', 'NONE');
#1203 = ORIENTED_EDGE ( 'NONE', *, *, #1150, .F. ) ;
#1204 = CARTESIAN_POINT ( 'NONE',  ( -0.3594674135130906389, 1.025000000000000133, 0.1918791199386858659 ) ) ;
#1205 = CARTESIAN_POINT ( 'NONE',  ( 0.3647235576923080758, 1.034999999999999920, -1.085036057692307709 ) ) ;
#1206 = FILL_AREA_STYLE_COLOUR ( '', #4408 ) ;
#1207 = ADVANCED_FACE ( 'NONE', ( #448, #1309, #4391, #5423, #6510, #1223 ), #4489, .T. ) ;
#1208 = CARTESIAN_POINT ( 'NONE',  ( 0.5101741086146089899, 1.035000000000000142, 1.331288948873510680 ) ) ;
#1209 = EDGE_LOOP ( 'NONE', ( #3068, #2240, #3341, #2346 ) ) ;
#1210 = CARTESIAN_POINT ( 'NONE',  ( 0.07755412557111047989, 1.034999999999999920, 0.8631895418681124754 ) ) ;
#1211 = AXIS2_PLACEMENT_3D ( 'NONE', #266, #2802, #3762 ) ;
#1212 = EDGE_LOOP ( 'NONE', ( #4716, #5562, #2058, #82 ) ) ;
#1213 = CARTESIAN_POINT ( 'NONE',  ( 0.4215144230769235500, 1.034999999999999920, -1.232271634615384581 ) ) ;
#1214 = VERTEX_POINT ( 'NONE', #4997 ) ;
#1215 = CARTESIAN_POINT ( 'NONE',  ( -0.2409956791037242974, 1.034999999999999920, -0.8446252017695189407 ) ) ;
#1216 = SURFACE_STYLE_USAGE ( .BOTH. , #4238 ) ;
#1217 = ORIENTED_EDGE ( 'NONE', *, *, #1798, .F. ) ;
#1218 = DIRECTION ( 'NONE',  ( -0.000000000000000000, -1.000000000000000000, -0.000000000000000000 ) ) ;
#1219 = CARTESIAN_POINT ( 'NONE',  ( -0.8269230769230769829, 1.034999999999999920, 0.9615384615384617861 ) ) ;
#1220 = CARTESIAN_POINT ( 'NONE',  ( -0.4520274643897460032, 1.024999999999999911, 0.9621975019446505906 ) ) ;
#1221 = PLANE ( 'NONE',  #617 ) ;
#1222 = CARTESIAN_POINT ( 'NONE',  ( -0.1782412323997484283, 1.024999999999999689, 0.3299898398132219968 ) ) ;
#1223 = FACE_BOUND ( 'NONE', #3345, .T. ) ;
#1224 = ORIENTED_EDGE ( 'NONE', *, *, #1452, .F. ) ;
#1225 = MECHANICAL_DESIGN_GEOMETRIC_PRESENTATION_REPRESENTATION (  '', ( #304 ), #961 ) ;
#1226 = CARTESIAN_POINT ( 'NONE',  ( 1.849999999999999645, 1.024999999999999911, 1.849999999999999423 ) ) ;
#1227 = LINE ( 'NONE', #2751, #6105 ) ;
#1228 = DIRECTION ( 'NONE',  ( -0.000000000000000000, -1.000000000000000000, -0.000000000000000000 ) ) ;
#1229 = CARTESIAN_POINT ( 'NONE',  ( 0.4903629656854134322, 1.034999999999999920, 1.348635032081523466 ) ) ;
#1230 =( GEOMETRIC_REPRESENTATION_CONTEXT ( 3 ) GLOBAL_UNCERTAINTY_ASSIGNED_CONTEXT ( ( #3730 ) ) GLOBAL_UNIT_ASSIGNED_CONTEXT ( ( #3393, #888, #820 ) ) REPRESENTATION_CONTEXT ( 'NONE', 'WORKASPACE' ) );
#1231 = CARTESIAN_POINT ( 'NONE',  ( 0.3501566273940918683, 1.034999999999999920, -0.7995306153542193206 ) ) ;
#1232 = PLANE ( 'NONE',  #2332 ) ;
#1233 = FACE_OUTER_BOUND ( 'NONE', #1741, .T. ) ;
#1234 = PRESENTATION_STYLE_ASSIGNMENT (( #2683 ) ) ;
#1235 = CARTESIAN_POINT ( 'NONE',  ( -0.5026283188875922958, 1.034999999999999698, -0.4737855873020376807 ) ) ;
#1236 = VECTOR ( 'NONE', #5235, 1000.000000000000227 ) ;
#1237 =( NAMED_UNIT ( * ) SI_UNIT ( $, .STERADIAN. ) SOLID_ANGLE_UNIT ( ) );
#1238 = SURFACE_STYLE_USAGE ( .BOTH. , #4836 ) ;
#1239 = EDGE_CURVE ( 'NONE', #658, #753, #5726, .T. ) ;
#1240 = DIRECTION ( 'NONE',  ( -0.000000000000000000, -0.000000000000000000, -1.000000000000000000 ) ) ;
#1241 = CYLINDRICAL_SURFACE ( 'NONE', #6322, 0.04999999999999991257 ) ;
#1242 = COLOUR_RGB ( '',1.000000000000000000, 1.000000000000000000, 1.000000000000000000 ) ;
#1243 = CARTESIAN_POINT ( 'NONE',  ( -0.4973557692307689071, 1.035000000000000142, -0.8061899038461539657 ) ) ;
#1244 = UNCERTAINTY_MEASURE_WITH_UNIT (LENGTH_MEASURE( 1.000000000000000082E-05 ), #5917, 'distance_accuracy_value', 'NONE');
#1245 = CARTESIAN_POINT ( 'NONE',  ( -0.3559046077589207435, 1.034999999999999920, 0.9498072415089910958 ) ) ;
#1246 = FACE_OUTER_BOUND ( 'NONE', #663, .T. ) ;
#1247 = FILL_AREA_STYLE ('',( #5464 ) ) ;
#1248 = CARTESIAN_POINT ( 'NONE',  ( 0.7980769230769230171, 1.024999999999999467, 0.9570312500000002220 ) ) ;
#1249 = CARTESIAN_POINT ( 'NONE',  ( -0.8365685462712814102, 1.034999999999999698, 1.482875074157175455 ) ) ;
#1250 = CARTESIAN_POINT ( 'NONE',  ( 0.1102579278943475599, 1.035000000000000364, 0.2288260439057090145 ) ) ;
#1251 = ADVANCED_FACE ( 'NONE', ( #5506 ), #41, .T. ) ;
#1252 = CARTESIAN_POINT ( 'NONE',  ( -0.7155150525547808726, 1.024999999999999689, 0.9028740862858284366 ) ) ;
#1253 = EDGE_CURVE ( 'NONE', #1255, #1379, #3822, .T. ) ;
#1254 = B_SPLINE_CURVE_WITH_KNOTS ( 'NONE', 3,
 ( #5538, #1953, #6023, #6535, #1509, #3502, #945, #500, #1932, #4539, #2430, #5478, #2448, #5504, #5985, #3028, #1531, #3517, #6046 ),
 .UNSPECIFIED., .F., .F.,
 ( 4, 1, 1, 1, 1, 1, 1, 1, 1, 1, 1, 1, 1, 1, 1, 1, 4 ),
 ( 0.000000000000000000, 0.07471189030450103852, 0.1455392023749084995, 0.2133390572509725469, 0.2786150735384709809, 0.3420941969414982298, 0.4038900759591955714, 0.4650633525655206157, 0.5265767363834864545, 0.5873283340287679399, 0.6463804557031437303, 0.7043453083753261623, 0.7616719489990788627, 0.8194178590468652601, 0.8780393997816821061, 0.9377955090070549948, 1.000000000000000000 ),
 .UNSPECIFIED. ) ;
#1255 = VERTEX_POINT ( 'NONE', #1701 ) ;
#1256 = CARTESIAN_POINT ( 'NONE',  ( -0.5778657994745910464, 1.035000000000000142, 0.7501485095022862870 ) ) ;
#1257 = CARTESIAN_POINT ( 'NONE',  ( 0.4408052884615384359, 1.024999999999999245, 1.403846153846154188 ) ) ;
#1258 = CARTESIAN_POINT ( 'NONE',  ( -0.3236184157683018592, 1.024999999999999689, -0.9838377706742026385 ) ) ;
#1259 = CARTESIAN_POINT ( 'NONE',  ( 0.2183820393925960390, 1.035000000000000142, -1.111100032772898594 ) ) ;
#1260 = CARTESIAN_POINT ( 'NONE',  ( -0.2577146742192040207, 1.024999999999999911, 1.466000064178921480 ) ) ;
#1261 = DIRECTION ( 'NONE',  ( 0.000000000000000000, 0.000000000000000000, 1.000000000000000000 ) ) ;
#1262 = CARTESIAN_POINT ( 'NONE',  ( 0.7705333753552847664, 1.035000000000000142, -0.2472424698005582233 ) ) ;
#1263 = CARTESIAN_POINT ( 'NONE',  ( 0.4702497597294386655, 1.035000000000000142, -1.180198572257634027 ) ) ;
#1264 = DIRECTION ( 'NONE',  ( -0.000000000000000000, -1.000000000000000000, -0.000000000000000000 ) ) ;
#1265 = CARTESIAN_POINT ( 'NONE',  ( -0.3798942471436822510, 1.034999999999999698, 0.8579668031823561858 ) ) ;
#1266 = CARTESIAN_POINT ( 'NONE',  ( -0.5486251326171897036, 1.024999999999999911, 0.09188366501596632874 ) ) ;
#1267 = CARTESIAN_POINT ( 'NONE',  ( -0.5951085444615579201, 1.034999999999999920, 0.7501776304870996226 ) ) ;
#1268 = PRESENTATION_STYLE_ASSIGNMENT (( #763 ) ) ;
#1269 = CARTESIAN_POINT ( 'NONE',  ( 0.5073483694081114548, 1.024999999999999689, 0.8451883045114928494 ) ) ;
#1270 = CARTESIAN_POINT ( 'NONE',  ( 0.1102579278943475599, 1.024999999999999911, 0.2288260439057090145 ) ) ;
#1271 = ORIENTED_EDGE ( 'NONE', *, *, #519, .F. ) ;
#1272 = PRESENTATION_LAYER_ASSIGNMENT (  '', '', ( #125 ) ) ;
#1273 = DIRECTION ( 'NONE',  ( -0.000000000000000000, -1.000000000000000000, -0.000000000000000000 ) ) ;
#1274 = CARTESIAN_POINT ( 'NONE',  ( 0.4767780603429721542, 1.024999999999999245, 1.360971408330850618 ) ) ;
#1275 = CARTESIAN_POINT ( 'NONE',  ( -0.8259392864795586098, 1.024999999999999911, 0.9531584188986651496 ) ) ;
#1276 = SURFACE_STYLE_USAGE ( .BOTH. , #6319 ) ;
#1277 = EDGE_LOOP ( 'NONE', ( #5415, #5584, #3238, #1968 ) ) ;
#1278 = CARTESIAN_POINT ( 'NONE',  ( 0.4943847406355347252, 1.024999999999999911, 0.7572851291288786868 ) ) ;
#1279 = CARTESIAN_POINT ( 'NONE',  ( 0.3911119599344423658, 1.024999999999999689, -1.251079475078177961 ) ) ;
#1280 = CARTESIAN_POINT ( 'NONE',  ( 0.1249999999999998890, 1.034999999999999920, 0.9579326923076927347 ) ) ;
#1281 = CARTESIAN_POINT ( 'NONE',  ( 2.710505431213762564E-16, -1.025000000000000577, 1.574999999999999956 ) ) ;
#1282 = ADVANCED_FACE ( 'NONE', ( #1388 ), #4404, .T. ) ;
#1283 = CARTESIAN_POINT ( 'NONE',  ( -0.1441503111786348601, 1.024999999999999689, 1.277465502956919075 ) ) ;
#1284 = CARTESIAN_POINT ( 'NONE',  ( -0.5363535510791684890, 1.034999999999999920, 0.7533978999952607447 ) ) ;
#1285 = CARTESIAN_POINT ( 'NONE',  ( -0.3563898423674587979, 1.025000000000000133, 0.9793131793324549861 ) ) ;
#1286 = EDGE_CURVE ( 'NONE', #6285, #5664, #4607, .T. ) ;
#1287 = CARTESIAN_POINT ( 'NONE',  ( -0.6927154494785483507, 1.035000000000000142, -0.4721535821819479173 ) ) ;
#1288 = CARTESIAN_POINT ( 'NONE',  ( -0.6189714532072565500, 1.024999999999999911, 0.8385981092399693582 ) ) ;
#1289 = CARTESIAN_POINT ( 'NONE',  ( 0.000000000000000000, 0.000000000000000000, 0.000000000000000000 ) ) ;
#1290 = CARTESIAN_POINT ( 'NONE',  ( -0.6535456730769231282, 1.034999999999999920, 1.219501201923077316 ) ) ;
#1291 = CARTESIAN_POINT ( 'NONE',  ( 0.4777149341076136757, 1.035000000000000142, 0.002298804109529391411 ) ) ;
#1292 = CARTESIAN_POINT ( 'NONE',  ( -0.4973557692307689071, 1.035000000000000142, -0.8061899038461539657 ) ) ;
#1293 = B_SPLINE_CURVE_WITH_KNOTS ( 'NONE', 3,
 ( #1055, #556, #1634, #5616, #2634, #4149, #6104, #3124, #3533, #4615, #5174 ),
 .UNSPECIFIED., .F., .F.,
 ( 4, 1, 1, 1, 1, 1, 1, 1, 4 ),
 ( 0.000000000000000000, 0.1017995767110253663, 0.2201597004284417958, 0.3476280565145599688, 0.4803480972350018807, 0.6145541392524830338, 0.7501523226899439178, 0.8794241792208842279, 1.000000000000000000 ),
 .UNSPECIFIED. ) ;
#1294 = ORIENTED_EDGE ( 'NONE', *, *, #5999, .T. ) ;
#1295 = CARTESIAN_POINT ( 'NONE',  ( 0.07640875695867181683, 1.024999999999999689, 1.209179511122381756 ) ) ;
#1296 = CARTESIAN_POINT ( 'NONE',  ( -0.1266930835313141712, 1.024999999999999911, -0.9446960006424259815 ) ) ;
#1297 = ORIENTED_EDGE ( 'NONE', *, *, #1916, .T. ) ;
#1298 = PRESENTATION_STYLE_ASSIGNMENT (( #5992 ) ) ;
#1299 = CARTESIAN_POINT ( 'NONE',  ( 0.1140217717651568069, 1.034999999999999698, -1.079663485806535261 ) ) ;
#1300 = CARTESIAN_POINT ( 'NONE',  ( -0.1533198614256517378, 1.024999999999999689, 0.9560362824859591768 ) ) ;
#1301 = CARTESIAN_POINT ( 'NONE',  ( -0.2596454693482048159, 1.024999999999999689, 1.482875074157175677 ) ) ;
#1302 = ORIENTED_EDGE ( 'NONE', *, *, #17, .T. ) ;
#1303 = CARTESIAN_POINT ( 'NONE',  ( -0.2113222727739264561, 1.024999999999999689, 1.355140911848129237 ) ) ;
#1304 = CARTESIAN_POINT ( 'NONE',  ( -0.5778657994745910464, 1.035000000000000142, 0.7501485095022862870 ) ) ;
#1305 = CARTESIAN_POINT ( 'NONE',  ( -1.850000000000000089, -1.024999999999999911, -1.850000000000000977 ) ) ;
#1306 = AXIS2_PLACEMENT_3D ( 'NONE', #5283, #1743, #4300 ) ;
#1307 = CARTESIAN_POINT ( 'NONE',  ( -0.4826368000288684401, 1.024999999999999689, 1.192704292644374497 ) ) ;
#1308 = VERTEX_POINT ( 'NONE', #4518 ) ;
#1309 = FACE_BOUND ( 'NONE', #1040, .T. ) ;
#1310 = FILL_AREA_STYLE_COLOUR ( '', #1489 ) ;
#1311 = ORIENTED_EDGE ( 'NONE', *, *, #3905, .F. ) ;
#1312 = CARTESIAN_POINT ( 'NONE',  ( -0.2495492788461539657, 1.024999999999999689, 1.433293269230769607 ) ) ;
#1313 = CARTESIAN_POINT ( 'NONE',  ( 0.5899939903846154188, 1.034999999999999920, 1.264723557692307931 ) ) ;
#1314 = CARTESIAN_POINT ( 'NONE',  ( 0.6339091276536564790, 1.035000000000000142, 1.226931528156839590 ) ) ;
#1315 = PRESENTATION_STYLE_ASSIGNMENT (( #2788 ) ) ;
#1316 = FACE_OUTER_BOUND ( 'NONE', #2881, .T. ) ;
#1317 = PRESENTATION_LAYER_ASSIGNMENT (  '', '', ( #261 ) ) ;
#1318 = CARTESIAN_POINT ( 'NONE',  ( 0.6493710974169384365, 1.034999999999999476, 1.078940445635439893 ) ) ;
#1319 = ORIENTED_EDGE ( 'NONE', *, *, #3766, .F. ) ;
#1320 = COLOUR_RGB ( '',1.000000000000000000, 1.000000000000000000, 1.000000000000000000 ) ;
#1321 = CARTESIAN_POINT ( 'NONE',  ( 0.3269230769230769273, 1.034999999999999920, 0.9615384615384617861 ) ) ;
#1322 = PRESENTATION_LAYER_ASSIGNMENT (  '', '', ( #6420 ) ) ;
#1323 = CARTESIAN_POINT ( 'NONE',  ( 0.3273737980769230727, 1.024999999999999911, 1.433293269230769384 ) ) ;
#1324 = CARTESIAN_POINT ( 'NONE',  ( 0.8391768866871927024, 1.035000000000000142, -0.4340823287024250243 ) ) ;
#1325 = CARTESIAN_POINT ( 'NONE',  ( -0.5349638473838986830, 1.034999999999999698, 1.111914594161550918 ) ) ;
#1326 = CARTESIAN_POINT ( 'NONE',  ( -0.1536681768224490985, 1.034999999999999920, 0.9660415190853475220 ) ) ;
#1327 = ORIENTED_EDGE ( 'NONE', *, *, #5633, .T. ) ;
#1328 = SURFACE_STYLE_FILL_AREA ( #812 ) ;
#1329 = CARTESIAN_POINT ( 'NONE',  ( 0.2173027435495910042, 1.024999999999999689, 1.001524615184222089 ) ) ;
#1330 = CARTESIAN_POINT ( 'NONE',  ( 0.4408052884615384359, 1.034999999999999920, 1.403846153846154188 ) ) ;
#1331 = CARTESIAN_POINT ( 'NONE',  ( -0.3713294895848328059, 1.025000000000000133, -0.9405298950300245986 ) ) ;
#1332 = CARTESIAN_POINT ( 'NONE',  ( -0.2546906624815021281, 1.034999999999999920, 1.449348915395679116 ) ) ;
#1333 = CARTESIAN_POINT ( 'NONE',  ( -0.3596203333734858121, 1.034999999999999476, 1.001524615184221645 ) ) ;
#1334 = UNCERTAINTY_MEASURE_WITH_UNIT (LENGTH_MEASURE( 1.000000000000000082E-05 ), #3375, 'distance_accuracy_value', 'NONE');
#1335 = FILL_AREA_STYLE ('',( #3875 ) ) ;
#1336 =( NAMED_UNIT ( * ) PLANE_ANGLE_UNIT ( ) SI_UNIT ( $, .RADIAN. ) );
#1337 = FILL_AREA_STYLE_COLOUR ( '', #1935 ) ;
#1338 = EDGE_CURVE ( 'NONE', #3414, #6176, #2072, .T. ) ;
#1339 = CARTESIAN_POINT ( 'NONE',  ( 0.2153846153846159794, 1.034999999999999920, -0.8756009615384615641 ) ) ;
#1340 = CARTESIAN_POINT ( 'NONE',  ( -0.4808639857458591460, 1.024999999999999911, 0.8804506858141276648 ) ) ;
#1341 = B_SPLINE_CURVE_WITH_KNOTS ( 'NONE', 3,
 ( #4838, #5447, #2411, #388, #3925, #4925, #1912, #1393, #3899, #1894, #3944, #3431, #2901, #4903, #3409 ),
 .UNSPECIFIED., .F., .F.,
 ( 4, 1, 1, 1, 1, 1, 1, 1, 1, 1, 1, 1, 4 ),
 ( 0.000000000000000000, 0.03591997324286190507, 0.08120685519723139234, 0.1360147832088366426, 0.2010375103194009527, 0.3449822992729602023, 0.4991298974956019374, 0.6526645158108661526, 0.7986598545325869214, 0.8637593726083351298, 0.9189759817990864610, 0.9643592922044411653, 1.000000000000000000 ),
 .UNSPECIFIED. ) ;
#1342 = CARTESIAN_POINT ( 'NONE',  ( -1.499999999999996891, 1.034999999999999920, -1.550000000000000711 ) ) ;
#1343 = CARTESIAN_POINT ( 'NONE',  ( 0.01307091346153835265, 1.024999999999999689, 1.264723557692308153 ) ) ;
#1344 =( LENGTH_UNIT ( ) NAMED_UNIT ( * ) SI_UNIT ( .MILLI., .METRE. ) );
#1345 = PRESENTATION_LAYER_ASSIGNMENT (  '', '', ( #1803 ) ) ;
#1346 = FILL_AREA_STYLE ('',( #2338 ) ) ;
#1347 = CARTESIAN_POINT ( 'NONE',  ( -0.01693200486031759197, 1.024999999999999689, 0.8366581879303760516 ) ) ;
#1348 = CARTESIAN_POINT ( 'NONE',  ( -0.3336405278139464303, 1.035000000000000364, -0.7476885298322695217 ) ) ;
#1349 =( LENGTH_UNIT ( ) NAMED_UNIT ( * ) SI_UNIT ( .MILLI., .METRE. ) );
#1350 = CARTESIAN_POINT ( 'NONE',  ( -0.7130408653846154188, 1.034999999999999920, 1.403846153846154188 ) ) ;
#1351 =( LENGTH_UNIT ( ) NAMED_UNIT ( * ) SI_UNIT ( .MILLI., .METRE. ) );
#1352 = CARTESIAN_POINT ( 'NONE',  ( -0.4259157166336094980, 1.024999999999999911, 1.132741021815065530 ) ) ;
#1353 = SURFACE_STYLE_FILL_AREA ( #4787 ) ;
#1354 =( NAMED_UNIT ( * ) PLANE_ANGLE_UNIT ( ) SI_UNIT ( $, .RADIAN. ) );
#1355 = CARTESIAN_POINT ( 'NONE',  ( 0.01377140237181433309, 1.025000000000000133, 0.1112525291091422813 ) ) ;
#1356 =( LENGTH_UNIT ( ) NAMED_UNIT ( * ) SI_UNIT ( .MILLI., .METRE. ) );
#1357 = CARTESIAN_POINT ( 'NONE',  ( -0.7653846153846148859, 1.024999999999999911, -0.09855769230769233225 ) ) ;
#1358 = FILL_AREA_STYLE ('',( #3879 ) ) ;
#1359 = VERTEX_POINT ( 'NONE', #5603 ) ;
#1360 = SURFACE_SIDE_STYLE ('',( #5100 ) ) ;
#1361 = EDGE_LOOP ( 'NONE', ( #3696, #4202, #3419, #2389 ) ) ;
#1362 = CARTESIAN_POINT ( 'NONE',  ( 0.4329612670175467803, 1.034999999999999920, 0.7800866347188735173 ) ) ;
#1363 = CARTESIAN_POINT ( 'NONE',  ( 0.02074202968274620196, 1.024999999999999689, 1.258173606474872752 ) ) ;
#1364 = CARTESIAN_POINT ( 'NONE',  ( 0.2162151556468711877, 1.034999999999999920, -0.8579314103036175254 ) ) ;
#1365 = EDGE_CURVE ( 'NONE', #1870, #4784, #2771, .T. ) ;
#1366 = CARTESIAN_POINT ( 'NONE',  ( -0.05620630045427086469, 1.024999999999999911, 0.8412040476659468080 ) ) ;
#1367 =( NAMED_UNIT ( * ) PLANE_ANGLE_UNIT ( ) SI_UNIT ( $, .RADIAN. ) );
#1368 = CARTESIAN_POINT ( 'NONE',  ( 0.5530772984843815854, 1.035000000000000142, 1.295053357843855446 ) ) ;
#1369 = CARTESIAN_POINT ( 'NONE',  ( -0.6535456730769231282, 1.024999999999999911, 1.219501201923077316 ) ) ;
#1370 = SURFACE_STYLE_USAGE ( .BOTH. , #5373 ) ;
#1371 = ORIENTED_EDGE ( 'NONE', *, *, #2035, .T. ) ;
#1372 = CARTESIAN_POINT ( 'NONE',  ( -0.4259157166336094980, 1.035000000000000142, 1.132741021815065530 ) ) ;
#1373 = MECHANICAL_DESIGN_GEOMETRIC_PRESENTATION_REPRESENTATION (  '', ( #6307 ), #4073 ) ;
#1374 = CLOSED_SHELL ( 'NONE', ( #1207, #2737, #2636, #1637, #6091, #5653, #3057, #4583, #6258, #3570, #2274, #4687, #3782, #6152, #1005, #644, #5682, #4255, #1032, #2708, #1537, #5590, #5058, #2130, #2231, #6031, #1282, #5553, #2537, #3182, #5811, #611, #578, #3604, #4086, #2573, #3023, #1251, #120, #6222, #5293, #4653, #1992, #1140, #1668, #1742, #5777, #1707, #4025, #4055, #713, #2095, #4153, #522, #3747, #222, #5750, #4618, #6128, #1175, #2167, #4792, #5620, #2675, #6532, #3704, #5190, #2769, #1504, #256, #546, #3145, #1598, #153, #5093, #4184, #4760, #3632, #1099, #2196, #3115, #18, #2604, #2054, #3243, #1567, #60, #3288, #5257, #5150 ) ) ;
#1375 = CARTESIAN_POINT ( 'NONE',  ( -0.1709775200025005493, 1.024999999999999689, 1.304503635857037436 ) ) ;
#1376 = DIRECTION ( 'NONE',  ( 0.000000000000000000, 0.000000000000000000, 1.000000000000000000 ) ) ;
#1377 = PLANE ( 'NONE',  #5030 ) ;
#1378 = EDGE_CURVE ( 'NONE', #6244, #5252, #2801, .T. ) ;
#1379 = VERTEX_POINT ( 'NONE', #2554 ) ;
#1380 = ORIENTED_EDGE ( 'NONE', *, *, #4285, .T. ) ;
#1381 = DIRECTION ( 'NONE',  ( -0.000000000000000000, -1.000000000000000000, -0.000000000000000000 ) ) ;
#1382 = SURFACE_STYLE_USAGE ( .BOTH. , #1360 ) ;
#1383 = CARTESIAN_POINT ( 'NONE',  ( 1.605000000000000204, -1.025000000000000133, 1.574999999999999956 ) ) ;
#1384 = B_SPLINE_CURVE_WITH_KNOTS ( 'NONE', 3,
 ( #5157, #2077, #2602, #628, #6115, #1084, #4629, #1595, #5137, #5650, #5775, #4745, #2195, #3202, #1715 ),
 .UNSPECIFIED., .F., .F.,
 ( 4, 1, 1, 1, 1, 1, 1, 1, 1, 1, 1, 1, 4 ),
 ( 0.000000000000000000, 0.1003881431397105894, 0.2044067930373087150, 0.3106860830942074214, 0.4221572938827999333, 0.4806854607703736071, 0.5432381544526684314, 0.6094995045645642540, 0.6795546087742240227, 0.7538412220511749862, 0.8316406764893861103, 0.9138127068095904804, 1.000000000000000000 ),
 .UNSPECIFIED. ) ;
#1385 = EDGE_LOOP ( 'NONE', ( #5712, #5878, #129, #1033 ) ) ;
#1386 = CARTESIAN_POINT ( 'NONE',  ( 0.4152000563056311155, 1.034999999999999920, 0.7911853970708486727 ) ) ;
#1387 = CARTESIAN_POINT ( 'NONE',  ( -0.7247408575763278904, 1.035000000000000364, 0.1240900372869518653 ) ) ;
#1388 = FACE_OUTER_BOUND ( 'NONE', #4192, .T. ) ;
#1389 = ORIENTED_EDGE ( 'NONE', *, *, #3813, .T. ) ;
#1390 = COLOUR_RGB ( '',1.000000000000000000, 1.000000000000000000, 1.000000000000000000 ) ;
#1391 = CARTESIAN_POINT ( 'NONE',  ( -0.09384299234681901802, 1.034999999999999920, 0.8565253071957876774 ) ) ;
#1392 =( LENGTH_UNIT ( ) NAMED_UNIT ( * ) SI_UNIT ( .MILLI., .METRE. ) );
#1393 = CARTESIAN_POINT ( 'NONE',  ( 0.4688939157507855948, 1.034999999999999920, -0.9446510893511390616 ) ) ;
#1394 = LINE ( 'NONE', #3064, #4001 ) ;
#1395 = SURFACE_STYLE_FILL_AREA ( #3605 ) ;
#1396 = PRESENTATION_LAYER_ASSIGNMENT (  '', '', ( #5987 ) ) ;
#1397 = FACE_OUTER_BOUND ( 'NONE', #2477, .T. ) ;
#1398 = CARTESIAN_POINT ( 'NONE',  ( 0.2141237892273745169, 1.035000000000000586, -1.265855689187115996 ) ) ;
#1399 = ORIENTED_EDGE ( 'NONE', *, *, #1365, .F. ) ;
#1400 = MECHANICAL_DESIGN_GEOMETRIC_PRESENTATION_REPRESENTATION (  '', ( #1594 ), #3977 ) ;
#1401 = CARTESIAN_POINT ( 'NONE',  ( 0.4476278661289336824, 1.034999999999999698, -0.9099912304720043643 ) ) ;
#1402 = PRESENTATION_LAYER_ASSIGNMENT (  '', '', ( #5791 ) ) ;
#1403 =( LENGTH_UNIT ( ) NAMED_UNIT ( * ) SI_UNIT ( .MILLI., .METRE. ) );
#1404 = CARTESIAN_POINT ( 'NONE',  ( -0.8168114866728102275, 1.034999999999999698, 1.406614822300993994 ) ) ;
#1405 = UNCERTAINTY_MEASURE_WITH_UNIT (LENGTH_MEASURE( 1.000000000000000082E-05 ), #768, 'distance_accuracy_value', 'NONE');
#1406 =( NAMED_UNIT ( * ) PLANE_ANGLE_UNIT ( ) SI_UNIT ( $, .RADIAN. ) );
#1407 = ORIENTED_EDGE ( 'NONE', *, *, #3354, .F. ) ;
#1408 = SURFACE_SIDE_STYLE ('',( #3066 ) ) ;
#1409 = CARTESIAN_POINT ( 'NONE',  ( 0.2205332345556180185, 1.024999999999999689, 0.9793131793324545420 ) ) ;
#1410 = EDGE_CURVE ( 'NONE', #3641, #5139, #1060, .T. ) ;
#1411 = CARTESIAN_POINT ( 'NONE',  ( 0.2156684110218179407, 1.034999999999999920, -0.8695632752520079389 ) ) ;
#1412 = UNCERTAINTY_MEASURE_WITH_UNIT (LENGTH_MEASURE( 1.000000000000000082E-05 ), #3974, 'distance_accuracy_value', 'NONE');
#1413 = CARTESIAN_POINT ( 'NONE',  ( -0.4796274038461533773, 1.024999999999999467, -0.5255408653846154188 ) ) ;
#1414 = CARTESIAN_POINT ( 'NONE',  ( -0.5923076923076918687, 1.035000000000000142, -0.09104567307692307265 ) ) ;
#1415 = CARTESIAN_POINT ( 'NONE',  ( -0.3461538461538462008, 1.034999999999999920, 1.403846153846154188 ) ) ;
#1416 = SURFACE_STYLE_USAGE ( .BOTH. , #5549 ) ;
#1417 = CARTESIAN_POINT ( 'NONE',  ( 0.3412806957652999573, 1.024999999999999911, 0.8912785242938491281 ) ) ;
#1418 = CARTESIAN_POINT ( 'NONE',  ( -0.8232904239370620880, 1.034999999999999920, 1.424506378665185924 ) ) ;
#1419 = ORIENTED_EDGE ( 'NONE', *, *, #3396, .F. ) ;
#1420 = CARTESIAN_POINT ( 'NONE',  ( 0.01377140237181433309, 1.035000000000000364, 0.1112525291091422813 ) ) ;
#1421 = PRESENTATION_LAYER_ASSIGNMENT (  '', '', ( #3918 ) ) ;
#1422 = CARTESIAN_POINT ( 'NONE',  ( -0.04838994535178251649, 1.025000000000000133, 1.195738238068862369 ) ) ;
#1423 = CARTESIAN_POINT ( 'NONE',  ( 0.2211538461538460343, 1.024999999999999689, 0.9570312500000004441 ) ) ;
#1424 = LINE ( 'NONE', #3630, #483 ) ;
#1425 = CARTESIAN_POINT ( 'NONE',  ( 1.500000000000003109, 1.034999999999999920, -1.650000000000001021 ) ) ;
#1426 = DIRECTION ( 'NONE',  ( -0.000000000000000000, -1.000000000000000000, -0.000000000000000000 ) ) ;
#1427 = ORIENTED_EDGE ( 'NONE', *, *, #2717, .T. ) ;
#1428 = CARTESIAN_POINT ( 'NONE',  ( 0.5136576272134638632, 1.024999999999999689, -1.030311827663808133 ) ) ;
#1429 = FACE_OUTER_BOUND ( 'NONE', #1525, .T. ) ;
#1430 = AXIS2_PLACEMENT_3D ( 'NONE', #30, #3063, #1565 ) ;
#1431 = CARTESIAN_POINT ( 'NONE',  ( -0.4147596292107220695, 1.024999999999999911, -0.6422062183519512413 ) ) ;
#1432 =( NAMED_UNIT ( * ) SI_UNIT ( $, .STERADIAN. ) SOLID_ANGLE_UNIT ( ) );
#1433 = CARTESIAN_POINT ( 'NONE',  ( -0.7945177219948019731, 1.024999999999999911, 0.8517178425193885349 ) ) ;
#1434 = FILL_AREA_STYLE ('',( #4982 ) ) ;
#1435 = CARTESIAN_POINT ( 'NONE',  ( -0.1962895103982076894, 1.035000000000000142, 1.334250950148672565 ) ) ;
#1436 = PRESENTATION_LAYER_ASSIGNMENT (  '', '', ( #3459 ) ) ;
#1437 = UNCERTAINTY_MEASURE_WITH_UNIT (LENGTH_MEASURE( 1.000000000000000082E-05 ), #113, 'distance_accuracy_value', 'NONE');
#1438 = CARTESIAN_POINT ( 'NONE',  ( 0.2155848171870991814, 1.035000000000000142, -0.8781255115052709614 ) ) ;
#1439 = ORIENTED_EDGE ( 'NONE', *, *, #2170, .F. ) ;
#1440 = CARTESIAN_POINT ( 'NONE',  ( 0.3273737980769230727, 1.024999999999999911, 1.433293269230769384 ) ) ;
#1441 = CARTESIAN_POINT ( 'NONE',  ( 0.2855155418569315651, 1.034999999999999920, -1.268854646174933931 ) ) ;
#1442 =( NAMED_UNIT ( * ) PLANE_ANGLE_UNIT ( ) SI_UNIT ( $, .RADIAN. ) );
#1443 = CARTESIAN_POINT ( 'NONE',  ( 0.09788400270781720536, 1.034999999999999920, 0.07050238987258904133 ) ) ;
#1444 = EDGE_CURVE ( 'NONE', #2488, #5765, #3259, .T. ) ;
#1445 = ORIENTED_EDGE ( 'NONE', *, *, #4661, .T. ) ;
#1446 = CARTESIAN_POINT ( 'NONE',  ( -0.6707660692698956817, 1.034999999999999254, 0.8565253071957872333 ) ) ;
#1447 = CARTESIAN_POINT ( 'NONE',  ( 0.7019230769230769829, 1.034999999999999920, 0.9579326923076925127 ) ) ;
#1448 = CARTESIAN_POINT ( 'NONE',  ( 0.8446265795782917918, 1.034999999999999476, -0.3609046874003298266 ) ) ;
#1449 = VERTEX_POINT ( 'NONE', #1105 ) ;
#1450 = PRESENTATION_LAYER_ASSIGNMENT (  '', '', ( #3712 ) ) ;
#1451 = PRESENTATION_STYLE_ASSIGNMENT (( #2995 ) ) ;
#1452 = EDGE_CURVE ( 'NONE', #4209, #5570, #4941, .T. ) ;
#1453 = LINE ( 'NONE', #1642, #1604 ) ;
#1454 = EDGE_LOOP ( 'NONE', ( #1311, #1074, #2184, #1748 ) ) ;
#1455 = DIRECTION ( 'NONE',  ( 0.000000000000000000, 1.000000000000000000, 0.000000000000000000 ) ) ;
#1456 = APPLICATION_PROTOCOL_DEFINITION ( 'draft international standard', 'automotive_design', 1998, #3904 ) ;
#1457 = CARTESIAN_POINT ( 'NONE',  ( 0.2504346767130117279, 1.035000000000000142, -1.269029477025444441 ) ) ;
#1458 = EDGE_CURVE ( 'NONE', #1520, #5139, #2244, .T. ) ;
#1460 = CARTESIAN_POINT ( 'NONE',  ( -0.8125654580808538974, 1.034999999999999698, 0.8912785242938491281 ) ) ;
#1459 = VECTOR ( 'NONE', #3395, 1000.000000000000000 ) ;
#1461 = FILL_AREA_STYLE_COLOUR ( '', #1708 ) ;
#1462 = FACE_OUTER_BOUND ( 'NONE', #3391, .T. ) ;
#1463 =( NAMED_UNIT ( * ) PLANE_ANGLE_UNIT ( ) SI_UNIT ( $, .RADIAN. ) );
#1464 = CARTESIAN_POINT ( 'NONE',  ( -0.05942551490823435451, 1.024999999999999911, 0.7531031900268579937 ) ) ;
#1465 = VECTOR ( 'NONE', #6506, 1000.000000000000000 ) ;
#1466 = PRESENTATION_LAYER_ASSIGNMENT (  '', '', ( #2133 ) ) ;
#1467 = FILL_AREA_STYLE_COLOUR ( '', #5802 ) ;
#1468 = CARTESIAN_POINT ( 'NONE',  ( 0.4264246871617130008, 1.024999999999999689, -1.228171464447248118 ) ) ;
#1469 = FILL_AREA_STYLE_COLOUR ( '', #1320 ) ;
#1470 = CARTESIAN_POINT ( 'NONE',  ( 0.1944360828147558562, 1.025000000000000133, 1.067602144398379416 ) ) ;
#1471 = CARTESIAN_POINT ( 'NONE',  ( -0.4973557692307689071, 1.025000000000000133, -0.8061899038461539657 ) ) ;
#1472 = SURFACE_STYLE_FILL_AREA ( #5535 ) ;
#1473 = CARTESIAN_POINT ( 'NONE',  ( 0.2141237892273745169, 1.025000000000000355, -1.265855689187115996 ) ) ;
#1474 = FILL_AREA_STYLE ('',( #4858 ) ) ;
#1475 = VERTEX_POINT ( 'NONE', #625 ) ;
#1476 = PRESENTATION_LAYER_ASSIGNMENT (  '', '', ( #3487 ) ) ;
#1477 = CARTESIAN_POINT ( 'NONE',  ( 0.5003004807692308376, 1.024999999999999911, 1.219501201923077316 ) ) ;
#1478 = CARTESIAN_POINT ( 'NONE',  ( 0.08721449540433420800, 1.024999999999999467, 0.8715447404585627833 ) ) ;
#1479 = CARTESIAN_POINT ( 'NONE',  ( -0.009615384615384716532, 1.024999999999999911, 0.7500000000000004441 ) ) ;
#1480 = EDGE_CURVE ( 'NONE', #1521, #59, #6130, .T. ) ;
#1481 = CARTESIAN_POINT ( 'NONE',  ( 0.2571514423076928235, 1.034999999999999920, -1.269230769230769162 ) ) ;
#1482 = CARTESIAN_POINT ( 'NONE',  ( 1.605000000000000426, -1.024999999999999911, 1.624999999999999778 ) ) ;
#1483 = CARTESIAN_POINT ( 'NONE',  ( -0.06674896830846809015, 1.034999999999999920, 1.331288948873510458 ) ) ;
#1484 = EDGE_CURVE ( 'NONE', #6017, #2774, #1453, .T. ) ;
#1485 = CARTESIAN_POINT ( 'NONE',  ( 0.6641375723274111076, 1.024999999999999689, 0.8715447404585627833 ) ) ;
#1486 = CARTESIAN_POINT ( 'NONE',  ( -0.7560024200292642105, 1.024999999999999689, -0.2381135273256473617 ) ) ;
#1487 = FILL_AREA_STYLE_COLOUR ( '', #5263 ) ;
#1488 = CARTESIAN_POINT ( 'NONE',  ( -0.7209575719071996680, 1.025000000000000133, 0.9148738954979116489 ) ) ;
#1489 = COLOUR_RGB ( '',1.000000000000000000, 1.000000000000000000, 1.000000000000000000 ) ;
#1490 = EDGE_CURVE ( 'NONE', #1379, #2774, #4246, .T. ) ;
#1491 = CARTESIAN_POINT ( 'NONE',  ( -0.7649954426006994046, 1.024999999999999911, -0.08212192723225118784 ) ) ;
#1492 = CARTESIAN_POINT ( 'NONE',  ( -0.5917129518049482062, 1.024999999999999911, -0.07157377934745505488 ) ) ;
#1493 = CARTESIAN_POINT ( 'NONE',  ( 0.4940187244218740004, 1.034999999999999920, 1.224482152663802781 ) ) ;
#1494 = CARTESIAN_POINT ( 'NONE',  ( 0.3647235576923080758, 1.024999999999999689, -1.085036057692307709 ) ) ;
#1495 = PRESENTATION_STYLE_ASSIGNMENT (( #5644 ) ) ;
#1496 = CARTESIAN_POINT ( 'NONE',  ( 0.05554118820495588388, 1.024999999999999911, 0.8499915930093845384 ) ) ;
#1497 = EDGE_LOOP ( 'NONE', ( #4683, #283, #3871, #3994 ) ) ;
#1498 = CARTESIAN_POINT ( 'NONE',  ( 0.3192084027038729621, 1.025000000000000133, 1.466000064178921702 ) ) ;
#1499 = CARTESIAN_POINT ( 'NONE',  ( 0.7837557416071432304, 1.025000000000000355, -0.4405436568411988385 ) ) ;
#1500 = SURFACE_STYLE_FILL_AREA ( #3154 ) ;
#1501 = CARTESIAN_POINT ( 'NONE',  ( 0.4521246565727102262, 1.034999999999999920, 0.7708032052688806868 ) ) ;
#1502 = VERTEX_POINT ( 'NONE', #3679 ) ;
#1504 = ADVANCED_FACE ( 'NONE', ( #280 ), #6488, .T. ) ;
#1503 =( GEOMETRIC_REPRESENTATION_CONTEXT ( 3 ) GLOBAL_UNCERTAINTY_ASSIGNED_CONTEXT ( ( #5130 ) ) GLOBAL_UNIT_ASSIGNED_CONTEXT ( ( #209, #3714, #3230 ) ) REPRESENTATION_CONTEXT ( 'NONE', 'WORKASPACE' ) );
#1505 = CARTESIAN_POINT ( 'NONE',  ( -0.5101630379669703785, 1.024999999999999689, 0.8562443421471487293 ) ) ;
#1506 =( NAMED_UNIT ( * ) PLANE_ANGLE_UNIT ( ) SI_UNIT ( $, .RADIAN. ) );
#1508 = ORIENTED_EDGE ( 'NONE', *, *, #1561, .T. ) ;
#1507 = SURFACE_STYLE_USAGE ( .BOTH. , #3435 ) ;
#1509 = CARTESIAN_POINT ( 'NONE',  ( 0.06379714921873078093, 1.024999999999999689, 0.7580082180372673673 ) ) ;
#1510 = DIRECTION ( 'NONE',  ( -0.000000000000000000, -1.000000000000000000, -0.000000000000000000 ) ) ;
#1511 = MECHANICAL_DESIGN_GEOMETRIC_PRESENTATION_REPRESENTATION (  '', ( #4649 ), #4446 ) ;
#1512 = PRESENTATION_LAYER_ASSIGNMENT (  '', '', ( #4694 ) ) ;
#1513 = CARTESIAN_POINT ( 'NONE',  ( -0.1361177884615386025, 1.024999999999999911, 1.403846153846154410 ) ) ;
#1514 = CARTESIAN_POINT ( 'NONE',  ( -0.3927084994808447416, 1.034999999999999698, 0.1873888445340720077 ) ) ;
#1515 = CARTESIAN_POINT ( 'NONE',  ( -0.3596203333734858121, 1.024999999999999467, 1.001524615184221645 ) ) ;
#1516 = VERTEX_POINT ( 'NONE', #2775 ) ;
#1517 = CARTESIAN_POINT ( 'NONE',  ( -0.1048791617787825647, 1.024999999999999911, 0.8636569804084183177 ) ) ;
#1518 = CARTESIAN_POINT ( 'NONE',  ( 0.04351053239648314253, 1.034999999999999698, 0.8449640240426657956 ) ) ;
#1519 = CARTESIAN_POINT ( 'NONE',  ( -0.8365485009993929300, 1.034999999999999920, 1.494285306604467900 ) ) ;
#1520 = VERTEX_POINT ( 'NONE', #790 ) ;
#1521 = VERTEX_POINT ( 'NONE', #3217 ) ;
#1522 = EDGE_CURVE ( 'NONE', #2637, #6342, #62, .T. ) ;
#1523 = CARTESIAN_POINT ( 'NONE',  ( 0.6203593329913960064, 1.024999999999999911, -0.2915349385491523559 ) ) ;
#1524 = CARTESIAN_POINT ( 'NONE',  ( 0.5419591253121749386, 1.034999999999999920, 0.7505253949516117462 ) ) ;
#1525 = EDGE_LOOP ( 'NONE', ( #5239, #3890, #2317, #3538 ) ) ;
#1526 = PRESENTATION_STYLE_ASSIGNMENT (( #618 ) ) ;
#1527 = CARTESIAN_POINT ( 'NONE',  ( -0.4612547843906681377, 1.024999999999999689, 0.9106923435533432754 ) ) ;
#1528 = CARTESIAN_POINT ( 'NONE',  ( 0.6969651048187054387, 1.034999999999999698, 0.9216901571185674991 ) ) ;
#1529 = CIRCLE ( 'NONE', #1430, 0.1499999999999999667 ) ;
#1530 = CARTESIAN_POINT ( 'NONE',  ( 0.6436831158791836982, 1.034999999999999698, 0.8562443421471485072 ) ) ;
#1531 = CARTESIAN_POINT ( 'NONE',  ( 0.2207530436513871208, 1.024999999999999911, 0.9356435630111534785 ) ) ;
#1532 =( NAMED_UNIT ( * ) SI_UNIT ( $, .STERADIAN. ) SOLID_ANGLE_UNIT ( ) );
#1533 = ORIENTED_EDGE ( 'NONE', *, *, #2556, .T. ) ;
#1534 = CARTESIAN_POINT ( 'NONE',  ( -0.7305912537455258038, 1.034999999999999920, 0.9660415190853473000 ) ) ;
#1535 = EDGE_CURVE ( 'NONE', #1189, #5227, #5821, .T. ) ;
#1536 = CARTESIAN_POINT ( 'NONE',  ( 0.7109369966974191657, 1.024999999999999911, -0.1871877039025902079 ) ) ;
#1537 = ADVANCED_FACE ( 'NONE', ( #2096 ), #1232, .T. ) ;
#1538 = CARTESIAN_POINT ( 'NONE',  ( -0.4969438633981932418, 1.024999999999999911, 0.1457252904592511167 ) ) ;
#1539 = CARTESIAN_POINT ( 'NONE',  ( -0.3559759492377870815, 1.024999999999999911, 0.9644531001897752587 ) ) ;
#1540 =( NAMED_UNIT ( * ) SI_UNIT ( $, .STERADIAN. ) SOLID_ANGLE_UNIT ( ) );
#1541 = FACE_OUTER_BOUND ( 'NONE', #2399, .T. ) ;
#1542 = CARTESIAN_POINT ( 'NONE',  ( -0.2596153846153847478, 1.034999999999999920, 1.500000000000000444 ) ) ;
#1543 = CARTESIAN_POINT ( 'NONE',  ( 0.05896144353619249545, 1.034999999999999920, -1.218549679676853570 ) ) ;
#1544 = VECTOR ( 'NONE', #1426, 1000.000000000000000 ) ;
#1545 = MECHANICAL_DESIGN_GEOMETRIC_PRESENTATION_REPRESENTATION (  '', ( #5860 ), #661 ) ;
#1546 = CARTESIAN_POINT ( 'NONE',  ( -0.3363150999152985099, 1.035000000000000142, 0.1921610990765486304 ) ) ;
#1547 = CARTESIAN_POINT ( 'NONE',  ( 0.2661046692710027917, 1.034999999999999920, -0.9635485289351736204 ) ) ;
#1548 = ORIENTED_EDGE ( 'NONE', *, *, #2352, .T. ) ;
#1549 = VECTOR ( 'NONE', #313, 1000.000000000000000 ) ;
#1550 = CARTESIAN_POINT ( 'NONE',  ( 0.01307091346153835265, 1.024999999999999911, 1.264723557692308153 ) ) ;
#1551 = CARTESIAN_POINT ( 'NONE',  ( -0.4541756941978427053, 1.034999999999999920, 0.9333452975440974519 ) ) ;
#1552 = STYLED_ITEM ( 'NONE', ( #4379 ), #4583 ) ;
#1553 = CARTESIAN_POINT ( 'NONE',  ( 0.1248955999743857903, 1.025000000000000133, 0.9537176434545550086 ) ) ;
#1554 = MECHANICAL_DESIGN_GEOMETRIC_PRESENTATION_REPRESENTATION (  '', ( #4267 ), #5296 ) ;
#1555 = SURFACE_SIDE_STYLE ('',( #2859 ) ) ;
#1556 = CARTESIAN_POINT ( 'NONE',  ( -0.5905545249870922664, 1.035000000000000364, -0.03364671067363699669 ) ) ;
#1557 = FILL_AREA_STYLE_COLOUR ( '', #5684 ) ;
#1558 = CARTESIAN_POINT ( 'NONE',  ( 0.7713591597378328668, 1.024999999999999689, 1.067602144398379194 ) ) ;
#1559 = CARTESIAN_POINT ( 'NONE',  ( 0.3350132766199698242, 1.024999999999999911, -1.264866384183079395 ) ) ;
#1560 = DIRECTION ( 'NONE',  ( 0.000000000000000000, 0.000000000000000000, 1.000000000000000000 ) ) ;
#1561 = EDGE_CURVE ( 'NONE', #4100, #4126, #5273, .T. ) ;
#1562 = CARTESIAN_POINT ( 'NONE',  ( -0.4519230769230769273, 1.034999999999999920, 0.9579326923076925127 ) ) ;
#1563 = PRESENTATION_STYLE_ASSIGNMENT (( #2783 ) ) ;
#1564 = CARTESIAN_POINT ( 'NONE',  ( 0.5226381356013578561, 1.024999999999999911, 1.320496778789089998 ) ) ;
#1565 = DIRECTION ( 'NONE',  ( 0.000000000000000000, 0.000000000000000000, -1.000000000000000000 ) ) ;
#1566 =( NAMED_UNIT ( * ) SI_UNIT ( $, .STERADIAN. ) SOLID_ANGLE_UNIT ( ) );
#1567 = ADVANCED_FACE ( 'NONE', ( #1246 ), #1887, .F. ) ;
#1568 = CARTESIAN_POINT ( 'NONE',  ( -0.5597572789664123638, 1.034999999999999920, 0.8385928700513111123 ) ) ;
#1569 = AXIS2_PLACEMENT_3D ( 'NONE', #1415, #3976, #2503 ) ;
#1570 = B_SPLINE_CURVE_WITH_KNOTS ( 'NONE', 3,
 ( #4815, #6241, #1301, #1260, #199, #5327, #5737 ),
 .UNSPECIFIED., .F., .F.,
 ( 4, 1, 1, 1, 4 ),
 ( 0.000000000000000000, 0.2526433275832365988, 0.5044398525799861366, 0.7504068042814558970, 1.000000000000000000 ),
 .UNSPECIFIED. ) ;
#1571 = CARTESIAN_POINT ( 'NONE',  ( -0.4808639857458591460, 1.034999999999999920, 0.8804506858141276648 ) ) ;
#1572 = DIRECTION ( 'NONE',  ( -0.000000000000000000, -1.000000000000000000, -0.000000000000000000 ) ) ;
#1573 = EDGE_CURVE ( 'NONE', #5073, #4140, #5036, .T. ) ;
#1574 = CARTESIAN_POINT ( 'NONE',  ( 0.8076923076923077094, 1.024999999999999911, 1.403846153846154188 ) ) ;
#1575 = FILL_AREA_STYLE ('',( #545 ) ) ;
#1576 = ORIENTED_EDGE ( 'NONE', *, *, #4247, .F. ) ;
#1577 = CARTESIAN_POINT ( 'NONE',  ( -0.5608621531985421571, 1.024999999999999689, 0.07006620613971947797 ) ) ;
#1578 = CARTESIAN_POINT ( 'NONE',  ( 0.6996704596483112049, 1.035000000000000142, 0.9333452975440976740 ) ) ;
#1579 = CARTESIAN_POINT ( 'NONE',  ( -0.7069529773705758302, 1.024999999999999911, 1.395641797569606934 ) ) ;
#1580 = CARTESIAN_POINT ( 'NONE',  ( 0.4215144230769235500, 1.034999999999999920, -1.232271634615384581 ) ) ;
#1581 = LINE ( 'NONE', #1653, #255 ) ;
#1582 = CARTESIAN_POINT ( 'NONE',  ( -0.4848726345497612611, 1.034999999999999920, -0.8210339849193231121 ) ) ;
#1583 = CARTESIAN_POINT ( 'NONE',  ( -0.4677938280495980150, 1.024999999999999911, 1.023402570223235886 ) ) ;
#1584 = CARTESIAN_POINT ( 'NONE',  ( 0.01307091346153835265, 1.034999999999999920, 1.264723557692308153 ) ) ;
#1585 = DIRECTION ( 'NONE',  ( -0.000000000000000000, -1.000000000000000000, -0.000000000000000000 ) ) ;
#1586 = CARTESIAN_POINT ( 'NONE',  ( -0.05942551490823435451, 1.034999999999999920, 0.7531031900268579937 ) ) ;
#1587 = ORIENTED_EDGE ( 'NONE', *, *, #1484, .F. ) ;
#1588 = CARTESIAN_POINT ( 'NONE',  ( -0.5886418269230768718, 1.034999999999999920, 0.8365384615384617861 ) ) ;
#1589 = UNCERTAINTY_MEASURE_WITH_UNIT (LENGTH_MEASURE( 1.000000000000000082E-05 ), #3539, 'distance_accuracy_value', 'NONE');
#1590 = DIRECTION ( 'NONE',  ( 0.000000000000000000, 1.000000000000000000, 0.000000000000000000 ) ) ;
#1591 = PRESENTATION_LAYER_ASSIGNMENT (  '', '', ( #2143 ) ) ;
#1592 = CARTESIAN_POINT ( 'NONE',  ( -0.1361177884615386025, 1.024999999999999911, 1.403846153846154410 ) ) ;
#1593 = ORIENTED_EDGE ( 'NONE', *, *, #4980, .T. ) ;
#1594 = STYLED_ITEM ( 'NONE', ( #4476 ), #5093 ) ;
#1595 = CARTESIAN_POINT ( 'NONE',  ( 0.4059455569205765446, 1.025000000000000133, 1.304503635857037214 ) ) ;
#1596 = CARTESIAN_POINT ( 'NONE',  ( 0.5107572115384620970, 1.035000000000000364, -0.02223557692307692041 ) ) ;
#1597 = UNCERTAINTY_MEASURE_WITH_UNIT (LENGTH_MEASURE( 1.000000000000000082E-05 ), #3597, 'distance_accuracy_value', 'NONE');
#1598 = ADVANCED_FACE ( 'NONE', ( #1626 ), #73, .T. ) ;
#1599 = CARTESIAN_POINT ( 'NONE',  ( 0.4720439151442943904, 1.034999999999999698, 0.8636569804084177626 ) ) ;
#1600 = VERTEX_POINT ( 'NONE', #3337 ) ;
#1601 = DIRECTION ( 'NONE',  ( 0.000000000000000000, 1.000000000000000000, 0.000000000000000000 ) ) ;
#1602 = CARTESIAN_POINT ( 'NONE',  ( 0.7713591597378328668, 1.035000000000000142, 1.067602144398379194 ) ) ;
#1603 = DIRECTION ( 'NONE',  ( -0.000000000000000000, -1.000000000000000000, -0.000000000000000000 ) ) ;
#1604 = VECTOR ( 'NONE', #2144, 1000.000000000000000 ) ;
#1605 = ORIENTED_EDGE ( 'NONE', *, *, #1906, .T. ) ;
#1606 = FILL_AREA_STYLE ('',( #2524 ) ) ;
#1607 = CARTESIAN_POINT ( 'NONE',  ( -0.6535456730769231282, 1.024999999999999911, 1.219501201923077316 ) ) ;
#1608 = ORIENTED_EDGE ( 'NONE', *, *, #944, .T. ) ;
#1609 = LINE ( 'NONE', #5571, #2250 ) ;
#1610 = SURFACE_STYLE_USAGE ( .BOTH. , #4123 ) ;
#1611 = EDGE_CURVE ( 'NONE', #6389, #4906, #5224, .T. ) ;
#1612 = CARTESIAN_POINT ( 'NONE',  ( 0.3551007412901766580, 1.035000000000000586, -1.069114892164733099 ) ) ;
#1613 = CARTESIAN_POINT ( 'NONE',  ( -0.7594458231531187042, 1.024999999999999911, 1.317561331180454154 ) ) ;
#1614 = FILL_AREA_STYLE_COLOUR ( '', #1390 ) ;
#1615 = LINE ( 'NONE', #5990, #5807 ) ;
#1616 = CARTESIAN_POINT ( 'NONE',  ( -0.7130408653846154188, 1.024999999999999467, 1.403846153846154188 ) ) ;
#1617 = B_SPLINE_CURVE_WITH_KNOTS ( 'NONE', 3,
 ( #5589, #530, #6006, #6030, #3007, #4565, #2992, #5057, #4033, #508, #3056, #988, #47, #2535, #2019, #2079, #4600, #1491, #3542 ),
 .UNSPECIFIED., .F., .F.,
 ( 4, 1, 1, 1, 1, 1, 1, 1, 1, 1, 1, 1, 1, 1, 1, 1, 4 ),
 ( 0.000000000000000000, 0.07541074235512768009, 0.1456952511249711146, 0.2123277195071691104, 0.2754673904410226415, 0.3356803348357260131, 0.3938728512593092645, 0.4504082724225710321, 0.5064122581723792260, 0.5623952053057698075, 0.6190778960641074580, 0.6765748594119131987, 0.7366657794253098634, 0.7988335232934143937, 0.8633755859743769134, 0.9301357679502563203, 1.000000000000000000 ),
 .UNSPECIFIED. ) ;
#1618 = LINE ( 'NONE', #2720, #3276 ) ;
#1619 = CARTESIAN_POINT ( 'NONE',  ( 0.7637620192307699174, 1.035000000000000142, -0.2397836538461539380 ) ) ;
#1620 = ORIENTED_EDGE ( 'NONE', *, *, #1989, .T. ) ;
#1621 = CARTESIAN_POINT ( 'NONE',  ( 0.2399004381831472132, 1.024999999999999911, -1.114948317319025106 ) ) ;
#1622 = LINE ( 'NONE', #5031, #764 ) ;
#1623 = CARTESIAN_POINT ( 'NONE',  ( 0.08407600387111015261, 1.025000000000000133, 1.064245337337989206 ) ) ;
#1624 = CARTESIAN_POINT ( 'NONE',  ( 0.5768030531107145586, 1.024999999999999911, -0.07437058000244567424 ) ) ;
#1625 = CARTESIAN_POINT ( 'NONE',  ( 0.5708984756573782793, 1.034999999999999920, 1.280269342272169819 ) ) ;
#1626 = FACE_OUTER_BOUND ( 'NONE', #4007, .T. ) ;
#1627 = CARTESIAN_POINT ( 'NONE',  ( 0.7944638946112254629, 1.025000000000000133, 0.9148849069587257077 ) ) ;
#1628 = CARTESIAN_POINT ( 'NONE',  ( 0.6870280247242083194, 1.024999999999999467, 1.177012512762981800 ) ) ;
#1629 = CARTESIAN_POINT ( 'NONE',  ( -0.5990513877927807762, 1.034999999999999920, 0.2773487647443848569 ) ) ;
#1630 = CARTESIAN_POINT ( 'NONE',  ( -0.7307692307692308376, 1.034999999999999920, 0.9711538461538463674 ) ) ;
#1631 = DIRECTION ( 'NONE',  ( -0.000000000000000000, -1.000000000000000000, -0.000000000000000000 ) ) ;
#1632 =( GEOMETRIC_REPRESENTATION_CONTEXT ( 3 ) GLOBAL_UNCERTAINTY_ASSIGNED_CONTEXT ( ( #5820 ) ) GLOBAL_UNIT_ASSIGNED_CONTEXT ( ( #5909, #385, #1824 ) ) REPRESENTATION_CONTEXT ( 'NONE', 'WORKASPACE' ) );
#1633 = CARTESIAN_POINT ( 'NONE',  ( -0.5820100102219785132, 1.034999999999999698, 0.01254943713729734199 ) ) ;
#1634 = CARTESIAN_POINT ( 'NONE',  ( 0.7388950688223768770, 1.024999999999999689, -0.2139691438659765965 ) ) ;
#1635 =( NAMED_UNIT ( * ) SI_UNIT ( $, .STERADIAN. ) SOLID_ANGLE_UNIT ( ) );
#1636 = CARTESIAN_POINT ( 'NONE',  ( -0.1247984203503666734, 1.034999999999999920, 0.7708032052688811309 ) ) ;
#1637 = ADVANCED_FACE ( 'NONE', ( #4801 ), #249, .T. ) ;
#1638 = CARTESIAN_POINT ( 'NONE',  ( 0.7979415460872331112, 1.034999999999999698, 0.9498072415089909848 ) ) ;
#1639 = AXIS2_PLACEMENT_3D ( 'NONE', #2486, #2027, #3961 ) ;
#1640 = CARTESIAN_POINT ( 'NONE',  ( 0.1736534996462657798, 1.034999999999999920, 0.8244472621065876972 ) ) ;
#1641 = STYLED_ITEM ( 'NONE', ( #2483 ), #6532 ) ;
#1642 = CARTESIAN_POINT ( 'NONE',  ( 0.5673076923076922906, 1.034999999999999920, 0.7500000000000002220 ) ) ;
#1643 = CARTESIAN_POINT ( 'NONE',  ( -0.3363150999152985099, 1.025000000000000133, 0.1921610990765486304 ) ) ;
#1644 = CARTESIAN_POINT ( 'NONE',  ( 0.3951000138174065035, 1.024999999999999689, -0.8359141373746954429 ) ) ;
#1645 = MECHANICAL_DESIGN_GEOMETRIC_PRESENTATION_REPRESENTATION (  '', ( #3113 ), #1230 ) ;
#1646 = CARTESIAN_POINT ( 'NONE',  ( 0.6113314052326520587, 1.024999999999999689, -0.1023239656277363518 ) ) ;
#1647 = DIRECTION ( 'NONE',  ( -1.000000000000000000, 0.000000000000000000, 0.000000000000000000 ) ) ;
#1648 = CARTESIAN_POINT ( 'NONE',  ( 0.5759803543715629193, 1.024999999999999911, 0.7501485095022860650 ) ) ;
#1649 = CARTESIAN_POINT ( 'NONE',  ( -0.3798942471436822510, 1.034999999999999698, 0.8579668031823561858 ) ) ;
#1650 = VECTOR ( 'NONE', #2521, 1000.000000000000000 ) ;
#1651 = FILL_AREA_STYLE ('',( #2108 ) ) ;
#1652 = PLANE ( 'NONE',  #3073 ) ;
#1653 = CARTESIAN_POINT ( 'NONE',  ( -0.3461538461538462008, 1.034999999999999920, 1.500000000000000222 ) ) ;
#1654 = CARTESIAN_POINT ( 'NONE',  ( 0.3480931429538268729, 1.024999999999999467, -1.057696923497338348 ) ) ;
#1655 = CARTESIAN_POINT ( 'NONE',  ( -0.6598274294242799654, 1.025000000000000133, 1.224482152663803003 ) ) ;
#1656 = ORIENTED_EDGE ( 'NONE', *, *, #57, .F. ) ;
#1657 = CARTESIAN_POINT ( 'NONE',  ( -0.5829476781887755754, 1.035000000000000142, 1.280269342272169819 ) ) ;
#1658 = B_SPLINE_CURVE_WITH_KNOTS ( 'NONE', 3,
 ( #2927, #423, #1966, #3942, #2468, #6495, #3004, #5009, #3966, #979, #3992, #1909, #446, #5522, #4484, #6519, #4515, #2970, #1447 ),
 .UNSPECIFIED., .F., .F.,
 ( 4, 1, 1, 1, 1, 1, 1, 1, 1, 1, 1, 1, 1, 1, 1, 1, 4 ),
 ( 0.000000000000000000, 0.1114096600426610489, 0.2145263672558011536, 0.3094172254458339433, 0.3960871907990311525, 0.4742842164262457416, 0.5443738816396979097, 0.6064195628105359948, 0.6605816023749734311, 0.7097938180647574979, 0.7564506485918283119, 0.8007673253039319095, 0.8431682879413343601, 0.8842948685500490180, 0.9238845020552842735, 0.9623587101392159227, 1.000000000000000000 ),
 .UNSPECIFIED. ) ;
#1659 = PRESENTATION_STYLE_ASSIGNMENT (( #683 ) ) ;
#1660 = EDGE_CURVE ( 'NONE', #3087, #5720, #5846, .T. ) ;
#1661 = CARTESIAN_POINT ( 'NONE',  ( 0.7633079040634315193, 1.024999999999999467, 0.8407290785386309917 ) ) ;
#1662 = ORIENTED_EDGE ( 'NONE', *, *, #5964, .F. ) ;
#1663 = CARTESIAN_POINT ( 'NONE',  ( 0.3593284318513517150, 1.024999999999999911, 0.8517178425193882019 ) ) ;
#1664 = ORIENTED_EDGE ( 'NONE', *, *, #4626, .F. ) ;
#1665 = FILL_AREA_STYLE_COLOUR ( '', #3225 ) ;
#1666 = CARTESIAN_POINT ( 'NONE',  ( 0.07244802049386153686, 1.025000000000000133, 1.078940445635440781 ) ) ;
#1667 = CARTESIAN_POINT ( 'NONE',  ( 0.7126393670829229698, 1.024999999999999911, -0.3732416529636379821 ) ) ;
#1668 = ADVANCED_FACE ( 'NONE', ( #4751 ), #2199, .T. ) ;
#1669 = SURFACE_SIDE_STYLE ('',( #6019 ) ) ;
#1670 = CARTESIAN_POINT ( 'NONE',  ( 0.6339091276536564790, 1.035000000000000142, 1.226931528156839590 ) ) ;
#1671 =( GEOMETRIC_REPRESENTATION_CONTEXT ( 3 ) GLOBAL_UNCERTAINTY_ASSIGNED_CONTEXT ( ( #2164 ) ) GLOBAL_UNIT_ASSIGNED_CONTEXT ( ( #3402, #1442, #5494 ) ) REPRESENTATION_CONTEXT ( 'NONE', 'WORKASPACE' ) );
#1672 = CARTESIAN_POINT ( 'NONE',  ( 0.8163176086182266644, 1.024999999999999911, -0.3039265020748548873 ) ) ;
#1673 =( LENGTH_UNIT ( ) NAMED_UNIT ( * ) SI_UNIT ( .MILLI., .METRE. ) );
#1674 = CARTESIAN_POINT ( 'NONE',  ( -0.3708315397228558741, 1.035000000000000142, 0.8759254739018296210 ) ) ;
#1675 = EDGE_LOOP ( 'NONE', ( #4406, #1922, #3047, #5743, #6013, #3751, #2712, #1842, #3175, #5543, #3874, #3647, #2922 ) ) ;
#1676 = CARTESIAN_POINT ( 'NONE',  ( 0.5207167764688062084, 1.024999999999999911, 0.8412040476659464749 ) ) ;
#1677 = CARTESIAN_POINT ( 'NONE',  ( -0.2471023299265814599, 1.025000000000000133, 0.9368557672397976877 ) ) ;
#1678 = VERTEX_POINT ( 'NONE', #3962 ) ;
#1679 = VERTEX_POINT ( 'NONE', #5355 ) ;
#1680 = ORIENTED_EDGE ( 'NONE', *, *, #3262, .T. ) ;
#1681 = CARTESIAN_POINT ( 'NONE',  ( 0.7360489443332798309, 1.024999999999999911, 0.8091909101105900781 ) ) ;
#1682 = ORIENTED_EDGE ( 'NONE', *, *, #6314, .T. ) ;
#1683 = AXIS2_PLACEMENT_3D ( 'NONE', #3371, #5914, #2902 ) ;
#1684 = SURFACE_SIDE_STYLE ('',( #5646 ) ) ;
#1685 = CARTESIAN_POINT ( 'NONE',  ( 0.6493710974169384365, 1.024999999999999467, 1.078940445635439893 ) ) ;
#1686 = COLOUR_RGB ( '',1.000000000000000000, 1.000000000000000000, 1.000000000000000000 ) ;
#1687 = PRESENTATION_STYLE_ASSIGNMENT (( #175 ) ) ;
#1688 = FACE_OUTER_BOUND ( 'NONE', #1123, .T. ) ;
#1689 = CARTESIAN_POINT ( 'NONE',  ( -0.1266930835313141712, 1.024999999999999911, -0.9446960006424259815 ) ) ;
#1690 = SURFACE_SIDE_STYLE ('',( #5182 ) ) ;
#1691 = COLOUR_RGB ( '',1.000000000000000000, 1.000000000000000000, 1.000000000000000000 ) ;
#1692 = FILL_AREA_STYLE_COLOUR ( '', #5541 ) ;
#1693 = CARTESIAN_POINT ( 'NONE',  ( 0.4253353384381411417, 1.034999999999999920, 0.9414258259068326584 ) ) ;
#1694 = EDGE_CURVE ( 'NONE', #355, #3641, #2125, .T. ) ;
#1695 = CARTESIAN_POINT ( 'NONE',  ( -0.006755977193804768924, 1.034999999999999920, 0.8366587838276429157 ) ) ;
#1696 = FACE_OUTER_BOUND ( 'NONE', #5469, .T. ) ;
#1697 = SURFACE_STYLE_FILL_AREA ( #2437 ) ;
#1698 = CARTESIAN_POINT ( 'NONE',  ( 0.5224391118454452254, 1.034999999999999698, -1.072678611138124127 ) ) ;
#1699 = LINE ( 'NONE', #319, #374 ) ;
#1700 = CARTESIAN_POINT ( 'NONE',  ( -0.4177972095128741348, 1.024999999999999911, 0.8091909101105898561 ) ) ;
#1701 = CARTESIAN_POINT ( 'NONE',  ( 0.3269230769230769273, 1.034999999999999920, 0.9615384615384617861 ) ) ;
#1702 = CARTESIAN_POINT ( 'NONE',  ( -0.05942551490823435451, 1.034999999999999920, 0.7531031900268579937 ) ) ;
#1703 = CARTESIAN_POINT ( 'NONE',  ( 0.3143212458006600651, 1.024999999999999911, -1.011203171292209380 ) ) ;
#1704 = CARTESIAN_POINT ( 'NONE',  ( 0.4285123407309867072, 1.025000000000000133, 0.9276918119063907175 ) ) ;
#1705 = CARTESIAN_POINT ( 'NONE',  ( -0.3338942307692303046, 1.024999999999999911, 0.3461538461538462563 ) ) ;
#1706 = LINE ( 'NONE', #5779, #6109 ) ;
#1707 = ADVANCED_FACE ( 'NONE', ( #1817 ), #2495, .T. ) ;
#1708 = COLOUR_RGB ( '',0.6470588235294117974, 0.5176470588235293491, 0.000000000000000000 ) ;
#1709 = CARTESIAN_POINT ( 'NONE',  ( -0.7305912537455258038, 1.024999999999999911, 0.9660415190853473000 ) ) ;
#1710 = EDGE_CURVE ( 'NONE', #5490, #3975, #3773, .T. ) ;
#1711 = B_SPLINE_CURVE_WITH_KNOTS ( 'NONE', 3,
 ( #4486, #2516, #6024, #1448, #5505, #3503, #4993, #501, #3450, #1262, #3764 ),
 .UNSPECIFIED., .F., .F.,
 ( 4, 1, 1, 1, 1, 1, 1, 1, 4 ),
 ( 0.000000000000000000, 0.08982226816897592725, 0.1871858735996305978, 0.2931954017053314820, 0.4089337604228172607, 0.5383757029064345501, 0.6787602136966732758, 0.8331740874230403326, 1.000000000000000000 ),
 .UNSPECIFIED. ) ;
#1712 = CARTESIAN_POINT ( 'NONE',  ( 0.5759803543715629193, 1.024999999999999467, 0.7501485095022860650 ) ) ;
#1713 = CARTESIAN_POINT ( 'NONE',  ( -0.09784746123551664454, 1.024999999999999911, -0.9666695307625216005 ) ) ;
#1714 = CARTESIAN_POINT ( 'NONE',  ( 0.1102579278943475599, 1.035000000000000142, 0.2288260439057090145 ) ) ;
#1715 = CARTESIAN_POINT ( 'NONE',  ( 0.5003004807692308376, 1.024999999999999911, 1.219501201923077316 ) ) ;
#1716 = CARTESIAN_POINT ( 'NONE',  ( 0.3025240384615390798, 1.034999999999999920, -0.7884615384615384359 ) ) ;
#1717 = CARTESIAN_POINT ( 'NONE',  ( -0.2495492788461539657, 1.024999999999999911, 1.433293269230769607 ) ) ;
#1718 = CARTESIAN_POINT ( 'NONE',  ( 0.01716579795666443170, 1.034999999999999920, 0.8385928700513111123 ) ) ;
#1719 = DIRECTION ( 'NONE',  ( -0.000000000000000000, -1.000000000000000000, -0.000000000000000000 ) ) ;
#1720 = CARTESIAN_POINT ( 'NONE',  ( 0.2874816416264610042, 1.034999999999999254, -1.113969992589462388 ) ) ;
#1721 = CARTESIAN_POINT ( 'NONE',  ( -0.3336405278139464303, 1.035000000000000364, -0.7476885298322695217 ) ) ;
#1722 = UNCERTAINTY_MEASURE_WITH_UNIT (LENGTH_MEASURE( 1.000000000000000082E-05 ), #5640, 'distance_accuracy_value', 'NONE');
#1723 =( NAMED_UNIT ( * ) SI_UNIT ( $, .STERADIAN. ) SOLID_ANGLE_UNIT ( ) );
#1724 = CARTESIAN_POINT ( 'NONE',  ( -0.6189714532072565500, 1.034999999999999920, 0.8385981092399693582 ) ) ;
#1725 = CARTESIAN_POINT ( 'NONE',  ( 0.4702497597294386655, 1.025000000000000133, -1.180198572257634027 ) ) ;
#1726 = CARTESIAN_POINT ( 'NONE',  ( 0.7126393670829229698, 1.035000000000000142, -0.3732416529636379821 ) ) ;
#1727 = CARTESIAN_POINT ( 'NONE',  ( -0.8316137394045788334, 1.034999999999999920, 1.449348915395678894 ) ) ;
#1728 = CARTESIAN_POINT ( 'NONE',  ( -0.3338942307692303046, 1.035000000000000364, 0.3461538461538462563 ) ) ;
#1729 =( GEOMETRIC_REPRESENTATION_CONTEXT ( 3 ) GLOBAL_UNCERTAINTY_ASSIGNED_CONTEXT ( ( #4934 ) ) GLOBAL_UNIT_ASSIGNED_CONTEXT ( ( #3848, #6384, #3382 ) ) REPRESENTATION_CONTEXT ( 'NONE', 'WORKASPACE' ) );
#1730 = CARTESIAN_POINT ( 'NONE',  ( -0.7242078780703772312, 1.034999999999999476, -0.3795226689951302634 ) ) ;
#1731 = VECTOR ( 'NONE', #2202, 1000.000000000000000 ) ;
#1732 = CARTESIAN_POINT ( 'NONE',  ( 0.4830800845762579510, 1.034999999999999920, 0.8565253071957876774 ) ) ;
#1733 = AXIS2_PLACEMENT_3D ( 'NONE', #3153, #4674, #1108 ) ;
#1734 = CARTESIAN_POINT ( 'NONE',  ( 0.4468931764755779690, 1.024999999999999245, 1.395641797569606934 ) ) ;
#1735 = CARTESIAN_POINT ( 'NONE',  ( 0.3105257572970913649, 1.024999999999999911, -0.7889372591678415203 ) ) ;
#1736 = MECHANICAL_DESIGN_GEOMETRIC_PRESENTATION_REPRESENTATION (  '', ( #261 ), #3757 ) ;
#1737 = LINE ( 'NONE', #6166, #3390 ) ;
#1738 = CARTESIAN_POINT ( 'NONE',  ( -0.5185713438862951108, 1.034999999999999920, 1.094640769511485479 ) ) ;
#1739 = CARTESIAN_POINT ( 'NONE',  ( -0.7130408653846154188, 1.034999999999999920, 1.403846153846154188 ) ) ;
#1740 = CARTESIAN_POINT ( 'NONE',  ( -0.1425305974246232066, 1.024999999999999689, 0.1673196915983768962 ) ) ;
#1741 = EDGE_LOOP ( 'NONE', ( #2880, #3865, #4937, #1773 ) ) ;
#1742 = ADVANCED_FACE ( 'NONE', ( #2457 ), #1134, .T. ) ;
#1743 = DIRECTION ( 'NONE',  ( 1.000000000000000000, -0.000000000000000000, -0.000000000000000000 ) ) ;
#1744 = CARTESIAN_POINT ( 'NONE',  ( -0.3713294895848328059, 1.035000000000000142, -0.9405298950300245986 ) ) ;
#1745 = CARTESIAN_POINT ( 'NONE',  ( 0.8280408709267160772, 1.024999999999999911, -0.3240397907080368456 ) ) ;
#1746 = CARTESIAN_POINT ( 'NONE',  ( 0.2601562500000004219, 1.034999999999999920, -1.115384615384615419 ) ) ;
#1747 = EDGE_CURVE ( 'NONE', #2323, #3980, #700, .T. ) ;
#1748 = ORIENTED_EDGE ( 'NONE', *, *, #2248, .F. ) ;
#1749 = CARTESIAN_POINT ( 'NONE',  ( -0.5608621531985421571, 1.024999999999999689, 0.07006620613971947797 ) ) ;
#1750 = CARTESIAN_POINT ( 'NONE',  ( -0.5909971491421553980, 1.034999999999999920, -0.1441871441899060247 ) ) ;
#1751 = CARTESIAN_POINT ( 'NONE',  ( 0.3172976528467607582, 1.034999999999999920, 1.494285306604467900 ) ) ;
#1752 = B_SPLINE_CURVE_WITH_KNOTS ( 'NONE', 3,
 ( #1819, #2307, #808, #831, #6380, #3776, #1323 ),
 .UNSPECIFIED., .F., .F.,
 ( 4, 1, 1, 1, 4 ),
 ( 0.000000000000000000, 0.2526433275832366543, 0.5044398525799862476, 0.7504068042814560080, 1.000000000000000000 ),
 .UNSPECIFIED. ) ;
#1753 = SURFACE_SIDE_STYLE ('',( #1353 ) ) ;
#1754 = CARTESIAN_POINT ( 'NONE',  ( 0.03559298597325188940, 1.035000000000000142, 1.245493178173427529 ) ) ;
#1755 = CARTESIAN_POINT ( 'NONE',  ( -0.8125654580808538974, 1.024999999999999689, 0.8912785242938491281 ) ) ;
#1756 = CARTESIAN_POINT ( 'NONE',  ( 0.1598482128031670224, 1.024999999999999689, -1.095686546644943915 ) ) ;
#1757 = ORIENTED_EDGE ( 'NONE', *, *, #3541, .F. ) ;
#1758 = CARTESIAN_POINT ( 'NONE',  ( -0.6720982898951269879, 1.025000000000000133, 1.234212003388963197 ) ) ;
#1759 = SURFACE_STYLE_USAGE ( .BOTH. , #4272 ) ;
#1760 = CARTESIAN_POINT ( 'NONE',  ( 0.4148695579704183012, 1.024999999999999911, -0.1300981908182175240 ) ) ;
#1761 = CARTESIAN_POINT ( 'NONE',  ( 0.5226381356013578561, 1.034999999999999920, 1.320496778789089998 ) ) ;
#1762 = DIRECTION ( 'NONE',  ( -0.9950371902099890420, 0.000000000000000000, -0.09950371902099883203 ) ) ;
#1763 = MECHANICAL_DESIGN_GEOMETRIC_PRESENTATION_REPRESENTATION (  '', ( #3515 ), #2089 ) ;
#1764 = ORIENTED_EDGE ( 'NONE', *, *, #2544, .T. ) ;
#1765 = CARTESIAN_POINT ( 'NONE',  ( -0.5561810472403306838, 1.024999999999999689, 1.258173606474872086 ) ) ;
#1766 = CARTESIAN_POINT ( 'NONE',  ( -0.4339081234163183476, 1.024999999999999911, 0.7952156366747696881 ) ) ;
#1767 = ORIENTED_EDGE ( 'NONE', *, *, #4236, .F. ) ;
#1768 = CARTESIAN_POINT ( 'NONE',  ( 0.1062076452984871827, 1.034999999999999698, 0.7728591684128819361 ) ) ;
#1769 = LINE ( 'NONE', #5196, #5164 ) ;
#1770 = CARTESIAN_POINT ( 'NONE',  ( -0.8240254068496583040, 1.034999999999999698, 0.9368557672397974656 ) ) ;
#1771 = CARTESIAN_POINT ( 'NONE',  ( 0.4720439151442943904, 1.024999999999999689, 0.8636569804084177626 ) ) ;
#1772 = CARTESIAN_POINT ( 'NONE',  ( 0.03770079244571857696, 1.024999999999999467, 0.2615668493694585095 ) ) ;
#1773 = ORIENTED_EDGE ( 'NONE', *, *, #598, .T. ) ;
#1774 = AXIS2_PLACEMENT_3D ( 'NONE', #5533, #3983, #3601 ) ;
#1775 = CARTESIAN_POINT ( 'NONE',  ( -0.7253338131151673140, 1.024999999999999911, 0.9276918119063907175 ) ) ;
#1776 = VECTOR ( 'NONE', #19, 1000.000000000000000 ) ;
#1777 = CARTESIAN_POINT ( 'NONE',  ( 0.1944360828147558562, 1.035000000000000142, 1.067602144398379416 ) ) ;
#1778 = PRESENTATION_LAYER_ASSIGNMENT (  '', '', ( #2794 ) ) ;
#1779 = CARTESIAN_POINT ( 'NONE',  ( 0.1817883925536819545, 1.034999999999999920, 1.090131206510949413 ) ) ;
#1780 = CARTESIAN_POINT ( 'NONE',  ( 0.2536308821443046813, 1.034999999999999920, -1.115244062865741181 ) ) ;
#1781 = PRESENTATION_STYLE_ASSIGNMENT (( #2393 ) ) ;
#1782 = CARTESIAN_POINT ( 'NONE',  ( -0.6896756836715141059, 1.024999999999999911, 1.248891001546740709 ) ) ;
#1783 = CARTESIAN_POINT ( 'NONE',  ( -0.5243658366482211175, 1.024999999999999689, -0.4206875535002225774 ) ) ;
#1784 = FILL_AREA_STYLE_COLOUR ( '', #3131 ) ;
#1785 = CARTESIAN_POINT ( 'NONE',  ( -0.01693200486031759197, 1.034999999999999920, 0.8366581879303760516 ) ) ;
#1786 =( NAMED_UNIT ( * ) SI_UNIT ( $, .STERADIAN. ) SOLID_ANGLE_UNIT ( ) );
#1787 = EDGE_CURVE ( 'NONE', #3985, #4482, #1424, .T. ) ;
#1788 = CARTESIAN_POINT ( 'NONE',  ( 0.3929687500000005329, 1.024999999999999911, -0.8335336538461538547 ) ) ;
#1789 = ORIENTED_EDGE ( 'NONE', *, *, #4458, .T. ) ;
#1790 = VECTOR ( 'NONE', #4537, 1000.000000000000000 ) ;
#1791 = CARTESIAN_POINT ( 'NONE',  ( -0.3559046077589207435, 1.034999999999999920, 0.9498072415089910958 ) ) ;
#1792 = CARTESIAN_POINT ( 'NONE',  ( -0.2831391832459439484, 1.034999999999999698, 0.1912586387461336357 ) ) ;
#1793 =( GEOMETRIC_REPRESENTATION_CONTEXT ( 3 ) GLOBAL_UNCERTAINTY_ASSIGNED_CONTEXT ( ( #2073 ) ) GLOBAL_UNIT_ASSIGNED_CONTEXT ( ( #2456, #5466, #474 ) ) REPRESENTATION_CONTEXT ( 'NONE', 'WORKASPACE' ) );
#1794 = CARTESIAN_POINT ( 'NONE',  ( 0.7587114694767590484, 1.034999999999999920, 1.090131206510948969 ) ) ;
#1795 = CARTESIAN_POINT ( 'NONE',  ( -0.5604149365682948858, 1.024999999999999911, -0.3101462130629180081 ) ) ;
#1796 = EDGE_CURVE ( 'NONE', #3438, #6244, #3464, .T. ) ;
#1797 = CARTESIAN_POINT ( 'NONE',  ( -0.5555546696689843689, 1.034999999999999698, -0.7305463340797554439 ) ) ;
#1798 = EDGE_CURVE ( 'NONE', #5479, #4209, #5136, .T. ) ;
#1799 = B_SPLINE_CURVE_WITH_KNOTS ( 'NONE', 3,
 ( #1213, #688, #3736, #707, #1263, #3186, #5260, #2181, #727, #1698, #6182 ),
 .UNSPECIFIED., .F., .F.,
 ( 4, 1, 1, 1, 1, 1, 1, 1, 4 ),
 ( 0.000000000000000000, 0.09667456401900831331, 0.2200460203467192732, 0.3580523530425036016, 0.5030958817993885779, 0.6465867356323256043, 0.7842179938026717645, 0.9050398087554584192, 0.9999999999999998890 ),
 .UNSPECIFIED. ) ;
#1800 = CARTESIAN_POINT ( 'NONE',  ( 0.2211538461538460343, 1.034999999999999920, 0.9570312500000004441 ) ) ;
#1801 = CARTESIAN_POINT ( 'NONE',  ( -0.7549970048646593712, 1.024999999999999689, 0.8038894595579940683 ) ) ;
#1802 = CARTESIAN_POINT ( 'NONE',  ( -1.604999999999999982, -1.024999999999999911, -1.625000000000000000 ) ) ;
#1803 = STYLED_ITEM ( 'NONE', ( #4628 ), #3057 ) ;
#1804 = CARTESIAN_POINT ( 'NONE',  ( 0.4115203108548788347, 1.024999999999999911, -1.238454280651613892 ) ) ;
#1805 = CARTESIAN_POINT ( 'NONE',  ( -0.02713472773045475656, 1.034999999999999920, 0.8368925012777321815 ) ) ;
#1806 = CARTESIAN_POINT ( 'NONE',  ( -0.07117166630517686443, 1.024999999999999911, 0.1451154953134258796 ) ) ;
#1807 = CARTESIAN_POINT ( 'NONE',  ( -0.1048791617787825647, 1.034999999999999920, 0.8636569804084183177 ) ) ;
#1808 = CARTESIAN_POINT ( 'NONE',  ( -0.4848726345497612611, 1.025000000000000133, -0.8210339849193231121 ) ) ;
#1809 = VECTOR ( 'NONE', #1143, 1000.000000000000000 ) ;
#1810 = CARTESIAN_POINT ( 'NONE',  ( -0.5199370261924975978, 1.024999999999999689, 1.226931528156839590 ) ) ;
#1811 = CARTESIAN_POINT ( 'NONE',  ( -0.8259392864795586098, 1.034999999999999920, 0.9531584188986651496 ) ) ;
#1812 = UNCERTAINTY_MEASURE_WITH_UNIT (LENGTH_MEASURE( 1.000000000000000082E-05 ), #4056, 'distance_accuracy_value', 'NONE');
#1813 = CARTESIAN_POINT ( 'NONE',  ( 0.4148695579704183012, 1.034999999999999920, -0.1300981908182175240 ) ) ;
#1814 = DIRECTION ( 'NONE',  ( 0.000000000000000000, 0.000000000000000000, 1.000000000000000000 ) ) ;
#1815 = PRESENTATION_LAYER_ASSIGNMENT (  '', '', ( #4089 ) ) ;
#1816 = CARTESIAN_POINT ( 'NONE',  ( 0.6000525407641328357, 1.035000000000000142, 1.130708011491502019 ) ) ;
#1817 = FACE_OUTER_BOUND ( 'NONE', #952, .T. ) ;
#1818 = CARTESIAN_POINT ( 'NONE',  ( 0.4992838354678801882, 1.034999999999999920, 1.340513759941373451 ) ) ;
#1819 = CARTESIAN_POINT ( 'NONE',  ( 0.3173076923076922351, 1.024999999999999911, 1.500000000000000444 ) ) ;
#1820 = EDGE_CURVE ( 'NONE', #2214, #2559, #5768, .T. ) ;
#1821 = CARTESIAN_POINT ( 'NONE',  ( 0.3117942002809458990, 1.024999999999999689, -1.267440639392174884 ) ) ;
#1822 =( NAMED_UNIT ( * ) PLANE_ANGLE_UNIT ( ) SI_UNIT ( $, .RADIAN. ) );
#1823 = CARTESIAN_POINT ( 'NONE',  ( -0.4177972095128741348, 1.024999999999999911, 0.8091909101105898561 ) ) ;
#1824 =( NAMED_UNIT ( * ) SI_UNIT ( $, .STERADIAN. ) SOLID_ANGLE_UNIT ( ) );
#1825 = CARTESIAN_POINT ( 'NONE',  ( -0.4591161513292428276, 1.034999999999999920, -0.8516618147757765156 ) ) ;
#1826 = CARTESIAN_POINT ( 'NONE',  ( 0.6123197115384620970, 1.034999999999999920, -0.2848557692307692180 ) ) ;
#1827 = CARTESIAN_POINT ( 'NONE',  ( -0.3724756048954960264, 1.024999999999999245, 1.045491749235682333 ) ) ;
#1828 = EDGE_CURVE ( 'NONE', #2968, #5485, #4350, .T. ) ;
#1829 = CARTESIAN_POINT ( 'NONE',  ( -0.09517521297205010222, 1.034999999999999698, 1.234212003388962753 ) ) ;
#1830 = CARTESIAN_POINT ( 'NONE',  ( -0.2415561252545030124, 1.024999999999999689, 0.1873539520022203253 ) ) ;
#1831 = CARTESIAN_POINT ( 'NONE',  ( -0.8344791181631114885, 1.034999999999999920, 1.466193585245457731 ) ) ;
#1832 = EDGE_CURVE ( 'NONE', #738, #874, #4763, .T. ) ;
#1833 = CARTESIAN_POINT ( 'NONE',  ( 0.7977342175872388363, 1.034999999999999920, -0.4548099921802073453 ) ) ;
#1834 = ORIENTED_EDGE ( 'NONE', *, *, #3766, .T. ) ;
#1835 = CARTESIAN_POINT ( 'NONE',  ( -0.5213818887181209671, 1.024999999999999911, 0.8499915930093842054 ) ) ;
#1836 = B_SPLINE_CURVE_WITH_KNOTS ( 'NONE', 3,
 ( #3191, #2661, #1703, #2227, #1654, #4194, #5197, #5240, #2205 ),
 .UNSPECIFIED., .F., .F.,
 ( 4, 1, 1, 1, 1, 1, 4 ),
 ( 0.000000000000000000, 0.3509222893589579173, 0.6454924037914960833, 0.7681706215885483191, 0.8690722653315180457, 0.9456999174901274952, 1.000000000000000000 ),
 .UNSPECIFIED. ) ;
#1837 = VERTEX_POINT ( 'NONE', #3298 ) ;
#1838 = CARTESIAN_POINT ( 'NONE',  ( -0.08656011123766355064, 1.025000000000000133, 1.348635032081523910 ) ) ;
#1839 = CARTESIAN_POINT ( 'NONE',  ( 0.7850000000000001421, -1.024999999999999911, 1.624999999999999778 ) ) ;
#1840 = ORIENTED_EDGE ( 'NONE', *, *, #3156, .F. ) ;
#1841 = CARTESIAN_POINT ( 'NONE',  ( 0.1249999999999998890, 1.034999999999999920, 0.9579326923076927347 ) ) ;
#1842 = ORIENTED_EDGE ( 'NONE', *, *, #2025, .F. ) ;
#1843 = CARTESIAN_POINT ( 'NONE',  ( -0.1148982632756631039, 1.024999999999999911, 0.8721003435082631539 ) ) ;
#1844 = CARTESIAN_POINT ( 'NONE',  ( -0.5609714026911809537, 1.025000000000000133, 0.7504378068874775209 ) ) ;
#1845 = ORIENTED_EDGE ( 'NONE', *, *, #5730, .T. ) ;
#1846 = CARTESIAN_POINT ( 'NONE',  ( 0.5768030531107145586, 1.034999999999999920, -0.07437058000244567424 ) ) ;
#1847 = MECHANICAL_DESIGN_GEOMETRIC_PRESENTATION_REPRESENTATION (  '', ( #296 ), #4213 ) ;
#1848 = ORIENTED_EDGE ( 'NONE', *, *, #1092, .F. ) ;
#1849 = CARTESIAN_POINT ( 'NONE',  ( 0.5225040702412534488, 1.024999999999999911, -1.055883598833726289 ) ) ;
#1850 = PRESENTATION_STYLE_ASSIGNMENT (( #2962 ) ) ;
#1851 = VECTOR ( 'NONE', #1854, 1000.000000000000000 ) ;
#1852 = ORIENTED_EDGE ( 'NONE', *, *, #5525, .F. ) ;
#1853 = ORIENTED_EDGE ( 'NONE', *, *, #3469, .T. ) ;
#1854 = DIRECTION ( 'NONE',  ( -0.000000000000000000, -1.000000000000000000, -0.000000000000000000 ) ) ;
#1855 =( NAMED_UNIT ( * ) SI_UNIT ( $, .STERADIAN. ) SOLID_ANGLE_UNIT ( ) );
#1856 = CARTESIAN_POINT ( 'NONE',  ( 0.7279304372125445788, 1.035000000000000364, 1.132741021815065974 ) ) ;
#1857 = CARTESIAN_POINT ( 'NONE',  ( -0.1400841346153841038, 1.034999999999999920, -0.9344951923076924016 ) ) ;
#1858 = STYLED_ITEM ( 'NONE', ( #3575 ), #5682 ) ;
#1859 = CARTESIAN_POINT ( 'NONE',  ( 0.4187397839834055557, 1.034999999999999920, 1.291137545940029163 ) ) ;
#1860 = AXIS2_PLACEMENT_3D ( 'NONE', #3512, #4042, #1012 ) ;
#1861 = CARTESIAN_POINT ( 'NONE',  ( 0.5547742813198949241, 1.034999999999999920, 1.172529277259950931 ) ) ;
#1862 = CARTESIAN_POINT ( 'NONE',  ( 0.7979415460872331112, 1.034999999999999698, 0.9498072415089909848 ) ) ;
#1863 = LINE ( 'NONE', #3794, #848 ) ;
#1864 = CARTESIAN_POINT ( 'NONE',  ( 0.006501761106951204836, 1.024999999999999911, 1.270071547984030325 ) ) ;
#1865 = CARTESIAN_POINT ( 'NONE',  ( -0.3859165284652604222, 1.035000000000000586, 0.3448924157040462735 ) ) ;
#1866 =( LENGTH_UNIT ( ) NAMED_UNIT ( * ) SI_UNIT ( .MILLI., .METRE. ) );
#1867 = CARTESIAN_POINT ( 'NONE',  ( 0.1248956125333308687, 1.025000000000000133, 0.9621975019446509236 ) ) ;
#1868 = CARTESIAN_POINT ( 'NONE',  ( -0.1536681768224490985, 1.024999999999999689, 0.9660415190853475220 ) ) ;
#1869 = STYLED_ITEM ( 'NONE', ( #3556 ), #18 ) ;
#1870 = VERTEX_POINT ( 'NONE', #5280 ) ;
#1871 = CARTESIAN_POINT ( 'NONE',  ( 0.2153846153846159794, 1.034999999999999920, -0.8756009615384615641 ) ) ;
#1872 =( NAMED_UNIT ( * ) SI_UNIT ( $, .STERADIAN. ) SOLID_ANGLE_UNIT ( ) );
#1873 = CARTESIAN_POINT ( 'NONE',  ( -0.01681074385713555303, 1.025000000000000133, 0.2822056425516642486 ) ) ;
#1874 = FILL_AREA_STYLE ('',( #6408 ) ) ;
#1875 = SURFACE_STYLE_USAGE ( .BOTH. , #4461 ) ;
#1876 = CARTESIAN_POINT ( 'NONE',  ( -0.1127526067484372341, 1.024999999999999245, 1.248891001546740709 ) ) ;
#1877 = APPLICATION_CONTEXT ( 'automotive_design' ) ;
#1878 = CARTESIAN_POINT ( 'NONE',  ( 0.7942258204726675430, 1.034999999999999476, 1.001524615184221645 ) ) ;
#1879 = EDGE_CURVE ( 'NONE', #6474, #1255, #2296, .T. ) ;
#1880 = CARTESIAN_POINT ( 'NONE',  ( 0.5003004807692308376, 1.024999999999999911, 1.219501201923077316 ) ) ;
#1881 =( LENGTH_UNIT ( ) NAMED_UNIT ( * ) SI_UNIT ( .MILLI., .METRE. ) );
#1882 = CARTESIAN_POINT ( 'NONE',  ( 0.7360489443332798309, 1.035000000000000364, 0.8091909101105900781 ) ) ;
#1883 = B_SPLINE_CURVE_WITH_KNOTS ( 'NONE', 3,
 ( #5902, #3908, #2840, #5383, #4845, #375, #2885, #4893, #1340, #4870, #3377, #2371, #1835, #3881, #871, #2356, #5854, #5436, #4411 ),
 .UNSPECIFIED., .F., .F.,
 ( 4, 1, 1, 1, 1, 1, 1, 1, 1, 1, 1, 1, 1, 1, 1, 1, 4 ),
 ( 0.000000000000000000, 0.06176215676807093186, 0.1211739926536291034, 0.1794214068253154049, 0.2368434346502753529, 0.2943217954133982017, 0.3531909627945247765, 0.4127207064163247452, 0.4745221507037175046, 0.5370567441421365551, 0.5995913375805563827, 0.6623669793543065509, 0.7252456446794927070, 0.7903164461250805628, 0.8577243009540927998, 0.9272319523784934292, 1.000000000000000000 ),
 .UNSPECIFIED. ) ;
#1884 = SURFACE_SIDE_STYLE ('',( #5262 ) ) ;
#1885 = CARTESIAN_POINT ( 'NONE',  ( -0.7247408575763278904, 1.025000000000000133, 0.1240900372869518653 ) ) ;
#1886 = UNCERTAINTY_MEASURE_WITH_UNIT (LENGTH_MEASURE( 1.000000000000000082E-05 ), #1351, 'distance_accuracy_value', 'NONE');
#1887 = PLANE ( 'NONE',  #5752 ) ;
#1888 = FACE_OUTER_BOUND ( 'NONE', #6009, .T. ) ;
#1889 =( GEOMETRIC_REPRESENTATION_CONTEXT ( 3 ) GLOBAL_UNCERTAINTY_ASSIGNED_CONTEXT ( ( #439 ) ) GLOBAL_UNIT_ASSIGNED_CONTEXT ( ( #3578, #616, #4120 ) ) REPRESENTATION_CONTEXT ( 'NONE', 'WORKASPACE' ) );
#1890 = CARTESIAN_POINT ( 'NONE',  ( -0.1001450165801050368, 1.035000000000000142, 1.360971408330851062 ) ) ;
#1891 = CARTESIAN_POINT ( 'NONE',  ( 1.605000000000000204, -1.074999999999999956, 1.625000000000000000 ) ) ;
#1892 = CARTESIAN_POINT ( 'NONE',  ( -0.6007688553617724914, 1.034999999999999698, 1.295053357843854336 ) ) ;
#1893 = UNCERTAINTY_MEASURE_WITH_UNIT (LENGTH_MEASURE( 1.000000000000000082E-05 ), #4319, 'distance_accuracy_value', 'NONE');
#1894 = CARTESIAN_POINT ( 'NONE',  ( 0.4295204489710672813, 1.034999999999999698, -0.8827832612608561558 ) ) ;
#1895 = SURFACE_STYLE_FILL_AREA ( #2599 ) ;
#1896 = MECHANICAL_DESIGN_GEOMETRIC_PRESENTATION_REPRESENTATION (  '', ( #5076 ), #427 ) ;
#1897 = CARTESIAN_POINT ( 'NONE',  ( -0.4495910546867318280, 1.024999999999999911, -0.5853106937111854924 ) ) ;
#1898 = CARTESIAN_POINT ( 'NONE',  ( 0.1903382224432993153, 1.034999999999999920, -1.260782450121067821 ) ) ;
#1899 = SURFACE_STYLE_USAGE ( .BOTH. , #5875 ) ;
#1900 =( GEOMETRIC_REPRESENTATION_CONTEXT ( 3 ) GLOBAL_UNCERTAINTY_ASSIGNED_CONTEXT ( ( #5810 ) ) GLOBAL_UNIT_ASSIGNED_CONTEXT ( ( #3453, #2435, #4464 ) ) REPRESENTATION_CONTEXT ( 'NONE', 'WORKASPACE' ) );
#1901 = VERTEX_POINT ( 'NONE', #5325 ) ;
#1902 = CARTESIAN_POINT ( 'NONE',  ( 0.5285331315712945566, 1.024999999999999911, 1.195738238068862147 ) ) ;
#1903 = CARTESIAN_POINT ( 'NONE',  ( 0.3840621365247076646, 1.035000000000000364, 0.8183052022479979648 ) ) ;
#1904 = CARTESIAN_POINT ( 'NONE',  ( -0.7509691229693329362, 1.024999999999999911, 0.04192850094834601332 ) ) ;
#1905 = CARTESIAN_POINT ( 'NONE',  ( 0.2836703517299277721, 1.034999999999999920, -0.7891061913658832250 ) ) ;
#1906 = EDGE_CURVE ( 'NONE', #104, #4863, #5536, .T. ) ;
#1907 = CARTESIAN_POINT ( 'NONE',  ( 0.1194637465900133533, 1.025000000000000133, 0.9969243262400653283 ) ) ;
#1908 = CARTESIAN_POINT ( 'NONE',  ( -0.7155150525547808726, 1.034999999999999698, 0.9028740862858284366 ) ) ;
#1909 = CARTESIAN_POINT ( 'NONE',  ( 0.6791238268427108871, 1.034999999999999698, 1.036833623450326591 ) ) ;
#1910 = CARTESIAN_POINT ( 'NONE',  ( 0.3075481962512565115, 1.024999999999999467, 0.1204008754419296778 ) ) ;
#1911 = VERTEX_POINT ( 'NONE', #4769 ) ;
#1912 = CARTESIAN_POINT ( 'NONE',  ( 0.4890306126040769308, 1.034999999999999920, -0.9797866819997160803 ) ) ;
#1913 =( GEOMETRIC_REPRESENTATION_CONTEXT ( 3 ) GLOBAL_UNCERTAINTY_ASSIGNED_CONTEXT ( ( #6284 ) ) GLOBAL_UNIT_ASSIGNED_CONTEXT ( ( #4665, #6188, #163 ) ) REPRESENTATION_CONTEXT ( 'NONE', 'WORKASPACE' ) );
#1914 = CARTESIAN_POINT ( 'NONE',  ( -0.4695860310905232149, 1.025000000000000133, -0.5455223592266811306 ) ) ;
#1915 = FILL_AREA_STYLE_COLOUR ( '', #5800 ) ;
#1916 = EDGE_CURVE ( 'NONE', #3075, #2246, #6260, .T. ) ;
#1917 = CARTESIAN_POINT ( 'NONE',  ( -0.6074319325474580866, 1.034999999999999920, -0.6487998170869914150 ) ) ;
#1918 = EDGE_LOOP ( 'NONE', ( #604, #5412, #3349, #6518 ) ) ;
#1919 = CARTESIAN_POINT ( 'NONE',  ( 0.3480931429538268729, 1.024999999999999245, -1.057696923497338348 ) ) ;
#1920 = CARTESIAN_POINT ( 'NONE',  ( 0.4059455569205765446, 1.025000000000000133, 1.304503635857037214 ) ) ;
#1921 = CARTESIAN_POINT ( 'NONE',  ( 0.7018186894564079070, 1.034999999999999920, 0.9621975019446505906 ) ) ;
#1922 = ORIENTED_EDGE ( 'NONE', *, *, #944, .F. ) ;
#1923 = STYLED_ITEM ( 'NONE', ( #166 ), #2675 ) ;
#1924 = CARTESIAN_POINT ( 'NONE',  ( 0.3706770109938827829, 1.024999999999999911, 0.8340822251097768092 ) ) ;
#1925 = DIRECTION ( 'NONE',  ( -1.000000000000000000, 0.000000000000000000, 3.516331370223257730E-16 ) ) ;
#1926 = VECTOR ( 'NONE', #4648, 1000.000000000000000 ) ;
#1927 = VERTEX_POINT ( 'NONE', #6344 ) ;
#1928 = CARTESIAN_POINT ( 'NONE',  ( 0.2621031612083700724, 1.035000000000000142, -0.02505928498801309953 ) ) ;
#1929 = VECTOR ( 'NONE', #1814, 1000.000000000000000 ) ;
#1930 = CARTESIAN_POINT ( 'NONE',  ( -0.07662259615384627021, 1.024999999999999911, 1.219501201923077538 ) ) ;
#1931 = CARTESIAN_POINT ( 'NONE',  ( 0.2173027435495910042, 1.024999999999999911, 1.001524615184222089 ) ) ;
#1932 = CARTESIAN_POINT ( 'NONE',  ( 0.1430149535067584410, 1.025000000000000133, 0.7952156366747701322 ) ) ;
#1933 = CARTESIAN_POINT ( 'NONE',  ( -0.5829476781887755754, 1.035000000000000142, 1.280269342272169819 ) ) ;
#1934 = CARTESIAN_POINT ( 'NONE',  ( -0.7307692307692308376, 1.024999999999999911, 0.9711538461538463674 ) ) ;
#1935 = COLOUR_RGB ( '',0.4980392156862745168, 0.4980392156862745168, 0.4980392156862745168 ) ;
#1936 = CARTESIAN_POINT ( 'NONE',  ( -0.4695860310905232149, 1.035000000000000142, -0.5455223592266811306 ) ) ;
#1937 =( GEOMETRIC_REPRESENTATION_CONTEXT ( 3 ) GLOBAL_UNCERTAINTY_ASSIGNED_CONTEXT ( ( #3823 ) ) GLOBAL_UNIT_ASSIGNED_CONTEXT ( ( #3572, #6540, #2502 ) ) REPRESENTATION_CONTEXT ( 'NONE', 'WORKASPACE' ) );
#1938 = FILL_AREA_STYLE ('',( #1955 ) ) ;
#1939 = CARTESIAN_POINT ( 'NONE',  ( 0.000000000000000000, 0.000000000000000000, 0.000000000000000000 ) ) ;
#1940 = CARTESIAN_POINT ( 'NONE',  ( 0.6873853076905492854, 1.025000000000000133, 0.9000261689353129535 ) ) ;
#1941 = CARTESIAN_POINT ( 'NONE',  ( -0.8045570349474158167, 1.034999999999999920, 0.8706527266382477759 ) ) ;
#1942 = SURFACE_STYLE_USAGE ( .BOTH. , #2920 ) ;
#1943 = ORIENTED_EDGE ( 'NONE', *, *, #1365, .T. ) ;
#1944 = CARTESIAN_POINT ( 'NONE',  ( 1.849999999999999645, 1.024999999999999911, 2.000000000000000000 ) ) ;
#1945 = CARTESIAN_POINT ( 'NONE',  ( 0.6860523257965557287, 1.024999999999999911, 1.023402570223235664 ) ) ;
#1946 = SURFACE_SIDE_STYLE ('',( #5649 ) ) ;
#1947 = CARTESIAN_POINT ( 'NONE',  ( 0.5209897867619566192, 1.034999999999999920, -1.086931559160239980 ) ) ;
#1948 = DIRECTION ( 'NONE',  ( 3.516331370223257730E-16, 0.000000000000000000, 1.000000000000000000 ) ) ;
#1949 = CARTESIAN_POINT ( 'NONE',  ( -0.3242788461538456679, 1.034999999999999920, 0.1923076923076923184 ) ) ;
#1950 = CARTESIAN_POINT ( 'NONE',  ( -0.7285108154080124354, 1.034999999999999920, 0.9414258259068326584 ) ) ;
#1951 = EDGE_CURVE ( 'NONE', #4492, #3814, #6213, .T. ) ;
#1952 = CARTESIAN_POINT ( 'NONE',  ( 0.7018186768974628009, 1.024999999999999911, 0.9537176434545547865 ) ) ;
#1953 = CARTESIAN_POINT ( 'NONE',  ( -0.0009427225515141211603, 1.024999999999999911, 0.7501485095022863980 ) ) ;
#1954 = CARTESIAN_POINT ( 'NONE',  ( -0.1235576923076918271, 1.025000000000000355, -1.129507211538461675 ) ) ;
#1955 = FILL_AREA_STYLE_COLOUR ( '', #1691 ) ;
#1956 = CARTESIAN_POINT ( 'NONE',  ( 0.05896144353619249545, 1.024999999999999911, -1.218549679676853570 ) ) ;
#1957 = CARTESIAN_POINT ( 'NONE',  ( -0.7208848868286070743, 1.024999999999999689, 0.7800866347188732952 ) ) ;
#1958 = CARTESIAN_POINT ( 'NONE',  ( -0.006755977193804768924, 1.034999999999999920, 0.8366587838276429157 ) ) ;
#1959 = CARTESIAN_POINT ( 'NONE',  ( 0.2661046692710027917, 1.034999999999999920, -0.9635485289351736204 ) ) ;
#1960 = FILL_AREA_STYLE ('',( #1467 ) ) ;
#1961 = CARTESIAN_POINT ( 'NONE',  ( 0.6873969098756016471, 1.025000000000000133, -0.3498868159651466470 ) ) ;
#1962 = CARTESIAN_POINT ( 'NONE',  ( 0.2313020974749849246, 1.034999999999999032, -0.9172068903341110691 ) ) ;
#1963 = PRESENTATION_LAYER_ASSIGNMENT (  '', '', ( #750 ) ) ;
#1964 = CARTESIAN_POINT ( 'NONE',  ( 0.1369608420716999231, 1.024999999999999689, 1.149153048603420046 ) ) ;
#1965 = FILL_AREA_STYLE ('',( #2550 ) ) ;
#1966 = CARTESIAN_POINT ( 'NONE',  ( 0.5285331315712945566, 1.034999999999999920, 1.195738238068862147 ) ) ;
#1967 = CARTESIAN_POINT ( 'NONE',  ( 0.2504346767130117279, 1.024999999999999911, -1.269029477025444441 ) ) ;
#1968 = ORIENTED_EDGE ( 'NONE', *, *, #4921, .T. ) ;
#1969 =( LENGTH_UNIT ( ) NAMED_UNIT ( * ) SI_UNIT ( .MILLI., .METRE. ) );
#1970 = MECHANICAL_DESIGN_GEOMETRIC_PRESENTATION_REPRESENTATION (  '', ( #4049 ), #2324 ) ;
#1971 = PRESENTATION_LAYER_ASSIGNMENT (  '', '', ( #6500 ) ) ;
#1972 = DIRECTION ( 'NONE',  ( -1.106079984094548093E-13, 1.000000000000000000, 1.943139555992545864E-16 ) ) ;
#1973 = PLANE ( 'NONE',  #5311 ) ;
#1974 = EDGE_LOOP ( 'NONE', ( #1156, #3719, #4778, #2948 ) ) ;
#1975 = CARTESIAN_POINT ( 'NONE',  ( -0.2546906624815021281, 1.034999999999999920, 1.449348915395679116 ) ) ;
#1976 = STYLED_ITEM ( 'NONE', ( #2178 ), #1537 ) ;
#1977 = FILL_AREA_STYLE_COLOUR ( '', #2816 ) ;
#1978 = PLANE ( 'NONE',  #1860 ) ;
#1979 = CARTESIAN_POINT ( 'NONE',  ( 0.4215144230769235500, 1.034999999999999920, -1.232271634615384581 ) ) ;
#1980 = CARTESIAN_POINT ( 'NONE',  ( 0.3492891188987382600, 1.035000000000000364, 0.8706527266382479979 ) ) ;
#1981 = VERTEX_POINT ( 'NONE', #2799 ) ;
#1982 = DIRECTION ( 'NONE',  ( -0.000000000000000000, -0.000000000000000000, -1.000000000000000000 ) ) ;
#1983 = CARTESIAN_POINT ( 'NONE',  ( 0.7019230769230769829, 1.034999999999999920, 0.9579326923076925127 ) ) ;
#1984 = CARTESIAN_POINT ( 'NONE',  ( 0.6436831158791836982, 1.024999999999999689, 0.8562443421471485072 ) ) ;
#1985 = FILL_AREA_STYLE_COLOUR ( '', #1064 ) ;
#1986 = ORIENTED_EDGE ( 'NONE', *, *, #1410, .F. ) ;
#1987 = CARTESIAN_POINT ( 'NONE',  ( 0.1246907728019100853, 1.024999999999999911, 0.9454479468394777486 ) ) ;
#1988 = COLOUR_RGB ( '',0.7921568627450980005, 0.8196078431372548767, 0.9333333333333333481 ) ;
#1989 = EDGE_CURVE ( 'NONE', #2650, #4380, #3169, .T. ) ;
#1990 = EDGE_LOOP ( 'NONE', ( #200, #251, #3179, #1327 ) ) ;
#1991 = CARTESIAN_POINT ( 'NONE',  ( -0.05428494132171902964, 1.025000000000000133, 1.320496778789090664 ) ) ;
#1992 = ADVANCED_FACE ( 'NONE', ( #5062 ), #2168, .T. ) ;
#1993 = CARTESIAN_POINT ( 'NONE',  ( -0.5337406439331073837, 1.024999999999999911, 0.1118237917961432681 ) ) ;
#1994 = ORIENTED_EDGE ( 'NONE', *, *, #3156, .T. ) ;
#1995 = CARTESIAN_POINT ( 'NONE',  ( -0.6118870285339792492, 1.025000000000000133, 0.7505253949516117462 ) ) ;
#1996 =( NAMED_UNIT ( * ) SI_UNIT ( $, .STERADIAN. ) SOLID_ANGLE_UNIT ( ) );
#1997 = SURFACE_STYLE_FILL_AREA ( #5167 ) ;
#1998 = FACE_OUTER_BOUND ( 'NONE', #5718, .T. ) ;
#1999 = CARTESIAN_POINT ( 'NONE',  ( 0.1246907728019100853, 1.024999999999999689, 0.9454479468394777486 ) ) ;
#2000 = COLOUR_RGB ( '',1.000000000000000000, 1.000000000000000000, 1.000000000000000000 ) ;
#2001 = ORIENTED_EDGE ( 'NONE', *, *, #1535, .F. ) ;
#2002 = EDGE_LOOP ( 'NONE', ( #3634, #1662, #5618, #5302 ) ) ;
#2003 = CARTESIAN_POINT ( 'NONE',  ( -0.1780739279415826659, 1.024999999999999911, 0.8038894595579944014 ) ) ;
#2004 = COLOUR_RGB ( '',1.000000000000000000, 1.000000000000000000, 1.000000000000000000 ) ;
#2005 = MECHANICAL_DESIGN_GEOMETRIC_PRESENTATION_REPRESENTATION (  '', ( #3272 ), #4294 ) ;
#2006 = COLOUR_RGB ( '',1.000000000000000000, 1.000000000000000000, 1.000000000000000000 ) ;
#2007 = CARTESIAN_POINT ( 'NONE',  ( 0.3172976528467607582, 1.034999999999999920, 1.494285306604467900 ) ) ;
#2008 = CARTESIAN_POINT ( 'NONE',  ( 0.5209897867619566192, 1.024999999999999689, -1.086931559160239980 ) ) ;
#2009 = CARTESIAN_POINT ( 'NONE',  ( -0.7642343878807488222, 1.024999999999999911, -0.04998063394649490676 ) ) ;
#2010 = FACE_OUTER_BOUND ( 'NONE', #5012, .T. ) ;
#2011 = CARTESIAN_POINT ( 'NONE',  ( -0.4568810490274483604, 1.035000000000000142, 0.9216901571185679432 ) ) ;
#2012 = VERTEX_POINT ( 'NONE', #2380 ) ;
#2013 = CARTESIAN_POINT ( 'NONE',  ( 0.6729821681002947642, 1.025000000000000133, 0.8804506858141276648 ) ) ;
#2014 = CARTESIAN_POINT ( 'NONE',  ( 0.2211538461538460343, 1.024999999999999689, 0.9570312500000004441 ) ) ;
#2015 = FACE_OUTER_BOUND ( 'NONE', #4407, .T. ) ;
#2016 = CARTESIAN_POINT ( 'NONE',  ( -0.6707660692698956817, 1.034999999999999254, 0.8565253071957872333 ) ) ;
#2017 = FACE_OUTER_BOUND ( 'NONE', #5781, .T. ) ;
#2018 = EDGE_CURVE ( 'NONE', #3921, #5793, #550, .T. ) ;
#2019 = CARTESIAN_POINT ( 'NONE',  ( -0.7509691229693329362, 1.024999999999999911, 0.04192850094834601332 ) ) ;
#2020 = CARTESIAN_POINT ( 'NONE',  ( -0.5712790676093170150, 1.025000000000000355, 0.04666810681196591898 ) ) ;
#2021 = CARTESIAN_POINT ( 'NONE',  ( 1.500000000000003109, 1.034999999999999920, -1.550000000000000711 ) ) ;
#2022 = CARTESIAN_POINT ( 'NONE',  ( 0.7980769230769230171, 1.024999999999999467, 0.9570312500000002220 ) ) ;
#2023 = CARTESIAN_POINT ( 'NONE',  ( 0.03068762072057684698, 1.024999999999999689, 0.8412721904612346924 ) ) ;
#2024 = CARTESIAN_POINT ( 'NONE',  ( -0.1400985703205436250, 1.034999999999999920, -1.119468603191276168 ) ) ;
#2025 = EDGE_CURVE ( 'NONE', #4380, #2828, #4286, .T. ) ;
#2026 = CARTESIAN_POINT ( 'NONE',  ( 1.605000000000000204, -1.025000000000000133, -1.574999999999999734 ) ) ;
#2027 = DIRECTION ( 'NONE',  ( 0.000000000000000000, 1.000000000000000000, -0.000000000000000000 ) ) ;
#2028 = B_SPLINE_SURFACE_WITH_KNOTS ( 'NONE', 3, 1, ( 
 ( #6156, #2476 ),
 ( #4546, #3184 ),
 ( #2198, #3752 ),
 ( #6062, #1022 ),
 ( #4519, #2499 ),
 ( #4017, #1991 ),
 ( #4544, #1004 ),
 ( #1044, #5079 ),
 ( #3507, #67 ),
 ( #6066, #4079 ),
 ( #6539, #6524 ),
 ( #4581, #3569 ),
 ( #2519, #1513 ) ),
 .UNSPECIFIED., .F., .F., .F.,
 ( 4, 1, 1, 1, 1, 1, 1, 1, 1, 1, 4 ),
 ( 2, 2 ),
 ( 0.000000000000000000, 0.1241996726524872002, 0.2368296581100276799, 0.3394949853062822487, 0.4312535100312247516, 0.5114548721194183134, 0.5812230366234584222, 0.6404953748643703593, 0.6883082049320180529, 0.8503329734146882757, 1.000000000000000000 ),
 ( 0.000000000000000000, 1.000000000000000000 ),
 .UNSPECIFIED. ) ;
#2029 = CARTESIAN_POINT ( 'NONE',  ( 0.1148997614511178683, 1.034999999999999698, 1.010118407490752102 ) ) ;
#2030 =( GEOMETRIC_REPRESENTATION_CONTEXT ( 3 ) GLOBAL_UNCERTAINTY_ASSIGNED_CONTEXT ( ( #2777 ) ) GLOBAL_UNIT_ASSIGNED_CONTEXT ( ( #911, #5486, #3930 ) ) REPRESENTATION_CONTEXT ( 'NONE', 'WORKASPACE' ) );
#2031 = CARTESIAN_POINT ( 'NONE',  ( 0.5652043269230768718, 1.024999999999999911, 0.8365384615384617861 ) ) ;
#2032 = CARTESIAN_POINT ( 'NONE',  ( 0.2209471276852897070, 1.034999999999999920, 0.9644531001897752587 ) ) ;
#2033 = CARTESIAN_POINT ( 'NONE',  ( 0.5230769230769236611, 1.034999999999999920, -1.066406250000000000 ) ) ;
#2034 = CARTESIAN_POINT ( 'NONE',  ( -0.6818022387018594088, 1.025000000000000133, 0.8636569804084180957 ) ) ;
#2035 = EDGE_CURVE ( 'NONE', #298, #5243, #3946, .T. ) ;
#2036 =( NAMED_UNIT ( * ) SI_UNIT ( $, .STERADIAN. ) SOLID_ANGLE_UNIT ( ) );
#2037 = CARTESIAN_POINT ( 'NONE',  ( -0.5905545249870922664, 1.025000000000000133, -0.03364671067363699669 ) ) ;
#2038 = DIRECTION ( 'NONE',  ( -1.000000000000000000, -2.644395542647571273E-16, 0.000000000000000000 ) ) ;
#2039 = CARTESIAN_POINT ( 'NONE',  ( 0.7980769230769230171, 1.034999999999999920, 0.9570312500000002220 ) ) ;
#2040 = PRESENTATION_STYLE_ASSIGNMENT (( #4455 ) ) ;
#2041 = CARTESIAN_POINT ( 'NONE',  ( 0.2669692883178034215, 1.024999999999999911, -1.269100579367465675 ) ) ;
#2042 = ORIENTED_EDGE ( 'NONE', *, *, #4966, .F. ) ;
#2043 = CARTESIAN_POINT ( 'NONE',  ( 0.1903382224432993153, 1.034999999999999698, -1.260782450121067821 ) ) ;
#2044 = SURFACE_SIDE_STYLE ('',( #4061 ) ) ;
#2045 =( NAMED_UNIT ( * ) PLANE_ANGLE_UNIT ( ) SI_UNIT ( $, .RADIAN. ) );
#2046 = PRESENTATION_STYLE_ASSIGNMENT (( #1370 ) ) ;
#2047 = CARTESIAN_POINT ( 'NONE',  ( 0.3298207469964955507, 1.034999999999999920, 0.9368557672397974656 ) ) ;
#2048 = ORIENTED_EDGE ( 'NONE', *, *, #5314, .T. ) ;
#2049 = CARTESIAN_POINT ( 'NONE',  ( -0.4519230769230769829, 1.035000000000000142, 0.9579326923076926237 ) ) ;
#2050 = CARTESIAN_POINT ( 'NONE',  ( -0.4993689513519660728, 1.034999999999999698, 0.8631895418681121424 ) ) ;
#2051 = AXIS2_PLACEMENT_3D ( 'NONE', #6476, #1063, #4111 ) ;
#2052 = CARTESIAN_POINT ( 'NONE',  ( 0.1227473827252340277, 1.025000000000000133, 0.9333452975440976740 ) ) ;
#2053 = SURFACE_STYLE_USAGE ( .BOTH. , #1555 ) ;
#2054 = ADVANCED_FACE ( 'NONE', ( #1090 ), #4322, .T. ) ;
#2055 = FILL_AREA_STYLE ('',( #5101 ) ) ;
#2056 = CARTESIAN_POINT ( 'NONE',  ( 0.3305557299090917112, 1.034999999999999920, 1.424506378665186146 ) ) ;
#2057 = B_SPLINE_SURFACE_WITH_KNOTS ( 'NONE', 3, 1, ( 
 ( #12, #1159 ),
 ( #2824, #248 ),
 ( #646, #2976 ),
 ( #3437, #2478 ),
 ( #5514, #1919 ),
 ( #5953, #4468 ),
 ( #6010, #4958 ),
 ( #458, #5020 ),
 ( #411, #1494 ) ),
 .UNSPECIFIED., .F., .F., .F.,
 ( 4, 1, 1, 1, 1, 1, 4 ),
 ( 2, 2 ),
 ( 0.000000000000000000, 0.3509222893589579173, 0.6454924037914960833, 0.7681706215885483191, 0.8690722653315180457, 0.9456999174901274952, 1.000000000000000000 ),
 ( 0.000000000000000000, 1.000000000000000000 ),
 .UNSPECIFIED. ) ;
#2058 = ORIENTED_EDGE ( 'NONE', *, *, #4966, .T. ) ;
#2059 = CARTESIAN_POINT ( 'NONE',  ( -0.6436720452315449759, 1.025000000000000133, 1.331288948873510680 ) ) ;
#2060 = CARTESIAN_POINT ( 'NONE',  ( 0.4115203108548788347, 1.034999999999999920, -1.238454280651613892 ) ) ;
#2061 = CARTESIAN_POINT ( 'NONE',  ( -0.1741733479791433004, 1.034999999999999698, -1.098788724700767050 ) ) ;
#2062 = CARTESIAN_POINT ( 'NONE',  ( -0.4574593303330636296, 1.035000000000000142, 0.9969243262400651062 ) ) ;
#2063 = PRESENTATION_STYLE_ASSIGNMENT (( #204 ) ) ;
#2064 = VERTEX_POINT ( 'NONE', #2033 ) ;
#2065 = CARTESIAN_POINT ( 'NONE',  ( -0.5486251326171897036, 1.034999999999999920, 0.09188366501596632874 ) ) ;
#2066 =( NAMED_UNIT ( * ) SI_UNIT ( $, .STERADIAN. ) SOLID_ANGLE_UNIT ( ) );
#2067 = CARTESIAN_POINT ( 'NONE',  ( -0.7882453496970034390, 1.035000000000000142, 1.355140911848129237 ) ) ;
#2068 = ORIENTED_EDGE ( 'NONE', *, *, #728, .F. ) ;
#2069 = ORIENTED_EDGE ( 'NONE', *, *, #728, .T. ) ;
#2070 = FILL_AREA_STYLE_COLOUR ( '', #1242 ) ;
#2071 = B_SPLINE_CURVE_WITH_KNOTS ( 'NONE', 3,
 ( #5142, #4037, #22, #2083, #6095, #5631, #2059, #6034, #3525, #2540, #3077, #1579, #2561 ),
 .UNSPECIFIED., .F., .F.,
 ( 4, 1, 1, 1, 1, 1, 1, 1, 1, 1, 4 ),
 ( 0.000000000000000000, 0.1241996726524872002, 0.2368296581100271803, 0.3394949853062829703, 0.4312535100312248071, 0.5114548721194182024, 0.5812230366234584222, 0.6404953748643703593, 0.6883082049320179419, 0.8503329734146883867, 0.9999999999999998890 ),
 .UNSPECIFIED. ) ;
#2072 = LINE ( 'NONE', #3034, #745 ) ;
#2073 = UNCERTAINTY_MEASURE_WITH_UNIT (LENGTH_MEASURE( 1.000000000000000082E-05 ), #2456, 'distance_accuracy_value', 'NONE');
#2074 =( NAMED_UNIT ( * ) PLANE_ANGLE_UNIT ( ) SI_UNIT ( $, .RADIAN. ) );
#2075 = ORIENTED_EDGE ( 'NONE', *, *, #5604, .F. ) ;
#2076 = CARTESIAN_POINT ( 'NONE',  ( 0.03068762072057684698, 1.024999999999999911, 0.8412721904612346924 ) ) ;
#2077 = CARTESIAN_POINT ( 'NONE',  ( 0.3305557299090917112, 1.024999999999999911, 1.424506378665186146 ) ) ;
#2078 = LINE ( 'NONE', #3803, #2498 ) ;
#2079 = CARTESIAN_POINT ( 'NONE',  ( -0.7595361534264861714, 1.024999999999999911, -0.002815824034507942268 ) ) ;
#2080 = UNCERTAINTY_MEASURE_WITH_UNIT (LENGTH_MEASURE( 1.000000000000000082E-05 ), #2648, 'distance_accuracy_value', 'NONE');
#2081 = CARTESIAN_POINT ( 'NONE',  ( -0.4751407425805740381, 1.025000000000000133, 0.1599192117716702610 ) ) ;
#2082 = CARTESIAN_POINT ( 'NONE',  ( -0.5561810472403306838, 1.024999999999999911, 1.258173606474872086 ) ) ;
#2083 = CARTESIAN_POINT ( 'NONE',  ( -0.6007688553617724914, 1.024999999999999689, 1.295053357843854336 ) ) ;
#2084 = CARTESIAN_POINT ( 'NONE',  ( 0.4408052884615384359, 1.024999999999999911, 1.403846153846154188 ) ) ;
#2085 = LINE ( 'NONE', #5671, #2735 ) ;
#2086 = CARTESIAN_POINT ( 'NONE',  ( -0.8316137394045788334, 1.034999999999999920, 1.449348915395678894 ) ) ;
#2087 = COLOUR_RGB ( '',1.000000000000000000, 1.000000000000000000, 1.000000000000000000 ) ;
#2088 = CARTESIAN_POINT ( 'NONE',  ( -0.4830361866817420857, 1.034999999999999920, 1.050369067633049491 ) ) ;
#2089 =( GEOMETRIC_REPRESENTATION_CONTEXT ( 3 ) GLOBAL_UNCERTAINTY_ASSIGNED_CONTEXT ( ( #449 ) ) GLOBAL_UNIT_ASSIGNED_CONTEXT ( ( #1349, #4882, #1872 ) ) REPRESENTATION_CONTEXT ( 'NONE', 'WORKASPACE' ) );
#2090 = CARTESIAN_POINT ( 'NONE',  ( 0.5101741086146089899, 1.025000000000000133, 1.331288948873510680 ) ) ;
#2091 = CARTESIAN_POINT ( 'NONE',  ( -0.8269230769230769829, 1.034999999999999920, 0.9615384615384617861 ) ) ;
#2092 =( NAMED_UNIT ( * ) PLANE_ANGLE_UNIT ( ) SI_UNIT ( $, .RADIAN. ) );
#2093 = CARTESIAN_POINT ( 'NONE',  ( -0.05942551490823435451, 1.024999999999999911, 0.7531031900268579937 ) ) ;
#2094 = PRESENTATION_STYLE_ASSIGNMENT (( #1015 ) ) ;
#2095 = ADVANCED_FACE ( 'NONE', ( #3691 ), #55, .T. ) ;
#2096 = FACE_OUTER_BOUND ( 'NONE', #3818, .T. ) ;
#2097 = CARTESIAN_POINT ( 'NONE',  ( 0.8500000000000005329, 1.034999999999999920, -0.3948317307692308376 ) ) ;
#2098 = ORIENTED_EDGE ( 'NONE', *, *, #4236, .T. ) ;
#2099 = CARTESIAN_POINT ( 'NONE',  ( 0.7835722909579158069, 1.034999999999999920, -0.2616051572647334345 ) ) ;
#2100 = STYLED_ITEM ( 'NONE', ( #987 ), #4086 ) ;
#2101 = CARTESIAN_POINT ( 'NONE',  ( -0.3559759492377870815, 1.034999999999999920, 0.9644531001897752587 ) ) ;
#2102 = DIRECTION ( 'NONE',  ( -3.516331370223257730E-16, -0.000000000000000000, -1.000000000000000000 ) ) ;
#2103 = AXIS2_PLACEMENT_3D ( 'NONE', #6266, #2268, #3270 ) ;
#2104 = CARTESIAN_POINT ( 'NONE',  ( 0.7977342175872388363, 1.024999999999999689, -0.4548099921802073453 ) ) ;
#2105 = CARTESIAN_POINT ( 'NONE',  ( 0.4529646715677454472, 1.034999999999999920, 0.8814623108698970144 ) ) ;
#2106 = CARTESIAN_POINT ( 'NONE',  ( -0.5638521634615384359, 1.024999999999999911, 1.264723557692307931 ) ) ;
#2107 = FILL_AREA_STYLE_COLOUR ( '', #2087 ) ;
#2108 = FILL_AREA_STYLE_COLOUR ( '', #2233 ) ;
#2109 = CARTESIAN_POINT ( 'NONE',  ( -0.8264723557692307265, 1.034999999999999920, 1.433293269230769384 ) ) ;
#2110 = EDGE_CURVE ( 'NONE', #1449, #1039, #6471, .T. ) ;
#2111 = CARTESIAN_POINT ( 'NONE',  ( -0.4522385491860982931, 1.034999999999999698, 0.9708214919927355968 ) ) ;
#2112 =( NAMED_UNIT ( * ) PLANE_ANGLE_UNIT ( ) SI_UNIT ( $, .RADIAN. ) );
#2113 = DIRECTION ( 'NONE',  ( -0.000000000000000000, -1.000000000000000000, -0.000000000000000000 ) ) ;
#2114 = CARTESIAN_POINT ( 'NONE',  ( 0.8373762476669099897, 1.035000000000000142, -0.4349892488066513518 ) ) ;
#2115 = CARTESIAN_POINT ( 'NONE',  ( 0.5976651066058232820, 1.024999999999999911, 1.258173606474872086 ) ) ;
#2116 = UNCERTAINTY_MEASURE_WITH_UNIT (LENGTH_MEASURE( 1.000000000000000082E-05 ), #3310, 'distance_accuracy_value', 'NONE');
#2117 = FILL_AREA_STYLE_COLOUR ( '', #6363 ) ;
#2118 = STYLED_ITEM ( 'NONE', ( #3105 ), #546 ) ;
#2119 = B_SPLINE_CURVE_WITH_KNOTS ( 'NONE', 3,
 ( #5966, #1002, #959, #6458, #1486, #5460, #468, #485, #5940, #2946, #3449, #4012, #1471 ),
 .UNSPECIFIED., .F., .F.,
 ( 4, 1, 1, 1, 1, 1, 1, 1, 1, 1, 4 ),
 ( 0.000000000000000000, 0.05965404015766073015, 0.1202635358631139323, 0.1811445130252171687, 0.2433883343552048217, 0.3692420458399867100, 0.4961055646164548860, 0.6237287877357091670, 0.7512143821036587621, 0.8774268709322476933, 1.000000000000000000 ),
 .UNSPECIFIED. ) ;
#2120 = EDGE_CURVE ( 'NONE', #5346, #6474, #3085, .T. ) ;
#2121 = CARTESIAN_POINT ( 'NONE',  ( 0.7637620192307699174, 1.025000000000000133, -0.2397836538461539380 ) ) ;
#2122 = CARTESIAN_POINT ( 'NONE',  ( 0.08571969618865675489, 1.035000000000000364, 0.7644335898809591079 ) ) ;
#2123 = CARTESIAN_POINT ( 'NONE',  ( -0.5005143199644048746, 1.034999999999999698, 1.209179511122381090 ) ) ;
#2124 = EDGE_CURVE ( 'NONE', #5419, #5900, #1737, .T. ) ;
#2125 = LINE ( 'NONE', #316, #882 ) ;
#2126 = CARTESIAN_POINT ( 'NONE',  ( -0.8232904239370620880, 1.024999999999999911, 1.424506378665185924 ) ) ;
#2127 = CARTESIAN_POINT ( 'NONE',  ( 0.3951000138174065035, 1.034999999999999920, -0.8359141373746954429 ) ) ;
#2128 = SURFACE_STYLE_USAGE ( .BOTH. , #630 ) ;
#2129 = ORIENTED_EDGE ( 'NONE', *, *, #5261, .F. ) ;
#2130 = ADVANCED_FACE ( 'NONE', ( #4576 ), #6498, .T. ) ;
#2131 = CARTESIAN_POINT ( 'NONE',  ( 0.7980769230769230171, 1.024999999999999467, 0.9570312500000002220 ) ) ;
#2132 = CARTESIAN_POINT ( 'NONE',  ( 0.6533318338817487581, 1.034999999999999698, 1.209179511122381312 ) ) ;
#2133 = STYLED_ITEM ( 'NONE', ( #3558 ), #2708 ) ;
#2134 = CARTESIAN_POINT ( 'NONE',  ( -0.4817377446529020890, 1.034999999999999920, 0.3293958269302679764 ) ) ;
#2135 = LINE ( 'NONE', #4054, #4031 ) ;
#2136 = CARTESIAN_POINT ( 'NONE',  ( 0.2205949598000909728, 1.025000000000000133, -0.8411998290986865134 ) ) ;
#2137 = SURFACE_SIDE_STYLE ('',( #785 ) ) ;
#2138 = CARTESIAN_POINT ( 'NONE',  ( 0.5708984756573782793, 1.024999999999999911, 1.280269342272169819 ) ) ;
#2139 = SURFACE_SIDE_STYLE ('',( #2957 ) ) ;
#2140 = CARTESIAN_POINT ( 'NONE',  ( -0.1043395853067812518, 1.025000000000000133, 0.7631169127271658637 ) ) ;
#2141 = CARTESIAN_POINT ( 'NONE',  ( -0.6770680935031819780, 1.034999999999999920, 1.360971408330850840 ) ) ;
#2142 = CARTESIAN_POINT ( 'NONE',  ( 0.4328885819389543532, 1.034999999999999920, 0.9148738954979116489 ) ) ;
#2143 = STYLED_ITEM ( 'NONE', ( #3520 ), #2274 ) ;
#2144 = DIRECTION ( 'NONE',  ( -0.000000000000000000, -1.000000000000000000, -0.000000000000000000 ) ) ;
#2145 = ORIENTED_EDGE ( 'NONE', *, *, #5885, .F. ) ;
#2146 = DIRECTION ( 'NONE',  ( 0.000000000000000000, 0.000000000000000000, 1.000000000000000000 ) ) ;
#2147 = CARTESIAN_POINT ( 'NONE',  ( 0.1022007499196339181, 1.024999999999999689, 1.036833623450327035 ) ) ;
#2148 = DIRECTION ( 'NONE',  ( 0.000000000000000000, 0.000000000000000000, -1.000000000000000000 ) ) ;
#2149 = CARTESIAN_POINT ( 'NONE',  ( 0.5073483694081114548, 1.024999999999999467, 0.8451883045114928494 ) ) ;
#2150 = EDGE_LOOP ( 'NONE', ( #573, #2373, #5069, #974 ) ) ;
#2151 = EDGE_CURVE ( 'NONE', #1475, #4784, #1177, .T. ) ;
#2152 = CARTESIAN_POINT ( 'NONE',  ( 0.7830146141232979806, 1.024999999999999911, 0.8759254739018295099 ) ) ;
#2153 = SURFACE_STYLE_FILL_AREA ( #1358 ) ;
#2154 = VERTEX_POINT ( 'NONE', #3787 ) ;
#2155 = CARTESIAN_POINT ( 'NONE',  ( 0.2571514423076928235, 1.034999999999999920, -1.269230769230769162 ) ) ;
#2156 = CARTESIAN_POINT ( 'NONE',  ( 0.2044474720275805402, 1.034999999999999476, 1.045491749235682555 ) ) ;
#2157 = LINE ( 'NONE', #6272, #829 ) ;
#2158 = VECTOR ( 'NONE', #4987, 1000.000000000000000 ) ;
#2159 = CARTESIAN_POINT ( 'NONE',  ( 0.4230769230769230171, 1.024999999999999689, 0.9711538461538463674 ) ) ;
#2160 = MECHANICAL_DESIGN_GEOMETRIC_PRESENTATION_REPRESENTATION (  '', ( #1869 ), #5597 ) ;
#2161 = CARTESIAN_POINT ( 'NONE',  ( -0.4677938280495980150, 1.024999999999999911, 1.023402570223235886 ) ) ;
#2162 = CARTESIAN_POINT ( 'NONE',  ( -0.7351063698627482434, 1.024999999999999689, 1.291137545940028941 ) ) ;
#2163 = SURFACE_STYLE_FILL_AREA ( #3496 ) ;
#2164 = UNCERTAINTY_MEASURE_WITH_UNIT (LENGTH_MEASURE( 1.000000000000000082E-05 ), #3402, 'distance_accuracy_value', 'NONE');
#2165 = ORIENTED_EDGE ( 'NONE', *, *, #5964, .T. ) ;
#2166 = VERTEX_POINT ( 'NONE', #5805 ) ;
#2167 = ADVANCED_FACE ( 'NONE', ( #5055 ), #6204, .T. ) ;
#2168 = B_SPLINE_SURFACE_WITH_KNOTS ( 'NONE', 3, 1, ( 
 ( #5965, #1930 ),
 ( #4436, #4878 ),
 ( #2405, #1422 ),
 ( #3363, #2426 ),
 ( #4967, #3425 ),
 ( #6431, #880 ),
 ( #5937, #5458 ),
 ( #3889, #6455 ),
 ( #5388, #5907 ),
 ( #3339, #923 ),
 ( #5410, #5475 ),
 ( #3919, #4898 ),
 ( #4945, #5923 ),
 ( #860, #2446 ),
 ( #333, #1907 ),
 ( #3404, #6403 ),
 ( #421, #837 ),
 ( #353, #1867 ),
 ( #1841, #2360 ) ),
 .UNSPECIFIED., .F., .F., .F.,
 ( 4, 1, 1, 1, 1, 1, 1, 1, 1, 1, 1, 1, 1, 1, 1, 1, 4 ),
 ( 2, 2 ),
 ( 0.000000000000000000, 0.1114096600426611183, 0.2145263672558013757, 0.3094172254458344984, 0.3960871907990312080, 0.4742842164262463522, 0.5443738816396973546, 0.6064195628105359948, 0.6605816023749733201, 0.7097938180647574979, 0.7564506485918283119, 0.8007673253039319095, 0.8431682879413343601, 0.8842948685500483519, 0.9238845020552849396, 0.9623587101392159227, 1.000000000000000000 ),
 ( 0.000000000000000000, 1.000000000000000000 ),
 .UNSPECIFIED. ) ;
#2169 = PRESENTATION_STYLE_ASSIGNMENT (( #6381 ) ) ;
#2170 = EDGE_CURVE ( 'NONE', #107, #1449, #4022, .T. ) ;
#2171 = B_SPLINE_CURVE_WITH_KNOTS ( 'NONE', 3,
 ( #3852, #5910, #4369, #863, #5446, #5417, #3943 ),
 .UNSPECIFIED., .F., .F.,
 ( 4, 1, 1, 1, 4 ),
 ( 0.000000000000000000, 0.2801255546166575572, 0.5241588868393993739, 0.7586449302000993766, 1.000000000000000000 ),
 .UNSPECIFIED. ) ;
#2172 = SURFACE_STYLE_FILL_AREA ( #5808 ) ;
#2173 = CARTESIAN_POINT ( 'NONE',  ( 0.7021998334245739271, 1.034999999999999698, 0.7831533228634257604 ) ) ;
#2174 = CARTESIAN_POINT ( 'NONE',  ( -0.7653846153846148859, 1.034999999999999920, -0.09855769230769233225 ) ) ;
#2175 = CARTESIAN_POINT ( 'NONE',  ( 0.3706770109938827829, 1.024999999999999911, 0.8340822251097768092 ) ) ;
#2176 = VERTEX_POINT ( 'NONE', #4777 ) ;
#2177 = CARTESIAN_POINT ( 'NONE',  ( 0.7837557416071432304, 1.035000000000000364, -0.4405436568411988385 ) ) ;
#2178 = PRESENTATION_STYLE_ASSIGNMENT (( #2844 ) ) ;
#2179 = CARTESIAN_POINT ( 'NONE',  ( 0.6324642651280327765, 1.035000000000000142, 0.8499915930093840943 ) ) ;
#2180 = CARTESIAN_POINT ( 'NONE',  ( 0.3149709885803871900, 1.024999999999999911, -1.107666567701245830 ) ) ;
#2181 = CARTESIAN_POINT ( 'NONE',  ( 0.5119274830655170527, 1.034999999999999698, -1.108691614760225708 ) ) ;
#2182 = ORIENTED_EDGE ( 'NONE', *, *, #774, .F. ) ;
#2183 = CARTESIAN_POINT ( 'NONE',  ( 0.001818223322760980157, 1.034999999999999920, 1.150978442549882352 ) ) ;
#2184 = ORIENTED_EDGE ( 'NONE', *, *, #6125, .F. ) ;
#2185 = CARTESIAN_POINT ( 'NONE',  ( -0.3641093951549729812, 1.035000000000000142, 0.8949845457384372205 ) ) ;
#2186 = AXIS2_PLACEMENT_3D ( 'NONE', #6297, #5328, #4233 ) ;
#2187 = CARTESIAN_POINT ( 'NONE',  ( 0.2210184691641560728, 1.024999999999999467, 0.9498072415089913179 ) ) ;
#2188 = CARTESIAN_POINT ( 'NONE',  ( -1.850000000000000089, 1.024999999999999911, -2.000000000000000888 ) ) ;
#2189 = CARTESIAN_POINT ( 'NONE',  ( 0.4688939157507855948, 1.024999999999999689, -0.9446510893511390616 ) ) ;
#2190 = CARTESIAN_POINT ( 'NONE',  ( 0.7980769230769230171, 1.024999999999999467, 0.9570312500000002220 ) ) ;
#2191 = MECHANICAL_DESIGN_GEOMETRIC_PRESENTATION_REPRESENTATION (  '', ( #5249 ), #2958 ) ;
#2192 =( GEOMETRIC_REPRESENTATION_CONTEXT ( 3 ) GLOBAL_UNCERTAINTY_ASSIGNED_CONTEXT ( ( #3294 ) ) GLOBAL_UNIT_ASSIGNED_CONTEXT ( ( #6375, #1336, #1855 ) ) REPRESENTATION_CONTEXT ( 'NONE', 'WORKASPACE' ) );
#2193 = CARTESIAN_POINT ( 'NONE',  ( 0.3279068673665953004, 1.025000000000000133, 0.9531584188986652606 ) ) ;
#2194 = CARTESIAN_POINT ( 'NONE',  ( -0.5167011380783790297, 1.024999999999999911, 0.1299168511404120152 ) ) ;
#2195 = CARTESIAN_POINT ( 'NONE',  ( 0.4817478639510269223, 1.024999999999999689, 1.234212003388962753 ) ) ;
#2196 = ADVANCED_FACE ( 'NONE', ( #1888 ), #4435, .T. ) ;
#2197 = CARTESIAN_POINT ( 'NONE',  ( 0.5348747006388974157, 1.035000000000000142, 0.8385981092399692471 ) ) ;
#2198 = CARTESIAN_POINT ( 'NONE',  ( -0.006024601265698756487, 1.034999999999999698, 1.280269342272169819 ) ) ;
#2199 = B_SPLINE_SURFACE_WITH_KNOTS ( 'NONE', 3, 1, ( 
 ( #5418, #5524 ),
 ( #6387, #6005 ),
 ( #2344, #2988 ),
 ( #4370, #5911 ),
 ( #1332, #3897 ),
 ( #2899, #5890 ),
 ( #4884, #2871 ) ),
 .UNSPECIFIED., .F., .F., .F.,
 ( 4, 1, 1, 1, 4 ),
 ( 2, 2 ),
 ( 0.000000000000000000, 0.2526433275832365988, 0.5044398525799861366, 0.7504068042814558970, 1.000000000000000000 ),
 ( 0.000000000000000000, 1.000000000000000000 ),
 .UNSPECIFIED. ) ;
#2200 = DIRECTION ( 'NONE',  ( -0.000000000000000000, -0.000000000000000000, -1.000000000000000000 ) ) ;
#2201 = EDGE_CURVE ( 'NONE', #1023, #2996, #791, .T. ) ;
#2202 = DIRECTION ( 'NONE',  ( 0.000000000000000000, 0.000000000000000000, 1.000000000000000000 ) ) ;
#2203 = CARTESIAN_POINT ( 'NONE',  ( 0.1252767565014969164, 1.024999999999999689, 0.7831533228634260935 ) ) ;
#2204 = CARTESIAN_POINT ( 'NONE',  ( -0.1235576923076918271, 1.025000000000000355, -1.129507211538461675 ) ) ;
#2205 = CARTESIAN_POINT ( 'NONE',  ( 0.3647235576923080758, 1.024999999999999689, -1.085036057692307709 ) ) ;
#2206 = PRESENTATION_STYLE_ASSIGNMENT (( #39 ) ) ;
#2207 = DIRECTION ( 'NONE',  ( 0.000000000000000000, 1.000000000000000000, 0.000000000000000000 ) ) ;
#2208 = EDGE_LOOP ( 'NONE', ( #832, #515, #6418, #4386 ) ) ;
#2209 = EDGE_LOOP ( 'NONE', ( #3956, #5717, #1445, #1834 ) ) ;
#2210 =( NAMED_UNIT ( * ) PLANE_ANGLE_UNIT ( ) SI_UNIT ( $, .RADIAN. ) );
#2211 = SURFACE_STYLE_FILL_AREA ( #1474 ) ;
#2212 = EDGE_CURVE ( 'NONE', #5485, #899, #4570, .T. ) ;
#2213 = CARTESIAN_POINT ( 'NONE',  ( 0.8076923076923077094, 1.034999999999999920, 1.500000000000000222 ) ) ;
#2214 = VERTEX_POINT ( 'NONE', #5236 ) ;
#2215 = CARTESIAN_POINT ( 'NONE',  ( 0.2536308821443046813, 1.024999999999999911, -1.115244062865741181 ) ) ;
#2216 = CARTESIAN_POINT ( 'NONE',  ( -0.1361177884615386025, 1.034999999999999920, 1.403846153846154410 ) ) ;
#2217 = CARTESIAN_POINT ( 'NONE',  ( 0.3416981596097826701, 1.034999999999999920, -1.099075049680693139 ) ) ;
#2218 = CARTESIAN_POINT ( 'NONE',  ( 0.5924385426592720938, 1.025000000000000133, -0.2685671670392585364 ) ) ;
#2219 = CARTESIAN_POINT ( 'NONE',  ( -0.2267620149864838508, 1.025000000000000133, 1.380799805016254878 ) ) ;
#2220 = CARTESIAN_POINT ( 'NONE',  ( 0.04351053239648314253, 1.034999999999999698, 0.8449640240426657956 ) ) ;
#2221 =( GEOMETRIC_REPRESENTATION_CONTEXT ( 3 ) GLOBAL_UNCERTAINTY_ASSIGNED_CONTEXT ( ( #2386 ) ) GLOBAL_UNIT_ASSIGNED_CONTEXT ( ( #3613, #4161, #6134 ) ) REPRESENTATION_CONTEXT ( 'NONE', 'WORKASPACE' ) );
#2222 = CARTESIAN_POINT ( 'NONE',  ( 0.8500000000000005329, 1.024999999999999911, -0.3948317307692308376 ) ) ;
#2223 = CARTESIAN_POINT ( 'NONE',  ( -0.3763053364479025942, 1.034999999999999920, -0.6965070309103450485 ) ) ;
#2224 = CARTESIAN_POINT ( 'NONE',  ( -0.6331293773773475353, 1.034999999999999920, 0.8412040476659463639 ) ) ;
#2225 = ORIENTED_EDGE ( 'NONE', *, *, #323, .F. ) ;
#2226 = CARTESIAN_POINT ( 'NONE',  ( -0.1439618099055302580, 1.034999999999999920, 0.7800866347188734062 ) ) ;
#2227 = CARTESIAN_POINT ( 'NONE',  ( 0.3348163529023472917, 1.025000000000000355, -1.038770230689263885 ) ) ;
#2228 = CARTESIAN_POINT ( 'NONE',  ( -1.850000000000000089, 1.024999999999999911, -2.000000000000000888 ) ) ;
#2229 = CARTESIAN_POINT ( 'NONE',  ( -0.5026283188875922958, 1.024999999999999689, -0.4737855873020376807 ) ) ;
#2230 = MECHANICAL_DESIGN_GEOMETRIC_PRESENTATION_REPRESENTATION (  '', ( #6413 ), #2579 ) ;
#2231 = ADVANCED_FACE ( 'NONE', ( #3684 ), #6529, .T. ) ;
#2232 = CARTESIAN_POINT ( 'NONE',  ( 0.8500000000000005329, 1.024999999999999689, -0.3948317307692308376 ) ) ;
#2233 = COLOUR_RGB ( '',1.000000000000000000, 1.000000000000000000, 1.000000000000000000 ) ;
#2234 = ORIENTED_EDGE ( 'NONE', *, *, #1747, .T. ) ;
#2235 = CARTESIAN_POINT ( 'NONE',  ( 0.6831307222215643460, 1.035000000000000364, 0.7728591684128820471 ) ) ;
#2236 = ORIENTED_EDGE ( 'NONE', *, *, #6311, .T. ) ;
#2237 = DIRECTION ( 'NONE',  ( 0.000000000000000000, 1.000000000000000000, 0.000000000000000000 ) ) ;
#2238 = CARTESIAN_POINT ( 'NONE',  ( 0.3861230175919913021, 1.034999999999999920, -0.8265909181066614098 ) ) ;
#2239 =( NAMED_UNIT ( * ) SI_UNIT ( $, .STERADIAN. ) SOLID_ANGLE_UNIT ( ) );
#2240 = ORIENTED_EDGE ( 'NONE', *, *, #1828, .T. ) ;
#2241 = FACE_OUTER_BOUND ( 'NONE', #5161, .T. ) ;
#2242 = CARTESIAN_POINT ( 'NONE',  ( 0.1598482128031670224, 1.034999999999999698, -1.095686546644943915 ) ) ;
#2243 = CARTESIAN_POINT ( 'NONE',  ( -0.5844380456911785204, 1.034999999999999920, -0.1985289288117806084 ) ) ;
#2244 = LINE ( 'NONE', #4112, #5495 ) ;
#2245 = CARTESIAN_POINT ( 'NONE',  ( -0.1995286036472132540, 1.025000000000000133, 0.1803566934286314760 ) ) ;
#2246 = VERTEX_POINT ( 'NONE', #69 ) ;
#2247 = CARTESIAN_POINT ( 'NONE',  ( -0.05620630045427086469, 1.035000000000000142, 0.8412040476659468080 ) ) ;
#2248 = EDGE_CURVE ( 'NONE', #2873, #4381, #2989, .T. ) ;
#2249 = LINE ( 'NONE', #5544, #5729 ) ;
#2250 = VECTOR ( 'NONE', #1560, 1000.000000000000000 ) ;
#2251 =( LENGTH_UNIT ( ) NAMED_UNIT ( * ) SI_UNIT ( .MILLI., .METRE. ) );
#2252 = CARTESIAN_POINT ( 'NONE',  ( -0.6331293773773475353, 1.024999999999999911, 0.8412040476659463639 ) ) ;
#2253 =( NAMED_UNIT ( * ) SI_UNIT ( $, .STERADIAN. ) SOLID_ANGLE_UNIT ( ) );
#2254 = MECHANICAL_DESIGN_GEOMETRIC_PRESENTATION_REPRESENTATION (  '', ( #4973 ), #2030 ) ;
#2255 = DIRECTION ( 'NONE',  ( 0.000000000000000000, 0.000000000000000000, -1.000000000000000000 ) ) ;
#2256 = FILL_AREA_STYLE_COLOUR ( '', #1686 ) ;
#2257 = FACE_BOUND ( 'NONE', #4351, .T. ) ;
#2258 = PRESENTATION_STYLE_ASSIGNMENT (( #4013 ) ) ;
#2259 = CARTESIAN_POINT ( 'NONE',  ( -0.5165652840014129943, 1.034999999999999920, -0.7812224859088601203 ) ) ;
#2260 = EDGE_CURVE ( 'NONE', #3161, #3144, #5531, .T. ) ;
#2261 = B_SPLINE_CURVE_WITH_KNOTS ( 'NONE', 3,
 ( #4810, #1275, #2267, #767, #1755, #309, #4341, #2842, #4361, #1801, #6339, #4874, #3845, #4830, #3821, #2865, #4290, #5297, #5385 ),
 .UNSPECIFIED., .F., .F.,
 ( 4, 1, 1, 1, 1, 1, 1, 1, 1, 1, 1, 1, 1, 1, 1, 1, 4 ),
 ( 0.000000000000000000, 0.07067529020333017387, 0.1374926938441249080, 0.2014728253723050977, 0.2628693217722904429, 0.3225500865261560213, 0.3807372513385547941, 0.4382197368560123429, 0.4954874370602860845, 0.5534836796953477300, 0.6113462062294291455, 0.6706437388141555100, 0.7315869484227132125, 0.7941831937999380697, 0.8594451119347494839, 0.9282076353998096607, 0.9999999999999998890 ),
 .UNSPECIFIED. ) ;
#2262 = ORIENTED_EDGE ( 'NONE', *, *, #271, .F. ) ;
#2263 = CARTESIAN_POINT ( 'NONE',  ( -0.5609714026911809537, 1.035000000000000142, 0.7504378068874775209 ) ) ;
#2264 = VECTOR ( 'NONE', #2868, 1000.000000000000000 ) ;
#2265 = LINE ( 'NONE', #481, #926 ) ;
#2266 = CARTESIAN_POINT ( 'NONE',  ( 0.1101049478011315585, 1.034999999999999920, 1.177012512762981800 ) ) ;
#2267 = CARTESIAN_POINT ( 'NONE',  ( -0.8240254068496583040, 1.024999999999999689, 0.9368557672397974656 ) ) ;
#2268 = DIRECTION ( 'NONE',  ( 0.000000000000000000, 1.000000000000000000, 0.000000000000000000 ) ) ;
#2269 = SURFACE_STYLE_FILL_AREA ( #3403 ) ;
#2270 = AXIS2_PLACEMENT_3D ( 'NONE', #3135, #1601, #4163 ) ;
#2271 = DIRECTION ( 'NONE',  ( -1.000000000000000000, -0.000000000000000000, 7.228014483236695816E-17 ) ) ;
#2272 =( NAMED_UNIT ( * ) PLANE_ANGLE_UNIT ( ) SI_UNIT ( $, .RADIAN. ) );
#2273 = ORIENTED_EDGE ( 'NONE', *, *, #3381, .F. ) ;
#2274 = ADVANCED_FACE ( 'NONE', ( #477 ), #49, .F. ) ;
#2275 = CARTESIAN_POINT ( 'NONE',  ( -0.1581832929396715381, 1.024999999999999911, 1.291137545940029163 ) ) ;
#2276 =( NAMED_UNIT ( * ) PLANE_ANGLE_UNIT ( ) SI_UNIT ( $, .RADIAN. ) );
#2277 = B_SPLINE_SURFACE_WITH_KNOTS ( 'NONE', 3, 1, ( 
 ( #3122, #1607 ),
 ( #4168, #6101 ),
 ( #92, #639 ),
 ( #5660, #5168 ),
 ( #4191, #2680 ),
 ( #2613, #596 ),
 ( #3160, #1148 ),
 ( #5634, #5105 ),
 ( #3599, #5145 ),
 ( #1075, #3619 ),
 ( #2088, #4148 ),
 ( #1093, #1117 ),
 ( #159, #1583 ),
 ( #4611, #5124 ),
 ( #2062, #1169 ),
 ( #4659, #5678 ),
 ( #2111, #6140 ),
 ( #2630, #4681 ),
 ( #5697, #4102 ) ),
 .UNSPECIFIED., .F., .F., .F.,
 ( 4, 1, 1, 1, 1, 1, 1, 1, 1, 1, 1, 1, 1, 1, 1, 1, 4 ),
 ( 2, 2 ),
 ( 0.000000000000000000, 0.1114096600426612849, 0.2145263672558016255, 0.3094172254458341653, 0.3960871907990313745, 0.4742842164262462412, 0.5443738816396979097, 0.6064195628105362168, 0.6605816023749734311, 0.7097938180647576090, 0.7564506485918284229, 0.8007673253039321315, 0.8431682879413345821, 0.8842948685500490180, 0.9238845020552842735, 0.9623587101392159227, 1.000000000000000000 ),
 ( 0.000000000000000000, 1.000000000000000000 ),
 .UNSPECIFIED. ) ;
#2278 = CARTESIAN_POINT ( 'NONE',  ( -0.5638521634615384359, 1.024999999999999689, 1.264723557692307931 ) ) ;
#2279 = CARTESIAN_POINT ( 'NONE',  ( -0.4032695772768110087, 1.034999999999999920, 0.8244472621065873641 ) ) ;
#2280 = CARTESIAN_POINT ( 'NONE',  ( 0.1736534996462657798, 1.034999999999999920, 0.8244472621065876972 ) ) ;
#2281 = CARTESIAN_POINT ( 'NONE',  ( -0.6812626622298580958, 1.034999999999999920, 0.7631169127271655306 ) ) ;
#2282 = CARTESIAN_POINT ( 'NONE',  ( -0.8264723557692307265, 1.034999999999999920, 1.433293269230769384 ) ) ;
#2283 = CARTESIAN_POINT ( 'NONE',  ( -0.7653846153846148859, 1.034999999999999920, -0.09855769230769233225 ) ) ;
#2284 = LINE ( 'NONE', #2606, #5834 ) ;
#2285 = PRESENTATION_LAYER_ASSIGNMENT (  '', '', ( #2622 ) ) ;
#2286 = CARTESIAN_POINT ( 'NONE',  ( 0.05698605073057927406, 1.034999999999999698, 1.226931528156839368 ) ) ;
#2287 = FILL_AREA_STYLE_COLOUR ( '', #3659 ) ;
#2288 = CARTESIAN_POINT ( 'NONE',  ( 0.3416981596097826701, 1.034999999999999920, -1.099075049680693139 ) ) ;
#2289 = CARTESIAN_POINT ( 'NONE',  ( -0.1400841346153841038, 1.024999999999999911, -0.9344951923076924016 ) ) ;
#2290 = CARTESIAN_POINT ( 'NONE',  ( -0.5990718725262587085, 1.034999999999999698, 1.172529277259950931 ) ) ;
#2291 = CARTESIAN_POINT ( 'NONE',  ( -0.1515877384849358411, 1.024999999999999689, 0.9414258259068329915 ) ) ;
#2292 =( NAMED_UNIT ( * ) PLANE_ANGLE_UNIT ( ) SI_UNIT ( $, .RADIAN. ) );
#2293 = CARTESIAN_POINT ( 'NONE',  ( -0.04204837628417965739, 1.035000000000000142, 0.8385981092399695802 ) ) ;
#2294 = CARTESIAN_POINT ( 'NONE',  ( -0.2241533231784429425, 1.034999999999999920, -1.063631701879000024 ) ) ;
#2295 = EDGE_CURVE ( 'NONE', #3545, #355, #145, .T. ) ;
#2296 = LINE ( 'NONE', #3778, #626 ) ;
#2297 = CARTESIAN_POINT ( 'NONE',  ( -0.8192581937940324188, 1.034999999999999920, 0.9132441222960757665 ) ) ;
#2298 = ORIENTED_EDGE ( 'NONE', *, *, #1142, .T. ) ;
#2299 = UNCERTAINTY_MEASURE_WITH_UNIT (LENGTH_MEASURE( 1.000000000000000082E-05 ), #668, 'distance_accuracy_value', 'NONE');
#2300 = CARTESIAN_POINT ( 'NONE',  ( -0.2113222727739264561, 1.034999999999999698, 1.355140911848129237 ) ) ;
#2301 = CARTESIAN_POINT ( 'NONE',  ( -0.3242788461538456679, 1.024999999999999689, 0.1923076923076923184 ) ) ;
#2302 = DIRECTION ( 'NONE',  ( 0.000000000000000000, 0.000000000000000000, 1.000000000000000000 ) ) ;
#2303 = CARTESIAN_POINT ( 'NONE',  ( -0.01681074385713555303, 1.024999999999999911, 0.2822056425516642486 ) ) ;
#2304 = CARTESIAN_POINT ( 'NONE',  ( -0.6531636197334607097, 1.035000000000000142, -0.5620760748862947409 ) ) ;
#2305 = B_SPLINE_CURVE_WITH_KNOTS ( 'NONE', 3,
 ( #1423, #4010, #1409, #1931, #4500, #5476, #1470, #5007, #2945, #5521, #1964, #977, #4947, #2489, #2427, #5998, #13, #4575, #1550 ),
 .UNSPECIFIED., .F., .F.,
 ( 4, 1, 1, 1, 1, 1, 1, 1, 1, 1, 1, 1, 1, 1, 1, 1, 4 ),
 ( 0.000000000000000000, 0.05794487546232533065, 0.1160176254256832240, 0.1748257843638406361, 0.2346830900793710206, 0.2968270303289147760, 0.3640613359637882573, 0.4361924240497391247, 0.5142601195414410187, 0.5569758971654885649, 0.6048559283836539846, 0.6576752010734879805, 0.7157505846619325318, 0.7788397991664557374, 0.8475011894738632146, 0.9212282309463240004, 1.000000000000000000 ),
 .UNSPECIFIED. ) ;
#2306 = CARTESIAN_POINT ( 'NONE',  ( 0.8500000000000005329, 1.034999999999999920, -0.3948317307692308376 ) ) ;
#2307 = CARTESIAN_POINT ( 'NONE',  ( 0.3172976528467607582, 1.024999999999999911, 1.494285306604467900 ) ) ;
#2308 = CARTESIAN_POINT ( 'NONE',  ( -0.7732125873212843947, 1.024999999999999689, 1.334250950148671899 ) ) ;
#2309 = CARTESIAN_POINT ( 'NONE',  ( -0.1048791617787825647, 1.034999999999999920, 0.8636569804084183177 ) ) ;
#2310 = CARTESIAN_POINT ( 'NONE',  ( -0.4147596292107220695, 1.034999999999999920, -0.6422062183519512413 ) ) ;
#2311 = CARTESIAN_POINT ( 'NONE',  ( 1.500000000000003109, 1.024999999999999911, -1.550000000000000711 ) ) ;
#2312 =( NAMED_UNIT ( * ) SI_UNIT ( $, .STERADIAN. ) SOLID_ANGLE_UNIT ( ) );
#2313 = SURFACE_STYLE_USAGE ( .BOTH. , #2384 ) ;
#2314 = ORIENTED_EDGE ( 'NONE', *, *, #1747, .F. ) ;
#2315 = CARTESIAN_POINT ( 'NONE',  ( 0.5136576272134638632, 1.024999999999999911, -1.030311827663808133 ) ) ;
#2316 = CARTESIAN_POINT ( 'NONE',  ( -0.8240254068496583040, 1.034999999999999698, 0.9368557672397974656 ) ) ;
#2317 = ORIENTED_EDGE ( 'NONE', *, *, #5316, .T. ) ;
#2318 = CARTESIAN_POINT ( 'NONE',  ( -0.2463673470139852995, 1.024999999999999689, 1.424506378665186590 ) ) ;
#2319 = LINE ( 'NONE', #4841, #970 ) ;
#2320 = CARTESIAN_POINT ( 'NONE',  ( -0.7697840173214464121, 1.034999999999999920, 0.8183052022479979648 ) ) ;
#2321 = CARTESIAN_POINT ( 'NONE',  ( -0.1538461538461539935, 1.024999999999999911, 0.9711538461538465894 ) ) ;
#2322 = CARTESIAN_POINT ( 'NONE',  ( 1.500000000000003109, 1.034999999999999920, -1.650000000000001021 ) ) ;
#2323 = VERTEX_POINT ( 'NONE', #5044 ) ;
#2324 =( GEOMETRIC_REPRESENTATION_CONTEXT ( 3 ) GLOBAL_UNCERTAINTY_ASSIGNED_CONTEXT ( ( #3957 ) ) GLOBAL_UNIT_ASSIGNED_CONTEXT ( ( #5662, #2045, #2066 ) ) REPRESENTATION_CONTEXT ( 'NONE', 'WORKASPACE' ) );
#2325 = PRESENTATION_LAYER_ASSIGNMENT (  '', '', ( #1641 ) ) ;
#2326 = PRESENTATION_STYLE_ASSIGNMENT (( #1276 ) ) ;
#2327 = CARTESIAN_POINT ( 'NONE',  ( 0.6609990807941873436, 1.025000000000000133, 1.064245337337988762 ) ) ;
#2328 = ORIENTED_EDGE ( 'NONE', *, *, #1378, .F. ) ;
#2329 = PRESENTATION_STYLE_ASSIGNMENT (( #3779 ) ) ;
#2330 = COLOUR_RGB ( '',1.000000000000000000, 1.000000000000000000, 1.000000000000000000 ) ;
#2331 = DIRECTION ( 'NONE',  ( -1.000000000000000000, 0.000000000000000000, -0.000000000000000000 ) ) ;
#2332 = AXIS2_PLACEMENT_3D ( 'NONE', #3825, #3846, #834 ) ;
#2333 = CARTESIAN_POINT ( 'NONE',  ( 0.03559298597325188940, 1.035000000000000142, 1.245493178173427529 ) ) ;
#2334 = ORIENTED_EDGE ( 'NONE', *, *, #4104, .F. ) ;
#2335 = ORIENTED_EDGE ( 'NONE', *, *, #5099, .F. ) ;
#2336 = CARTESIAN_POINT ( 'NONE',  ( 0.2960722398858498527, 1.024999999999999911, -0.7886821409754802836 ) ) ;
#2337 = LINE ( 'NONE', #3102, #985 ) ;
#2338 = FILL_AREA_STYLE_COLOUR ( '', #405 ) ;
#2339 = CARTESIAN_POINT ( 'NONE',  ( 0.3731240515489665510, 1.024999999999999689, -0.8134077580378032968 ) ) ;
#2340 = COLOUR_RGB ( '',1.000000000000000000, 1.000000000000000000, 1.000000000000000000 ) ;
#2341 = CARTESIAN_POINT ( 'NONE',  ( -0.3798942471436822510, 1.024999999999999689, 0.8579668031823561858 ) ) ;
#2342 = DIRECTION ( 'NONE',  ( -1.000000000000000000, 0.000000000000000000, -0.000000000000000000 ) ) ;
#2343 = CARTESIAN_POINT ( 'NONE',  ( -0.4169036892677493999, 1.025000000000000577, -0.8963014364629707798 ) ) ;
#2344 = CARTESIAN_POINT ( 'NONE',  ( -0.2596454693482048159, 1.034999999999999698, 1.482875074157175677 ) ) ;
#2345 = CARTESIAN_POINT ( 'NONE',  ( -0.4524131457746682905, 1.024999999999999911, 1.162661105553342455 ) ) ;
#2346 = ORIENTED_EDGE ( 'NONE', *, *, #4247, .T. ) ;
#2347 = LINE ( 'NONE', #2097, #6190 ) ;
#2348 = SURFACE_STYLE_USAGE ( .BOTH. , #2875 ) ;
#2349 = CARTESIAN_POINT ( 'NONE',  ( 0.7850000000000001421, -1.024999999999999689, 1.625000000000000000 ) ) ;
#2350 = CARTESIAN_POINT ( 'NONE',  ( 0.7138839189947766561, 1.034999999999999698, 1.149153048603419824 ) ) ;
#2351 = CARTESIAN_POINT ( 'NONE',  ( -0.5638521634615384359, 1.034999999999999920, 1.264723557692307931 ) ) ;
#2352 = EDGE_CURVE ( 'NONE', #847, #4529, #5132, .T. ) ;
#2353 = ORIENTED_EDGE ( 'NONE', *, *, #909, .F. ) ;
#2354 = SURFACE_STYLE_FILL_AREA ( #4048 ) ;
#2355 =( NAMED_UNIT ( * ) PLANE_ANGLE_UNIT ( ) SI_UNIT ( $, .RADIAN. ) );
#2356 = CARTESIAN_POINT ( 'NONE',  ( -0.5597572789664123638, 1.024999999999999911, 0.8385928700513111123 ) ) ;
#2357 = B_SPLINE_CURVE_WITH_KNOTS ( 'NONE', 3,
 ( #4119, #4190, #1168, #6183, #2183, #2700, #3187, #3687, #2657, #3639, #638, #4167, #6021, #2029, #6144, #5683, #6287, #2938, #6437 ),
 .UNSPECIFIED., .F., .F.,
 ( 4, 1, 1, 1, 1, 1, 1, 1, 1, 1, 1, 1, 1, 1, 1, 1, 4 ),
 ( 0.000000000000000000, 0.1114096600426611183, 0.2145263672558013757, 0.3094172254458344984, 0.3960871907990312080, 0.4742842164262463522, 0.5443738816396973546, 0.6064195628105359948, 0.6605816023749733201, 0.7097938180647574979, 0.7564506485918283119, 0.8007673253039319095, 0.8431682879413343601, 0.8842948685500483519, 0.9238845020552849396, 0.9623587101392159227, 1.000000000000000000 ),
 .UNSPECIFIED. ) ;
#2358 = SURFACE_STYLE_USAGE ( .BOTH. , #5345 ) ;
#2359 =( NAMED_UNIT ( * ) SI_UNIT ( $, .STERADIAN. ) SOLID_ANGLE_UNIT ( ) );
#2360 = CARTESIAN_POINT ( 'NONE',  ( 0.1249999999999998890, 1.024999999999999911, 0.9579326923076927347 ) ) ;
#2361 = CARTESIAN_POINT ( 'NONE',  ( -0.1385919756317040841, 1.034999999999999476, 0.9028740862858287697 ) ) ;
#2362 = CARTESIAN_POINT ( 'NONE',  ( -0.1573431819201525916, 1.024999999999999467, -0.9199207648865372899 ) ) ;
#2363 = CARTESIAN_POINT ( 'NONE',  ( -0.8346377511422808926, 1.025000000000000133, 1.466000064178921702 ) ) ;
#2364 = CARTESIAN_POINT ( 'NONE',  ( -0.4339081234163183476, 1.034999999999999920, 0.7952156366747696881 ) ) ;
#2365 = CARTESIAN_POINT ( 'NONE',  ( -0.3824869941083212099, 1.024999999999999911, 1.067602144398379194 ) ) ;
#2366 = CARTESIAN_POINT ( 'NONE',  ( -0.1709775200025005493, 1.034999999999999920, 1.304503635857037436 ) ) ;
#2367 = CARTESIAN_POINT ( 'NONE',  ( -0.3106497177393194309, 1.024999999999999689, 0.1919601521312886416 ) ) ;
#2368 = CARTESIAN_POINT ( 'NONE',  ( 0.7974563114786952234, 1.025000000000000355, 0.9793131793324549861 ) ) ;
#2369 = CARTESIAN_POINT ( 'NONE',  ( 0.3501610619365932431, 1.025000000000000133, 1.380799805016254655 ) ) ;
#2370 = STYLED_ITEM ( 'NONE', ( #5108 ), #1567 ) ;
#2371 = CARTESIAN_POINT ( 'NONE',  ( -0.5101630379669703785, 1.024999999999999911, 0.8562443421471487293 ) ) ;
#2372 = CARTESIAN_POINT ( 'NONE',  ( 0.7505765765693429570, 1.034999999999999920, 0.8244472621065871420 ) ) ;
#2373 = ORIENTED_EDGE ( 'NONE', *, *, #191, .F. ) ;
#2374 = CARTESIAN_POINT ( 'NONE',  ( 0.3279068673665953004, 1.025000000000000133, 0.9531584188986652606 ) ) ;
#2375 = CARTESIAN_POINT ( 'NONE',  ( -0.4356378398387115713, 1.034999999999999920, 0.3392601711691884403 ) ) ;
#2376 = UNCERTAINTY_MEASURE_WITH_UNIT (LENGTH_MEASURE( 1.000000000000000082E-05 ), #3302, 'distance_accuracy_value', 'NONE');
#2377 = ORIENTED_EDGE ( 'NONE', *, *, #191, .T. ) ;
#2378 = SURFACE_STYLE_USAGE ( .BOTH. , #4342 ) ;
#2379 = EDGE_CURVE ( 'NONE', #6346, #4863, #3939, .T. ) ;
#2380 = CARTESIAN_POINT ( 'NONE',  ( 0.4408052884615384359, 1.034999999999999920, 1.403846153846154188 ) ) ;
#2381 =( LENGTH_UNIT ( ) NAMED_UNIT ( * ) SI_UNIT ( .MILLI., .METRE. ) );
#2382 = SURFACE_STYLE_USAGE ( .BOTH. , #4368 ) ;
#2383 = CARTESIAN_POINT ( 'NONE',  ( -0.6770680935031819780, 1.034999999999999920, 1.360971408330850840 ) ) ;
#2384 = SURFACE_SIDE_STYLE ('',( #6039 ) ) ;
#2385 = ORIENTED_EDGE ( 'NONE', *, *, #4503, .F. ) ;
#2386 = UNCERTAINTY_MEASURE_WITH_UNIT (LENGTH_MEASURE( 1.000000000000000082E-05 ), #3613, 'distance_accuracy_value', 'NONE');
#2387 = CARTESIAN_POINT ( 'NONE',  ( 0.5230769230769236611, 1.034999999999999920, -1.066406250000000000 ) ) ;
#2388 = AXIS2_PLACEMENT_3D ( 'NONE', #4813, #3297, #289 ) ;
#2389 = ORIENTED_EDGE ( 'NONE', *, *, #1150, .T. ) ;
#2390 = CARTESIAN_POINT ( 'NONE',  ( -0.07662259615384627021, 1.024999999999999689, 1.219501201923077538 ) ) ;
#2391 = B_SPLINE_SURFACE_WITH_KNOTS ( 'NONE', 3, 1, ( 
 ( #891, #4935 ),
 ( #2396, #4428 ),
 ( #6398, #1902 ),
 ( #1861, #3418 ),
 ( #5453, #6359 ),
 ( #1816, #3399 ),
 ( #5403, #2862 ),
 ( #415, #916 ),
 ( #1318, #5364 ),
 ( #3332, #2327 ),
 ( #325, #3843 ),
 ( #4359, #6378 ),
 ( #346, #1945 ),
 ( #3979, #4021 ),
 ( #4525, #495 ),
 ( #953, #2979 ),
 ( #516, #461 ),
 ( #1921, #3461 ),
 ( #2480, #476 ) ),
 .UNSPECIFIED., .F., .F., .F.,
 ( 4, 1, 1, 1, 1, 1, 1, 1, 1, 1, 1, 1, 1, 1, 1, 1, 4 ),
 ( 2, 2 ),
 ( 0.000000000000000000, 0.1114096600426610489, 0.2145263672558011536, 0.3094172254458339433, 0.3960871907990311525, 0.4742842164262457416, 0.5443738816396979097, 0.6064195628105359948, 0.6605816023749734311, 0.7097938180647574979, 0.7564506485918283119, 0.8007673253039319095, 0.8431682879413343601, 0.8842948685500490180, 0.9238845020552842735, 0.9623587101392159227, 1.000000000000000000 ),
 ( 0.000000000000000000, 1.000000000000000000 ),
 .UNSPECIFIED. ) ;
#2392 = DIRECTION ( 'NONE',  ( 1.000000000000000000, 0.000000000000000000, 0.000000000000000000 ) ) ;
#2393 = SURFACE_STYLE_USAGE ( .BOTH. , #2836 ) ;
#2394 = EDGE_CURVE ( 'NONE', #1520, #5346, #3626, .T. ) ;
#2395 = CARTESIAN_POINT ( 'NONE',  ( 0.3501610619365932431, 1.035000000000000142, 1.380799805016254655 ) ) ;
#2396 = CARTESIAN_POINT ( 'NONE',  ( 0.5099508101729233189, 1.034999999999999920, 1.211378676326421155 ) ) ;
#2397 = CARTESIAN_POINT ( 'NONE',  ( 0.7021998334245739271, 1.034999999999999698, 0.7831533228634257604 ) ) ;
#2398 = B_SPLINE_CURVE_WITH_KNOTS ( 'NONE', 3,
 ( #3360, #1523, #2940, #6490, #1961, #8, #3478, #5551, #1499, #4005, #2511 ),
 .UNSPECIFIED., .F., .F.,
 ( 4, 1, 1, 1, 1, 1, 1, 1, 4 ),
 ( 0.000000000000000000, 0.1201183289450753061, 0.2482225052471394300, 0.3810992229538414655, 0.5122697488837058000, 0.6434402748135702454, 0.7704589569847414277, 0.8917409525509431001, 1.000000000000000000 ),
 .UNSPECIFIED. ) ;
#2399 = EDGE_LOOP ( 'NONE', ( #2553, #2874, #2335, #1605 ) ) ;
#2400 = CARTESIAN_POINT ( 'NONE',  ( 0.5587376093845957126, 1.025000000000000133, 0.7501776304870997336 ) ) ;
#2401 = CARTESIAN_POINT ( 'NONE',  ( 0.8500000000000005329, 1.034999999999999920, -0.3948317307692308376 ) ) ;
#2402 = ORIENTED_EDGE ( 'NONE', *, *, #5898, .T. ) ;
#2403 = B_SPLINE_SURFACE_WITH_KNOTS ( 'NONE', 3, 1, ( 
 ( #5897, #2301 ),
 ( #850, #2367 ),
 ( #1792, #3327 ),
 ( #6306, #1830 ),
 ( #2855, #5830 ),
 ( #320, #4279 ),
 ( #5376, #4376 ),
 ( #3285, #1355 ),
 ( #4803, #2812 ),
 ( #6331, #802 ),
 ( #4888, #4334 ),
 ( #6391, #3372 ),
 ( #1813, #408 ),
 ( #3949, #6502 ),
 ( #429, #6482 ),
 ( #2416, #933 ),
 ( #2436, #867 ) ),
 .UNSPECIFIED., .F., .F., .F.,
 ( 4, 1, 1, 1, 1, 1, 1, 1, 1, 1, 1, 1, 1, 1, 4 ),
 ( 2, 2 ),
 ( 0.000000000000000000, 0.03823400782736947889, 0.07717573414553512146, 0.1170349461603469726, 0.1576552057782703575, 0.2411027273318871178, 0.3263483256620565709, 0.4139312541954155433, 0.5030804128686517940, 0.5926037346473302936, 0.6805751152739308862, 0.7664029669045011595, 0.8492810361086622351, 0.9279093386235662821, 1.000000000000000000 ),
 ( 0.000000000000000000, 1.000000000000000000 ),
 .UNSPECIFIED. ) ;
#2404 = FACE_OUTER_BOUND ( 'NONE', #4773, .T. ) ;
#2405 = CARTESIAN_POINT ( 'NONE',  ( -0.04838994535178251649, 1.035000000000000142, 1.195738238068862369 ) ) ;
#2406 = ORIENTED_EDGE ( 'NONE', *, *, #4330, .F. ) ;
#2407 = CARTESIAN_POINT ( 'NONE',  ( -0.5363535510791684890, 1.024999999999999911, 0.7533978999952607447 ) ) ;
#2408 = ORIENTED_EDGE ( 'NONE', *, *, #5730, .F. ) ;
#2409 = CARTESIAN_POINT ( 'NONE',  ( -0.3557692307692307820, 1.024999999999999911, 0.9570312500000002220 ) ) ;
#2410 = COLOUR_RGB ( '',1.000000000000000000, 1.000000000000000000, 1.000000000000000000 ) ;
#2411 = CARTESIAN_POINT ( 'NONE',  ( 0.5225040702412534488, 1.034999999999999920, -1.055883598833726289 ) ) ;
#2412 = LINE ( 'NONE', #1584, #4938 ) ;
#2413 = ORIENTED_EDGE ( 'NONE', *, *, #4330, .T. ) ;
#2414 = CARTESIAN_POINT ( 'NONE',  ( -0.3763053364479025942, 1.024999999999999911, -0.6965070309103450485 ) ) ;
#2415 = LINE ( 'NONE', #2322, #2567 ) ;
#2416 = CARTESIAN_POINT ( 'NONE',  ( 0.5924385426592720938, 1.035000000000000142, -0.2685671670392585364 ) ) ;
#2417 = CARTESIAN_POINT ( 'NONE',  ( -0.03485701459109043915, 1.024999999999999911, -1.176676445359459144 ) ) ;
#2418 = STYLED_ITEM ( 'NONE', ( #4954 ), #5150 ) ;
#2419 = CARTESIAN_POINT ( 'NONE',  ( 0.3273737980769230727, 1.024999999999999911, 1.433293269230769384 ) ) ;
#2420 =( NAMED_UNIT ( * ) PLANE_ANGLE_UNIT ( ) SI_UNIT ( $, .RADIAN. ) );
#2421 = FACE_OUTER_BOUND ( 'NONE', #877, .T. ) ;
#2422 = CARTESIAN_POINT ( 'NONE',  ( 0.3988491489814942614, 1.034999999999999698, 0.8038894595579940683 ) ) ;
#2423 = CARTESIAN_POINT ( 'NONE',  ( -0.6535456730769231282, 1.034999999999999920, 1.219501201923077316 ) ) ;
#2424 = SURFACE_SIDE_STYLE ('',( #2269 ) ) ;
#2425 = B_SPLINE_SURFACE_WITH_KNOTS ( 'NONE', 3, 1, ( 
 ( #2934, #6464 ),
 ( #455, #934 ),
 ( #3999, #6443 ),
 ( #4466, #5483 ),
 ( #6007, #4928 ),
 ( #963, #2417 ),
 ( #4979, #3410 ),
 ( #5973, #1956 ),
 ( #5016, #2953 ),
 ( #2993, #3455 ),
 ( #1898, #5931 ),
 ( #1398, #3973 ),
 ( #2919, #4490 ),
 ( #1457, #409 ),
 ( #3928, #908 ) ),
 .UNSPECIFIED., .F., .F., .F.,
 ( 4, 1, 1, 1, 1, 1, 1, 1, 1, 1, 1, 1, 4 ),
 ( 2, 2 ),
 ( 0.000000000000000000, 0.04741350635443523226, 0.1000397465125186097, 0.1582439758605849178, 0.2216942561323725081, 0.3575016929472446536, 0.4971755172671906142, 0.6367312879952646831, 0.7722818284601444816, 0.8366453526860625489, 0.8958985570776435425, 0.9506979322711623936, 1.000000000000000000 ),
 ( 0.000000000000000000, 1.000000000000000000 ),
 .UNSPECIFIED. ) ;
#2426 = CARTESIAN_POINT ( 'NONE',  ( -0.02214879560318189916, 1.024999999999999911, 1.172529277259951153 ) ) ;
#2427 = CARTESIAN_POINT ( 'NONE',  ( 0.07640875695867181683, 1.024999999999999911, 1.209179511122381756 ) ) ;
#2428 = STYLED_ITEM ( 'NONE', ( #2644 ), #120 ) ;
#2429 = ORIENTED_EDGE ( 'NONE', *, *, #3381, .T. ) ;
#2430 = CARTESIAN_POINT ( 'NONE',  ( 0.1736534996462657798, 1.024999999999999911, 0.8244472621065876972 ) ) ;
#2431 = VECTOR ( 'NONE', #4253, 1000.000000000000000 ) ;
#2432 = CARTESIAN_POINT ( 'NONE',  ( 0.3929687500000005329, 1.034999999999999920, -0.8335336538461538547 ) ) ;
#2433 = CARTESIAN_POINT ( 'NONE',  ( 0.5186337150232300797, 1.034999999999999920, -1.044226880279282454 ) ) ;
#2434 =( NAMED_UNIT ( * ) SI_UNIT ( $, .STERADIAN. ) SOLID_ANGLE_UNIT ( ) );
#2435 =( NAMED_UNIT ( * ) PLANE_ANGLE_UNIT ( ) SI_UNIT ( $, .RADIAN. ) );
#2436 = CARTESIAN_POINT ( 'NONE',  ( 0.6123197115384620970, 1.034999999999999920, -0.2848557692307692180 ) ) ;
#2437 = FILL_AREA_STYLE ('',( #1915 ) ) ;
#2438 = CARTESIAN_POINT ( 'NONE',  ( -0.7560024200292642105, 1.034999999999999698, -0.2381135273256473617 ) ) ;
#2439 = PLANE ( 'NONE',  #4886 ) ;
#2440 = CARTESIAN_POINT ( 'NONE',  ( 0.3944003306930352060, 1.034999999999999698, 1.317561331180454154 ) ) ;
#2441 = CARTESIAN_POINT ( 'NONE',  ( 0.2401513906992601421, 1.034999999999999920, -0.9317271042448359575 ) ) ;
#2442 = CARTESIAN_POINT ( 'NONE',  ( -0.006024601265698756487, 1.024999999999999689, 1.280269342272169819 ) ) ;
#2443 = CARTESIAN_POINT ( 'NONE',  ( 1.999999999999999112, 1.024999999999999911, -1.850000000000000977 ) ) ;
#2444 = CARTESIAN_POINT ( 'NONE',  ( 0.4854209920678782542, 1.034999999999999698, -0.1830055520264644575 ) ) ;
#2445 = PRESENTATION_LAYER_ASSIGNMENT (  '', '', ( #4121 ) ) ;
#2446 = CARTESIAN_POINT ( 'NONE',  ( 0.1148997614511178683, 1.024999999999999689, 1.010118407490752102 ) ) ;
#2447 = CARTESIAN_POINT ( 'NONE',  ( -0.1361177884615386025, 1.034999999999999920, 1.403846153846154410 ) ) ;
#2448 = CARTESIAN_POINT ( 'NONE',  ( 0.1970288297793945653, 1.024999999999999911, 0.8579668031823564078 ) ) ;
#2449 = CARTESIAN_POINT ( 'NONE',  ( 0.4777149341076136757, 1.024999999999999911, 0.002298804109529391411 ) ) ;
#2450 = AXIS2_PLACEMENT_3D ( 'NONE', #711, #6358, #6468 ) ;
#2451 = ORIENTED_EDGE ( 'NONE', *, *, #2201, .T. ) ;
#2452 = SURFACE_STYLE_USAGE ( .BOTH. , #4442 ) ;
#2453 = DIRECTION ( 'NONE',  ( 1.000000000000000000, 0.000000000000000000, 0.000000000000000000 ) ) ;
#2454 = CARTESIAN_POINT ( 'NONE',  ( -0.5923076923076918687, 1.024999999999999911, -0.09104567307692307265 ) ) ;
#2455 = CARTESIAN_POINT ( 'NONE',  ( -0.7549970048646593712, 1.034999999999999698, 0.8038894595579940683 ) ) ;
#2456 =( LENGTH_UNIT ( ) NAMED_UNIT ( * ) SI_UNIT ( .MILLI., .METRE. ) );
#2457 = FACE_OUTER_BOUND ( 'NONE', #1974, .T. ) ;
#2458 = CARTESIAN_POINT ( 'NONE',  ( 0.01716579795666443170, 1.024999999999999689, 0.8385928700513111123 ) ) ;
#2459 = MECHANICAL_DESIGN_GEOMETRIC_PRESENTATION_REPRESENTATION (  '', ( #6420 ), #4599 ) ;
#2460 = VERTEX_POINT ( 'NONE', #2021 ) ;
#2461 = CARTESIAN_POINT ( 'NONE',  ( -0.2175946450717252956, 1.025000000000000355, 0.8517178425193889790 ) ) ;
#2462 = DIRECTION ( 'NONE',  ( 1.000000000000000000, -0.000000000000000000, -0.000000000000000000 ) ) ;
#2463 =( NAMED_UNIT ( * ) SI_UNIT ( $, .STERADIAN. ) SOLID_ANGLE_UNIT ( ) );
#2464 = LINE ( 'NONE', #1562, #2932 ) ;
#2465 = CARTESIAN_POINT ( 'NONE',  ( -0.5243458283257840247, 1.024999999999999911, 0.3155960902458150308 ) ) ;
#2466 = EDGE_CURVE ( 'NONE', #2064, #1359, #2284, .T. ) ;
#2467 = CARTESIAN_POINT ( 'NONE',  ( -0.6818022387018594088, 1.035000000000000142, 0.8636569804084180957 ) ) ;
#2468 = CARTESIAN_POINT ( 'NONE',  ( 0.5787413002458381417, 1.034999999999999920, 1.150978442549882352 ) ) ;
#2469 = DIRECTION ( 'NONE',  ( -1.000000000000000000, -2.644395542647571766E-16, 0.000000000000000000 ) ) ;
#2470 = AXIS2_PLACEMENT_3D ( 'NONE', #3329, #3860, #303 ) ;
#2471 = EDGE_CURVE ( 'NONE', #2012, #4747, #6300, .T. ) ;
#2472 = B_SPLINE_SURFACE_WITH_KNOTS ( 'NONE', 3, 1, ( 
 ( #3625, #165 ),
 ( #6163, #3146 ),
 ( #3651, #645 ),
 ( #6191, #3167 ),
 ( #3674, #4245 ),
 ( #5786, #5272 ),
 ( #4284, #2232 ) ),
 .UNSPECIFIED., .F., .F., .F.,
 ( 4, 1, 1, 1, 4 ),
 ( 2, 2 ),
 ( 0.000000000000000000, 0.2801255546166575572, 0.5241588868393993739, 0.7586449302000993766, 1.000000000000000000 ),
 ( 0.000000000000000000, 1.000000000000000000 ),
 .UNSPECIFIED. ) ;
#2473 = SURFACE_STYLE_USAGE ( .BOTH. , #3972 ) ;
#2474 = CARTESIAN_POINT ( 'NONE',  ( 0.6204336093195601531, 1.024999999999999689, 0.8449640240426656845 ) ) ;
#2475 = EDGE_CURVE ( 'NONE', #2774, #6354, #736, .T. ) ;
#2476 = CARTESIAN_POINT ( 'NONE',  ( 0.01307091346153835265, 1.024999999999999911, 1.264723557692308153 ) ) ;
#2477 = EDGE_LOOP ( 'NONE', ( #3196, #4612, #440, #5221 ) ) ;
#2478 = CARTESIAN_POINT ( 'NONE',  ( 0.3348163529023472917, 1.025000000000000133, -1.038770230689263885 ) ) ;
#2479 = CARTESIAN_POINT ( 'NONE',  ( 0.09605909117721764257, 1.035000000000000142, 0.8804506858141281089 ) ) ;
#2480 = CARTESIAN_POINT ( 'NONE',  ( 0.7019230769230769829, 1.034999999999999920, 0.9579326923076925127 ) ) ;
#2481 = B_SPLINE_CURVE_WITH_KNOTS ( 'NONE', 3,
 ( #2283, #2770, #762, #5315, #784, #306, #1730, #5766, #2304, #3716, #1797, #2259, #1292 ),
 .UNSPECIFIED., .F., .F.,
 ( 4, 1, 1, 1, 1, 1, 1, 1, 1, 1, 4 ),
 ( 0.000000000000000000, 0.05965404015766073015, 0.1202635358631139323, 0.1811445130252171687, 0.2433883343552048217, 0.3692420458399867100, 0.4961055646164548860, 0.6237287877357091670, 0.7512143821036587621, 0.8774268709322476933, 1.000000000000000000 ),
 .UNSPECIFIED. ) ;
#2482 = EDGE_LOOP ( 'NONE', ( #4460, #4924, #1608, #4608 ) ) ;
#2483 = PRESENTATION_STYLE_ASSIGNMENT (( #2787 ) ) ;
#2484 = AXIS2_PLACEMENT_3D ( 'NONE', #3631, #3134, #2148 ) ;
#2485 = FILL_AREA_STYLE ('',( #478 ) ) ;
#2486 = CARTESIAN_POINT ( 'NONE',  ( 1.849999999999999645, -1.024999999999999911, -1.850000000000000977 ) ) ;
#2487 = CARTESIAN_POINT ( 'NONE',  ( 0.3279068673665953004, 1.035000000000000142, 0.9531584188986652606 ) ) ;
#2488 = VERTEX_POINT ( 'NONE', #6202 ) ;
#2489 = CARTESIAN_POINT ( 'NONE',  ( 0.09428627689420837621, 1.024999999999999911, 1.192704292644374720 ) ) ;
#2490 = CARTESIAN_POINT ( 'NONE',  ( 0.6204336093195601531, 1.034999999999999698, 0.8449640240426656845 ) ) ;
#2491 = CARTESIAN_POINT ( 'NONE',  ( -0.4796274038461533773, 1.034999999999999920, -0.5255408653846154188 ) ) ;
#2492 = CARTESIAN_POINT ( 'NONE',  ( 1.605000000000000204, -1.074999999999999956, 1.625000000000000000 ) ) ;
#2493 = COLOUR_RGB ( '',1.000000000000000000, 1.000000000000000000, 1.000000000000000000 ) ;
#2494 = ORIENTED_EDGE ( 'NONE', *, *, #4797, .T. ) ;
#2495 = PLANE ( 'NONE',  #931 ) ;
#2496 = VECTOR ( 'NONE', #4276, 1000.000000000000000 ) ;
#2497 = AXIS2_PLACEMENT_3D ( 'NONE', #4837, #815, #3832 ) ;
#2498 = VECTOR ( 'NONE', #1762, 1000.000000000000227 ) ;
#2499 = CARTESIAN_POINT ( 'NONE',  ( -0.03980813274335292390, 1.024999999999999911, 1.308609899621553163 ) ) ;
#2500 = B_SPLINE_SURFACE_WITH_KNOTS ( 'NONE', 3, 1, ( 
 ( #5881, #5995 ),
 ( #5028, #1468 ),
 ( #955, #5982 ),
 ( #3513, #6041 ),
 ( #5575, #479 ),
 ( #3020, #437 ),
 ( #4553, #463 ),
 ( #3443, #4043 ),
 ( #1947, #2008 ),
 ( #4497, #5004 ),
 ( #5960, #2963 ) ),
 .UNSPECIFIED., .F., .F., .F.,
 ( 4, 1, 1, 1, 1, 1, 1, 1, 4 ),
 ( 2, 2 ),
 ( 0.000000000000000000, 0.09667456401900831331, 0.2200460203467192732, 0.3580523530425036016, 0.5030958817993885779, 0.6465867356323256043, 0.7842179938026717645, 0.9050398087554584192, 0.9999999999999998890 ),
 ( 0.000000000000000000, 1.000000000000000000 ),
 .UNSPECIFIED. ) ;
#2501 = CARTESIAN_POINT ( 'NONE',  ( 0.5798702866813263412, 1.024999999999999689, 0.8368940373264448507 ) ) ;
#2502 =( NAMED_UNIT ( * ) SI_UNIT ( $, .STERADIAN. ) SOLID_ANGLE_UNIT ( ) );
#2503 = DIRECTION ( 'NONE',  ( 0.000000000000000000, 0.000000000000000000, -1.000000000000000000 ) ) ;
#2504 = CARTESIAN_POINT ( 'NONE',  ( 0.002947209758249406085, 1.024999999999999689, 0.8368940373264450727 ) ) ;
#2505 = PRESENTATION_STYLE_ASSIGNMENT (( #838 ) ) ;
#2506 = UNCERTAINTY_MEASURE_WITH_UNIT (LENGTH_MEASURE( 1.000000000000000082E-05 ), #5207, 'distance_accuracy_value', 'NONE');
#2507 = CARTESIAN_POINT ( 'NONE',  ( -0.2356423811577771921, 1.025000000000000355, 0.8912785242938495722 ) ) ;
#2508 = COLOUR_RGB ( '',1.000000000000000000, 1.000000000000000000, 1.000000000000000000 ) ;
#2509 = EDGE_CURVE ( 'NONE', #2460, #3968, #2983, .T. ) ;
#2510 =( LENGTH_UNIT ( ) NAMED_UNIT ( * ) SI_UNIT ( .MILLI., .METRE. ) );
#2511 = CARTESIAN_POINT ( 'NONE',  ( 0.8043269230769236611, 1.024999999999999689, -0.4615384615384615641 ) ) ;
#2512 =( NAMED_UNIT ( * ) SI_UNIT ( $, .STERADIAN. ) SOLID_ANGLE_UNIT ( ) );
#2513 = ORIENTED_EDGE ( 'NONE', *, *, #2820, .F. ) ;
#2514 = SURFACE_SIDE_STYLE ('',( #1472 ) ) ;
#2515 = CARTESIAN_POINT ( 'NONE',  ( 0.2117753373692803087, 1.035000000000000142, 1.023495007546662894 ) ) ;
#2516 = CARTESIAN_POINT ( 'NONE',  ( 0.8498006595324935075, 1.034999999999999920, -0.3893940706736460089 ) ) ;
#2517 = CARTESIAN_POINT ( 'NONE',  ( 0.07755412557111047989, 1.024999999999999911, 0.8631895418681124754 ) ) ;
#2518 = EDGE_CURVE ( 'NONE', #4511, #1475, #235, .T. ) ;
#2519 = CARTESIAN_POINT ( 'NONE',  ( -0.1361177884615386025, 1.034999999999999920, 1.403846153846154410 ) ) ;
#2520 = DIRECTION ( 'NONE',  ( -1.000000000000000000, -2.644395542647571766E-16, -0.000000000000000000 ) ) ;
#2521 = DIRECTION ( 'NONE',  ( 1.000000000000000000, 2.644395542647571766E-16, -0.000000000000000000 ) ) ;
#2522 = FILL_AREA_STYLE ('',( #2107 ) ) ;
#2523 = CARTESIAN_POINT ( 'NONE',  ( 0.06676003895610660432, 1.024999999999999689, 0.8562443421471487293 ) ) ;
#2524 = FILL_AREA_STYLE_COLOUR ( '', #4313 ) ;
#2525 = FILL_AREA_STYLE_COLOUR ( '', #4536 ) ;
#2526 = CARTESIAN_POINT ( 'NONE',  ( 0.2669692883178034215, 1.034999999999999920, -1.269100579367465675 ) ) ;
#2527 = CARTESIAN_POINT ( 'NONE',  ( 0.2661046692710027917, 1.025000000000000133, -0.9635485289351736204 ) ) ;
#2528 = ORIENTED_EDGE ( 'NONE', *, *, #2730, .T. ) ;
#2529 = B_SPLINE_SURFACE_WITH_KNOTS ( 'NONE', 3, 1, ( 
 ( #3829, #2894 ),
 ( #4834, #1347 ),
 ( #1805, #4879 ),
 ( #383, #5886 ),
 ( #292, #1366 ),
 ( #881, #5351 ),
 ( #5822, #2800 ),
 ( #1391, #3383 ),
 ( #2309, #334 ),
 ( #4397, #1843 ),
 ( #3800, #6324 ),
 ( #5389, #4324 ),
 ( #2361, #6404 ),
 ( #4344, #861 ),
 ( #4920, #3317 ),
 ( #5370, #2291 ),
 ( #4899, #1300 ),
 ( #1326, #1868 ),
 ( #6368, #2867 ) ),
 .UNSPECIFIED., .F., .F., .F.,
 ( 4, 1, 1, 1, 1, 1, 1, 1, 1, 1, 1, 1, 1, 1, 1, 1, 4 ),
 ( 2, 2 ),
 ( 0.000000000000000000, 0.07069648334337649831, 0.1383582132030685141, 0.2033698682591697782, 0.2657002133402298072, 0.3272558681973764538, 0.3865123433292943500, 0.4458582974819495504, 0.5051731438069390068, 0.5637797628070204681, 0.6223430642934396628, 0.6808235796100192694, 0.7397951568104399467, 0.8008011629883833304, 0.8642394615769080080, 0.9306310981734532417, 0.9999999999999998890 ),
 ( 0.000000000000000000, 1.000000000000000000 ),
 .UNSPECIFIED. ) ;
#2530 = MECHANICAL_DESIGN_GEOMETRIC_PRESENTATION_REPRESENTATION (  '', ( #750 ), #1632 ) ;
#2531 = DIRECTION ( 'NONE',  ( 1.000000000000000000, 0.000000000000000000, 0.000000000000000000 ) ) ;
#2532 = CARTESIAN_POINT ( 'NONE',  ( 0.5787413002458381417, 1.024999999999999911, 1.150978442549882352 ) ) ;
#2533 =( GEOMETRIC_REPRESENTATION_CONTEXT ( 3 ) GLOBAL_UNCERTAINTY_ASSIGNED_CONTEXT ( ( #66 ) ) GLOBAL_UNIT_ASSIGNED_CONTEXT ( ( #4154, #4720, #4667 ) ) REPRESENTATION_CONTEXT ( 'NONE', 'WORKASPACE' ) );
#2534 = PRODUCT_RELATED_PRODUCT_CATEGORY ( 'part', '', ( #3909 ) ) ;
#2535 = CARTESIAN_POINT ( 'NONE',  ( -0.7398370312623998579, 1.024999999999999911, 0.08450636470554295787 ) ) ;
#2536 = EDGE_LOOP ( 'NONE', ( #1986, #4029, #5773, #5727 ) ) ;
#2537 = ADVANCED_FACE ( 'NONE', ( #1083 ), #2277, .T. ) ;
#2538 = CARTESIAN_POINT ( 'NONE',  ( 0.3025240384615390798, 1.034999999999999920, -0.7884615384615384359 ) ) ;
#2539 = CARTESIAN_POINT ( 'NONE',  ( -0.4108255261337867559, 1.024999999999999911, 1.113162156003708159 ) ) ;
#2540 = CARTESIAN_POINT ( 'NONE',  ( -0.6770680935031819780, 1.024999999999999911, 1.360971408330850840 ) ) ;
#2541 = ORIENTED_EDGE ( 'NONE', *, *, #2352, .F. ) ;
#2542 = CARTESIAN_POINT ( 'NONE',  ( -0.4169036892677493999, 1.035000000000000364, -0.8963014364629707798 ) ) ;
#2543 = CARTESIAN_POINT ( 'NONE',  ( 0.3173076923076922351, 1.024999999999999911, 1.500000000000000222 ) ) ;
#2544 = EDGE_CURVE ( 'NONE', #4380, #4034, #2464, .T. ) ;
#2545 = CARTESIAN_POINT ( 'NONE',  ( 0.2938315446458319991, 1.034999999999999920, -0.9909036396552924897 ) ) ;
#2546 =( NAMED_UNIT ( * ) PLANE_ANGLE_UNIT ( ) SI_UNIT ( $, .RADIAN. ) );
#2547 = B_SPLINE_SURFACE_WITH_KNOTS ( 'NONE', 3, 1, ( 
 ( #1414, #2454 ),
 ( #6092, #1492 ),
 ( #1556, #2037 ),
 ( #4601, #68 ),
 ( #1006, #2020 ),
 ( #3009, #1577 ),
 ( #567, #4584 ),
 ( #3058, #1993 ),
 ( #989, #5591 ),
 ( #5043, #1538 ),
 ( #3593, #2081 ),
 ( #3571, #4566 ),
 ( #2558, #4096 ),
 ( #1514, #6032 ),
 ( #6068, #1024 ),
 ( #509, #48 ),
 ( #4545, #3543 ) ),
 .UNSPECIFIED., .F., .F., .F.,
 ( 4, 1, 1, 1, 1, 1, 1, 1, 1, 1, 1, 1, 1, 1, 4 ),
 ( 2, 2 ),
 ( 0.000000000000000000, 0.1306390843628615628, 0.2544568901696821484, 0.3137772390120038835, 0.3703678411731463616, 0.4260729027491878540, 0.4813380520100981053, 0.5369781608614393464, 0.5924188786203403723, 0.6507905937605916735, 0.7112318957259234908, 0.7752293137976041804, 0.8447256086505677830, 0.9192770964749228391, 1.000000000000000000 ),
 ( 0.000000000000000000, 1.000000000000000000 ),
 .UNSPECIFIED. ) ;
#2548 = EDGE_LOOP ( 'NONE', ( #6099, #2075, #6320, #5742 ) ) ;
#2549 = CARTESIAN_POINT ( 'NONE',  ( -0.5462354562025001359, 1.035000000000000364, 0.8412721904612345813 ) ) ;
#2550 = FILL_AREA_STYLE_COLOUR ( '', #2004 ) ;
#2551 = SURFACE_SIDE_STYLE ('',( #2354 ) ) ;
#2552 = FILL_AREA_STYLE ('',( #5580 ) ) ;
#2553 = ORIENTED_EDGE ( 'NONE', *, *, #3938, .T. ) ;
#2554 = CARTESIAN_POINT ( 'NONE',  ( 0.3269230769230766498, 1.024999999999999911, 0.9615384615384617861 ) ) ;
#2555 = ORIENTED_EDGE ( 'NONE', *, *, #2817, .F. ) ;
#2556 = EDGE_CURVE ( 'NONE', #5900, #6157, #1581, .T. ) ;
#2557 = ORIENTED_EDGE ( 'NONE', *, *, #2903, .T. ) ;
#2558 = CARTESIAN_POINT ( 'NONE',  ( -0.4231165145142969375, 1.035000000000000142, 0.1811361825164377326 ) ) ;
#2559 = VERTEX_POINT ( 'NONE', #115 ) ;
#2560 = CARTESIAN_POINT ( 'NONE',  ( -0.4524131457746682905, 1.025000000000000133, 1.162661105553342455 ) ) ;
#2561 = CARTESIAN_POINT ( 'NONE',  ( -0.7130408653846154188, 1.024999999999999911, 1.403846153846154188 ) ) ;
#2562 = PRESENTATION_STYLE_ASSIGNMENT (( #1610 ) ) ;
#2563 = CARTESIAN_POINT ( 'NONE',  ( 0.2669692883178034215, 1.034999999999999920, -1.269100579367465675 ) ) ;
#2564 = LINE ( 'NONE', #2917, #1136 ) ;
#2565 = EDGE_LOOP ( 'NONE', ( #3348, #3358, #3781, #4691 ) ) ;
#2566 = CARTESIAN_POINT ( 'NONE',  ( -0.8316137394045788334, 1.024999999999999911, 1.449348915395678894 ) ) ;
#2567 = VECTOR ( 'NONE', #2663, 1000.000000000000000 ) ;
#2568 = MECHANICAL_DESIGN_GEOMETRIC_PRESENTATION_REPRESENTATION (  '', ( #4986 ), #879 ) ;
#2569 = FACE_OUTER_BOUND ( 'NONE', #1277, .T. ) ;
#2570 = CARTESIAN_POINT ( 'NONE',  ( -0.4519230769230769273, 1.034999999999999920, 0.9579326923076925127 ) ) ;
#2571 = CARTESIAN_POINT ( 'NONE',  ( -0.7595361534264861714, 1.024999999999999911, -0.002815824034507942268 ) ) ;
#2572 = B_SPLINE_SURFACE_WITH_KNOTS ( 'NONE', 3, 1, ( 
 ( #3178, #173 ),
 ( #198, #3702 ),
 ( #1235, #2734 ),
 ( #3275, #1783 ),
 ( #4230, #6295 ),
 ( #3681, #5735 ),
 ( #5281, #682 ),
 ( #2243, #4204 ),
 ( #220, #265 ),
 ( #3729, #6240 ),
 ( #5254, #723 ) ),
 .UNSPECIFIED., .F., .F., .F.,
 ( 4, 1, 1, 1, 1, 1, 1, 1, 4 ),
 ( 2, 2 ),
 ( 0.000000000000000000, 0.1240851874048755354, 0.2516831287137650808, 0.3805158425827885882, 0.5096002516413246086, 0.6374160462044770048, 0.7631891362247723576, 0.8842771068389632116, 1.000000000000000000 ),
 ( 0.000000000000000000, 1.000000000000000000 ),
 .UNSPECIFIED. ) ;
#2573 = ADVANCED_FACE ( 'NONE', ( #1429 ), #2028, .T. ) ;
#2574 = CARTESIAN_POINT ( 'NONE',  ( -0.4897085815187425806, 1.034999999999999920, 0.8715447404585627833 ) ) ;
#2575 = LINE ( 'NONE', #5700, #6439 ) ;
#2576 = COLOUR_RGB ( '',0.4980392156862745168, 0.4980392156862745168, 0.4980392156862745168 ) ;
#2577 = LINE ( 'NONE', #5695, #760 ) ;
#2578 = CARTESIAN_POINT ( 'NONE',  ( -0.5836790541168817015, 1.035000000000000142, 0.8366587838276424716 ) ) ;
#2579 =( GEOMETRIC_REPRESENTATION_CONTEXT ( 3 ) GLOBAL_UNCERTAINTY_ASSIGNED_CONTEXT ( ( #1597 ) ) GLOBAL_UNIT_ASSIGNED_CONTEXT ( ( #3597, #4118, #3119 ) ) REPRESENTATION_CONTEXT ( 'NONE', 'WORKASPACE' ) );
#2580 = CARTESIAN_POINT ( 'NONE',  ( 0.08721449540433420800, 1.024999999999999689, 0.8715447404585627833 ) ) ;
#2581 = LINE ( 'NONE', #5034, #690 ) ;
#2582 = CARTESIAN_POINT ( 'NONE',  ( 0.1091292488734788568, 1.025000000000000355, 1.023402570223236108 ) ) ;
#2583 = AXIS2_PLACEMENT_3D ( 'NONE', #2492, #5010, #2469 ) ;
#2584 =( NAMED_UNIT ( * ) PLANE_ANGLE_UNIT ( ) SI_UNIT ( $, .RADIAN. ) );
#2585 = B_SPLINE_SURFACE_WITH_KNOTS ( 'NONE', 3, 1, ( 
 ( #6040, #2543 ),
 ( #2007, #6489 ),
 ( #6014, #4530 ),
 ( #462, #1498 ),
 ( #3019, #3982 ),
 ( #972, #4496 ),
 ( #3044, #1440 ) ),
 .UNSPECIFIED., .F., .F., .F.,
 ( 4, 1, 1, 1, 4 ),
 ( 2, 2 ),
 ( 0.000000000000000000, 0.2526433275832366543, 0.5044398525799862476, 0.7504068042814560080, 1.000000000000000000 ),
 ( 0.000000000000000000, 1.000000000000000000 ),
 .UNSPECIFIED. ) ;
#2586 = UNCERTAINTY_MEASURE_WITH_UNIT (LENGTH_MEASURE( 1.000000000000000082E-05 ), #2251, 'distance_accuracy_value', 'NONE');
#2587 = CARTESIAN_POINT ( 'NONE',  ( 0.4479094431671649668, 1.035000000000000142, 1.263398958623645596 ) ) ;
#2588 = CARTESIAN_POINT ( 'NONE',  ( 0.7587114694767590484, 1.024999999999999467, 1.090131206510948969 ) ) ;
#2589 = CARTESIAN_POINT ( 'NONE',  ( 0.4215144230769235500, 1.024999999999999911, -1.232271634615384581 ) ) ;
#2590 = CARTESIAN_POINT ( 'NONE',  ( -0.8365384615384615641, 1.024999999999999911, 1.500000000000000222 ) ) ;
#2591 = EDGE_CURVE ( 'NONE', #1679, #119, #1617, .T. ) ;
#2592 =( NAMED_UNIT ( * ) PLANE_ANGLE_UNIT ( ) SI_UNIT ( $, .RADIAN. ) );
#2593 = CARTESIAN_POINT ( 'NONE',  ( 0.2307692307692306155, 1.034999999999999920, 1.500000000000000444 ) ) ;
#2594 = CARTESIAN_POINT ( 'NONE',  ( 0.3606811036798523440, 1.034999999999999476, -1.077826688113032949 ) ) ;
#2595 = CARTESIAN_POINT ( 'NONE',  ( -0.8232904239370620880, 1.024999999999999911, 1.424506378665185924 ) ) ;
#2596 = B_SPLINE_SURFACE_WITH_KNOTS ( 'NONE', 3, 1, ( 
 ( #2049, #499 ),
 ( #3048, #3084 ),
 ( #4558, #559 ),
 ( #4109, #3026 ),
 ( #2011, #4087 ),
 ( #3001, #1527 ),
 ( #6533, #6043 ),
 ( #5071, #3065 ),
 ( #5600, #4026 ),
 ( #2574, #1000 ),
 ( #1059, #79 ),
 ( #6058, #1505 ),
 ( #6080, #5050 ),
 ( #3585, #5555 ),
 ( #2549, #4594 ),
 ( #1568, #540 ),
 ( #61, #5621 ),
 ( #2597, #581 ),
 ( #1588, #3127 ) ),
 .UNSPECIFIED., .F., .F., .F.,
 ( 4, 1, 1, 1, 1, 1, 1, 1, 1, 1, 1, 1, 1, 1, 1, 1, 4 ),
 ( 2, 2 ),
 ( 0.000000000000000000, 0.06176215676807093186, 0.1211739926536291034, 0.1794214068253154049, 0.2368434346502753529, 0.2943217954133982017, 0.3531909627945247765, 0.4127207064163247452, 0.4745221507037175046, 0.5370567441421365551, 0.5995913375805563827, 0.6623669793543065509, 0.7252456446794927070, 0.7903164461250805628, 0.8577243009540927998, 0.9272319523784934292, 1.000000000000000000 ),
 ( 0.000000000000000000, 1.000000000000000000 ),
 .UNSPECIFIED. ) ;
#2597 = CARTESIAN_POINT ( 'NONE',  ( -0.5836790541168817015, 1.035000000000000142, 0.8366587838276424716 ) ) ;
#2598 = STYLED_ITEM ( 'NONE', ( #4478 ), #611 ) ;
#2599 = FILL_AREA_STYLE ('',( #3963 ) ) ;
#2600 = VERTEX_POINT ( 'NONE', #6049 ) ;
#2601 = EDGE_CURVE ( 'NONE', #5245, #3968, #2135, .T. ) ;
#2602 = CARTESIAN_POINT ( 'NONE',  ( 0.3370346671733435717, 1.024999999999999911, 1.406614822300994438 ) ) ;
#2603 = CARTESIAN_POINT ( 'NONE',  ( 0.5107572115384620970, 1.025000000000000133, -0.02223557692307692041 ) ) ;
#2604 = ADVANCED_FACE ( 'NONE', ( #9 ), #4241, .T. ) ;
#2605 = FILL_AREA_STYLE_COLOUR ( '', #372 ) ;
#2606 = CARTESIAN_POINT ( 'NONE',  ( 0.5230769230769236611, 1.034999999999999920, -1.066406250000000000 ) ) ;
#2607 =( NAMED_UNIT ( * ) PLANE_ANGLE_UNIT ( ) SI_UNIT ( $, .RADIAN. ) );
#2608 = COLOUR_RGB ( '',1.000000000000000000, 1.000000000000000000, 1.000000000000000000 ) ;
#2609 = MECHANICAL_DESIGN_GEOMETRIC_PRESENTATION_REPRESENTATION (  '', ( #1923 ), #2221 ) ;
#2610 = CARTESIAN_POINT ( 'NONE',  ( -0.7247408575763278904, 1.035000000000000142, 0.1240900372869518653 ) ) ;
#2611 = VERTEX_POINT ( 'NONE', #5606 ) ;
#2612 = CARTESIAN_POINT ( 'NONE',  ( 0.2504346767130117279, 1.034999999999999920, -1.269029477025444441 ) ) ;
#2613 = CARTESIAN_POINT ( 'NONE',  ( -0.5537936130820210190, 1.034999999999999920, 1.130708011491501797 ) ) ;
#2614 = CARTESIAN_POINT ( 'NONE',  ( -0.3594674135130906389, 1.035000000000000142, 0.1918791199386858659 ) ) ;
#2615 = DIRECTION ( 'NONE',  ( 1.587691945485475270E-14, 1.000000000000000000, -2.805021757219675803E-14 ) ) ;
#2616 = CARTESIAN_POINT ( 'NONE',  ( -0.2062460659291941723, 1.024999999999999689, 0.8340822251097764761 ) ) ;
#2617 = ORIENTED_EDGE ( 'NONE', *, *, #4067, .T. ) ;
#2618 = CARTESIAN_POINT ( 'NONE',  ( -0.5704213158161256514, 1.024999999999999689, 1.270071547984030103 ) ) ;
#2619 = CARTESIAN_POINT ( 'NONE',  ( 0.8382453916543842753, 1.035000000000000364, -0.3426942379960157825 ) ) ;
#2620 = PRESENTATION_LAYER_ASSIGNMENT (  '', '', ( #6232 ) ) ;
#2621 = CARTESIAN_POINT ( 'NONE',  ( -0.3651477395537966464, 1.035000000000000364, 1.023495007546663116 ) ) ;
#2622 = STYLED_ITEM ( 'NONE', ( #2329 ), #5190 ) ;
#2623 = CARTESIAN_POINT ( 'NONE',  ( -0.7849999999999999201, -1.075000000000000400, 1.574999999999999956 ) ) ;
#2624 = CARTESIAN_POINT ( 'NONE',  ( 0.4449213746206823750, 1.024999999999999467, 0.8916546614439554430 ) ) ;
#2625 = CARTESIAN_POINT ( 'NONE',  ( 0.6204336093195601531, 1.034999999999999698, 0.8449640240426656845 ) ) ;
#2626 = ORIENTED_EDGE ( 'NONE', *, *, #6351, .T. ) ;
#2627 = CARTESIAN_POINT ( 'NONE',  ( 0.6712093538172856366, 1.024999999999999467, 1.192704292644374720 ) ) ;
#2628 = SURFACE_STYLE_USAGE ( .BOTH. , #5610 ) ;
#2629 = CARTESIAN_POINT ( 'NONE',  ( -0.4973557692307689071, 1.035000000000000142, -0.8061899038461539657 ) ) ;
#2630 = CARTESIAN_POINT ( 'NONE',  ( -0.4520274643897460032, 1.034999999999999920, 0.9621975019446505906 ) ) ;
#2631 = ORIENTED_EDGE ( 'NONE', *, *, #4417, .T. ) ;
#2632 = CARTESIAN_POINT ( 'NONE',  ( 0.7637620192307699174, 1.035000000000000142, -0.2397836538461539380 ) ) ;
#2633 = EDGE_CURVE ( 'NONE', #510, #6227, #4355, .T. ) ;
#2634 = CARTESIAN_POINT ( 'NONE',  ( 0.6792223042076592776, 1.024999999999999911, -0.1594294256854960901 ) ) ;
#2635 = CARTESIAN_POINT ( 'NONE',  ( 0.01307091346153835265, 1.034999999999999920, 1.264723557692308153 ) ) ;
#2636 = ADVANCED_FACE ( 'NONE', ( #3698 ), #1109, .F. ) ;
#2637 = VERTEX_POINT ( 'NONE', #132 ) ;
#2638 = SURFACE_STYLE_FILL_AREA ( #3600 ) ;
#2639 = FILL_AREA_STYLE ('',( #5151 ) ) ;
#2640 = B_SPLINE_CURVE_WITH_KNOTS ( 'NONE', 3,
 ( #5520, #2487, #2047, #6515, #5599, #1980, #3000, #5068, #3514, #480, #6016, #998, #1501, #4044, #1014, #4554, #1524, #5576, #3046 ),
 .UNSPECIFIED., .F., .F.,
 ( 4, 1, 1, 1, 1, 1, 1, 1, 1, 1, 1, 1, 1, 1, 1, 1, 4 ),
 ( 0.000000000000000000, 0.07067529020333015999, 0.1374926938441249080, 0.2014728253723051254, 0.2628693217722904985, 0.3225500865261559658, 0.3807372513385549606, 0.4382197368560125095, 0.4954874370602862510, 0.5534836796953479521, 0.6113462062294293675, 0.6706437388141557321, 0.7315869484227134345, 0.7941831937999382918, 0.8594451119347497059, 0.9282076353998099938, 1.000000000000000000 ),
 .UNSPECIFIED. ) ;
#2641 = VECTOR ( 'NONE', #914, 1000.000000000000000 ) ;
#2642 = CARTESIAN_POINT ( 'NONE',  ( -0.5886418269230768718, 1.034999999999999920, 0.8365384615384617861 ) ) ;
#2643 = ORIENTED_EDGE ( 'NONE', *, *, #271, .T. ) ;
#2644 = PRESENTATION_STYLE_ASSIGNMENT (( #2684 ) ) ;
#2645 = CARTESIAN_POINT ( 'NONE',  ( -0.5561810472403306838, 1.034999999999999920, 1.258173606474872086 ) ) ;
#2646 = VECTOR ( 'NONE', #4531, 1000.000000000000000 ) ;
#2647 = CARTESIAN_POINT ( 'NONE',  ( 0.4777149341076136757, 1.034999999999999920, 0.002298804109529391411 ) ) ;
#2648 =( LENGTH_UNIT ( ) NAMED_UNIT ( * ) SI_UNIT ( .MILLI., .METRE. ) );
#2649 = CARTESIAN_POINT ( 'NONE',  ( 0.7377506108318956368, 1.024999999999999911, -0.3959859115656119699 ) ) ;
#2650 = VERTEX_POINT ( 'NONE', #1183 ) ;
#2651 = CARTESIAN_POINT ( 'NONE',  ( 0.4215144230769235500, 1.024999999999999911, -1.232271634615384581 ) ) ;
#2652 = CARTESIAN_POINT ( 'NONE',  ( -0.5199370261924975978, 1.024999999999999911, 1.226931528156839590 ) ) ;
#2653 = VECTOR ( 'NONE', #3969, 1000.000000000000000 ) ;
#2654 = CARTESIAN_POINT ( 'NONE',  ( 0.5899939903846154188, 1.034999999999999920, 1.264723557692307931 ) ) ;
#2655 = VECTOR ( 'NONE', #5871, 1000.000000000000000 ) ;
#2656 =( NAMED_UNIT ( * ) PLANE_ANGLE_UNIT ( ) SI_UNIT ( $, .RADIAN. ) );
#2657 = CARTESIAN_POINT ( 'NONE',  ( 0.07244802049386153686, 1.035000000000000142, 1.078940445635440781 ) ) ;
#2658 = VECTOR ( 'NONE', #5393, 1000.000000000000000 ) ;
#2659 = CARTESIAN_POINT ( 'NONE',  ( 0.2117753373692803087, 1.024999999999999911, 1.023495007546662894 ) ) ;
#2660 = CARTESIAN_POINT ( 'NONE',  ( -0.5712790676093170150, 1.035000000000000364, 0.04666810681196591898 ) ) ;
#2661 = CARTESIAN_POINT ( 'NONE',  ( 0.2938315446458319991, 1.024999999999999911, -0.9909036396552924897 ) ) ;
#2662 = CARTESIAN_POINT ( 'NONE',  ( -0.7059367106789888879, 1.024999999999999911, 1.263398958623645596 ) ) ;
#2663 = DIRECTION ( 'NONE',  ( -0.000000000000000000, -0.000000000000000000, -1.000000000000000000 ) ) ;
#2664 = SURFACE_STYLE_FILL_AREA ( #3293 ) ;
#2665 = UNCERTAINTY_MEASURE_WITH_UNIT (LENGTH_MEASURE( 1.000000000000000082E-05 ), #2749, 'distance_accuracy_value', 'NONE');
#2666 = CARTESIAN_POINT ( 'NONE',  ( -0.5704213158161256514, 1.035000000000000142, 1.270071547984030103 ) ) ;
#2667 = ORIENTED_EDGE ( 'NONE', *, *, #4156, .T. ) ;
#2668 = CARTESIAN_POINT ( 'NONE',  ( 0.6626427731117336961, 1.034999999999999920, 0.7644335898809585528 ) ) ;
#2669 =( GEOMETRIC_REPRESENTATION_CONTEXT ( 3 ) GLOBAL_UNCERTAINTY_ASSIGNED_CONTEXT ( ( #1334 ) ) GLOBAL_UNIT_ASSIGNED_CONTEXT ( ( #3375, #3355, #5432 ) ) REPRESENTATION_CONTEXT ( 'NONE', 'WORKASPACE' ) );
#2670 = PRESENTATION_LAYER_ASSIGNMENT (  '', '', ( #854 ) ) ;
#2671 = CARTESIAN_POINT ( 'NONE',  ( 0.3269230769230766498, 1.024999999999999911, 0.9615384615384617861 ) ) ;
#2672 =( NAMED_UNIT ( * ) SI_UNIT ( $, .STERADIAN. ) SOLID_ANGLE_UNIT ( ) );
#2673 = CARTESIAN_POINT ( 'NONE',  ( -0.04838994535178251649, 1.025000000000000133, 1.195738238068862369 ) ) ;
#2674 = CARTESIAN_POINT ( 'NONE',  ( 0.5434891144720701561, 1.024999999999999911, -0.04732094589271203244 ) ) ;
#2675 = ADVANCED_FACE ( 'NONE', ( #2699 ), #101, .T. ) ;
#2676 =( NAMED_UNIT ( * ) PLANE_ANGLE_UNIT ( ) SI_UNIT ( $, .RADIAN. ) );
#2677 = CARTESIAN_POINT ( 'NONE',  ( 0.7279304372125445788, 1.035000000000000364, 1.132741021815065974 ) ) ;
#2678 = CARTESIAN_POINT ( 'NONE',  ( -1.604999999999999982, -1.075000000000000400, 1.625000000000000000 ) ) ;
#2679 = CARTESIAN_POINT ( 'NONE',  ( 0.2690032743478595334, 1.035000000000000142, -1.114926609055453488 ) ) ;
#2680 = CARTESIAN_POINT ( 'NONE',  ( -0.5751048536003156020, 1.025000000000000133, 1.150978442549882574 ) ) ;
#2681 = CARTESIAN_POINT ( 'NONE',  ( 0.5119274830655170527, 1.024999999999999689, -1.108691614760225708 ) ) ;
#2682 = CARTESIAN_POINT ( 'NONE',  ( 0.6619532218267274448, 1.034999999999999698, -0.3271492266832871088 ) ) ;
#2683 = SURFACE_STYLE_USAGE ( .BOTH. , #599 ) ;
#2684 = SURFACE_STYLE_USAGE ( .BOTH. , #3103 ) ;
#2685 = SURFACE_SIDE_STYLE ('',( #1395 ) ) ;
#2686 = B_SPLINE_CURVE_WITH_KNOTS ( 'NONE', 3,
 ( #5809, #697, #2229, #2789, #782, #1795, #6333, #3309, #5242, #4843, #5379 ),
 .UNSPECIFIED., .F., .F.,
 ( 4, 1, 1, 1, 1, 1, 1, 1, 4 ),
 ( 0.000000000000000000, 0.1240851874048755354, 0.2516831287137650808, 0.3805158425827885882, 0.5096002516413246086, 0.6374160462044770048, 0.7631891362247723576, 0.8842771068389632116, 1.000000000000000000 ),
 .UNSPECIFIED. ) ;
#2687 = ORIENTED_EDGE ( 'NONE', *, *, #1787, .T. ) ;
#2688 = EDGE_CURVE ( 'NONE', #2968, #5229, #3185, .T. ) ;
#2689 = CARTESIAN_POINT ( 'NONE',  ( 0.7505765765693429570, 1.034999999999999920, 0.8244472621065871420 ) ) ;
#2690 = CARTESIAN_POINT ( 'NONE',  ( 0.3840621365247076646, 1.025000000000000355, 0.8183052022479979648 ) ) ;
#2691 = CARTESIAN_POINT ( 'NONE',  ( 0.05883690797237183662, 1.024999999999999911, -1.055260754117563593 ) ) ;
#2692 = CARTESIAN_POINT ( 'NONE',  ( -1.499999999999996891, 1.024999999999999911, -1.550000000000000711 ) ) ;
#2693 = CARTESIAN_POINT ( 'NONE',  ( 0.8043269230769236611, 1.024999999999999689, -0.4615384615384615641 ) ) ;
#2694 = ORIENTED_EDGE ( 'NONE', *, *, #6311, .F. ) ;
#2695 = CARTESIAN_POINT ( 'NONE',  ( 0.5497883491926220945, 1.024999999999999467, 0.8368925012777318484 ) ) ;
#2696 = CARTESIAN_POINT ( 'NONE',  ( 0.6831307222215643460, 1.025000000000000355, 0.7728591684128820471 ) ) ;
#2697 = CARTESIAN_POINT ( 'NONE',  ( 0.7279304372125445788, 1.024999999999999911, 1.132741021815065974 ) ) ;
#2698 = PRESENTATION_LAYER_ASSIGNMENT (  '', '', ( #4510 ) ) ;
#2699 = FACE_OUTER_BOUND ( 'NONE', #3807, .T. ) ;
#2700 = CARTESIAN_POINT ( 'NONE',  ( 0.02312946384105593958, 1.034999999999999698, 1.130708011491502019 ) ) ;
#2701 = SURFACE_SIDE_STYLE ('',( #5377 ) ) ;
#2702 = ORIENTED_EDGE ( 'NONE', *, *, #91, .T. ) ;
#2703 =( NAMED_UNIT ( * ) PLANE_ANGLE_UNIT ( ) SI_UNIT ( $, .RADIAN. ) );
#2704 = CARTESIAN_POINT ( 'NONE',  ( -0.2490162095564817657, 1.035000000000000142, 0.9531584188986654826 ) ) ;
#2705 = CARTESIAN_POINT ( 'NONE',  ( -0.5537936130820210190, 1.024999999999999911, 1.130708011491501797 ) ) ;
#2706 = CARTESIAN_POINT ( 'NONE',  ( -0.2490162095564817657, 1.025000000000000133, 0.9531584188986654826 ) ) ;
#2707 = ORIENTED_EDGE ( 'NONE', *, *, #5969, .F. ) ;
#2708 = ADVANCED_FACE ( 'NONE', ( #5565 ), #1241, .T. ) ;
#2709 = CARTESIAN_POINT ( 'NONE',  ( -0.5638521634615384359, 1.034999999999999920, 1.264723557692307931 ) ) ;
#2710 =( GEOMETRIC_REPRESENTATION_CONTEXT ( 3 ) GLOBAL_UNCERTAINTY_ASSIGNED_CONTEXT ( ( #5122 ) ) GLOBAL_UNIT_ASSIGNED_CONTEXT ( ( #1344, #5387, #2359 ) ) REPRESENTATION_CONTEXT ( 'NONE', 'WORKASPACE' ) );
#2711 = CARTESIAN_POINT ( 'NONE',  ( -0.3563898423674587979, 1.035000000000000364, 0.9793131793324549861 ) ) ;
#2712 = ORIENTED_EDGE ( 'NONE', *, *, #5401, .F. ) ;
#2713 = FILL_AREA_STYLE ('',( #1665 ) ) ;
#2714 = CARTESIAN_POINT ( 'NONE',  ( 0.2690032743478595334, 1.035000000000000142, -1.114926609055453488 ) ) ;
#2715 = CARTESIAN_POINT ( 'NONE',  ( 0.5652043269230768718, 1.024999999999999689, 0.8365384615384617861 ) ) ;
#2716 = ORIENTED_EDGE ( 'NONE', *, *, #2379, .T. ) ;
#2717 = EDGE_CURVE ( 'NONE', #5332, #6397, #1570, .T. ) ;
#2718 = CARTESIAN_POINT ( 'NONE',  ( 0.1156682925324087202, 1.035000000000000142, 0.9106923435533438305 ) ) ;
#2719 = VERTEX_POINT ( 'NONE', #4791 ) ;
#2720 = CARTESIAN_POINT ( 'NONE',  ( 0.2601562500000004219, 1.034999999999999920, -1.115384615384615419 ) ) ;
#2721 =( NAMED_UNIT ( * ) PLANE_ANGLE_UNIT ( ) SI_UNIT ( $, .RADIAN. ) );
#2722 = EDGE_LOOP ( 'NONE', ( #1224, #1217, #5211, #4514 ) ) ;
#2723 = CARTESIAN_POINT ( 'NONE',  ( 0.08571969618865675489, 1.025000000000000133, 0.7644335898809591079 ) ) ;
#2724 = FACE_OUTER_BOUND ( 'NONE', #5547, .T. ) ;
#2725 = PRESENTATION_LAYER_ASSIGNMENT (  '', '', ( #4973 ) ) ;
#2726 = VECTOR ( 'NONE', #5763, 1000.000000000000000 ) ;
#2727 = ORIENTED_EDGE ( 'NONE', *, *, #3245, .F. ) ;
#2728 = SURFACE_STYLE_FILL_AREA ( #669 ) ;
#2729 = CARTESIAN_POINT ( 'NONE',  ( 0.000000000000000000, -1.025000000000000577, 1.574999999999999956 ) ) ;
#2730 = EDGE_CURVE ( 'NONE', #3975, #1911, #4110, .T. ) ;
#2731 = CARTESIAN_POINT ( 'NONE',  ( 0.4720439151442943904, 1.034999999999999698, 0.8636569804084177626 ) ) ;
#2732 = CARTESIAN_POINT ( 'NONE',  ( -0.3713294895848328059, 1.024999999999999911, -0.9405298950300245986 ) ) ;
#2733 = LINE ( 'NONE', #3816, #3912 ) ;
#2734 = CARTESIAN_POINT ( 'NONE',  ( -0.5026283188875922958, 1.024999999999999245, -0.4737855873020376807 ) ) ;
#2735 = VECTOR ( 'NONE', #2102, 1000.000000000000000 ) ;
#2736 = CARTESIAN_POINT ( 'NONE',  ( 0.2960722398858498527, 1.034999999999999920, -0.7886821409754802836 ) ) ;
#2737 = ADVANCED_FACE ( 'NONE', ( #4556 ), #4008, .T. ) ;
#2738 = CARTESIAN_POINT ( 'NONE',  ( -0.01171875000000011796, 1.034999999999999920, 0.8365384615384620082 ) ) ;
#2739 = VECTOR ( 'NONE', #6445, 1000.000000000000000 ) ;
#2740 =( NAMED_UNIT ( * ) PLANE_ANGLE_UNIT ( ) SI_UNIT ( $, .RADIAN. ) );
#2741 = ORIENTED_EDGE ( 'NONE', *, *, #6201, .F. ) ;
#2742 = LINE ( 'NONE', #3340, #1549 ) ;
#2743 = CARTESIAN_POINT ( 'NONE',  ( -0.7653846153846149969, 1.035000000000000142, -0.09855769230769234612 ) ) ;
#2744 = COLOUR_RGB ( '',1.000000000000000000, 1.000000000000000000, 1.000000000000000000 ) ;
#2745 = CARTESIAN_POINT ( 'NONE',  ( 0.2207530436513871208, 1.024999999999999689, 0.9356435630111534785 ) ) ;
#2746 = CARTESIAN_POINT ( 'NONE',  ( -0.8259392864795586098, 1.034999999999999920, 0.9531584188986651496 ) ) ;
#2747 = PRESENTATION_LAYER_ASSIGNMENT (  '', '', ( #3148 ) ) ;
#2748 = FILL_AREA_STYLE_COLOUR ( '', #2576 ) ;
#2749 =( LENGTH_UNIT ( ) NAMED_UNIT ( * ) SI_UNIT ( .MILLI., .METRE. ) );
#2750 = PRESENTATION_LAYER_ASSIGNMENT (  '', '', ( #1042 ) ) ;
#2751 = CARTESIAN_POINT ( 'NONE',  ( -0.2596153846153847478, 1.034999999999999920, 1.500000000000000444 ) ) ;
#2752 = CARTESIAN_POINT ( 'NONE',  ( -0.7130408653846154188, 1.024999999999999911, 1.403846153846154188 ) ) ;
#2753 = CARTESIAN_POINT ( 'NONE',  ( -0.1400841346153841038, 1.034999999999999920, -0.9344951923076924016 ) ) ;
#2754 = CARTESIAN_POINT ( 'NONE',  ( -0.1266930835313141712, 1.034999999999999920, -0.9446960006424259815 ) ) ;
#2755 =( NAMED_UNIT ( * ) SI_UNIT ( $, .STERADIAN. ) SOLID_ANGLE_UNIT ( ) );
#2756 = CARTESIAN_POINT ( 'NONE',  ( 0.2277829839342950524, 1.034999999999999698, -0.8259784870660605849 ) ) ;
#2757 = CARTESIAN_POINT ( 'NONE',  ( 0.3173076923076922351, 1.034999999999999920, 1.500000000000000222 ) ) ;
#2758 = ORIENTED_EDGE ( 'NONE', *, *, #5208, .F. ) ;
#2759 = SURFACE_SIDE_STYLE ('',( #1147 ) ) ;
#2760 = PRESENTATION_STYLE_ASSIGNMENT (( #3096 ) ) ;
#2761 = DIRECTION ( 'NONE',  ( -0.000000000000000000, -1.000000000000000000, -0.000000000000000000 ) ) ;
#2762 = DIRECTION ( 'NONE',  ( 0.000000000000000000, 0.000000000000000000, 1.000000000000000000 ) ) ;
#2763 = EDGE_CURVE ( 'NONE', #2488, #4462, #4621, .T. ) ;
#2764 = CARTESIAN_POINT ( 'NONE',  ( -0.7654117154578047311, 1.024999999999999689, -0.1138913059815343520 ) ) ;
#2765 = CARTESIAN_POINT ( 'NONE',  ( 0.04056952584390834116, 1.034999999999999920, 0.7533978999952610778 ) ) ;
#2766 = CARTESIAN_POINT ( 'NONE',  ( 0.3192084027038729621, 1.035000000000000142, 1.466000064178921702 ) ) ;
#2767 = CARTESIAN_POINT ( 'NONE',  ( -0.3169546318886115599, 1.035000000000000142, 0.3457911310544520833 ) ) ;
#2768 = ORIENTED_EDGE ( 'NONE', *, *, #869, .F. ) ;
#2769 = ADVANCED_FACE ( 'NONE', ( #2017 ), #114, .T. ) ;
#2770 = CARTESIAN_POINT ( 'NONE',  ( -0.7654117154578047311, 1.034999999999999920, -0.1138913059815343520 ) ) ;
#2771 = B_SPLINE_CURVE_WITH_KNOTS ( 'NONE', 3,
 ( #526, #1553, #1987, #2052, #5077, #4051, #585, #3086, #3005, #2580, #2517, #5583, #42, #6026, #2076, #5624, #6112, #6537, #83 ),
 .UNSPECIFIED., .F., .F.,
 ( 4, 1, 1, 1, 1, 1, 1, 1, 1, 1, 1, 1, 1, 1, 1, 1, 4 ),
 ( 0.000000000000000000, 0.06176215676807091798, 0.1211739926536290896, 0.1794214068253153771, 0.2368434346502752974, 0.2943217954133981462, 0.3531909627945247210, 0.4127207064163246897, 0.4745221507037176156, 0.5370567441421366661, 0.5995913375805559387, 0.6623669793543064399, 0.7252456446794923739, 0.7903164461250806738, 0.8577243009540929108, 0.9272319523784932072, 1.000000000000000000 ),
 .UNSPECIFIED. ) ;
#2772 = CARTESIAN_POINT ( 'NONE',  ( -0.5609714026911809537, 1.025000000000000133, 0.7504378068874775209 ) ) ;
#2773 = CARTESIAN_POINT ( 'NONE',  ( 0.1660975507892901992, 1.024999999999999689, 1.113162156003708159 ) ) ;
#2774 = VERTEX_POINT ( 'NONE', #5926 ) ;
#2775 = CARTESIAN_POINT ( 'NONE',  ( -0.5865384615384614531, 1.034999999999999920, 0.7500000000000002220 ) ) ;
#2776 = CARTESIAN_POINT ( 'NONE',  ( 0.7637620192307699174, 1.035000000000000142, -0.2397836538461539380 ) ) ;
#2777 = UNCERTAINTY_MEASURE_WITH_UNIT (LENGTH_MEASURE( 1.000000000000000082E-05 ), #911, 'distance_accuracy_value', 'NONE');
#2778 = CARTESIAN_POINT ( 'NONE',  ( -0.3106497177393194309, 1.024999999999999911, 0.1919601521312886416 ) ) ;
#2779 = CARTESIAN_POINT ( 'NONE',  ( -0.07662259615384627021, 1.024999999999999911, 1.219501201923077538 ) ) ;
#2780 = CARTESIAN_POINT ( 'NONE',  ( -0.1741733479791433004, 1.034999999999999920, -1.098788724700767050 ) ) ;
#2781 = STYLED_ITEM ( 'NONE', ( #1781 ), #3570 ) ;
#2782 = CARTESIAN_POINT ( 'NONE',  ( -0.3724756048954960264, 1.034999999999999476, 1.045491749235682333 ) ) ;
#2783 = SURFACE_STYLE_USAGE ( .BOTH. , #2701 ) ;
#2784 = UNCERTAINTY_MEASURE_WITH_UNIT (LENGTH_MEASURE( 1.000000000000000082E-05 ), #302, 'distance_accuracy_value', 'NONE');
#2785 = CARTESIAN_POINT ( 'NONE',  ( 0.1430149535067584410, 1.035000000000000142, 0.7952156366747701322 ) ) ;
#2786 = ORIENTED_EDGE ( 'NONE', *, *, #3813, .F. ) ;
#2787 = SURFACE_STYLE_USAGE ( .BOTH. , #5850 ) ;
#2788 = SURFACE_STYLE_USAGE ( .BOTH. , #6231 ) ;
#2789 = CARTESIAN_POINT ( 'NONE',  ( -0.5243658366482211175, 1.025000000000000133, -0.4206875535002225774 ) ) ;
#2790 = STYLED_ITEM ( 'NONE', ( #380 ), #5058 ) ;
#2791 =( NAMED_UNIT ( * ) SI_UNIT ( $, .STERADIAN. ) SOLID_ANGLE_UNIT ( ) );
#2792 = ORIENTED_EDGE ( 'NONE', *, *, #2518, .T. ) ;
#2793 = FILL_AREA_STYLE ('',( #259 ) ) ;
#2794 = STYLED_ITEM ( 'NONE', ( #3646 ), #1282 ) ;
#2795 = CARTESIAN_POINT ( 'NONE',  ( 0.05698605073057927406, 1.034999999999999698, 1.226931528156839368 ) ) ;
#2796 = CARTESIAN_POINT ( 'NONE',  ( -0.04953861286756244819, 1.034999999999999920, -0.9972354046471213485 ) ) ;
#2797 = DIRECTION ( 'NONE',  ( 0.000000000000000000, 0.000000000000000000, 1.000000000000000000 ) ) ;
#2798 = ORIENTED_EDGE ( 'NONE', *, *, #5561, .F. ) ;
#2799 = CARTESIAN_POINT ( 'NONE',  ( -0.5865384615384614531, 1.024999999999999911, 0.7500000000000002220 ) ) ;
#2800 = CARTESIAN_POINT ( 'NONE',  ( -0.08213732640322227163, 1.024999999999999911, 0.8502074897336967529 ) ) ;
#2801 = LINE ( 'NONE', #3504, #4128 ) ;
#2802 = DIRECTION ( 'NONE',  ( -0.000000000000000000, -1.000000000000000000, -0.000000000000000000 ) ) ;
#2803 = ORIENTED_EDGE ( 'NONE', *, *, #1710, .T. ) ;
#2804 = CARTESIAN_POINT ( 'NONE',  ( -0.06957470751496550032, 1.034999999999999920, 0.8451883045114930715 ) ) ;
#2805 = CARTESIAN_POINT ( 'NONE',  ( -0.6590604033262992267, 1.025000000000000355, 0.8502074897336965309 ) ) ;
#2806 = CARTESIAN_POINT ( 'NONE',  ( -0.3557692307692307820, 1.024999999999999689, 0.9570312500000002220 ) ) ;
#2807 = SURFACE_STYLE_FILL_AREA ( #1960 ) ;
#2808 = VECTOR ( 'NONE', #3713, 1000.000000000000000 ) ;
#2809 = CARTESIAN_POINT ( 'NONE',  ( -0.7945177219948019731, 1.034999999999999920, 0.8517178425193885349 ) ) ;
#2810 = CARTESIAN_POINT ( 'NONE',  ( -0.2113222727739264561, 1.024999999999999467, 1.355140911848129237 ) ) ;
#2811 = LINE ( 'NONE', #991, #1465 ) ;
#2812 = CARTESIAN_POINT ( 'NONE',  ( 0.09788400270781720536, 1.024999999999999689, 0.07050238987258904133 ) ) ;
#2813 =( GEOMETRIC_REPRESENTATION_CONTEXT ( 3 ) GLOBAL_UNCERTAINTY_ASSIGNED_CONTEXT ( ( #3053 ) ) GLOBAL_UNIT_ASSIGNED_CONTEXT ( ( #6526, #493, #1996 ) ) REPRESENTATION_CONTEXT ( 'NONE', 'WORKASPACE' ) );
#2814 = CARTESIAN_POINT ( 'NONE',  ( -1.850000000000000089, -1.024999999999999911, -1.850000000000000977 ) ) ;
#2815 = CARTESIAN_POINT ( 'NONE',  ( 0.3075481962512565115, 1.024999999999999245, 0.1204008754419296778 ) ) ;
#2816 = COLOUR_RGB ( '',1.000000000000000000, 1.000000000000000000, 1.000000000000000000 ) ;
#2817 = EDGE_CURVE ( 'NONE', #2323, #435, #2742, .T. ) ;
#2818 = FACE_OUTER_BOUND ( 'NONE', #263, .T. ) ;
#2819 = CARTESIAN_POINT ( 'NONE',  ( -0.7302429383487287762, 1.024999999999999689, 0.9560362824859588438 ) ) ;
#2820 = EDGE_CURVE ( 'NONE', #1837, #5363, #3753, .T. ) ;
#2821 = B_SPLINE_CURVE_WITH_KNOTS ( 'NONE', 3,
 ( #715, #4761, #4826, #4315, #6313, #4264, #3261, #6233, #806, #735, #257, #3212, #1252, #5340, #1775, #5833, #2819, #1709, #6259 ),
 .UNSPECIFIED., .F., .F.,
 ( 4, 1, 1, 1, 1, 1, 1, 1, 1, 1, 1, 1, 1, 1, 1, 1, 4 ),
 ( 0.000000000000000000, 0.07069648334337648443, 0.1383582132030687362, 0.2033698682591697504, 0.2657002133402300292, 0.3272558681973767314, 0.3865123433292945720, 0.4458582974819496059, 0.5051731438069391178, 0.5637797628070205791, 0.6223430642934398849, 0.6808235796100194914, 0.7397951568104399467, 0.8008011629883835525, 0.8642394615769081190, 0.9306310981734532417, 1.000000000000000000 ),
 .UNSPECIFIED. ) ;
#2822 = LINE ( 'NONE', #3021, #6036 ) ;
#2823 = CARTESIAN_POINT ( 'NONE',  ( 0.07640875695867181683, 1.034999999999999920, 1.209179511122381756 ) ) ;
#2824 = CARTESIAN_POINT ( 'NONE',  ( 0.2938315446458319991, 1.034999999999999920, -0.9909036396552924897 ) ) ;
#2825 = CARTESIAN_POINT ( 'NONE',  ( 0.5673076923076922906, 1.025000000000000133, 0.7500000000000002220 ) ) ;
#2826 = STYLED_ITEM ( 'NONE', ( #3583 ), #2769 ) ;
#2827 = CARTESIAN_POINT ( 'NONE',  ( 0.006501761106951204836, 1.034999999999999920, 1.270071547984030325 ) ) ;
#2828 = VERTEX_POINT ( 'NONE', #3893 ) ;
#2829 = CARTESIAN_POINT ( 'NONE',  ( -0.3763053364479025942, 1.024999999999999467, -0.6965070309103450485 ) ) ;
#2830 = CARTESIAN_POINT ( 'NONE',  ( -0.1440344949841227684, 1.034999999999999920, 0.9148738954979118709 ) ) ;
#2831 = CARTESIAN_POINT ( 'NONE',  ( -0.3236184157683018592, 1.024999999999999911, -0.9838377706742026385 ) ) ;
#2832 = CARTESIAN_POINT ( 'NONE',  ( 0.5229012429291436392, 1.024999999999999911, -1.063179206688315004 ) ) ;
#2833 = CARTESIAN_POINT ( 'NONE',  ( -0.5555546696689843689, 1.024999999999999467, -0.7305463340797554439 ) ) ;
#2834 = CARTESIAN_POINT ( 'NONE',  ( -0.1825227462300418046, 1.024999999999999689, 1.317561331180454154 ) ) ;
#2835 = CARTESIAN_POINT ( 'NONE',  ( 0.4230769230769230171, 1.034999999999999920, 0.9711538461538463674 ) ) ;
#2836 = SURFACE_SIDE_STYLE ('',( #3107 ) ) ;
#2837 = PLANE ( 'NONE',  #2470 ) ;
#2838 = CARTESIAN_POINT ( 'NONE',  ( 0.4408052884615384359, 1.024999999999999911, 1.403846153846154188 ) ) ;
#2839 = MECHANICAL_DESIGN_GEOMETRIC_PRESENTATION_REPRESENTATION (  '', ( #6232 ), #3289 ) ;
#2840 = CARTESIAN_POINT ( 'NONE',  ( -0.4522323041211668282, 1.025000000000000133, 0.9454479468394777486 ) ) ;
#2841 = CARTESIAN_POINT ( 'NONE',  ( 0.3492891188987382600, 1.025000000000000355, 0.8706527266382479979 ) ) ;
#2842 = CARTESIAN_POINT ( 'NONE',  ( -0.7831691428522710163, 1.025000000000000133, 0.8340822251097764761 ) ) ;
#2843 = DIRECTION ( 'NONE',  ( -1.000000000000000000, -0.000000000000000000, -0.000000000000000000 ) ) ;
#2844 = SURFACE_STYLE_USAGE ( .BOTH. , #2424 ) ;
#2845 = EDGE_CURVE ( 'NONE', #465, #4381, #6369, .T. ) ;
#2846 = CARTESIAN_POINT ( 'NONE',  ( -1.499999999999996891, 1.034999999999999920, -1.650000000000000799 ) ) ;
#2847 = CARTESIAN_POINT ( 'NONE',  ( 0.3501566273940918683, 1.024999999999999911, -0.7995306153542193206 ) ) ;
#2848 = ORIENTED_EDGE ( 'NONE', *, *, #6165, .F. ) ;
#2849 = SURFACE_STYLE_USAGE ( .BOTH. , #5416 ) ;
#2850 = DIRECTION ( 'NONE',  ( 0.000000000000000000, 1.000000000000000000, 0.000000000000000000 ) ) ;
#2851 = DIRECTION ( 'NONE',  ( 0.000000000000000000, 0.000000000000000000, 1.000000000000000000 ) ) ;
#2852 = CARTESIAN_POINT ( 'NONE',  ( -0.4826368000288684401, 1.034999999999999920, 1.192704292644374497 ) ) ;
#2853 = ORIENTED_EDGE ( 'NONE', *, *, #4877, .F. ) ;
#2854 = CARTESIAN_POINT ( 'NONE',  ( -0.2463673470139852995, 1.034999999999999920, 1.424506378665186590 ) ) ;
#2855 = CARTESIAN_POINT ( 'NONE',  ( -0.1995286036472132540, 1.035000000000000142, 0.1803566934286314760 ) ) ;
#2856 = CARTESIAN_POINT ( 'NONE',  ( 0.7974563114786952234, 1.035000000000000364, 0.9793131793324549861 ) ) ;
#2857 = EDGE_CURVE ( 'NONE', #4433, #6354, #3364, .T. ) ;
#2858 =( LENGTH_UNIT ( ) NAMED_UNIT ( * ) SI_UNIT ( .MILLI., .METRE. ) );
#2859 = SURFACE_STYLE_FILL_AREA ( #1575 ) ;
#2860 =( NAMED_UNIT ( * ) SI_UNIT ( $, .STERADIAN. ) SOLID_ANGLE_UNIT ( ) );
#2861 = ORIENTED_EDGE ( 'NONE', *, *, #1484, .T. ) ;
#2862 = CARTESIAN_POINT ( 'NONE',  ( 0.6188823064622549497, 1.024999999999999911, 1.111914594161550918 ) ) ;
#2863 = B_SPLINE_CURVE_WITH_KNOTS ( 'NONE', 3,
 ( #1219, #2746, #1770, #4353, #3838, #5870, #277, #3790, #2320, #3876, #3351, #821, #343, #2281, #5310, #4866, #779, #1267, #4310 ),
 .UNSPECIFIED., .F., .F.,
 ( 4, 1, 1, 1, 1, 1, 1, 1, 1, 1, 1, 1, 1, 1, 1, 1, 4 ),
 ( 0.000000000000000000, 0.07067529020333017387, 0.1374926938441249080, 0.2014728253723050977, 0.2628693217722904429, 0.3225500865261560213, 0.3807372513385547941, 0.4382197368560123429, 0.4954874370602860845, 0.5534836796953477300, 0.6113462062294291455, 0.6706437388141555100, 0.7315869484227132125, 0.7941831937999380697, 0.8594451119347494839, 0.9282076353998096607, 0.9999999999999998890 ),
 .UNSPECIFIED. ) ;
#2864 = CARTESIAN_POINT ( 'NONE',  ( 0.4725834916162958144, 1.024999999999999911, 0.7631169127271655306 ) ) ;
#2865 = CARTESIAN_POINT ( 'NONE',  ( -0.6363485918313113165, 1.025000000000000355, 0.7531031900268578827 ) ) ;
#2866 = CARTESIAN_POINT ( 'NONE',  ( -0.4519230769230769273, 1.034999999999999920, 0.9579326923076925127 ) ) ;
#2867 = CARTESIAN_POINT ( 'NONE',  ( -0.1538461538461539935, 1.024999999999999689, 0.9711538461538465894 ) ) ;
#2868 = DIRECTION ( 'NONE',  ( -1.000000000000000000, 0.000000000000000000, 0.000000000000000000 ) ) ;
#2869 = CARTESIAN_POINT ( 'NONE',  ( 0.5834248380300282033, 1.024999999999999245, 1.270071547984030103 ) ) ;
#2870 = CARTESIAN_POINT ( 'NONE',  ( -0.2308589069795600468, 1.025000000000000355, 0.3394991525899668239 ) ) ;
#2871 = CARTESIAN_POINT ( 'NONE',  ( -0.2495492788461539657, 1.024999999999999911, 1.433293269230769607 ) ) ;
#2872 = PRESENTATION_LAYER_ASSIGNMENT (  '', '', ( #3515 ) ) ;
#2873 = VERTEX_POINT ( 'NONE', #403 ) ;
#2874 = ORIENTED_EDGE ( 'NONE', *, *, #1239, .F. ) ;
#2875 = SURFACE_SIDE_STYLE ('',( #671 ) ) ;
#2876 = CARTESIAN_POINT ( 'NONE',  ( -0.5918774928055327011, 1.034999999999999920, -0.1084899168210473192 ) ) ;
#2877 = CARTESIAN_POINT ( 'NONE',  ( 0.7713591597378328668, 1.035000000000000142, 1.067602144398379194 ) ) ;
#2878 = CARTESIAN_POINT ( 'NONE',  ( 0.7713591597378328668, 1.025000000000000133, 1.067602144398379194 ) ) ;
#2879 = LINE ( 'NONE', #4099, #5244 ) ;
#2880 = ORIENTED_EDGE ( 'NONE', *, *, #4527, .F. ) ;
#2881 = EDGE_LOOP ( 'NONE', ( #2541, #1203, #6219, #4598 ) ) ;
#2882 = PRESENTATION_LAYER_ASSIGNMENT (  '', '', ( #4649 ) ) ;
#2883 = CARTESIAN_POINT ( 'NONE',  ( 0.4817478639510269223, 1.024999999999999689, 1.234212003388962753 ) ) ;
#2884 = MECHANICAL_DESIGN_GEOMETRIC_PRESENTATION_REPRESENTATION (  '', ( #6029 ), #394 ) ;
#2885 = CARTESIAN_POINT ( 'NONE',  ( -0.4664608461556046803, 1.024999999999999911, 0.9000261689353128425 ) ) ;
#2886 = ORIENTED_EDGE ( 'NONE', *, *, #2601, .F. ) ;
#2887 = LINE ( 'NONE', #2838, #2808 ) ;
#2888 = CARTESIAN_POINT ( 'NONE',  ( -0.02384577843869551197, 1.024999999999999911, 1.295053357843855446 ) ) ;
#2889 = CARTESIAN_POINT ( 'NONE',  ( -0.7594458231531187042, 1.034999999999999920, 1.317561331180454154 ) ) ;
#2890 = ORIENTED_EDGE ( 'NONE', *, *, #1879, .F. ) ;
#2891 = CARTESIAN_POINT ( 'NONE',  ( 0.2960722398858498527, 1.034999999999999920, -0.7886821409754802836 ) ) ;
#2892 = PRESENTATION_STYLE_ASSIGNMENT (( #4377 ) ) ;
#2893 = CARTESIAN_POINT ( 'NONE',  ( -0.4522385491860982931, 1.034999999999999698, 0.9708214919927355968 ) ) ;
#2894 = CARTESIAN_POINT ( 'NONE',  ( -0.01171875000000011796, 1.024999999999999689, 0.8365384615384620082 ) ) ;
#2895 = EDGE_CURVE ( 'NONE', #1981, #847, #603, .T. ) ;
#2896 = CARTESIAN_POINT ( 'NONE',  ( -0.1573431819201525916, 1.034999999999999920, -0.9199207648865372899 ) ) ;
#2897 = CARTESIAN_POINT ( 'NONE',  ( -0.8365485009993929300, 1.024999999999999911, 1.494285306604467900 ) ) ;
#2898 = CARTESIAN_POINT ( 'NONE',  ( -0.2826914959039315556, 1.024999999999999689, 0.3450574798705117741 ) ) ;
#2899 = CARTESIAN_POINT ( 'NONE',  ( -0.2512714134695545054, 1.034999999999999920, 1.438671195898516997 ) ) ;
#2900 = FACE_OUTER_BOUND ( 'NONE', #6025, .T. ) ;
#2901 = CARTESIAN_POINT ( 'NONE',  ( 0.3999451352814074045, 1.035000000000000142, -0.8413258239733425459 ) ) ;
#2902 = DIRECTION ( 'NONE',  ( 1.000000000000000000, 0.000000000000000000, -0.000000000000000000 ) ) ;
#2903 = EDGE_CURVE ( 'NONE', #2611, #3333, #6113, .T. ) ;
#2904 = ORIENTED_EDGE ( 'NONE', *, *, #4186, .T. ) ;
#2905 = CARTESIAN_POINT ( 'NONE',  ( -0.2500000000000002220, 1.024999999999999911, 0.9615384615384616751 ) ) ;
#2906 = DIRECTION ( 'NONE',  ( 1.000000000000000000, -0.000000000000000000, -0.000000000000000000 ) ) ;
#2907 = B_SPLINE_CURVE_WITH_KNOTS ( 'NONE', 3,
 ( #6419, #4427, #3955, #938, #4933, #1435, #5933, #4983, #6447, #3416, #4447, #5063, #475, #6527, #5569 ),
 .UNSPECIFIED., .F., .F.,
 ( 4, 1, 1, 1, 1, 1, 1, 1, 1, 1, 1, 1, 4 ),
 ( 0.000000000000000000, 0.1003881431397105894, 0.2044067930373087150, 0.3106860830942074214, 0.4221572938827999333, 0.4806854607703736071, 0.5432381544526684314, 0.6094995045645642540, 0.6795546087742242447, 0.7538412220511749862, 0.8316406764893861103, 0.9138127068095904804, 1.000000000000000000 ),
 .UNSPECIFIED. ) ;
#2908 = CARTESIAN_POINT ( 'NONE',  ( -0.1300299004474990694, 1.025000000000000133, 1.395641797569607379 ) ) ;
#2909 = CARTESIAN_POINT ( 'NONE',  ( 0.5530772984843815854, 1.024999999999999467, 1.295053357843855446 ) ) ;
#2910 = CARTESIAN_POINT ( 'NONE',  ( 0.2156684110218179407, 1.024999999999999911, -0.8695632752520079389 ) ) ;
#2911 = PRESENTATION_LAYER_ASSIGNMENT (  '', '', ( #2826 ) ) ;
#2912 = CARTESIAN_POINT ( 'NONE',  ( -0.4543483252231629854, 1.034999999999999920, 0.9837818860903955187 ) ) ;
#2913 = CARTESIAN_POINT ( 'NONE',  ( -0.006024601265698756487, 1.034999999999999698, 1.280269342272169819 ) ) ;
#2914 = CARTESIAN_POINT ( 'NONE',  ( -1.499999999999996891, 1.034999999999999920, -1.550000000000000711 ) ) ;
#2915 = FILL_AREA_STYLE ('',( #886 ) ) ;
#2916 = PRESENTATION_LAYER_ASSIGNMENT (  '', '', ( #2100 ) ) ;
#2917 = CARTESIAN_POINT ( 'NONE',  ( -0.4796274038461533773, 1.034999999999999920, -0.5255408653846154188 ) ) ;
#2918 = PRODUCT_CONTEXT ( 'NONE', #5482, 'mechanical' ) ;
#2919 = CARTESIAN_POINT ( 'NONE',  ( 0.2362522088696082101, 1.035000000000000364, -1.268604448015735908 ) ) ;
#2920 = SURFACE_SIDE_STYLE ('',( #757 ) ) ;
#2921 = CARTESIAN_POINT ( 'NONE',  ( 0.5003004807692308376, 1.034999999999999920, 1.219501201923077316 ) ) ;
#2922 = ORIENTED_EDGE ( 'NONE', *, *, #2124, .F. ) ;
#2923 = CARTESIAN_POINT ( 'NONE',  ( 0.2836703517299277721, 1.024999999999999911, -0.7891061913658832250 ) ) ;
#2924 = EDGE_CURVE ( 'NONE', #119, #2637, #2119, .T. ) ;
#2925 = CARTESIAN_POINT ( 'NONE',  ( -0.4928470730519666221, 1.034999999999999698, 1.064245337337988540 ) ) ;
#2926 = CARTESIAN_POINT ( 'NONE',  ( 0.3268078581907115088, 1.024999999999999689, -0.7899052677540470135 ) ) ;
#2927 = CARTESIAN_POINT ( 'NONE',  ( 0.5003004807692308376, 1.034999999999999920, 1.219501201923077316 ) ) ;
#2928 = CARTESIAN_POINT ( 'NONE',  ( -0.5638521634615384359, 1.034999999999999920, 1.264723557692307931 ) ) ;
#2929 = ORIENTED_EDGE ( 'NONE', *, *, #5648, .T. ) ;
#2930 = CARTESIAN_POINT ( 'NONE',  ( 0.5136576272134638632, 1.034999999999999920, -1.030311827663808133 ) ) ;
#2931 =( GEOMETRIC_REPRESENTATION_CONTEXT ( 3 ) GLOBAL_UNCERTAINTY_ASSIGNED_CONTEXT ( ( #318 ) ) GLOBAL_UNIT_ASSIGNED_CONTEXT ( ( #4726, #5226, #6215 ) ) REPRESENTATION_CONTEXT ( 'NONE', 'WORKASPACE' ) );
#2932 = VECTOR ( 'NONE', #1631, 1000.000000000000000 ) ;
#2933 = CARTESIAN_POINT ( 'NONE',  ( -0.8269230769230769829, 1.034999999999999920, 0.9615384615384617861 ) ) ;
#2934 = CARTESIAN_POINT ( 'NONE',  ( -0.1235576923076917993, 1.035000000000000142, -1.129507211538461453 ) ) ;
#2935 = EDGE_CURVE ( 'NONE', #355, #1520, #1658, .T. ) ;
#2936 = CARTESIAN_POINT ( 'NONE',  ( -0.6531636197334607097, 1.024999999999999911, -0.5620760748862947409 ) ) ;
#2937 = CARTESIAN_POINT ( 'NONE',  ( -2.000000000000000000, -1.024999999999999911, 1.849999999999999423 ) ) ;
#2938 = CARTESIAN_POINT ( 'NONE',  ( 0.1248956125333308687, 1.035000000000000142, 0.9621975019446509236 ) ) ;
#2939 = ORIENTED_EDGE ( 'NONE', *, *, #2730, .F. ) ;
#2940 = CARTESIAN_POINT ( 'NONE',  ( 0.6369730754219823377, 1.024999999999999911, -0.3053373295392651787 ) ) ;
#2941 = CARTESIAN_POINT ( 'NONE',  ( -0.6311577940984554047, 1.025000000000000133, 0.2530576970778043999 ) ) ;
#2942 = CARTESIAN_POINT ( 'NONE',  ( -0.3106497177393194309, 1.034999999999999920, 0.1919601521312886416 ) ) ;
#2943 = CARTESIAN_POINT ( 'NONE',  ( -0.4897085815187425806, 1.034999999999999920, 0.8715447404585627833 ) ) ;
#2944 = ORIENTED_EDGE ( 'NONE', *, *, #1522, .F. ) ;
#2945 = CARTESIAN_POINT ( 'NONE',  ( 0.1660975507892901992, 1.024999999999999911, 1.113162156003708159 ) ) ;
#2946 = CARTESIAN_POINT ( 'NONE',  ( -0.6074319325474580866, 1.024999999999999911, -0.6487998170869914150 ) ) ;
#2947 = CARTESIAN_POINT ( 'NONE',  ( -0.6634831881607404780, 1.034999999999999920, 1.348635032081523466 ) ) ;
#2948 = ORIENTED_EDGE ( 'NONE', *, *, #4076, .T. ) ;
#2949 = ORIENTED_EDGE ( 'NONE', *, *, #4623, .F. ) ;
#2950 = MECHANICAL_DESIGN_GEOMETRIC_PRESENTATION_REPRESENTATION (  '', ( #5581 ), #5112 ) ;
#2951 = CARTESIAN_POINT ( 'NONE',  ( -2.000000000000000000, 1.024999999999999911, 1.849999999999999423 ) ) ;
#2952 =( NAMED_UNIT ( * ) PLANE_ANGLE_UNIT ( ) SI_UNIT ( $, .RADIAN. ) );
#2953 = CARTESIAN_POINT ( 'NONE',  ( 0.1119670840417978652, 1.025000000000000133, -1.238172269283417171 ) ) ;
#2954 = VERTEX_POINT ( 'NONE', #2491 ) ;
#2955 = CARTESIAN_POINT ( 'NONE',  ( -0.7242078780703772312, 1.024999999999999245, -0.3795226689951302634 ) ) ;
#2956 = FILL_AREA_STYLE_COLOUR ( '', #5963 ) ;
#2957 = SURFACE_STYLE_FILL_AREA ( #538 ) ;
#2958 =( GEOMETRIC_REPRESENTATION_CONTEXT ( 3 ) GLOBAL_UNCERTAINTY_ASSIGNED_CONTEXT ( ( #4644 ) ) GLOBAL_UNIT_ASSIGNED_CONTEXT ( ( #4296, #2272, #5795 ) ) REPRESENTATION_CONTEXT ( 'NONE', 'WORKASPACE' ) );
#2959 = CARTESIAN_POINT ( 'NONE',  ( -0.2577146742192040207, 1.034999999999999920, 1.466000064178921480 ) ) ;
#2960 = CARTESIAN_POINT ( 'NONE',  ( -0.01818546753848115580, 1.025000000000000133, 0.7501776304870999557 ) ) ;
#2961 = FACE_OUTER_BOUND ( 'NONE', #3554, .T. ) ;
#2962 = SURFACE_STYLE_USAGE ( .BOTH. , #2998 ) ;
#2963 = CARTESIAN_POINT ( 'NONE',  ( 0.5230769230769236611, 1.024999999999999689, -1.066406250000000000 ) ) ;
#2964 = FILL_AREA_STYLE ('',( #6473 ) ) ;
#2965 = CARTESIAN_POINT ( 'NONE',  ( -0.7302429383487287762, 1.034999999999999698, 0.9560362824859588438 ) ) ;
#2966 = EDGE_CURVE ( 'NONE', #5893, #6342, #2581, .T. ) ;
#2967 =( NAMED_UNIT ( * ) PLANE_ANGLE_UNIT ( ) SI_UNIT ( $, .RADIAN. ) );
#2968 = VERTEX_POINT ( 'NONE', #1425 ) ;
#2969 = FACE_OUTER_BOUND ( 'NONE', #2208, .T. ) ;
#2970 = CARTESIAN_POINT ( 'NONE',  ( 0.7018186894564079070, 1.034999999999999920, 0.9621975019446505906 ) ) ;
#2971 = VECTOR ( 'NONE', #1982, 1000.000000000000000 ) ;
#2972 = SURFACE_SIDE_STYLE ('',( #3576 ) ) ;
#2973 = ORIENTED_EDGE ( 'NONE', *, *, #1820, .T. ) ;
#2974 = SURFACE_STYLE_USAGE ( .BOTH. , #6483 ) ;
#2975 = CARTESIAN_POINT ( 'NONE',  ( -0.7017214972734435730, 1.024999999999999911, 0.7708032052688807978 ) ) ;
#2976 = CARTESIAN_POINT ( 'NONE',  ( 0.3143212458006600651, 1.024999999999999689, -1.011203171292209380 ) ) ;
#2977 = CARTESIAN_POINT ( 'NONE',  ( 0.07755412557111047989, 1.024999999999999689, 0.8631895418681124754 ) ) ;
#2978 = UNCERTAINTY_MEASURE_WITH_UNIT (LENGTH_MEASURE( 1.000000000000000082E-05 ), #6412, 'distance_accuracy_value', 'NONE');
#2979 = CARTESIAN_POINT ( 'NONE',  ( 0.6994978286229907027, 1.024999999999999911, 0.9837818860903952967 ) ) ;
#2980 =( NAMED_UNIT ( * ) PLANE_ANGLE_UNIT ( ) SI_UNIT ( $, .RADIAN. ) );
#2981 = CARTESIAN_POINT ( 'NONE',  ( 0.4115203108548788347, 1.034999999999999920, -1.238454280651613892 ) ) ;
#2982 = CARTESIAN_POINT ( 'NONE',  ( 0.2242582968817667943, 1.035000000000000142, -0.9044005330044534441 ) ) ;
#2983 = LINE ( 'NONE', #5713, #3454 ) ;
#2984 = PRESENTATION_LAYER_ASSIGNMENT (  '', '', ( #6492 ) ) ;
#2985 = CARTESIAN_POINT ( 'NONE',  ( -0.6464977844380425109, 1.035000000000000142, 0.8451883045114931825 ) ) ;
#2986 = CARTESIAN_POINT ( 'NONE',  ( -1.604999999999999982, -1.075000000000000400, -1.574999999999999734 ) ) ;
#2987 = CARTESIAN_POINT ( 'NONE',  ( -0.1179670287050066380, 1.024999999999999911, -1.132745265255430844 ) ) ;
#2988 = CARTESIAN_POINT ( 'NONE',  ( -0.2596454693482048159, 1.024999999999999689, 1.482875074157175677 ) ) ;
#2989 = LINE ( 'NONE', #5019, #1650 ) ;
#2990 = PRESENTATION_LAYER_ASSIGNMENT (  '', '', ( #6413 ) ) ;
#2991 = PRODUCT_DEFINITION ( 'UNKNOWN', '', #1181, #5601 ) ;
#2992 = CARTESIAN_POINT ( 'NONE',  ( -0.5633607858752271991, 1.024999999999999911, 0.2980271123610587769 ) ) ;
#2993 = CARTESIAN_POINT ( 'NONE',  ( 0.1560260836043374510, 1.035000000000000142, -1.252405169871649182 ) ) ;
#2994 = DIRECTION ( 'NONE',  ( -0.000000000000000000, 0.000000000000000000, -1.000000000000000000 ) ) ;
#2995 = SURFACE_STYLE_USAGE ( .BOTH. , #5529 ) ;
#2996 = VERTEX_POINT ( 'NONE', #4969 ) ;
#2997 = CARTESIAN_POINT ( 'NONE',  ( 0.3025240384615390798, 1.024999999999999911, -0.7884615384615384359 ) ) ;
#2998 = SURFACE_SIDE_STYLE ('',( #4946 ) ) ;
#2999 = SURFACE_SIDE_STYLE ('',( #2163 ) ) ;
#3000 = CARTESIAN_POINT ( 'NONE',  ( 0.3593284318513517150, 1.034999999999999920, 0.8517178425193882019 ) ) ;
#3001 = CARTESIAN_POINT ( 'NONE',  ( -0.4612547843906681377, 1.034999999999999920, 0.9106923435533432754 ) ) ;
#3002 = CARTESIAN_POINT ( 'NONE',  ( 0.7016138497249870820, 1.034999999999999920, 0.9454479468394775266 ) ) ;
#3003 = ORIENTED_EDGE ( 'NONE', *, *, #6085, .T. ) ;
#3004 = CARTESIAN_POINT ( 'NONE',  ( 0.6188823064622549497, 1.034999999999999920, 1.111914594161550918 ) ) ;
#3005 = CARTESIAN_POINT ( 'NONE',  ( 0.09605909117721764257, 1.025000000000000133, 0.8804506858141281089 ) ) ;
#3006 = EDGE_CURVE ( 'NONE', #6176, #6121, #1254, .T. ) ;
#3007 = CARTESIAN_POINT ( 'NONE',  ( -0.4817377446529020890, 1.024999999999999911, 0.3293958269302679764 ) ) ;
#3008 = ORIENTED_EDGE ( 'NONE', *, *, #2895, .T. ) ;
#3009 = CARTESIAN_POINT ( 'NONE',  ( -0.5608621531985421571, 1.034999999999999920, 0.07006620613971947797 ) ) ;
#3010 = FILL_AREA_STYLE ('',( #1557 ) ) ;
#3011 = VERTEX_POINT ( 'NONE', #5579 ) ;
#3012 = DIRECTION ( 'NONE',  ( -0.000000000000000000, -1.000000000000000000, -0.000000000000000000 ) ) ;
#3013 = CARTESIAN_POINT ( 'NONE',  ( 0.002947209758249406085, 1.034999999999999920, 0.8368940373264450727 ) ) ;
#3014 = DIRECTION ( 'NONE',  ( 0.000000000000000000, 0.000000000000000000, -1.000000000000000000 ) ) ;
#3015 = ORIENTED_EDGE ( 'NONE', *, *, #5969, .T. ) ;
#3016 = CYLINDRICAL_SURFACE ( 'NONE', #2450, 0.1499999999999999667 ) ;
#3017 = ORIENTED_EDGE ( 'NONE', *, *, #1832, .T. ) ;
#3018 = ORIENTED_EDGE ( 'NONE', *, *, #2966, .T. ) ;
#3019 = CARTESIAN_POINT ( 'NONE',  ( 0.3222324144415747993, 1.034999999999999920, 1.449348915395678894 ) ) ;
#3020 = CARTESIAN_POINT ( 'NONE',  ( 0.4858491144879618084, 1.035000000000000142, -1.156702550493418302 ) ) ;
#3021 = CARTESIAN_POINT ( 'NONE',  ( -1.849999999999999645, 1.024999999999999911, 2.000000000000000000 ) ) ;
#3022 = EDGE_LOOP ( 'NONE', ( #1302, #5716, #4065, #6243 ) ) ;
#3023 = ADVANCED_FACE ( 'NONE', ( #4798 ), #4499, .T. ) ;
#3024 = DIRECTION ( 'NONE',  ( -0.000000000000000000, -0.000000000000000000, -1.000000000000000000 ) ) ;
#3025 = ORIENTED_EDGE ( 'NONE', *, *, #5056, .F. ) ;
#3026 = CARTESIAN_POINT ( 'NONE',  ( -0.4541756941978427053, 1.024999999999999689, 0.9333452975440974519 ) ) ;
#3027 = COLOUR_RGB ( '',0.6470588235294117974, 0.5176470588235293491, 0.000000000000000000 ) ;
#3028 = CARTESIAN_POINT ( 'NONE',  ( 0.2175408176881483413, 1.025000000000000133, 0.9148849069587258187 ) ) ;
#3029 = SHAPE_DEFINITION_REPRESENTATION ( #734, #3082 ) ;
#3030 = VECTOR ( 'NONE', #5481, 1000.000000000000000 ) ;
#3031 = EDGE_LOOP ( 'NONE', ( #5246, #2262, #28, #643 ) ) ;
#3032 = MECHANICAL_DESIGN_GEOMETRIC_PRESENTATION_REPRESENTATION (  '', ( #4131 ), #3370 ) ;
#3033 = VECTOR ( 'NONE', #4336, 1000.000000000000000 ) ;
#3034 = CARTESIAN_POINT ( 'NONE',  ( -0.009615384615384716532, 1.034999999999999920, 0.7500000000000004441 ) ) ;
#3035 =( GEOMETRIC_REPRESENTATION_CONTEXT ( 3 ) GLOBAL_UNCERTAINTY_ASSIGNED_CONTEXT ( ( #721 ) ) GLOBAL_UNIT_ASSIGNED_CONTEXT ( ( #4259, #2703, #3742 ) ) REPRESENTATION_CONTEXT ( 'NONE', 'WORKASPACE' ) );
#3036 = PRESENTATION_STYLE_ASSIGNMENT (( #1238 ) ) ;
#3037 = CARTESIAN_POINT ( 'NONE',  ( 0.5652043269230768718, 1.034999999999999920, 0.8365384615384617861 ) ) ;
#3038 =( LENGTH_UNIT ( ) NAMED_UNIT ( * ) SI_UNIT ( .MILLI., .METRE. ) );
#3039 = PLANE ( 'NONE',  #4596 ) ;
#3040 = VECTOR ( 'NONE', #2761, 1000.000000000000000 ) ;
#3041 = CARTESIAN_POINT ( 'NONE',  ( -0.1179670287050066380, 1.034999999999999920, -1.132745265255430844 ) ) ;
#3042 = LINE ( 'NONE', #1072, #595 ) ;
#3043 = EDGE_CURVE ( 'NONE', #4140, #1981, #2261, .T. ) ;
#3044 = CARTESIAN_POINT ( 'NONE',  ( 0.3273737980769230727, 1.034999999999999920, 1.433293269230769384 ) ) ;
#3045 = CARTESIAN_POINT ( 'NONE',  ( 0.2826923076923082423, 1.034999999999999920, -0.9798677884615384359 ) ) ;
#3046 = CARTESIAN_POINT ( 'NONE',  ( 0.5673076923076922906, 1.034999999999999920, 0.7500000000000002220 ) ) ;
#3047 = ORIENTED_EDGE ( 'NONE', *, *, #1480, .F. ) ;
#3048 = CARTESIAN_POINT ( 'NONE',  ( -0.4520274769486910538, 1.035000000000000142, 0.9537176434545550086 ) ) ;
#3049 = MECHANICAL_DESIGN_GEOMETRIC_PRESENTATION_REPRESENTATION (  '', ( #5448 ), #230 ) ;
#3050 = CARTESIAN_POINT ( 'NONE',  ( 1.605000000000000204, -1.074999999999999956, 1.574999999999999956 ) ) ;
#3051 = CARTESIAN_POINT ( 'NONE',  ( 0.6969651048187054387, 1.024999999999999689, 0.9216901571185674991 ) ) ;
#3052 =( LENGTH_UNIT ( ) NAMED_UNIT ( * ) SI_UNIT ( .MILLI., .METRE. ) );
#3053 = UNCERTAINTY_MEASURE_WITH_UNIT (LENGTH_MEASURE( 1.000000000000000082E-05 ), #6526, 'distance_accuracy_value', 'NONE');
#3054 = SURFACE_SIDE_STYLE ('',( #3526 ) ) ;
#3055 = EDGE_CURVE ( 'NONE', #4482, #137, #1752, .T. ) ;
#3056 = CARTESIAN_POINT ( 'NONE',  ( -0.6849205315284643270, 1.025000000000000133, 0.1946866269890298318 ) ) ;
#3057 = ADVANCED_FACE ( 'NONE', ( #1541 ), #349, .F. ) ;
#3058 = CARTESIAN_POINT ( 'NONE',  ( -0.5337406439331073837, 1.035000000000000142, 0.1118237917961432681 ) ) ;
#3059 = SURFACE_SIDE_STYLE ('',( #4897 ) ) ;
#3060 = CARTESIAN_POINT ( 'NONE',  ( 0.3117942002809458990, 1.024999999999999689, -1.267440639392174884 ) ) ;
#3061 = CARTESIAN_POINT ( 'NONE',  ( 0.2362522088696082101, 1.035000000000000142, -1.268604448015735908 ) ) ;
#3062 = CARTESIAN_POINT ( 'NONE',  ( 0.4767780603429721542, 1.024999999999999911, 1.360971408330850618 ) ) ;
#3063 = DIRECTION ( 'NONE',  ( 0.000000000000000000, 1.000000000000000000, -0.000000000000000000 ) ) ;
#3064 = CARTESIAN_POINT ( 'NONE',  ( 0.8076923076923077094, 1.024999999999999911, 1.403846153846154188 ) ) ;
#3065 = CARTESIAN_POINT ( 'NONE',  ( -0.4731388769394087035, 1.025000000000000133, 0.8900286707375898443 ) ) ;
#3066 = SURFACE_STYLE_FILL_AREA ( #1346 ) ;
#3067 = CARTESIAN_POINT ( 'NONE',  ( -0.4664608461556046803, 1.034999999999999920, 0.9000261689353128425 ) ) ;
#3068 = ORIENTED_EDGE ( 'NONE', *, *, #103, .T. ) ;
#3069 = MECHANICAL_DESIGN_GEOMETRIC_PRESENTATION_REPRESENTATION (  '', ( #125 ), #470 ) ;
#3070 = CARTESIAN_POINT ( 'NONE',  ( -0.7155150525547808726, 1.034999999999999698, 0.9028740862858284366 ) ) ;
#3071 = PRESENTATION_LAYER_ASSIGNMENT (  '', '', ( #4910 ) ) ;
#3072 = CARTESIAN_POINT ( 'NONE',  ( 0.1225747516999135950, 1.024999999999999467, 0.9837818860903952967 ) ) ;
#3073 = AXIS2_PLACEMENT_3D ( 'NONE', #1630, #5195, #5212 ) ;
#3074 = CARTESIAN_POINT ( 'NONE',  ( 0.7637620192307698064, 1.024999999999999911, -0.2397836538461539102 ) ) ;
#3075 = VERTEX_POINT ( 'NONE', #5837 ) ;
#3076 = CARTESIAN_POINT ( 'NONE',  ( -0.6363485918313113165, 1.025000000000000355, 0.7531031900268578827 ) ) ;
#3077 = CARTESIAN_POINT ( 'NONE',  ( -0.6942745351875394544, 1.024999999999999911, 1.378555665817289055 ) ) ;
#3078 = CARTESIAN_POINT ( 'NONE',  ( 0.3911119599344423658, 1.024999999999999689, -1.251079475078177961 ) ) ;
#3079 = CARTESIAN_POINT ( 'NONE',  ( -0.1061710529872759573, 1.034999999999999698, -1.139577370660544764 ) ) ;
#3080 = SURFACE_STYLE_USAGE ( .BOTH. , #3669 ) ;
#3081 = EDGE_CURVE ( 'NONE', #3614, #2650, #3675, .T. ) ;
#3082 = ADVANCED_BREP_SHAPE_REPRESENTATION ( 'XFL4020-222MEC', ( #4239, #4094 ), #4448 ) ;
#3083 = ORIENTED_EDGE ( 'NONE', *, *, #2295, .F. ) ;
#3084 = CARTESIAN_POINT ( 'NONE',  ( -0.4520274769486910538, 1.024999999999999911, 0.9537176434545550086 ) ) ;
#3085 = B_SPLINE_CURVE_WITH_KNOTS ( 'NONE', 3,
 ( #5751, #4157, #4764, #213, #3721, #3197, #5731, #1732, #2731, #6234, #1126, #4669, #5183, #2142, #3147, #146, #3653, #649, #3677 ),
 .UNSPECIFIED., .F., .F.,
 ( 4, 1, 1, 1, 1, 1, 1, 1, 1, 1, 1, 1, 1, 1, 1, 1, 4 ),
 ( 0.000000000000000000, 0.07069648334337651219, 0.1383582132030683198, 0.2033698682591697782, 0.2657002133402295851, 0.3272558681973763983, 0.3865123433292942390, 0.4458582974819494393, 0.5051731438069388958, 0.5637797628070202460, 0.6223430642934396628, 0.6808235796100192694, 0.7397951568104398357, 0.8008011629883834415, 0.8642394615769080080, 0.9306310981734532417, 1.000000000000000000 ),
 .UNSPECIFIED. ) ;
#3086 = CARTESIAN_POINT ( 'NONE',  ( 0.1037841999836682377, 1.024999999999999911, 0.8900286707375897333 ) ) ;
#3087 = VERTEX_POINT ( 'NONE', #6452 ) ;
#3088 = CARTESIAN_POINT ( 'NONE',  ( 0.02312946384105593958, 1.024999999999999689, 1.130708011491502019 ) ) ;
#3089 = DIRECTION ( 'NONE',  ( -0.000000000000000000, -1.000000000000000000, -0.000000000000000000 ) ) ;
#3090 = ORIENTED_EDGE ( 'NONE', *, *, #2924, .F. ) ;
#3091 = CARTESIAN_POINT ( 'NONE',  ( 0.6174926027669854767, 1.025000000000000133, 0.7533978999952609668 ) ) ;
#3092 = CARTESIAN_POINT ( 'NONE',  ( -0.1533198614256517378, 1.024999999999999911, 0.9560362824859591768 ) ) ;
#3093 = CARTESIAN_POINT ( 'NONE',  ( -0.6599501028923885348, 1.034999999999999698, 0.2256499305191311811 ) ) ;
#3094 = ORIENTED_EDGE ( 'NONE', *, *, #5477, .T. ) ;
#3095 = CARTESIAN_POINT ( 'NONE',  ( 0.1560260836043374510, 1.034999999999999920, -1.252405169871649182 ) ) ;
#3096 = SURFACE_STYLE_USAGE ( .BOTH. , #2137 ) ;
#3097 = PRESENTATION_LAYER_ASSIGNMENT (  '', '', ( #3549 ) ) ;
#3098 = LINE ( 'NONE', #6050, #1776 ) ;
#3099 = PRESENTATION_STYLE_ASSIGNMENT (( #4004 ) ) ;
#3100 = FILL_AREA_STYLE ('',( #555 ) ) ;
#3101 = CARTESIAN_POINT ( 'NONE',  ( 0.3480931429538268729, 1.034999999999999476, -1.057696923497338348 ) ) ;
#3102 = CARTESIAN_POINT ( 'NONE',  ( 0.2153846153846159794, 1.034999999999999920, -0.8756009615384615641 ) ) ;
#3103 = SURFACE_SIDE_STYLE ('',( #2728 ) ) ;
#3104 = CIRCLE ( 'NONE', #887, 0.1500000000000006051 ) ;
#3105 = PRESENTATION_STYLE_ASSIGNMENT (( #1507 ) ) ;
#3106 = CARTESIAN_POINT ( 'NONE',  ( -0.6436720452315449759, 1.024999999999999689, 1.331288948873510680 ) ) ;
#3107 = SURFACE_STYLE_FILL_AREA ( #4335 ) ;
#3108 = CARTESIAN_POINT ( 'NONE',  ( 0.8493852422833564342, 1.025000000000000133, -0.3780622130387988888 ) ) ;
#3109 = PRESENTATION_LAYER_ASSIGNMENT (  '', '', ( #4049 ) ) ;
#3110 = CARTESIAN_POINT ( 'NONE',  ( 0.6609990807941873436, 1.025000000000000133, 1.064245337337988762 ) ) ;
#3111 = ORIENTED_EDGE ( 'NONE', *, *, #5477, .F. ) ;
#3112 = PRESENTATION_STYLE_ASSIGNMENT (( #5091 ) ) ;
#3113 = STYLED_ITEM ( 'NONE', ( #4064 ), #1175 ) ;
#3114 = CARTESIAN_POINT ( 'NONE',  ( 0.2205332345556180185, 1.024999999999999467, 0.9793131793324545420 ) ) ;
#3115 = ADVANCED_FACE ( 'NONE', ( #6189 ), #127, .T. ) ;
#3116 = CARTESIAN_POINT ( 'NONE',  ( 0.4383311012913728155, 1.024999999999999689, 0.9028740862858286587 ) ) ;
#3117 = CARTESIAN_POINT ( 'NONE',  ( 0.5940888748797414909, 1.034999999999999920, 0.8385928700513110012 ) ) ;
#3118 = CARTESIAN_POINT ( 'NONE',  ( 0.5899939903846154188, 1.024999999999999467, 1.264723557692307931 ) ) ;
#3119 =( NAMED_UNIT ( * ) SI_UNIT ( $, .STERADIAN. ) SOLID_ANGLE_UNIT ( ) );
#3120 = EDGE_LOOP ( 'NONE', ( #906, #3173, #3181, #27 ) ) ;
#3121 = SURFACE_STYLE_USAGE ( .BOTH. , #1010 ) ;
#3122 = CARTESIAN_POINT ( 'NONE',  ( -0.6535456730769231282, 1.034999999999999920, 1.219501201923077316 ) ) ;
#3123 =( LENGTH_UNIT ( ) NAMED_UNIT ( * ) SI_UNIT ( .MILLI., .METRE. ) );
#3124 = CARTESIAN_POINT ( 'NONE',  ( 0.5768030531107145586, 1.024999999999999911, -0.07437058000244567424 ) ) ;
#3125 = SURFACE_SIDE_STYLE ('',( #6362 ) ) ;
#3126 = CARTESIAN_POINT ( 'NONE',  ( -0.1617230206174459228, 1.024999999999999689, 0.7911853970708487838 ) ) ;
#3127 = CARTESIAN_POINT ( 'NONE',  ( -0.5886418269230768718, 1.024999999999999689, 0.8365384615384617861 ) ) ;
#3128 = B_SPLINE_CURVE_WITH_KNOTS ( 'NONE', 3,
 ( #6127, #1096, #1249, #3192, #1727, #5764, #2282 ),
 .UNSPECIFIED., .F., .F.,
 ( 4, 1, 1, 1, 4 ),
 ( 0.000000000000000000, 0.2526433275832366543, 0.5044398525799862476, 0.7504068042814560080, 1.000000000000000000 ),
 .UNSPECIFIED. ) ;
#3129 = EDGE_CURVE ( 'NONE', #5186, #1039, #1394, .T. ) ;
#3130 = CARTESIAN_POINT ( 'NONE',  ( 0.6994978286229907027, 1.024999999999999911, 0.9837818860903952967 ) ) ;
#3131 = COLOUR_RGB ( '',0.6470588235294117974, 0.5176470588235293491, 0.000000000000000000 ) ;
#3132 = CARTESIAN_POINT ( 'NONE',  ( 0.2183820393925960390, 1.025000000000000133, -1.111100032772898594 ) ) ;
#3133 = CARTESIAN_POINT ( 'NONE',  ( 0.05835173303678203860, 1.024999999999999911, 1.094640769511485701 ) ) ;
#3134 = DIRECTION ( 'NONE',  ( 1.000000000000000000, 0.000000000000000000, 0.000000000000000000 ) ) ;
#3135 = CARTESIAN_POINT ( 'NONE',  ( 1.849999999999999645, -1.024999999999999911, 1.849999999999999423 ) ) ;
#3136 = CARTESIAN_POINT ( 'NONE',  ( 0.2690032743478595334, 1.025000000000000133, -1.114926609055453488 ) ) ;
#3137 = MECHANICAL_DESIGN_GEOMETRIC_PRESENTATION_REPRESENTATION (  '', ( #2826 ), #5980 ) ;
#3138 = CARTESIAN_POINT ( 'NONE',  ( -0.01171875000000011796, 1.024999999999999911, 0.8365384615384620082 ) ) ;
#3139 = FILL_AREA_STYLE_COLOUR ( '', #5996 ) ;
#3140 = CARTESIAN_POINT ( 'NONE',  ( -0.5905545249870922664, 1.035000000000000142, -0.03364671067363699669 ) ) ;
#3141 = CARTESIAN_POINT ( 'NONE',  ( 0.8043269230769236611, 1.034999999999999920, -0.4615384615384615641 ) ) ;
#3142 = FILL_AREA_STYLE ('',( #5029 ) ) ;
#3143 = CARTESIAN_POINT ( 'NONE',  ( -0.1439618099055302580, 1.024999999999999911, 0.7800866347188734062 ) ) ;
#3144 = VERTEX_POINT ( 'NONE', #1839 ) ;
#3145 = ADVANCED_FACE ( 'NONE', ( #4483 ), #4710, .T. ) ;
#3146 = CARTESIAN_POINT ( 'NONE',  ( 0.8113069937680609245, 1.024999999999999689, -0.4575876180247832603 ) ) ;
#3147 = CARTESIAN_POINT ( 'NONE',  ( 0.4285123407309867072, 1.035000000000000142, 0.9276918119063907175 ) ) ;
#3148 = STYLED_ITEM ( 'NONE', ( #1268 ), #2130 ) ;
#3149 = CARTESIAN_POINT ( 'NONE',  ( 0.2128136817681038628, 1.034999999999999920, 0.8949845457384369984 ) ) ;
#3150 = CARTESIAN_POINT ( 'NONE',  ( -0.5199370261924975978, 1.034999999999999920, 1.226931528156839590 ) ) ;
#3151 = ORIENTED_EDGE ( 'NONE', *, *, #2120, .F. ) ;
#3152 = CARTESIAN_POINT ( 'NONE',  ( -0.1782412323997484283, 1.034999999999999920, 0.3299898398132219968 ) ) ;
#3153 = CARTESIAN_POINT ( 'NONE',  ( 0.000000000000000000, 1.034999999999999920, 0.000000000000000000 ) ) ;
#3154 = FILL_AREA_STYLE ('',( #4205 ) ) ;
#3155 = CARTESIAN_POINT ( 'NONE',  ( 0.4285123407309867072, 1.024999999999999911, 0.9276918119063907175 ) ) ;
#3156 = EDGE_CURVE ( 'NONE', #1255, #6017, #2640, .T. ) ;
#3157 = CARTESIAN_POINT ( 'NONE',  ( 0.7014330080714856752, 1.024999999999999467, 1.162661105553342678 ) ) ;
#3158 = FILL_AREA_STYLE ('',( #3618 ) ) ;
#3159 = DIRECTION ( 'NONE',  ( -0.000000000000000000, -1.000000000000000000, -0.000000000000000000 ) ) ;
#3160 = CARTESIAN_POINT ( 'NONE',  ( -0.5349638473838986830, 1.034999999999999698, 1.111914594161550918 ) ) ;
#3161 = VERTEX_POINT ( 'NONE', #1482 ) ;
#3162 = CARTESIAN_POINT ( 'NONE',  ( -0.1617230206174459228, 1.034999999999999698, 0.7911853970708487838 ) ) ;
#3163 = MECHANICAL_DESIGN_GEOMETRIC_PRESENTATION_REPRESENTATION (  '', ( #3712 ), #2813 ) ;
#3164 = CARTESIAN_POINT ( 'NONE',  ( -0.6535456730769231282, 1.024999999999999911, 1.219501201923077316 ) ) ;
#3165 = CARTESIAN_POINT ( 'NONE',  ( -0.8168114866728102275, 1.024999999999999689, 1.406614822300993994 ) ) ;
#3166 = ORIENTED_EDGE ( 'NONE', *, *, #5648, .F. ) ;
#3167 = CARTESIAN_POINT ( 'NONE',  ( 0.8391768866871927024, 1.024999999999999911, -0.4340823287024250243 ) ) ;
#3168 = EDGE_CURVE ( 'NONE', #5227, #6221, #2822, .T. ) ;
#3169 = B_SPLINE_CURVE_WITH_KNOTS ( 'NONE', 3,
 ( #4271, #4814, #5861, #2290, #6323, #291, #1325, #1738, #4418, #2925, #4396, #4365, #6367, #3940, #382, #2912, #2893, #4919, #898 ),
 .UNSPECIFIED., .F., .F.,
 ( 4, 1, 1, 1, 1, 1, 1, 1, 1, 1, 1, 1, 1, 1, 1, 1, 4 ),
 ( 0.000000000000000000, 0.1114096600426612849, 0.2145263672558016255, 0.3094172254458341653, 0.3960871907990313745, 0.4742842164262462412, 0.5443738816396979097, 0.6064195628105362168, 0.6605816023749734311, 0.7097938180647576090, 0.7564506485918284229, 0.8007673253039321315, 0.8431682879413345821, 0.8842948685500490180, 0.9238845020552842735, 0.9623587101392159227, 1.000000000000000000 ),
 .UNSPECIFIED. ) ;
#3170 = ORIENTED_EDGE ( 'NONE', *, *, #1522, .T. ) ;
#3171 = ORIENTED_EDGE ( 'NONE', *, *, #1011, .T. ) ;
#3172 = CARTESIAN_POINT ( 'NONE',  ( 0.7976761205744642425, 1.034999999999999920, 0.9356435630111532564 ) ) ;
#3173 = ORIENTED_EDGE ( 'NONE', *, *, #5008, .F. ) ;
#3174 = CARTESIAN_POINT ( 'NONE',  ( 0.4152000563056311155, 1.024999999999999911, 0.7911853970708486727 ) ) ;
#3175 = ORIENTED_EDGE ( 'NONE', *, *, #1989, .F. ) ;
#3176 = VECTOR ( 'NONE', #4609, 1000.000000000000000 ) ;
#3177 = CARTESIAN_POINT ( 'NONE',  ( 0.003478855374109763882, 1.024999999999999911, -1.027473186548486295 ) ) ;
#3178 = CARTESIAN_POINT ( 'NONE',  ( -0.4796274038461533773, 1.034999999999999920, -0.5255408653846154188 ) ) ;
#3179 = ORIENTED_EDGE ( 'NONE', *, *, #4722, .T. ) ;
#3180 = CARTESIAN_POINT ( 'NONE',  ( 1.500000000000003109, 1.034999999999999920, -1.650000000000001021 ) ) ;
#3181 = ORIENTED_EDGE ( 'NONE', *, *, #6048, .T. ) ;
#3182 = ADVANCED_FACE ( 'NONE', ( #2969 ), #4552, .T. ) ;
#3183 = CARTESIAN_POINT ( 'NONE',  ( 0.4236032154974251895, 1.034999999999999920, 0.9560362824859588438 ) ) ;
#3184 = CARTESIAN_POINT ( 'NONE',  ( 0.006501761106951204836, 1.024999999999999911, 1.270071547984030325 ) ) ;
#3185 = LINE ( 'NONE', #3180, #5427 ) ;
#3186 = CARTESIAN_POINT ( 'NONE',  ( 0.4858491144879618084, 1.035000000000000142, -1.156702550493418302 ) ) ;
#3187 = CARTESIAN_POINT ( 'NONE',  ( 0.04195922953917772397, 1.034999999999999920, 1.111914594161551140 ) ) ;
#3188 = DIRECTION ( 'NONE',  ( 1.000000000000000000, 0.000000000000000000, 0.000000000000000000 ) ) ;
#3189 = AXIS2_PLACEMENT_3D ( 'NONE', #1330, #3895, #2342 ) ;
#3190 = CARTESIAN_POINT ( 'NONE',  ( -0.1043395853067812518, 1.035000000000000142, 0.7631169127271658637 ) ) ;
#3191 = CARTESIAN_POINT ( 'NONE',  ( 0.2826923076923082423, 1.025000000000000133, -0.9798677884615384359 ) ) ;
#3192 = CARTESIAN_POINT ( 'NONE',  ( -0.8346377511422808926, 1.035000000000000142, 1.466000064178921702 ) ) ;
#3193 = CARTESIAN_POINT ( 'NONE',  ( -0.2276339580243389726, 1.024999999999999689, 0.8706527266382478869 ) ) ;
#3194 = CARTESIAN_POINT ( 'NONE',  ( -0.7130408653846154188, 1.034999999999999920, 1.403846153846154188 ) ) ;
#3195 = ORIENTED_EDGE ( 'NONE', *, *, #909, .T. ) ;
#3196 = ORIENTED_EDGE ( 'NONE', *, *, #2845, .T. ) ;
#3197 = CARTESIAN_POINT ( 'NONE',  ( 0.5073483694081114548, 1.034999999999999698, 0.8451883045114928494 ) ) ;
#3198 = CARTESIAN_POINT ( 'NONE',  ( 0.1591258674102027093, 1.035000000000000142, 0.8091909101105899671 ) ) ;
#3199 = MECHANICAL_DESIGN_GEOMETRIC_PRESENTATION_REPRESENTATION (  '', ( #854 ), #6469 ) ;
#3200 = CARTESIAN_POINT ( 'NONE',  ( 0.4329612670175467803, 1.024999999999999911, 0.7800866347188735173 ) ) ;
#3201 = CARTESIAN_POINT ( 'NONE',  ( -0.4231165145142969375, 1.024999999999999911, 0.1811361825164377326 ) ) ;
#3202 = CARTESIAN_POINT ( 'NONE',  ( 0.4940187244218740004, 1.024999999999999911, 1.224482152663802781 ) ) ;
#3203 = CARTESIAN_POINT ( 'NONE',  ( -0.2831391832459439484, 1.024999999999999689, 0.1912586387461336357 ) ) ;
#3204 = CARTESIAN_POINT ( 'NONE',  ( 0.4947857505198550165, 1.025000000000000355, 0.8502074897336966419 ) ) ;
#3205 = CARTESIAN_POINT ( 'NONE',  ( 0.1246907728019100853, 1.034999999999999920, 0.9454479468394777486 ) ) ;
#3206 = CARTESIAN_POINT ( 'NONE',  ( -0.4339081234163183476, 1.034999999999999920, 0.7952156366747696881 ) ) ;
#3207 = CARTESIAN_POINT ( 'NONE',  ( 0.2211538461538460343, 1.024999999999999689, 0.9570312500000004441 ) ) ;
#3208 = CARTESIAN_POINT ( 'NONE',  ( 0.5230769230769236611, 1.024999999999999689, -1.066406250000000000 ) ) ;
#3209 = CARTESIAN_POINT ( 'NONE',  ( -0.5638521634615384359, 1.024999999999999911, 1.264723557692307931 ) ) ;
#3210 = CARTESIAN_POINT ( 'NONE',  ( 0.4529646715677454472, 1.024999999999999911, 0.8814623108698970144 ) ) ;
#3211 = CARTESIAN_POINT ( 'NONE',  ( -0.01681074385713555303, 1.035000000000000364, 0.2822056425516642486 ) ) ;
#3212 = CARTESIAN_POINT ( 'NONE',  ( -0.7089247792254714797, 1.024999999999999911, 0.8916546614439557761 ) ) ;
#3213 = EDGE_CURVE ( 'NONE', #5170, #3921, #2575, .T. ) ;
#3214 = CARTESIAN_POINT ( 'NONE',  ( 0.5673076923076922906, 1.024999999999999467, 0.7500000000000002220 ) ) ;
#3215 = DIRECTION ( 'NONE',  ( 0.000000000000000000, 0.000000000000000000, -1.000000000000000000 ) ) ;
#3216 = CARTESIAN_POINT ( 'NONE',  ( -0.4796274038461533773, 1.024999999999999467, -0.5255408653846154188 ) ) ;
#3217 = CARTESIAN_POINT ( 'NONE',  ( -0.3557692307692307820, 1.034999999999999920, 0.9570312500000002220 ) ) ;
#3218 = CARTESIAN_POINT ( 'NONE',  ( 0.2601562500000004219, 1.034999999999999920, -1.115384615384615419 ) ) ;
#3219 =( LENGTH_UNIT ( ) NAMED_UNIT ( * ) SI_UNIT ( .MILLI., .METRE. ) );
#3220 = FILL_AREA_STYLE_COLOUR ( '', #529 ) ;
#3221 = ORIENTED_EDGE ( 'NONE', *, *, #352, .T. ) ;
#3222 = CARTESIAN_POINT ( 'NONE',  ( -0.2463673470139852995, 1.024999999999999911, 1.424506378665186590 ) ) ;
#3223 = MECHANICAL_DESIGN_GEOMETRIC_PRESENTATION_REPRESENTATION (  '', ( #332 ), #1671 ) ;
#3224 = CARTESIAN_POINT ( 'NONE',  ( 0.7637620192307699174, 1.025000000000000133, -0.2397836538461539380 ) ) ;
#3225 = COLOUR_RGB ( '',1.000000000000000000, 1.000000000000000000, 1.000000000000000000 ) ;
#3226 =( NAMED_UNIT ( * ) SI_UNIT ( $, .STERADIAN. ) SOLID_ANGLE_UNIT ( ) );
#3227 = ORIENTED_EDGE ( 'NONE', *, *, #686, .T. ) ;
#3228 = CARTESIAN_POINT ( 'NONE',  ( 0.2175408176881483413, 1.035000000000000142, 0.9148849069587258187 ) ) ;
#3229 = CARTESIAN_POINT ( 'NONE',  ( -0.5243658366482211175, 1.035000000000000142, -0.4206875535002225774 ) ) ;
#3230 =( NAMED_UNIT ( * ) SI_UNIT ( $, .STERADIAN. ) SOLID_ANGLE_UNIT ( ) );
#3231 = CARTESIAN_POINT ( 'NONE',  ( 0.7850000000000001421, -1.075000000000000178, 1.625000000000000000 ) ) ;
#3232 = STYLED_ITEM ( 'NONE', ( #26 ), #4760 ) ;
#3233 = FILL_AREA_STYLE ('',( #6257 ) ) ;
#3234 = SURFACE_STYLE_USAGE ( .BOTH. , #5813 ) ;
#3235 = CARTESIAN_POINT ( 'NONE',  ( 0.2173027435495910042, 1.034999999999999920, 1.001524615184222089 ) ) ;
#3236 = CARTESIAN_POINT ( 'NONE',  ( 0.3731240515489665510, 1.024999999999999689, -0.8134077580378032968 ) ) ;
#3237 = CARTESIAN_POINT ( 'NONE',  ( -0.4973557692307689071, 1.025000000000000133, -0.8061899038461539657 ) ) ;
#3238 = ORIENTED_EDGE ( 'NONE', *, *, #6201, .T. ) ;
#3239 = CARTESIAN_POINT ( 'NONE',  ( 2.000000000000000444, 1.024999999999999911, 1.849999999999999423 ) ) ;
#3240 = CARTESIAN_POINT ( 'NONE',  ( 0.3149709885803871900, 1.034999999999999920, -1.107666567701245830 ) ) ;
#3241 = UNCERTAINTY_MEASURE_WITH_UNIT (LENGTH_MEASURE( 1.000000000000000082E-05 ), #4392, 'distance_accuracy_value', 'NONE');
#3242 = SURFACE_SIDE_STYLE ('',( #138 ) ) ;
#3243 = ADVANCED_FACE ( 'NONE', ( #3352 ), #4124, .T. ) ;
#3244 = CARTESIAN_POINT ( 'NONE',  ( -0.09384299234681901802, 1.034999999999999920, 0.8565253071957876774 ) ) ;
#3245 = EDGE_CURVE ( 'NONE', #4462, #5166, #2337, .T. ) ;
#3246 = ORIENTED_EDGE ( 'NONE', *, *, #2394, .F. ) ;
#3247 = CARTESIAN_POINT ( 'NONE',  ( 2.000000000000000444, -1.024999999999999911, 1.849999999999999423 ) ) ;
#3248 = CARTESIAN_POINT ( 'NONE',  ( -2.000000000000000000, 1.024999999999999911, 1.849999999999999423 ) ) ;
#3249 = ORIENTED_EDGE ( 'NONE', *, *, #6165, .T. ) ;
#3250 = DIRECTION ( 'NONE',  ( -0.000000000000000000, -1.000000000000000000, -0.000000000000000000 ) ) ;
#3251 = CARTESIAN_POINT ( 'NONE',  ( -0.4707154316245898418, 1.025000000000000133, 0.7728591684128818251 ) ) ;
#3252 = UNCERTAINTY_MEASURE_WITH_UNIT (LENGTH_MEASURE( 1.000000000000000082E-05 ), #4795, 'distance_accuracy_value', 'NONE');
#3253 = ORIENTED_EDGE ( 'NONE', *, *, #6430, .F. ) ;
#3254 = CARTESIAN_POINT ( 'NONE',  ( 0.2060915372002209978, 1.024999999999999689, 0.8759254739018299540 ) ) ;
#3255 = LINE ( 'NONE', #5615, #5334 ) ;
#3256 = CARTESIAN_POINT ( 'NONE',  ( -0.1780739279415826659, 1.034999999999999920, 0.8038894595579944014 ) ) ;
#3257 =( GEOMETRIC_REPRESENTATION_CONTEXT ( 3 ) GLOBAL_UNCERTAINTY_ASSIGNED_CONTEXT ( ( #995 ) ) GLOBAL_UNIT_ASSIGNED_CONTEXT ( ( #4011, #2967, #6059 ) ) REPRESENTATION_CONTEXT ( 'NONE', 'WORKASPACE' ) );
#3258 = CARTESIAN_POINT ( 'NONE',  ( -0.3169546318886115599, 1.024999999999999689, 0.3457911310544520833 ) ) ;
#3259 = LINE ( 'NONE', #4133, #6098 ) ;
#3260 = EDGE_LOOP ( 'NONE', ( #2068, #4905, #4642, #6088 ) ) ;
#3261 = CARTESIAN_POINT ( 'NONE',  ( -0.6590604033262992267, 1.025000000000000355, 0.8502074897336965309 ) ) ;
#3262 = EDGE_CURVE ( 'NONE', #6157, #3614, #3128, .T. ) ;
#3263 = B_SPLINE_CURVE_WITH_KNOTS ( 'NONE', 3,
 ( #851, #4378, #2368, #5872, #6357, #5899, #2878, #6393, #5362, #3374, #371, #3878, #5852, #322, #823, #5199, #5129, #2115, #6161 ),
 .UNSPECIFIED., .F., .F.,
 ( 4, 1, 1, 1, 1, 1, 1, 1, 1, 1, 1, 1, 1, 1, 1, 1, 4 ),
 ( 0.000000000000000000, 0.05794487546232589964, 0.1160176254256826689, 0.1748257843638406361, 0.2346830900793710206, 0.2968270303289142209, 0.3640613359637882573, 0.4361924240497391803, 0.5142601195414409077, 0.5569758971654886759, 0.6048559283836538736, 0.6576752010734879805, 0.7157505846619327539, 0.7788397991664557374, 0.8475011894738632146, 0.9212282309463235563, 1.000000000000000000 ),
 .UNSPECIFIED. ) ;
#3264 = COLOUR_RGB ( '',1.000000000000000000, 1.000000000000000000, 1.000000000000000000 ) ;
#3265 = ORIENTED_EDGE ( 'NONE', *, *, #4542, .T. ) ;
#3266 = FACE_OUTER_BOUND ( 'NONE', #3835, .T. ) ;
#3267 =( NAMED_UNIT ( * ) SI_UNIT ( $, .STERADIAN. ) SOLID_ANGLE_UNIT ( ) );
#3268 = CARTESIAN_POINT ( 'NONE',  ( -0.8269230769230768718, 1.024999999999999911, 0.9615384615384615641 ) ) ;
#3269 = CARTESIAN_POINT ( 'NONE',  ( 0.01307091346153835265, 1.034999999999999920, 1.264723557692308153 ) ) ;
#3270 = DIRECTION ( 'NONE',  ( 0.000000000000000000, 0.000000000000000000, 1.000000000000000000 ) ) ;
#3271 = LINE ( 'NONE', #4430, #5349 ) ;
#3272 = STYLED_ITEM ( 'NONE', ( #489 ), #2573 ) ;
#3273 = VECTOR ( 'NONE', #3745, 1000.000000000000000 ) ;
#3274 = CARTESIAN_POINT ( 'NONE',  ( 0.05883690797237183662, 1.034999999999999920, -1.055260754117563593 ) ) ;
#3275 = CARTESIAN_POINT ( 'NONE',  ( -0.5243658366482211175, 1.035000000000000142, -0.4206875535002225774 ) ) ;
#3276 = VECTOR ( 'NONE', #3666, 1000.000000000000000 ) ;
#3277 = CARTESIAN_POINT ( 'NONE',  ( 0.1810024900132512493, 1.025000000000000133, 0.02458421164367133316 ) ) ;
#3278 = PLANE ( 'NONE',  #3189 ) ;
#3279 = CARTESIAN_POINT ( 'NONE',  ( -0.4591161513292428276, 1.024999999999999911, -0.8516618147757765156 ) ) ;
#3280 = CARTESIAN_POINT ( 'NONE',  ( 0.4476278661289336824, 1.024999999999999689, -0.9099912304720043643 ) ) ;
#3281 = CARTESIAN_POINT ( 'NONE',  ( 0.6626427731117336961, 1.034999999999999920, 0.7644335898809585528 ) ) ;
#3282 = LINE ( 'NONE', #4419, #3923 ) ;
#3283 = CARTESIAN_POINT ( 'NONE',  ( -0.1917685378852437006, 1.035000000000000142, -0.8908502233264575798 ) ) ;
#3284 = CARTESIAN_POINT ( 'NONE',  ( 0.08571969618865675489, 1.035000000000000364, 0.7644335898809591079 ) ) ;
#3285 = CARTESIAN_POINT ( 'NONE',  ( 0.01377140237181433309, 1.035000000000000364, 0.1112525291091422813 ) ) ;
#3286 = CARTESIAN_POINT ( 'NONE',  ( 0.4620248136474141565, 1.025000000000000355, 0.8721003435082631539 ) ) ;
#3287 =( LENGTH_UNIT ( ) NAMED_UNIT ( * ) SI_UNIT ( .MILLI., .METRE. ) );
#3288 = ADVANCED_FACE ( 'NONE', ( #674 ), #1221, .F. ) ;
#3289 =( GEOMETRIC_REPRESENTATION_CONTEXT ( 3 ) GLOBAL_UNCERTAINTY_ASSIGNED_CONTEXT ( ( #1886 ) ) GLOBAL_UNIT_ASSIGNED_CONTEXT ( ( #1351, #843, #5844 ) ) REPRESENTATION_CONTEXT ( 'NONE', 'WORKASPACE' ) );
#3290 = ORIENTED_EDGE ( 'NONE', *, *, #3428, .F. ) ;
#3291 = PRESENTATION_LAYER_ASSIGNMENT (  '', '', ( #6114 ) ) ;
#3292 = CARTESIAN_POINT ( 'NONE',  ( 0.2044474720275805402, 1.034999999999999476, 1.045491749235682555 ) ) ;
#3293 = FILL_AREA_STYLE ('',( #2287 ) ) ;
#3294 = UNCERTAINTY_MEASURE_WITH_UNIT (LENGTH_MEASURE( 1.000000000000000082E-05 ), #6375, 'distance_accuracy_value', 'NONE');
#3295 = CARTESIAN_POINT ( 'NONE',  ( -1.999999999999999556, 1.024999999999999911, -1.850000000000000977 ) ) ;
#3296 = CARTESIAN_POINT ( 'NONE',  ( 0.1140217717651568069, 1.034999999999999698, -1.079663485806535261 ) ) ;
#3297 = DIRECTION ( 'NONE',  ( -0.09950371902099884591, 0.000000000000000000, 0.9950371902099891530 ) ) ;
#3298 = CARTESIAN_POINT ( 'NONE',  ( -0.3461538461538463118, 1.024999999999999911, 1.500000000000000000 ) ) ;
#3299 = FILL_AREA_STYLE_COLOUR ( '', #5587 ) ;
#3300 = SURFACE_STYLE_USAGE ( .BOTH. , #3242 ) ;
#3301 = CARTESIAN_POINT ( 'NONE',  ( -0.2398884097497334944, 1.024999999999999911, 1.406614822300994661 ) ) ;
#3302 =( LENGTH_UNIT ( ) NAMED_UNIT ( * ) SI_UNIT ( .MILLI., .METRE. ) );
#3303 = CARTESIAN_POINT ( 'NONE',  ( 0.5230769230769236611, 1.024999999999999689, -1.066406250000000000 ) ) ;
#3304 = EDGE_CURVE ( 'NONE', #5256, #510, #4867, .T. ) ;
#3305 = CARTESIAN_POINT ( 'NONE',  ( -0.8259392864795586098, 1.024999999999999911, 0.9531584188986651496 ) ) ;
#3306 = CARTESIAN_POINT ( 'NONE',  ( -0.1825227462300418046, 1.034999999999999920, 1.317561331180454154 ) ) ;
#3307 = COLOUR_RGB ( '',1.000000000000000000, 1.000000000000000000, 1.000000000000000000 ) ;
#3308 = CARTESIAN_POINT ( 'NONE',  ( 0.5899939903846154188, 1.034999999999999920, 1.264723557692307931 ) ) ;
#3309 = CARTESIAN_POINT ( 'NONE',  ( -0.5844380456911785204, 1.024999999999999911, -0.1985289288117806084 ) ) ;
#3310 =( LENGTH_UNIT ( ) NAMED_UNIT ( * ) SI_UNIT ( .MILLI., .METRE. ) );
#3311 = B_SPLINE_CURVE_WITH_KNOTS ( 'NONE', 3,
 ( #537, #5173, #2138, #5147, #6075, #1564, #2090, #1094, #5596, #3062, #4639, #56, #5125 ),
 .UNSPECIFIED., .F., .F.,
 ( 4, 1, 1, 1, 1, 1, 1, 1, 1, 1, 4 ),
 ( 0.000000000000000000, 0.1241996726524872002, 0.2368296581100267917, 0.3394949853062829703, 0.4312535100312248071, 0.5114548721194182024, 0.5812230366234584222, 0.6404953748643703593, 0.6883082049320179419, 0.8503329734146882757, 1.000000000000000000 ),
 .UNSPECIFIED. ) ;
#3312 = CARTESIAN_POINT ( 'NONE',  ( 0.2044474720275805402, 1.024999999999999245, 1.045491749235682555 ) ) ;
#3313 = CARTESIAN_POINT ( 'NONE',  ( 0.3149709885803871900, 1.034999999999999920, -1.107666567701245830 ) ) ;
#3314 = ORIENTED_EDGE ( 'NONE', *, *, #1694, .T. ) ;
#3315 = CARTESIAN_POINT ( 'NONE',  ( -0.4591161513292428276, 1.024999999999999689, -0.8516618147757765156 ) ) ;
#3316 = CARTESIAN_POINT ( 'NONE',  ( 0.3350132766199698242, 1.024999999999999911, -1.264866384183079395 ) ) ;
#3317 = CARTESIAN_POINT ( 'NONE',  ( -0.1484107361920903312, 1.024999999999999689, 0.9276918119063909396 ) ) ;
#3318 = CARTESIAN_POINT ( 'NONE',  ( -0.2409956791037242974, 1.024999999999999467, -0.8446252017695189407 ) ) ;
#3319 = CARTESIAN_POINT ( 'NONE',  ( -0.1484107361920903312, 1.034999999999999920, 0.9276918119063909396 ) ) ;
#3320 = CARTESIAN_POINT ( 'NONE',  ( -0.3236184157683018592, 1.034999999999999920, -0.9838377706742026385 ) ) ;
#3321 = DIRECTION ( 'NONE',  ( 0.000000000000000000, -0.000000000000000000, 1.000000000000000000 ) ) ;
#3322 =( GEOMETRIC_REPRESENTATION_CONTEXT ( 3 ) GLOBAL_UNCERTAINTY_ASSIGNED_CONTEXT ( ( #1812 ) ) GLOBAL_UNIT_ASSIGNED_CONTEXT ( ( #4056, #3523, #5059 ) ) REPRESENTATION_CONTEXT ( 'NONE', 'WORKASPACE' ) );
#3323 = CARTESIAN_POINT ( 'NONE',  ( 0.3999451352814074045, 1.025000000000000133, -0.8413258239733425459 ) ) ;
#3324 = EDGE_LOOP ( 'NONE', ( #4287, #5559, #1139, #731 ) ) ;
#3325 = CARTESIAN_POINT ( 'NONE',  ( -0.8192581937940324188, 1.024999999999999911, 0.9132441222960757665 ) ) ;
#3326 = DIRECTION ( 'NONE',  ( -0.000000000000000000, -0.000000000000000000, -1.000000000000000000 ) ) ;
#3327 = CARTESIAN_POINT ( 'NONE',  ( -0.2831391832459439484, 1.024999999999999467, 0.1912586387461336357 ) ) ;
#3328 = CARTESIAN_POINT ( 'NONE',  ( 0.7430206277123668768, 1.034999999999999476, 1.113162156003707715 ) ) ;
#3329 = CARTESIAN_POINT ( 'NONE',  ( -1.499999999999996891, 1.034999999999999920, -1.650000000000000799 ) ) ;
#3330 = SURFACE_STYLE_USAGE ( .BOTH. , #4685 ) ;
#3331 = PRODUCT_DEFINITION ( 'UNKNOWN', '', #3656, #6108 ) ;
#3332 = CARTESIAN_POINT ( 'NONE',  ( 0.6609990807941873436, 1.035000000000000142, 1.064245337337988762 ) ) ;
#3333 = VERTEX_POINT ( 'NONE', #4714 ) ;
#3334 = CARTESIAN_POINT ( 'NONE',  ( 0.3492891188987382600, 1.035000000000000364, 0.8706527266382479979 ) ) ;
#3335 = CARTESIAN_POINT ( 'NONE',  ( 0.03559298597325188940, 1.024999999999999911, 1.245493178173427529 ) ) ;
#3336 = UNCERTAINTY_MEASURE_WITH_UNIT (LENGTH_MEASURE( 1.000000000000000082E-05 ), #3864, 'distance_accuracy_value', 'NONE');
#3337 = CARTESIAN_POINT ( 'NONE',  ( 1.849999999999999645, -1.024999999999999911, -2.000000000000000888 ) ) ;
#3338 = ORIENTED_EDGE ( 'NONE', *, *, #3590, .T. ) ;
#3339 = CARTESIAN_POINT ( 'NONE',  ( 0.08407600387111015261, 1.035000000000000142, 1.064245337337989206 ) ) ;
#3340 = CARTESIAN_POINT ( 'NONE',  ( 0.5107572115384620970, 1.035000000000000142, -0.02223557692307692041 ) ) ;
#3341 = ORIENTED_EDGE ( 'NONE', *, *, #2212, .T. ) ;
#3342 = CARTESIAN_POINT ( 'NONE',  ( -0.8365685462712814102, 1.024999999999999689, 1.482875074157175455 ) ) ;
#3343 = CARTESIAN_POINT ( 'NONE',  ( -0.4973557692307687961, 1.035000000000000142, -0.8061899038461538547 ) ) ;
#3344 = DIRECTION ( 'NONE',  ( 0.000000000000000000, 1.000000000000000000, 0.000000000000000000 ) ) ;
#3345 = EDGE_LOOP ( 'NONE', ( #5874, #3398, #2886, #5848 ) ) ;
#3346 = CARTESIAN_POINT ( 'NONE',  ( -0.5199370261924975978, 1.034999999999999920, 1.226931528156839590 ) ) ;
#3347 = COLOUR_RGB ( '',1.000000000000000000, 1.000000000000000000, 1.000000000000000000 ) ;
#3348 = ORIENTED_EDGE ( 'NONE', *, *, #4285, .F. ) ;
#3349 = ORIENTED_EDGE ( 'NONE', *, *, #2170, .T. ) ;
#3350 = CARTESIAN_POINT ( 'NONE',  ( -0.3557692307692307820, 1.034999999999999920, 0.9570312500000002220 ) ) ;
#3351 = CARTESIAN_POINT ( 'NONE',  ( -0.7386460975405226836, 1.034999999999999920, 0.7911853970708486727 ) ) ;
#3352 = FACE_OUTER_BOUND ( 'NONE', #579, .T. ) ;
#3353 = CYLINDRICAL_SURFACE ( 'NONE', #6467, 0.04999999999999991257 ) ;
#3354 = EDGE_CURVE ( 'NONE', #569, #5014, #1061, .T. ) ;
#3355 =( NAMED_UNIT ( * ) PLANE_ANGLE_UNIT ( ) SI_UNIT ( $, .RADIAN. ) );
#3356 = SURFACE_STYLE_USAGE ( .BOTH. , #826 ) ;
#3357 = B_SPLINE_CURVE_WITH_KNOTS ( 'NONE', 3,
 ( #5840, #2827, #2913, #5984, #4513, #6432, #1483, #4992, #401, #1890, #3427, #445, #2447 ),
 .UNSPECIFIED., .F., .F.,
 ( 4, 1, 1, 1, 1, 1, 1, 1, 1, 1, 4 ),
 ( 0.000000000000000000, 0.1241996726524872002, 0.2368296581100276799, 0.3394949853062822487, 0.4312535100312247516, 0.5114548721194183134, 0.5812230366234584222, 0.6404953748643703593, 0.6883082049320180529, 0.8503329734146882757, 1.000000000000000000 ),
 .UNSPECIFIED. ) ;
#3358 = ORIENTED_EDGE ( 'NONE', *, *, #5274, .F. ) ;
#3359 = SURFACE_STYLE_FILL_AREA ( #6335 ) ;
#3360 = CARTESIAN_POINT ( 'NONE',  ( 0.6123197115384620970, 1.024999999999999689, -0.2848557692307692180 ) ) ;
#3361 =( NAMED_UNIT ( * ) SI_UNIT ( $, .STERADIAN. ) SOLID_ANGLE_UNIT ( ) );
#3362 = PRESENTATION_LAYER_ASSIGNMENT (  '', '', ( #536 ) ) ;
#3363 = CARTESIAN_POINT ( 'NONE',  ( -0.02214879560318189916, 1.034999999999999920, 1.172529277259951153 ) ) ;
#3364 = LINE ( 'NONE', #335, #3668 ) ;
#3365 = CARTESIAN_POINT ( 'NONE',  ( -0.4695860310905232149, 1.035000000000000142, -0.5455223592266811306 ) ) ;
#3366 = CARTESIAN_POINT ( 'NONE',  ( -0.1515877384849358411, 1.034999999999999920, 0.9414258259068329915 ) ) ;
#3367 = DIRECTION ( 'NONE',  ( -1.000000000000000000, -0.000000000000000000, 0.000000000000000000 ) ) ;
#3368 =( NAMED_UNIT ( * ) SI_UNIT ( $, .STERADIAN. ) SOLID_ANGLE_UNIT ( ) );
#3369 = CARTESIAN_POINT ( 'NONE',  ( -0.5561810472403306838, 1.034999999999999920, 1.258173606474872086 ) ) ;
#3370 =( GEOMETRIC_REPRESENTATION_CONTEXT ( 3 ) GLOBAL_UNCERTAINTY_ASSIGNED_CONTEXT ( ( #1110 ) ) GLOBAL_UNIT_ASSIGNED_CONTEXT ( ( #5455, #5471, #875 ) ) REPRESENTATION_CONTEXT ( 'NONE', 'WORKASPACE' ) );
#3371 = CARTESIAN_POINT ( 'NONE',  ( 0.8076923076923077094, 1.034999999999999920, 1.500000000000000222 ) ) ;
#3372 = CARTESIAN_POINT ( 'NONE',  ( 0.3403532860644428726, 1.024999999999999467, -0.07696020405434063349 ) ) ;
#3373 = CARTESIAN_POINT ( 'NONE',  ( -1.849999999999999645, 1.024999999999999911, 2.000000000000000000 ) ) ;
#3374 = CARTESIAN_POINT ( 'NONE',  ( 0.7279304372125445788, 1.025000000000000355, 1.132741021815065974 ) ) ;
#3375 =( LENGTH_UNIT ( ) NAMED_UNIT ( * ) SI_UNIT ( .MILLI., .METRE. ) );
#3376 = PRESENTATION_LAYER_ASSIGNMENT (  '', '', ( #3113 ) ) ;
#3377 = CARTESIAN_POINT ( 'NONE',  ( -0.4993689513519660728, 1.024999999999999689, 0.8631895418681121424 ) ) ;
#3378 = CARTESIAN_POINT ( 'NONE',  ( 0.7739519067024717147, 1.034999999999999920, 0.8579668031823564078 ) ) ;
#3379 = CARTESIAN_POINT ( 'NONE',  ( -0.5990513877927807762, 1.035000000000000142, 0.2773487647443848569 ) ) ;
#3380 =( NAMED_UNIT ( * ) SI_UNIT ( $, .STERADIAN. ) SOLID_ANGLE_UNIT ( ) );
#3381 = EDGE_CURVE ( 'NONE', #3985, #3545, #4155, .T. ) ;
#3382 =( NAMED_UNIT ( * ) SI_UNIT ( $, .STERADIAN. ) SOLID_ANGLE_UNIT ( ) );
#3383 = CARTESIAN_POINT ( 'NONE',  ( -0.09384299234681901802, 1.024999999999999689, 0.8565253071957876774 ) ) ;
#3384 = CARTESIAN_POINT ( 'NONE',  ( -0.4495910546867318280, 1.034999999999999920, -0.5853106937111854924 ) ) ;
#3385 = CARTESIAN_POINT ( 'NONE',  ( 0.5899939903846154188, 1.024999999999999245, 1.264723557692307931 ) ) ;
#3386 = CARTESIAN_POINT ( 'NONE',  ( 0.4111907834322256483, 1.024999999999999911, 0.05169397258592269701 ) ) ;
#3387 =( LENGTH_UNIT ( ) NAMED_UNIT ( * ) SI_UNIT ( .MILLI., .METRE. ) );
#3388 = CARTESIAN_POINT ( 'NONE',  ( 0.5035675598360680461, 1.034999999999999920, -1.008896259176364385 ) ) ;
#3389 = MECHANICAL_DESIGN_GEOMETRIC_PRESENTATION_REPRESENTATION (  '', ( #2118 ), #4280 ) ;
#3390 = VECTOR ( 'NONE', #4265, 1000.000000000000000 ) ;
#3391 = EDGE_LOOP ( 'NONE', ( #4050, #4768, #4130, #6352 ) ) ;
#3392 = VERTEX_POINT ( 'NONE', #6282 ) ;
#3393 =( LENGTH_UNIT ( ) NAMED_UNIT ( * ) SI_UNIT ( .MILLI., .METRE. ) );
#3394 =( NAMED_UNIT ( * ) SI_UNIT ( $, .STERADIAN. ) SOLID_ANGLE_UNIT ( ) );
#3395 = DIRECTION ( 'NONE',  ( -0.000000000000000000, -1.000000000000000000, -0.000000000000000000 ) ) ;
#3396 = EDGE_CURVE ( 'NONE', #3491, #298, #5507, .T. ) ;
#3397 = CARTESIAN_POINT ( 'NONE',  ( 0.4059455569205765446, 1.035000000000000142, 1.304503635857037214 ) ) ;
#3398 = ORIENTED_EDGE ( 'NONE', *, *, #482, .F. ) ;
#3399 = CARTESIAN_POINT ( 'NONE',  ( 0.6000525407641328357, 1.025000000000000133, 1.130708011491502019 ) ) ;
#3400 = B_SPLINE_CURVE_WITH_KNOTS ( 'NONE', 3,
 ( #183, #2704, #5722, #4756, #4216, #1171, #6206, #1191, #1149, #3256, #3162, #2226, #5698, #3190, #208, #1702, #6281, #5290, #4736 ),
 .UNSPECIFIED., .F., .F.,
 ( 4, 1, 1, 1, 1, 1, 1, 1, 1, 1, 1, 1, 1, 1, 1, 1, 4 ),
 ( 0.000000000000000000, 0.07067529020333013223, 0.1374926938441248525, 0.2014728253723050144, 0.2628693217722903874, 0.3225500865261559102, 0.3807372513385547386, 0.4382197368560123429, 0.4954874370602860845, 0.5534836796953477300, 0.6113462062294290345, 0.6706437388141555100, 0.7315869484227132125, 0.7941831937999380697, 0.8594451119347495949, 0.9282076353998098828, 0.9999999999999998890 ),
 .UNSPECIFIED. ) ;
#3401 = FILL_AREA_STYLE ('',( #286 ) ) ;
#3402 =( LENGTH_UNIT ( ) NAMED_UNIT ( * ) SI_UNIT ( .MILLI., .METRE. ) );
#3403 = FILL_AREA_STYLE ('',( #5298 ) ) ;
#3404 = CARTESIAN_POINT ( 'NONE',  ( 0.1225747516999135950, 1.034999999999999476, 0.9837818860903952967 ) ) ;
#3405 = CARTESIAN_POINT ( 'NONE',  ( 0.8076923076923077094, 1.034999999999999920, 1.403846153846154188 ) ) ;
#3406 = SURFACE_STYLE_USAGE ( .BOTH. , #4948 ) ;
#3407 = CARTESIAN_POINT ( 'NONE',  ( -0.3461538461538462008, 1.034999999999999920, 1.500000000000000222 ) ) ;
#3408 = ORIENTED_EDGE ( 'NONE', *, *, #234, .T. ) ;
#3409 = CARTESIAN_POINT ( 'NONE',  ( 0.3929687500000005329, 1.034999999999999920, -0.8335336538461538547 ) ) ;
#3410 = CARTESIAN_POINT ( 'NONE',  ( 0.006863659973813226491, 1.024999999999999911, -1.196497692296500936 ) ) ;
#3411 = FACE_OUTER_BOUND ( 'NONE', #40, .T. ) ;
#3412 = VERTEX_POINT ( 'NONE', #4781 ) ;
#3413 = SURFACE_STYLE_USAGE ( .BOTH. , #6485 ) ;
#3414 = VERTEX_POINT ( 'NONE', #1173 ) ;
#3415 = PRESENTATION_LAYER_ASSIGNMENT (  '', '', ( #5249 ) ) ;
#3416 = CARTESIAN_POINT ( 'NONE',  ( -0.1441503111786348601, 1.034999999999999698, 1.277465502956919075 ) ) ;
#3417 = MECHANICAL_DESIGN_GEOMETRIC_PRESENTATION_REPRESENTATION (  '', ( #1641 ), #2192 ) ;
#3418 = CARTESIAN_POINT ( 'NONE',  ( 0.5547742813198949241, 1.024999999999999911, 1.172529277259950931 ) ) ;
#3419 = ORIENTED_EDGE ( 'NONE', *, *, #1106, .T. ) ;
#3420 = CARTESIAN_POINT ( 'NONE',  ( 0.3593284318513517150, 1.024999999999999911, 0.8517178425193882019 ) ) ;
#3421 = CARTESIAN_POINT ( 'NONE',  ( -0.8036850919095607226, 1.035000000000000142, 1.380799805016254655 ) ) ;
#3422 = ORIENTED_EDGE ( 'NONE', *, *, #3905, .T. ) ;
#3423 = CARTESIAN_POINT ( 'NONE',  ( 0.2277829839342950524, 1.024999999999999689, -0.8259784870660605849 ) ) ;
#3424 = FACE_OUTER_BOUND ( 'NONE', #4702, .T. ) ;
#3425 = CARTESIAN_POINT ( 'NONE',  ( 0.001818223322760980157, 1.024999999999999911, 1.150978442549882352 ) ) ;
#3426 = LINE ( 'NONE', #5519, #2158 ) ;
#3427 = CARTESIAN_POINT ( 'NONE',  ( -0.1173514582644627630, 1.034999999999999920, 1.378555665817289499 ) ) ;
#3428 = EDGE_CURVE ( 'NONE', #4533, #6312, #4668, .T. ) ;
#3429 = CARTESIAN_POINT ( 'NONE',  ( 0.5214117085729133017, 1.035000000000000142, -0.03040106579908926840 ) ) ;
#3430 = LINE ( 'NONE', #2933, #2653 ) ;
#3431 = CARTESIAN_POINT ( 'NONE',  ( 0.4073648061912791829, 1.034999999999999920, -0.8510345657392508478 ) ) ;
#3432 = SURFACE_STYLE_FILL_AREA ( #2915 ) ;
#3433 =( NAMED_UNIT ( * ) PLANE_ANGLE_UNIT ( ) SI_UNIT ( $, .RADIAN. ) );
#3434 = CARTESIAN_POINT ( 'NONE',  ( 0.6996704596483112049, 1.025000000000000133, 0.9333452975440976740 ) ) ;
#3435 = SURFACE_SIDE_STYLE ('',( #4619 ) ) ;
#3436 = CARTESIAN_POINT ( 'NONE',  ( -0.4973557692307689071, 1.024999999999999911, -0.8061899038461539657 ) ) ;
#3437 = CARTESIAN_POINT ( 'NONE',  ( 0.3348163529023472917, 1.035000000000000364, -1.038770230689263885 ) ) ;
#3438 = VERTEX_POINT ( 'NONE', #696 ) ;
#3439 = CARTESIAN_POINT ( 'NONE',  ( 0.4479094431671649668, 1.035000000000000142, 1.263398958623645596 ) ) ;
#3440 =( NAMED_UNIT ( * ) PLANE_ANGLE_UNIT ( ) SI_UNIT ( $, .RADIAN. ) );
#3441 = B_SPLINE_CURVE_WITH_KNOTS ( 'NONE', 3,
 ( #2629, #1582, #3530, #2542, #3598, #5659, #4550, #4569, #2061, #2024, #6054 ),
 .UNSPECIFIED., .F., .F.,
 ( 4, 1, 1, 1, 1, 1, 1, 1, 4 ),
 ( 0.000000000000000000, 0.1171740342864737716, 0.2417654799937159205, 0.3710161078446976290, 0.5008421377049936396, 0.6310231612783387956, 0.7592138442397812215, 0.8831154682939466039, 1.000000000000000000 ),
 .UNSPECIFIED. ) ;
#3442 = COLOUR_RGB ( '',0.4980392156862745168, 0.4980392156862745168, 0.4980392156862745168 ) ;
#3443 = CARTESIAN_POINT ( 'NONE',  ( 0.5119274830655170527, 1.034999999999999698, -1.108691614760225708 ) ) ;
#3444 = CARTESIAN_POINT ( 'NONE',  ( -0.4817377446529020890, 1.035000000000000142, 0.3293958269302679764 ) ) ;
#3445 = EDGE_LOOP ( 'NONE', ( #3265, #5496, #5178, #5023 ) ) ;
#3446 = CARTESIAN_POINT ( 'NONE',  ( 0.2153846153846159794, 1.024999999999999911, -0.8756009615384615641 ) ) ;
#3447 = MECHANICAL_DESIGN_GEOMETRIC_PRESENTATION_REPRESENTATION (  '', ( #2781 ), #5614 ) ;
#3448 = CARTESIAN_POINT ( 'NONE',  ( -0.5462354562025001359, 1.035000000000000364, 0.8412721904612345813 ) ) ;
#3449 = CARTESIAN_POINT ( 'NONE',  ( -0.5555546696689843689, 1.024999999999999689, -0.7305463340797554439 ) ) ;
#3450 = CARTESIAN_POINT ( 'NONE',  ( 0.7835722909579158069, 1.034999999999999920, -0.2616051572647334345 ) ) ;
#3451 = UNCERTAINTY_MEASURE_WITH_UNIT (LENGTH_MEASURE( 1.000000000000000082E-05 ), #5159, 'distance_accuracy_value', 'NONE');
#3452 = AXIS2_PLACEMENT_3D ( 'NONE', #4235, #5741, #3765 ) ;
#3453 =( LENGTH_UNIT ( ) NAMED_UNIT ( * ) SI_UNIT ( .MILLI., .METRE. ) );
#3454 = VECTOR ( 'NONE', #6118, 1000.000000000000000 ) ;
#3455 = CARTESIAN_POINT ( 'NONE',  ( 0.1560260836043374510, 1.024999999999999911, -1.252405169871649182 ) ) ;
#3456 = FILL_AREA_STYLE ('',( #1310 ) ) ;
#3457 = CARTESIAN_POINT ( 'NONE',  ( -0.3461538461538462008, 1.034999999999999920, 1.500000000000000222 ) ) ;
#3458 = CARTESIAN_POINT ( 'NONE',  ( 0.1227473827252340277, 1.035000000000000142, 0.9333452975440976740 ) ) ;
#3459 = STYLED_ITEM ( 'NONE', ( #4221 ), #1207 ) ;
#3460 = UNCERTAINTY_MEASURE_WITH_UNIT (LENGTH_MEASURE( 1.000000000000000082E-05 ), #539, 'distance_accuracy_value', 'NONE');
#3461 = CARTESIAN_POINT ( 'NONE',  ( 0.7018186894564079070, 1.024999999999999911, 0.9621975019446505906 ) ) ;
#3462 =( NAMED_UNIT ( * ) SI_UNIT ( $, .STERADIAN. ) SOLID_ANGLE_UNIT ( ) );
#3463 = SURFACE_STYLE_USAGE ( .BOTH. , #6491 ) ;
#3464 = LINE ( 'NONE', #6197, #3954 ) ;
#3465 = DIRECTION ( 'NONE',  ( 1.000000000000000000, -0.000000000000000000, 0.000000000000000000 ) ) ;
#3466 = CARTESIAN_POINT ( 'NONE',  ( -0.1061710529872759573, 1.024999999999999689, -1.139577370660544764 ) ) ;
#3467 = EDGE_LOOP ( 'NONE', ( #5873, #4052, #1576, #4122 ) ) ;
#3468 = STYLED_ITEM ( 'NONE', ( #5572 ), #153 ) ;
#3469 = EDGE_CURVE ( 'NONE', #5346, #4533, #3911, .T. ) ;
#3470 = APPLICATION_PROTOCOL_DEFINITION ( 'draft international standard', 'automotive_design', 1998, #5482 ) ;
#3471 = CARTESIAN_POINT ( 'NONE',  ( 0.6925913694554859390, 1.025000000000000133, 0.9106923435533436084 ) ) ;
#3472 = CARTESIAN_POINT ( 'NONE',  ( -0.7208848868286070743, 1.034999999999999698, 0.7800866347188732952 ) ) ;
#3473 = FILL_AREA_STYLE ('',( #2956 ) ) ;
#3474 = CARTESIAN_POINT ( 'NONE',  ( 0.1037841999836682377, 1.024999999999999689, 0.8900286707375897333 ) ) ;
#3475 = CARTESIAN_POINT ( 'NONE',  ( 0.2826923076923082423, 1.034999999999999920, -0.9798677884615384359 ) ) ;
#3476 = MECHANICAL_DESIGN_GEOMETRIC_PRESENTATION_REPRESENTATION (  '', ( #4510 ), #1889 ) ;
#3477 = SURFACE_SIDE_STYLE ('',( #2807 ) ) ;
#3478 = CARTESIAN_POINT ( 'NONE',  ( 0.7377506108318956368, 1.025000000000000133, -0.3959859115656119699 ) ) ;
#3479 = CARTESIAN_POINT ( 'NONE',  ( 0.2195110356128048001, 1.034999999999999920, -0.8931975061414779704 ) ) ;
#3480 = ORIENTED_EDGE ( 'NONE', *, *, #5451, .T. ) ;
#3481 = CARTESIAN_POINT ( 'NONE',  ( -0.6590604033262992267, 1.035000000000000364, 0.8502074897336965309 ) ) ;
#3482 =( NAMED_UNIT ( * ) PLANE_ANGLE_UNIT ( ) SI_UNIT ( $, .RADIAN. ) );
#3483 = ORIENTED_EDGE ( 'NONE', *, *, #5679, .T. ) ;
#3484 = CARTESIAN_POINT ( 'NONE',  ( -0.5131259277043459521, 1.024999999999999689, 0.7580082180372671452 ) ) ;
#3485 = LINE ( 'NONE', #1944, #5337 ) ;
#3486 = ORIENTED_EDGE ( 'NONE', *, *, #3043, .F. ) ;
#3487 = STYLED_ITEM ( 'NONE', ( #1495 ), #2054 ) ;
#3488 = DIRECTION ( 'NONE',  ( 1.000000000000000000, 0.000000000000000000, 0.000000000000000000 ) ) ;
#3489 =( NAMED_UNIT ( * ) PLANE_ANGLE_UNIT ( ) SI_UNIT ( $, .RADIAN. ) );
#3490 = CARTESIAN_POINT ( 'NONE',  ( 1.999999999999999112, 1.024999999999999911, -1.850000000000000977 ) ) ;
#3491 = VERTEX_POINT ( 'NONE', #4738 ) ;
#3492 = CARTESIAN_POINT ( 'NONE',  ( -0.2471023299265814599, 1.025000000000000133, 0.9368557672397976877 ) ) ;
#3493 = EDGE_CURVE ( 'NONE', #4433, #6511, #5685, .T. ) ;
#3494 = LINE ( 'NONE', #3248, #121 ) ;
#3495 = LINE ( 'NONE', #1290, #6107 ) ;
#3496 = FILL_AREA_STYLE ('',( #6015 ) ) ;
#3497 = CARTESIAN_POINT ( 'NONE',  ( 0.2521919065189246467, 1.025000000000000133, -0.9469047407815436301 ) ) ;
#3498 = CARTESIAN_POINT ( 'NONE',  ( -0.1361177884615386025, 1.034999999999999920, 1.403846153846154410 ) ) ;
#3499 = CARTESIAN_POINT ( 'NONE',  ( 0.7016138497249870820, 1.024999999999999911, 0.9454479468394775266 ) ) ;
#3500 = ORIENTED_EDGE ( 'NONE', *, *, #234, .F. ) ;
#3501 = CARTESIAN_POINT ( 'NONE',  ( 0.6076106976436539409, 1.025000000000000133, 0.8412721904612346924 ) ) ;
#3502 = CARTESIAN_POINT ( 'NONE',  ( 0.08571969618865675489, 1.025000000000000355, 0.7644335898809591079 ) ) ;
#3503 = CARTESIAN_POINT ( 'NONE',  ( 0.8280408709267160772, 1.034999999999999920, -0.3240397907080368456 ) ) ;
#3504 = CARTESIAN_POINT ( 'NONE',  ( 0.2307692307692306155, 1.034999999999999920, 1.500000000000000444 ) ) ;
#3505 = EDGE_CURVE ( 'NONE', #5227, #5014, #836, .T. ) ;
#3506 = EDGE_LOOP ( 'NONE', ( #21, #1027, #1132, #2687 ) ) ;
#3507 = CARTESIAN_POINT ( 'NONE',  ( -0.08656011123766355064, 1.035000000000000142, 1.348635032081523910 ) ) ;
#3508 = FILL_AREA_STYLE ('',( #2605 ) ) ;
#3509 = CARTESIAN_POINT ( 'NONE',  ( 0.4187397839834055557, 1.034999999999999920, 1.291137545940029163 ) ) ;
#3510 = CARTESIAN_POINT ( 'NONE',  ( -0.1239584053553315218, 1.024999999999999467, 0.8814623108698971254 ) ) ;
#3511 = CARTESIAN_POINT ( 'NONE',  ( -0.2596254240763162247, 1.034999999999999920, 1.494285306604468122 ) ) ;
#3512 = CARTESIAN_POINT ( 'NONE',  ( 0.7850000000000001421, -1.024999999999999689, 1.625000000000000000 ) ) ;
#3513 = CARTESIAN_POINT ( 'NONE',  ( 0.4531931899134608588, 1.034999999999999920, -1.200958137612798016 ) ) ;
#3514 = CARTESIAN_POINT ( 'NONE',  ( 0.3840621365247076646, 1.035000000000000364, 0.8183052022479979648 ) ) ;
#3515 = STYLED_ITEM ( 'NONE', ( #5431 ), #4055 ) ;
#3516 = CARTESIAN_POINT ( 'NONE',  ( 0.5701670997292723753, 1.034999999999999920, 0.8366587838276426936 ) ) ;
#3517 = CARTESIAN_POINT ( 'NONE',  ( 0.2210184691641560728, 1.024999999999999689, 0.9498072415089913179 ) ) ;
#3518 = UNCERTAINTY_MEASURE_WITH_UNIT (LENGTH_MEASURE( 1.000000000000000082E-05 ), #4794, 'distance_accuracy_value', 'NONE');
#3519 = CARTESIAN_POINT ( 'NONE',  ( -0.5820100102219785132, 1.024999999999999689, 0.01254943713729734199 ) ) ;
#3520 = PRESENTATION_STYLE_ASSIGNMENT (( #4097 ) ) ;
#3521 = PRESENTATION_LAYER_ASSIGNMENT (  '', '', ( #1858 ) ) ;
#3522 =( LENGTH_UNIT ( ) NAMED_UNIT ( * ) SI_UNIT ( .MILLI., .METRE. ) );
#3523 =( NAMED_UNIT ( * ) PLANE_ANGLE_UNIT ( ) SI_UNIT ( $, .RADIAN. ) );
#3524 = CARTESIAN_POINT ( 'NONE',  ( -0.4399622348513769210, 1.024999999999999689, 1.149153048603420046 ) ) ;
#3525 = CARTESIAN_POINT ( 'NONE',  ( -0.6634831881607404780, 1.024999999999999911, 1.348635032081523466 ) ) ;
#3526 = SURFACE_STYLE_FILL_AREA ( #2552 ) ;
#3527 = CARTESIAN_POINT ( 'NONE',  ( 0.1249999999999999167, 1.024999999999999911, 0.9579326923076928457 ) ) ;
#3528 = EDGE_LOOP ( 'NONE', ( #1852, #6462, #275, #5085 ) ) ;
#3529 = VERTEX_POINT ( 'NONE', #2321 ) ;
#3530 = CARTESIAN_POINT ( 'NONE',  ( -0.4591161513292428276, 1.034999999999999698, -0.8516618147757765156 ) ) ;
#3531 = FILL_AREA_STYLE ('',( #2525 ) ) ;
#3532 = EDGE_CURVE ( 'NONE', #2650, #874, #3495, .T. ) ;
#3533 = CARTESIAN_POINT ( 'NONE',  ( 0.5434891144720701561, 1.024999999999999911, -0.04732094589271203244 ) ) ;
#3534 = CARTESIAN_POINT ( 'NONE',  ( 0.2195110356128048001, 1.025000000000000133, -0.8931975061414779704 ) ) ;
#3535 = ORIENTED_EDGE ( 'NONE', *, *, #1444, .T. ) ;
#3536 = CARTESIAN_POINT ( 'NONE',  ( -0.5923076923076919797, 1.025000000000000133, -0.09104567307692308653 ) ) ;
#3537 = CARTESIAN_POINT ( 'NONE',  ( 0.6873853076905492854, 1.035000000000000142, 0.9000261689353129535 ) ) ;
#3538 = ORIENTED_EDGE ( 'NONE', *, *, #1798, .T. ) ;
#3539 =( LENGTH_UNIT ( ) NAMED_UNIT ( * ) SI_UNIT ( .MILLI., .METRE. ) );
#3540 = CARTESIAN_POINT ( 'NONE',  ( -0.7285108154080124354, 1.024999999999999911, 0.9414258259068326584 ) ) ;
#3541 = EDGE_CURVE ( 'NONE', #5570, #2600, #4706, .T. ) ;
#3542 = CARTESIAN_POINT ( 'NONE',  ( -0.7653846153846148859, 1.024999999999999911, -0.09855769230769233225 ) ) ;
#3543 = CARTESIAN_POINT ( 'NONE',  ( -0.3242788461538456679, 1.024999999999999911, 0.1923076923076923184 ) ) ;
#3544 = CARTESIAN_POINT ( 'NONE',  ( -0.3557692307692307820, 1.024999999999999911, 0.9570312500000002220 ) ) ;
#3545 = VERTEX_POINT ( 'NONE', #392 ) ;
#3546 = CARTESIAN_POINT ( 'NONE',  ( -0.1538461538461539935, 1.024999999999999911, 0.9711538461538465894 ) ) ;
#3547 = CARTESIAN_POINT ( 'NONE',  ( -0.3338942307692303046, 1.035000000000000142, 0.3461538461538462563 ) ) ;
#3548 = CARTESIAN_POINT ( 'NONE',  ( -0.3461538461538462008, 1.034999999999999920, 1.500000000000000222 ) ) ;
#3549 = STYLED_ITEM ( 'NONE', ( #5515 ), #3182 ) ;
#3550 = LINE ( 'NONE', #2678, #897 ) ;
#3551 = ORIENTED_EDGE ( 'NONE', *, *, #1103, .F. ) ;
#3552 = CARTESIAN_POINT ( 'NONE',  ( 0.2211538461538460343, 1.034999999999999920, 0.9570312500000004441 ) ) ;
#3553 = CARTESIAN_POINT ( 'NONE',  ( 0.2160440078270891850, 1.034999999999999698, -0.8839159174884698711 ) ) ;
#3554 = EDGE_LOOP ( 'NONE', ( #1091, #4292, #4994, #4805, #3648, #4507, #1407, #25 ) ) ;
#3555 = UNCERTAINTY_MEASURE_WITH_UNIT (LENGTH_MEASURE( 1.000000000000000082E-05 ), #3123, 'distance_accuracy_value', 'NONE');
#3556 = PRESENTATION_STYLE_ASSIGNMENT (( #3792 ) ) ;
#3557 = LINE ( 'NONE', #5782, #3636 ) ;
#3558 = PRESENTATION_STYLE_ASSIGNMENT (( #4298 ) ) ;
#3559 = CARTESIAN_POINT ( 'NONE',  ( -0.4731388769394087035, 1.035000000000000364, 0.8900286707375898443 ) ) ;
#3560 = ORIENTED_EDGE ( 'NONE', *, *, #5304, .F. ) ;
#3561 = PRESENTATION_LAYER_ASSIGNMENT (  '', '', ( #4692 ) ) ;
#3562 = FACE_OUTER_BOUND ( 'NONE', #1041, .T. ) ;
#3563 = CARTESIAN_POINT ( 'NONE',  ( -0.6918213401987398647, 1.034999999999999920, 0.8721003435082629318 ) ) ;
#3564 = SURFACE_STYLE_FILL_AREA ( #2055 ) ;
#3565 = FACE_OUTER_BOUND ( 'NONE', #2150, .T. ) ;
#3566 = FACE_OUTER_BOUND ( 'NONE', #2722, .T. ) ;
#3567 = CARTESIAN_POINT ( 'NONE',  ( 0.09388689024133473060, 1.025000000000000133, 1.050369067633049713 ) ) ;
#3568 = STYLED_ITEM ( 'NONE', ( #4719 ), #1637 ) ;
#3569 = CARTESIAN_POINT ( 'NONE',  ( -0.1300299004474990694, 1.025000000000000133, 1.395641797569607379 ) ) ;
#3570 = ADVANCED_FACE ( 'NONE', ( #2257, #4789, #2961 ), #868, .F. ) ;
#3571 = CARTESIAN_POINT ( 'NONE',  ( -0.4504852350230372782, 1.035000000000000586, 0.1716493857199549722 ) ) ;
#3572 =( LENGTH_UNIT ( ) NAMED_UNIT ( * ) SI_UNIT ( .MILLI., .METRE. ) );
#3573 = CARTESIAN_POINT ( 'NONE',  ( -0.06957470751496550032, 1.024999999999999911, 0.8451883045114930715 ) ) ;
#3574 = CARTESIAN_POINT ( 'NONE',  ( -0.6311577940984554047, 1.035000000000000142, 0.2530576970778043999 ) ) ;
#3575 = PRESENTATION_STYLE_ASSIGNMENT (( #3356 ) ) ;
#3576 = SURFACE_STYLE_FILL_AREA ( #5035 ) ;
#3577 = EDGE_CURVE ( 'NONE', #6227, #1837, #5951, .T. ) ;
#3578 =( LENGTH_UNIT ( ) NAMED_UNIT ( * ) SI_UNIT ( .MILLI., .METRE. ) );
#3579 = DIRECTION ( 'NONE',  ( -0.9950371902099891530, 0.000000000000000000, -0.09950371902099880428 ) ) ;
#3580 = CARTESIAN_POINT ( 'NONE',  ( 0.2313020974749849246, 1.024999999999999023, -0.9172068903341110691 ) ) ;
#3581 = CARTESIAN_POINT ( 'NONE',  ( -0.6598274294242799654, 1.035000000000000142, 1.224482152663803003 ) ) ;
#3582 = ORIENTED_EDGE ( 'NONE', *, *, #1796, .T. ) ;
#3583 = PRESENTATION_STYLE_ASSIGNMENT (( #3406 ) ) ;
#3584 = LINE ( 'NONE', #2776, #4317 ) ;
#3585 = CARTESIAN_POINT ( 'NONE',  ( -0.5334125445265935905, 1.034999999999999698, 0.8449640240426656845 ) ) ;
#3586 = PRESENTATION_LAYER_ASSIGNMENT (  '', '', ( #4538 ) ) ;
#3587 = B_SPLINE_CURVE_WITH_KNOTS ( 'NONE', 3,
 ( #1954, #2987, #3466, #486, #6003, #3967, #469, #3993, #946, #960, #4502, #1473, #6520, #1967, #980 ),
 .UNSPECIFIED., .F., .F.,
 ( 4, 1, 1, 1, 1, 1, 1, 1, 1, 1, 1, 1, 4 ),
 ( 0.000000000000000000, 0.04741350635443523226, 0.1000397465125186097, 0.1582439758605849178, 0.2216942561323725081, 0.3575016929472446536, 0.4971755172671906142, 0.6367312879952646831, 0.7722818284601444816, 0.8366453526860625489, 0.8958985570776435425, 0.9506979322711623936, 1.000000000000000000 ),
 .UNSPECIFIED. ) ;
#3588 = CARTESIAN_POINT ( 'NONE',  ( -0.5334125445265935905, 1.034999999999999698, 0.8449640240426656845 ) ) ;
#3589 = CARTESIAN_POINT ( 'NONE',  ( 0.5003004807692308376, 1.024999999999999911, 1.219501201923077316 ) ) ;
#3590 = EDGE_CURVE ( 'NONE', #3732, #5490, #4303, .T. ) ;
#3591 = CARTESIAN_POINT ( 'NONE',  ( 0.2153846153846159794, 1.025000000000000133, -0.8756009615384615641 ) ) ;
#3592 = CARTESIAN_POINT ( 'NONE',  ( 0.7616677374667714107, 1.024999999999999689, -0.4187544018592314066 ) ) ;
#3593 = CARTESIAN_POINT ( 'NONE',  ( -0.4751407425805740381, 1.035000000000000364, 0.1599192117716702610 ) ) ;
#3594 = CARTESIAN_POINT ( 'NONE',  ( 0.7021998334245739271, 1.024999999999999689, 0.7831533228634257604 ) ) ;
#3595 = CARTESIAN_POINT ( 'NONE',  ( 0.7813705489506576063, 1.024999999999999245, 1.045491749235682333 ) ) ;
#3596 = PRESENTATION_LAYER_ASSIGNMENT (  '', '', ( #3272 ) ) ;
#3597 =( LENGTH_UNIT ( ) NAMED_UNIT ( * ) SI_UNIT ( .MILLI., .METRE. ) );
#3598 = CARTESIAN_POINT ( 'NONE',  ( -0.3713294895848328059, 1.034999999999999920, -0.9405298950300245986 ) ) ;
#3599 = CARTESIAN_POINT ( 'NONE',  ( -0.5044750564292153072, 1.035000000000000142, 1.078940445635440559 ) ) ;
#3600 = FILL_AREA_STYLE ('',( #6103 ) ) ;
#3601 = DIRECTION ( 'NONE',  ( 0.000000000000000000, 0.000000000000000000, -1.000000000000000000 ) ) ;
#3602 = CARTESIAN_POINT ( 'NONE',  ( -0.7059367106789888879, 1.034999999999999920, 1.263398958623645596 ) ) ;
#3603 = CARTESIAN_POINT ( 'NONE',  ( -0.03496395161090221082, 1.034999999999999920, 0.7505253949516117462 ) ) ;
#3604 = ADVANCED_FACE ( 'NONE', ( #5171 ), #1377, .T. ) ;
#3605 = FILL_AREA_STYLE ('',( #2117 ) ) ;
#3606 = CARTESIAN_POINT ( 'NONE',  ( 0.8446265795782917918, 1.024999999999999467, -0.3609046874003298266 ) ) ;
#3607 = PRESENTATION_LAYER_ASSIGNMENT (  '', '', ( #5581 ) ) ;
#3608 = CARTESIAN_POINT ( 'NONE',  ( -0.01818546753848115580, 1.025000000000000133, 0.7501776304870999557 ) ) ;
#3609 = DIRECTION ( 'NONE',  ( -0.000000000000000000, -1.000000000000000000, -0.000000000000000000 ) ) ;
#3610 = VECTOR ( 'NONE', #2271, 1000.000000000000000 ) ;
#3611 = PRESENTATION_LAYER_ASSIGNMENT (  '', '', ( #2418 ) ) ;
#3612 = CARTESIAN_POINT ( 'NONE',  ( 0.3999451352814074045, 1.035000000000000142, -0.8413258239733425459 ) ) ;
#3613 =( LENGTH_UNIT ( ) NAMED_UNIT ( * ) SI_UNIT ( .MILLI., .METRE. ) );
#3614 = VERTEX_POINT ( 'NONE', #6503 ) ;
#3615 = CARTESIAN_POINT ( 'NONE',  ( 0.4236032154974251895, 1.024999999999999689, 0.9560362824859588438 ) ) ;
#3616 = CARTESIAN_POINT ( 'NONE',  ( -0.4668181291219452578, 1.024999999999999911, 1.177012512762981800 ) ) ;
#3617 = CARTESIAN_POINT ( 'NONE',  ( 0.3573487925822035893, 1.024999999999999911, -1.089532582265993810 ) ) ;
#3618 = FILL_AREA_STYLE_COLOUR ( '', #189 ) ;
#3619 = CARTESIAN_POINT ( 'NONE',  ( -0.4928470730519666221, 1.024999999999999689, 1.064245337337988540 ) ) ;
#3620 =( NAMED_UNIT ( * ) SI_UNIT ( $, .STERADIAN. ) SOLID_ANGLE_UNIT ( ) );
#3621 = EDGE_CURVE ( 'NONE', #5139, #4533, #6164, .T. ) ;
#3622 = SURFACE_STYLE_USAGE ( .BOTH. , #2139 ) ;
#3623 = CARTESIAN_POINT ( 'NONE',  ( -0.8264723557692307265, 1.024999999999999911, 1.433293269230769384 ) ) ;
#3624 = CARTESIAN_POINT ( 'NONE',  ( -0.2062460659291941723, 1.034999999999999698, 0.8340822251097764761 ) ) ;
#3625 = CARTESIAN_POINT ( 'NONE',  ( 0.8043269230769236611, 1.034999999999999920, -0.4615384615384615641 ) ) ;
#3626 = B_SPLINE_CURVE_WITH_KNOTS ( 'NONE', 3,
 ( #4676, #6154, #1071, #1578, #659, #176, #155, #6136, #4655, #1112, #4187, #3665, #2179, #2625, #1088, #3117, #5209, #1165, #89 ),
 .UNSPECIFIED., .F., .F.,
 ( 4, 1, 1, 1, 1, 1, 1, 1, 1, 1, 1, 1, 1, 1, 1, 1, 4 ),
 ( 0.000000000000000000, 0.06176215676807091104, 0.1211739926536290618, 0.1794214068253153216, 0.2368434346502752974, 0.2943217954133982017, 0.3531909627945244989, 0.4127207064163244676, 0.4745221507037177822, 0.5370567441421367771, 0.5995913375805556056, 0.6623669793543061068, 0.7252456446794918188, 0.7903164461250806738, 0.8577243009540927998, 0.9272319523784928741, 1.000000000000000000 ),
 .UNSPECIFIED. ) ;
#3627 = CARTESIAN_POINT ( 'NONE',  ( 0.7360489443332798309, 1.035000000000000364, 0.8091909101105900781 ) ) ;
#3628 = CARTESIAN_POINT ( 'NONE',  ( 0.6708099671644118800, 1.025000000000000133, 1.050369067633049491 ) ) ;
#3629 = ORIENTED_EDGE ( 'NONE', *, *, #323, .T. ) ;
#3630 = CARTESIAN_POINT ( 'NONE',  ( 0.3173076923076922351, 1.034999999999999920, 1.500000000000000222 ) ) ;
#3631 = CARTESIAN_POINT ( 'NONE',  ( -1.999999999999999556, 1.024999999999999911, -1.850000000000000977 ) ) ;
#3632 = ADVANCED_FACE ( 'NONE', ( #5430 ), #2425, .T. ) ;
#3633 = CARTESIAN_POINT ( 'NONE',  ( 0.4285123407309867072, 1.035000000000000142, 0.9276918119063907175 ) ) ;
#3634 = ORIENTED_EDGE ( 'NONE', *, *, #4980, .F. ) ;
#3635 = DIRECTION ( 'NONE',  ( -0.000000000000000000, -1.000000000000000000, -0.000000000000000000 ) ) ;
#3636 = VECTOR ( 'NONE', #710, 1000.000000000000000 ) ;
#3637 = CARTESIAN_POINT ( 'NONE',  ( 0.2855155418569315651, 1.024999999999999911, -1.268854646174933931 ) ) ;
#3638 = EDGE_LOOP ( 'NONE', ( #2406, #2727, #116, #3700 ) ) ;
#3639 = CARTESIAN_POINT ( 'NONE',  ( 0.08407600387111015261, 1.035000000000000142, 1.064245337337989206 ) ) ;
#3640 = MECHANICAL_DESIGN_GEOMETRIC_PRESENTATION_REPRESENTATION (  '', ( #4121 ), #4348 ) ;
#3641 = VERTEX_POINT ( 'NONE', #1477 ) ;
#3642 = CARTESIAN_POINT ( 'NONE',  ( 0.8076923076923077094, 1.024999999999999911, 1.500000000000000222 ) ) ;
#3643 = CARTESIAN_POINT ( 'NONE',  ( 0.2571514423076928235, 1.024999999999999911, -1.269230769230769162 ) ) ;
#3644 = CARTESIAN_POINT ( 'NONE',  ( -0.7594458231531187042, 1.034999999999999920, 1.317561331180454154 ) ) ;
#3645 = CARTESIAN_POINT ( 'NONE',  ( -0.08253833628754228546, 1.034999999999999476, 0.7572851291288784648 ) ) ;
#3646 = PRESENTATION_STYLE_ASSIGNMENT (( #5214 ) ) ;
#3647 = ORIENTED_EDGE ( 'NONE', *, *, #2556, .F. ) ;
#3648 = ORIENTED_EDGE ( 'NONE', *, *, #2379, .F. ) ;
#3649 = UNCERTAINTY_MEASURE_WITH_UNIT (LENGTH_MEASURE( 1.000000000000000082E-05 ), #5607, 'distance_accuracy_value', 'NONE');
#3650 = COLOUR_RGB ( '',1.000000000000000000, 1.000000000000000000, 1.000000000000000000 ) ;
#3651 = CARTESIAN_POINT ( 'NONE',  ( 0.8243678017637242617, 1.035000000000000142, -0.4501949696066830375 ) ) ;
#3652 = PRESENTATION_STYLE_ASSIGNMENT (( #2849 ) ) ;
#3653 = CARTESIAN_POINT ( 'NONE',  ( 0.4236032154974251895, 1.034999999999999920, 0.9560362824859588438 ) ) ;
#3654 = PRESENTATION_LAYER_ASSIGNMENT (  '', '', ( #3232 ) ) ;
#3655 = CARTESIAN_POINT ( 'NONE',  ( 0.2210184691641560728, 1.034999999999999698, 0.9498072415089913179 ) ) ;
#3656 = PRODUCT_DEFINITION_FORMATION_WITH_SPECIFIED_SOURCE ( 'ANY', '', #4936, .NOT_KNOWN. ) ;
#3657 = CARTESIAN_POINT ( 'NONE',  ( -0.4399622348513769210, 1.034999999999999698, 1.149153048603420046 ) ) ;
#3658 = ORIENTED_EDGE ( 'NONE', *, *, #17, .F. ) ;
#3659 = COLOUR_RGB ( '',0.4980392156862745168, 0.4980392156862745168, 0.4980392156862745168 ) ;
#3660 = CARTESIAN_POINT ( 'NONE',  ( -0.4751407425805740381, 1.025000000000000133, 0.1599192117716702610 ) ) ;
#3661 = CARTESIAN_POINT ( 'NONE',  ( 0.4073648061912791829, 1.034999999999999920, -0.8510345657392508478 ) ) ;
#3662 = CARTESIAN_POINT ( 'NONE',  ( 0.6873969098756016471, 1.035000000000000142, -0.3498868159651466470 ) ) ;
#3663 = FILL_AREA_STYLE ('',( #5160 ) ) ;
#3664 = SURFACE_STYLE_FILL_AREA ( #5859 ) ;
#3665 = CARTESIAN_POINT ( 'NONE',  ( 0.6436831158791836982, 1.034999999999999698, 0.8562443421471485072 ) ) ;
#3666 = DIRECTION ( 'NONE',  ( -0.000000000000000000, -1.000000000000000000, -0.000000000000000000 ) ) ;
#3667 = ORIENTED_EDGE ( 'NONE', *, *, #1410, .T. ) ;
#3668 = VECTOR ( 'NONE', #3850, 1000.000000000000000 ) ;
#3669 = SURFACE_SIDE_STYLE ('',( #5390 ) ) ;
#3670 = CARTESIAN_POINT ( 'NONE',  ( 0.5224391118454452254, 1.024999999999999689, -1.072678611138124127 ) ) ;
#3671 = CARTESIAN_POINT ( 'NONE',  ( -0.4620233154719587954, 1.024999999999999689, 1.010118407490751657 ) ) ;
#3672 = FILL_AREA_STYLE ('',( #6187 ) ) ;
#3673 = CARTESIAN_POINT ( 'NONE',  ( -0.2500000000000001110, 1.034999999999999920, 0.9615384615384620082 ) ) ;
#3674 = CARTESIAN_POINT ( 'NONE',  ( 0.8487085151183106912, 1.034999999999999920, -0.4154018049632465237 ) ) ;
#3675 = B_SPLINE_CURVE_WITH_KNOTS ( 'NONE', 3,
 ( #5456, #1418, #1404, #3421, #5961, #5983, #2889, #418, #940, #6401, #464, #398, #4475, #4989, #2423 ),
 .UNSPECIFIED., .F., .F.,
 ( 4, 1, 1, 1, 1, 1, 1, 1, 1, 1, 1, 1, 4 ),
 ( 0.000000000000000000, 0.1003881431397105201, 0.2044067930373087427, 0.3106860830942073659, 0.4221572938827999333, 0.4806854607703737181, 0.5432381544526685424, 0.6094995045645642540, 0.6795546087742241337, 0.7538412220511750972, 0.8316406764893862213, 0.9138127068095905914, 1.000000000000000000 ),
 .UNSPECIFIED. ) ;
#3676 = EDGE_CURVE ( 'NONE', #465, #4451, #2249, .T. ) ;
#3677 = CARTESIAN_POINT ( 'NONE',  ( 0.4230769230769230171, 1.034999999999999920, 0.9711538461538463674 ) ) ;
#3678 = CARTESIAN_POINT ( 'NONE',  ( 0.1863848271403546752, 1.035000000000000364, 0.8407290785386316578 ) ) ;
#3679 = CARTESIAN_POINT ( 'NONE',  ( 0.3929687500000005329, 1.024999999999999911, -0.8335336538461538547 ) ) ;
#3680 = DIRECTION ( 'NONE',  ( 1.000000000000000000, 0.000000000000000000, -0.000000000000000000 ) ) ;
#3681 = CARTESIAN_POINT ( 'NONE',  ( -0.5604149365682948858, 1.034999999999999920, -0.3101462130629180081 ) ) ;
#3682 = FILL_AREA_STYLE ('',( #1692 ) ) ;
#3683 =( NAMED_UNIT ( * ) PLANE_ANGLE_UNIT ( ) SI_UNIT ( $, .RADIAN. ) );
#3684 = FACE_OUTER_BOUND ( 'NONE', #498, .T. ) ;
#3685 = MECHANICAL_DESIGN_GEOMETRIC_PRESENTATION_REPRESENTATION (  '', ( #536 ), #4395 ) ;
#3686 = CARTESIAN_POINT ( 'NONE',  ( -1.604999999999999982, -1.024999999999999911, 1.625000000000000000 ) ) ;
#3687 = CARTESIAN_POINT ( 'NONE',  ( 0.05835173303678203860, 1.034999999999999920, 1.094640769511485701 ) ) ;
#3688 = CARTESIAN_POINT ( 'NONE',  ( -0.4032695772768110087, 1.024999999999999911, 0.8244472621065873641 ) ) ;
#3689 =( NAMED_UNIT ( * ) PLANE_ANGLE_UNIT ( ) SI_UNIT ( $, .RADIAN. ) );
#3690 = CARTESIAN_POINT ( 'NONE',  ( 0.6203593329913960064, 1.034999999999999920, -0.2915349385491523559 ) ) ;
#3691 = FACE_OUTER_BOUND ( 'NONE', #5856, .T. ) ;
#3692 = CARTESIAN_POINT ( 'NONE',  ( 0.4232549001006278844, 1.025000000000000133, 0.9660415190853474110 ) ) ;
#3693 = CARTESIAN_POINT ( 'NONE',  ( -0.1247728563804208352, 1.034999999999999920, 0.3173738862081202372 ) ) ;
#3694 = ORIENTED_EDGE ( 'NONE', *, *, #5261, .T. ) ;
#3695 = PRESENTATION_LAYER_ASSIGNMENT (  '', '', ( #4131 ) ) ;
#3696 = ORIENTED_EDGE ( 'NONE', *, *, #2895, .F. ) ;
#3697 = CARTESIAN_POINT ( 'NONE',  ( -0.5638521634615384359, 1.024999999999999467, 1.264723557692307931 ) ) ;
#3698 = FACE_OUTER_BOUND ( 'NONE', #3031, .T. ) ;
#3699 = CARTESIAN_POINT ( 'NONE',  ( 0.6407202261418077915, 1.034999999999999698, 0.7580082180372670342 ) ) ;
#3700 = ORIENTED_EDGE ( 'NONE', *, *, #564, .T. ) ;
#3701 = CARTESIAN_POINT ( 'NONE',  ( 0.4521246565727102262, 1.024999999999999911, 0.7708032052688806868 ) ) ;
#3702 = CARTESIAN_POINT ( 'NONE',  ( -0.4872227032127436352, 1.024999999999999467, -0.5084503787613618986 ) ) ;
#3703 = CARTESIAN_POINT ( 'NONE',  ( 0.2621031612083700724, 1.025000000000000133, -0.02505928498801309953 ) ) ;
#3704 = ADVANCED_FACE ( 'NONE', ( #2569 ), #2547, .T. ) ;
#3705 = CARTESIAN_POINT ( 'NONE',  ( -1.604999999999999982, -1.075000000000000400, 1.574999999999999956 ) ) ;
#3706 = EDGE_CURVE ( 'NONE', #1901, #2488, #5728, .T. ) ;
#3707 = CARTESIAN_POINT ( 'NONE',  ( 0.1200420278956285391, 1.034999999999999698, 0.9216901571185678321 ) ) ;
#3708 = CARTESIAN_POINT ( 'NONE',  ( -0.3557692307692307820, 1.034999999999999920, 0.9570312500000002220 ) ) ;
#3709 = CARTESIAN_POINT ( 'NONE',  ( 0.1252767565014969164, 1.034999999999999920, 0.7831533228634260935 ) ) ;
#3710 = ORIENTED_EDGE ( 'NONE', *, *, #1573, .T. ) ;
#3711 = CARTESIAN_POINT ( 'NONE',  ( 0.5009169445973420398, 1.025000000000000133, -1.132838265016181678 ) ) ;
#3712 = STYLED_ITEM ( 'NONE', ( #5511 ), #644 ) ;
#3713 = DIRECTION ( 'NONE',  ( 1.000000000000000000, 0.000000000000000000, 0.000000000000000000 ) ) ;
#3714 =( NAMED_UNIT ( * ) PLANE_ANGLE_UNIT ( ) SI_UNIT ( $, .RADIAN. ) );
#3715 = ORIENTED_EDGE ( 'NONE', *, *, #3951, .F. ) ;
#3716 = CARTESIAN_POINT ( 'NONE',  ( -0.6074319325474580866, 1.034999999999999920, -0.6487998170869914150 ) ) ;
#3717 = EDGE_CURVE ( 'NONE', #5485, #1308, #3098, .T. ) ;
#3718 = B_SPLINE_CURVE_WITH_KNOTS ( 'NONE', 3,
 ( #849, #4955, #4927, #5449, #407, #3927, #2414, #1431, #1897, #1914, #1413 ),
 .UNSPECIFIED., .F., .F.,
 ( 4, 1, 1, 1, 1, 1, 1, 1, 4 ),
 ( 0.000000000000000000, 0.1264630745233724651, 0.2522466205712358134, 0.3779551316873580591, 0.5025970568683888473, 0.6268928064531410493, 0.7507601890909383346, 0.8748330682497765798, 1.000000000000000000 ),
 .UNSPECIFIED. ) ;
#3719 = ORIENTED_EDGE ( 'NONE', *, *, #4382, .F. ) ;
#3720 = ORIENTED_EDGE ( 'NONE', *, *, #5885, .T. ) ;
#3721 = CARTESIAN_POINT ( 'NONE',  ( 0.5207167764688062084, 1.034999999999999920, 0.8412040476659464749 ) ) ;
#3722 = ORIENTED_EDGE ( 'NONE', *, *, #5181, .F. ) ;
#3723 = CARTESIAN_POINT ( 'NONE',  ( 0.1660975507892901992, 1.034999999999999920, 1.113162156003708159 ) ) ;
#3724 = DIRECTION ( 'NONE',  ( -0.000000000000000000, -1.000000000000000000, -0.000000000000000000 ) ) ;
#3725 = CARTESIAN_POINT ( 'NONE',  ( -0.1741733479791433004, 1.024999999999999689, -1.098788724700767050 ) ) ;
#3726 = LINE ( 'NONE', #3231, #3986 ) ;
#3727 = COLOUR_RGB ( '',1.000000000000000000, 1.000000000000000000, 1.000000000000000000 ) ;
#3728 = CARTESIAN_POINT ( 'NONE',  ( -0.1400841346153841038, 1.024999999999999911, -0.9344951923076924016 ) ) ;
#3729 = CARTESIAN_POINT ( 'NONE',  ( -0.5918774928055327011, 1.034999999999999920, -0.1084899168210473192 ) ) ;
#3730 = UNCERTAINTY_MEASURE_WITH_UNIT (LENGTH_MEASURE( 1.000000000000000082E-05 ), #3393, 'distance_accuracy_value', 'NONE');
#3731 =( LENGTH_UNIT ( ) NAMED_UNIT ( * ) SI_UNIT ( .MILLI., .METRE. ) );
#3732 = VERTEX_POINT ( 'NONE', #4444 ) ;
#3733 = CARTESIAN_POINT ( 'NONE',  ( -1.499999999999996891, 1.024999999999999911, -1.650000000000000799 ) ) ;
#3734 = CARTESIAN_POINT ( 'NONE',  ( -0.4973557692307687961, 1.025000000000000133, -0.8061899038461538547 ) ) ;
#3735 = VECTOR ( 'NONE', #3724, 1000.000000000000000 ) ;
#3736 = CARTESIAN_POINT ( 'NONE',  ( 0.4376011954984548313, 1.034999999999999920, -1.218838853150802537 ) ) ;
#3737 = ORIENTED_EDGE ( 'NONE', *, *, #3354, .T. ) ;
#3738 = CYLINDRICAL_SURFACE ( 'NONE', #5114, 0.1500000000000006051 ) ;
#3739 = COLOUR_RGB ( '',1.000000000000000000, 1.000000000000000000, 1.000000000000000000 ) ;
#3740 = CARTESIAN_POINT ( 'NONE',  ( 0.8076923076923077094, 1.034999999999999920, 1.403846153846154188 ) ) ;
#3741 = UNCERTAINTY_MEASURE_WITH_UNIT (LENGTH_MEASURE( 1.000000000000000082E-05 ), #1866, 'distance_accuracy_value', 'NONE');
#3742 =( NAMED_UNIT ( * ) SI_UNIT ( $, .STERADIAN. ) SOLID_ANGLE_UNIT ( ) );
#3743 = COLOUR_RGB ( '',1.000000000000000000, 1.000000000000000000, 1.000000000000000000 ) ;
#3744 = CARTESIAN_POINT ( 'NONE',  ( -0.5844380456911785204, 1.034999999999999920, -0.1985289288117806084 ) ) ;
#3745 = DIRECTION ( 'NONE',  ( -0.000000000000000000, -1.000000000000000000, -0.000000000000000000 ) ) ;
#3746 = DIRECTION ( 'NONE',  ( -0.000000000000000000, -1.000000000000000000, -0.000000000000000000 ) ) ;
#3747 = ADVANCED_FACE ( 'NONE', ( #284 ), #4742, .T. ) ;
#3748 = AXIS2_PLACEMENT_3D ( 'NONE', #777, #3188, #692 ) ;
#3749 = LINE ( 'NONE', #635, #4551 ) ;
#3750 = DIRECTION ( 'NONE',  ( -0.000000000000000000, -1.000000000000000000, -0.000000000000000000 ) ) ;
#3751 = ORIENTED_EDGE ( 'NONE', *, *, #6247, .F. ) ;
#3752 = CARTESIAN_POINT ( 'NONE',  ( -0.006024601265698756487, 1.024999999999999689, 1.280269342272169819 ) ) ;
#3753 = LINE ( 'NONE', #5371, #2264 ) ;
#3754 = PRESENTATION_LAYER_ASSIGNMENT (  '', '', ( #393 ) ) ;
#3755 = CARTESIAN_POINT ( 'NONE',  ( 0.4903629656854134322, 1.024999999999999245, 1.348635032081523466 ) ) ;
#3756 = CARTESIAN_POINT ( 'NONE',  ( 0.3501566273940918683, 1.024999999999999911, -0.7995306153542193206 ) ) ;
#3757 =( GEOMETRIC_REPRESENTATION_CONTEXT ( 3 ) GLOBAL_UNCERTAINTY_ASSIGNED_CONTEXT ( ( #3555 ) ) GLOBAL_UNIT_ASSIGNED_CONTEXT ( ( #3123, #117, #2253 ) ) REPRESENTATION_CONTEXT ( 'NONE', 'WORKASPACE' ) );
#3758 = CARTESIAN_POINT ( 'NONE',  ( -0.2743334047121316344, 1.024999999999999911, -1.025083165816942810 ) ) ;
#3759 = CARTESIAN_POINT ( 'NONE',  ( -0.7059367106789888879, 1.024999999999999911, 1.263398958623645596 ) ) ;
#3760 = CARTESIAN_POINT ( 'NONE',  ( -1.999999999999999556, 1.024999999999999911, -1.850000000000000977 ) ) ;
#3761 = ORIENTED_EDGE ( 'NONE', *, *, #3505, .F. ) ;
#3762 = DIRECTION ( 'NONE',  ( 0.000000000000000000, 0.000000000000000000, -1.000000000000000000 ) ) ;
#3763 = CARTESIAN_POINT ( 'NONE',  ( -0.3242788461538456679, 1.024999999999999911, 0.1923076923076923184 ) ) ;
#3764 = CARTESIAN_POINT ( 'NONE',  ( 0.7637620192307699174, 1.035000000000000142, -0.2397836538461539380 ) ) ;
#3765 = DIRECTION ( 'NONE',  ( -1.000000000000000000, -1.106079984093971783E-13, 0.000000000000000000 ) ) ;
#3766 = EDGE_CURVE ( 'NONE', #3011, #6397, #4387, .T. ) ;
#3767 = CARTESIAN_POINT ( 'NONE',  ( -0.3593822592349284473, 1.034999999999999476, 0.9148849069587252636 ) ) ;
#3768 = CARTESIAN_POINT ( 'NONE',  ( 0.1062076452984871827, 1.024999999999999467, 0.7728591684128819361 ) ) ;
#3769 = CARTESIAN_POINT ( 'NONE',  ( 0.4858491144879618084, 1.025000000000000133, -1.156702550493418302 ) ) ;
#3770 = DIRECTION ( 'NONE',  ( 1.000000000000000000, 0.000000000000000000, 0.000000000000000000 ) ) ;
#3771 = CARTESIAN_POINT ( 'NONE',  ( 0.4111907834322256483, 1.035000000000000142, 0.05169397258592269701 ) ) ;
#3772 = FILL_AREA_STYLE ('',( #233 ) ) ;
#3773 = B_SPLINE_CURVE_WITH_KNOTS ( 'NONE', 3,
 ( #6521, #4014, #4400, #3519, #4434, #1749, #1266, #5754, #2194, #5187, #3660, #149, #3201, #5230, #1204, #1643, #131 ),
 .UNSPECIFIED., .F., .F.,
 ( 4, 1, 1, 1, 1, 1, 1, 1, 1, 1, 1, 1, 1, 1, 4 ),
 ( 0.000000000000000000, 0.1306390843628615628, 0.2544568901696821484, 0.3137772390120038835, 0.3703678411731463616, 0.4260729027491878540, 0.4813380520100981053, 0.5369781608614393464, 0.5924188786203403723, 0.6507905937605916735, 0.7112318957259234908, 0.7752293137976041804, 0.8447256086505677830, 0.9192770964749228391, 1.000000000000000000 ),
 .UNSPECIFIED. ) ;
#3774 = CARTESIAN_POINT ( 'NONE',  ( -0.5131259277043459521, 1.034999999999999698, 0.7580082180372671452 ) ) ;
#3775 = PLANE ( 'NONE',  #210 ) ;
#3776 = CARTESIAN_POINT ( 'NONE',  ( 0.3256516634535224775, 1.024999999999999689, 1.438671195898516331 ) ) ;
#3777 = CARTESIAN_POINT ( 'NONE',  ( 0.1598482128031670224, 1.034999999999999698, -1.095686546644943915 ) ) ;
#3778 = CARTESIAN_POINT ( 'NONE',  ( 0.4230769230769230171, 1.034999999999999920, 0.9711538461538463674 ) ) ;
#3779 = SURFACE_STYLE_USAGE ( .BOTH. , #1690 ) ;
#3780 = SURFACE_SIDE_STYLE ('',( #4338 ) ) ;
#3781 = ORIENTED_EDGE ( 'NONE', *, *, #869, .T. ) ;
#3782 = ADVANCED_FACE ( 'NONE', ( #5018 ), #4731, .F. ) ;
#3783 = CARTESIAN_POINT ( 'NONE',  ( -0.1400985703205436250, 1.025000000000000133, -1.119468603191276168 ) ) ;
#3784 = MECHANICAL_DESIGN_GEOMETRIC_PRESENTATION_REPRESENTATION (  '', ( #6492 ), #75 ) ;
#3785 = CARTESIAN_POINT ( 'NONE',  ( -0.4524131457746682905, 1.035000000000000142, 1.162661105553342455 ) ) ;
#3786 = VECTOR ( 'NONE', #4650, 1000.000000000000000 ) ;
#3787 = CARTESIAN_POINT ( 'NONE',  ( 0.01307091346153835265, 1.024999999999999911, 1.264723557692308153 ) ) ;
#3788 = ORIENTED_EDGE ( 'NONE', *, *, #6, .F. ) ;
#3789 = CARTESIAN_POINT ( 'NONE',  ( 0.04056952584390834116, 1.024999999999999689, 0.7533978999952610778 ) ) ;
#3790 = CARTESIAN_POINT ( 'NONE',  ( -0.7831691428522710163, 1.035000000000000142, 0.8340822251097764761 ) ) ;
#3791 = CARTESIAN_POINT ( 'NONE',  ( 0.4383311012913728155, 1.024999999999999911, 0.9028740862858286587 ) ) ;
#3792 = SURFACE_STYLE_USAGE ( .BOTH. , #4219 ) ;
#3793 =( GEOMETRIC_REPRESENTATION_CONTEXT ( 3 ) GLOBAL_UNCERTAINTY_ASSIGNED_CONTEXT ( ( #4449 ) ) GLOBAL_UNIT_ASSIGNED_CONTEXT ( ( #6138, #2656, #1073 ) ) REPRESENTATION_CONTEXT ( 'NONE', 'WORKASPACE' ) );
#3794 = CARTESIAN_POINT ( 'NONE',  ( -0.8264723557692307265, 1.034999999999999920, 1.433293269230769384 ) ) ;
#3795 = PRESENTATION_LAYER_ASSIGNMENT (  '', '', ( #308 ) ) ;
#3796 = CARTESIAN_POINT ( 'NONE',  ( 0.1245099311484084564, 1.035000000000000142, 1.162661105553342678 ) ) ;
#3797 = CARTESIAN_POINT ( 'NONE',  ( -1.604999999999999982, -1.024999999999999911, 1.625000000000000000 ) ) ;
#3798 = CARTESIAN_POINT ( 'NONE',  ( 0.003478855374109763882, 1.034999999999999920, -1.027473186548486295 ) ) ;
#3799 = CARTESIAN_POINT ( 'NONE',  ( 0.1946089425212500224, 1.035000000000000142, -1.106241961477663294 ) ) ;
#3800 = CARTESIAN_POINT ( 'NONE',  ( -0.1239584053553315218, 1.034999999999999476, 0.8814623108698971254 ) ) ;
#3801 = CARTESIAN_POINT ( 'NONE',  ( 0.5508732536577788386, 1.025000000000000133, -0.2345128082822559301 ) ) ;
#3802 = CARTESIAN_POINT ( 'NONE',  ( -0.1239584053553315218, 1.034999999999999476, 0.8814623108698971254 ) ) ;
#3803 = CARTESIAN_POINT ( 'NONE',  ( -0.1538461538461539935, 1.034999999999999920, 0.9711538461538465894 ) ) ;
#3804 = VERTEX_POINT ( 'NONE', #4206 ) ;
#3805 = CARTESIAN_POINT ( 'NONE',  ( -0.3651477395537966464, 1.035000000000000364, 1.023495007546663116 ) ) ;
#3806 = CARTESIAN_POINT ( 'NONE',  ( -0.7697840173214464121, 1.024999999999999911, 0.8183052022479979648 ) ) ;
#3807 = EDGE_LOOP ( 'NONE', ( #4196, #6067, #1789, #1682 ) ) ;
#3808 = CARTESIAN_POINT ( 'NONE',  ( -0.1581832929396715381, 1.024999999999999689, 1.291137545940029163 ) ) ;
#3809 = FILL_AREA_STYLE_COLOUR ( '', #3727 ) ;
#3810 = MECHANICAL_DESIGN_GEOMETRIC_PRESENTATION_REPRESENTATION (  '', ( #4538 ), #3945 ) ;
#3811 =( NAMED_UNIT ( * ) SI_UNIT ( $, .STERADIAN. ) SOLID_ANGLE_UNIT ( ) );
#3812 = LINE ( 'NONE', #890, #2641 ) ;
#3813 = EDGE_CURVE ( 'NONE', #6511, #2012, #4199, .T. ) ;
#3814 = VERTEX_POINT ( 'NONE', #2651 ) ;
#3815 = VECTOR ( 'NONE', #2843, 1000.000000000000000 ) ;
#3816 = CARTESIAN_POINT ( 'NONE',  ( -0.7653846153846148859, 1.034999999999999920, -0.09855769230769233225 ) ) ;
#3817 = B_SPLINE_CURVE_WITH_KNOTS ( 'NONE', 3,
 ( #5066, #4571, #3140, #1633, #2660, #76, #2065, #640, #4103, #1119, #4660, #6158, #4169, #5089, #2614, #1546, #6124 ),
 .UNSPECIFIED., .F., .F.,
 ( 4, 1, 1, 1, 1, 1, 1, 1, 1, 1, 1, 1, 1, 1, 4 ),
 ( 0.000000000000000000, 0.1306390843628615628, 0.2544568901696821484, 0.3137772390120038835, 0.3703678411731463616, 0.4260729027491878540, 0.4813380520100981053, 0.5369781608614393464, 0.5924188786203403723, 0.6507905937605916735, 0.7112318957259234908, 0.7752293137976041804, 0.8447256086505677830, 0.9192770964749228391, 1.000000000000000000 ),
 .UNSPECIFIED. ) ;
#3818 = EDGE_LOOP ( 'NONE', ( #5411, #6493, #4831, #514 ) ) ;
#3819 = FACE_OUTER_BOUND ( 'NONE', #5155, .T. ) ;
#3820 =( NAMED_UNIT ( * ) PLANE_ANGLE_UNIT ( ) SI_UNIT ( $, .RADIAN. ) );
#3821 = CARTESIAN_POINT ( 'NONE',  ( -0.6594614132106191295, 1.024999999999999911, 0.7572851291288785758 ) ) ;
#3822 = LINE ( 'NONE', #730, #3902 ) ;
#3823 = UNCERTAINTY_MEASURE_WITH_UNIT (LENGTH_MEASURE( 1.000000000000000082E-05 ), #3572, 'distance_accuracy_value', 'NONE');
#3824 = CARTESIAN_POINT ( 'NONE',  ( 0.3647235576923080758, 1.024999999999999689, -1.085036057692307709 ) ) ;
#3825 = CARTESIAN_POINT ( 'NONE',  ( -0.7130408653846154188, 1.034999999999999920, 1.403846153846154188 ) ) ;
#3826 = PRESENTATION_LAYER_ASSIGNMENT (  '', '', ( #5860 ) ) ;
#3827 = COLOUR_RGB ( '',1.000000000000000000, 1.000000000000000000, 1.000000000000000000 ) ;
#3828 = CARTESIAN_POINT ( 'NONE',  ( -0.6598274294242799654, 1.025000000000000133, 1.224482152663803003 ) ) ;
#3829 = CARTESIAN_POINT ( 'NONE',  ( -0.01171875000000011796, 1.034999999999999920, 0.8365384615384620082 ) ) ;
#3830 = FILL_AREA_STYLE ('',( #4816 ) ) ;
#3831 = CARTESIAN_POINT ( 'NONE',  ( -0.1235576923076918271, 1.025000000000000355, -1.129507211538461675 ) ) ;
#3832 = DIRECTION ( 'NONE',  ( 0.000000000000000000, 0.000000000000000000, -1.000000000000000000 ) ) ;
#3833 = CYLINDRICAL_SURFACE ( 'NONE', #3933, 0.05000000000000002359 ) ;
#3834 = CARTESIAN_POINT ( 'NONE',  ( -0.3557692307692307820, 1.034999999999999920, 0.9570312500000002220 ) ) ;
#3835 = EDGE_LOOP ( 'NONE', ( #4373, #432, #1994, #2861 ) ) ;
#3836 = SURFACE_STYLE_FILL_AREA ( #2964 ) ;
#3837 = FILL_AREA_STYLE_COLOUR ( '', #2000 ) ;
#3838 = CARTESIAN_POINT ( 'NONE',  ( -0.8125654580808538974, 1.034999999999999698, 0.8912785242938491281 ) ) ;
#3839 = CARTESIAN_POINT ( 'NONE',  ( 0.7978702046083667732, 1.034999999999999920, 0.9644531001897752587 ) ) ;
#3840 =( NAMED_UNIT ( * ) PLANE_ANGLE_UNIT ( ) SI_UNIT ( $, .RADIAN. ) );
#3841 = CARTESIAN_POINT ( 'NONE',  ( -0.4543483252231629854, 1.024999999999999911, 0.9837818860903955187 ) ) ;
#3842 = MECHANICAL_DESIGN_GEOMETRIC_PRESENTATION_REPRESENTATION (  '', ( #3970 ), #805 ) ;
#3843 = CARTESIAN_POINT ( 'NONE',  ( 0.6708099671644118800, 1.025000000000000133, 1.050369067633049491 ) ) ;
#3844 = CARTESIAN_POINT ( 'NONE',  ( 0.5174975620148425381, 1.034999999999999920, 0.7531031900268575496 ) ) ;
#3845 = CARTESIAN_POINT ( 'NONE',  ( -0.7017214972734435730, 1.024999999999999911, 0.7708032052688807978 ) ) ;
#3846 = DIRECTION ( 'NONE',  ( 0.000000000000000000, 0.000000000000000000, -1.000000000000000000 ) ) ;
#3847 = EDGE_CURVE ( 'NONE', #1308, #5245, #195, .T. ) ;
#3848 =( LENGTH_UNIT ( ) NAMED_UNIT ( * ) SI_UNIT ( .MILLI., .METRE. ) );
#3849 = DIRECTION ( 'NONE',  ( -0.9950371902099890420, 0.000000000000000000, -0.09950371902099883203 ) ) ;
#3850 = DIRECTION ( 'NONE',  ( -0.000000000000000000, -1.000000000000000000, -0.000000000000000000 ) ) ;
#3851 = CARTESIAN_POINT ( 'NONE',  ( -0.8365384615384616751, 1.024999999999999911, 1.500000000000000444 ) ) ;
#3852 = CARTESIAN_POINT ( 'NONE',  ( 0.8043269230769236611, 1.024999999999999689, -0.4615384615384615641 ) ) ;
#3853 = CARTESIAN_POINT ( 'NONE',  ( 0.5186337150232300797, 1.024999999999999911, -1.044226880279282454 ) ) ;
#3854 = AXIS2_PLACEMENT_3D ( 'NONE', #1383, #2906, #6421 ) ;
#3855 = FILL_AREA_STYLE ('',( #3837 ) ) ;
#3856 = DIRECTION ( 'NONE',  ( -0.000000000000000000, -0.000000000000000000, -1.000000000000000000 ) ) ;
#3857 = VECTOR ( 'NONE', #4735, 1000.000000000000000 ) ;
#3858 = FILL_AREA_STYLE ('',( #5378 ) ) ;
#3859 = EDGE_CURVE ( 'NONE', #6397, #3888, #4721, .T. ) ;
#3860 = DIRECTION ( 'NONE',  ( 7.228014483236697048E-17, -0.000000000000000000, 1.000000000000000000 ) ) ;
#3861 = CARTESIAN_POINT ( 'NONE',  ( 0.3305557299090917112, 1.034999999999999920, 1.424506378665186146 ) ) ;
#3862 =( NAMED_UNIT ( * ) SI_UNIT ( $, .STERADIAN. ) SOLID_ANGLE_UNIT ( ) );
#3863 = CARTESIAN_POINT ( 'NONE',  ( 0.3279068673665953004, 1.035000000000000142, 0.9531584188986652606 ) ) ;
#3864 =( LENGTH_UNIT ( ) NAMED_UNIT ( * ) SI_UNIT ( .MILLI., .METRE. ) );
#3865 = ORIENTED_EDGE ( 'NONE', *, *, #564, .F. ) ;
#3866 = CARTESIAN_POINT ( 'NONE',  ( -0.4520274769486910538, 1.035000000000000142, 0.9537176434545550086 ) ) ;
#3867 = DIRECTION ( 'NONE',  ( -1.000000000000000000, 0.000000000000000000, -0.000000000000000000 ) ) ;
#3868 = CARTESIAN_POINT ( 'NONE',  ( -0.4796274038461533773, 1.024999999999999467, -0.5255408653846154188 ) ) ;
#3869 = CARTESIAN_POINT ( 'NONE',  ( -0.8281944903926312662, 1.024999999999999689, 1.438671195898516331 ) ) ;
#3870 = CARTESIAN_POINT ( 'NONE',  ( 0.7388950688223768770, 1.034999999999999698, -0.2139691438659765965 ) ) ;
#3871 = ORIENTED_EDGE ( 'NONE', *, *, #2212, .F. ) ;
#3872 = MECHANICAL_DESIGN_GEOMETRIC_PRESENTATION_REPRESENTATION (  '', ( #5285 ), #1170 ) ;
#3873 = CARTESIAN_POINT ( 'NONE',  ( 0.5035675598360680461, 1.024999999999999911, -1.008896259176364385 ) ) ;
#3874 = ORIENTED_EDGE ( 'NONE', *, *, #3262, .F. ) ;
#3875 = FILL_AREA_STYLE_COLOUR ( '', #3739 ) ;
#3876 = CARTESIAN_POINT ( 'NONE',  ( -0.7549970048646593712, 1.034999999999999698, 0.8038894595579940683 ) ) ;
#3877 = DIRECTION ( 'NONE',  ( -0.000000000000000000, -1.000000000000000000, -0.000000000000000000 ) ) ;
#3878 = CARTESIAN_POINT ( 'NONE',  ( 0.7014330080714856752, 1.024999999999999911, 1.162661105553342678 ) ) ;
#3879 = FILL_AREA_STYLE_COLOUR ( '', #4528 ) ;
#3880 = PRESENTATION_LAYER_ASSIGNMENT (  '', '', ( #1043 ) ) ;
#3881 = CARTESIAN_POINT ( 'NONE',  ( -0.5334125445265935905, 1.024999999999999689, 0.8449640240426656845 ) ) ;
#3882 = CARTESIAN_POINT ( 'NONE',  ( 0.7980769230769230171, 1.034999999999999920, 0.9570312500000002220 ) ) ;
#3883 = ORIENTED_EDGE ( 'NONE', *, *, #2124, .T. ) ;
#3884 =( NAMED_UNIT ( * ) SI_UNIT ( $, .STERADIAN. ) SOLID_ANGLE_UNIT ( ) );
#3885 = CARTESIAN_POINT ( 'NONE',  ( -0.1361177884615386025, 1.024999999999999911, 1.403846153846154410 ) ) ;
#3886 = CARTESIAN_POINT ( 'NONE',  ( -0.6849205315284643270, 1.025000000000000133, 0.1946866269890298318 ) ) ;
#3887 = SURFACE_STYLE_USAGE ( .BOTH. , #381 ) ;
#3888 = VERTEX_POINT ( 'NONE', #5353 ) ;
#3889 = CARTESIAN_POINT ( 'NONE',  ( 0.05835173303678203860, 1.034999999999999920, 1.094640769511485701 ) ) ;
#3890 = ORIENTED_EDGE ( 'NONE', *, *, #6299, .F. ) ;
#3891 = CARTESIAN_POINT ( 'NONE',  ( 0.3861230175919913021, 1.024999999999999911, -0.8265909181066614098 ) ) ;
#3892 = PRESENTATION_LAYER_ASSIGNMENT (  '', '', ( #1869 ) ) ;
#3893 = CARTESIAN_POINT ( 'NONE',  ( -0.5886418269230768718, 1.034999999999999920, 0.8365384615384617861 ) ) ;
#3894 = ORIENTED_EDGE ( 'NONE', *, *, #4722, .F. ) ;
#3895 = DIRECTION ( 'NONE',  ( 0.000000000000000000, 0.000000000000000000, -1.000000000000000000 ) ) ;
#3896 = CARTESIAN_POINT ( 'NONE',  ( -0.3338942307692303046, 1.024999999999999911, 0.3461538461538462563 ) ) ;
#3897 = CARTESIAN_POINT ( 'NONE',  ( -0.2546906624815021281, 1.024999999999999911, 1.449348915395679116 ) ) ;
#3898 = ORIENTED_EDGE ( 'NONE', *, *, #5679, .F. ) ;
#3899 = CARTESIAN_POINT ( 'NONE',  ( 0.4476278661289336824, 1.034999999999999698, -0.9099912304720043643 ) ) ;
#3900 = COLOUR_RGB ( '',0.4980392156862745168, 0.4980392156862745168, 0.4980392156862745168 ) ;
#3901 = VECTOR ( 'NONE', #4713, 1000.000000000000000 ) ;
#3902 = VECTOR ( 'NONE', #1218, 1000.000000000000000 ) ;
#3903 = CARTESIAN_POINT ( 'NONE',  ( -0.1127526067484372341, 1.034999999999999476, 1.248891001546740709 ) ) ;
#3904 = APPLICATION_CONTEXT ( 'automotive_design' ) ;
#3905 = EDGE_CURVE ( 'NONE', #2996, #2873, #6171, .T. ) ;
#3906 = CARTESIAN_POINT ( 'NONE',  ( 0.4327727657444420672, 1.024999999999999911, 1.277465502956919075 ) ) ;
#3907 = FACE_OUTER_BOUND ( 'NONE', #1454, .T. ) ;
#3908 = CARTESIAN_POINT ( 'NONE',  ( -0.4520274769486910538, 1.025000000000000133, 0.9537176434545550086 ) ) ;
#3909 = PRODUCT ( 'XFL4020-222MEC', 'XFL4020-222MEC', '', ( #5428 ) ) ;
#3910 = VECTOR ( 'NONE', #3024, 1000.000000000000000 ) ;
#3911 = LINE ( 'NONE', #5241, #2655 ) ;
#3912 = VECTOR ( 'NONE', #3750, 1000.000000000000000 ) ;
#3913 = CARTESIAN_POINT ( 'NONE',  ( 0.3988491489814942614, 1.024999999999999689, 0.8038894595579940683 ) ) ;
#3914 = CARTESIAN_POINT ( 'NONE',  ( -0.3338942307692302491, 1.024999999999999911, 0.3461538461538462008 ) ) ;
#3915 = VECTOR ( 'NONE', #1719, 1000.000000000000000 ) ;
#3916 = DIRECTION ( 'NONE',  ( 0.000000000000000000, 0.000000000000000000, 1.000000000000000000 ) ) ;
#3917 = PRESENTATION_STYLE_ASSIGNMENT (( #5120 ) ) ;
#3918 = STYLED_ITEM ( 'NONE', ( #1234 ), #3243 ) ;
#3919 = CARTESIAN_POINT ( 'NONE',  ( 0.1022007499196339181, 1.034999999999999698, 1.036833623450327035 ) ) ;
#3920 = CARTESIAN_POINT ( 'NONE',  ( -0.5938550817833943007, 1.034999999999999698, 0.8366581879303759406 ) ) ;
#3921 = VERTEX_POINT ( 'NONE', #3705 ) ;
#3922 = CARTESIAN_POINT ( 'NONE',  ( -0.5131259277043459521, 1.024999999999999689, 0.7580082180372671452 ) ) ;
#3923 = VECTOR ( 'NONE', #3849, 1000.000000000000227 ) ;
#3924 = CARTESIAN_POINT ( 'NONE',  ( 0.1102579278943475599, 1.025000000000000133, 0.2288260439057090145 ) ) ;
#3925 = CARTESIAN_POINT ( 'NONE',  ( 0.5136576272134638632, 1.034999999999999920, -1.030311827663808133 ) ) ;
#3926 = STYLED_ITEM ( 'NONE', ( #3981 ), #4618 ) ;
#3927 = CARTESIAN_POINT ( 'NONE',  ( -0.3336405278139464303, 1.025000000000000355, -0.7476885298322695217 ) ) ;
#3928 = CARTESIAN_POINT ( 'NONE',  ( 0.2571514423076928235, 1.035000000000000142, -1.269230769230769162 ) ) ;
#3929 = CARTESIAN_POINT ( 'NONE',  ( -0.7613719684852172653, 1.034999999999999920, -0.1911989109514751206 ) ) ;
#3930 =( NAMED_UNIT ( * ) SI_UNIT ( $, .STERADIAN. ) SOLID_ANGLE_UNIT ( ) );
#3931 = ORIENTED_EDGE ( 'NONE', *, *, #5304, .T. ) ;
#3932 = CARTESIAN_POINT ( 'NONE',  ( 0.1249999999999999167, 1.035000000000000142, 0.9579326923076928457 ) ) ;
#3933 = AXIS2_PLACEMENT_3D ( 'NONE', #748, #4274, #2850 ) ;
#3934 = FILL_AREA_STYLE ('',( #6449 ) ) ;
#3935 = CARTESIAN_POINT ( 'NONE',  ( -0.03980813274335292390, 1.024999999999999911, 1.308609899621553163 ) ) ;
#3936 = CARTESIAN_POINT ( 'NONE',  ( -0.3516370337865993290, 1.025000000000000133, 0.3457236207892979141 ) ) ;
#3937 = CARTESIAN_POINT ( 'NONE',  ( 0.1810024900132512493, 1.035000000000000142, 0.02458421164367133316 ) ) ;
#3938 = EDGE_CURVE ( 'NONE', #4863, #753, #2157, .T. ) ;
#3939 = CIRCLE ( 'NONE', #2270, 0.1500000000000006051 ) ;
#3940 = CARTESIAN_POINT ( 'NONE',  ( -0.4620233154719587954, 1.034999999999999698, 1.010118407490751657 ) ) ;
#3941 = CARTESIAN_POINT ( 'NONE',  ( 0.7850000000000001421, -1.025000000000000355, 1.574999999999999956 ) ) ;
#3942 = CARTESIAN_POINT ( 'NONE',  ( 0.5547742813198949241, 1.034999999999999920, 1.172529277259950931 ) ) ;
#3943 = CARTESIAN_POINT ( 'NONE',  ( 0.8500000000000005329, 1.024999999999999911, -0.3948317307692308376 ) ) ;
#3944 = CARTESIAN_POINT ( 'NONE',  ( 0.4160778691295344833, 1.034999999999999698, -0.8630590810234309851 ) ) ;
#3945 =( GEOMETRIC_REPRESENTATION_CONTEXT ( 3 ) GLOBAL_UNCERTAINTY_ASSIGNED_CONTEXT ( ( #3241 ) ) GLOBAL_UNIT_ASSIGNED_CONTEXT ( ( #4392, #6424, #3884 ) ) REPRESENTATION_CONTEXT ( 'NONE', 'WORKASPACE' ) );
#3946 = CIRCLE ( 'NONE', #6538, 0.1499999999999997446 ) ;
#3947 = ORIENTED_EDGE ( 'NONE', *, *, #482, .T. ) ;
#3948 = CARTESIAN_POINT ( 'NONE',  ( 1.999999999999999112, 1.024999999999999911, -1.850000000000000977 ) ) ;
#3949 = CARTESIAN_POINT ( 'NONE',  ( 0.4854209920678782542, 1.034999999999999698, -0.1830055520264644575 ) ) ;
#3950 = CARTESIAN_POINT ( 'NONE',  ( 0.6324642651280327765, 1.025000000000000133, 0.8499915930093840943 ) ) ;
#3951 = EDGE_CURVE ( 'NONE', #3333, #1927, #4398, .T. ) ;
#3952 = SURFACE_SIDE_STYLE ('',( #4174 ) ) ;
#3953 = DIRECTION ( 'NONE',  ( -0.000000000000000000, -1.000000000000000000, -0.000000000000000000 ) ) ;
#3954 = VECTOR ( 'NONE', #2146, 1000.000000000000000 ) ;
#3955 = CARTESIAN_POINT ( 'NONE',  ( -0.2398884097497334944, 1.034999999999999920, 1.406614822300994661 ) ) ;
#3956 = ORIENTED_EDGE ( 'NONE', *, *, #2717, .F. ) ;
#3957 = UNCERTAINTY_MEASURE_WITH_UNIT (LENGTH_MEASURE( 1.000000000000000082E-05 ), #5662, 'distance_accuracy_value', 'NONE');
#3958 = DIRECTION ( 'NONE',  ( -0.000000000000000000, -1.000000000000000000, -0.000000000000000000 ) ) ;
#3959 = B_SPLINE_CURVE_WITH_KNOTS ( 'NONE', 3,
 ( #2222, #4189, #4774, #4707, #6245, #1745, #1672, #6203, #177, #5286, #3224 ),
 .UNSPECIFIED., .F., .F.,
 ( 4, 1, 1, 1, 1, 1, 1, 1, 4 ),
 ( 0.000000000000000000, 0.08982226816897592725, 0.1871858735996305978, 0.2931954017053314820, 0.4089337604228172607, 0.5383757029064345501, 0.6787602136966732758, 0.8331740874230403326, 1.000000000000000000 ),
 .UNSPECIFIED. ) ;
#3960 = AXIS2_PLACEMENT_3D ( 'NONE', #1025, #5592, #2994 ) ;
#3961 = DIRECTION ( 'NONE',  ( 0.000000000000000000, 0.000000000000000000, -1.000000000000000000 ) ) ;
#3962 = CARTESIAN_POINT ( 'NONE',  ( -0.5886418269230768718, 1.025000000000000133, 0.8365384615384617861 ) ) ;
#3963 = FILL_AREA_STYLE_COLOUR ( '', #4904 ) ;
#3964 = CARTESIAN_POINT ( 'NONE',  ( -0.6040578046535315382, 1.034999999999999698, 0.8368925012777318484 ) ) ;
#3965 = CARTESIAN_POINT ( 'NONE',  ( 0.6873853076905492854, 1.025000000000000133, 0.9000261689353129535 ) ) ;
#3966 = CARTESIAN_POINT ( 'NONE',  ( 0.6493710974169384365, 1.034999999999999476, 1.078940445635439893 ) ) ;
#3967 = CARTESIAN_POINT ( 'NONE',  ( -0.03485701459109043915, 1.024999999999999911, -1.176676445359459144 ) ) ;
#3968 = VERTEX_POINT ( 'NONE', #2311 ) ;
#3969 = DIRECTION ( 'NONE',  ( -0.000000000000000000, -1.000000000000000000, -0.000000000000000000 ) ) ;
#3970 = STYLED_ITEM ( 'NONE', ( #2206 ), #2095 ) ;
#3971 = DIRECTION ( 'NONE',  ( -0.000000000000000000, -1.000000000000000000, -0.000000000000000000 ) ) ;
#3972 = SURFACE_SIDE_STYLE ('',( #4375 ) ) ;
#3973 = CARTESIAN_POINT ( 'NONE',  ( 0.2141237892273745169, 1.025000000000000355, -1.265855689187115996 ) ) ;
#3974 =( LENGTH_UNIT ( ) NAMED_UNIT ( * ) SI_UNIT ( .MILLI., .METRE. ) );
#3975 = VERTEX_POINT ( 'NONE', #3763 ) ;
#3976 = DIRECTION ( 'NONE',  ( 1.000000000000000000, 0.000000000000000000, 0.000000000000000000 ) ) ;
#3977 =( GEOMETRIC_REPRESENTATION_CONTEXT ( 3 ) GLOBAL_UNCERTAINTY_ASSIGNED_CONTEXT ( ( #2978 ) ) GLOBAL_UNIT_ASSIGNED_CONTEXT ( ( #6412, #905, #4441 ) ) REPRESENTATION_CONTEXT ( 'NONE', 'WORKASPACE' ) );
#3978 = CARTESIAN_POINT ( 'NONE',  ( -0.2596454693482048159, 1.034999999999999698, 1.482875074157175677 ) ) ;
#3979 = CARTESIAN_POINT ( 'NONE',  ( 0.6918228383741951149, 1.035000000000000142, 1.010118407490751880 ) ) ;
#3980 = VERTEX_POINT ( 'NONE', #5778 ) ;
#3981 = PRESENTATION_STYLE_ASSIGNMENT (( #1899 ) ) ;
#3982 = CARTESIAN_POINT ( 'NONE',  ( 0.3222324144415747993, 1.024999999999999911, 1.449348915395678894 ) ) ;
#3983 = DIRECTION ( 'NONE',  ( 1.000000000000000000, -0.000000000000000000, 0.000000000000000000 ) ) ;
#3984 = CARTESIAN_POINT ( 'NONE',  ( -0.5633607858752271991, 1.035000000000000142, 0.2980271123610587769 ) ) ;
#3985 = VERTEX_POINT ( 'NONE', #2757 ) ;
#3986 = VECTOR ( 'NONE', #1194, 1000.000000000000000 ) ;
#3987 = PRESENTATION_STYLE_ASSIGNMENT (( #2974 ) ) ;
#3988 = CARTESIAN_POINT ( 'NONE',  ( -0.7089247792254714797, 1.034999999999999920, 0.8916546614439557761 ) ) ;
#3989 = EDGE_CURVE ( 'NONE', #1475, #4688, #416, .T. ) ;
#3990 = CARTESIAN_POINT ( 'NONE',  ( 0.6807072769067453732, 1.024999999999999689, 0.8900286707375894002 ) ) ;
#3991 = SURFACE_STYLE_FILL_AREA ( #4243 ) ;
#3992 = CARTESIAN_POINT ( 'NONE',  ( 0.6708099671644118800, 1.035000000000000142, 1.050369067633049491 ) ) ;
#3993 = CARTESIAN_POINT ( 'NONE',  ( 0.05896144353619249545, 1.024999999999999911, -1.218549679676853570 ) ) ;
#3994 = ORIENTED_EDGE ( 'NONE', *, *, #3717, .T. ) ;
#3995 = LINE ( 'NONE', #1243, #5958 ) ;
#3996 = PRESENTATION_STYLE_ASSIGNMENT (( #3121 ) ) ;
#3997 = SURFACE_STYLE_FILL_AREA ( #565 ) ;
#3998 = LINE ( 'NONE', #2432, #2658 ) ;
#3999 = CARTESIAN_POINT ( 'NONE',  ( -0.1061710529872759573, 1.034999999999999920, -1.139577370660544764 ) ) ;
#4000 = CARTESIAN_POINT ( 'NONE',  ( -0.8045570349474158167, 1.024999999999999911, 0.8706527266382477759 ) ) ;
#4001 = VECTOR ( 'NONE', #58, 1000.000000000000000 ) ;
#4002 = CARTESIAN_POINT ( 'NONE',  ( 0.05554118820495588388, 1.035000000000000142, 0.8499915930093845384 ) ) ;
#4003 = CARTESIAN_POINT ( 'NONE',  ( 0.2153846153846159794, 1.034999999999999920, -0.8756009615384615641 ) ) ;
#4004 = SURFACE_STYLE_USAGE ( .BOTH. , #3477 ) ;
#4005 = CARTESIAN_POINT ( 'NONE',  ( 0.7977342175872388363, 1.024999999999999911, -0.4548099921802073453 ) ) ;
#4006 = CARTESIAN_POINT ( 'NONE',  ( 0.2769830466595592511, 1.034999999999999698, -0.9742509001420098791 ) ) ;
#4007 = EDGE_LOOP ( 'NONE', ( #2707, #112, #190, #5938 ) ) ;
#4008 = CYLINDRICAL_SURFACE ( 'NONE', #1211, 0.1499999999999999667 ) ;
#4009 = MECHANICAL_DESIGN_GEOMETRIC_PRESENTATION_REPRESENTATION (  '', ( #5498 ), #3322 ) ;
#4010 = CARTESIAN_POINT ( 'NONE',  ( 0.2209471276852897070, 1.024999999999999911, 0.9644531001897752587 ) ) ;
#4011 =( LENGTH_UNIT ( ) NAMED_UNIT ( * ) SI_UNIT ( .MILLI., .METRE. ) );
#4012 = CARTESIAN_POINT ( 'NONE',  ( -0.5165652840014129943, 1.024999999999999911, -0.7812224859088601203 ) ) ;
#4013 = SURFACE_STYLE_USAGE ( .BOTH. , #2972 ) ;
#4014 = CARTESIAN_POINT ( 'NONE',  ( -0.5917129518049482062, 1.024999999999999911, -0.07157377934745505488 ) ) ;
#4015 = MECHANICAL_DESIGN_GEOMETRIC_PRESENTATION_REPRESENTATION (  '', ( #3232 ), #3793 ) ;
#4016 = MECHANICAL_DESIGN_GEOMETRIC_PRESENTATION_REPRESENTATION (  '', ( #46 ), #507 ) ;
#4017 = CARTESIAN_POINT ( 'NONE',  ( -0.05428494132171902964, 1.035000000000000142, 1.320496778789090664 ) ) ;
#4018 = CARTESIAN_POINT ( 'NONE',  ( -0.5865384615384614531, 1.024999999999999911, 0.7500000000000002220 ) ) ;
#4019 = DIRECTION ( 'NONE',  ( -1.000000000000000000, 0.000000000000000000, 0.000000000000000000 ) ) ;
#4020 = CARTESIAN_POINT ( 'NONE',  ( 0.1156682925324087202, 1.035000000000000142, 0.9106923435533438305 ) ) ;
#4021 = CARTESIAN_POINT ( 'NONE',  ( 0.6918228383741951149, 1.025000000000000133, 1.010118407490751880 ) ) ;
#4022 = LINE ( 'NONE', #3740, #1731 ) ;
#4023 =( LENGTH_UNIT ( ) NAMED_UNIT ( * ) SI_UNIT ( .MILLI., .METRE. ) );
#4024 =( NAMED_UNIT ( * ) PLANE_ANGLE_UNIT ( ) SI_UNIT ( $, .RADIAN. ) );
#4025 = ADVANCED_FACE ( 'NONE', ( #4543 ), #3278, .T. ) ;
#4026 = CARTESIAN_POINT ( 'NONE',  ( -0.4808639857458591460, 1.024999999999999689, 0.8804506858141276648 ) ) ;
#4027 = CARTESIAN_POINT ( 'NONE',  ( 0.5798702866813263412, 1.024999999999999689, 0.8368940373264448507 ) ) ;
#4028 = CARTESIAN_POINT ( 'NONE',  ( -0.3559046077589207435, 1.024999999999999911, 0.9498072415089910958 ) ) ;
#4029 = ORIENTED_EDGE ( 'NONE', *, *, #1694, .F. ) ;
#4030 = CARTESIAN_POINT ( 'NONE',  ( 0.5285331315712945566, 1.024999999999999911, 1.195738238068862147 ) ) ;
#4031 = VECTOR ( 'NONE', #3488, 1000.000000000000000 ) ;
#4032 = EDGE_CURVE ( 'NONE', #5363, #738, #5855, .T. ) ;
#4033 = CARTESIAN_POINT ( 'NONE',  ( -0.6311577940984554047, 1.025000000000000133, 0.2530576970778043999 ) ) ;
#4034 = VERTEX_POINT ( 'NONE', #4345 ) ;
#4035 = CARTESIAN_POINT ( 'NONE',  ( 0.3268078581907115088, 1.034999999999999698, -0.7899052677540470135 ) ) ;
#4036 = CARTESIAN_POINT ( 'NONE',  ( 0.5003004807692308376, 1.034999999999999920, 1.219501201923077316 ) ) ;
#4037 = CARTESIAN_POINT ( 'NONE',  ( -0.5704213158161256514, 1.025000000000000133, 1.270071547984030103 ) ) ;
#4038 = ORIENTED_EDGE ( 'NONE', *, *, #5314, .F. ) ;
#4039 = CARTESIAN_POINT ( 'NONE',  ( 0.1104622307674721499, 1.024999999999999689, 0.9000261689353128425 ) ) ;
#4040 = CARTESIAN_POINT ( 'NONE',  ( -0.1247984203503666734, 1.024999999999999911, 0.7708032052688811309 ) ) ;
#4041 = AXIS2_PLACEMENT_3D ( 'NONE', #2443, #1925, #1948 ) ;
#4042 = DIRECTION ( 'NONE',  ( 1.000000000000000000, 0.000000000000000000, -0.000000000000000000 ) ) ;
#4043 = CARTESIAN_POINT ( 'NONE',  ( 0.5119274830655170527, 1.024999999999999467, -1.108691614760225708 ) ) ;
#4044 = CARTESIAN_POINT ( 'NONE',  ( 0.4725834916162958144, 1.034999999999999920, 0.7631169127271655306 ) ) ;
#4045 = ORIENTED_EDGE ( 'NONE', *, *, #986, .F. ) ;
#4046 = CARTESIAN_POINT ( 'NONE',  ( 0.5899939903846154188, 1.024999999999999689, 1.264723557692307931 ) ) ;
#4047 = CARTESIAN_POINT ( 'NONE',  ( 0.6729821681002947642, 1.035000000000000142, 0.8804506858141276648 ) ) ;
#4048 = FILL_AREA_STYLE ('',( #524 ) ) ;
#4049 = STYLED_ITEM ( 'NONE', ( #5725 ), #4255 ) ;
#4050 = ORIENTED_EDGE ( 'NONE', *, *, #554, .T. ) ;
#4051 = CARTESIAN_POINT ( 'NONE',  ( 0.1156682925324087202, 1.025000000000000133, 0.9106923435533438305 ) ) ;
#4052 = ORIENTED_EDGE ( 'NONE', *, *, #2509, .F. ) ;
#4053 = ORIENTED_EDGE ( 'NONE', *, *, #456, .F. ) ;
#4054 = CARTESIAN_POINT ( 'NONE',  ( -1.499999999999996891, 1.024999999999999911, -1.550000000000000711 ) ) ;
#4055 = ADVANCED_FACE ( 'NONE', ( #2010 ), #225, .T. ) ;
#4056 =( LENGTH_UNIT ( ) NAMED_UNIT ( * ) SI_UNIT ( .MILLI., .METRE. ) );
#4057 = EDGE_LOOP ( 'NONE', ( #170, #6162, #982, #281 ) ) ;
#4059 = CARTESIAN_POINT ( 'NONE',  ( -0.5865384615384614531, 1.034999999999999920, 0.7500000000000002220 ) ) ;
#4058 = COLOUR_RGB ( '',0.6470588235294117974, 0.5176470588235293491, 0.000000000000000000 ) ;
#4060 = CARTESIAN_POINT ( 'NONE',  ( -0.1515877384849358411, 1.024999999999999911, 0.9414258259068329915 ) ) ;
#4061 = SURFACE_STYLE_FILL_AREA ( #3100 ) ;
#4062 = VECTOR ( 'NONE', #2113, 1000.000000000000000 ) ;
#4063 = CARTESIAN_POINT ( 'NONE',  ( 0.4476278661289336824, 1.024999999999999467, -0.9099912304720043643 ) ) ;
#4064 = PRESENTATION_STYLE_ASSIGNMENT (( #2348 ) ) ;
#4065 = ORIENTED_EDGE ( 'NONE', *, *, #2845, .F. ) ;
#4066 = CARTESIAN_POINT ( 'NONE',  ( -0.1538461538461539935, 1.034999999999999920, 0.9711538461538465894 ) ) ;
#4067 = EDGE_CURVE ( 'NONE', #719, #527, #4509, .T. ) ;
#4068 = FACE_OUTER_BOUND ( 'NONE', #2536, .T. ) ;
#4069 = DIRECTION ( 'NONE',  ( -0.000000000000000000, -1.000000000000000000, -0.000000000000000000 ) ) ;
#4070 = CARTESIAN_POINT ( 'NONE',  ( 0.2153846153846159794, 1.025000000000000133, -0.8756009615384615641 ) ) ;
#4071 = UNCERTAINTY_MEASURE_WITH_UNIT (LENGTH_MEASURE( 1.000000000000000082E-05 ), #4425, 'distance_accuracy_value', 'NONE');
#4072 =( NAMED_UNIT ( * ) PLANE_ANGLE_UNIT ( ) SI_UNIT ( $, .RADIAN. ) );
#4073 =( GEOMETRIC_REPRESENTATION_CONTEXT ( 3 ) GLOBAL_UNCERTAINTY_ASSIGNED_CONTEXT ( ( #4729 ) ) GLOBAL_UNIT_ASSIGNED_CONTEXT ( ( #5523, #3482, #447 ) ) REPRESENTATION_CONTEXT ( 'NONE', 'WORKASPACE' ) );
#4074 = CARTESIAN_POINT ( 'NONE',  ( 0.8013403303447494963, 1.025000000000000133, -0.2830949145059511451 ) ) ;
#4075 = CARTESIAN_POINT ( 'NONE',  ( -0.6818022387018594088, 1.035000000000000142, 0.8636569804084180957 ) ) ;
#4076 = EDGE_CURVE ( 'NONE', #5252, #5332, #1227, .T. ) ;
#4077 = ORIENTED_EDGE ( 'NONE', *, *, #4458, .F. ) ;
#4078 = FACE_OUTER_BOUND ( 'NONE', #3467, .T. ) ;
#4079 = CARTESIAN_POINT ( 'NONE',  ( -0.1001450165801050368, 1.025000000000000133, 1.360971408330851062 ) ) ;
#4080 = CARTESIAN_POINT ( 'NONE',  ( -0.2495492788461539657, 1.034999999999999920, 1.433293269230769607 ) ) ;
#4081 = CARTESIAN_POINT ( 'NONE',  ( -0.1385919756317040841, 1.024999999999999467, 0.9028740862858287697 ) ) ;
#4082 = CARTESIAN_POINT ( 'NONE',  ( 0.3612907688776517690, 1.024999999999999911, -1.259698088810414784 ) ) ;
#4083 = PLANE ( 'NONE',  #5706 ) ;
#4084 = CARTESIAN_POINT ( 'NONE',  ( 0.2307692307692306155, 1.034999999999999920, 1.500000000000000444 ) ) ;
#4085 = CARTESIAN_POINT ( 'NONE',  ( 0.2769830466595592511, 1.024999999999999911, -0.9742509001420098791 ) ) ;
#4086 = ADVANCED_FACE ( 'NONE', ( #3566 ), #3775, .T. ) ;
#4087 = CARTESIAN_POINT ( 'NONE',  ( -0.4568810490274483604, 1.024999999999999911, 0.9216901571185679432 ) ) ;
#4088 = CARTESIAN_POINT ( 'NONE',  ( 0.8498006595324935075, 1.024999999999999911, -0.3893940706736460089 ) ) ;
#4089 = STYLED_ITEM ( 'NONE', ( #6383 ), #2196 ) ;
#4090 = ORIENTED_EDGE ( 'NONE', *, *, #103, .F. ) ;
#4091 = CARTESIAN_POINT ( 'NONE',  ( -0.7089247792254714797, 1.034999999999999920, 0.8916546614439557761 ) ) ;
#4092 = MECHANICAL_DESIGN_GEOMETRIC_PRESENTATION_REPRESENTATION (  '', ( #393 ), #5669 ) ;
#4093 =( NAMED_UNIT ( * ) SI_UNIT ( $, .STERADIAN. ) SOLID_ANGLE_UNIT ( ) );
#4094 = AXIS2_PLACEMENT_3D ( 'NONE', #1289, #1376, #2453 ) ;
#4095 = CARTESIAN_POINT ( 'NONE',  ( 0.7109369966974191657, 1.035000000000000142, -0.1871877039025902079 ) ) ;
#4096 = CARTESIAN_POINT ( 'NONE',  ( -0.4231165145142969375, 1.024999999999999911, 0.1811361825164377326 ) ) ;
#4097 = SURFACE_STYLE_USAGE ( .BOTH. , #3059 ) ;
#4098 = CARTESIAN_POINT ( 'NONE',  ( -0.02713472773045475656, 1.024999999999999911, 0.8368925012777321815 ) ) ;
#4099 = CARTESIAN_POINT ( 'NONE',  ( -0.5865384615384614531, 1.034999999999999920, 0.7500000000000002220 ) ) ;
#4100 = VERTEX_POINT ( 'NONE', #6317 ) ;
#4101 = CARTESIAN_POINT ( 'NONE',  ( -0.8264723557692307265, 1.024999999999999911, 1.433293269230769384 ) ) ;
#4102 = CARTESIAN_POINT ( 'NONE',  ( -0.4519230769230769273, 1.024999999999999911, 0.9579326923076925127 ) ) ;
#4103 = CARTESIAN_POINT ( 'NONE',  ( -0.5167011380783790297, 1.034999999999999920, 0.1299168511404120152 ) ) ;
#4104 = EDGE_CURVE ( 'NONE', #6221, #104, #3104, .T. ) ;
#4105 = CARTESIAN_POINT ( 'NONE',  ( 0.3143212458006600651, 1.034999999999999920, -1.011203171292209380 ) ) ;
#4106 = FILL_AREA_STYLE_COLOUR ( '', #6181 ) ;
#4107 = CARTESIAN_POINT ( 'NONE',  ( -0.1617230206174459228, 1.034999999999999698, 0.7911853970708487838 ) ) ;
#4108 = ORIENTED_EDGE ( 'NONE', *, *, #1011, .F. ) ;
#4109 = CARTESIAN_POINT ( 'NONE',  ( -0.4541756941978427053, 1.034999999999999920, 0.9333452975440974519 ) ) ;
#4110 = B_SPLINE_CURVE_WITH_KNOTS ( 'NONE', 3,
 ( #221, #2778, #3203, #6296, #2245, #1740, #1806, #4326, #4232, #3277, #3703, #724, #1760, #294, #3801, #2218, #5823 ),
 .UNSPECIFIED., .F., .F.,
 ( 4, 1, 1, 1, 1, 1, 1, 1, 1, 1, 1, 1, 1, 1, 4 ),
 ( 0.000000000000000000, 0.03823400782736947889, 0.07717573414553512146, 0.1170349461603469726, 0.1576552057782703575, 0.2411027273318871178, 0.3263483256620565709, 0.4139312541954155433, 0.5030804128686517940, 0.5926037346473302936, 0.6805751152739308862, 0.7664029669045011595, 0.8492810361086622351, 0.9279093386235662821, 1.000000000000000000 ),
 .UNSPECIFIED. ) ;
#4111 = DIRECTION ( 'NONE',  ( 0.000000000000000000, 0.000000000000000000, -1.000000000000000000 ) ) ;
#4112 = CARTESIAN_POINT ( 'NONE',  ( 0.7019230769230769829, 1.034999999999999920, 0.9579326923076925127 ) ) ;
#4113 = CARTESIAN_POINT ( 'NONE',  ( 0.001818223322760980157, 1.024999999999999911, 1.150978442549882352 ) ) ;
#4114 = CARTESIAN_POINT ( 'NONE',  ( 0.5207167764688062084, 1.024999999999999689, 0.8412040476659464749 ) ) ;
#4115 = CARTESIAN_POINT ( 'NONE',  ( 0.7633079040634315193, 1.024999999999999911, 0.8407290785386309917 ) ) ;
#4116 = ORIENTED_EDGE ( 'NONE', *, *, #2471, .T. ) ;
#4117 = CARTESIAN_POINT ( 'NONE',  ( -0.1440344949841227684, 1.024999999999999911, 0.9148738954979118709 ) ) ;
#4118 =( NAMED_UNIT ( * ) PLANE_ANGLE_UNIT ( ) SI_UNIT ( $, .RADIAN. ) );
#4119 = CARTESIAN_POINT ( 'NONE',  ( -0.07662259615384627021, 1.034999999999999920, 1.219501201923077538 ) ) ;
#4120 =( NAMED_UNIT ( * ) SI_UNIT ( $, .STERADIAN. ) SOLID_ANGLE_UNIT ( ) );
#4121 = STYLED_ITEM ( 'NONE', ( #443 ), #3747 ) ;
#4122 = ORIENTED_EDGE ( 'NONE', *, *, #4844, .T. ) ;
#4123 = SURFACE_SIDE_STYLE ('',( #2638 ) ) ;
#4124 = PLANE ( 'NONE',  #4682 ) ;
#4125 = CARTESIAN_POINT ( 'NONE',  ( -0.2276339580243389726, 1.034999999999999698, 0.8706527266382478869 ) ) ;
#4126 = VERTEX_POINT ( 'NONE', #2306 ) ;
#4127 = CARTESIAN_POINT ( 'NONE',  ( -0.6942745351875394544, 1.024999999999999467, 1.378555665817289055 ) ) ;
#4128 = VECTOR ( 'NONE', #1003, 1000.000000000000000 ) ;
#4129 = CARTESIAN_POINT ( 'NONE',  ( 0.7835722909579158069, 1.024999999999999911, -0.2616051572647334345 ) ) ;
#4130 = ORIENTED_EDGE ( 'NONE', *, *, #3168, .F. ) ;
#4131 = STYLED_ITEM ( 'NONE', ( #6261 ), #4153 ) ;
#4132 = CARTESIAN_POINT ( 'NONE',  ( 0.04056952584390834116, 1.034999999999999920, 0.7533978999952610778 ) ) ;
#4133 = CARTESIAN_POINT ( 'NONE',  ( 0.3025240384615390798, 1.034999999999999920, -0.7884615384615384359 ) ) ;
#4134 = LINE ( 'NONE', #184, #3901 ) ;
#4135 = CARTESIAN_POINT ( 'NONE',  ( -0.2308589069795600468, 1.035000000000000364, 0.3394991525899668239 ) ) ;
#4136 = PLANE ( 'NONE',  #1733 ) ;
#4137 = MECHANICAL_DESIGN_GEOMETRIC_PRESENTATION_REPRESENTATION (  '', ( #308 ), #6290 ) ;
#4138 = SURFACE_STYLE_FILL_AREA ( #1938 ) ;
#4139 = SURFACE_SIDE_STYLE ('',( #1187 ) ) ;
#4140 = VERTEX_POINT ( 'NONE', #3268 ) ;
#4141 = CARTESIAN_POINT ( 'NONE',  ( 0.4620248136474141565, 1.025000000000000133, 0.8721003435082631539 ) ) ;
#4142 = CARTESIAN_POINT ( 'NONE',  ( 0.7897367586911808734, 1.024999999999999911, 0.8949845457384369984 ) ) ;
#4143 = CARTESIAN_POINT ( 'NONE',  ( 1.999999999999999112, -1.024999999999999911, -1.850000000000000977 ) ) ;
#4144 = CARTESIAN_POINT ( 'NONE',  ( -0.7066733836020947512, 1.034999999999999920, 0.1609778065568407968 ) ) ;
#4145 = SURFACE_STYLE_FILL_AREA ( #6528 ) ;
#4146 = LINE ( 'NONE', #247, #2496 ) ;
#4147 = CARTESIAN_POINT ( 'NONE',  ( 0.2381260191214930044, 1.024999999999999689, -0.8127853324200386975 ) ) ;
#4148 = CARTESIAN_POINT ( 'NONE',  ( -0.4830361866817420857, 1.024999999999999911, 1.050369067633049491 ) ) ;
#4149 = CARTESIAN_POINT ( 'NONE',  ( 0.6459597251254767247, 1.024999999999999911, -0.1307696941625377529 ) ) ;
#4150 = CARTESIAN_POINT ( 'NONE',  ( -0.7351063698627482434, 1.034999999999999698, 1.291137545940028941 ) ) ;
#4151 = CARTESIAN_POINT ( 'NONE',  ( -0.1928609403983695125, 1.024999999999999911, 0.8183052022479981868 ) ) ;
#4152 = UNCERTAINTY_MEASURE_WITH_UNIT (LENGTH_MEASURE( 1.000000000000000082E-05 ), #846, 'distance_accuracy_value', 'NONE');
#4153 = ADVANCED_FACE ( 'NONE', ( #3266 ), #4647, .T. ) ;
#4154 =( LENGTH_UNIT ( ) NAMED_UNIT ( * ) SI_UNIT ( .MILLI., .METRE. ) );
#4155 = B_SPLINE_CURVE_WITH_KNOTS ( 'NONE', 3,
 ( #4261, #1751, #5783, #2766, #4804, #5268, #254 ),
 .UNSPECIFIED., .F., .F.,
 ( 4, 1, 1, 1, 4 ),
 ( 0.000000000000000000, 0.2526433275832366543, 0.5044398525799862476, 0.7504068042814560080, 1.000000000000000000 ),
 .UNSPECIFIED. ) ;
#4156 = EDGE_CURVE ( 'NONE', #2154, #4209, #282, .T. ) ;
#4157 = CARTESIAN_POINT ( 'NONE',  ( 0.5599910720627593319, 1.034999999999999920, 0.8366581879303758296 ) ) ;
#4158 = CARTESIAN_POINT ( 'NONE',  ( 0.06379714921873078093, 1.034999999999999698, 0.7580082180372673673 ) ) ;
#4159 =( LENGTH_UNIT ( ) NAMED_UNIT ( * ) SI_UNIT ( .MILLI., .METRE. ) );
#4160 = CARTESIAN_POINT ( 'NONE',  ( 0.1194637465900133533, 1.025000000000000133, 0.9969243262400653283 ) ) ;
#4161 =( NAMED_UNIT ( * ) PLANE_ANGLE_UNIT ( ) SI_UNIT ( $, .RADIAN. ) );
#4162 = DIRECTION ( 'NONE',  ( -0.000000000000000000, -1.000000000000000000, -0.000000000000000000 ) ) ;
#4163 = DIRECTION ( 'NONE',  ( 0.000000000000000000, 0.000000000000000000, 1.000000000000000000 ) ) ;
#4164 = CARTESIAN_POINT ( 'NONE',  ( 0.3647235576923080758, 1.024999999999999689, -1.085036057692307709 ) ) ;
#4165 =( GEOMETRIC_REPRESENTATION_CONTEXT ( 3 ) GLOBAL_UNCERTAINTY_ASSIGNED_CONTEXT ( ( #3336 ) ) GLOBAL_UNIT_ASSIGNED_CONTEXT ( ( #3864, #6427, #5921 ) ) REPRESENTATION_CONTEXT ( 'NONE', 'WORKASPACE' ) );
#4166 = CARTESIAN_POINT ( 'NONE',  ( -0.3516370337865993290, 1.035000000000000142, 0.3457236207892979141 ) ) ;
#4167 = CARTESIAN_POINT ( 'NONE',  ( 0.1022007499196339181, 1.034999999999999698, 1.036833623450327035 ) ) ;
#4168 = CARTESIAN_POINT ( 'NONE',  ( -0.6438953436732306468, 1.034999999999999920, 1.211378676326420933 ) ) ;
#4169 = CARTESIAN_POINT ( 'NONE',  ( -0.4231165145142969375, 1.034999999999999920, 0.1811361825164377326 ) ) ;
#4170 = CARTESIAN_POINT ( 'NONE',  ( -0.4522385491860982931, 1.024999999999999689, 0.9708214919927355968 ) ) ;
#4171 = CARTESIAN_POINT ( 'NONE',  ( -0.7479005969255771991, 1.034999999999999920, 1.304503635857036992 ) ) ;
#4172 = CARTESIAN_POINT ( 'NONE',  ( -0.08253833628754228546, 1.024999999999999467, 0.7572851291288784648 ) ) ;
#4173 =( NAMED_UNIT ( * ) SI_UNIT ( $, .STERADIAN. ) SOLID_ANGLE_UNIT ( ) );
#4174 = SURFACE_STYLE_FILL_AREA ( #3456 ) ;
#4175 = ORIENTED_EDGE ( 'NONE', *, *, #1660, .T. ) ;
#4176 = CARTESIAN_POINT ( 'NONE',  ( 0.6831307222215643460, 1.024999999999999911, 0.7728591684128820471 ) ) ;
#4177 =( GEOMETRIC_REPRESENTATION_CONTEXT ( 3 ) GLOBAL_UNCERTAINTY_ASSIGNED_CONTEXT ( ( #2665 ) ) GLOBAL_UNIT_ASSIGNED_CONTEXT ( ( #2749, #6262, #3267 ) ) REPRESENTATION_CONTEXT ( 'NONE', 'WORKASPACE' ) );
#4178 = CARTESIAN_POINT ( 'NONE',  ( 0.1062076452984871827, 1.034999999999999698, 0.7728591684128819361 ) ) ;
#4179 = CARTESIAN_POINT ( 'NONE',  ( 0.3298207469964955507, 1.024999999999999911, 0.9368557672397974656 ) ) ;
#4180 = CARTESIAN_POINT ( 'NONE',  ( 0.03770079244571857696, 1.034999999999999698, 0.2615668493694585095 ) ) ;
#4181 = CARTESIAN_POINT ( 'NONE',  ( -0.06697226675015373332, 1.024999999999999911, 1.211378676326421155 ) ) ;
#4182 = DIRECTION ( 'NONE',  ( 1.000000000000000000, 0.000000000000000000, 0.000000000000000000 ) ) ;
#4183 = ORIENTED_EDGE ( 'NONE', *, *, #2394, .T. ) ;
#4184 = ADVANCED_FACE ( 'NONE', ( #3819 ), #2500, .T. ) ;
#4185 = CARTESIAN_POINT ( 'NONE',  ( 0.4449213746206823750, 1.034999999999999698, 0.8916546614439554430 ) ) ;
#4186 = EDGE_CURVE ( 'NONE', #1911, #6523, #2398, .T. ) ;
#4187 = CARTESIAN_POINT ( 'NONE',  ( 0.6544772024941873934, 1.035000000000000142, 0.8631895418681122534 ) ) ;
#4188 = CARTESIAN_POINT ( 'NONE',  ( 0.7138839189947766561, 1.034999999999999698, 1.149153048603419824 ) ) ;
#4189 = CARTESIAN_POINT ( 'NONE',  ( 0.8498006595324935075, 1.024999999999999911, -0.3893940706736460089 ) ) ;
#4190 = CARTESIAN_POINT ( 'NONE',  ( -0.06697226675015373332, 1.034999999999999920, 1.211378676326421155 ) ) ;
#4191 = CARTESIAN_POINT ( 'NONE',  ( -0.5751048536003156020, 1.035000000000000142, 1.150978442549882574 ) ) ;
#4192 = EDGE_LOOP ( 'NONE', ( #3898, #3111, #1138, #2377 ) ) ;
#4193 = CARTESIAN_POINT ( 'NONE',  ( -0.5433698671232168875, 1.034999999999999920, -0.3657578123004284198 ) ) ;
#4194 = CARTESIAN_POINT ( 'NONE',  ( 0.3551007412901766580, 1.025000000000000577, -1.069114892164733099 ) ) ;
#4195 = CARTESIAN_POINT ( 'NONE',  ( -0.2500000000000001110, 1.024999999999999911, 0.9615384615384620082 ) ) ;
#4196 = ORIENTED_EDGE ( 'NONE', *, *, #4186, .F. ) ;
#4197 = CARTESIAN_POINT ( 'NONE',  ( -0.6167312096664295806, 1.024999999999999467, 1.308609899621553385 ) ) ;
#4198 = EDGE_CURVE ( 'NONE', #753, #1600, #285, .T. ) ;
#4199 = B_SPLINE_CURVE_WITH_KNOTS ( 'NONE', 3,
 ( #1111, #4654, #1625, #133, #633, #1761, #1208, #4835, #4748, #6242, #6326, #5258, #4327 ),
 .UNSPECIFIED., .F., .F.,
 ( 4, 1, 1, 1, 1, 1, 1, 1, 1, 1, 4 ),
 ( 0.000000000000000000, 0.1241996726524872002, 0.2368296581100267917, 0.3394949853062829703, 0.4312535100312248071, 0.5114548721194182024, 0.5812230366234584222, 0.6404953748643703593, 0.6883082049320179419, 0.8503329734146882757, 1.000000000000000000 ),
 .UNSPECIFIED. ) ;
#4200 = FILL_AREA_STYLE ('',( #169 ) ) ;
#4201 = CARTESIAN_POINT ( 'NONE',  ( 0.7018186894564079070, 1.024999999999999911, 0.9621975019446505906 ) ) ;
#4202 = ORIENTED_EDGE ( 'NONE', *, *, #4749, .F. ) ;
#4203 = SURFACE_SIDE_STYLE ('',( #4663 ) ) ;
#4204 = CARTESIAN_POINT ( 'NONE',  ( -0.5844380456911785204, 1.024999999999999467, -0.1985289288117806084 ) ) ;
#4205 = FILL_AREA_STYLE_COLOUR ( '', #6394 ) ;
#4206 = CARTESIAN_POINT ( 'NONE',  ( 0.8500000000000005329, 1.024999999999999911, -0.3948317307692308376 ) ) ;
#4207 = ORIENTED_EDGE ( 'NONE', *, *, #6395, .T. ) ;
#4208 = CARTESIAN_POINT ( 'NONE',  ( 0.002947209758249406085, 1.034999999999999920, 0.8368940373264450727 ) ) ;
#4209 = VERTEX_POINT ( 'NONE', #939 ) ;
#4210 = ORIENTED_EDGE ( 'NONE', *, *, #3577, .F. ) ;
#4211 = SURFACE_SIDE_STYLE ('',( #1997 ) ) ;
#4212 = FILL_AREA_STYLE ('',( #274 ) ) ;
#4213 =( GEOMETRIC_REPRESENTATION_CONTEXT ( 3 ) GLOBAL_UNCERTAINTY_ASSIGNED_CONTEXT ( ( #632 ) ) GLOBAL_UNIT_ASSIGNED_CONTEXT ( ( #4504, #3489, #1432 ) ) REPRESENTATION_CONTEXT ( 'NONE', 'WORKASPACE' ) );
#4214 = ORIENTED_EDGE ( 'NONE', *, *, #4032, .T. ) ;
#4215 = CARTESIAN_POINT ( 'NONE',  ( 0.2128136817681038628, 1.034999999999999920, 0.8949845457384369984 ) ) ;
#4216 = CARTESIAN_POINT ( 'NONE',  ( -0.2356423811577771921, 1.035000000000000364, 0.8912785242938495722 ) ) ;
#4217 = CARTESIAN_POINT ( 'NONE',  ( -0.4830361866817420857, 1.024999999999999911, 1.050369067633049491 ) ) ;
#4218 = CARTESIAN_POINT ( 'NONE',  ( 0.4230769230769230171, 1.024999999999999689, 0.9711538461538463674 ) ) ;
#4219 = SURFACE_SIDE_STYLE ('',( #1045 ) ) ;
#4220 = VECTOR ( 'NONE', #4069, 1000.000000000000000 ) ;
#4221 = PRESENTATION_STYLE_ASSIGNMENT (( #947 ) ) ;
#4222 = ORIENTED_EDGE ( 'NONE', *, *, #818, .T. ) ;
#4223 = CARTESIAN_POINT ( 'NONE',  ( -0.5829476781887755754, 1.024999999999999689, 1.280269342272169819 ) ) ;
#4224 = CARTESIAN_POINT ( 'NONE',  ( 0.7021998334245739271, 1.024999999999999245, 0.7831533228634257604 ) ) ;
#4225 =( GEOMETRIC_REPRESENTATION_CONTEXT ( 3 ) GLOBAL_UNCERTAINTY_ASSIGNED_CONTEXT ( ( #4152 ) ) GLOBAL_UNIT_ASSIGNED_CONTEXT ( ( #846, #5892, #5801 ) ) REPRESENTATION_CONTEXT ( 'NONE', 'WORKASPACE' ) );
#4226 = MECHANICAL_DESIGN_GEOMETRIC_PRESENTATION_REPRESENTATION (  '', ( #1043 ), #4358 ) ;
#4227 = CARTESIAN_POINT ( 'NONE',  ( -0.4169036892677493999, 1.025000000000000355, -0.8963014364629707798 ) ) ;
#4228 = CARTESIAN_POINT ( 'NONE',  ( 0.2307692307692306155, 1.034999999999999920, 1.500000000000000444 ) ) ;
#4229 = COLOUR_RGB ( '',1.000000000000000000, 1.000000000000000000, 1.000000000000000000 ) ;
#4230 = CARTESIAN_POINT ( 'NONE',  ( -0.5433698671232168875, 1.034999999999999920, -0.3657578123004284198 ) ) ;
#4231 = COLOUR_RGB ( '',1.000000000000000000, 1.000000000000000000, 1.000000000000000000 ) ;
#4232 = CARTESIAN_POINT ( 'NONE',  ( 0.09788400270781720536, 1.024999999999999911, 0.07050238987258904133 ) ) ;
#4233 = DIRECTION ( 'NONE',  ( 0.000000000000000000, 0.000000000000000000, -1.000000000000000000 ) ) ;
#4234 = CARTESIAN_POINT ( 'NONE',  ( 0.1037841999836682377, 1.034999999999999920, 0.8900286707375897333 ) ) ;
#4235 = CARTESIAN_POINT ( 'NONE',  ( 0.3193670356830421997, 1.034999999999999920, 1.466193585245457731 ) ) ;
#4236 = EDGE_CURVE ( 'NONE', #1065, #5499, #873, .T. ) ;
#4237 = ORIENTED_EDGE ( 'NONE', *, *, #5550, .F. ) ;
#4238 = SURFACE_SIDE_STYLE ('',( #400 ) ) ;
#4239 = MANIFOLD_SOLID_BREP ( 'Boss-Extrude3', #1374 ) ;
#4240 = CARTESIAN_POINT ( 'NONE',  ( -0.5886418269230768718, 1.034999999999999920, 0.8365384615384617861 ) ) ;
#4241 = B_SPLINE_SURFACE_WITH_KNOTS ( 'NONE', 3, 1, ( 
 ( #6090, #3074 ),
 ( #490, #566 ),
 ( #5042, #5542 ),
 ( #4095, #1536 ),
 ( #1068, #5117 ),
 ( #4652, #6117 ),
 ( #4630, #1646 ),
 ( #105, #1624 ),
 ( #5690, #2674 ),
 ( #589, #6199 ),
 ( #1596, #2603 ) ),
 .UNSPECIFIED., .F., .F., .F.,
 ( 4, 1, 1, 1, 1, 1, 1, 1, 4 ),
 ( 2, 2 ),
 ( 0.000000000000000000, 0.1017995767110253663, 0.2201597004284417958, 0.3476280565145599688, 0.4803480972350018807, 0.6145541392524830338, 0.7501523226899439178, 0.8794241792208842279, 1.000000000000000000 ),
 ( 0.000000000000000000, 1.000000000000000000 ),
 .UNSPECIFIED. ) ;
#4242 = CARTESIAN_POINT ( 'NONE',  ( -0.2495492788461539657, 1.024999999999999911, 1.433293269230769607 ) ) ;
#4243 = FILL_AREA_STYLE ('',( #1172 ) ) ;
#4244 = CARTESIAN_POINT ( 'NONE',  ( 0.3075481962512565115, 1.034999999999999698, 0.1204008754419296778 ) ) ;
#4245 = CARTESIAN_POINT ( 'NONE',  ( 0.8487085151183106912, 1.024999999999999689, -0.4154018049632465237 ) ) ;
#4246 = B_SPLINE_CURVE_WITH_KNOTS ( 'NONE', 3,
 ( #2671, #2193, #4179, #5203, #1160, #4696, #1663, #2175, #2690, #6196, #3174, #3200, #3701, #702, #1278, #741, #239, #310, #2825 ),
 .UNSPECIFIED., .F., .F.,
 ( 4, 1, 1, 1, 1, 1, 1, 1, 1, 1, 1, 1, 1, 1, 1, 1, 4 ),
 ( 0.000000000000000000, 0.07067529020333015999, 0.1374926938441249080, 0.2014728253723051254, 0.2628693217722904985, 0.3225500865261559658, 0.3807372513385549606, 0.4382197368560125095, 0.4954874370602862510, 0.5534836796953479521, 0.6113462062294293675, 0.6706437388141557321, 0.7315869484227134345, 0.7941831937999382918, 0.8594451119347497059, 0.9282076353998099938, 1.000000000000000000 ),
 .UNSPECIFIED. ) ;
#4247 = EDGE_CURVE ( 'NONE', #899, #2460, #4388, .T. ) ;
#4248 = CARTESIAN_POINT ( 'NONE',  ( 0.7633079040634315193, 1.034999999999999920, 0.8407290785386309917 ) ) ;
#4249 = CARTESIAN_POINT ( 'NONE',  ( 0.4408052884615384359, 1.034999999999999920, 1.403846153846154188 ) ) ;
#4250 = CARTESIAN_POINT ( 'NONE',  ( 0.3268078581907115088, 1.024999999999999689, -0.7899052677540470135 ) ) ;
#4251 = CARTESIAN_POINT ( 'NONE',  ( -0.1235576923076918271, 1.025000000000000355, -1.129507211538461675 ) ) ;
#4252 = DIRECTION ( 'NONE',  ( -0.000000000000000000, -1.000000000000000000, -0.000000000000000000 ) ) ;
#4253 = DIRECTION ( 'NONE',  ( -0.000000000000000000, -1.000000000000000000, -0.000000000000000000 ) ) ;
#4254 = CARTESIAN_POINT ( 'NONE',  ( 0.2836703517299277721, 1.034999999999999920, -0.7891061913658832250 ) ) ;
#4255 = ADVANCED_FACE ( 'NONE', ( #1998 ), #6507, .T. ) ;
#4256 = CARTESIAN_POINT ( 'NONE',  ( 1.605000000000000204, -1.024999999999999467, -1.625000000000000000 ) ) ;
#4257 = MECHANICAL_DESIGN_GEOMETRIC_PRESENTATION_REPRESENTATION (  '', ( #6372 ), #1503 ) ;
#4258 = CARTESIAN_POINT ( 'NONE',  ( -0.3593822592349284473, 1.024999999999999467, 0.9148849069587252636 ) ) ;
#4259 =( LENGTH_UNIT ( ) NAMED_UNIT ( * ) SI_UNIT ( .MILLI., .METRE. ) );
#4260 = CARTESIAN_POINT ( 'NONE',  ( 0.4531931899134608588, 1.024999999999999911, -1.200958137612798016 ) ) ;
#4261 = CARTESIAN_POINT ( 'NONE',  ( 0.3173076923076922351, 1.034999999999999920, 1.500000000000000222 ) ) ;
#4262 = CARTESIAN_POINT ( 'NONE',  ( 0.4777149341076136757, 1.024999999999999689, 0.002298804109529391411 ) ) ;
#4263 = ORIENTED_EDGE ( 'NONE', *, *, #6048, .F. ) ;
#4264 = CARTESIAN_POINT ( 'NONE',  ( -0.6464977844380425109, 1.025000000000000133, 0.8451883045114931825 ) ) ;
#4265 = DIRECTION ( 'NONE',  ( 0.000000000000000000, 0.000000000000000000, 1.000000000000000000 ) ) ;
#4266 = SURFACE_SIDE_STYLE ('',( #44 ) ) ;
#4267 = STYLED_ITEM ( 'NONE', ( #5434 ), #1099 ) ;
#4268 = UNCERTAINTY_MEASURE_WITH_UNIT (LENGTH_MEASURE( 1.000000000000000082E-05 ), #4023, 'distance_accuracy_value', 'NONE');
#4269 = ORIENTED_EDGE ( 'NONE', *, *, #2295, .T. ) ;
#4270 = CARTESIAN_POINT ( 'NONE',  ( 0.05883690797237183662, 1.034999999999999920, -1.055260754117563593 ) ) ;
#4271 = CARTESIAN_POINT ( 'NONE',  ( -0.6535456730769231282, 1.034999999999999920, 1.219501201923077316 ) ) ;
#4272 = SURFACE_SIDE_STYLE ('',( #5358 ) ) ;
#4273 = CARTESIAN_POINT ( 'NONE',  ( 0.2162151556468711877, 1.034999999999999920, -0.8579314103036175254 ) ) ;
#4274 = DIRECTION ( 'NONE',  ( 1.000000000000000000, 2.644395542647571766E-16, -0.000000000000000000 ) ) ;
#4275 = EDGE_CURVE ( 'NONE', #719, #6121, #5568, .T. ) ;
#4276 = DIRECTION ( 'NONE',  ( -0.000000000000000000, -1.000000000000000000, -0.000000000000000000 ) ) ;
#4277 = FILL_AREA_STYLE ('',( #5760 ) ) ;
#4278 = ORIENTED_EDGE ( 'NONE', *, *, #4032, .F. ) ;
#4279 = CARTESIAN_POINT ( 'NONE',  ( -0.1425305974246232066, 1.024999999999999467, 0.1673196915983768962 ) ) ;
#4280 =( GEOMETRIC_REPRESENTATION_CONTEXT ( 3 ) GLOBAL_UNCERTAINTY_ASSIGNED_CONTEXT ( ( #5895 ) ) GLOBAL_UNIT_ASSIGNED_CONTEXT ( ( #6060, #1506, #2434 ) ) REPRESENTATION_CONTEXT ( 'NONE', 'WORKASPACE' ) );
#4281 = CARTESIAN_POINT ( 'NONE',  ( 0.5599910720627593319, 1.024999999999999911, 0.8366581879303758296 ) ) ;
#4282 = CARTESIAN_POINT ( 'NONE',  ( 0.2009946833897158780, 1.035000000000000142, 0.1830551119440699814 ) ) ;
#4283 = EDGE_CURVE ( 'NONE', #3392, #3412, #787, .T. ) ;
#4284 = CARTESIAN_POINT ( 'NONE',  ( 0.8500000000000005329, 1.034999999999999920, -0.3948317307692308376 ) ) ;
#4285 = EDGE_CURVE ( 'NONE', #662, #435, #1293, .T. ) ;
#4286 = B_SPLINE_CURVE_WITH_KNOTS ( 'NONE', 3,
 ( #2866, #3866, #1104, #1551, #1081, #4595, #3067, #3559, #1571, #2943, #2050, #4577, #1037, #3588, #3448, #4624, #63, #2578, #2642 ),
 .UNSPECIFIED., .F., .F.,
 ( 4, 1, 1, 1, 1, 1, 1, 1, 1, 1, 1, 1, 1, 1, 1, 1, 4 ),
 ( 0.000000000000000000, 0.06176215676807093186, 0.1211739926536291034, 0.1794214068253154049, 0.2368434346502753529, 0.2943217954133982017, 0.3531909627945247765, 0.4127207064163247452, 0.4745221507037175046, 0.5370567441421365551, 0.5995913375805563827, 0.6623669793543065509, 0.7252456446794927070, 0.7903164461250805628, 0.8577243009540927998, 0.9272319523784934292, 1.000000000000000000 ),
 .UNSPECIFIED. ) ;
#4287 = ORIENTED_EDGE ( 'NONE', *, *, #4198, .T. ) ;
#4288 = CARTESIAN_POINT ( 'NONE',  ( -0.5865384615384614531, 1.034999999999999920, 0.7500000000000002220 ) ) ;
#4289 = CARTESIAN_POINT ( 'NONE',  ( 0.4992838354678801882, 1.024999999999999245, 1.340513759941373451 ) ) ;
#4290 = CARTESIAN_POINT ( 'NONE',  ( -0.6118870285339792492, 1.025000000000000133, 0.7505253949516117462 ) ) ;
#4291 = CARTESIAN_POINT ( 'NONE',  ( 0.2183820393925960390, 1.035000000000000142, -1.111100032772898594 ) ) ;
#4292 = ORIENTED_EDGE ( 'NONE', *, *, #5974, .F. ) ;
#4293 = B_SPLINE_SURFACE_WITH_KNOTS ( 'NONE', 3, 1, ( 
 ( #287, #3824 ),
 ( #329, #6340 ),
 ( #2288, #789 ),
 ( #3313, #178 ),
 ( #1720, #6246 ),
 ( #2679, #4775 ),
 ( #1746, #5287 ) ),
 .UNSPECIFIED., .F., .F., .F.,
 ( 4, 1, 1, 1, 4 ),
 ( 2, 2 ),
 ( 0.000000000000000000, 0.2343467883413798969, 0.4973277816769109960, 0.7593319102577504864, 1.000000000000000000 ),
 ( 0.000000000000000000, 1.000000000000000000 ),
 .UNSPECIFIED. ) ;
#4294 =( GEOMETRIC_REPRESENTATION_CONTEXT ( 3 ) GLOBAL_UNCERTAINTY_ASSIGNED_CONTEXT ( ( #240 ) ) GLOBAL_UNIT_ASSIGNED_CONTEXT ( ( #665, #2592, #74 ) ) REPRESENTATION_CONTEXT ( 'NONE', 'WORKASPACE' ) );
#4295 = CARTESIAN_POINT ( 'NONE',  ( 0.2855155418569315651, 1.024999999999999911, -1.268854646174933931 ) ) ;
#4296 =( LENGTH_UNIT ( ) NAMED_UNIT ( * ) SI_UNIT ( .MILLI., .METRE. ) );
#4297 = COLOUR_RGB ( '',1.000000000000000000, 1.000000000000000000, 1.000000000000000000 ) ;
#4298 = SURFACE_STYLE_USAGE ( .BOTH. , #3780 ) ;
#4299 = ORIENTED_EDGE ( 'NONE', *, *, #5758, .F. ) ;
#4300 = DIRECTION ( 'NONE',  ( 0.000000000000000000, 0.000000000000000000, 1.000000000000000000 ) ) ;
#4301 = CARTESIAN_POINT ( 'NONE',  ( 0.2571514423076928235, 1.034999999999999920, -1.269230769230769162 ) ) ;
#4302 = LINE ( 'NONE', #1857, #3033 ) ;
#4303 = LINE ( 'NONE', #4354, #1459 ) ;
#4304 = CARTESIAN_POINT ( 'NONE',  ( -0.5413300909498250935, 1.024999999999999911, 1.245493178173427085 ) ) ;
#4305 = CARTESIAN_POINT ( 'NONE',  ( 0.6174926027669854767, 1.035000000000000142, 0.7533978999952609668 ) ) ;
#4306 = CARTESIAN_POINT ( 'NONE',  ( -0.1400841346153841038, 1.034999999999999920, -0.9344951923076924016 ) ) ;
#4307 = SURFACE_STYLE_FILL_AREA ( #5948 ) ;
#4308 = CARTESIAN_POINT ( 'NONE',  ( -0.3557692307692307820, 1.024999999999999911, 0.9570312500000002220 ) ) ;
#4309 = LINE ( 'NONE', #5070, #3910 ) ;
#4310 = CARTESIAN_POINT ( 'NONE',  ( -0.5865384615384614531, 1.034999999999999920, 0.7500000000000002220 ) ) ;
#4311 = CARTESIAN_POINT ( 'NONE',  ( 0.7813705489506576063, 1.034999999999999698, 1.045491749235682333 ) ) ;
#4312 = CARTESIAN_POINT ( 'NONE',  ( 0.5107572115384619860, 1.035000000000000142, -0.02223557692307691694 ) ) ;
#4313 = COLOUR_RGB ( '',1.000000000000000000, 1.000000000000000000, 1.000000000000000000 ) ;
#4314 = PRESENTATION_LAYER_ASSIGNMENT (  '', '', ( #3970 ) ) ;
#4315 = CARTESIAN_POINT ( 'NONE',  ( -0.6189714532072565500, 1.024999999999999911, 0.8385981092399693582 ) ) ;
#4316 = STYLED_ITEM ( 'NONE', ( #4718 ), #5620 ) ;
#4317 = VECTOR ( 'NONE', #793, 1000.000000000000000 ) ;
#4318 = CARTESIAN_POINT ( 'NONE',  ( 0.09428627689420837621, 1.034999999999999920, 1.192704292644374720 ) ) ;
#4319 =( LENGTH_UNIT ( ) NAMED_UNIT ( * ) SI_UNIT ( .MILLI., .METRE. ) );
#4320 = CARTESIAN_POINT ( 'NONE',  ( 0.1946089425212500224, 1.025000000000000133, -1.106241961477663294 ) ) ;
#4321 = DIRECTION ( 'NONE',  ( 1.000000000000000000, -0.000000000000000000, -0.000000000000000000 ) ) ;
#4322 = B_SPLINE_SURFACE_WITH_KNOTS ( 'NONE', 3, 1, ( 
 ( #6131, #5111 ),
 ( #605, #4088 ),
 ( #5152, #3108 ),
 ( #582, #3606 ),
 ( #2619, #541 ),
 ( #100, #80 ),
 ( #444, #5133 ),
 ( #942, #4074 ),
 ( #2099, #4129 ),
 ( #4480, #4646 ),
 ( #1619, #2121 ) ),
 .UNSPECIFIED., .F., .F., .F.,
 ( 4, 1, 1, 1, 1, 1, 1, 1, 4 ),
 ( 2, 2 ),
 ( 0.000000000000000000, 0.08982226816897592725, 0.1871858735996305978, 0.2931954017053314820, 0.4089337604228172607, 0.5383757029064345501, 0.6787602136966732758, 0.8331740874230403326, 1.000000000000000000 ),
 ( 0.000000000000000000, 1.000000000000000000 ),
 .UNSPECIFIED. ) ;
#4323 = CARTESIAN_POINT ( 'NONE',  ( -0.6535456730769231282, 1.024999999999999911, 1.219501201923077316 ) ) ;
#4324 = CARTESIAN_POINT ( 'NONE',  ( -0.1320017023023945801, 1.024999999999999911, 0.8916546614439557761 ) ) ;
#4325 = ORIENTED_EDGE ( 'NONE', *, *, #3168, .T. ) ;
#4326 = CARTESIAN_POINT ( 'NONE',  ( 0.01377140237181433309, 1.025000000000000355, 0.1112525291091422813 ) ) ;
#4327 = CARTESIAN_POINT ( 'NONE',  ( 0.4408052884615384359, 1.034999999999999920, 1.403846153846154188 ) ) ;
#4328 = FILL_AREA_STYLE_COLOUR ( '', #5891 ) ;
#4329 = CARTESIAN_POINT ( 'NONE',  ( -0.3951346843693947508, 1.034999999999999920, 1.090131206510948969 ) ) ;
#4330 = EDGE_CURVE ( 'NONE', #5166, #2166, #5489, .T. ) ;
#4331 = DIRECTION ( 'NONE',  ( -1.000000000000000000, -2.644395542647571273E-16, 0.000000000000000000 ) ) ;
#4332 = CARTESIAN_POINT ( 'NONE',  ( -0.08290435250120309352, 1.024999999999999689, 1.224482152663803225 ) ) ;
#4333 = B_SPLINE_SURFACE_WITH_KNOTS ( 'NONE', 3, 1, ( 
 ( #4374, #1312 ),
 ( #2854, #2318 ),
 ( #4887, #5849 ),
 ( #5333, #4864 ),
 ( #2300, #2810 ),
 ( #4840, #6330 ),
 ( #3306, #2834 ),
 ( #2366, #1375 ),
 ( #6374, #3808 ),
 ( #4907, #342 ),
 ( #5360, #801 ),
 ( #3903, #1876 ),
 ( #1829, #4424 ),
 ( #5426, #4332 ),
 ( #6390, #2390 ) ),
 .UNSPECIFIED., .F., .F., .F.,
 ( 4, 1, 1, 1, 1, 1, 1, 1, 1, 1, 1, 1, 4 ),
 ( 2, 2 ),
 ( 0.000000000000000000, 0.1003881431397105894, 0.2044067930373087150, 0.3106860830942074214, 0.4221572938827999333, 0.4806854607703736071, 0.5432381544526684314, 0.6094995045645642540, 0.6795546087742242447, 0.7538412220511749862, 0.8316406764893861103, 0.9138127068095904804, 1.000000000000000000 ),
 ( 0.000000000000000000, 1.000000000000000000 ),
 .UNSPECIFIED. ) ;
#4334 = CARTESIAN_POINT ( 'NONE',  ( 0.2621031612083700724, 1.024999999999999911, -0.02505928498801309953 ) ) ;
#4335 = FILL_AREA_STYLE ('',( #1337 ) ) ;
#4336 = DIRECTION ( 'NONE',  ( -0.000000000000000000, -1.000000000000000000, -0.000000000000000000 ) ) ;
#4337 = CARTESIAN_POINT ( 'NONE',  ( -0.2500000000000002220, 1.024999999999999911, 0.9615384615384616751 ) ) ;
#4338 = SURFACE_STYLE_FILL_AREA ( #5797 ) ;
#4339 = B_SPLINE_CURVE_WITH_KNOTS ( 'NONE', 3,
 ( #6100, #3041, #3079, #6139, #535, #5123, #5632, #1543, #5084, #3095, #2043, #5595, #3061, #2612, #6122 ),
 .UNSPECIFIED., .F., .F.,
 ( 4, 1, 1, 1, 1, 1, 1, 1, 1, 1, 1, 1, 4 ),
 ( 0.000000000000000000, 0.04741350635443523226, 0.1000397465125186097, 0.1582439758605849178, 0.2216942561323725081, 0.3575016929472446536, 0.4971755172671906142, 0.6367312879952646831, 0.7722818284601444816, 0.8366453526860625489, 0.8958985570776435425, 0.9506979322711623936, 1.000000000000000000 ),
 .UNSPECIFIED. ) ;
#4340 = SURFACE_STYLE_USAGE ( .BOTH. , #4266 ) ;
#4341 = CARTESIAN_POINT ( 'NONE',  ( -0.7945177219948019731, 1.024999999999999911, 0.8517178425193885349 ) ) ;
#4342 = SURFACE_SIDE_STYLE ('',( #6450 ) ) ;
#4343 = PRESENTATION_STYLE_ASSIGNMENT (( #4981 ) ) ;
#4344 = CARTESIAN_POINT ( 'NONE',  ( -0.1440344949841227684, 1.034999999999999920, 0.9148738954979118709 ) ) ;
#4345 = CARTESIAN_POINT ( 'NONE',  ( -0.4519230769230769273, 1.024999999999999911, 0.9579326923076925127 ) ) ;
#4346 = CARTESIAN_POINT ( 'NONE',  ( 0.4215144230769235500, 1.034999999999999920, -1.232271634615384581 ) ) ;
#4347 =( NAMED_UNIT ( * ) PLANE_ANGLE_UNIT ( ) SI_UNIT ( $, .RADIAN. ) );
#4348 =( GEOMETRIC_REPRESENTATION_CONTEXT ( 3 ) GLOBAL_UNCERTAINTY_ASSIGNED_CONTEXT ( ( #3649 ) ) GLOBAL_UNIT_ASSIGNED_CONTEXT ( ( #5607, #2676, #590 ) ) REPRESENTATION_CONTEXT ( 'NONE', 'WORKASPACE' ) );
#4349 = CARTESIAN_POINT ( 'NONE',  ( -0.3563898423674587979, 1.035000000000000364, 0.9793131793324549861 ) ) ;
#4350 = LINE ( 'NONE', #2846, #3610 ) ;
#4351 = EDGE_LOOP ( 'NONE', ( #4871, #680, #2298, #2451 ) ) ;
#4352 = ORIENTED_EDGE ( 'NONE', *, *, #3859, .T. ) ;
#4353 = CARTESIAN_POINT ( 'NONE',  ( -0.8192581937940324188, 1.034999999999999920, 0.9132441222960757665 ) ) ;
#4354 = CARTESIAN_POINT ( 'NONE',  ( -0.5923076923076919797, 1.035000000000000142, -0.09104567307692308653 ) ) ;
#4355 = LINE ( 'NONE', #610, #637 ) ;
#4356 =( GEOMETRIC_REPRESENTATION_CONTEXT ( 3 ) GLOBAL_UNCERTAINTY_ASSIGNED_CONTEXT ( ( #5348 ) ) GLOBAL_UNIT_ASSIGNED_CONTEXT ( ( #324, #2355, #2860 ) ) REPRESENTATION_CONTEXT ( 'NONE', 'WORKASPACE' ) );
#4357 = CARTESIAN_POINT ( 'NONE',  ( 0.5652043269230768718, 1.024999999999999911, 0.8365384615384617861 ) ) ;
#4358 =( GEOMETRIC_REPRESENTATION_CONTEXT ( 3 ) GLOBAL_UNCERTAINTY_ASSIGNED_CONTEXT ( ( #5928 ) ) GLOBAL_UNIT_ASSIGNED_CONTEXT ( ( #1673, #179, #5677 ) ) REPRESENTATION_CONTEXT ( 'NONE', 'WORKASPACE' ) );
#4359 = CARTESIAN_POINT ( 'NONE',  ( 0.6791238268427108871, 1.034999999999999698, 1.036833623450326591 ) ) ;
#4360 = CARTESIAN_POINT ( 'NONE',  ( 0.5419591253121749386, 1.034999999999999920, 0.7505253949516117462 ) ) ;
#4361 = CARTESIAN_POINT ( 'NONE',  ( -0.7697840173214464121, 1.024999999999999911, 0.8183052022479979648 ) ) ;
#4362 = FILL_AREA_STYLE_COLOUR ( '', #6349 ) ;
#4363 = DIRECTION ( 'NONE',  ( -1.000000000000000000, 0.000000000000000000, 0.000000000000000000 ) ) ;
#4364 = B_SPLINE_SURFACE_WITH_KNOTS ( 'NONE', 3, 1, ( 
 ( #6195, #238 ),
 ( #2238, #4766 ),
 ( #6264, #3236 ),
 ( #1231, #3756 ),
 ( #6237, #4250 ),
 ( #5772, #1735 ),
 ( #5278, #217 ) ),
 .UNSPECIFIED., .F., .F., .F.,
 ( 4, 1, 1, 1, 4 ),
 ( 2, 2 ),
 ( 0.000000000000000000, 0.2802804073183726707, 0.5322082839513375685, 0.7701071987037836353, 1.000000000000000000 ),
 ( 0.000000000000000000, 1.000000000000000000 ),
 .UNSPECIFIED. ) ;
#4365 = CARTESIAN_POINT ( 'NONE',  ( -0.4747223270034429676, 1.035000000000000142, 1.036833623450326813 ) ) ;
#4366 = FILL_AREA_STYLE ('',( #3299 ) ) ;
#4367 = CARTESIAN_POINT ( 'NONE',  ( -0.3905382497827223909, 1.025000000000000577, 0.8407290785386313248 ) ) ;
#4368 = SURFACE_SIDE_STYLE ('',( #913 ) ) ;
#4369 = CARTESIAN_POINT ( 'NONE',  ( 0.8243678017637242617, 1.025000000000000133, -0.4501949696066830375 ) ) ;
#4370 = CARTESIAN_POINT ( 'NONE',  ( -0.2577146742192040207, 1.034999999999999920, 1.466000064178921480 ) ) ;
#4371 = ORIENTED_EDGE ( 'NONE', *, *, #4626, .T. ) ;
#4372 = CARTESIAN_POINT ( 'NONE',  ( 0.4688939157507855948, 1.024999999999999911, -0.9446510893511390616 ) ) ;
#4373 = ORIENTED_EDGE ( 'NONE', *, *, #1490, .F. ) ;
#4374 = CARTESIAN_POINT ( 'NONE',  ( -0.2495492788461539657, 1.034999999999999920, 1.433293269230769607 ) ) ;
#4375 = SURFACE_STYLE_FILL_AREA ( #391 ) ;
#4376 = CARTESIAN_POINT ( 'NONE',  ( -0.07117166630517686443, 1.024999999999999689, 0.1451154953134258796 ) ) ;
#4377 = SURFACE_STYLE_USAGE ( .BOTH. , #4842 ) ;
#4378 = CARTESIAN_POINT ( 'NONE',  ( 0.7978702046083667732, 1.024999999999999911, 0.9644531001897752587 ) ) ;
#4379 = PRESENTATION_STYLE_ASSIGNMENT (( #3330 ) ) ;
#4380 = VERTEX_POINT ( 'NONE', #2570 ) ;
#4381 = VERTEX_POINT ( 'NONE', #4662 ) ;
#4382 = EDGE_CURVE ( 'NONE', #6244, #2600, #5422, .T. ) ;
#4383 = VERTEX_POINT ( 'NONE', #2091 ) ;
#4384 = CARTESIAN_POINT ( 'NONE',  ( 0.3370346671733435717, 1.024999999999999911, 1.406614822300994438 ) ) ;
#4385 = DIRECTION ( 'NONE',  ( 0.000000000000000000, 0.000000000000000000, 1.000000000000000000 ) ) ;
#4386 = ORIENTED_EDGE ( 'NONE', *, *, #3532, .T. ) ;
#4387 = LINE ( 'NONE', #4080, #666 ) ;
#4388 = LINE ( 'NONE', #1342, #2646 ) ;
#4389 = CARTESIAN_POINT ( 'NONE',  ( 0.3345879600521213804, 1.024999999999999911, 0.9132441222960760996 ) ) ;
#4390 = CARTESIAN_POINT ( 'NONE',  ( 0.1510073602894673184, 1.035000000000000142, 1.132741021815065752 ) ) ;
#4391 = FACE_BOUND ( 'NONE', #600, .T. ) ;
#4392 =( LENGTH_UNIT ( ) NAMED_UNIT ( * ) SI_UNIT ( .MILLI., .METRE. ) );
#4393 = ORIENTED_EDGE ( 'NONE', *, *, #2475, .F. ) ;
#4394 = CARTESIAN_POINT ( 'NONE',  ( 0.2381260191214930044, 1.024999999999999689, -0.8127853324200386975 ) ) ;
#4395 =( GEOMETRIC_REPRESENTATION_CONTEXT ( 3 ) GLOBAL_UNCERTAINTY_ASSIGNED_CONTEXT ( ( #3460 ) ) GLOBAL_UNIT_ASSIGNED_CONTEXT ( ( #539, #2546, #2512 ) ) REPRESENTATION_CONTEXT ( 'NONE', 'WORKASPACE' ) );
#4396 = CARTESIAN_POINT ( 'NONE',  ( -0.4830361866817420857, 1.034999999999999920, 1.050369067633049491 ) ) ;
#4397 = CARTESIAN_POINT ( 'NONE',  ( -0.1148982632756631039, 1.035000000000000142, 0.8721003435082631539 ) ) ;
#4398 = CIRCLE ( 'NONE', #1306, 0.04999999999999991257 ) ;
#4399 = CARTESIAN_POINT ( 'NONE',  ( 0.7558993943418096384, 1.035000000000000142, -0.2316214222362033837 ) ) ;
#4400 = CARTESIAN_POINT ( 'NONE',  ( -0.5905545249870922664, 1.025000000000000133, -0.03364671067363699669 ) ) ;
#4401 = FILL_AREA_STYLE ('',( #5330 ) ) ;
#4402 = COLOUR_RGB ( '',1.000000000000000000, 1.000000000000000000, 1.000000000000000000 ) ;
#4403 = MECHANICAL_DESIGN_GEOMETRIC_PRESENTATION_REPRESENTATION (  '', ( #3926 ), #2669 ) ;
#4404 = B_SPLINE_SURFACE_WITH_KNOTS ( 'NONE', 3, 1, ( 
 ( #4240, #276 ),
 ( #5265, #5289 ),
 ( #1190, #4755 ),
 ( #1724, #1288 ),
 ( #2224, #2252 ),
 ( #5375, #907 ),
 ( #5825, #2805 ),
 ( #2016, #5113 ),
 ( #4075, #2034 ),
 ( #3563, #64 ),
 ( #4562, #563 ),
 ( #4091, #6064 ),
 ( #3070, #5540 ),
 ( #5054, #1488 ),
 ( #5098, #6047 ),
 ( #6084, #3540 ),
 ( #984, #5037 ),
 ( #1534, #4578 ),
 ( #5560, #1020 ) ),
 .UNSPECIFIED., .F., .F., .F.,
 ( 4, 1, 1, 1, 1, 1, 1, 1, 1, 1, 1, 1, 1, 1, 1, 1, 4 ),
 ( 2, 2 ),
 ( 0.000000000000000000, 0.07069648334337648443, 0.1383582132030687362, 0.2033698682591697504, 0.2657002133402300292, 0.3272558681973767314, 0.3865123433292945720, 0.4458582974819496059, 0.5051731438069391178, 0.5637797628070205791, 0.6223430642934398849, 0.6808235796100194914, 0.7397951568104399467, 0.8008011629883835525, 0.8642394615769081190, 0.9306310981734532417, 1.000000000000000000 ),
 ( 0.000000000000000000, 1.000000000000000000 ),
 .UNSPECIFIED. ) ;
#4405 = FILL_AREA_STYLE_COLOUR ( '', #1988 ) ;
#4406 = ORIENTED_EDGE ( 'NONE', *, *, #783, .F. ) ;
#4407 = EDGE_LOOP ( 'NONE', ( #1098, #6428, #5017, #4915 ) ) ;
#4408 = COLOUR_RGB ( '',0.4980392156862745168, 0.4980392156862745168, 0.4980392156862745168 ) ;
#4409 = CARTESIAN_POINT ( 'NONE',  ( 0.3656008041491505267, 1.034999999999999698, 1.355140911848129015 ) ) ;
#4410 =( GEOMETRIC_REPRESENTATION_CONTEXT ( 3 ) GLOBAL_UNCERTAINTY_ASSIGNED_CONTEXT ( ( #6151 ) ) GLOBAL_UNIT_ASSIGNED_CONTEXT ( ( #4943, #1406, #3380 ) ) REPRESENTATION_CONTEXT ( 'NONE', 'WORKASPACE' ) );
#4411 = CARTESIAN_POINT ( 'NONE',  ( -0.5886418269230768718, 1.025000000000000133, 0.8365384615384617861 ) ) ;
#4412 = CARTESIAN_POINT ( 'NONE',  ( 0.7633079040634315193, 1.034999999999999920, 0.8407290785386309917 ) ) ;
#4413 = DIRECTION ( 'NONE',  ( -0.000000000000000000, -1.000000000000000000, -0.000000000000000000 ) ) ;
#4414 = SURFACE_STYLE_USAGE ( .BOTH. , #1884 ) ;
#4415 = CARTESIAN_POINT ( 'NONE',  ( -0.7066733836020947512, 1.024999999999999911, 0.1609778065568407968 ) ) ;
#4416 = CARTESIAN_POINT ( 'NONE',  ( 0.2162151556468711877, 1.024999999999999911, -0.8579314103036175254 ) ) ;
#4417 = EDGE_CURVE ( 'NONE', #658, #3491, #1529, .T. ) ;
#4418 = CARTESIAN_POINT ( 'NONE',  ( -0.5044750564292153072, 1.035000000000000142, 1.078940445635440559 ) ) ;
#4419 = CARTESIAN_POINT ( 'NONE',  ( 0.4230769230769230171, 1.024999999999999911, 0.9711538461538463674 ) ) ;
#4420 = CARTESIAN_POINT ( 'NONE',  ( -0.4495910546867318280, 1.024999999999999467, -0.5853106937111854924 ) ) ;
#4421 = CARTESIAN_POINT ( 'NONE',  ( 0.5434891144720701561, 1.034999999999999920, -0.04732094589271203244 ) ) ;
#4422 = CARTESIAN_POINT ( 'NONE',  ( 0.5225040702412534488, 1.034999999999999920, -1.055883598833726289 ) ) ;
#4423 = MECHANICAL_DESIGN_GEOMETRIC_PRESENTATION_REPRESENTATION (  '', ( #3468 ), #2931 ) ;
#4424 = CARTESIAN_POINT ( 'NONE',  ( -0.09517521297205010222, 1.024999999999999467, 1.234212003388962753 ) ) ;
#4425 =( LENGTH_UNIT ( ) NAMED_UNIT ( * ) SI_UNIT ( .MILLI., .METRE. ) );
#4426 = EDGE_CURVE ( 'NONE', #3491, #1600, #196, .T. ) ;
#4427 = CARTESIAN_POINT ( 'NONE',  ( -0.2463673470139852995, 1.034999999999999920, 1.424506378665186590 ) ) ;
#4428 = CARTESIAN_POINT ( 'NONE',  ( 0.5099508101729233189, 1.024999999999999911, 1.211378676326421155 ) ) ;
#4429 = B_SPLINE_CURVE_WITH_KNOTS ( 'NONE', 3,
 ( #5326, #3920, #3964, #900, #4481, #2985, #3481, #1446, #2467, #6517, #4437, #3988, #1908, #5939, #924, #1950, #2965, #6494, #5459 ),
 .UNSPECIFIED., .F., .F.,
 ( 4, 1, 1, 1, 1, 1, 1, 1, 1, 1, 1, 1, 1, 1, 1, 1, 4 ),
 ( 0.000000000000000000, 0.07069648334337648443, 0.1383582132030687362, 0.2033698682591697504, 0.2657002133402300292, 0.3272558681973767314, 0.3865123433292945720, 0.4458582974819496059, 0.5051731438069391178, 0.5637797628070205791, 0.6223430642934398849, 0.6808235796100194914, 0.7397951568104399467, 0.8008011629883835525, 0.8642394615769081190, 0.9306310981734532417, 1.000000000000000000 ),
 .UNSPECIFIED. ) ;
#4430 = CARTESIAN_POINT ( 'NONE',  ( -1.999999999999999556, 1.024999999999999911, -1.850000000000000977 ) ) ;
#4431 = SURFACE_STYLE_USAGE ( .BOTH. , #397 ) ;
#4432 = CARTESIAN_POINT ( 'NONE',  ( -0.7398370312623998579, 1.024999999999999911, 0.08450636470554295787 ) ) ;
#4433 = VERTEX_POINT ( 'NONE', #6076 ) ;
#4434 = CARTESIAN_POINT ( 'NONE',  ( -0.5712790676093170150, 1.025000000000000355, 0.04666810681196591898 ) ) ;
#4435 = B_SPLINE_SURFACE_WITH_KNOTS ( 'NONE', 3, 1, ( 
 ( #2743, #5264 ),
 ( #5288, #2764 ),
 ( #6279, #5847 ),
 ( #3929, #5975 ),
 ( #2438, #910 ),
 ( #964, #5359 ),
 ( #4445, #2955 ),
 ( #1287, #5989 ),
 ( #5484, #2936 ),
 ( #1917, #6465 ),
 ( #410, #2833 ),
 ( #6353, #4957 ),
 ( #799, #3436 ) ),
 .UNSPECIFIED., .F., .F., .F.,
 ( 4, 1, 1, 1, 1, 1, 1, 1, 1, 1, 4 ),
 ( 2, 2 ),
 ( 0.000000000000000000, 0.05965404015766073015, 0.1202635358631139323, 0.1811445130252171687, 0.2433883343552048217, 0.3692420458399867100, 0.4961055646164548860, 0.6237287877357091670, 0.7512143821036587621, 0.8774268709322476933, 1.000000000000000000 ),
 ( 0.000000000000000000, 1.000000000000000000 ),
 .UNSPECIFIED. ) ;
#4436 = CARTESIAN_POINT ( 'NONE',  ( -0.06697226675015373332, 1.034999999999999920, 1.211378676326421155 ) ) ;
#4437 = CARTESIAN_POINT ( 'NONE',  ( -0.7008814822784084075, 1.034999999999999920, 0.8814623108698969034 ) ) ;
#4438 = CARTESIAN_POINT ( 'NONE',  ( -0.5778657994745910464, 1.025000000000000133, 0.7501485095022862870 ) ) ;
#4439 = CARTESIAN_POINT ( 'NONE',  ( -0.6545623183782736110, 1.034999999999999920, 1.340513759941373451 ) ) ;
#4440 = ORIENTED_EDGE ( 'NONE', *, *, #6212, .T. ) ;
#4441 =( NAMED_UNIT ( * ) SI_UNIT ( $, .STERADIAN. ) SOLID_ANGLE_UNIT ( ) );
#4442 = SURFACE_SIDE_STYLE ('',( #4138 ) ) ;
#4443 = B_SPLINE_SURFACE_WITH_KNOTS ( 'NONE', 3, 1, ( 
 ( #1983, #6022 ),
 ( #978, #1952 ),
 ( #3002, #3499 ),
 ( #5051, #4559 ),
 ( #1528, #3051 ),
 ( #36, #5502 ),
 ( #3537, #3965 ),
 ( #467, #3990 ),
 ( #4047, #2013 ),
 ( #5033, #1485 ),
 ( #1017, #6534 ),
 ( #1530, #1984 ),
 ( #4560, #5537 ),
 ( #2490, #5578 ),
 ( #484, #3501 ),
 ( #6045, #6001 ),
 ( #5072, #4027 ),
 ( #3516, #5557 ),
 ( #5052, #2031 ) ),
 .UNSPECIFIED., .F., .F., .F.,
 ( 4, 1, 1, 1, 1, 1, 1, 1, 1, 1, 1, 1, 1, 1, 1, 1, 4 ),
 ( 2, 2 ),
 ( 0.000000000000000000, 0.06176215676807091104, 0.1211739926536290618, 0.1794214068253153216, 0.2368434346502752974, 0.2943217954133982017, 0.3531909627945244989, 0.4127207064163244676, 0.4745221507037177822, 0.5370567441421367771, 0.5995913375805556056, 0.6623669793543061068, 0.7252456446794918188, 0.7903164461250806738, 0.8577243009540927998, 0.9272319523784928741, 1.000000000000000000 ),
 ( 0.000000000000000000, 1.000000000000000000 ),
 .UNSPECIFIED. ) ;
#4444 = CARTESIAN_POINT ( 'NONE',  ( -0.5923076923076919797, 1.035000000000000142, -0.09104567307692308653 ) ) ;
#4445 = CARTESIAN_POINT ( 'NONE',  ( -0.7242078780703772312, 1.034999999999999476, -0.3795226689951302634 ) ) ;
#4446 =( GEOMETRIC_REPRESENTATION_CONTEXT ( 3 ) GLOBAL_UNCERTAINTY_ASSIGNED_CONTEXT ( ( #2116 ) ) GLOBAL_UNIT_ASSIGNED_CONTEXT ( ( #3310, #2210, #2791 ) ) REPRESENTATION_CONTEXT ( 'NONE', 'WORKASPACE' ) );
#4447 = CARTESIAN_POINT ( 'NONE',  ( -0.1290136337559121549, 1.034999999999999920, 1.263398958623645596 ) ) ;
#4448 =( GEOMETRIC_REPRESENTATION_CONTEXT ( 3 ) GLOBAL_UNCERTAINTY_ASSIGNED_CONTEXT ( ( #951 ) ) GLOBAL_UNIT_ASSIGNED_CONTEXT ( ( #4465, #3433, #3394 ) ) REPRESENTATION_CONTEXT ( 'NONE', 'WORKASPACE' ) );
#4449 = UNCERTAINTY_MEASURE_WITH_UNIT (LENGTH_MEASURE( 1.000000000000000082E-05 ), #6138, 'distance_accuracy_value', 'NONE');
#4450 = CARTESIAN_POINT ( 'NONE',  ( -0.08253833628754228546, 1.024999999999999467, 0.7572851291288784648 ) ) ;
#4451 = VERTEX_POINT ( 'NONE', #5699 ) ;
#4452 = CARTESIAN_POINT ( 'NONE',  ( 0.3840621365247076646, 1.025000000000000355, 0.8183052022479979648 ) ) ;
#4453 = CARTESIAN_POINT ( 'NONE',  ( -0.4817377446529020890, 1.024999999999999911, 0.3293958269302679764 ) ) ;
#4454 = CARTESIAN_POINT ( 'NONE',  ( -0.07117166630517686443, 1.034999999999999920, 0.1451154953134258796 ) ) ;
#4455 = SURFACE_STYLE_USAGE ( .BOTH. , #1408 ) ;
#4456 = ORIENTED_EDGE ( 'NONE', *, *, #1951, .T. ) ;
#4457 = CARTESIAN_POINT ( 'NONE',  ( -0.3461538461538462008, 1.034999999999999920, 1.403846153846154188 ) ) ;
#4458 = EDGE_CURVE ( 'NONE', #4906, #4100, #5025, .T. ) ;
#4459 = DIRECTION ( 'NONE',  ( -0.000000000000000000, -1.000000000000000000, -0.000000000000000000 ) ) ;
#4460 = ORIENTED_EDGE ( 'NONE', *, *, #686, .F. ) ;
#4461 = SURFACE_SIDE_STYLE ('',( #3432 ) ) ;
#4462 = VERTEX_POINT ( 'NONE', #1339 ) ;
#4463 = CARTESIAN_POINT ( 'NONE',  ( -0.4147596292107220695, 1.034999999999999920, -0.6422062183519512413 ) ) ;
#4464 =( NAMED_UNIT ( * ) SI_UNIT ( $, .STERADIAN. ) SOLID_ANGLE_UNIT ( ) );
#4465 =( LENGTH_UNIT ( ) NAMED_UNIT ( * ) SI_UNIT ( .MILLI., .METRE. ) );
#4466 = CARTESIAN_POINT ( 'NONE',  ( -0.08712521564218052295, 1.035000000000000364, -1.149688886720175551 ) ) ;
#4467 = CARTESIAN_POINT ( 'NONE',  ( -0.8240254068496583040, 1.024999999999999689, 0.9368557672397974656 ) ) ;
#4468 = CARTESIAN_POINT ( 'NONE',  ( 0.3551007412901766580, 1.025000000000000355, -1.069114892164733099 ) ) ;
#4469 = CARTESIAN_POINT ( 'NONE',  ( 0.4187397839834055557, 1.024999999999999911, 1.291137545940029163 ) ) ;
#4470 = CARTESIAN_POINT ( 'NONE',  ( 0.2307692307692306155, 1.034999999999999920, 1.403846153846154410 ) ) ;
#4471 = B_SPLINE_CURVE_WITH_KNOTS ( 'NONE', 3,
 ( #3303, #2832, #1849, #3853, #2315, #3873, #6350, #4372, #3280, #5826, #5305, #817, #3323, #5356, #1788 ),
 .UNSPECIFIED., .F., .F.,
 ( 4, 1, 1, 1, 1, 1, 1, 1, 1, 1, 1, 1, 4 ),
 ( 0.000000000000000000, 0.03591997324286190507, 0.08120685519723139234, 0.1360147832088366426, 0.2010375103194009527, 0.3449822992729602023, 0.4991298974956019374, 0.6526645158108661526, 0.7986598545325869214, 0.8637593726083351298, 0.9189759817990864610, 0.9643592922044411653, 1.000000000000000000 ),
 .UNSPECIFIED. ) ;
#4472 = VECTOR ( 'NONE', #2762, 1000.000000000000000 ) ;
#4473 = LINE ( 'NONE', #1196, #5894 ) ;
#4474 = CARTESIAN_POINT ( 'NONE',  ( 0.3612907688776517690, 1.034999999999999920, -1.259698088810414784 ) ) ;
#4475 = CARTESIAN_POINT ( 'NONE',  ( -0.6720982898951269879, 1.035000000000000142, 1.234212003388963197 ) ) ;
#4476 = PRESENTATION_STYLE_ASSIGNMENT (( #1875 ) ) ;
#4477 = CARTESIAN_POINT ( 'NONE',  ( -0.1995286036472132540, 1.035000000000000142, 0.1803566934286314760 ) ) ;
#4478 = PRESENTATION_STYLE_ASSIGNMENT (( #949 ) ) ;
#4479 =( GEOMETRIC_REPRESENTATION_CONTEXT ( 3 ) GLOBAL_UNCERTAINTY_ASSIGNED_CONTEXT ( ( #2299 ) ) GLOBAL_UNIT_ASSIGNED_CONTEXT ( ( #668, #5149, #1566 ) ) REPRESENTATION_CONTEXT ( 'NONE', 'WORKASPACE' ) );
#4480 = CARTESIAN_POINT ( 'NONE',  ( 0.7705333753552847664, 1.035000000000000142, -0.2472424698005582233 ) ) ;
#4481 = CARTESIAN_POINT ( 'NONE',  ( -0.6331293773773475353, 1.034999999999999920, 0.8412040476659463639 ) ) ;
#4482 = VERTEX_POINT ( 'NONE', #4737 ) ;
#4483 = FACE_OUTER_BOUND ( 'NONE', #3638, .T. ) ;
#4484 = CARTESIAN_POINT ( 'NONE',  ( 0.6963868235130904472, 1.035000000000000142, 0.9969243262400653283 ) ) ;
#4485 = SURFACE_STYLE_FILL_AREA ( #4366 ) ;
#4486 = CARTESIAN_POINT ( 'NONE',  ( 0.8500000000000005329, 1.034999999999999920, -0.3948317307692308376 ) ) ;
#4487 = UNCERTAINTY_MEASURE_WITH_UNIT (LENGTH_MEASURE( 1.000000000000000082E-05 ), #5, 'distance_accuracy_value', 'NONE');
#4488 = PRESENTATION_LAYER_ASSIGNMENT (  '', '', ( #304 ) ) ;
#4489 = PLANE ( 'NONE',  #433 ) ;
#4490 = CARTESIAN_POINT ( 'NONE',  ( 0.2362522088696082101, 1.025000000000000133, -1.268604448015735908 ) ) ;
#4491 = PLANE ( 'NONE',  #1569 ) ;
#4492 = VERTEX_POINT ( 'NONE', #3643 ) ;
#4493 = FILL_AREA_STYLE_COLOUR ( '', #743 ) ;
#4494 = MECHANICAL_DESIGN_GEOMETRIC_PRESENTATION_REPRESENTATION (  '', ( #5433 ), #967 ) ;
#4495 = CARTESIAN_POINT ( 'NONE',  ( -0.2423351168709556303, 1.024999999999999911, 0.9132441222960763216 ) ) ;
#4496 = CARTESIAN_POINT ( 'NONE',  ( 0.3256516634535224775, 1.024999999999999689, 1.438671195898516331 ) ) ;
#4497 = CARTESIAN_POINT ( 'NONE',  ( 0.5224391118454452254, 1.034999999999999698, -1.072678611138124127 ) ) ;
#4498 = CARTESIAN_POINT ( 'NONE',  ( -0.5990513877927807762, 1.024999999999999911, 0.2773487647443848569 ) ) ;
#4499 = B_SPLINE_SURFACE_WITH_KNOTS ( 'NONE', 3, 1, ( 
 ( #4561, #2014 ),
 ( #2032, #5558 ),
 ( #6061, #3114 ),
 ( #705, #1329 ),
 ( #2515, #2659 ),
 ( #2156, #3312 ),
 ( #5858, #5367 ),
 ( #1779, #5319 ),
 ( #6291, #2773 ),
 ( #4390, #5790 ),
 ( #4849, #260 ),
 ( #3796, #328 ),
 ( #858, #6318 ),
 ( #4318, #6365 ),
 ( #2823, #1295 ),
 ( #2795, #5882 ),
 ( #2333, #3335 ),
 ( #5817, #1363 ),
 ( #3269, #1343 ) ),
 .UNSPECIFIED., .F., .F., .F.,
 ( 4, 1, 1, 1, 1, 1, 1, 1, 1, 1, 1, 1, 1, 1, 1, 1, 4 ),
 ( 2, 2 ),
 ( 0.000000000000000000, 0.05794487546232533065, 0.1160176254256832240, 0.1748257843638406361, 0.2346830900793710206, 0.2968270303289147760, 0.3640613359637882573, 0.4361924240497391247, 0.5142601195414410187, 0.5569758971654885649, 0.6048559283836539846, 0.6576752010734879805, 0.7157505846619325318, 0.7788397991664557374, 0.8475011894738632146, 0.9212282309463240004, 1.000000000000000000 ),
 ( 0.000000000000000000, 1.000000000000000000 ),
 .UNSPECIFIED. ) ;
#4500 = CARTESIAN_POINT ( 'NONE',  ( 0.2117753373692803087, 1.025000000000000133, 1.023495007546662894 ) ) ;
#4501 = CARTESIAN_POINT ( 'NONE',  ( -0.3593822592349284473, 1.024999999999999467, 0.9148849069587252636 ) ) ;
#4502 = CARTESIAN_POINT ( 'NONE',  ( 0.1903382224432993153, 1.024999999999999689, -1.260782450121067821 ) ) ;
#4503 = EDGE_CURVE ( 'NONE', #874, #4034, #5365, .T. ) ;
#4504 =( LENGTH_UNIT ( ) NAMED_UNIT ( * ) SI_UNIT ( .MILLI., .METRE. ) );
#4505 = CARTESIAN_POINT ( 'NONE',  ( -0.6363485918313113165, 1.035000000000000364, 0.7531031900268578827 ) ) ;
#4506 = CARTESIAN_POINT ( 'NONE',  ( -0.01171875000000011796, 1.034999999999999920, 0.8365384615384620082 ) ) ;
#4507 = ORIENTED_EDGE ( 'NONE', *, *, #554, .F. ) ;
#4508 = CARTESIAN_POINT ( 'NONE',  ( -1.604999999999999982, -1.024999999999999911, 1.624999999999999778 ) ) ;
#4509 = B_SPLINE_CURVE_WITH_KNOTS ( 'NONE', 3,
 ( #1800, #4765, #307, #3235, #4788, #3292, #1777, #6236, #3723, #5835, #5344, #718, #2266, #6289, #237, #2286, #1754, #788, #5295 ),
 .UNSPECIFIED., .F., .F.,
 ( 4, 1, 1, 1, 1, 1, 1, 1, 1, 1, 1, 1, 1, 1, 1, 1, 4 ),
 ( 0.000000000000000000, 0.05794487546232533065, 0.1160176254256832240, 0.1748257843638406361, 0.2346830900793710206, 0.2968270303289147760, 0.3640613359637882573, 0.4361924240497391247, 0.5142601195414410187, 0.5569758971654885649, 0.6048559283836539846, 0.6576752010734879805, 0.7157505846619325318, 0.7788397991664557374, 0.8475011894738632146, 0.9212282309463240004, 1.000000000000000000 ),
 .UNSPECIFIED. ) ;
#4510 = STYLED_ITEM ( 'NONE', ( #2760 ), #2537 ) ;
#4511 = VERTEX_POINT ( 'NONE', #5723 ) ;
#4512 = FILL_AREA_STYLE ('',( #1469 ) ) ;
#4513 = CARTESIAN_POINT ( 'NONE',  ( -0.03980813274335292390, 1.034999999999999920, 1.308609899621553163 ) ) ;
#4514 = ORIENTED_EDGE ( 'NONE', *, *, #5803, .T. ) ;
#4515 = CARTESIAN_POINT ( 'NONE',  ( 0.7016076046600554506, 1.034999999999999698, 0.9708214919927355968 ) ) ;
#4516 = CARTESIAN_POINT ( 'NONE',  ( -0.4177972095128741348, 1.034999999999999920, 0.8091909101105898561 ) ) ;
#4517 = UNCERTAINTY_MEASURE_WITH_UNIT (LENGTH_MEASURE( 1.000000000000000082E-05 ), #1392, 'distance_accuracy_value', 'NONE');
#4518 = CARTESIAN_POINT ( 'NONE',  ( -1.499999999999996891, 1.024999999999999911, -1.650000000000000799 ) ) ;
#4519 = CARTESIAN_POINT ( 'NONE',  ( -0.03980813274335292390, 1.034999999999999920, 1.308609899621553163 ) ) ;
#4520 = SURFACE_SIDE_STYLE ('',( #5500 ) ) ;
#4521 = CARTESIAN_POINT ( 'NONE',  ( 0.3944003306930352060, 1.034999999999999698, 1.317561331180454154 ) ) ;
#4522 = ORIENTED_EDGE ( 'NONE', *, *, #2151, .T. ) ;
#4523 = CARTESIAN_POINT ( 'NONE',  ( 0.3647235576923080758, 1.034999999999999920, -1.085036057692307709 ) ) ;
#4524 = CARTESIAN_POINT ( 'NONE',  ( 0.06676003895610660432, 1.034999999999999920, 0.8562443421471487293 ) ) ;
#4525 = CARTESIAN_POINT ( 'NONE',  ( 0.6963868235130904472, 1.035000000000000142, 0.9969243262400653283 ) ) ;
#4526 = ORIENTED_EDGE ( 'NONE', *, *, #4580, .T. ) ;
#4527 = EDGE_CURVE ( 'NONE', #2166, #5110, #1836, .T. ) ;
#4528 = COLOUR_RGB ( '',1.000000000000000000, 1.000000000000000000, 1.000000000000000000 ) ;
#4529 = VERTEX_POINT ( 'NONE', #3209 ) ;
#4530 = CARTESIAN_POINT ( 'NONE',  ( 0.3172776075748721114, 1.024999999999999689, 1.482875074157175455 ) ) ;
#4531 = DIRECTION ( 'NONE',  ( 1.000000000000000000, 0.000000000000000000, 0.000000000000000000 ) ) ;
#4532 = CARTESIAN_POINT ( 'NONE',  ( -0.7649954426006994046, 1.035000000000000142, -0.08212192723225118784 ) ) ;
#4533 = VERTEX_POINT ( 'NONE', #4357 ) ;
#4534 = CARTESIAN_POINT ( 'NONE',  ( -0.3641093951549729812, 1.035000000000000142, 0.8949845457384372205 ) ) ;
#4535 = ORIENTED_EDGE ( 'NONE', *, *, #6074, .F. ) ;
#4536 = COLOUR_RGB ( '',1.000000000000000000, 1.000000000000000000, 1.000000000000000000 ) ;
#4537 = DIRECTION ( 'NONE',  ( -0.000000000000000000, -1.000000000000000000, -0.000000000000000000 ) ) ;
#4538 = STYLED_ITEM ( 'NONE', ( #2169 ), #522 ) ;
#4539 = CARTESIAN_POINT ( 'NONE',  ( 0.1591258674102027093, 1.025000000000000133, 0.8091909101105899671 ) ) ;
#4540 = ORIENTED_EDGE ( 'NONE', *, *, #99, .T. ) ;
#4541 = CARTESIAN_POINT ( 'NONE',  ( 0.5547742813198949241, 1.024999999999999911, 1.172529277259950931 ) ) ;
#4542 = EDGE_CURVE ( 'NONE', #5229, #1308, #5343, .T. ) ;
#4543 = FACE_OUTER_BOUND ( 'NONE', #227, .T. ) ;
#4544 = CARTESIAN_POINT ( 'NONE',  ( -0.06674896830846809015, 1.034999999999999920, 1.331288948873510458 ) ) ;
#4545 = CARTESIAN_POINT ( 'NONE',  ( -0.3242788461538456679, 1.035000000000000142, 0.1923076923076923184 ) ) ;
#4546 = CARTESIAN_POINT ( 'NONE',  ( 0.006501761106951204836, 1.034999999999999920, 1.270071547984030325 ) ) ;
#4547 = CARTESIAN_POINT ( 'NONE',  ( -0.08213732640322227163, 1.025000000000000133, 0.8502074897336967529 ) ) ;
#4548 = ORIENTED_EDGE ( 'NONE', *, *, #5357, .F. ) ;
#4549 = CARTESIAN_POINT ( 'NONE',  ( 0.1246907728019100853, 1.034999999999999920, 0.9454479468394777486 ) ) ;
#4550 = CARTESIAN_POINT ( 'NONE',  ( -0.2743334047121316344, 1.034999999999999920, -1.025083165816942810 ) ) ;
#4551 = VECTOR ( 'NONE', #4677, 1000.000000000000000 ) ;
#4552 = B_SPLINE_SURFACE_WITH_KNOTS ( 'NONE', 3, 1, ( 
 ( #5128, #3623 ),
 ( #5638, #2595 ),
 ( #4641, #3165 ),
 ( #5107, #1078 ),
 ( #2067, #5617 ),
 ( #6141, #620 ),
 ( #3644, #1613 ),
 ( #4171, #5681 ),
 ( #4150, #2162 ),
 ( #4592, #143 ),
 ( #3602, #2662 ),
 ( #5198, #4616 ),
 ( #5175, #6160 ),
 ( #3581, #1655 ),
 ( #1152, #4686 ) ),
 .UNSPECIFIED., .F., .F., .F.,
 ( 4, 1, 1, 1, 1, 1, 1, 1, 1, 1, 1, 1, 4 ),
 ( 2, 2 ),
 ( 0.000000000000000000, 0.1003881431397105201, 0.2044067930373087427, 0.3106860830942073659, 0.4221572938827999333, 0.4806854607703737181, 0.5432381544526685424, 0.6094995045645642540, 0.6795546087742241337, 0.7538412220511750972, 0.8316406764893862213, 0.9138127068095905914, 1.000000000000000000 ),
 ( 0.000000000000000000, 1.000000000000000000 ),
 .UNSPECIFIED. ) ;
#4553 = CARTESIAN_POINT ( 'NONE',  ( 0.5009169445973420398, 1.035000000000000142, -1.132838265016181678 ) ) ;
#4554 = CARTESIAN_POINT ( 'NONE',  ( 0.5174975620148425381, 1.034999999999999920, 0.7531031900268575496 ) ) ;
#4555 = ORIENTED_EDGE ( 'NONE', *, *, #6, .T. ) ;
#4556 = FACE_OUTER_BOUND ( 'NONE', #771, .T. ) ;
#4557 = AXIS2_PLACEMENT_3D ( 'NONE', #6309, #2207, #231 ) ;
#4558 = CARTESIAN_POINT ( 'NONE',  ( -0.4522323041211668282, 1.035000000000000142, 0.9454479468394777486 ) ) ;
#4559 = CARTESIAN_POINT ( 'NONE',  ( 0.6996704596483112049, 1.025000000000000133, 0.9333452975440976740 ) ) ;
#4560 = CARTESIAN_POINT ( 'NONE',  ( 0.6324642651280327765, 1.035000000000000142, 0.8499915930093840943 ) ) ;
#4561 = CARTESIAN_POINT ( 'NONE',  ( 0.2211538461538460343, 1.034999999999999920, 0.9570312500000004441 ) ) ;
#4562 = CARTESIAN_POINT ( 'NONE',  ( -0.7008814822784084075, 1.034999999999999920, 0.8814623108698969034 ) ) ;
#4563 = AXIS2_PLACEMENT_3D ( 'NONE', #3941, #6456, #5501 ) ;
#4564 = PRESENTATION_LAYER_ASSIGNMENT (  '', '', ( #46 ) ) ;
#4565 = CARTESIAN_POINT ( 'NONE',  ( -0.5243458283257840247, 1.024999999999999911, 0.3155960902458150308 ) ) ;
#4566 = CARTESIAN_POINT ( 'NONE',  ( -0.4504852350230372782, 1.025000000000000355, 0.1716493857199549722 ) ) ;
#4567 = CARTESIAN_POINT ( 'NONE',  ( 0.4817478639510269223, 1.034999999999999698, 1.234212003388962753 ) ) ;
#4568 = CARTESIAN_POINT ( 'NONE',  ( 0.1037841999836682377, 1.034999999999999920, 0.8900286707375897333 ) ) ;
#4569 = CARTESIAN_POINT ( 'NONE',  ( -0.2241533231784429425, 1.034999999999999698, -1.063631701879000024 ) ) ;
#4570 = LINE ( 'NONE', #6226, #622 ) ;
#4571 = CARTESIAN_POINT ( 'NONE',  ( -0.5917129518049482062, 1.034999999999999920, -0.07157377934745505488 ) ) ;
#4572 = EDGE_CURVE ( 'NONE', #5419, #6227, #4134, .T. ) ;
#4573 = CARTESIAN_POINT ( 'NONE',  ( 0.2661046692710027917, 1.024999999999999911, -0.9635485289351736204 ) ) ;
#4574 = CARTESIAN_POINT ( 'NONE',  ( 0.2826923076923082423, 1.025000000000000133, -0.9798677884615384359 ) ) ;
#4575 = CARTESIAN_POINT ( 'NONE',  ( 0.02074202968274620196, 1.024999999999999911, 1.258173606474872752 ) ) ;
#4576 = FACE_OUTER_BOUND ( 'NONE', #1361, .T. ) ;
#4577 = CARTESIAN_POINT ( 'NONE',  ( -0.5101630379669703785, 1.034999999999999920, 0.8562443421471487293 ) ) ;
#4578 = CARTESIAN_POINT ( 'NONE',  ( -0.7305912537455258038, 1.024999999999999911, 0.9660415190853473000 ) ) ;
#4579 = COLOUR_RGB ( '',1.000000000000000000, 1.000000000000000000, 1.000000000000000000 ) ;
#4580 = EDGE_CURVE ( 'NONE', #4747, #5186, #2887, .T. ) ;
#4581 = CARTESIAN_POINT ( 'NONE',  ( -0.1300299004474990694, 1.035000000000000142, 1.395641797569607379 ) ) ;
#4582 = ORIENTED_EDGE ( 'NONE', *, *, #5442, .T. ) ;
#4583 = ADVANCED_FACE ( 'NONE', ( #6425 ), #3016, .T. ) ;
#4584 = CARTESIAN_POINT ( 'NONE',  ( -0.5486251326171897036, 1.024999999999999911, 0.09188366501596632874 ) ) ;
#4585 = CARTESIAN_POINT ( 'NONE',  ( 1.605000000000000204, -1.024999999999999467, 1.625000000000000000 ) ) ;
#4586 = CARTESIAN_POINT ( 'NONE',  ( 0.7942258204726675430, 1.024999999999999023, 1.001524615184221645 ) ) ;
#4587 = CARTESIAN_POINT ( 'NONE',  ( 0.3350132766199698242, 1.034999999999999920, -1.264866384183079395 ) ) ;
#4588 = FILL_AREA_STYLE_COLOUR ( '', #3347 ) ;
#4589 = MECHANICAL_DESIGN_GEOMETRIC_PRESENTATION_REPRESENTATION (  '', ( #3918 ), #4479 ) ;
#4590 = DIRECTION ( 'NONE',  ( 0.9950371902099890420, 0.000000000000000000, 0.09950371902099883203 ) ) ;
#4591 = CARTESIAN_POINT ( 'NONE',  ( 0.2153846153846159794, 1.025000000000000133, -0.8756009615384615641 ) ) ;
#4592 = CARTESIAN_POINT ( 'NONE',  ( -0.7210733881017117319, 1.034999999999999920, 1.277465502956919075 ) ) ;
#4593 = ORIENTED_EDGE ( 'NONE', *, *, #6444, .T. ) ;
#4594 = CARTESIAN_POINT ( 'NONE',  ( -0.5462354562025001359, 1.025000000000000133, 0.8412721904612345813 ) ) ;
#4595 = CARTESIAN_POINT ( 'NONE',  ( -0.4612547843906681377, 1.034999999999999920, 0.9106923435533432754 ) ) ;
#4596 = AXIS2_PLACEMENT_3D ( 'NONE', #4678, #593, #615 ) ;
#4597 = ORIENTED_EDGE ( 'NONE', *, *, #4623, .T. ) ;
#4598 = ORIENTED_EDGE ( 'NONE', *, *, #648, .T. ) ;
#4599 =( GEOMETRIC_REPRESENTATION_CONTEXT ( 3 ) GLOBAL_UNCERTAINTY_ASSIGNED_CONTEXT ( ( #1195 ) ) GLOBAL_UNIT_ASSIGNED_CONTEXT ( ( #6415, #1354, #866 ) ) REPRESENTATION_CONTEXT ( 'NONE', 'WORKASPACE' ) );
#4600 = CARTESIAN_POINT ( 'NONE',  ( -0.7642343878807488222, 1.024999999999999911, -0.04998063394649490676 ) ) ;
#4601 = CARTESIAN_POINT ( 'NONE',  ( -0.5820100102219785132, 1.034999999999999920, 0.01254943713729734199 ) ) ;
#4602 = ORIENTED_EDGE ( 'NONE', *, *, #1611, .T. ) ;
#4603 = CARTESIAN_POINT ( 'NONE',  ( -0.5005143199644048746, 1.024999999999999689, 1.209179511122381090 ) ) ;
#4604 = CARTESIAN_POINT ( 'NONE',  ( -0.1484107361920903312, 1.024999999999999911, 0.9276918119063909396 ) ) ;
#4605 = LINE ( 'NONE', #2349, #1124 ) ;
#4606 = CARTESIAN_POINT ( 'NONE',  ( 0.4115203108548788347, 1.024999999999999911, -1.238454280651613892 ) ) ;
#4607 = LINE ( 'NONE', #16, #1050 ) ;
#4608 = ORIENTED_EDGE ( 'NONE', *, *, #3304, .T. ) ;
#4609 = DIRECTION ( 'NONE',  ( -0.000000000000000000, -1.000000000000000000, -0.000000000000000000 ) ) ;
#4610 = EDGE_CURVE ( 'NONE', #6221, #6346, #3485, .T. ) ;
#4611 = CARTESIAN_POINT ( 'NONE',  ( -0.4620233154719587954, 1.034999999999999698, 1.010118407490751657 ) ) ;
#4612 = ORIENTED_EDGE ( 'NONE', *, *, #6125, .T. ) ;
#4613 = LINE ( 'NONE', #2155, #365 ) ;
#4614 = DIRECTION ( 'NONE',  ( -0.09950371902099884591, 0.000000000000000000, 0.9950371902099891530 ) ) ;
#4615 = CARTESIAN_POINT ( 'NONE',  ( 0.5214117085729133017, 1.025000000000000133, -0.03040106579908926840 ) ) ;
#4616 = CARTESIAN_POINT ( 'NONE',  ( -0.6896756836715141059, 1.024999999999999911, 1.248891001546740709 ) ) ;
#4617 = CARTESIAN_POINT ( 'NONE',  ( -0.1247984203503666734, 1.024999999999999911, 0.7708032052688811309 ) ) ;
#4618 = ADVANCED_FACE ( 'NONE', ( #4783 ), #339, .T. ) ;
#4619 = SURFACE_STYLE_FILL_AREA ( #5950 ) ;
#4620 = PRESENTATION_LAYER_ASSIGNMENT (  '', '', ( #3468 ) ) ;
#4621 = B_SPLINE_CURVE_WITH_KNOTS ( 'NONE', 3,
 ( #1716, #2736, #4254, #4771, #5282, #5776, #2756, #746, #4273, #1411, #1871 ),
 .UNSPECIFIED., .F., .F.,
 ( 4, 1, 1, 1, 1, 1, 1, 1, 4 ),
 ( 0.000000000000000000, 0.1390472363260269462, 0.2672817901977418975, 0.3883655965705407609, 0.5081835141449939641, 0.6286263012378519033, 0.7487570598606410055, 0.8695887494414636931, 1.000000000000000000 ),
 .UNSPECIFIED. ) ;
#4622 = FACE_OUTER_BOUND ( 'NONE', #6497, .T. ) ;
#4623 = EDGE_CURVE ( 'NONE', #6474, #6312, #3812, .T. ) ;
#4624 = CARTESIAN_POINT ( 'NONE',  ( -0.5597572789664123638, 1.034999999999999920, 0.8385928700513111123 ) ) ;
#4625 = FILL_AREA_STYLE ('',( #5687 ) ) ;
#4626 = EDGE_CURVE ( 'NONE', #3011, #5329, #2907, .T. ) ;
#4627 = ORIENTED_EDGE ( 'NONE', *, *, #4749, .T. ) ;
#4628 = PRESENTATION_STYLE_ASSIGNMENT (( #2358 ) ) ;
#4629 = CARTESIAN_POINT ( 'NONE',  ( 0.3944003306930352060, 1.024999999999999689, 1.317561331180454154 ) ) ;
#4630 = CARTESIAN_POINT ( 'NONE',  ( 0.6113314052326520587, 1.034999999999999920, -0.1023239656277363518 ) ) ;
#4631 = CARTESIAN_POINT ( 'NONE',  ( 0.4830800845762579510, 1.034999999999999920, 0.8565253071957876774 ) ) ;
#4632 = VECTOR ( 'NONE', #4876, 1000.000000000000114 ) ;
#4633 = CARTESIAN_POINT ( 'NONE',  ( -0.01171875000000011796, 1.024999999999999911, 0.8365384615384620082 ) ) ;
#4634 = CARTESIAN_POINT ( 'NONE',  ( -0.7509691229693329362, 1.034999999999999920, 0.04192850094834601332 ) ) ;
#4635 = UNCERTAINTY_MEASURE_WITH_UNIT (LENGTH_MEASURE( 1.000000000000000082E-05 ), #3522, 'distance_accuracy_value', 'NONE');
#4636 =( NAMED_UNIT ( * ) SI_UNIT ( $, .STERADIAN. ) SOLID_ANGLE_UNIT ( ) );
#4637 = B_SPLINE_SURFACE_WITH_KNOTS ( 'NONE', 3, 1, ( 
 ( #2709, #3697 ),
 ( #2666, #2618 ),
 ( #1657, #4223 ),
 ( #6210, #1100 ),
 ( #5131, #4197 ),
 ( #1176, #6129 ),
 ( #5703, #3106 ),
 ( #97, #4689 ),
 ( #602, #122 ),
 ( #2141, #5200 ),
 ( #144, #4127 ),
 ( #1125, #4645 ),
 ( #3194, #1616 ) ),
 .UNSPECIFIED., .F., .F., .F.,
 ( 4, 1, 1, 1, 1, 1, 1, 1, 1, 1, 4 ),
 ( 2, 2 ),
 ( 0.000000000000000000, 0.1241996726524872002, 0.2368296581100271803, 0.3394949853062829703, 0.4312535100312248071, 0.5114548721194182024, 0.5812230366234584222, 0.6404953748643703593, 0.6883082049320179419, 0.8503329734146883867, 0.9999999999999998890 ),
 ( 0.000000000000000000, 1.000000000000000000 ),
 .UNSPECIFIED. ) ;
#4638 = DIRECTION ( 'NONE',  ( -1.000000000000000000, 0.000000000000000000, 0.000000000000000000 ) ) ;
#4639 = CARTESIAN_POINT ( 'NONE',  ( 0.4595716186586141228, 1.024999999999999689, 1.378555665817288833 ) ) ;
#4640 = CARTESIAN_POINT ( 'NONE',  ( 0.2242582968817667943, 1.025000000000000133, -0.9044005330044534441 ) ) ;
#4641 = CARTESIAN_POINT ( 'NONE',  ( -0.8168114866728102275, 1.034999999999999698, 1.406614822300993994 ) ) ;
#4642 = ORIENTED_EDGE ( 'NONE', *, *, #5208, .T. ) ;
#4643 = CARTESIAN_POINT ( 'NONE',  ( 2.000000000000000444, 1.024999999999999911, 1.849999999999999423 ) ) ;
#4644 = UNCERTAINTY_MEASURE_WITH_UNIT (LENGTH_MEASURE( 1.000000000000000082E-05 ), #4296, 'distance_accuracy_value', 'NONE');
#4645 = CARTESIAN_POINT ( 'NONE',  ( -0.7069529773705758302, 1.024999999999999467, 1.395641797569606934 ) ) ;
#4646 = CARTESIAN_POINT ( 'NONE',  ( 0.7705333753552847664, 1.025000000000000133, -0.2472424698005582233 ) ) ;
#4647 = B_SPLINE_SURFACE_WITH_KNOTS ( 'NONE', 3, 1, ( 
 ( #1321, #5406 ),
 ( #3863, #2374 ),
 ( #4964, #4873 ),
 ( #830, #4389 ),
 ( #378, #1417 ),
 ( #3334, #2841 ),
 ( #6451, #3420 ),
 ( #348, #1924 ),
 ( #1903, #4452 ),
 ( #2422, #3913 ),
 ( #1386, #857 ),
 ( #1362, #4916 ),
 ( #327, #4939 ),
 ( #417, #2864 ),
 ( #6426, #5438 ),
 ( #3844, #5935 ),
 ( #4360, #5903 ),
 ( #6379, #2400 ),
 ( #893, #4894 ) ),
 .UNSPECIFIED., .F., .F., .F.,
 ( 4, 1, 1, 1, 1, 1, 1, 1, 1, 1, 1, 1, 1, 1, 1, 1, 4 ),
 ( 2, 2 ),
 ( 0.000000000000000000, 0.07067529020333015999, 0.1374926938441249080, 0.2014728253723051254, 0.2628693217722904985, 0.3225500865261559658, 0.3807372513385549606, 0.4382197368560125095, 0.4954874370602862510, 0.5534836796953479521, 0.6113462062294293675, 0.6706437388141557321, 0.7315869484227134345, 0.7941831937999382918, 0.8594451119347497059, 0.9282076353998099938, 1.000000000000000000 ),
 ( 0.000000000000000000, 1.000000000000000000 ),
 .UNSPECIFIED. ) ;
#4648 = DIRECTION ( 'NONE',  ( 1.000000000000000000, 0.000000000000000000, 0.000000000000000000 ) ) ;
#4649 = STYLED_ITEM ( 'NONE', ( #5959 ), #5653 ) ;
#4650 = DIRECTION ( 'NONE',  ( -0.000000000000000000, -1.000000000000000000, -0.000000000000000000 ) ) ;
#4651 = CARTESIAN_POINT ( 'NONE',  ( 0.4160778691295344833, 1.034999999999999698, -0.8630590810234309851 ) ) ;
#4652 = CARTESIAN_POINT ( 'NONE',  ( 0.6459597251254767247, 1.035000000000000142, -0.1307696941625377529 ) ) ;
#4653 = ADVANCED_FACE ( 'NONE', ( #6255 ), #395, .T. ) ;
#4654 = CARTESIAN_POINT ( 'NONE',  ( 0.5834248380300282033, 1.034999999999999920, 1.270071547984030103 ) ) ;
#4655 = CARTESIAN_POINT ( 'NONE',  ( 0.6729821681002947642, 1.035000000000000142, 0.8804506858141276648 ) ) ;
#4656 = CARTESIAN_POINT ( 'NONE',  ( 0.2874816416264610042, 1.024999999999999245, -1.113969992589462388 ) ) ;
#4657 = CARTESIAN_POINT ( 'NONE',  ( -0.4356378398387115713, 1.034999999999999698, 0.3392601711691884403 ) ) ;
#4658 = CARTESIAN_POINT ( 'NONE',  ( 0.2507567214230724262, 1.024999999999999911, -0.8015831361758598561 ) ) ;
#4659 = CARTESIAN_POINT ( 'NONE',  ( -0.4543483252231629854, 1.034999999999999920, 0.9837818860903955187 ) ) ;
#4660 = CARTESIAN_POINT ( 'NONE',  ( -0.4751407425805740381, 1.035000000000000142, 0.1599192117716702610 ) ) ;
#4661 = EDGE_CURVE ( 'NONE', #5252, #3011, #5454, .T. ) ;
#4662 = CARTESIAN_POINT ( 'NONE',  ( 1.605000000000000204, -1.074999999999999956, -1.574999999999998845 ) ) ;
#4663 = SURFACE_STYLE_FILL_AREA ( #2713 ) ;
#4664 = DIRECTION ( 'NONE',  ( 0.000000000000000000, 2.805021757219675803E-14, 1.000000000000000000 ) ) ;
#4665 =( LENGTH_UNIT ( ) NAMED_UNIT ( * ) SI_UNIT ( .MILLI., .METRE. ) );
#4666 = ORIENTED_EDGE ( 'NONE', *, *, #4527, .T. ) ;
#4667 =( NAMED_UNIT ( * ) SI_UNIT ( $, .STERADIAN. ) SOLID_ANGLE_UNIT ( ) );
#4668 = B_SPLINE_CURVE_WITH_KNOTS ( 'NONE', 3,
 ( #712, #4281, #5312, #185, #1676, #1269, #5218, #4758, #1771, #3286, #3210, #278, #3791, #781, #1704, #5747, #6208, #3692, #4218 ),
 .UNSPECIFIED., .F., .F.,
 ( 4, 1, 1, 1, 1, 1, 1, 1, 1, 1, 1, 1, 1, 1, 1, 1, 4 ),
 ( 0.000000000000000000, 0.07069648334337651219, 0.1383582132030683198, 0.2033698682591697782, 0.2657002133402295851, 0.3272558681973763983, 0.3865123433292942390, 0.4458582974819494393, 0.5051731438069388958, 0.5637797628070202460, 0.6223430642934396628, 0.6808235796100192694, 0.7397951568104398357, 0.8008011629883834415, 0.8642394615769080080, 0.9306310981734532417, 1.000000000000000000 ),
 .UNSPECIFIED. ) ;
#4669 = CARTESIAN_POINT ( 'NONE',  ( 0.4449213746206823750, 1.034999999999999698, 0.8916546614439554430 ) ) ;
#4670 = CARTESIAN_POINT ( 'NONE',  ( 0.1430149535067584410, 1.035000000000000142, 0.7952156366747701322 ) ) ;
#4671 = B_SPLINE_SURFACE_WITH_KNOTS ( 'NONE', 3, 1, ( 
 ( #5143, #636 ),
 ( #2563, #2041 ),
 ( #136, #3637 ),
 ( #6071, #3060 ),
 ( #4587, #1559 ),
 ( #51, #4082 ),
 ( #1049, #3078 ),
 ( #2060, #4606 ),
 ( #1580, #2589 ) ),
 .UNSPECIFIED., .F., .F., .F.,
 ( 4, 1, 1, 1, 1, 1, 4 ),
 ( 2, 2 ),
 ( 0.000000000000000000, 0.1721040002205779518, 0.3251104590458972488, 0.4612272505695235725, 0.5810596373885457133, 0.7948419735329883551, 1.000000000000000000 ),
 ( 0.000000000000000000, 1.000000000000000000 ),
 .UNSPECIFIED. ) ;
#4672 = CARTESIAN_POINT ( 'NONE',  ( -0.4259157166336094980, 1.035000000000000142, 1.132741021815065530 ) ) ;
#4673 = CARTESIAN_POINT ( 'NONE',  ( 0.2009946833897158780, 1.034999999999999920, 0.1830551119440699814 ) ) ;
#4674 = DIRECTION ( 'NONE',  ( 0.000000000000000000, 1.000000000000000000, 0.000000000000000000 ) ) ;
#4675 = CARTESIAN_POINT ( 'NONE',  ( 0.4230769230769230171, 1.034999999999999920, 0.9711538461538463674 ) ) ;
#4676 = CARTESIAN_POINT ( 'NONE',  ( 0.7019230769230769829, 1.034999999999999920, 0.9579326923076925127 ) ) ;
#4677 = DIRECTION ( 'NONE',  ( 1.000000000000000000, 0.000000000000000000, 0.000000000000000000 ) ) ;
#4678 = CARTESIAN_POINT ( 'NONE',  ( -1.604999999999999982, -1.075000000000000400, 1.625000000000000000 ) ) ;
#4679 = CARTESIAN_POINT ( 'NONE',  ( 0.2156684110218179407, 1.024999999999999911, -0.8695632752520079389 ) ) ;
#4680 = ORIENTED_EDGE ( 'NONE', *, *, #3621, .T. ) ;
#4681 = CARTESIAN_POINT ( 'NONE',  ( -0.4520274643897460032, 1.024999999999999911, 0.9621975019446505906 ) ) ;
#4682 = AXIS2_PLACEMENT_3D ( 'NONE', #2114, #2615, #4664 ) ;
#4683 = ORIENTED_EDGE ( 'NONE', *, *, #3847, .T. ) ;
#4684 = DIRECTION ( 'NONE',  ( -0.000000000000000000, -1.000000000000000000, -0.000000000000000000 ) ) ;
#4685 = SURFACE_SIDE_STYLE ('',( #3991 ) ) ;
#4686 = CARTESIAN_POINT ( 'NONE',  ( -0.6535456730769231282, 1.024999999999999911, 1.219501201923077316 ) ) ;
#4687 = ADVANCED_FACE ( 'NONE', ( #5491 ), #3039, .F. ) ;
#4688 = VERTEX_POINT ( 'NONE', #1115 ) ;
#4689 = CARTESIAN_POINT ( 'NONE',  ( -0.6545623183782736110, 1.024999999999999467, 1.340513759941373451 ) ) ;
#4690 = CARTESIAN_POINT ( 'NONE',  ( 0.6174926027669854767, 1.024999999999999689, 0.7533978999952609668 ) ) ;
#4691 = ORIENTED_EDGE ( 'NONE', *, *, #2817, .T. ) ;
#4692 = STYLED_ITEM ( 'NONE', ( #2063 ), #4792 ) ;
#4693 = CARTESIAN_POINT ( 'NONE',  ( 0.1970288297793945653, 1.034999999999999920, 0.8579668031823564078 ) ) ;
#4694 = STYLED_ITEM ( 'NONE', ( #3996 ), #5811 ) ;
#4695 = B_SPLINE_SURFACE_WITH_KNOTS ( 'NONE', 3, 1, ( 
 ( #572, #2590 ),
 ( #1519, #594 ),
 ( #5065, #553 ),
 ( #1029, #72 ),
 ( #2086, #2566 ),
 ( #6073, #5144 ),
 ( #2109, #4101 ) ),
 .UNSPECIFIED., .F., .F., .F.,
 ( 4, 1, 1, 1, 4 ),
 ( 2, 2 ),
 ( 0.000000000000000000, 0.2526433275832366543, 0.5044398525799862476, 0.7504068042814560080, 1.000000000000000000 ),
 ( 0.000000000000000000, 1.000000000000000000 ),
 .UNSPECIFIED. ) ;
#4696 = CARTESIAN_POINT ( 'NONE',  ( 0.3492891188987382600, 1.025000000000000355, 0.8706527266382479979 ) ) ;
#4697 = ORIENTED_EDGE ( 'NONE', *, *, #4503, .T. ) ;
#4698 = VECTOR ( 'NONE', #1146, 1000.000000000000000 ) ;
#4699 = CARTESIAN_POINT ( 'NONE',  ( 0.2536308821443046813, 1.024999999999999911, -1.115244062865741181 ) ) ;
#4700 = CARTESIAN_POINT ( 'NONE',  ( 0.04195922953917772397, 1.024999999999999911, 1.111914594161551140 ) ) ;
#4701 = COLOUR_RGB ( '',0.4980392156862745168, 0.4980392156862745168, 0.4980392156862745168 ) ;
#4702 = EDGE_LOOP ( 'NONE', ( #4299, #5006, #2236, #4808 ) ) ;
#4703 = CARTESIAN_POINT ( 'NONE',  ( 0.4230769230769230171, 1.024999999999999689, 0.9711538461538463674 ) ) ;
#4704 = DIRECTION ( 'NONE',  ( -0.000000000000000000, -1.000000000000000000, -0.000000000000000000 ) ) ;
#4705 = CARTESIAN_POINT ( 'NONE',  ( 0.6712093538172856366, 1.034999999999999920, 1.192704292644374720 ) ) ;
#4706 = LINE ( 'NONE', #321, #4952 ) ;
#4707 = CARTESIAN_POINT ( 'NONE',  ( 0.8446265795782917918, 1.024999999999999467, -0.3609046874003298266 ) ) ;
#4708 = FACE_OUTER_BOUND ( 'NONE', #5787, .T. ) ;
#4709 = CARTESIAN_POINT ( 'NONE',  ( -1.850000000000000089, -1.024999999999999911, -2.000000000000000888 ) ) ;
#4710 = B_SPLINE_SURFACE_WITH_KNOTS ( 'NONE', 3, 1, ( 
 ( #5534, #4070 ),
 ( #6057, #31 ),
 ( #3553, #6531 ),
 ( #3479, #3534 ),
 ( #2982, #5005 ),
 ( #1962, #520 ),
 ( #5049, #1031 ),
 ( #557, #3497 ),
 ( #1547, #2527 ),
 ( #4006, #4085 ),
 ( #1056, #4574 ) ),
 .UNSPECIFIED., .F., .F., .F.,
 ( 4, 1, 1, 1, 1, 1, 1, 1, 4 ),
 ( 2, 2 ),
 ( 0.000000000000000000, 0.05996688937102766931, 0.1375423895636743443, 0.2335473283895458108, 0.3496849205474031330, 0.4844921385367325639, 0.6373968565921700469, 0.8096962512820716773, 1.000000000000000000 ),
 ( 0.000000000000000000, 1.000000000000000000 ),
 .UNSPECIFIED. ) ;
#4711 = CARTESIAN_POINT ( 'NONE',  ( -0.4707154316245898418, 1.035000000000000142, 0.7728591684128818251 ) ) ;
#4712 = CARTESIAN_POINT ( 'NONE',  ( -0.4872227032127436352, 1.034999999999999920, -0.5084503787613618986 ) ) ;
#4713 = DIRECTION ( 'NONE',  ( -0.000000000000000000, -1.000000000000000000, -0.000000000000000000 ) ) ;
#4714 = CARTESIAN_POINT ( 'NONE',  ( -0.7849999999999999201, -1.075000000000000400, -1.574999999999998845 ) ) ;
#4715 = CARTESIAN_POINT ( 'NONE',  ( -0.2471023299265814599, 1.035000000000000142, 0.9368557672397976877 ) ) ;
#4716 = ORIENTED_EDGE ( 'NONE', *, *, #4762, .F. ) ;
#4717 = COLOUR_RGB ( '',1.000000000000000000, 1.000000000000000000, 1.000000000000000000 ) ;
#4718 = PRESENTATION_STYLE_ASSIGNMENT (( #188 ) ) ;
#4719 = PRESENTATION_STYLE_ASSIGNMENT (( #2313 ) ) ;
#4720 =( NAMED_UNIT ( * ) PLANE_ANGLE_UNIT ( ) SI_UNIT ( $, .RADIAN. ) );
#4721 = B_SPLINE_CURVE_WITH_KNOTS ( 'NONE', 3,
 ( #1717, #3222, #3301, #2219, #1303, #4772, #223, #5303, #2275, #1283, #772, #795, #4793, #725, #2779 ),
 .UNSPECIFIED., .F., .F.,
 ( 4, 1, 1, 1, 1, 1, 1, 1, 1, 1, 1, 1, 4 ),
 ( 0.000000000000000000, 0.1003881431397105894, 0.2044067930373087150, 0.3106860830942074214, 0.4221572938827999333, 0.4806854607703736071, 0.5432381544526684314, 0.6094995045645642540, 0.6795546087742242447, 0.7538412220511749862, 0.8316406764893861103, 0.9138127068095904804, 1.000000000000000000 ),
 .UNSPECIFIED. ) ;
#4722 = EDGE_CURVE ( 'NONE', #3980, #187, #6360, .T. ) ;
#4723 = ORIENTED_EDGE ( 'NONE', *, *, #3989, .T. ) ;
#4724 = CARTESIAN_POINT ( 'NONE',  ( 0.6174926027669854767, 1.035000000000000142, 0.7533978999952609668 ) ) ;
#4725 = VECTOR ( 'NONE', #3465, 1000.000000000000000 ) ;
#4726 =( LENGTH_UNIT ( ) NAMED_UNIT ( * ) SI_UNIT ( .MILLI., .METRE. ) );
#4727 = CARTESIAN_POINT ( 'NONE',  ( -0.04953861286756244819, 1.024999999999999911, -0.9972354046471213485 ) ) ;
#4728 = FILL_AREA_STYLE ('',( #1162 ) ) ;
#4729 = UNCERTAINTY_MEASURE_WITH_UNIT (LENGTH_MEASURE( 1.000000000000000082E-05 ), #5523, 'distance_accuracy_value', 'NONE');
#4730 = CARTESIAN_POINT ( 'NONE',  ( 0.6619532218267274448, 1.024999999999999467, -0.3271492266832871088 ) ) ;
#4731 = PLANE ( 'NONE',  #957 ) ;
#4732 = CARTESIAN_POINT ( 'NONE',  ( 0.05554118820495588388, 1.035000000000000142, 0.8499915930093845384 ) ) ;
#4733 = MECHANICAL_DESIGN_GEOMETRIC_PRESENTATION_REPRESENTATION (  '', ( #1803 ), #4165 ) ;
#4734 = CARTESIAN_POINT ( 'NONE',  ( -0.3242788461538456679, 1.034999999999999920, 0.1923076923076923184 ) ) ;
#4735 = DIRECTION ( 'NONE',  ( -0.000000000000000000, -1.000000000000000000, -0.000000000000000000 ) ) ;
#4736 = CARTESIAN_POINT ( 'NONE',  ( -0.009615384615384716532, 1.034999999999999920, 0.7500000000000004441 ) ) ;
#4737 = CARTESIAN_POINT ( 'NONE',  ( 0.3173076923076922351, 1.024999999999999911, 1.500000000000000444 ) ) ;
#4738 = CARTESIAN_POINT ( 'NONE',  ( 1.849999999999999645, 1.024999999999999911, -2.000000000000000888 ) ) ;
#4739 = CARTESIAN_POINT ( 'NONE',  ( 0.03770079244571857696, 1.034999999999999920, 0.2615668493694585095 ) ) ;
#4740 = MECHANICAL_DESIGN_GEOMETRIC_PRESENTATION_REPRESENTATION (  '', ( #1552 ), #4356 ) ;
#4741 = CARTESIAN_POINT ( 'NONE',  ( 0.7505765765693429570, 1.024999999999999467, 0.8244472621065871420 ) ) ;
#4742 = B_SPLINE_SURFACE_WITH_KNOTS ( 'NONE', 3, 1, ( 
 ( #3037, #2715 ),
 ( #5711, #154 ),
 ( #1087, #2695 ),
 ( #2197, #1164 ),
 ( #5140, #4114 ),
 ( #657, #2149 ),
 ( #6223, #3204 ),
 ( #4631, #6177 ),
 ( #1599, #5191 ),
 ( #612, #4141 ),
 ( #2105, #5654 ),
 ( #4185, #2624 ),
 ( #6135, #3116 ),
 ( #5692, #1141 ),
 ( #3633, #3155 ),
 ( #1693, #106 ),
 ( #3183, #3615 ),
 ( #5673, #6200 ),
 ( #4675, #4703 ) ),
 .UNSPECIFIED., .F., .F., .F.,
 ( 4, 1, 1, 1, 1, 1, 1, 1, 1, 1, 1, 1, 1, 1, 1, 1, 4 ),
 ( 2, 2 ),
 ( 0.000000000000000000, 0.07069648334337651219, 0.1383582132030683198, 0.2033698682591697782, 0.2657002133402295851, 0.3272558681973763983, 0.3865123433292942390, 0.4458582974819494393, 0.5051731438069388958, 0.5637797628070202460, 0.6223430642934396628, 0.6808235796100192694, 0.7397951568104398357, 0.8008011629883834415, 0.8642394615769080080, 0.9306310981734532417, 1.000000000000000000 ),
 ( 0.000000000000000000, 1.000000000000000000 ),
 .UNSPECIFIED. ) ;
#4743 = CARTESIAN_POINT ( 'NONE',  ( 0.2399004381831472132, 1.024999999999999911, -1.114948317319025106 ) ) ;
#4744 = CARTESIAN_POINT ( 'NONE',  ( 0.5107572115384620970, 1.035000000000000142, -0.02223557692307692041 ) ) ;
#4745 = CARTESIAN_POINT ( 'NONE',  ( 0.4641704701746396378, 1.024999999999999467, 1.248891001546740487 ) ) ;
#4746 = CARTESIAN_POINT ( 'NONE',  ( -0.1400841346153841038, 1.034999999999999920, -0.9344951923076924016 ) ) ;
#4747 = VERTEX_POINT ( 'NONE', #2084 ) ;
#4748 = CARTESIAN_POINT ( 'NONE',  ( 0.4903629656854134322, 1.034999999999999920, 1.348635032081523466 ) ) ;
#4749 = EDGE_CURVE ( 'NONE', #1516, #1981, #2879, .T. ) ;
#4750 = CARTESIAN_POINT ( 'NONE',  ( 0.06676003895610660432, 1.034999999999999920, 0.8562443421471487293 ) ) ;
#4751 = FACE_OUTER_BOUND ( 'NONE', #2209, .T. ) ;
#4752 = CARTESIAN_POINT ( 'NONE',  ( -0.2884295631976929175, 1.034999999999999476, -0.7970381332304498079 ) ) ;
#4753 =( NAMED_UNIT ( * ) PLANE_ANGLE_UNIT ( ) SI_UNIT ( $, .RADIAN. ) );
#4754 = ORIENTED_EDGE ( 'NONE', *, *, #3989, .F. ) ;
#4755 = CARTESIAN_POINT ( 'NONE',  ( -0.6040578046535315382, 1.024999999999999689, 0.8368925012777318484 ) ) ;
#4756 = CARTESIAN_POINT ( 'NONE',  ( -0.2423351168709556303, 1.034999999999999920, 0.9132441222960763216 ) ) ;
#4757 = CARTESIAN_POINT ( 'NONE',  ( -0.5990718725262587085, 1.024999999999999689, 1.172529277259950931 ) ) ;
#4758 = CARTESIAN_POINT ( 'NONE',  ( 0.4830800845762579510, 1.024999999999999911, 0.8565253071957876774 ) ) ;
#4759 = CARTESIAN_POINT ( 'NONE',  ( -0.07081068470351595256, 1.024999999999999689, 0.3014995578893299166 ) ) ;
#4760 = ADVANCED_FACE ( 'NONE', ( #2404 ), #4671, .T. ) ;
#4761 = CARTESIAN_POINT ( 'NONE',  ( -0.5938550817833943007, 1.024999999999999689, 0.8366581879303759406 ) ) ;
#4762 = EDGE_CURVE ( 'NONE', #3921, #2611, #3550, .T. ) ;
#4763 = B_SPLINE_CURVE_WITH_KNOTS ( 'NONE', 3,
 ( #5156, #2126, #744, #311, #769, #2308, #5350, #219, #5794, #722, #3759, #1782, #1758, #3828, #4323 ),
 .UNSPECIFIED., .F., .F.,
 ( 4, 1, 1, 1, 1, 1, 1, 1, 1, 1, 1, 1, 4 ),
 ( 0.000000000000000000, 0.1003881431397105201, 0.2044067930373087427, 0.3106860830942073659, 0.4221572938827999333, 0.4806854607703737181, 0.5432381544526685424, 0.6094995045645642540, 0.6795546087742241337, 0.7538412220511750972, 0.8316406764893862213, 0.9138127068095905914, 1.000000000000000000 ),
 .UNSPECIFIED. ) ;
#4764 = CARTESIAN_POINT ( 'NONE',  ( 0.5497883491926220945, 1.034999999999999698, 0.8368925012777318484 ) ) ;
#4765 = CARTESIAN_POINT ( 'NONE',  ( 0.2209471276852897070, 1.034999999999999920, 0.9644531001897752587 ) ) ;
#4766 = CARTESIAN_POINT ( 'NONE',  ( 0.3861230175919913021, 1.024999999999999911, -0.8265909181066614098 ) ) ;
#4767 = CARTESIAN_POINT ( 'NONE',  ( -0.09784746123551664454, 1.034999999999999920, -0.9666695307625216005 ) ) ;
#4768 = ORIENTED_EDGE ( 'NONE', *, *, #4610, .F. ) ;
#4769 = CARTESIAN_POINT ( 'NONE',  ( 0.6123197115384620970, 1.024999999999999689, -0.2848557692307692180 ) ) ;
#4770 = CARTESIAN_POINT ( 'NONE',  ( 0.2601562500000004219, 1.034999999999999920, -1.115384615384615419 ) ) ;
#4771 = CARTESIAN_POINT ( 'NONE',  ( 0.2663192763544285913, 1.034999999999999920, -0.7942354231409158860 ) ) ;
#4772 = CARTESIAN_POINT ( 'NONE',  ( -0.1962895103982076894, 1.025000000000000133, 1.334250950148672565 ) ) ;
#4773 = EDGE_LOOP ( 'NONE', ( #414, #6035, #2098, #6248 ) ) ;
#4774 = CARTESIAN_POINT ( 'NONE',  ( 0.8493852422833564342, 1.025000000000000133, -0.3780622130387988888 ) ) ;
#4775 = CARTESIAN_POINT ( 'NONE',  ( 0.2690032743478595334, 1.024999999999999911, -1.114926609055453488 ) ) ;
#4776 = ORIENTED_EDGE ( 'NONE', *, *, #3706, .T. ) ;
#4777 = CARTESIAN_POINT ( 'NONE',  ( -1.604999999999999982, -1.024999999999999911, -1.625000000000000000 ) ) ;
#4778 = ORIENTED_EDGE ( 'NONE', *, *, #1378, .T. ) ;
#4779 = CARTESIAN_POINT ( 'NONE',  ( 0.1970288297793945653, 1.024999999999999689, 0.8579668031823564078 ) ) ;
#4780 = CARTESIAN_POINT ( 'NONE',  ( 0.4264246871617130008, 1.024999999999999911, -1.228171464447248118 ) ) ;
#4781 = CARTESIAN_POINT ( 'NONE',  ( 0.3647235576923080758, 1.034999999999999920, -1.085036057692307709 ) ) ;
#4782 = FILL_AREA_STYLE_COLOUR ( '', #2410 ) ;
#4783 = FACE_OUTER_BOUND ( 'NONE', #34, .T. ) ;
#4784 = VERTEX_POINT ( 'NONE', #3138 ) ;
#4785 =( GEOMETRIC_REPRESENTATION_CONTEXT ( 3 ) GLOBAL_UNCERTAINTY_ASSIGNED_CONTEXT ( ( #5011 ) ) GLOBAL_UNIT_ASSIGNED_CONTEXT ( ( #6083, #2074, #1532 ) ) REPRESENTATION_CONTEXT ( 'NONE', 'WORKASPACE' ) );
#4786 = DIRECTION ( 'NONE',  ( -1.000000000000000000, 0.000000000000000000, -0.000000000000000000 ) ) ;
#4787 = FILL_AREA_STYLE ('',( #5075 ) ) ;
#4788 = CARTESIAN_POINT ( 'NONE',  ( 0.2117753373692803087, 1.035000000000000142, 1.023495007546662894 ) ) ;
#4789 = FACE_BOUND ( 'NONE', #4930, .T. ) ;
#4790 = CARTESIAN_POINT ( 'NONE',  ( 0.2399004381831472132, 1.034999999999999920, -1.114948317319025106 ) ) ;
#4791 = CARTESIAN_POINT ( 'NONE',  ( -0.7307692307692308376, 1.034999999999999920, 0.9711538461538463674 ) ) ;
#4792 = ADVANCED_FACE ( 'NONE', ( #3411 ), #5121, .T. ) ;
#4793 = CARTESIAN_POINT ( 'NONE',  ( -0.09517521297205010222, 1.024999999999999689, 1.234212003388962753 ) ) ;
#4794 =( LENGTH_UNIT ( ) NAMED_UNIT ( * ) SI_UNIT ( .MILLI., .METRE. ) );
#4795 =( LENGTH_UNIT ( ) NAMED_UNIT ( * ) SI_UNIT ( .MILLI., .METRE. ) );
#4796 = CARTESIAN_POINT ( 'NONE',  ( 0.5673076923076922906, 1.034999999999999920, 0.7500000000000002220 ) ) ;
#4797 = EDGE_CURVE ( 'NONE', #5499, #2064, #1799, .T. ) ;
#4798 = FACE_OUTER_BOUND ( 'NONE', #6167, .T. ) ;
#4799 = LINE ( 'NONE', #1280, #2431 ) ;
#4800 = CARTESIAN_POINT ( 'NONE',  ( -0.3559046077589207435, 1.024999999999999911, 0.9498072415089910958 ) ) ;
#4801 = FACE_OUTER_BOUND ( 'NONE', #212, .T. ) ;
#4802 = CARTESIAN_POINT ( 'NONE',  ( 0.1970288297793945653, 1.034999999999999920, 0.8579668031823564078 ) ) ;
#4803 = CARTESIAN_POINT ( 'NONE',  ( 0.09788400270781720536, 1.034999999999999920, 0.07050238987258904133 ) ) ;
#4804 = CARTESIAN_POINT ( 'NONE',  ( 0.3222324144415747993, 1.034999999999999920, 1.449348915395678894 ) ) ;
#4805 = ORIENTED_EDGE ( 'NONE', *, *, #3938, .F. ) ;
#4806 = DIRECTION ( 'NONE',  ( 0.000000000000000000, 0.000000000000000000, -1.000000000000000000 ) ) ;
#4807 = B_SPLINE_CURVE_WITH_KNOTS ( 'NONE', 3,
 ( #4164, #3617, #5210, #2180, #4656, #3136, #614 ),
 .UNSPECIFIED., .F., .F.,
 ( 4, 1, 1, 1, 4 ),
 ( 0.000000000000000000, 0.2343467883413798969, 0.4973277816769109960, 0.7593319102577504864, 1.000000000000000000 ),
 .UNSPECIFIED. ) ;
#4808 = ORIENTED_EDGE ( 'NONE', *, *, #1338, .T. ) ;
#4809 =( LENGTH_UNIT ( ) NAMED_UNIT ( * ) SI_UNIT ( .MILLI., .METRE. ) );
#4810 = CARTESIAN_POINT ( 'NONE',  ( -0.8269230769230768718, 1.024999999999999911, 0.9615384615384615641 ) ) ;
#4811 =( NAMED_UNIT ( * ) PLANE_ANGLE_UNIT ( ) SI_UNIT ( $, .RADIAN. ) );
#4812 =( NAMED_UNIT ( * ) PLANE_ANGLE_UNIT ( ) SI_UNIT ( $, .RADIAN. ) );
#4813 = CARTESIAN_POINT ( 'NONE',  ( 0.4230769230769230171, 1.034999999999999920, 0.9711538461538463674 ) ) ;
#4814 = CARTESIAN_POINT ( 'NONE',  ( -0.6438953436732306468, 1.034999999999999920, 1.211378676326420933 ) ) ;
#4815 = CARTESIAN_POINT ( 'NONE',  ( -0.2596153846153848033, 1.024999999999999911, 1.500000000000000444 ) ) ;
#4816 = FILL_AREA_STYLE_COLOUR ( '', #5954 ) ;
#4817 = CARTESIAN_POINT ( 'NONE',  ( -0.4516463204215797611, 1.034999999999999698, 0.7831533228634257604 ) ) ;
#4818 = MECHANICAL_DESIGN_GEOMETRIC_PRESENTATION_REPRESENTATION (  '', ( #3549 ), #5146 ) ;
#4819 = CARTESIAN_POINT ( 'NONE',  ( -0.4108255261337867559, 1.024999999999999689, 1.113162156003708159 ) ) ;
#4820 = CARTESIAN_POINT ( 'NONE',  ( 1.605000000000000204, -1.024999999999999467, -1.625000000000000000 ) ) ;
#4821 = CARTESIAN_POINT ( 'NONE',  ( 0.1591258674102027093, 1.035000000000000142, 0.8091909101105899671 ) ) ;
#4822 = CARTESIAN_POINT ( 'NONE',  ( -0.5923076923076919797, 1.035000000000000142, -0.09104567307692308653 ) ) ;
#4823 =( NAMED_UNIT ( * ) PLANE_ANGLE_UNIT ( ) SI_UNIT ( $, .RADIAN. ) );
#4824 = CARTESIAN_POINT ( 'NONE',  ( -0.1782412323997484283, 1.035000000000000142, 0.3299898398132219968 ) ) ;
#4825 =( GEOMETRIC_REPRESENTATION_CONTEXT ( 3 ) GLOBAL_UNCERTAINTY_ASSIGNED_CONTEXT ( ( #6496 ) ) GLOBAL_UNIT_ASSIGNED_CONTEXT ( ( #5493, #4024, #2463 ) ) REPRESENTATION_CONTEXT ( 'NONE', 'WORKASPACE' ) );
#4826 = CARTESIAN_POINT ( 'NONE',  ( -0.6040578046535315382, 1.024999999999999689, 0.8368925012777318484 ) ) ;
#4827 = SURFACE_STYLE_FILL_AREA ( #1874 ) ;
#4828 = CARTESIAN_POINT ( 'NONE',  ( 0.5101741086146089899, 1.024999999999999467, 1.331288948873510680 ) ) ;
#4829 = PRESENTATION_LAYER_ASSIGNMENT (  '', '', ( #1976 ) ) ;
#4830 = CARTESIAN_POINT ( 'NONE',  ( -0.6812626622298580958, 1.024999999999999911, 0.7631169127271655306 ) ) ;
#4831 = ORIENTED_EDGE ( 'NONE', *, *, #783, .T. ) ;
#4832 = SURFACE_STYLE_USAGE ( .BOTH. , #5251 ) ;
#4833 = CARTESIAN_POINT ( 'NONE',  ( -0.1400841346153841038, 1.034999999999999920, -0.9344951923076924016 ) ) ;
#4834 = CARTESIAN_POINT ( 'NONE',  ( -0.01693200486031759197, 1.034999999999999920, 0.8366581879303760516 ) ) ;
#4835 = CARTESIAN_POINT ( 'NONE',  ( 0.4992838354678801882, 1.034999999999999920, 1.340513759941373451 ) ) ;
#4836 = SURFACE_SIDE_STYLE ('',( #915 ) ) ;
#4837 = CARTESIAN_POINT ( 'NONE',  ( -1.849999999999999645, 1.024999999999999911, 1.849999999999999423 ) ) ;
#4838 = CARTESIAN_POINT ( 'NONE',  ( 0.5230769230769236611, 1.034999999999999920, -1.066406250000000000 ) ) ;
#4839 =( NAMED_UNIT ( * ) SI_UNIT ( $, .STERADIAN. ) SOLID_ANGLE_UNIT ( ) );
#4840 = CARTESIAN_POINT ( 'NONE',  ( -0.1962895103982076894, 1.035000000000000142, 1.334250950148672565 ) ) ;
#4841 = CARTESIAN_POINT ( 'NONE',  ( 0.8076923076923077094, 1.034999999999999920, 1.500000000000000222 ) ) ;
#4842 = SURFACE_SIDE_STYLE ('',( #203 ) ) ;
#4843 = CARTESIAN_POINT ( 'NONE',  ( -0.5918774928055327011, 1.024999999999999911, -0.1084899168210473192 ) ) ;
#4844 = EDGE_CURVE ( 'NONE', #899, #5245, #53, .T. ) ;
#4845 = CARTESIAN_POINT ( 'NONE',  ( -0.4568810490274483604, 1.025000000000000133, 0.9216901571185679432 ) ) ;
#4846 = B_SPLINE_CURVE_WITH_KNOTS ( 'NONE', 3,
 ( #4003, #1438, #6038, #6487, #5993, #5470, #2441, #968, #1959, #6512, #3475 ),
 .UNSPECIFIED., .F., .F.,
 ( 4, 1, 1, 1, 1, 1, 1, 1, 4 ),
 ( 0.000000000000000000, 0.05996688937102766931, 0.1375423895636743443, 0.2335473283895458108, 0.3496849205474031330, 0.4844921385367325639, 0.6373968565921700469, 0.8096962512820716773, 1.000000000000000000 ),
 .UNSPECIFIED. ) ;
#4847 = ORIENTED_EDGE ( 'NONE', *, *, #6522, .F. ) ;
#4848 = FILL_AREA_STYLE_COLOUR ( '', #839 ) ;
#4849 = CARTESIAN_POINT ( 'NONE',  ( 0.1369608420716999231, 1.034999999999999698, 1.149153048603420046 ) ) ;
#4850 = UNCERTAINTY_MEASURE_WITH_UNIT (LENGTH_MEASURE( 1.000000000000000082E-05 ), #1356, 'distance_accuracy_value', 'NONE');
#4851 = ORIENTED_EDGE ( 'NONE', *, *, #442, .F. ) ;
#4852 = PRESENTATION_LAYER_ASSIGNMENT (  '', '', ( #792 ) ) ;
#4853 = CARTESIAN_POINT ( 'NONE',  ( 0.2571514423076928235, 1.024999999999999911, -1.269230769230769162 ) ) ;
#4854 = CARTESIAN_POINT ( 'NONE',  ( 0.3929687500000005329, 1.024999999999999911, -0.8335336538461538547 ) ) ;
#4855 = CARTESIAN_POINT ( 'NONE',  ( -0.3763053364479025942, 1.034999999999999920, -0.6965070309103450485 ) ) ;
#4856 = ORIENTED_EDGE ( 'NONE', *, *, #1787, .F. ) ;
#4857 = CARTESIAN_POINT ( 'NONE',  ( -0.5131259277043459521, 1.034999999999999698, 0.7580082180372671452 ) ) ;
#4858 = FILL_AREA_STYLE_COLOUR ( '', #4909 ) ;
#4859 = LINE ( 'NONE', #1802, #5169 ) ;
#4860 = FACE_OUTER_BOUND ( 'NONE', #5395, .T. ) ;
#4861 = CARTESIAN_POINT ( 'NONE',  ( -0.3651477395537966464, 1.025000000000000133, 1.023495007546663116 ) ) ;
#4862 = PRESENTATION_STYLE_ASSIGNMENT (( #5067 ) ) ;
#4863 = VERTEX_POINT ( 'NONE', #3247 ) ;
#4864 = CARTESIAN_POINT ( 'NONE',  ( -0.2267620149864838508, 1.024999999999999911, 1.380799805016254878 ) ) ;
#4865 = PRESENTATION_STYLE_ASSIGNMENT (( #1942 ) ) ;
#4866 = CARTESIAN_POINT ( 'NONE',  ( -0.6363485918313113165, 1.035000000000000364, 0.7531031900268578827 ) ) ;
#4867 = LINE ( 'NONE', #1193, #3273 ) ;
#4868 = CARTESIAN_POINT ( 'NONE',  ( -0.6438953436732306468, 1.024999999999999911, 1.211378676326420933 ) ) ;
#4869 = MECHANICAL_DESIGN_GEOMETRIC_PRESENTATION_REPRESENTATION (  '', ( #677 ), #5339 ) ;
#4870 = CARTESIAN_POINT ( 'NONE',  ( -0.4897085815187425806, 1.024999999999999911, 0.8715447404585627833 ) ) ;
#4871 = ORIENTED_EDGE ( 'NONE', *, *, #6478, .F. ) ;
#4872 = SURFACE_STYLE_FILL_AREA ( #2639 ) ;
#4873 = CARTESIAN_POINT ( 'NONE',  ( 0.3298207469964955507, 1.024999999999999911, 0.9368557672397974656 ) ) ;
#4874 = CARTESIAN_POINT ( 'NONE',  ( -0.7208848868286070743, 1.024999999999999689, 0.7800866347188732952 ) ) ;
#4875 = FILL_AREA_STYLE ('',( #4362 ) ) ;
#4876 = DIRECTION ( 'NONE',  ( -0.9950371902099891530, 0.000000000000000000, -0.09950371902099880428 ) ) ;
#4877 = EDGE_CURVE ( 'NONE', #3075, #2214, #1618, .T. ) ;
#4878 = CARTESIAN_POINT ( 'NONE',  ( -0.06697226675015373332, 1.024999999999999911, 1.211378676326421155 ) ) ;
#4879 = CARTESIAN_POINT ( 'NONE',  ( -0.02713472773045475656, 1.024999999999999689, 0.8368925012777321815 ) ) ;
#4880 = ORIENTED_EDGE ( 'NONE', *, *, #4762, .T. ) ;
#4881 = CARTESIAN_POINT ( 'NONE',  ( -0.4796274038461533773, 1.034999999999999920, -0.5255408653846154188 ) ) ;
#4882 =( NAMED_UNIT ( * ) PLANE_ANGLE_UNIT ( ) SI_UNIT ( $, .RADIAN. ) );
#4883 = CARTESIAN_POINT ( 'NONE',  ( 0.7637620192307699174, 1.035000000000000142, -0.2397836538461539380 ) ) ;
#4884 = CARTESIAN_POINT ( 'NONE',  ( -0.2495492788461539657, 1.034999999999999920, 1.433293269230769607 ) ) ;
#4885 = CARTESIAN_POINT ( 'NONE',  ( -0.4399622348513769210, 1.034999999999999698, 1.149153048603420046 ) ) ;
#4886 = AXIS2_PLACEMENT_3D ( 'NONE', #5932, #4019, #936 ) ;
#4887 = CARTESIAN_POINT ( 'NONE',  ( -0.2398884097497334944, 1.034999999999999920, 1.406614822300994661 ) ) ;
#4888 = CARTESIAN_POINT ( 'NONE',  ( 0.2621031612083700724, 1.035000000000000142, -0.02505928498801309953 ) ) ;
#4889 =( NAMED_UNIT ( * ) PLANE_ANGLE_UNIT ( ) SI_UNIT ( $, .RADIAN. ) );
#4890 = EDGE_CURVE ( 'NONE', #3804, #662, #3959, .T. ) ;
#4891 =( NAMED_UNIT ( * ) SI_UNIT ( $, .STERADIAN. ) SOLID_ANGLE_UNIT ( ) );
#4892 = CARTESIAN_POINT ( 'NONE',  ( 0.3944003306930352060, 1.024999999999999689, 1.317561331180454154 ) ) ;
#4893 = CARTESIAN_POINT ( 'NONE',  ( -0.4731388769394087035, 1.025000000000000355, 0.8900286707375898443 ) ) ;
#4894 = CARTESIAN_POINT ( 'NONE',  ( 0.5673076923076922906, 1.024999999999999911, 0.7500000000000002220 ) ) ;
#4895 = CARTESIAN_POINT ( 'NONE',  ( -0.6599501028923885348, 1.024999999999999689, 0.2256499305191311811 ) ) ;
#4896 = CARTESIAN_POINT ( 'NONE',  ( 0.2205949598000909728, 1.025000000000000133, -0.8411998290986865134 ) ) ;
#4897 = SURFACE_STYLE_FILL_AREA ( #3010 ) ;
#4898 = CARTESIAN_POINT ( 'NONE',  ( 0.1022007499196339181, 1.024999999999999689, 1.036833623450327035 ) ) ;
#4899 = CARTESIAN_POINT ( 'NONE',  ( -0.1533198614256517378, 1.034999999999999920, 0.9560362824859591768 ) ) ;
#4900 = CARTESIAN_POINT ( 'NONE',  ( -0.4912033807344199365, 1.024999999999999911, 0.7644335898809586638 ) ) ;
#4901 = CARTESIAN_POINT ( 'NONE',  ( -0.8316137394045788334, 1.024999999999999911, 1.449348915395678894 ) ) ;
#4902 = DIRECTION ( 'NONE',  ( 0.000000000000000000, 1.000000000000000000, 0.000000000000000000 ) ) ;
#4903 = CARTESIAN_POINT ( 'NONE',  ( 0.3951000138174065035, 1.034999999999999920, -0.8359141373746954429 ) ) ;
#4904 = COLOUR_RGB ( '',1.000000000000000000, 1.000000000000000000, 1.000000000000000000 ) ;
#4905 = ORIENTED_EDGE ( 'NONE', *, *, #598, .F. ) ;
#4906 = VERTEX_POINT ( 'NONE', #226 ) ;
#4907 = CARTESIAN_POINT ( 'NONE',  ( -0.1441503111786348601, 1.034999999999999698, 1.277465502956919075 ) ) ;
#4908 = CARTESIAN_POINT ( 'NONE',  ( 0.6870280247242083194, 1.034999999999999920, 1.177012512762981800 ) ) ;
#4909 = COLOUR_RGB ( '',1.000000000000000000, 1.000000000000000000, 1.000000000000000000 ) ;
#4910 = STYLED_ITEM ( 'NONE', ( #2094 ), #5553 ) ;
#4911 = CARTESIAN_POINT ( 'NONE',  ( 0.4940187244218740004, 1.024999999999999911, 1.224482152663802781 ) ) ;
#4912 = AXIS2_PLACEMENT_3D ( 'NONE', #5024, #5518, #3014 ) ;
#4913 = EDGE_LOOP ( 'NONE', ( #5386, #6499, #4880, #2557 ) ) ;
#4914 = CARTESIAN_POINT ( 'NONE',  ( 0.7199380304298355071, 1.034999999999999920, 0.7952156366747696881 ) ) ;
#4915 = ORIENTED_EDGE ( 'NONE', *, *, #5561, .T. ) ;
#4916 = CARTESIAN_POINT ( 'NONE',  ( 0.4329612670175467803, 1.024999999999999911, 0.7800866347188735173 ) ) ;
#4917 = CARTESIAN_POINT ( 'NONE',  ( -0.3516370337865993290, 1.035000000000000364, 0.3457236207892979141 ) ) ;
#4918 = CARTESIAN_POINT ( 'NONE',  ( 0.2156684110218179407, 1.034999999999999920, -0.8695632752520079389 ) ) ;
#4919 = CARTESIAN_POINT ( 'NONE',  ( -0.4520274643897460032, 1.034999999999999920, 0.9621975019446505906 ) ) ;
#4920 = CARTESIAN_POINT ( 'NONE',  ( -0.1484107361920903312, 1.034999999999999920, 0.9276918119063909396 ) ) ;
#4921 = EDGE_CURVE ( 'NONE', #6389, #3975, #525, .T. ) ;
#4922 = CARTESIAN_POINT ( 'NONE',  ( -0.4695860310905232149, 1.024999999999999689, -0.5455223592266811306 ) ) ;
#4923 = CARTESIAN_POINT ( 'NONE',  ( 0.6113314052326520587, 1.034999999999999698, -0.1023239656277363518 ) ) ;
#4924 = ORIENTED_EDGE ( 'NONE', *, *, #648, .F. ) ;
#4925 = CARTESIAN_POINT ( 'NONE',  ( 0.5035675598360680461, 1.034999999999999920, -1.008896259176364385 ) ) ;
#4926 = UNCERTAINTY_MEASURE_WITH_UNIT (LENGTH_MEASURE( 1.000000000000000082E-05 ), #5971, 'distance_accuracy_value', 'NONE');
#4927 = CARTESIAN_POINT ( 'NONE',  ( -0.1917685378852437006, 1.025000000000000133, -0.8908502233264575798 ) ) ;
#4928 = CARTESIAN_POINT ( 'NONE',  ( -0.06617652215147054595, 1.024999999999999911, -1.160870314755158672 ) ) ;
#4929 = SURFACE_STYLE_FILL_AREA ( #1651 ) ;
#4930 = EDGE_LOOP ( 'NONE', ( #2042, #6063, #999, #3408 ) ) ;
#4931 = EDGE_CURVE ( 'NONE', #2600, #5332, #2577, .T. ) ;
#4932 = ORIENTED_EDGE ( 'NONE', *, *, #2820, .T. ) ;
#4933 = CARTESIAN_POINT ( 'NONE',  ( -0.2113222727739264561, 1.034999999999999698, 1.355140911848129237 ) ) ;
#4934 = UNCERTAINTY_MEASURE_WITH_UNIT (LENGTH_MEASURE( 1.000000000000000082E-05 ), #3848, 'distance_accuracy_value', 'NONE');
#4935 = CARTESIAN_POINT ( 'NONE',  ( 0.5003004807692308376, 1.024999999999999911, 1.219501201923077316 ) ) ;
#4936 = PRODUCT ( 'XFL4020-222MEC', 'XFL4020-222MEC', '', ( #2918 ) ) ;
#4937 = ORIENTED_EDGE ( 'NONE', *, *, #4283, .T. ) ;
#4938 = VECTOR ( 'NONE', #4684, 1000.000000000000000 ) ;
#4939 = CARTESIAN_POINT ( 'NONE',  ( 0.4521246565727102262, 1.024999999999999911, 0.7708032052688806868 ) ) ;
#4940 = CARTESIAN_POINT ( 'NONE',  ( -0.7509691229693329362, 1.035000000000000142, 0.04192850094834601332 ) ) ;
#4941 = LINE ( 'NONE', #1592, #1926 ) ;
#4942 = ORIENTED_EDGE ( 'NONE', *, *, #2035, .F. ) ;
#4943 =( LENGTH_UNIT ( ) NAMED_UNIT ( * ) SI_UNIT ( .MILLI., .METRE. ) );
#4944 = PRESENTATION_LAYER_ASSIGNMENT (  '', '', ( #5498 ) ) ;
#4945 = CARTESIAN_POINT ( 'NONE',  ( 0.1091292488734788568, 1.035000000000000364, 1.023402570223236108 ) ) ;
#4946 = SURFACE_STYLE_FILL_AREA ( #3531 ) ;
#4947 = CARTESIAN_POINT ( 'NONE',  ( 0.1101049478011315585, 1.024999999999999911, 1.177012512762981800 ) ) ;
#4948 = SURFACE_SIDE_STYLE ('',( #1328 ) ) ;
#4949 = CARTESIAN_POINT ( 'NONE',  ( 0.5107572115384620970, 1.025000000000000133, -0.02223557692307692041 ) ) ;
#4950 = FACE_OUTER_BOUND ( 'NONE', #5977, .T. ) ;
#4951 = CARTESIAN_POINT ( 'NONE',  ( 0.5225040702412534488, 1.024999999999999689, -1.055883598833726289 ) ) ;
#4952 = VECTOR ( 'NONE', #2302, 1000.000000000000000 ) ;
#4953 = FACE_OUTER_BOUND ( 'NONE', #4057, .T. ) ;
#4954 = PRESENTATION_STYLE_ASSIGNMENT (( #5115 ) ) ;
#4955 = CARTESIAN_POINT ( 'NONE',  ( -0.1573431819201525916, 1.024999999999999911, -0.9199207648865372899 ) ) ;
#4956 = CARTESIAN_POINT ( 'NONE',  ( 0.6544772024941873934, 1.025000000000000133, 0.8631895418681122534 ) ) ;
#4957 = CARTESIAN_POINT ( 'NONE',  ( -0.5165652840014129943, 1.024999999999999689, -0.7812224859088601203 ) ) ;
#4958 = CARTESIAN_POINT ( 'NONE',  ( 0.3606811036798523440, 1.024999999999999245, -1.077826688113032949 ) ) ;
#4959 = ORIENTED_EDGE ( 'NONE', *, *, #5086, .T. ) ;
#4960 = CARTESIAN_POINT ( 'NONE',  ( 0.3370346671733435717, 1.034999999999999920, 1.406614822300994438 ) ) ;
#4961 = LINE ( 'NONE', #3405, #1790 ) ;
#4962 = MECHANICAL_DESIGN_GEOMETRIC_PRESENTATION_REPRESENTATION (  '', ( #1976 ), #4410 ) ;
#4963 = COLOUR_RGB ( '',1.000000000000000000, 1.000000000000000000, 1.000000000000000000 ) ;
#4964 = CARTESIAN_POINT ( 'NONE',  ( 0.3298207469964955507, 1.034999999999999920, 0.9368557672397974656 ) ) ;
#4965 = CARTESIAN_POINT ( 'NONE',  ( -0.6311577940984554047, 1.035000000000000364, 0.2530576970778043999 ) ) ;
#4966 = EDGE_CURVE ( 'NONE', #5793, #2176, #5736, .T. ) ;
#4967 = CARTESIAN_POINT ( 'NONE',  ( 0.001818223322760980157, 1.034999999999999920, 1.150978442549882352 ) ) ;
#4968 = CARTESIAN_POINT ( 'NONE',  ( -0.2596153846153848033, 1.024999999999999911, 1.500000000000000444 ) ) ;
#4969 = CARTESIAN_POINT ( 'NONE',  ( 0.7850000000000001421, -1.024999999999999911, -1.625000000000000000 ) ) ;
#4970 = CARTESIAN_POINT ( 'NONE',  ( 0.03770079244571857696, 1.024999999999999689, 0.2615668493694585095 ) ) ;
#4971 = UNCERTAINTY_MEASURE_WITH_UNIT (LENGTH_MEASURE( 1.000000000000000082E-05 ), #2381, 'distance_accuracy_value', 'NONE');
#4972 = CARTESIAN_POINT ( 'NONE',  ( 0.4890306126040769308, 1.034999999999999920, -0.9797866819997160803 ) ) ;
#4973 = STYLED_ITEM ( 'NONE', ( #4865 ), #578 ) ;
#4974 = EDGE_CURVE ( 'NONE', #5170, #3333, #1706, .T. ) ;
#4975 = CARTESIAN_POINT ( 'NONE',  ( -0.4495910546867318280, 1.034999999999999920, -0.5853106937111854924 ) ) ;
#4976 = CARTESIAN_POINT ( 'NONE',  ( -1.850000000000000089, 1.024999999999999911, -1.850000000000000977 ) ) ;
#4977 =( NAMED_UNIT ( * ) SI_UNIT ( $, .STERADIAN. ) SOLID_ANGLE_UNIT ( ) );
#4978 = COLOUR_RGB ( '',1.000000000000000000, 1.000000000000000000, 1.000000000000000000 ) ;
#4979 = CARTESIAN_POINT ( 'NONE',  ( 0.006863659973813226491, 1.035000000000000142, -1.196497692296500936 ) ) ;
#4980 = EDGE_CURVE ( 'NONE', #3529, #5664, #293, .T. ) ;
#4981 = SURFACE_STYLE_USAGE ( .BOTH. , #3952 ) ;
#4982 = FILL_AREA_STYLE_COLOUR ( '', #3650 ) ;
#4983 = CARTESIAN_POINT ( 'NONE',  ( -0.1709775200025005493, 1.034999999999999920, 1.304503635857037436 ) ) ;
#4984 =( NAMED_UNIT ( * ) SI_UNIT ( $, .STERADIAN. ) SOLID_ANGLE_UNIT ( ) );
#4985 = B_SPLINE_CURVE_WITH_KNOTS ( 'NONE', 3,
 ( #161, #4780, #6229, #4260, #1725, #3769, #3711, #2681, #732, #3670, #3208 ),
 .UNSPECIFIED., .F., .F.,
 ( 4, 1, 1, 1, 1, 1, 1, 1, 4 ),
 ( 0.000000000000000000, 0.09667456401900831331, 0.2200460203467192732, 0.3580523530425036016, 0.5030958817993885779, 0.6465867356323256043, 0.7842179938026717645, 0.9050398087554584192, 0.9999999999999998890 ),
 .UNSPECIFIED. ) ;
#4986 = STYLED_ITEM ( 'NONE', ( #1158 ), #2737 ) ;
#4987 = DIRECTION ( 'NONE',  ( -0.000000000000000000, -1.000000000000000000, -0.000000000000000000 ) ) ;
#4988 = CARTESIAN_POINT ( 'NONE',  ( 0.3911119599344423658, 1.034999999999999698, -1.251079475078177961 ) ) ;
#4989 = CARTESIAN_POINT ( 'NONE',  ( -0.6598274294242799654, 1.035000000000000142, 1.224482152663803003 ) ) ;
#4990 = ORIENTED_EDGE ( 'NONE', *, *, #57, .T. ) ;
#4991 = CARTESIAN_POINT ( 'NONE',  ( -0.1425305974246232066, 1.034999999999999698, 0.1673196915983768962 ) ) ;
#4992 = CARTESIAN_POINT ( 'NONE',  ( -0.07763924145519682241, 1.034999999999999920, 1.340513759941373451 ) ) ;
#4993 = CARTESIAN_POINT ( 'NONE',  ( 0.8163176086182266644, 1.034999999999999920, -0.3039265020748548873 ) ) ;
#4994 = ORIENTED_EDGE ( 'NONE', *, *, #4198, .F. ) ;
#4995 = PRESENTATION_STYLE_ASSIGNMENT (( #2053 ) ) ;
#4996 = MECHANICAL_DESIGN_GEOMETRIC_PRESENTATION_REPRESENTATION (  '', ( #3487 ), #4785 ) ;
#4997 = CARTESIAN_POINT ( 'NONE',  ( -0.7849999999999999201, -1.024999999999999911, 1.624999999999999778 ) ) ;
#4998 = CARTESIAN_POINT ( 'NONE',  ( 0.5652043269230768718, 1.024999999999999911, 0.8365384615384617861 ) ) ;
#4999 = CARTESIAN_POINT ( 'NONE',  ( -0.7386460975405226836, 1.024999999999999911, 0.7911853970708486727 ) ) ;
#5000 =( GEOMETRIC_REPRESENTATION_CONTEXT ( 3 ) GLOBAL_UNCERTAINTY_ASSIGNED_CONTEXT ( ( #1244 ) ) GLOBAL_UNIT_ASSIGNED_CONTEXT ( ( #5917, #5877, #396 ) ) REPRESENTATION_CONTEXT ( 'NONE', 'WORKASPACE' ) );
#5001 = CARTESIAN_POINT ( 'NONE',  ( 0.1248955999743857903, 1.035000000000000142, 0.9537176434545550086 ) ) ;
#5002 = CARTESIAN_POINT ( 'NONE',  ( -0.1928609403983695125, 1.024999999999999911, 0.8183052022479981868 ) ) ;
#5003 = DIRECTION ( 'NONE',  ( -0.000000000000000000, -1.000000000000000000, -0.000000000000000000 ) ) ;
#5004 = CARTESIAN_POINT ( 'NONE',  ( 0.5224391118454452254, 1.024999999999999467, -1.072678611138124127 ) ) ;
#5005 = CARTESIAN_POINT ( 'NONE',  ( 0.2242582968817667943, 1.025000000000000355, -0.9044005330044534441 ) ) ;
#5006 = ORIENTED_EDGE ( 'NONE', *, *, #1286, .F. ) ;
#5007 = CARTESIAN_POINT ( 'NONE',  ( 0.1817883925536819545, 1.024999999999999911, 1.090131206510949413 ) ) ;
#5008 = EDGE_CURVE ( 'NONE', #5329, #3888, #4146, .T. ) ;
#5009 = CARTESIAN_POINT ( 'NONE',  ( 0.6352748099598589659, 1.034999999999999920, 1.094640769511485479 ) ) ;
#5010 = DIRECTION ( 'NONE',  ( -2.644395542647571766E-16, 1.000000000000000000, 0.000000000000000000 ) ) ;
#5011 = UNCERTAINTY_MEASURE_WITH_UNIT (LENGTH_MEASURE( 1.000000000000000082E-05 ), #6083, 'distance_accuracy_value', 'NONE');
#5012 = EDGE_LOOP ( 'NONE', ( #2848, #2798, #1389, #4116 ) ) ;
#5013 = SURFACE_SIDE_STYLE ('',( #2211 ) ) ;
#5014 = VERTEX_POINT ( 'NONE', #6225 ) ;
#5015 = LINE ( 'NONE', #3797, #3815 ) ;
#5016 = CARTESIAN_POINT ( 'NONE',  ( 0.1119670840417978652, 1.035000000000000364, -1.238172269283417171 ) ) ;
#5017 = ORIENTED_EDGE ( 'NONE', *, *, #3493, .T. ) ;
#5019 = CARTESIAN_POINT ( 'NONE',  ( 1.605000000000000204, -1.074999999999999956, -1.574999999999999734 ) ) ;
#5018 = FACE_OUTER_BOUND ( 'NONE', #3528, .T. ) ;
#5020 = CARTESIAN_POINT ( 'NONE',  ( 0.3635385003409744020, 1.024999999999999689, -1.082922609674822123 ) ) ;
#5021 = PRESENTATION_STYLE_ASSIGNMENT (( #4431 ) ) ;
#5022 = EDGE_LOOP ( 'NONE', ( #1757, #5869, #3582, #5827 ) ) ;
#5023 = ORIENTED_EDGE ( 'NONE', *, *, #2688, .T. ) ;
#5024 = CARTESIAN_POINT ( 'NONE',  ( 0.2307692307692306155, 1.034999999999999920, 1.403846153846154410 ) ) ;
#5025 = B_SPLINE_CURVE_WITH_KNOTS ( 'NONE', 3,
 ( #5106, #3690, #5680, #2682, #6186, #1726, #641, #142, #6230, #1833, #3141 ),
 .UNSPECIFIED., .F., .F.,
 ( 4, 1, 1, 1, 1, 1, 1, 1, 4 ),
 ( 0.000000000000000000, 0.1201183289450753061, 0.2482225052471394300, 0.3810992229538414655, 0.5122697488837058000, 0.6434402748135702454, 0.7704589569847414277, 0.8917409525509431001, 1.000000000000000000 ),
 .UNSPECIFIED. ) ;
#5026 = VECTOR ( 'NONE', #3958, 1000.000000000000000 ) ;
#5027 =( LENGTH_UNIT ( ) NAMED_UNIT ( * ) SI_UNIT ( .MILLI., .METRE. ) );
#5028 = CARTESIAN_POINT ( 'NONE',  ( 0.4264246871617130008, 1.034999999999999920, -1.228171464447248118 ) ) ;
#5029 = FILL_AREA_STYLE_COLOUR ( '', #4717 ) ;
#5030 = AXIS2_PLACEMENT_3D ( 'NONE', #1831, #1972, #5450 ) ;
#5031 = CARTESIAN_POINT ( 'NONE',  ( -0.1361177884615386025, 1.034999999999999920, 1.403846153846154410 ) ) ;
#5032 = EDGE_LOOP ( 'NONE', ( #5867, #2853, #1297, #2702 ) ) ;
#5033 = CARTESIAN_POINT ( 'NONE',  ( 0.6641375723274111076, 1.034999999999999698, 0.8715447404585627833 ) ) ;
#5034 = CARTESIAN_POINT ( 'NONE',  ( -0.1235576923076918271, 1.035000000000000142, -1.129507211538461675 ) ) ;
#5035 = FILL_AREA_STYLE ('',( #1985 ) ) ;
#5036 = LINE ( 'NONE', #5368, #4632 ) ;
#5037 = CARTESIAN_POINT ( 'NONE',  ( -0.7302429383487287762, 1.024999999999999689, 0.9560362824859588438 ) ) ;
#5038 = ORIENTED_EDGE ( 'NONE', *, *, #6299, .T. ) ;
#5039 = COLOUR_RGB ( '',1.000000000000000000, 1.000000000000000000, 1.000000000000000000 ) ;
#5040 = AXIS2_PLACEMENT_3D ( 'NONE', #5231, #811, #3867 ) ;
#5041 = AXIS2_PLACEMENT_3D ( 'NONE', #2026, #2462, #5981 ) ;
#5042 = CARTESIAN_POINT ( 'NONE',  ( 0.7388950688223768770, 1.034999999999999920, -0.2139691438659765965 ) ) ;
#5043 = CARTESIAN_POINT ( 'NONE',  ( -0.4969438633981932418, 1.035000000000000142, 0.1457252904592511167 ) ) ;
#5044 = CARTESIAN_POINT ( 'NONE',  ( 0.5107572115384620970, 1.035000000000000142, -0.02223557692307692041 ) ) ;
#5045 = CARTESIAN_POINT ( 'NONE',  ( 0.04351053239648314253, 1.024999999999999467, 0.8449640240426657956 ) ) ;
#5046 = CARTESIAN_POINT ( 'NONE',  ( -0.2062460659291941723, 1.024999999999999689, 0.8340822251097764761 ) ) ;
#5047 = CARTESIAN_POINT ( 'NONE',  ( -1.849999999999999645, 1.024999999999999911, 2.000000000000000000 ) ) ;
#5048 =( NAMED_UNIT ( * ) PLANE_ANGLE_UNIT ( ) SI_UNIT ( $, .RADIAN. ) );
#5049 = CARTESIAN_POINT ( 'NONE',  ( 0.2401513906992601421, 1.034999999999999920, -0.9317271042448359575 ) ) ;
#5050 = CARTESIAN_POINT ( 'NONE',  ( -0.5213818887181209671, 1.024999999999999689, 0.8499915930093842054 ) ) ;
#5051 = CARTESIAN_POINT ( 'NONE',  ( 0.6996704596483112049, 1.035000000000000142, 0.9333452975440976740 ) ) ;
#5052 = CARTESIAN_POINT ( 'NONE',  ( 0.5652043269230768718, 1.034999999999999920, 0.8365384615384617861 ) ) ;
#5053 = SURFACE_STYLE_USAGE ( .BOTH. , #2551 ) ;
#5054 = CARTESIAN_POINT ( 'NONE',  ( -0.7209575719071996680, 1.035000000000000142, 0.9148738954979116489 ) ) ;
#5055 = FACE_OUTER_BOUND ( 'NONE', #1918, .T. ) ;
#5056 = EDGE_CURVE ( 'NONE', #1359, #1502, #4471, .T. ) ;
#5057 = CARTESIAN_POINT ( 'NONE',  ( -0.5990513877927807762, 1.024999999999999911, 0.2773487647443848569 ) ) ;
#5058 = ADVANCED_FACE ( 'NONE', ( #1316 ), #268, .T. ) ;
#5059 =( NAMED_UNIT ( * ) SI_UNIT ( $, .STERADIAN. ) SOLID_ANGLE_UNIT ( ) );
#5060 = CARTESIAN_POINT ( 'NONE',  ( -0.3651477395537966464, 1.025000000000000355, 1.023495007546663116 ) ) ;
#5061 = CARTESIAN_POINT ( 'NONE',  ( -0.1320017023023945801, 1.025000000000000133, 0.8916546614439557761 ) ) ;
#5062 = FACE_OUTER_BOUND ( 'NONE', #3120, .T. ) ;
#5063 = CARTESIAN_POINT ( 'NONE',  ( -0.1127526067484372341, 1.034999999999999476, 1.248891001546740709 ) ) ;
#5064 = EDGE_LOOP ( 'NONE', ( #4222, #5943, #1380, #3195, #828, #892, #3170, #3171, #4456, #2626, #5097, #2048, #3015, #2413, #4666, #2069, #2973, #6422, #4990, #2803, #2528, #2904 ) ) ;
#5065 = CARTESIAN_POINT ( 'NONE',  ( -0.8365685462712814102, 1.034999999999999698, 1.482875074157175455 ) ) ;
#5066 = CARTESIAN_POINT ( 'NONE',  ( -0.5923076923076919797, 1.035000000000000142, -0.09104567307692308653 ) ) ;
#5067 = SURFACE_STYLE_USAGE ( .BOTH. , #2999 ) ;
#5068 = CARTESIAN_POINT ( 'NONE',  ( 0.3706770109938827829, 1.034999999999999920, 0.8340822251097768092 ) ) ;
#5069 = ORIENTED_EDGE ( 'NONE', *, *, #6247, .T. ) ;
#5070 = CARTESIAN_POINT ( 'NONE',  ( 1.500000000000003109, 1.024999999999999911, -1.650000000000001021 ) ) ;
#5071 = CARTESIAN_POINT ( 'NONE',  ( -0.4731388769394087035, 1.035000000000000364, 0.8900286707375898443 ) ) ;
#5073 = VERTEX_POINT ( 'NONE', #1934 ) ;
#5072 = CARTESIAN_POINT ( 'NONE',  ( 0.5798702866813263412, 1.034999999999999698, 0.8368940373264448507 ) ) ;
#5074 = CARTESIAN_POINT ( 'NONE',  ( 0.5226381356013578561, 1.034999999999999920, 1.320496778789089998 ) ) ;
#5075 = FILL_AREA_STYLE_COLOUR ( '', #241 ) ;
#5076 = STYLED_ITEM ( 'NONE', ( #1451 ), #4653 ) ;
#5077 = CARTESIAN_POINT ( 'NONE',  ( 0.1200420278956285391, 1.024999999999999689, 0.9216901571185678321 ) ) ;
#5078 = STYLED_ITEM ( 'NONE', ( #1070 ), #1598 ) ;
#5079 = CARTESIAN_POINT ( 'NONE',  ( -0.07763924145519682241, 1.024999999999999911, 1.340513759941373451 ) ) ;
#5080 = SURFACE_SIDE_STYLE ('',( #3564 ) ) ;
#5081 = CARTESIAN_POINT ( 'NONE',  ( -0.3824869941083212099, 1.025000000000000133, 1.067602144398379194 ) ) ;
#5082 = ORIENTED_EDGE ( 'NONE', *, *, #3055, .T. ) ;
#5083 =( LENGTH_UNIT ( ) NAMED_UNIT ( * ) SI_UNIT ( .MILLI., .METRE. ) );
#5084 = CARTESIAN_POINT ( 'NONE',  ( 0.1119670840417978652, 1.035000000000000142, -1.238172269283417171 ) ) ;
#5085 = ORIENTED_EDGE ( 'NONE', *, *, #3951, .T. ) ;
#5086 = EDGE_CURVE ( 'NONE', #2064, #1901, #1341, .T. ) ;
#5087 = FACE_OUTER_BOUND ( 'NONE', #6414, .T. ) ;
#5088 = ORIENTED_EDGE ( 'NONE', *, *, #896, .T. ) ;
#5089 = CARTESIAN_POINT ( 'NONE',  ( -0.3927084994808447416, 1.034999999999999476, 0.1873888445340720077 ) ) ;
#5090 = CARTESIAN_POINT ( 'NONE',  ( 0.2826923076923082423, 1.025000000000000133, -0.9798677884615384359 ) ) ;
#5091 = SURFACE_STYLE_USAGE ( .BOTH. , #973 ) ;
#5092 = ORIENTED_EDGE ( 'NONE', *, *, #4661, .F. ) ;
#5093 = ADVANCED_FACE ( 'NONE', ( #5509 ), #362, .T. ) ;
#5094 = LINE ( 'NONE', #279, #6170 ) ;
#5095 =( GEOMETRIC_REPRESENTATION_CONTEXT ( 3 ) GLOBAL_UNCERTAINTY_ASSIGNED_CONTEXT ( ( #4487 ) ) GLOBAL_UNIT_ASSIGNED_CONTEXT ( ( #5, #3440, #4984 ) ) REPRESENTATION_CONTEXT ( 'NONE', 'WORKASPACE' ) );
#5096 = CARTESIAN_POINT ( 'NONE',  ( 0.5673076923076922906, 1.034999999999999920, 0.7500000000000002220 ) ) ;
#5097 = ORIENTED_EDGE ( 'NONE', *, *, #5056, .T. ) ;
#5098 = CARTESIAN_POINT ( 'NONE',  ( -0.7253338131151673140, 1.034999999999999920, 0.9276918119063907175 ) ) ;
#5099 = EDGE_CURVE ( 'NONE', #104, #658, #2085, .T. ) ;
#5100 = SURFACE_STYLE_FILL_AREA ( #3934 ) ;
#5101 = FILL_AREA_STYLE_COLOUR ( '', #3264 ) ;
#5102 = CARTESIAN_POINT ( 'NONE',  ( 0.7587114694767590484, 1.034999999999999920, 1.090131206510948969 ) ) ;
#5103 =( NAMED_UNIT ( * ) PLANE_ANGLE_UNIT ( ) SI_UNIT ( $, .RADIAN. ) );
#5104 = VECTOR ( 'NONE', #3635, 1000.000000000000000 ) ;
#5105 = CARTESIAN_POINT ( 'NONE',  ( -0.5185713438862951108, 1.024999999999999911, 1.094640769511485479 ) ) ;
#5106 = CARTESIAN_POINT ( 'NONE',  ( 0.6123197115384620970, 1.034999999999999920, -0.2848557692307692180 ) ) ;
#5107 = CARTESIAN_POINT ( 'NONE',  ( -0.8036850919095607226, 1.035000000000000142, 1.380799805016254655 ) ) ;
#5108 = PRESENTATION_STYLE_ASSIGNMENT (( #2378 ) ) ;
#5109 =( LENGTH_UNIT ( ) NAMED_UNIT ( * ) SI_UNIT ( .MILLI., .METRE. ) );
#5110 = VERTEX_POINT ( 'NONE', #5188 ) ;
#5111 = CARTESIAN_POINT ( 'NONE',  ( 0.8500000000000005329, 1.024999999999999911, -0.3948317307692308376 ) ) ;
#5112 =( GEOMETRIC_REPRESENTATION_CONTEXT ( 3 ) GLOBAL_UNCERTAINTY_ASSIGNED_CONTEXT ( ( #5611 ) ) GLOBAL_UNIT_ASSIGNED_CONTEXT ( ( #1969, #5394, #3368 ) ) REPRESENTATION_CONTEXT ( 'NONE', 'WORKASPACE' ) );
#5113 = CARTESIAN_POINT ( 'NONE',  ( -0.6707660692698956817, 1.024999999999999245, 0.8565253071957872333 ) ) ;
#5114 = AXIS2_PLACEMENT_3D ( 'NONE', #1226, #211, #4806 ) ;
#5115 = SURFACE_STYLE_USAGE ( .BOTH. , #5625 ) ;
#5116 = MECHANICAL_DESIGN_GEOMETRIC_PRESENTATION_REPRESENTATION (  '', ( #4694 ), #5250 ) ;
#5117 = CARTESIAN_POINT ( 'NONE',  ( 0.6792223042076592776, 1.024999999999999911, -0.1594294256854960901 ) ) ;
#5118 = CARTESIAN_POINT ( 'NONE',  ( 0.3105257572970913649, 1.034999999999999920, -0.7889372591678415203 ) ) ;
#5119 = CARTESIAN_POINT ( 'NONE',  ( -0.4826368000288684401, 1.024999999999999911, 1.192704292644374497 ) ) ;
#5120 = SURFACE_STYLE_USAGE ( .BOTH. , #1 ) ;
#5121 = PLANE ( 'NONE',  #3452 ) ;
#5122 = UNCERTAINTY_MEASURE_WITH_UNIT (LENGTH_MEASURE( 1.000000000000000082E-05 ), #1344, 'distance_accuracy_value', 'NONE');
#5123 = CARTESIAN_POINT ( 'NONE',  ( -0.03485701459109043915, 1.034999999999999920, -1.176676445359459144 ) ) ;
#5124 = CARTESIAN_POINT ( 'NONE',  ( -0.4620233154719587954, 1.024999999999999689, 1.010118407490751657 ) ) ;
#5125 = CARTESIAN_POINT ( 'NONE',  ( 0.4408052884615384359, 1.024999999999999911, 1.403846153846154188 ) ) ;
#5126 = EDGE_CURVE ( 'NONE', #3888, #1870, #917, .T. ) ;
#5127 = CARTESIAN_POINT ( 'NONE',  ( 0.3348163529023472917, 1.035000000000000364, -1.038770230689263885 ) ) ;
#5128 = CARTESIAN_POINT ( 'NONE',  ( -0.8264723557692307265, 1.034999999999999920, 1.433293269230769384 ) ) ;
#5129 = CARTESIAN_POINT ( 'NONE',  ( 0.6125160628963287612, 1.024999999999999911, 1.245493178173427085 ) ) ;
#5130 = UNCERTAINTY_MEASURE_WITH_UNIT (LENGTH_MEASURE( 1.000000000000000082E-05 ), #209, 'distance_accuracy_value', 'NONE');
#5131 = CARTESIAN_POINT ( 'NONE',  ( -0.6167312096664295806, 1.034999999999999920, 1.308609899621553385 ) ) ;
#5132 = B_SPLINE_CURVE_WITH_KNOTS ( 'NONE', 3,
 ( #3544, #1539, #1007, #1515, #5060, #5566, #5081, #6069, #2539, #6051, #3524, #2560, #3616, #5119, #4603, #2652, #6178, #2082, #2106 ),
 .UNSPECIFIED., .F., .F.,
 ( 4, 1, 1, 1, 1, 1, 1, 1, 1, 1, 1, 1, 1, 1, 1, 1, 4 ),
 ( 0.000000000000000000, 0.05794487546232589964, 0.1160176254256826689, 0.1748257843638406361, 0.2346830900793710206, 0.2968270303289142764, 0.3640613359637882573, 0.4361924240497391247, 0.5142601195414410187, 0.5569758971654885649, 0.6048559283836539846, 0.6576752010734879805, 0.7157505846619325318, 0.7788397991664557374, 0.8475011894738632146, 0.9212282309463235563, 1.000000000000000000 ),
 .UNSPECIFIED. ) ;
#5133 = CARTESIAN_POINT ( 'NONE',  ( 0.8163176086182266644, 1.024999999999999911, -0.3039265020748548873 ) ) ;
#5134 = EDGE_LOOP ( 'NONE', ( #4108, #5220, #2402, #1294 ) ) ;
#5135 = DIRECTION ( 'NONE',  ( -0.000000000000000000, -1.000000000000000000, -0.000000000000000000 ) ) ;
#5136 = LINE ( 'NONE', #2216, #3786 ) ;
#5137 = CARTESIAN_POINT ( 'NONE',  ( 0.4187397839834055557, 1.024999999999999911, 1.291137545940029163 ) ) ;
#5138 = CARTESIAN_POINT ( 'NONE',  ( 0.7977342175872388363, 1.034999999999999920, -0.4548099921802073453 ) ) ;
#5139 = VERTEX_POINT ( 'NONE', #150 ) ;
#5140 = CARTESIAN_POINT ( 'NONE',  ( 0.5207167764688062084, 1.034999999999999920, 0.8412040476659464749 ) ) ;
#5141 = CARTESIAN_POINT ( 'NONE',  ( 0.5673076923076922906, 1.025000000000000133, 0.7500000000000002220 ) ) ;
#5142 = CARTESIAN_POINT ( 'NONE',  ( -0.5638521634615384359, 1.024999999999999911, 1.264723557692307931 ) ) ;
#5143 = CARTESIAN_POINT ( 'NONE',  ( 0.2571514423076928235, 1.034999999999999920, -1.269230769230769162 ) ) ;
#5144 = CARTESIAN_POINT ( 'NONE',  ( -0.8281944903926312662, 1.024999999999999689, 1.438671195898516331 ) ) ;
#5145 = CARTESIAN_POINT ( 'NONE',  ( -0.5044750564292153072, 1.025000000000000133, 1.078940445635440559 ) ) ;
#5146 =( GEOMETRIC_REPRESENTATION_CONTEXT ( 3 ) GLOBAL_UNCERTAINTY_ASSIGNED_CONTEXT ( ( #152 ) ) GLOBAL_UNIT_ASSIGNED_CONTEXT ( ( #5663, #2092, #1635 ) ) REPRESENTATION_CONTEXT ( 'NONE', 'WORKASPACE' ) );
#5147 = CARTESIAN_POINT ( 'NONE',  ( 0.5530772984843815854, 1.025000000000000133, 1.295053357843855446 ) ) ;
#5148 = CARTESIAN_POINT ( 'NONE',  ( 0.3647235576923080758, 1.034999999999999920, -1.085036057692307709 ) ) ;
#5149 =( NAMED_UNIT ( * ) PLANE_ANGLE_UNIT ( ) SI_UNIT ( $, .RADIAN. ) );
#5150 = ADVANCED_FACE ( 'NONE', ( #6516 ), #4136, .T. ) ;
#5151 = FILL_AREA_STYLE_COLOUR ( '', #4229 ) ;
#5152 = CARTESIAN_POINT ( 'NONE',  ( 0.8493852422833564342, 1.035000000000000142, -0.3780622130387988888 ) ) ;
#5153 = PRESENTATION_LAYER_ASSIGNMENT (  '', '', ( #2790 ) ) ;
#5154 = CARTESIAN_POINT ( 'NONE',  ( -0.3724756048954960264, 1.034999999999999476, 1.045491749235682333 ) ) ;
#5155 = EDGE_LOOP ( 'NONE', ( #164, #3551, #2494, #1051 ) ) ;
#5156 = CARTESIAN_POINT ( 'NONE',  ( -0.8264723557692307265, 1.024999999999999911, 1.433293269230769384 ) ) ;
#5157 = CARTESIAN_POINT ( 'NONE',  ( 0.3273737980769230727, 1.024999999999999911, 1.433293269230769384 ) ) ;
#5158 = PRESENTATION_LAYER_ASSIGNMENT (  '', '', ( #4267 ) ) ;
#5159 =( LENGTH_UNIT ( ) NAMED_UNIT ( * ) SI_UNIT ( .MILLI., .METRE. ) );
#5160 = FILL_AREA_STYLE_COLOUR ( '', #4058 ) ;
#5161 = EDGE_LOOP ( 'NONE', ( #2939, #6411, #4602, #3003 ) ) ;
#5162 = CARTESIAN_POINT ( 'NONE',  ( 0.7976761205744642425, 1.024999999999999911, 0.9356435630111532564 ) ) ;
#5163 = CARTESIAN_POINT ( 'NONE',  ( 0.7430206277123668768, 1.024999999999999023, 1.113162156003707715 ) ) ;
#5164 = VECTOR ( 'NONE', #6185, 1000.000000000000000 ) ;
#5165 = CARTESIAN_POINT ( 'NONE',  ( -0.7595361534264861714, 1.034999999999999920, -0.002815824034507942268 ) ) ;
#5166 = VERTEX_POINT ( 'NONE', #3591 ) ;
#5167 = FILL_AREA_STYLE ('',( #4588 ) ) ;
#5168 = CARTESIAN_POINT ( 'NONE',  ( -0.5990718725262587085, 1.024999999999999689, 1.172529277259950931 ) ) ;
#5169 = VECTOR ( 'NONE', #5320, 1000.000000000000000 ) ;
#5170 = VERTEX_POINT ( 'NONE', #2623 ) ;
#5171 = FACE_OUTER_BOUND ( 'NONE', #1675, .T. ) ;
#5172 = PRESENTATION_STYLE_ASSIGNMENT (( #5994 ) ) ;
#5173 = CARTESIAN_POINT ( 'NONE',  ( 0.5834248380300282033, 1.024999999999999911, 1.270071547984030103 ) ) ;
#5174 = CARTESIAN_POINT ( 'NONE',  ( 0.5107572115384620970, 1.025000000000000133, -0.02223557692307692041 ) ) ;
#5175 = CARTESIAN_POINT ( 'NONE',  ( -0.6720982898951269879, 1.035000000000000142, 1.234212003388963197 ) ) ;
#5176 = CARTESIAN_POINT ( 'NONE',  ( -0.1043395853067812518, 1.035000000000000142, 0.7631169127271658637 ) ) ;
#5177 = COLOUR_RGB ( '',0.7921568627450980005, 0.8196078431372548767, 0.9333333333333333481 ) ;
#5178 = ORIENTED_EDGE ( 'NONE', *, *, #1828, .F. ) ;
#5179 = EDGE_LOOP ( 'NONE', ( #1371, #6143, #833, #4325, #6417, #363, #2631, #5630 ) ) ;
#5180 = B_SPLINE_CURVE_WITH_KNOTS ( 'NONE', 3,
 ( #4949, #2449, #3386, #1910, #884, #3924, #4970, #1873, #404, #337, #6434, #2870, #2898, #6407, #3896 ),
 .UNSPECIFIED., .F., .F.,
 ( 4, 1, 1, 1, 1, 1, 1, 1, 1, 1, 1, 1, 4 ),
 ( 0.000000000000000000, 0.1318370034776482902, 0.2654279718549516498, 0.3981764695722172509, 0.5276235755538550842, 0.5908330824838330386, 0.6531078999939821106, 0.7143051940854342474, 0.7745186265763558398, 0.8332069383880363889, 0.8902383150910625487, 0.9457341290753531471, 1.000000000000000000 ),
 .UNSPECIFIED. ) ;
#5181 = EDGE_CURVE ( 'NONE', #137, #3641, #1384, .T. ) ;
#5182 = SURFACE_STYLE_FILL_AREA ( #4728 ) ;
#5183 = CARTESIAN_POINT ( 'NONE',  ( 0.4383311012913728155, 1.034999999999999920, 0.9028740862858286587 ) ) ;
#5184 = CARTESIAN_POINT ( 'NONE',  ( 0.2207530436513871208, 1.034999999999999920, 0.9356435630111534785 ) ) ;
#5185 = CARTESIAN_POINT ( 'NONE',  ( -0.4826368000288684401, 1.034999999999999920, 1.192704292644374497 ) ) ;
#5186 = VERTEX_POINT ( 'NONE', #1574 ) ;
#5187 = CARTESIAN_POINT ( 'NONE',  ( -0.4969438633981932418, 1.024999999999999911, 0.1457252904592511167 ) ) ;
#5188 = CARTESIAN_POINT ( 'NONE',  ( 0.3647235576923080758, 1.024999999999999689, -1.085036057692307709 ) ) ;
#5189 = CARTESIAN_POINT ( 'NONE',  ( 0.6369730754219823377, 1.034999999999999920, -0.3053373295392651787 ) ) ;
#5190 = ADVANCED_FACE ( 'NONE', ( #5087 ), #2572, .T. ) ;
#5191 = CARTESIAN_POINT ( 'NONE',  ( 0.4720439151442943904, 1.024999999999999467, 0.8636569804084177626 ) ) ;
#5192 = CARTESIAN_POINT ( 'NONE',  ( 0.7360489443332798309, 1.025000000000000355, 0.8091909101105900781 ) ) ;
#5193 = MECHANICAL_DESIGN_GEOMETRIC_PRESENTATION_REPRESENTATION (  '', ( #1114 ), #5409 ) ;
#5194 = ORIENTED_EDGE ( 'NONE', *, *, #3428, .T. ) ;
#5195 = DIRECTION ( 'NONE',  ( -0.09950371902099879040, 0.000000000000000000, 0.9950371902099891530 ) ) ;
#5196 = CARTESIAN_POINT ( 'NONE',  ( 0.8043269230769236611, 1.034999999999999920, -0.4615384615384615641 ) ) ;
#5197 = CARTESIAN_POINT ( 'NONE',  ( 0.3606811036798523440, 1.024999999999999467, -1.077826688113032949 ) ) ;
#5198 = CARTESIAN_POINT ( 'NONE',  ( -0.6896756836715141059, 1.034999999999999920, 1.248891001546740709 ) ) ;
#5199 = CARTESIAN_POINT ( 'NONE',  ( 0.6339091276536564790, 1.025000000000000133, 1.226931528156839590 ) ) ;
#5200 = CARTESIAN_POINT ( 'NONE',  ( -0.6770680935031819780, 1.024999999999999467, 1.360971408330850840 ) ) ;
#5201 = CARTESIAN_POINT ( 'NONE',  ( 0.5928747511549730120, 1.034999999999999698, 0.7504378068874770769 ) ) ;
#5202 = CARTESIAN_POINT ( 'NONE',  ( 0.2175408176881483413, 1.035000000000000142, 0.9148849069587258187 ) ) ;
#5203 = CARTESIAN_POINT ( 'NONE',  ( 0.3345879600521213804, 1.024999999999999911, 0.9132441222960760996 ) ) ;
#5204 = CARTESIAN_POINT ( 'NONE',  ( -0.3169546318886115599, 1.034999999999999920, 0.3457911310544520833 ) ) ;
#5205 = CARTESIAN_POINT ( 'NONE',  ( 0.3999451352814074045, 1.024999999999999911, -0.8413258239733425459 ) ) ;
#5206 = CARTESIAN_POINT ( 'NONE',  ( 0.7616677374667714107, 1.034999999999999920, -0.4187544018592314066 ) ) ;
#5207 =( LENGTH_UNIT ( ) NAMED_UNIT ( * ) SI_UNIT ( .MILLI., .METRE. ) );
#5208 = EDGE_CURVE ( 'NONE', #3412, #3075, #377, .T. ) ;
#5209 = CARTESIAN_POINT ( 'NONE',  ( 0.5798702866813263412, 1.034999999999999698, 0.8368940373264448507 ) ) ;
#5210 = CARTESIAN_POINT ( 'NONE',  ( 0.3416981596097826701, 1.024999999999999911, -1.099075049680693139 ) ) ;
#5211 = ORIENTED_EDGE ( 'NONE', *, *, #5550, .T. ) ;
#5212 = DIRECTION ( 'NONE',  ( 0.9950371902099891530, 0.000000000000000000, 0.09950371902099879040 ) ) ;
#5213 = CARTESIAN_POINT ( 'NONE',  ( -0.4516463204215797611, 1.034999999999999698, 0.7831533228634257604 ) ) ;
#5214 = SURFACE_STYLE_USAGE ( .BOTH. , #709 ) ;
#5215 = CARTESIAN_POINT ( 'NONE',  ( -0.5604149365682948858, 1.034999999999999920, -0.3101462130629180081 ) ) ;
#5216 = STYLED_ITEM ( 'NONE', ( #3917 ), #713 ) ;
#5217 = CARTESIAN_POINT ( 'NONE',  ( -0.6253130222748592981, 1.024999999999999911, 1.195738238068861925 ) ) ;
#5218 = CARTESIAN_POINT ( 'NONE',  ( 0.4947857505198550165, 1.025000000000000577, 0.8502074897336966419 ) ) ;
#5219 = CARTESIAN_POINT ( 'NONE',  ( -0.2423351168709556303, 1.024999999999999911, 0.9132441222960763216 ) ) ;
#5220 = ORIENTED_EDGE ( 'NONE', *, *, #2966, .F. ) ;
#5221 = ORIENTED_EDGE ( 'NONE', *, *, #519, .T. ) ;
#5222 =( NAMED_UNIT ( * ) PLANE_ANGLE_UNIT ( ) SI_UNIT ( $, .RADIAN. ) );
#5223 = EDGE_CURVE ( 'NONE', #4511, #1870, #4799, .T. ) ;
#5224 = B_SPLINE_CURVE_WITH_KNOTS ( 'NONE', 3,
 ( #1949, #2942, #941, #922, #4477, #4991, #4454, #1420, #1443, #3937, #1928, #5962, #5474, #2444, #6475, #441, #1826 ),
 .UNSPECIFIED., .F., .F.,
 ( 4, 1, 1, 1, 1, 1, 1, 1, 1, 1, 1, 1, 1, 1, 4 ),
 ( 0.000000000000000000, 0.03823400782736947889, 0.07717573414553512146, 0.1170349461603469726, 0.1576552057782703575, 0.2411027273318871178, 0.3263483256620565709, 0.4139312541954155433, 0.5030804128686517940, 0.5926037346473302936, 0.6805751152739308862, 0.7664029669045011595, 0.8492810361086622351, 0.9279093386235662821, 1.000000000000000000 ),
 .UNSPECIFIED. ) ;
#5225 = CARTESIAN_POINT ( 'NONE',  ( 0.7830146141232979806, 1.034999999999999920, 0.8759254739018295099 ) ) ;
#5226 =( NAMED_UNIT ( * ) PLANE_ANGLE_UNIT ( ) SI_UNIT ( $, .RADIAN. ) );
#5227 = VERTEX_POINT ( 'NONE', #6271 ) ;
#5228 = CARTESIAN_POINT ( 'NONE',  ( 0.6918228383741951149, 1.025000000000000133, 1.010118407490751880 ) ) ;
#5229 = VERTEX_POINT ( 'NONE', #6218 ) ;
#5230 = CARTESIAN_POINT ( 'NONE',  ( -0.3927084994808447416, 1.024999999999999467, 0.1873888445340720077 ) ) ;
#5231 = CARTESIAN_POINT ( 'NONE',  ( -1.499999999999996891, 1.034999999999999920, -1.550000000000000711 ) ) ;
#5232 = CARTESIAN_POINT ( 'NONE',  ( 0.6619532218267274448, 1.034999999999999698, -0.3271492266832871088 ) ) ;
#5233 = CARTESIAN_POINT ( 'NONE',  ( -0.7849999999999999201, -1.024999999999999911, 1.625000000000000000 ) ) ;
#5234 = CARTESIAN_POINT ( 'NONE',  ( -0.01171875000000011796, 1.034999999999999920, 0.8365384615384620082 ) ) ;
#5235 = DIRECTION ( 'NONE',  ( -0.9950371902099890420, 0.000000000000000000, -0.09950371902099883203 ) ) ;
#5236 = CARTESIAN_POINT ( 'NONE',  ( 0.2601562500000004219, 1.024999999999999911, -1.115384615384615419 ) ) ;
#5237 = PRESENTATION_LAYER_ASSIGNMENT (  '', '', ( #296 ) ) ;
#5238 = CARTESIAN_POINT ( 'NONE',  ( 0.01595167423189602571, 1.034999999999999920, 0.7504378068874776320 ) ) ;
#5239 = ORIENTED_EDGE ( 'NONE', *, *, #4156, .F. ) ;
#5240 = CARTESIAN_POINT ( 'NONE',  ( 0.3635385003409744020, 1.024999999999999911, -1.082922609674822123 ) ) ;
#5241 = CARTESIAN_POINT ( 'NONE',  ( 0.5652043269230768718, 1.034999999999999920, 0.8365384615384617861 ) ) ;
#5242 = CARTESIAN_POINT ( 'NONE',  ( -0.5909971491421553980, 1.024999999999999911, -0.1441871441899060247 ) ) ;
#5243 = VERTEX_POINT ( 'NONE', #3760 ) ;
#5244 = VECTOR ( 'NONE', #1603, 1000.000000000000000 ) ;
#5245 = VERTEX_POINT ( 'NONE', #2692 ) ;
#5246 = ORIENTED_EDGE ( 'NONE', *, *, #5853, .T. ) ;
#5247 = CARTESIAN_POINT ( 'NONE',  ( 0.5759803543715629193, 1.034999999999999920, 0.7501485095022860650 ) ) ;
#5248 = ORIENTED_EDGE ( 'NONE', *, *, #3493, .F. ) ;
#5249 = STYLED_ITEM ( 'NONE', ( #214 ), #5257 ) ;
#5250 =( GEOMETRIC_REPRESENTATION_CONTEXT ( 3 ) GLOBAL_UNCERTAINTY_ASSIGNED_CONTEXT ( ( #1437 ) ) GLOBAL_UNIT_ASSIGNED_CONTEXT ( ( #113, #5103, #4636 ) ) REPRESENTATION_CONTEXT ( 'NONE', 'WORKASPACE' ) );
#5251 = SURFACE_SIDE_STYLE ('',( #111 ) ) ;
#5252 = VERTEX_POINT ( 'NONE', #5300 ) ;
#5253 = CARTESIAN_POINT ( 'NONE',  ( -0.07081068470351595256, 1.034999999999999920, 0.3014995578893299166 ) ) ;
#5254 = CARTESIAN_POINT ( 'NONE',  ( -0.5923076923076919797, 1.035000000000000142, -0.09104567307692308653 ) ) ;
#5255 = SURFACE_STYLE_FILL_AREA ( #1247 ) ;
#5256 = VERTEX_POINT ( 'NONE', #1739 ) ;
#5257 = ADVANCED_FACE ( 'NONE', ( #4078 ), #5709, .F. ) ;
#5258 = CARTESIAN_POINT ( 'NONE',  ( 0.4468931764755779690, 1.034999999999999920, 1.395641797569606934 ) ) ;
#5259 = CARTESIAN_POINT ( 'NONE',  ( 0.09605909117721764257, 1.035000000000000142, 0.8804506858141281089 ) ) ;
#5260 = CARTESIAN_POINT ( 'NONE',  ( 0.5009169445973420398, 1.035000000000000142, -1.132838265016181678 ) ) ;
#5261 = EDGE_CURVE ( 'NONE', #6312, #1379, #3282, .T. ) ;
#5262 = SURFACE_STYLE_FILL_AREA ( #215 ) ;
#5263 = COLOUR_RGB ( '',0.6470588235294117974, 0.5176470588235293491, 0.000000000000000000 ) ;
#5264 = CARTESIAN_POINT ( 'NONE',  ( -0.7653846153846149969, 1.024999999999999911, -0.09855769230769234612 ) ) ;
#5265 = CARTESIAN_POINT ( 'NONE',  ( -0.5938550817833943007, 1.034999999999999698, 0.8366581879303759406 ) ) ;
#5266 = CARTESIAN_POINT ( 'NONE',  ( -0.4796274038461533773, 1.034999999999999920, -0.5255408653846154188 ) ) ;
#5267 = CARTESIAN_POINT ( 'NONE',  ( -0.5349638473838986830, 1.024999999999999689, 1.111914594161550918 ) ) ;
#5268 = CARTESIAN_POINT ( 'NONE',  ( 0.3256516634535224775, 1.034999999999999698, 1.438671195898516331 ) ) ;
#5269 = CARTESIAN_POINT ( 'NONE',  ( -0.2308589069795600468, 1.035000000000000586, 0.3394991525899668239 ) ) ;
#5270 = VECTOR ( 'NONE', #1240, 1000.000000000000000 ) ;
#5271 = LINE ( 'NONE', #4523, #2739 ) ;
#5272 = CARTESIAN_POINT ( 'NONE',  ( 0.8495653819259344486, 1.024999999999999689, -0.4017540928939037359 ) ) ;
#5273 = B_SPLINE_CURVE_WITH_KNOTS ( 'NONE', 3,
 ( #262, #399, #6382, #1324, #809, #5407, #2401 ),
 .UNSPECIFIED., .F., .F.,
 ( 4, 1, 1, 1, 4 ),
 ( 0.000000000000000000, 0.2801255546166575572, 0.5241588868393993739, 0.7586449302000993766, 1.000000000000000000 ),
 .UNSPECIFIED. ) ;
#5274 = EDGE_CURVE ( 'NONE', #6256, #662, #3584, .T. ) ;
#5275 = ORIENTED_EDGE ( 'NONE', *, *, #2857, .T. ) ;
#5276 =( NAMED_UNIT ( * ) PLANE_ANGLE_UNIT ( ) SI_UNIT ( $, .RADIAN. ) );
#5277 = PRESENTATION_STYLE_ASSIGNMENT (( #5053 ) ) ;
#5278 = CARTESIAN_POINT ( 'NONE',  ( 0.3025240384615390798, 1.034999999999999920, -0.7884615384615384359 ) ) ;
#5279 = CARTESIAN_POINT ( 'NONE',  ( -0.4848726345497612611, 1.024999999999999911, -0.8210339849193231121 ) ) ;
#5280 = CARTESIAN_POINT ( 'NONE',  ( 0.1249999999999998890, 1.024999999999999911, 0.9579326923076927347 ) ) ;
#5281 = CARTESIAN_POINT ( 'NONE',  ( -0.5736950307298518403, 1.034999999999999920, -0.2539866503397323894 ) ) ;
#5282 = CARTESIAN_POINT ( 'NONE',  ( 0.2507567214230724262, 1.034999999999999920, -0.8015831361758598561 ) ) ;
#5283 = CARTESIAN_POINT ( 'NONE',  ( -0.7849999999999999201, -1.025000000000000577, -1.574999999999999734 ) ) ;
#5284 = CARTESIAN_POINT ( 'NONE',  ( -0.4848726345497612611, 1.035000000000000142, -0.8210339849193231121 ) ) ;
#5285 = STYLED_ITEM ( 'NONE', ( #1687 ), #3782 ) ;
#5286 = CARTESIAN_POINT ( 'NONE',  ( 0.7705333753552847664, 1.025000000000000133, -0.2472424698005582233 ) ) ;
#5287 = CARTESIAN_POINT ( 'NONE',  ( 0.2601562500000004219, 1.024999999999999689, -1.115384615384615419 ) ) ;
#5288 = CARTESIAN_POINT ( 'NONE',  ( -0.7654117154578047311, 1.034999999999999920, -0.1138913059815343520 ) ) ;
#5289 = CARTESIAN_POINT ( 'NONE',  ( -0.5938550817833943007, 1.024999999999999689, 0.8366581879303759406 ) ) ;
#5290 = CARTESIAN_POINT ( 'NONE',  ( -0.01818546753848115580, 1.035000000000000142, 0.7501776304870999557 ) ) ;
#5291 = CARTESIAN_POINT ( 'NONE',  ( 0.2009946833897158780, 1.024999999999999689, 0.1830551119440699814 ) ) ;
#5292 = PRESENTATION_LAYER_ASSIGNMENT (  '', '', ( #81 ) ) ;
#5293 = ADVANCED_FACE ( 'NONE', ( #5445 ), #2529, .T. ) ;
#5294 = CARTESIAN_POINT ( 'NONE',  ( -0.5778657994745910464, 1.025000000000000133, 0.7501485095022862870 ) ) ;
#5295 = CARTESIAN_POINT ( 'NONE',  ( 0.01307091346153835265, 1.034999999999999920, 1.264723557692308153 ) ) ;
#5296 =( GEOMETRIC_REPRESENTATION_CONTEXT ( 3 ) GLOBAL_UNCERTAINTY_ASSIGNED_CONTEXT ( ( #3518 ) ) GLOBAL_UNIT_ASSIGNED_CONTEXT ( ( #4794, #796, #1786 ) ) REPRESENTATION_CONTEXT ( 'NONE', 'WORKASPACE' ) );
#5297 = CARTESIAN_POINT ( 'NONE',  ( -0.5951085444615579201, 1.024999999999999911, 0.7501776304870996226 ) ) ;
#5298 = FILL_AREA_STYLE_COLOUR ( '', #2744 ) ;
#5299 = CARTESIAN_POINT ( 'NONE',  ( 0.2669692883178034215, 1.024999999999999911, -1.269100579367465675 ) ) ;
#5300 = CARTESIAN_POINT ( 'NONE',  ( -0.2596153846153847478, 1.034999999999999920, 1.500000000000000444 ) ) ;
#5301 = DIRECTION ( 'NONE',  ( 2.644395542647578669E-16, -1.000000000000000000, 0.000000000000000000 ) ) ;
#5302 = ORIENTED_EDGE ( 'NONE', *, *, #1286, .T. ) ;
#5303 = CARTESIAN_POINT ( 'NONE',  ( -0.1709775200025005493, 1.024999999999999911, 1.304503635857037436 ) ) ;
#5304 = EDGE_CURVE ( 'NONE', #2012, #107, #6448, .T. ) ;
#5305 = CARTESIAN_POINT ( 'NONE',  ( 0.4160778691295344833, 1.024999999999999689, -0.8630590810234309851 ) ) ;
#5306 = CARTESIAN_POINT ( 'NONE',  ( 0.6407202261418077915, 1.034999999999999698, 0.7580082180372670342 ) ) ;
#5307 = CARTESIAN_POINT ( 'NONE',  ( -0.01171875000000011796, 1.034999999999999920, 0.8365384615384620082 ) ) ;
#5308 = ORIENTED_EDGE ( 'NONE', *, *, #774, .T. ) ;
#5309 = CARTESIAN_POINT ( 'NONE',  ( 0.1430149535067584410, 1.024999999999999911, 0.7952156366747701322 ) ) ;
#5310 = CARTESIAN_POINT ( 'NONE',  ( -0.6594614132106191295, 1.034999999999999920, 0.7572851291288785758 ) ) ;
#5311 = AXIS2_PLACEMENT_3D ( 'NONE', #3457, #5546, #5528 ) ;
#5312 = CARTESIAN_POINT ( 'NONE',  ( 0.5497883491926220945, 1.024999999999999689, 0.8368925012777318484 ) ) ;
#5313 = CARTESIAN_POINT ( 'NONE',  ( -0.2826914959039315556, 1.024999999999999467, 0.3450574798705117741 ) ) ;
#5314 = EDGE_CURVE ( 'NONE', #1502, #5765, #326, .T. ) ;
#5315 = CARTESIAN_POINT ( 'NONE',  ( -0.7613719684852172653, 1.034999999999999920, -0.1911989109514751206 ) ) ;
#5316 = EDGE_CURVE ( 'NONE', #527, #5479, #3357, .T. ) ;
#5317 = B_SPLINE_CURVE_WITH_KNOTS ( 'NONE', 3,
 ( #4633, #50, #4098, #1008, #570, #3573, #4547, #6052, #1517, #70, #3510, #5061, #4081, #4117, #4604, #4060, #3092, #6119, #3546 ),
 .UNSPECIFIED., .F., .F.,
 ( 4, 1, 1, 1, 1, 1, 1, 1, 1, 1, 1, 1, 1, 1, 1, 1, 4 ),
 ( 0.000000000000000000, 0.07069648334337649831, 0.1383582132030685141, 0.2033698682591697782, 0.2657002133402298072, 0.3272558681973764538, 0.3865123433292943500, 0.4458582974819495504, 0.5051731438069390068, 0.5637797628070204681, 0.6223430642934396628, 0.6808235796100192694, 0.7397951568104399467, 0.8008011629883833304, 0.8642394615769080080, 0.9306310981734532417, 0.9999999999999998890 ),
 .UNSPECIFIED. ) ;
#5318 = CARTESIAN_POINT ( 'NONE',  ( 0.4767780603429721542, 1.034999999999999920, 1.360971408330850618 ) ) ;
#5319 = CARTESIAN_POINT ( 'NONE',  ( 0.1817883925536819545, 1.024999999999999689, 1.090131206510949413 ) ) ;
#5320 = DIRECTION ( 'NONE',  ( -1.000000000000000000, -0.000000000000000000, -0.000000000000000000 ) ) ;
#5321 = CARTESIAN_POINT ( 'NONE',  ( -0.1266930835313141712, 1.034999999999999920, -0.9446960006424259815 ) ) ;
#5322 = CARTESIAN_POINT ( 'NONE',  ( -0.7849999999999999201, -1.025000000000000577, 1.574999999999999956 ) ) ;
#5323 = ORIENTED_EDGE ( 'NONE', *, *, #3043, .T. ) ;
#5324 =( GEOMETRIC_REPRESENTATION_CONTEXT ( 3 ) GLOBAL_UNCERTAINTY_ASSIGNED_CONTEXT ( ( #4635 ) ) GLOBAL_UNIT_ASSIGNED_CONTEXT ( ( #3522, #2584, #2036 ) ) REPRESENTATION_CONTEXT ( 'NONE', 'WORKASPACE' ) );
#5325 = CARTESIAN_POINT ( 'NONE',  ( 0.3929687500000005329, 1.034999999999999920, -0.8335336538461538547 ) ) ;
#5326 = CARTESIAN_POINT ( 'NONE',  ( -0.5886418269230768718, 1.034999999999999920, 0.8365384615384617861 ) ) ;
#5327 = CARTESIAN_POINT ( 'NONE',  ( -0.2512714134695545054, 1.024999999999999911, 1.438671195898516997 ) ) ;
#5328 = DIRECTION ( 'NONE',  ( -1.000000000000000000, -0.000000000000000000, 0.000000000000000000 ) ) ;
#5329 = VERTEX_POINT ( 'NONE', #958 ) ;
#5330 = FILL_AREA_STYLE_COLOUR ( '', #4402 ) ;
#5331 = CARTESIAN_POINT ( 'NONE',  ( -0.8269230769230769829, 1.034999999999999920, 0.9615384615384617861 ) ) ;
#5332 = VERTEX_POINT ( 'NONE', #4968 ) ;
#5333 = CARTESIAN_POINT ( 'NONE',  ( -0.2267620149864838508, 1.035000000000000142, 1.380799805016254878 ) ) ;
#5334 = VECTOR ( 'NONE', #3579, 1000.000000000000114 ) ;
#5335 = DIRECTION ( 'NONE',  ( -1.000000000000000000, 0.000000000000000000, 0.000000000000000000 ) ) ;
#5336 = CARTESIAN_POINT ( 'NONE',  ( -0.1247728563804208352, 1.024999999999999467, 0.3173738862081202372 ) ) ;
#5337 = VECTOR ( 'NONE', #1381, 1000.000000000000000 ) ;
#5338 = ORIENTED_EDGE ( 'NONE', *, *, #5223, .F. ) ;
#5339 =( GEOMETRIC_REPRESENTATION_CONTEXT ( 3 ) GLOBAL_UNCERTAINTY_ASSIGNED_CONTEXT ( ( #6072 ) ) GLOBAL_UNIT_ASSIGNED_CONTEXT ( ( #180, #2721, #3226 ) ) REPRESENTATION_CONTEXT ( 'NONE', 'WORKASPACE' ) );
#5340 = CARTESIAN_POINT ( 'NONE',  ( -0.7209575719071996680, 1.025000000000000133, 0.9148738954979116489 ) ) ;
#5341 = ORIENTED_EDGE ( 'NONE', *, *, #699, .F. ) ;
#5342 = CIRCLE ( 'NONE', #5041, 0.04999999999999991257 ) ;
#5343 = LINE ( 'NONE', #5746, #2726 ) ;
#5344 = CARTESIAN_POINT ( 'NONE',  ( 0.1369608420716999231, 1.034999999999999698, 1.149153048603420046 ) ) ;
#5345 = SURFACE_SIDE_STYLE ('',( #2664 ) ) ;
#5346 = VERTEX_POINT ( 'NONE', #422 ) ;
#5347 = FILL_AREA_STYLE_COLOUR ( '', #2508 ) ;
#5348 = UNCERTAINTY_MEASURE_WITH_UNIT (LENGTH_MEASURE( 1.000000000000000082E-05 ), #324, 'distance_accuracy_value', 'NONE');
#5349 = VECTOR ( 'NONE', #4413, 1000.000000000000000 ) ;
#5350 = CARTESIAN_POINT ( 'NONE',  ( -0.7594458231531187042, 1.024999999999999911, 1.317561331180454154 ) ) ;
#5351 = CARTESIAN_POINT ( 'NONE',  ( -0.06957470751496550032, 1.024999999999999689, 0.8451883045114930715 ) ) ;
#5352 = CARTESIAN_POINT ( 'NONE',  ( -0.1917685378852437006, 1.035000000000000142, -0.8908502233264575798 ) ) ;
#5353 = CARTESIAN_POINT ( 'NONE',  ( -0.07662259615384627021, 1.024999999999999911, 1.219501201923077538 ) ) ;
#5354 = CARTESIAN_POINT ( 'NONE',  ( 0.8076923076923079314, 1.024999999999999911, 1.500000000000000000 ) ) ;
#5355 = CARTESIAN_POINT ( 'NONE',  ( -0.3338942307692303046, 1.024999999999999911, 0.3461538461538462563 ) ) ;
#5356 = CARTESIAN_POINT ( 'NONE',  ( 0.3951000138174065035, 1.024999999999999911, -0.8359141373746954429 ) ) ;
#5357 = EDGE_CURVE ( 'NONE', #4451, #3144, #6278, .T. ) ;
#5358 = SURFACE_STYLE_FILL_AREA ( #242 ) ;
#5359 = CARTESIAN_POINT ( 'NONE',  ( -0.7439828851384415742, 1.024999999999999911, -0.3009824786210819614 ) ) ;
#5360 = CARTESIAN_POINT ( 'NONE',  ( -0.1290136337559121549, 1.034999999999999920, 1.263398958623645596 ) ) ;
#5361 = CARTESIAN_POINT ( 'NONE',  ( 0.6125160628963287612, 1.034999999999999920, 1.245493178173427085 ) ) ;
#5362 = CARTESIAN_POINT ( 'NONE',  ( 0.7430206277123668768, 1.024999999999999467, 1.113162156003707715 ) ) ;
#5363 = VERTEX_POINT ( 'NONE', #943 ) ;
#5364 = CARTESIAN_POINT ( 'NONE',  ( 0.6493710974169384365, 1.024999999999999467, 1.078940445635439893 ) ) ;
#5365 = B_SPLINE_CURVE_WITH_KNOTS ( 'NONE', 3,
 ( #3164, #4868, #5217, #4757, #825, #2705, #5267, #6159, #695, #5381, #4217, #162, #2161, #3671, #1192, #3841, #4170, #1220, #1151 ),
 .UNSPECIFIED., .F., .F.,
 ( 4, 1, 1, 1, 1, 1, 1, 1, 1, 1, 1, 1, 1, 1, 1, 1, 4 ),
 ( 0.000000000000000000, 0.1114096600426612849, 0.2145263672558016255, 0.3094172254458341653, 0.3960871907990313745, 0.4742842164262462412, 0.5443738816396979097, 0.6064195628105362168, 0.6605816023749734311, 0.7097938180647576090, 0.7564506485918284229, 0.8007673253039321315, 0.8431682879413345821, 0.8842948685500490180, 0.9238845020552842735, 0.9623587101392159227, 1.000000000000000000 ),
 .UNSPECIFIED. ) ;
#5366 = CARTESIAN_POINT ( 'NONE',  ( 0.4468931764755779690, 1.034999999999999920, 1.395641797569606934 ) ) ;
#5367 = CARTESIAN_POINT ( 'NONE',  ( 0.1944360828147558562, 1.024999999999999911, 1.067602144398379416 ) ) ;
#5368 = CARTESIAN_POINT ( 'NONE',  ( -0.7307692307692308376, 1.024999999999999911, 0.9711538461538463674 ) ) ;
#5369 = CARTESIAN_POINT ( 'NONE',  ( -0.09784746123551664454, 1.034999999999999920, -0.9666695307625216005 ) ) ;
#5370 = CARTESIAN_POINT ( 'NONE',  ( -0.1515877384849358411, 1.034999999999999920, 0.9414258259068329915 ) ) ;
#5371 = CARTESIAN_POINT ( 'NONE',  ( -0.3461538461538462008, 1.024999999999999911, 1.500000000000000222 ) ) ;
#5372 = CARTESIAN_POINT ( 'NONE',  ( -0.4707154316245898418, 1.035000000000000142, 0.7728591684128818251 ) ) ;
#5373 = SURFACE_SIDE_STYLE ('',( #4827 ) ) ;
#5374 = CARTESIAN_POINT ( 'NONE',  ( -0.3951346843693947508, 1.024999999999999689, 1.090131206510948969 ) ) ;
#5375 = CARTESIAN_POINT ( 'NONE',  ( -0.6464977844380425109, 1.035000000000000142, 0.8451883045114931825 ) ) ;
#5376 = CARTESIAN_POINT ( 'NONE',  ( -0.07117166630517686443, 1.034999999999999920, 0.1451154953134258796 ) ) ;
#5377 = SURFACE_STYLE_FILL_AREA ( #4277 ) ;
#5378 = FILL_AREA_STYLE_COLOUR ( '', #751 ) ;
#5379 = CARTESIAN_POINT ( 'NONE',  ( -0.5923076923076919797, 1.025000000000000133, -0.09104567307692308653 ) ) ;
#5380 = MECHANICAL_DESIGN_GEOMETRIC_PRESENTATION_REPRESENTATION (  '', ( #1042 ), #852 ) ;
#5381 = CARTESIAN_POINT ( 'NONE',  ( -0.4928470730519666221, 1.024999999999999689, 1.064245337337988540 ) ) ;
#5382 = PRODUCT_RELATED_PRODUCT_CATEGORY ( 'part', '', ( #4936 ) ) ;
#5383 = CARTESIAN_POINT ( 'NONE',  ( -0.4541756941978427053, 1.024999999999999911, 0.9333452975440974519 ) ) ;
#5384 = CARTESIAN_POINT ( 'NONE',  ( -0.1173514582644627630, 1.024999999999999911, 1.378555665817289499 ) ) ;
#5385 = CARTESIAN_POINT ( 'NONE',  ( -0.5865384615384614531, 1.024999999999999911, 0.7500000000000002220 ) ) ;
#5386 = ORIENTED_EDGE ( 'NONE', *, *, #4974, .F. ) ;
#5387 =( NAMED_UNIT ( * ) PLANE_ANGLE_UNIT ( ) SI_UNIT ( $, .RADIAN. ) );
#5388 = CARTESIAN_POINT ( 'NONE',  ( 0.07244802049386153686, 1.035000000000000142, 1.078940445635440781 ) ) ;
#5389 = CARTESIAN_POINT ( 'NONE',  ( -0.1320017023023945801, 1.035000000000000142, 0.8916546614439557761 ) ) ;
#5390 = SURFACE_STYLE_FILL_AREA ( #6184 ) ;
#5391 =( NAMED_UNIT ( * ) SI_UNIT ( $, .STERADIAN. ) SOLID_ANGLE_UNIT ( ) );
#5392 = CARTESIAN_POINT ( 'NONE',  ( -0.1533198614256517378, 1.034999999999999920, 0.9560362824859591768 ) ) ;
#5393 = DIRECTION ( 'NONE',  ( -0.000000000000000000, -1.000000000000000000, -0.000000000000000000 ) ) ;
#5394 =( NAMED_UNIT ( * ) PLANE_ANGLE_UNIT ( ) SI_UNIT ( $, .RADIAN. ) );
#5395 = EDGE_LOOP ( 'NONE', ( #2353, #2555, #2234, #4207 ) ) ;
#5396 = CARTESIAN_POINT ( 'NONE',  ( -0.3559759492377870815, 1.034999999999999920, 0.9644531001897752587 ) ) ;
#5397 = EDGE_LOOP ( 'NONE', ( #3290, #6250, #824, #4597 ) ) ;
#5398 = CARTESIAN_POINT ( 'NONE',  ( -0.3593822592349284473, 1.034999999999999476, 0.9148849069587252636 ) ) ;
#5399 = CARTESIAN_POINT ( 'NONE',  ( 0.7980769230769230171, 1.034999999999999920, 0.9570312500000002220 ) ) ;
#5400 = SURFACE_SIDE_STYLE ('',( #6504 ) ) ;
#5401 = EDGE_CURVE ( 'NONE', #2828, #2719, #4429, .T. ) ;
#5402 = CARTESIAN_POINT ( 'NONE',  ( 0.4479094431671649668, 1.025000000000000133, 1.263398958623645596 ) ) ;
#5403 = CARTESIAN_POINT ( 'NONE',  ( 0.6188823064622549497, 1.034999999999999920, 1.111914594161550918 ) ) ;
#5404 = CARTESIAN_POINT ( 'NONE',  ( 0.7976761205744642425, 1.034999999999999920, 0.9356435630111532564 ) ) ;
#5405 = ORIENTED_EDGE ( 'NONE', *, *, #3006, .T. ) ;
#5406 = CARTESIAN_POINT ( 'NONE',  ( 0.3269230769230769273, 1.024999999999999911, 0.9615384615384617861 ) ) ;
#5407 = CARTESIAN_POINT ( 'NONE',  ( 0.8495653819259344486, 1.034999999999999920, -0.4017540928939037359 ) ) ;
#5408 = ORIENTED_EDGE ( 'NONE', *, *, #5898, .F. ) ;
#5409 =( GEOMETRIC_REPRESENTATION_CONTEXT ( 3 ) GLOBAL_UNCERTAINTY_ASSIGNED_CONTEXT ( ( #3451 ) ) GLOBAL_UNIT_ASSIGNED_CONTEXT ( ( #5159, #5627, #1137 ) ) REPRESENTATION_CONTEXT ( 'NONE', 'WORKASPACE' ) );
#5410 = CARTESIAN_POINT ( 'NONE',  ( 0.09388689024133473060, 1.035000000000000142, 1.050369067633049713 ) ) ;
#5411 = ORIENTED_EDGE ( 'NONE', *, *, #2633, .F. ) ;
#5412 = ORIENTED_EDGE ( 'NONE', *, *, #5451, .F. ) ;
#5413 =( NAMED_UNIT ( * ) SI_UNIT ( $, .STERADIAN. ) SOLID_ANGLE_UNIT ( ) );
#5414 = CARTESIAN_POINT ( 'NONE',  ( -0.4339081234163183476, 1.024999999999999911, 0.7952156366747696881 ) ) ;
#5415 = ORIENTED_EDGE ( 'NONE', *, *, #1710, .F. ) ;
#5416 = SURFACE_SIDE_STYLE ('',( #205 ) ) ;
#5417 = CARTESIAN_POINT ( 'NONE',  ( 0.8495653819259344486, 1.024999999999999911, -0.4017540928939037359 ) ) ;
#5418 = CARTESIAN_POINT ( 'NONE',  ( -0.2596153846153847478, 1.034999999999999920, 1.500000000000000444 ) ) ;
#5419 = VERTEX_POINT ( 'NONE', #4457 ) ;
#5420 = VECTOR ( 'NONE', #1261, 1000.000000000000000 ) ;
#5421 = CARTESIAN_POINT ( 'NONE',  ( 0.5035675598360680461, 1.024999999999999689, -1.008896259176364385 ) ) ;
#5422 = LINE ( 'NONE', #4084, #37 ) ;
#5423 = FACE_BOUND ( 'NONE', #6446, .T. ) ;
#5424 = ORIENTED_EDGE ( 'NONE', *, *, #2260, .T. ) ;
#5425 = PRESENTATION_LAYER_ASSIGNMENT (  '', '', ( #5076 ) ) ;
#5426 = CARTESIAN_POINT ( 'NONE',  ( -0.08290435250120309352, 1.034999999999999920, 1.224482152663803225 ) ) ;
#5427 = VECTOR ( 'NONE', #3089, 1000.000000000000000 ) ;
#5428 = PRODUCT_CONTEXT ( 'NONE', #1877, 'mechanical' ) ;
#5429 = CARTESIAN_POINT ( 'NONE',  ( 0.5976651066058232820, 1.034999999999999920, 1.258173606474872086 ) ) ;
#5430 = FACE_OUTER_BOUND ( 'NONE', #5134, .T. ) ;
#5431 = PRESENTATION_STYLE_ASSIGNMENT (( #2382 ) ) ;
#5432 =( NAMED_UNIT ( * ) SI_UNIT ( $, .STERADIAN. ) SOLID_ANGLE_UNIT ( ) );
#5433 = STYLED_ITEM ( 'NONE', ( #5796 ), #1504 ) ;
#5434 = PRESENTATION_STYLE_ASSIGNMENT (( #5865 ) ) ;
#5435 = UNCERTAINTY_MEASURE_WITH_UNIT (LENGTH_MEASURE( 1.000000000000000082E-05 ), #3052, 'distance_accuracy_value', 'NONE');
#5436 = CARTESIAN_POINT ( 'NONE',  ( -0.5836790541168817015, 1.025000000000000133, 0.8366587838276424716 ) ) ;
#5437 = SURFACE_STYLE_FILL_AREA ( #4512 ) ;
#5438 = CARTESIAN_POINT ( 'NONE',  ( 0.4943847406355347252, 1.024999999999999911, 0.7572851291288786868 ) ) ;
#5439 = CARTESIAN_POINT ( 'NONE',  ( -0.7398370312623998579, 1.035000000000000142, 0.08450636470554295787 ) ) ;
#5440 = COLOUR_RGB ( '',1.000000000000000000, 1.000000000000000000, 1.000000000000000000 ) ;
#5441 = CARTESIAN_POINT ( 'NONE',  ( 1.500000000000003109, 1.034999999999999920, -1.650000000000001021 ) ) ;
#5442 = EDGE_CURVE ( 'NONE', #6121, #2154, #2305, .T. ) ;
#5443 = ORIENTED_EDGE ( 'NONE', *, *, #6430, .T. ) ;
#5444 = DIRECTION ( 'NONE',  ( -0.000000000000000000, -0.000000000000000000, -1.000000000000000000 ) ) ;
#5445 = FACE_OUTER_BOUND ( 'NONE', #487, .T. ) ;
#5446 = CARTESIAN_POINT ( 'NONE',  ( 0.8487085151183106912, 1.024999999999999911, -0.4154018049632465237 ) ) ;
#5447 = CARTESIAN_POINT ( 'NONE',  ( 0.5229012429291436392, 1.034999999999999920, -1.063179206688315004 ) ) ;
#5448 = STYLED_ITEM ( 'NONE', ( #2326 ), #256 ) ;
#5449 = CARTESIAN_POINT ( 'NONE',  ( -0.2409956791037242974, 1.024999999999999911, -0.8446252017695189407 ) ) ;
#5450 = DIRECTION ( 'NONE',  ( -1.000000000000000000, -1.106079984094548093E-13, 0.000000000000000000 ) ) ;
#5451 = EDGE_CURVE ( 'NONE', #107, #5186, #4961, .T. ) ;
#5452 = CARTESIAN_POINT ( 'NONE',  ( 0.3273737980769230727, 1.034999999999999920, 1.433293269230769384 ) ) ;
#5453 = CARTESIAN_POINT ( 'NONE',  ( 0.5787413002458381417, 1.034999999999999920, 1.150978442549882352 ) ) ;
#5454 = B_SPLINE_CURVE_WITH_KNOTS ( 'NONE', 3,
 ( #1542, #3511, #3978, #2959, #1975, #512, #6053 ),
 .UNSPECIFIED., .F., .F.,
 ( 4, 1, 1, 1, 4 ),
 ( 0.000000000000000000, 0.2526433275832365988, 0.5044398525799861366, 0.7504068042814558970, 1.000000000000000000 ),
 .UNSPECIFIED. ) ;
#5455 =( LENGTH_UNIT ( ) NAMED_UNIT ( * ) SI_UNIT ( .MILLI., .METRE. ) );
#5456 = CARTESIAN_POINT ( 'NONE',  ( -0.8264723557692307265, 1.034999999999999920, 1.433293269230769384 ) ) ;
#5457 = CARTESIAN_POINT ( 'NONE',  ( 0.2507567214230724262, 1.034999999999999920, -0.8015831361758598561 ) ) ;
#5458 = CARTESIAN_POINT ( 'NONE',  ( 0.04195922953917772397, 1.024999999999999911, 1.111914594161551140 ) ) ;
#5459 = CARTESIAN_POINT ( 'NONE',  ( -0.7307692307692308376, 1.034999999999999920, 0.9711538461538463674 ) ) ;
#5460 = CARTESIAN_POINT ( 'NONE',  ( -0.7439828851384415742, 1.025000000000000133, -0.3009824786210819614 ) ) ;
#5461 = CARTESIAN_POINT ( 'NONE',  ( -0.7069529773705758302, 1.034999999999999920, 1.395641797569606934 ) ) ;
#5462 = UNCERTAINTY_MEASURE_WITH_UNIT (LENGTH_MEASURE( 1.000000000000000082E-05 ), #1881, 'distance_accuracy_value', 'NONE');
#5463 = ORIENTED_EDGE ( 'NONE', *, *, #3676, .F. ) ;
#5464 = FILL_AREA_STYLE_COLOUR ( '', #2493 ) ;
#5465 = CARTESIAN_POINT ( 'NONE',  ( 0.7018186768974628009, 1.024999999999999911, 0.9537176434545547865 ) ) ;
#5466 =( NAMED_UNIT ( * ) PLANE_ANGLE_UNIT ( ) SI_UNIT ( $, .RADIAN. ) );
#5467 = MECHANICAL_DESIGN_GEOMETRIC_PRESENTATION_REPRESENTATION (  '', ( #1858 ), #5788 ) ;
#5468 = CARTESIAN_POINT ( 'NONE',  ( 0.4641704701746396378, 1.034999999999999476, 1.248891001546740487 ) ) ;
#5469 = EDGE_LOOP ( 'NONE', ( #4038, #4045, #4776, #3535 ) ) ;
#5470 = CARTESIAN_POINT ( 'NONE',  ( 0.2313020974749849246, 1.034999999999999032, -0.9172068903341110691 ) ) ;
#5471 =( NAMED_UNIT ( * ) PLANE_ANGLE_UNIT ( ) SI_UNIT ( $, .RADIAN. ) );
#5472 = COLOUR_RGB ( '',1.000000000000000000, 1.000000000000000000, 1.000000000000000000 ) ;
#5473 = CARTESIAN_POINT ( 'NONE',  ( -0.5633607858752271991, 1.024999999999999911, 0.2980271123610587769 ) ) ;
#5474 = CARTESIAN_POINT ( 'NONE',  ( 0.4148695579704183012, 1.034999999999999920, -0.1300981908182175240 ) ) ;
#5475 = CARTESIAN_POINT ( 'NONE',  ( 0.09388689024133473060, 1.025000000000000133, 1.050369067633049713 ) ) ;
#5476 = CARTESIAN_POINT ( 'NONE',  ( 0.2044474720275805402, 1.024999999999999467, 1.045491749235682555 ) ) ;
#5477 = EDGE_CURVE ( 'NONE', #2828, #1678, #2265, .T. ) ;
#5478 = CARTESIAN_POINT ( 'NONE',  ( 0.1863848271403546752, 1.025000000000000355, 0.8407290785386316578 ) ) ;
#5479 = VERTEX_POINT ( 'NONE', #3498 ) ;
#5480 = CARTESIAN_POINT ( 'NONE',  ( 0.5107572115384620970, 1.025000000000000133, -0.02223557692307692041 ) ) ;
#5481 = DIRECTION ( 'NONE',  ( -0.000000000000000000, -1.000000000000000000, -0.000000000000000000 ) ) ;
#5482 = APPLICATION_CONTEXT ( 'automotive_design' ) ;
#5483 = CARTESIAN_POINT ( 'NONE',  ( -0.08712521564218052295, 1.025000000000000133, -1.149688886720175551 ) ) ;
#5484 = CARTESIAN_POINT ( 'NONE',  ( -0.6531636197334607097, 1.035000000000000142, -0.5620760748862947409 ) ) ;
#5485 = VERTEX_POINT ( 'NONE', #1080 ) ;
#5486 =( NAMED_UNIT ( * ) PLANE_ANGLE_UNIT ( ) SI_UNIT ( $, .RADIAN. ) );
#5487 = CARTESIAN_POINT ( 'NONE',  ( 0.07755412557111047989, 1.034999999999999920, 0.8631895418681124754 ) ) ;
#5488 = CARTESIAN_POINT ( 'NONE',  ( -0.2490162095564817657, 1.025000000000000133, 0.9531584188986654826 ) ) ;
#5489 = B_SPLINE_CURVE_WITH_KNOTS ( 'NONE', 3,
 ( #4591, #619, #77, #1120, #4640, #3580, #5637, #1030, #4573, #6126, #5090 ),
 .UNSPECIFIED., .F., .F.,
 ( 4, 1, 1, 1, 1, 1, 1, 1, 4 ),
 ( 0.000000000000000000, 0.05996688937102766931, 0.1375423895636743443, 0.2335473283895458108, 0.3496849205474031330, 0.4844921385367325639, 0.6373968565921700469, 0.8096962512820716773, 1.000000000000000000 ),
 .UNSPECIFIED. ) ;
#5490 = VERTEX_POINT ( 'NONE', #3536 ) ;
#5491 = FACE_OUTER_BOUND ( 'NONE', #4913, .T. ) ;
#5492 = DIRECTION ( 'NONE',  ( -1.000000000000000000, 0.000000000000000000, -0.000000000000000000 ) ) ;
#5493 =( LENGTH_UNIT ( ) NAMED_UNIT ( * ) SI_UNIT ( .MILLI., .METRE. ) );
#5494 =( NAMED_UNIT ( * ) SI_UNIT ( $, .STERADIAN. ) SOLID_ANGLE_UNIT ( ) );
#5495 = VECTOR ( 'NONE', #3609, 1000.000000000000000 ) ;
#5496 = ORIENTED_EDGE ( 'NONE', *, *, #3717, .F. ) ;
#5497 = LINE ( 'NONE', #740, #3735 ) ;
#5498 = STYLED_ITEM ( 'NONE', ( #5573 ), #3704 ) ;
#5499 = VERTEX_POINT ( 'NONE', #523 ) ;
#5500 = SURFACE_STYLE_FILL_AREA ( #3508 ) ;
#5501 = DIRECTION ( 'NONE',  ( 0.000000000000000000, 0.000000000000000000, -1.000000000000000000 ) ) ;
#5502 = CARTESIAN_POINT ( 'NONE',  ( 0.6925913694554859390, 1.025000000000000133, 0.9106923435533436084 ) ) ;
#5503 = COLOUR_RGB ( '',0.4980392156862745168, 0.4980392156862745168, 0.4980392156862745168 ) ;
#5504 = CARTESIAN_POINT ( 'NONE',  ( 0.2060915372002209978, 1.024999999999999911, 0.8759254739018299540 ) ) ;
#5505 = CARTESIAN_POINT ( 'NONE',  ( 0.8382453916543842753, 1.035000000000000364, -0.3426942379960157825 ) ) ;
#5506 = FACE_OUTER_BOUND ( 'NONE', #1385, .T. ) ;
#5507 = LINE ( 'NONE', #2228, #592 ) ;
#5508 = LINE ( 'NONE', #4470, #5026 ) ;
#5509 = FACE_OUTER_BOUND ( 'NONE', #6361, .T. ) ;
#5510 =( GEOMETRIC_REPRESENTATION_CONTEXT ( 3 ) GLOBAL_UNCERTAINTY_ASSIGNED_CONTEXT ( ( #3252 ) ) GLOBAL_UNIT_ASSIGNED_CONTEXT ( ( #4795, #2740, #157 ) ) REPRESENTATION_CONTEXT ( 'NONE', 'WORKASPACE' ) );
#5511 = PRESENTATION_STYLE_ASSIGNMENT (( #3413 ) ) ;
#5512 = CARTESIAN_POINT ( 'NONE',  ( 0.6969651048187054387, 1.024999999999999689, 0.9216901571185674991 ) ) ;
#5513 = CARTESIAN_POINT ( 'NONE',  ( -0.7017214972734435730, 1.034999999999999920, 0.7708032052688807978 ) ) ;
#5514 = CARTESIAN_POINT ( 'NONE',  ( 0.3480931429538268729, 1.034999999999999476, -1.057696923497338348 ) ) ;
#5515 = PRESENTATION_STYLE_ASSIGNMENT (( #1121 ) ) ;
#5516 = CARTESIAN_POINT ( 'NONE',  ( -0.01171875000000011796, 1.024999999999999689, 0.8365384615384620082 ) ) ;
#5517 = PRESENTATION_LAYER_ASSIGNMENT (  '', '', ( #2370 ) ) ;
#5518 = DIRECTION ( 'NONE',  ( 1.000000000000000000, 0.000000000000000000, 0.000000000000000000 ) ) ;
#5519 = CARTESIAN_POINT ( 'NONE',  ( 0.6123197115384620970, 1.034999999999999920, -0.2848557692307692180 ) ) ;
#5520 = CARTESIAN_POINT ( 'NONE',  ( 0.3269230769230769273, 1.034999999999999920, 0.9615384615384617861 ) ) ;
#5521 = CARTESIAN_POINT ( 'NONE',  ( 0.1510073602894673184, 1.025000000000000133, 1.132741021815065752 ) ) ;
#5522 = CARTESIAN_POINT ( 'NONE',  ( 0.6918228383741951149, 1.035000000000000142, 1.010118407490751880 ) ) ;
#5523 =( LENGTH_UNIT ( ) NAMED_UNIT ( * ) SI_UNIT ( .MILLI., .METRE. ) );
#5524 = CARTESIAN_POINT ( 'NONE',  ( -0.2596153846153847478, 1.024999999999999911, 1.500000000000000444 ) ) ;
#5525 = EDGE_CURVE ( 'NONE', #1214, #1927, #1066, .T. ) ;
#5526 = CARTESIAN_POINT ( 'NONE',  ( 0.6729821681002947642, 1.025000000000000133, 0.8804506858141276648 ) ) ;
#5527 = CARTESIAN_POINT ( 'NONE',  ( 0.3501610619365932431, 1.035000000000000142, 1.380799805016254655 ) ) ;
#5528 = DIRECTION ( 'NONE',  ( 1.000000000000000000, 0.000000000000000000, -0.000000000000000000 ) ) ;
#5529 = SURFACE_SIDE_STYLE ('',( #5715 ) ) ;
#5530 = CARTESIAN_POINT ( 'NONE',  ( -0.1439618099055302580, 1.024999999999999911, 0.7800866347188734062 ) ) ;
#5531 = LINE ( 'NONE', #4585, #6211 ) ;
#5532 = PRESENTATION_LAYER_ASSIGNMENT (  '', '', ( #1923 ) ) ;
#5533 = CARTESIAN_POINT ( 'NONE',  ( -1.604999999999999982, -1.025000000000000577, -1.574999999999999734 ) ) ;
#5534 = CARTESIAN_POINT ( 'NONE',  ( 0.2153846153846159794, 1.034999999999999920, -0.8756009615384615641 ) ) ;
#5535 = FILL_AREA_STYLE ('',( #2070 ) ) ;
#5536 = LINE ( 'NONE', #3239, #1095 ) ;
#5537 = CARTESIAN_POINT ( 'NONE',  ( 0.6324642651280327765, 1.025000000000000133, 0.8499915930093840943 ) ) ;
#5538 = CARTESIAN_POINT ( 'NONE',  ( -0.009615384615384716532, 1.024999999999999911, 0.7500000000000004441 ) ) ;
#5539 = VERTEX_POINT ( 'NONE', #4046 ) ;
#5540 = CARTESIAN_POINT ( 'NONE',  ( -0.7155150525547808726, 1.024999999999999689, 0.9028740862858284366 ) ) ;
#5541 = COLOUR_RGB ( '',0.4980392156862745168, 0.4980392156862745168, 0.4980392156862745168 ) ;
#5542 = CARTESIAN_POINT ( 'NONE',  ( 0.7388950688223768770, 1.024999999999999689, -0.2139691438659765965 ) ) ;
#5543 = ORIENTED_EDGE ( 'NONE', *, *, #3081, .F. ) ;
#5544 = CARTESIAN_POINT ( 'NONE',  ( 0.7850000000000001421, -1.075000000000000178, 1.574999999999999956 ) ) ;
#5545 = CARTESIAN_POINT ( 'NONE',  ( -0.6594614132106191295, 1.024999999999999911, 0.7572851291288785758 ) ) ;
#5546 = DIRECTION ( 'NONE',  ( 0.000000000000000000, -0.000000000000000000, 1.000000000000000000 ) ) ;
#5547 = EDGE_LOOP ( 'NONE', ( #354, #3788, #1419, #6192 ) ) ;
#5548 = CARTESIAN_POINT ( 'NONE',  ( 0.1200420278956285391, 1.034999999999999698, 0.9216901571185678321 ) ) ;
#5549 = SURFACE_SIDE_STYLE ('',( #4145 ) ) ;
#5550 = EDGE_CURVE ( 'NONE', #5479, #3438, #1622, .T. ) ;
#5551 = CARTESIAN_POINT ( 'NONE',  ( 0.7616677374667714107, 1.024999999999999911, -0.4187544018592314066 ) ) ;
#5552 = ORIENTED_EDGE ( 'NONE', *, *, #5643, .T. ) ;
#5553 = ADVANCED_FACE ( 'NONE', ( #5815 ), #2596, .T. ) ;
#5554 = EDGE_LOOP ( 'NONE', ( #358, #1319, #4371, #6481 ) ) ;
#5555 = CARTESIAN_POINT ( 'NONE',  ( -0.5334125445265935905, 1.024999999999999467, 0.8449640240426656845 ) ) ;
#5556 = MECHANICAL_DESIGN_GEOMETRIC_PRESENTATION_REPRESENTATION (  '', ( #2598 ), #1793 ) ;
#5557 = CARTESIAN_POINT ( 'NONE',  ( 0.5701670997292723753, 1.024999999999999911, 0.8366587838276426936 ) ) ;
#5558 = CARTESIAN_POINT ( 'NONE',  ( 0.2209471276852897070, 1.024999999999999689, 0.9644531001897752587 ) ) ;
#5559 = ORIENTED_EDGE ( 'NONE', *, *, #4426, .F. ) ;
#5560 = CARTESIAN_POINT ( 'NONE',  ( -0.7307692307692308376, 1.034999999999999920, 0.9711538461538463674 ) ) ;
#5561 = EDGE_CURVE ( 'NONE', #6511, #5539, #4473, .T. ) ;
#5562 = ORIENTED_EDGE ( 'NONE', *, *, #2018, .T. ) ;
#5563 = ORIENTED_EDGE ( 'NONE', *, *, #4275, .F. ) ;
#5564 = CARTESIAN_POINT ( 'NONE',  ( 0.3731240515489665510, 1.034999999999999698, -0.8134077580378032968 ) ) ;
#5565 = FACE_OUTER_BOUND ( 'NONE', #5970, .T. ) ;
#5566 = CARTESIAN_POINT ( 'NONE',  ( -0.3724756048954960264, 1.024999999999999467, 1.045491749235682333 ) ) ;
#5567 = CARTESIAN_POINT ( 'NONE',  ( 0.7978702046083667732, 1.034999999999999920, 0.9644531001897752587 ) ) ;
#5568 = LINE ( 'NONE', #3552, #4220 ) ;
#5569 = CARTESIAN_POINT ( 'NONE',  ( -0.07662259615384627021, 1.034999999999999920, 1.219501201923077538 ) ) ;
#5570 = VERTEX_POINT ( 'NONE', #5666 ) ;
#5571 = CARTESIAN_POINT ( 'NONE',  ( -1.999999999999999556, -1.024999999999999911, -1.850000000000000977 ) ) ;
#5572 = PRESENTATION_STYLE_ASSIGNMENT (( #5705 ) ) ;
#5573 = PRESENTATION_STYLE_ASSIGNMENT (( #1069 ) ) ;
#5574 = CARTESIAN_POINT ( 'NONE',  ( 0.2211538461538460343, 1.024999999999999689, 0.9570312500000004441 ) ) ;
#5575 = CARTESIAN_POINT ( 'NONE',  ( 0.4702497597294386655, 1.035000000000000142, -1.180198572257634027 ) ) ;
#5576 = CARTESIAN_POINT ( 'NONE',  ( 0.5587376093845957126, 1.035000000000000142, 0.7501776304870997336 ) ) ;
#5577 = LINE ( 'NONE', #3350, #1851 ) ;
#5578 = CARTESIAN_POINT ( 'NONE',  ( 0.6204336093195601531, 1.024999999999999689, 0.8449640240426656845 ) ) ;
#5579 = CARTESIAN_POINT ( 'NONE',  ( -0.2495492788461539657, 1.034999999999999920, 1.433293269230769607 ) ) ;
#5580 = FILL_AREA_STYLE_COLOUR ( '', #2608 ) ;
#5581 = STYLED_ITEM ( 'NONE', ( #2046 ), #1707 ) ;
#5582 = FACE_OUTER_BOUND ( 'NONE', #3022, .T. ) ;
#5583 = CARTESIAN_POINT ( 'NONE',  ( 0.06676003895610660432, 1.024999999999999911, 0.8562443421471487293 ) ) ;
#5584 = ORIENTED_EDGE ( 'NONE', *, *, #3590, .F. ) ;
#5585 = VECTOR ( 'NONE', #5444, 1000.000000000000000 ) ;
#5586 =( GEOMETRIC_REPRESENTATION_CONTEXT ( 3 ) GLOBAL_UNCERTAINTY_ASSIGNED_CONTEXT ( ( #5651 ) ) GLOBAL_UNIT_ASSIGNED_CONTEXT ( ( #5109, #4072, #1034 ) ) REPRESENTATION_CONTEXT ( 'NONE', 'WORKASPACE' ) );
#5587 = COLOUR_RGB ( '',1.000000000000000000, 1.000000000000000000, 1.000000000000000000 ) ;
#5588 = AXIS2_PLACEMENT_3D ( 'NONE', #5047, #6056, #5492 ) ;
#5589 = CARTESIAN_POINT ( 'NONE',  ( -0.3338942307692303046, 1.024999999999999911, 0.3461538461538462563 ) ) ;
#5590 = ADVANCED_FACE ( 'NONE', ( #52 ), #4637, .T. ) ;
#5591 = CARTESIAN_POINT ( 'NONE',  ( -0.5167011380783790297, 1.024999999999999911, 0.1299168511404120152 ) ) ;
#5592 = DIRECTION ( 'NONE',  ( 1.000000000000000000, 0.000000000000000000, -0.000000000000000000 ) ) ;
#5593 = CARTESIAN_POINT ( 'NONE',  ( 0.7978702046083667732, 1.024999999999999467, 0.9644531001897752587 ) ) ;
#5594 = CARTESIAN_POINT ( 'NONE',  ( -0.7653846153846148859, 1.034999999999999920, -0.09855769230769233225 ) ) ;
#5595 = CARTESIAN_POINT ( 'NONE',  ( 0.2141237892273745169, 1.035000000000000364, -1.265855689187115996 ) ) ;
#5596 = CARTESIAN_POINT ( 'NONE',  ( 0.4903629656854134322, 1.024999999999999911, 1.348635032081523466 ) ) ;
#5597 =( GEOMETRIC_REPRESENTATION_CONTEXT ( 3 ) GLOBAL_UNCERTAINTY_ASSIGNED_CONTEXT ( ( #921 ) ) GLOBAL_UNIT_ASSIGNED_CONTEXT ( ( #3287, #5748, #759 ) ) REPRESENTATION_CONTEXT ( 'NONE', 'WORKASPACE' ) );
#5598 = CARTESIAN_POINT ( 'NONE',  ( 1.849999999999999645, 1.024999999999999911, -2.000000000000000888 ) ) ;
#5599 = CARTESIAN_POINT ( 'NONE',  ( 0.3412806957652999573, 1.034999999999999920, 0.8912785242938491281 ) ) ;
#5600 = CARTESIAN_POINT ( 'NONE',  ( -0.4808639857458591460, 1.034999999999999920, 0.8804506858141276648 ) ) ;
#5601 = PRODUCT_DEFINITION_CONTEXT ( 'detailed design', #3904, 'design' ) ;
#5602 = SURFACE_SIDE_STYLE ('',( #1895 ) ) ;
#5603 = CARTESIAN_POINT ( 'NONE',  ( 0.5230769230769236611, 1.024999999999999689, -1.066406250000000000 ) ) ;
#5604 = EDGE_CURVE ( 'NONE', #4126, #3804, #2347, .T. ) ;
#5605 = CARTESIAN_POINT ( 'NONE',  ( -0.07662259615384627021, 1.024999999999999911, 1.219501201923077538 ) ) ;
#5606 = CARTESIAN_POINT ( 'NONE',  ( -1.604999999999999982, -1.075000000000000400, -1.574999999999998845 ) ) ;
#5607 =( LENGTH_UNIT ( ) NAMED_UNIT ( * ) SI_UNIT ( .MILLI., .METRE. ) );
#5608 = CARTESIAN_POINT ( 'NONE',  ( 0.4059455569205765446, 1.035000000000000142, 1.304503635857037214 ) ) ;
#5609 = CARTESIAN_POINT ( 'NONE',  ( 0.7886984142923576524, 1.024999999999999911, 1.023495007546663116 ) ) ;
#5610 = SURFACE_SIDE_STYLE ('',( #4929 ) ) ;
#5611 = UNCERTAINTY_MEASURE_WITH_UNIT (LENGTH_MEASURE( 1.000000000000000082E-05 ), #1969, 'distance_accuracy_value', 'NONE');
#5612 = ORIENTED_EDGE ( 'NONE', *, *, #2475, .T. ) ;
#5613 = CARTESIAN_POINT ( 'NONE',  ( 0.2836703517299277721, 1.024999999999999911, -0.7891061913658832250 ) ) ;
#5614 =( GEOMETRIC_REPRESENTATION_CONTEXT ( 3 ) GLOBAL_UNCERTAINTY_ASSIGNED_CONTEXT ( ( #2784 ) ) GLOBAL_UNIT_ASSIGNED_CONTEXT ( ( #302, #4889, #822 ) ) REPRESENTATION_CONTEXT ( 'NONE', 'WORKASPACE' ) );
#5615 = CARTESIAN_POINT ( 'NONE',  ( -0.7307692307692308376, 1.034999999999999920, 0.9711538461538463674 ) ) ;
#5616 = CARTESIAN_POINT ( 'NONE',  ( 0.7109369966974191657, 1.024999999999999911, -0.1871877039025902079 ) ) ;
#5617 = CARTESIAN_POINT ( 'NONE',  ( -0.7882453496970034390, 1.025000000000000133, 1.355140911848129237 ) ) ;
#5618 = ORIENTED_EDGE ( 'NONE', *, *, #1092, .T. ) ;
#5619 = UNCERTAINTY_MEASURE_WITH_UNIT (LENGTH_MEASURE( 1.000000000000000082E-05 ), #5083, 'distance_accuracy_value', 'NONE');
#5620 = ADVANCED_FACE ( 'NONE', ( #2421 ), #2472, .T. ) ;
#5621 = CARTESIAN_POINT ( 'NONE',  ( -0.5739758671648274024, 1.024999999999999689, 0.8368940373264448507 ) ) ;
#5622 = DIRECTION ( 'NONE',  ( 0.000000000000000000, 0.000000000000000000, 1.000000000000000000 ) ) ;
#5623 = MECHANICAL_DESIGN_GEOMETRIC_PRESENTATION_REPRESENTATION (  '', ( #4692 ), #5510 ) ;
#5624 = CARTESIAN_POINT ( 'NONE',  ( 0.01716579795666443170, 1.024999999999999911, 0.8385928700513111123 ) ) ;
#5625 = SURFACE_SIDE_STYLE ('',( #3997 ) ) ;
#5626 = PRESENTATION_LAYER_ASSIGNMENT (  '', '', ( #5078 ) ) ;
#5627 =( NAMED_UNIT ( * ) PLANE_ANGLE_UNIT ( ) SI_UNIT ( $, .RADIAN. ) );
#5628 = CARTESIAN_POINT ( 'NONE',  ( 0.3861230175919913021, 1.034999999999999920, -0.8265909181066614098 ) ) ;
#5629 = CARTESIAN_POINT ( 'NONE',  ( 0.1249999999999998890, 1.034999999999999920, 0.9579326923076927347 ) ) ;
#5630 = ORIENTED_EDGE ( 'NONE', *, *, #3396, .T. ) ;
#5631 = CARTESIAN_POINT ( 'NONE',  ( -0.6312080182447957766, 1.024999999999999911, 1.320496778789089554 ) ) ;
#5632 = CARTESIAN_POINT ( 'NONE',  ( 0.006863659973813226491, 1.034999999999999920, -1.196497692296500936 ) ) ;
#5633 = EDGE_CURVE ( 'NONE', #187, #119, #2733, .T. ) ;
#5634 = CARTESIAN_POINT ( 'NONE',  ( -0.5185713438862951108, 1.034999999999999920, 1.094640769511485479 ) ) ;
#5635 = ORIENTED_EDGE ( 'NONE', *, *, #818, .F. ) ;
#5636 = DIRECTION ( 'NONE',  ( -1.000000000000000000, 0.000000000000000000, 0.000000000000000000 ) ) ;
#5637 = CARTESIAN_POINT ( 'NONE',  ( 0.2401513906992601421, 1.024999999999999911, -0.9317271042448359575 ) ) ;
#5638 = CARTESIAN_POINT ( 'NONE',  ( -0.8232904239370620880, 1.034999999999999920, 1.424506378665185924 ) ) ;
#5639 = ORIENTED_EDGE ( 'NONE', *, *, #4797, .F. ) ;
#5640 =( LENGTH_UNIT ( ) NAMED_UNIT ( * ) SI_UNIT ( .MILLI., .METRE. ) );
#5641 = PRESENTATION_LAYER_ASSIGNMENT (  '', '', ( #5216 ) ) ;
#5642 = B_SPLINE_CURVE_WITH_KNOTS ( 'NONE', 3,
 ( #1129, #606, #147, #4132, #4158, #2122, #4178, #6147, #4670, #3198, #1640, #3678, #4693, #6168, #3149, #5202, #5184, #3655, #650 ),
 .UNSPECIFIED., .F., .F.,
 ( 4, 1, 1, 1, 1, 1, 1, 1, 1, 1, 1, 1, 1, 1, 1, 1, 4 ),
 ( 0.000000000000000000, 0.07471189030450103852, 0.1455392023749084995, 0.2133390572509725469, 0.2786150735384709809, 0.3420941969414982298, 0.4038900759591955714, 0.4650633525655206157, 0.5265767363834864545, 0.5873283340287679399, 0.6463804557031437303, 0.7043453083753261623, 0.7616719489990788627, 0.8194178590468652601, 0.8780393997816821061, 0.9377955090070549948, 1.000000000000000000 ),
 .UNSPECIFIED. ) ;
#5643 = EDGE_CURVE ( 'NONE', #3614, #738, #1863, .T. ) ;
#5644 = SURFACE_STYLE_USAGE ( .BOTH. , #5602 ) ;
#5645 = ORIENTED_EDGE ( 'NONE', *, *, #2509, .T. ) ;
#5646 = SURFACE_STYLE_FILL_AREA ( #4200 ) ;
#5647 = CARTESIAN_POINT ( 'NONE',  ( 0.7019230769230769829, 1.024999999999999911, 0.9579326923076925127 ) ) ;
#5648 = EDGE_CURVE ( 'NONE', #187, #194, #2481, .T. ) ;
#5649 = SURFACE_STYLE_FILL_AREA ( #2485 ) ;
#5650 = CARTESIAN_POINT ( 'NONE',  ( 0.4327727657444420672, 1.024999999999999911, 1.277465502956919075 ) ) ;
#5651 = UNCERTAINTY_MEASURE_WITH_UNIT (LENGTH_MEASURE( 1.000000000000000082E-05 ), #5109, 'distance_accuracy_value', 'NONE');
#5652 = CARTESIAN_POINT ( 'NONE',  ( 0.8043269230769236611, 1.034999999999999920, -0.4615384615384615641 ) ) ;
#5653 = ADVANCED_FACE ( 'NONE', ( #4622 ), #3738, .T. ) ;
#5654 = CARTESIAN_POINT ( 'NONE',  ( 0.4529646715677454472, 1.024999999999999689, 0.8814623108698970144 ) ) ;
#5655 = CARTESIAN_POINT ( 'NONE',  ( 0.6407202261418077915, 1.024999999999999689, 0.7580082180372670342 ) ) ;
#5656 = CARTESIAN_POINT ( 'NONE',  ( 0.5976651066058232820, 1.024999999999999467, 1.258173606474872086 ) ) ;
#5657 =( GEOMETRIC_REPRESENTATION_CONTEXT ( 3 ) GLOBAL_UNCERTAINTY_ASSIGNED_CONTEXT ( ( #1202 ) ) GLOBAL_UNIT_ASSIGNED_CONTEXT ( ( #3731, #2292, #1237 ) ) REPRESENTATION_CONTEXT ( 'NONE', 'WORKASPACE' ) );
#5658 = CARTESIAN_POINT ( 'NONE',  ( -0.5633607858752271991, 1.034999999999999920, 0.2980271123610587769 ) ) ;
#5659 = CARTESIAN_POINT ( 'NONE',  ( -0.3236184157683018592, 1.034999999999999698, -0.9838377706742026385 ) ) ;
#5660 = CARTESIAN_POINT ( 'NONE',  ( -0.5990718725262587085, 1.034999999999999698, 1.172529277259950931 ) ) ;
#5661 = CARTESIAN_POINT ( 'NONE',  ( -0.3461538461538462008, 1.024999999999999911, 1.403846153846154188 ) ) ;
#5662 =( LENGTH_UNIT ( ) NAMED_UNIT ( * ) SI_UNIT ( .MILLI., .METRE. ) );
#5663 =( LENGTH_UNIT ( ) NAMED_UNIT ( * ) SI_UNIT ( .MILLI., .METRE. ) );
#5664 = VERTEX_POINT ( 'NONE', #4337 ) ;
#5665 = COLOUR_RGB ( '',1.000000000000000000, 1.000000000000000000, 1.000000000000000000 ) ;
#5666 = CARTESIAN_POINT ( 'NONE',  ( 0.2307692307692306155, 1.024999999999999911, 1.403846153846154410 ) ) ;
#5667 =( GEOMETRIC_REPRESENTATION_CONTEXT ( 3 ) GLOBAL_UNCERTAINTY_ASSIGNED_CONTEXT ( ( #2586 ) ) GLOBAL_UNIT_ASSIGNED_CONTEXT ( ( #2251, #4753, #1723 ) ) REPRESENTATION_CONTEXT ( 'NONE', 'WORKASPACE' ) );
#5668 = CARTESIAN_POINT ( 'NONE',  ( -0.4108255261337867559, 1.034999999999999920, 1.113162156003708159 ) ) ;
#5669 =( GEOMETRIC_REPRESENTATION_CONTEXT ( 3 ) GLOBAL_UNCERTAINTY_ASSIGNED_CONTEXT ( ( #1722 ) ) GLOBAL_UNIT_ASSIGNED_CONTEXT ( ( #5640, #5222, #4173 ) ) REPRESENTATION_CONTEXT ( 'NONE', 'WORKASPACE' ) );
#5670 = DIRECTION ( 'NONE',  ( 0.000000000000000000, -0.000000000000000000, 1.000000000000000000 ) ) ;
#5671 = CARTESIAN_POINT ( 'NONE',  ( 1.999999999999999112, 1.024999999999999911, -1.850000000000000977 ) ) ;
#5672 = CARTESIAN_POINT ( 'NONE',  ( 0.7377506108318956368, 1.035000000000000142, -0.3959859115656119699 ) ) ;
#5673 = CARTESIAN_POINT ( 'NONE',  ( 0.4232549001006278844, 1.035000000000000142, 0.9660415190853474110 ) ) ;
#5674 = CARTESIAN_POINT ( 'NONE',  ( 0.5928747511549730120, 1.024999999999999689, 0.7504378068874770769 ) ) ;
#5675 = CARTESIAN_POINT ( 'NONE',  ( 0.6125160628963287612, 1.034999999999999920, 1.245493178173427085 ) ) ;
#5676 = CARTESIAN_POINT ( 'NONE',  ( -0.6849205315284643270, 1.035000000000000142, 0.1946866269890298318 ) ) ;
#5677 =( NAMED_UNIT ( * ) SI_UNIT ( $, .STERADIAN. ) SOLID_ANGLE_UNIT ( ) );
#5678 = CARTESIAN_POINT ( 'NONE',  ( -0.4543483252231629854, 1.024999999999999911, 0.9837818860903955187 ) ) ;
#5679 = EDGE_CURVE ( 'NONE', #1678, #5073, #2821, .T. ) ;
#5680 = CARTESIAN_POINT ( 'NONE',  ( 0.6369730754219823377, 1.034999999999999920, -0.3053373295392651787 ) ) ;
#5681 = CARTESIAN_POINT ( 'NONE',  ( -0.7479005969255771991, 1.024999999999999911, 1.304503635857036992 ) ) ;
#5682 = ADVANCED_FACE ( 'NONE', ( #4953 ), #3353, .T. ) ;
#5683 = CARTESIAN_POINT ( 'NONE',  ( 0.1225747516999135950, 1.034999999999999476, 0.9837818860903952967 ) ) ;
#5684 = COLOUR_RGB ( '',0.6470588235294117974, 0.5176470588235293491, 0.000000000000000000 ) ;
#5685 = B_SPLINE_CURVE_WITH_KNOTS ( 'NONE', 3,
 ( #5399, #3839, #2856, #1878, #6332, #4311, #2877, #1794, #3328, #1856, #2350, #6356, #4908, #6392, #344, #1314, #5361, #5429, #3308 ),
 .UNSPECIFIED., .F., .F.,
 ( 4, 1, 1, 1, 1, 1, 1, 1, 1, 1, 1, 1, 1, 1, 1, 1, 4 ),
 ( 0.000000000000000000, 0.05794487546232589964, 0.1160176254256826689, 0.1748257843638406361, 0.2346830900793710206, 0.2968270303289142209, 0.3640613359637882573, 0.4361924240497391803, 0.5142601195414409077, 0.5569758971654886759, 0.6048559283836538736, 0.6576752010734879805, 0.7157505846619327539, 0.7788397991664557374, 0.8475011894738632146, 0.9212282309463235563, 1.000000000000000000 ),
 .UNSPECIFIED. ) ;
#5686 = CARTESIAN_POINT ( 'NONE',  ( 0.6626427731117336961, 1.024999999999999467, 0.7644335898809585528 ) ) ;
#5687 = FILL_AREA_STYLE_COLOUR ( '', #4297 ) ;
#5688 = CARTESIAN_POINT ( 'NONE',  ( 0.2601562500000004219, 1.024999999999999911, -1.115384615384615419 ) ) ;
#5689 = UNCERTAINTY_MEASURE_WITH_UNIT (LENGTH_MEASURE( 1.000000000000000082E-05 ), #4159, 'distance_accuracy_value', 'NONE');
#5690 = CARTESIAN_POINT ( 'NONE',  ( 0.5434891144720701561, 1.035000000000000142, -0.04732094589271203244 ) ) ;
#5691 = ORIENTED_EDGE ( 'NONE', *, *, #4572, .F. ) ;
#5692 = CARTESIAN_POINT ( 'NONE',  ( 0.4328885819389543532, 1.034999999999999920, 0.9148738954979116489 ) ) ;
#5693 = CARTESIAN_POINT ( 'NONE',  ( 0.4408052884615384359, 1.034999999999999920, 1.403846153846154188 ) ) ;
#5694 = CARTESIAN_POINT ( 'NONE',  ( -0.3905382497827223909, 1.035000000000000586, 0.8407290785386313248 ) ) ;
#5695 = CARTESIAN_POINT ( 'NONE',  ( 0.2307692307692306155, 1.024999999999999911, 1.500000000000000444 ) ) ;
#5696 = ORIENTED_EDGE ( 'NONE', *, *, #1906, .F. ) ;
#5697 = CARTESIAN_POINT ( 'NONE',  ( -0.4519230769230769273, 1.034999999999999920, 0.9579326923076925127 ) ) ;
#5698 = CARTESIAN_POINT ( 'NONE',  ( -0.1247984203503666734, 1.034999999999999920, 0.7708032052688811309 ) ) ;
#5699 = CARTESIAN_POINT ( 'NONE',  ( 0.7850000000000001421, -1.075000000000000178, 1.574999999999999956 ) ) ;
#5700 = CARTESIAN_POINT ( 'NONE',  ( -1.604999999999999982, -1.075000000000000400, 1.574999999999999956 ) ) ;
#5701 = CARTESIAN_POINT ( 'NONE',  ( 0.8076923076923077094, 1.034999999999999920, 1.403846153846154188 ) ) ;
#5702 = ORIENTED_EDGE ( 'NONE', *, *, #2633, .T. ) ;
#5703 = CARTESIAN_POINT ( 'NONE',  ( -0.6436720452315449759, 1.035000000000000142, 1.331288948873510680 ) ) ;
#5704 = CARTESIAN_POINT ( 'NONE',  ( 0.7897367586911808734, 1.024999999999999467, 0.8949845457384369984 ) ) ;
#5705 = SURFACE_STYLE_USAGE ( .BOTH. , #1684 ) ;
#5706 = AXIS2_PLACEMENT_3D ( 'NONE', #2188, #694, #758 ) ;
#5707 = ORIENTED_EDGE ( 'NONE', *, *, #5604, .T. ) ;
#5708 = CARTESIAN_POINT ( 'NONE',  ( 0.1140217717651568069, 1.024999999999999689, -1.079663485806535261 ) ) ;
#5709 = PLANE ( 'NONE',  #5040 ) ;
#5710 = CARTESIAN_POINT ( 'NONE',  ( 0.7837557416071432304, 1.025000000000000133, -0.4405436568411988385 ) ) ;
#5711 = CARTESIAN_POINT ( 'NONE',  ( 0.5599910720627593319, 1.034999999999999920, 0.8366581879303758296 ) ) ;
#5712 = ORIENTED_EDGE ( 'NONE', *, *, #3006, .F. ) ;
#5713 = CARTESIAN_POINT ( 'NONE',  ( 1.500000000000003109, 1.034999999999999920, -1.550000000000000711 ) ) ;
#5714 = CARTESIAN_POINT ( 'NONE',  ( 0.7014330080714856752, 1.034999999999999920, 1.162661105553342678 ) ) ;
#5715 = SURFACE_STYLE_FILL_AREA ( #993 ) ;
#5716 = ORIENTED_EDGE ( 'NONE', *, *, #2248, .T. ) ;
#5717 = ORIENTED_EDGE ( 'NONE', *, *, #4076, .F. ) ;
#5718 = EDGE_LOOP ( 'NONE', ( #6087, #3500, #3715, #816 ) ) ;
#5719 = CARTESIAN_POINT ( 'NONE',  ( -0.3561700332716895567, 1.034999999999999920, 0.9356435630111530344 ) ) ;
#5720 = VERTEX_POINT ( 'NONE', #856 ) ;
#5721 = CARTESIAN_POINT ( 'NONE',  ( 0.2211538461538460343, 1.034999999999999920, 0.9570312500000004441 ) ) ;
#5722 = CARTESIAN_POINT ( 'NONE',  ( -0.2471023299265814599, 1.035000000000000142, 0.9368557672397976877 ) ) ;
#5723 = CARTESIAN_POINT ( 'NONE',  ( 0.1249999999999998890, 1.034999999999999920, 0.9579326923076927347 ) ) ;
#5724 = DIRECTION ( 'NONE',  ( -1.000000000000000000, -0.000000000000000000, -0.000000000000000000 ) ) ;
#5725 = PRESENTATION_STYLE_ASSIGNMENT (( #3622 ) ) ;
#5726 = LINE ( 'NONE', #3948, #3030 ) ;
#5727 = ORIENTED_EDGE ( 'NONE', *, *, #1458, .T. ) ;
#5728 = B_SPLINE_CURVE_WITH_KNOTS ( 'NONE', 3,
 ( #88, #5628, #5564, #547, #4035, #5118, #2538 ),
 .UNSPECIFIED., .F., .F.,
 ( 4, 1, 1, 1, 4 ),
 ( 0.000000000000000000, 0.2802804073183726707, 0.5322082839513375685, 0.7701071987037836353, 1.000000000000000000 ),
 .UNSPECIFIED. ) ;
#5729 = VECTOR ( 'NONE', #2520, 1000.000000000000000 ) ;
#5730 = EDGE_CURVE ( 'NONE', #4034, #1678, #1883, .T. ) ;
#5731 = CARTESIAN_POINT ( 'NONE',  ( 0.4947857505198550165, 1.035000000000000586, 0.8502074897336966419 ) ) ;
#5732 = CARTESIAN_POINT ( 'NONE',  ( -0.009615384615384716532, 1.024999999999999911, 0.7500000000000004441 ) ) ;
#5733 = CARTESIAN_POINT ( 'NONE',  ( 0.6000525407641328357, 1.025000000000000133, 1.130708011491502019 ) ) ;
#5734 = SURFACE_STYLE_USAGE ( .BOTH. , #4203 ) ;
#5735 = CARTESIAN_POINT ( 'NONE',  ( -0.5604149365682948858, 1.024999999999999467, -0.3101462130629180081 ) ) ;
#5736 = LINE ( 'NONE', #3686, #5270 ) ;
#5737 = CARTESIAN_POINT ( 'NONE',  ( -0.2495492788461539657, 1.024999999999999911, 1.433293269230769607 ) ) ;
#5738 = DIRECTION ( 'NONE',  ( 0.000000000000000000, 0.000000000000000000, 1.000000000000000000 ) ) ;
#5739 = CARTESIAN_POINT ( 'NONE',  ( 0.03068762072057684698, 1.034999999999999920, 0.8412721904612346924 ) ) ;
#5740 = PRESENTATION_LAYER_ASSIGNMENT (  '', '', ( #332 ) ) ;
#5741 = DIRECTION ( 'NONE',  ( -1.106079984093971783E-13, 1.000000000000000000, 1.943139556023010686E-16 ) ) ;
#5742 = ORIENTED_EDGE ( 'NONE', *, *, #5274, .T. ) ;
#5743 = ORIENTED_EDGE ( 'NONE', *, *, #1106, .F. ) ;
#5744 = CARTESIAN_POINT ( 'NONE',  ( -0.3641093951549729812, 1.025000000000000133, 0.8949845457384372205 ) ) ;
#5745 =( NAMED_UNIT ( * ) SI_UNIT ( $, .STERADIAN. ) SOLID_ANGLE_UNIT ( ) );
#5746 = CARTESIAN_POINT ( 'NONE',  ( -1.499999999999996891, 1.024999999999999911, -1.650000000000000799 ) ) ;
#5747 = CARTESIAN_POINT ( 'NONE',  ( 0.4253353384381411417, 1.024999999999999911, 0.9414258259068326584 ) ) ;
#5748 =( NAMED_UNIT ( * ) PLANE_ANGLE_UNIT ( ) SI_UNIT ( $, .RADIAN. ) );
#5749 = PRESENTATION_LAYER_ASSIGNMENT (  '', '', ( #1552 ) ) ;
#5750 = ADVANCED_FACE ( 'NONE', ( #4068 ), #2391, .T. ) ;
#5751 = CARTESIAN_POINT ( 'NONE',  ( 0.5652043269230768718, 1.034999999999999920, 0.8365384615384617861 ) ) ;
#5752 = AXIS2_PLACEMENT_3D ( 'NONE', #5441, #4363, #3916 ) ;
#5753 = CARTESIAN_POINT ( 'NONE',  ( -0.04953861286756244819, 1.024999999999999911, -0.9972354046471213485 ) ) ;
#5754 = CARTESIAN_POINT ( 'NONE',  ( -0.5337406439331073837, 1.024999999999999911, 0.1118237917961432681 ) ) ;
#5755 = CARTESIAN_POINT ( 'NONE',  ( 0.2874816416264610042, 1.034999999999999254, -1.113969992589462388 ) ) ;
#5756 =( LENGTH_UNIT ( ) NAMED_UNIT ( * ) SI_UNIT ( .MILLI., .METRE. ) );
#5757 = DIRECTION ( 'NONE',  ( -3.516331370223257730E-16, -0.000000000000000000, -1.000000000000000000 ) ) ;
#5758 = EDGE_CURVE ( 'NONE', #5664, #6176, #6315, .T. ) ;
#5759 = DIRECTION ( 'NONE',  ( -0.000000000000000000, -0.000000000000000000, -1.000000000000000000 ) ) ;
#5760 = FILL_AREA_STYLE_COLOUR ( '', #3307 ) ;
#5761 = CARTESIAN_POINT ( 'NONE',  ( 0.06379714921873078093, 1.024999999999999467, 0.7580082180372673673 ) ) ;
#5762 = AXIS2_PLACEMENT_3D ( 'NONE', #5322, #4321, #2797 ) ;
#5763 = DIRECTION ( 'NONE',  ( -1.000000000000000000, -0.000000000000000000, 7.228014483236695816E-17 ) ) ;
#5764 = CARTESIAN_POINT ( 'NONE',  ( -0.8281944903926312662, 1.034999999999999698, 1.438671195898516331 ) ) ;
#5765 = VERTEX_POINT ( 'NONE', #2997 ) ;
#5766 = CARTESIAN_POINT ( 'NONE',  ( -0.6927154494785483507, 1.035000000000000142, -0.4721535821819479173 ) ) ;
#5767 = EDGE_CURVE ( 'NONE', #4462, #3392, #4846, .T. ) ;
#5768 = B_SPLINE_CURVE_WITH_KNOTS ( 'NONE', 3,
 ( #5688, #4699, #1621, #3132, #627, #681, #5708, #2691, #3177, #4727, #172, #1689, #3728 ),
 .UNSPECIFIED., .F., .F.,
 ( 4, 1, 1, 1, 1, 1, 1, 1, 1, 1, 4 ),
 ( 0.000000000000000000, 0.04398504629311398434, 0.09255174981888075747, 0.1471760916490177651, 0.2077162963000876994, 0.3374908720733645895, 0.4746268733997882627, 0.6145941873578287806, 0.7553687989046374840, 0.8864344517503219834, 1.000000000000000000 ),
 .UNSPECIFIED. ) ;
#5769 = PRESENTATION_STYLE_ASSIGNMENT (( #5734 ) ) ;
#5770 = CARTESIAN_POINT ( 'NONE',  ( 0.7976761205744642425, 1.024999999999999467, 0.9356435630111532564 ) ) ;
#5771 = CARTESIAN_POINT ( 'NONE',  ( 0.4595716186586141228, 1.024999999999999023, 1.378555665817288833 ) ) ;
#5772 = CARTESIAN_POINT ( 'NONE',  ( 0.3105257572970913649, 1.034999999999999920, -0.7889372591678415203 ) ) ;
#5773 = ORIENTED_EDGE ( 'NONE', *, *, #2935, .T. ) ;
#5774 = CARTESIAN_POINT ( 'NONE',  ( -0.04953861286756244819, 1.034999999999999920, -0.9972354046471213485 ) ) ;
#5775 = CARTESIAN_POINT ( 'NONE',  ( 0.4479094431671649668, 1.025000000000000133, 1.263398958623645596 ) ) ;
#5776 = CARTESIAN_POINT ( 'NONE',  ( 0.2381260191214930044, 1.034999999999999698, -0.8127853324200386975 ) ) ;
#5777 = ADVANCED_FACE ( 'NONE', ( #43 ), #434, .T. ) ;
#5778 = CARTESIAN_POINT ( 'NONE',  ( -0.3338942307692303046, 1.035000000000000142, 0.3461538461538462563 ) ) ;
#5779 = CARTESIAN_POINT ( 'NONE',  ( -0.7849999999999999201, -1.075000000000000400, 1.625000000000000000 ) ) ;
#5780 = CARTESIAN_POINT ( 'NONE',  ( -0.0009427225515141211603, 1.024999999999999689, 0.7501485095022863980 ) ) ;
#5781 = EDGE_LOOP ( 'NONE', ( #5883, #347, #6093, #975 ) ) ;
#5782 = CARTESIAN_POINT ( 'NONE',  ( -0.3338942307692303046, 1.035000000000000142, 0.3461538461538462563 ) ) ;
#5783 = CARTESIAN_POINT ( 'NONE',  ( 0.3172776075748721114, 1.034999999999999698, 1.482875074157175455 ) ) ;
#5784 = CARTESIAN_POINT ( 'NONE',  ( -0.2826914959039315556, 1.034999999999999920, 0.3450574798705117741 ) ) ;
#5785 = MECHANICAL_DESIGN_GEOMETRIC_PRESENTATION_REPRESENTATION (  '', ( #3148 ), #4177 ) ;
#5786 = CARTESIAN_POINT ( 'NONE',  ( 0.8495653819259344486, 1.034999999999999920, -0.4017540928939037359 ) ) ;
#5787 = EDGE_LOOP ( 'NONE', ( #4278, #2182, #1680, #5552 ) ) ;
#5788 =( GEOMETRIC_REPRESENTATION_CONTEXT ( 3 ) GLOBAL_UNCERTAINTY_ASSIGNED_CONTEXT ( ( #5462 ) ) GLOBAL_UNIT_ASSIGNED_CONTEXT ( ( #1881, #2420, #3862 ) ) REPRESENTATION_CONTEXT ( 'NONE', 'WORKASPACE' ) );
#5789 = CARTESIAN_POINT ( 'NONE',  ( 0.01307091346153835265, 1.024999999999999911, 1.264723557692308153 ) ) ;
#5790 = CARTESIAN_POINT ( 'NONE',  ( 0.1510073602894673184, 1.024999999999999911, 1.132741021815065752 ) ) ;
#5791 = STYLED_ITEM ( 'NONE', ( #1526 ), #6222 ) ;
#5792 = CARTESIAN_POINT ( 'NONE',  ( 0.003478855374109763882, 1.024999999999999911, -1.027473186548486295 ) ) ;
#5793 = VERTEX_POINT ( 'NONE', #4508 ) ;
#5794 = CARTESIAN_POINT ( 'NONE',  ( -0.7351063698627482434, 1.024999999999999689, 1.291137545940028941 ) ) ;
#5795 =( NAMED_UNIT ( * ) SI_UNIT ( $, .STERADIAN. ) SOLID_ANGLE_UNIT ( ) );
#5796 = PRESENTATION_STYLE_ASSIGNMENT (( #4832 ) ) ;
#5797 = FILL_AREA_STYLE ('',( #1784 ) ) ;
#5798 = CARTESIAN_POINT ( 'NONE',  ( 0.4295204489710672813, 1.024999999999999467, -0.8827832612608561558 ) ) ;
#5799 = DIRECTION ( 'NONE',  ( -0.000000000000000000, -1.000000000000000000, -0.000000000000000000 ) ) ;
#5800 = COLOUR_RGB ( '',1.000000000000000000, 1.000000000000000000, 1.000000000000000000 ) ;
#5801 =( NAMED_UNIT ( * ) SI_UNIT ( $, .STERADIAN. ) SOLID_ANGLE_UNIT ( ) );
#5802 = COLOUR_RGB ( '',0.6470588235294117974, 0.5176470588235293491, 0.000000000000000000 ) ;
#5803 = EDGE_CURVE ( 'NONE', #3438, #5570, #5508, .T. ) ;
#5804 = COLOUR_RGB ( '',1.000000000000000000, 1.000000000000000000, 1.000000000000000000 ) ;
#5805 = CARTESIAN_POINT ( 'NONE',  ( 0.2826923076923082423, 1.025000000000000133, -0.9798677884615384359 ) ) ;
#5806 = CARTESIAN_POINT ( 'NONE',  ( 0.1863848271403546752, 1.035000000000000364, 0.8407290785386316578 ) ) ;
#5807 = VECTOR ( 'NONE', #3953, 1000.000000000000000 ) ;
#5808 = FILL_AREA_STYLE ('',( #4106 ) ) ;
#5809 = CARTESIAN_POINT ( 'NONE',  ( -0.4796274038461533773, 1.024999999999999467, -0.5255408653846154188 ) ) ;
#5810 = UNCERTAINTY_MEASURE_WITH_UNIT (LENGTH_MEASURE( 1.000000000000000082E-05 ), #3453, 'distance_accuracy_value', 'NONE');
#5811 = ADVANCED_FACE ( 'NONE', ( #4708 ), #4695, .T. ) ;
#5812 = SURFACE_STYLE_FILL_AREA ( #6466 ) ;
#5813 = SURFACE_SIDE_STYLE ('',( #3359 ) ) ;
#5814 = ORIENTED_EDGE ( 'NONE', *, *, #1458, .F. ) ;
#5815 = FACE_OUTER_BOUND ( 'NONE', #406, .T. ) ;
#5816 = CARTESIAN_POINT ( 'NONE',  ( 1.849999999999999645, 1.024999999999999911, 1.849999999999999423 ) ) ;
#5817 = CARTESIAN_POINT ( 'NONE',  ( 0.02074202968274620196, 1.034999999999999920, 1.258173606474872752 ) ) ;
#5818 =( NAMED_UNIT ( * ) SI_UNIT ( $, .STERADIAN. ) SOLID_ANGLE_UNIT ( ) );
#5819 = CARTESIAN_POINT ( 'NONE',  ( 0.2183820393925960390, 1.025000000000000133, -1.111100032772898594 ) ) ;
#5820 = UNCERTAINTY_MEASURE_WITH_UNIT (LENGTH_MEASURE( 1.000000000000000082E-05 ), #5909, 'distance_accuracy_value', 'NONE');
#5821 = CIRCLE ( 'NONE', #2103, 0.1500000000000001887 ) ;
#5822 = CARTESIAN_POINT ( 'NONE',  ( -0.08213732640322227163, 1.035000000000000142, 0.8502074897336967529 ) ) ;
#5823 = CARTESIAN_POINT ( 'NONE',  ( 0.6123197115384620970, 1.024999999999999689, -0.2848557692307692180 ) ) ;
#5824 = CARTESIAN_POINT ( 'NONE',  ( -0.08213732640322227163, 1.035000000000000142, 0.8502074897336967529 ) ) ;
#5825 = CARTESIAN_POINT ( 'NONE',  ( -0.6590604033262992267, 1.035000000000000364, 0.8502074897336965309 ) ) ;
#5826 = CARTESIAN_POINT ( 'NONE',  ( 0.4295204489710672813, 1.024999999999999689, -0.8827832612608561558 ) ) ;
#5827 = ORIENTED_EDGE ( 'NONE', *, *, #4382, .T. ) ;
#5828 = CARTESIAN_POINT ( 'NONE',  ( -0.8125654580808538974, 1.024999999999999689, 0.8912785242938491281 ) ) ;
#5829 = SURFACE_STYLE_USAGE ( .BOTH. , #301 ) ;
#5830 = CARTESIAN_POINT ( 'NONE',  ( -0.1995286036472132540, 1.024999999999999911, 0.1803566934286314760 ) ) ;
#5831 = FILL_AREA_STYLE ('',( #2256 ) ) ;
#5832 = MECHANICAL_DESIGN_GEOMETRIC_PRESENTATION_REPRESENTATION (  '', ( #2790 ), #4225 ) ;
#5833 = CARTESIAN_POINT ( 'NONE',  ( -0.7285108154080124354, 1.024999999999999911, 0.9414258259068326584 ) ) ;
#5834 = VECTOR ( 'NONE', #4704, 1000.000000000000000 ) ;
#5835 = CARTESIAN_POINT ( 'NONE',  ( 0.1510073602894673184, 1.035000000000000142, 1.132741021815065752 ) ) ;
#5836 = MECHANICAL_DESIGN_GEOMETRIC_PRESENTATION_REPRESENTATION (  '', ( #2370 ), #2710 ) ;
#5837 = CARTESIAN_POINT ( 'NONE',  ( 0.2601562500000004219, 1.034999999999999920, -1.115384615384615419 ) ) ;
#5838 = CARTESIAN_POINT ( 'NONE',  ( 0.1946089425212500224, 1.035000000000000142, -1.106241961477663294 ) ) ;
#5839 = DIRECTION ( 'NONE',  ( -0.9950371902099890420, 0.000000000000000000, -0.09950371902099883203 ) ) ;
#5840 = CARTESIAN_POINT ( 'NONE',  ( 0.01307091346153835265, 1.034999999999999920, 1.264723557692308153 ) ) ;
#5841 = CARTESIAN_POINT ( 'NONE',  ( -0.3336405278139464303, 1.024999999999999911, -0.7476885298322695217 ) ) ;
#5842 = CARTESIAN_POINT ( 'NONE',  ( -0.1385919756317040841, 1.034999999999999476, 0.9028740862858287697 ) ) ;
#5843 = CARTESIAN_POINT ( 'NONE',  ( -0.4169036892677493999, 1.035000000000000586, -0.8963014364629707798 ) ) ;
#5844 =( NAMED_UNIT ( * ) SI_UNIT ( $, .STERADIAN. ) SOLID_ANGLE_UNIT ( ) );
#5845 = CARTESIAN_POINT ( 'NONE',  ( -0.4668181291219452578, 1.034999999999999920, 1.177012512762981800 ) ) ;
#5846 = CIRCLE ( 'NONE', #1128, 0.1499999999999997446 ) ;
#5847 = CARTESIAN_POINT ( 'NONE',  ( -0.7654663496555110802, 1.024999999999999689, -0.1448041258526025499 ) ) ;
#5848 = ORIENTED_EDGE ( 'NONE', *, *, #3847, .F. ) ;
#5849 = CARTESIAN_POINT ( 'NONE',  ( -0.2398884097497334944, 1.024999999999999689, 1.406614822300994661 ) ) ;
#5850 = SURFACE_SIDE_STYLE ('',( #580 ) ) ;
#5851 = DIRECTION ( 'NONE',  ( 0.000000000000000000, -0.000000000000000000, 1.000000000000000000 ) ) ;
#5852 = CARTESIAN_POINT ( 'NONE',  ( 0.6870280247242083194, 1.024999999999999911, 1.177012512762981800 ) ) ;
#5853 = EDGE_CURVE ( 'NONE', #5720, #569, #1609, .T. ) ;
#5854 = CARTESIAN_POINT ( 'NONE',  ( -0.5739758671648274024, 1.024999999999999911, 0.8368940373264448507 ) ) ;
#5855 = B_SPLINE_CURVE_WITH_KNOTS ( 'NONE', 3,
 ( #3851, #2897, #3342, #2363, #4901, #3869, #5864 ),
 .UNSPECIFIED., .F., .F.,
 ( 4, 1, 1, 1, 4 ),
 ( 0.000000000000000000, 0.2526433275832366543, 0.5044398525799862476, 0.7504068042814560080, 1.000000000000000000 ),
 .UNSPECIFIED. ) ;
#5856 = EDGE_LOOP ( 'NONE', ( #4393, #1587, #3629, #5275 ) ) ;
#5857 =( NAMED_UNIT ( * ) SI_UNIT ( $, .STERADIAN. ) SOLID_ANGLE_UNIT ( ) );
#5858 = CARTESIAN_POINT ( 'NONE',  ( 0.1944360828147558562, 1.035000000000000142, 1.067602144398379416 ) ) ;
#5859 = FILL_AREA_STYLE ('',( #895 ) ) ;
#5860 = STYLED_ITEM ( 'NONE', ( #5277 ), #3023 ) ;
#5861 = CARTESIAN_POINT ( 'NONE',  ( -0.6253130222748592981, 1.034999999999999920, 1.195738238068861925 ) ) ;
#5862 = SURFACE_SIDE_STYLE ('',( #4485 ) ) ;
#5863 = CARTESIAN_POINT ( 'NONE',  ( -0.3708315397228558741, 1.025000000000000133, 0.8759254739018296210 ) ) ;
#5864 = CARTESIAN_POINT ( 'NONE',  ( -0.8264723557692307265, 1.024999999999999911, 1.433293269230769384 ) ) ;
#5865 = SURFACE_STYLE_USAGE ( .BOTH. , #2759 ) ;
#5866 =( NAMED_UNIT ( * ) SI_UNIT ( $, .STERADIAN. ) SOLID_ANGLE_UNIT ( ) );
#5867 = ORIENTED_EDGE ( 'NONE', *, *, #1820, .F. ) ;
#5868 = CARTESIAN_POINT ( 'NONE',  ( -0.4668181291219452578, 1.024999999999999689, 1.177012512762981800 ) ) ;
#5869 = ORIENTED_EDGE ( 'NONE', *, *, #5803, .F. ) ;
#5870 = CARTESIAN_POINT ( 'NONE',  ( -0.8045570349474158167, 1.034999999999999920, 0.8706527266382477759 ) ) ;
#5871 = DIRECTION ( 'NONE',  ( -0.000000000000000000, -1.000000000000000000, -0.000000000000000000 ) ) ;
#5872 = CARTESIAN_POINT ( 'NONE',  ( 0.7942258204726675430, 1.024999999999999467, 1.001524615184221645 ) ) ;
#5873 = ORIENTED_EDGE ( 'NONE', *, *, #2601, .T. ) ;
#5874 = ORIENTED_EDGE ( 'NONE', *, *, #4542, .F. ) ;
#5875 = SURFACE_SIDE_STYLE ('',( #2153 ) ) ;
#5876 = STYLED_ITEM ( 'NONE', ( #2040 ), #1992 ) ;
#5877 =( NAMED_UNIT ( * ) PLANE_ANGLE_UNIT ( ) SI_UNIT ( $, .RADIAN. ) );
#5878 = ORIENTED_EDGE ( 'NONE', *, *, #1338, .F. ) ;
#5879 = FACE_OUTER_BOUND ( 'NONE', #1178, .T. ) ;
#5880 = SURFACE_STYLE_FILL_AREA ( #3401 ) ;
#5881 = CARTESIAN_POINT ( 'NONE',  ( 0.4215144230769235500, 1.034999999999999920, -1.232271634615384581 ) ) ;
#5882 = CARTESIAN_POINT ( 'NONE',  ( 0.05698605073057927406, 1.024999999999999467, 1.226931528156839368 ) ) ;
#5883 = ORIENTED_EDGE ( 'NONE', *, *, #1186, .F. ) ;
#5884 = CARTESIAN_POINT ( 'NONE',  ( 0.3025240384615390798, 1.034999999999999920, -0.7884615384615384359 ) ) ;
#5885 = EDGE_CURVE ( 'NONE', #194, #5893, #3441, .T. ) ;
#5886 = CARTESIAN_POINT ( 'NONE',  ( -0.04204837628417965739, 1.024999999999999911, 0.8385981092399695802 ) ) ;
#5887 = CARTESIAN_POINT ( 'NONE',  ( -0.2884295631976929175, 1.024999999999999023, -0.7970381332304498079 ) ) ;
#5888 = CARTESIAN_POINT ( 'NONE',  ( 0.5834248380300282033, 1.034999999999999920, 1.270071547984030103 ) ) ;
#5889 = CARTESIAN_POINT ( 'NONE',  ( -0.6436720452315449759, 1.035000000000000142, 1.331288948873510680 ) ) ;
#5890 = CARTESIAN_POINT ( 'NONE',  ( -0.2512714134695545054, 1.024999999999999911, 1.438671195898516997 ) ) ;
#5891 = COLOUR_RGB ( '',1.000000000000000000, 1.000000000000000000, 1.000000000000000000 ) ;
#5892 =( NAMED_UNIT ( * ) PLANE_ANGLE_UNIT ( ) SI_UNIT ( $, .RADIAN. ) );
#5893 = VERTEX_POINT ( 'NONE', #24 ) ;
#5894 = VECTOR ( 'NONE', #673, 1000.000000000000000 ) ;
#5895 = UNCERTAINTY_MEASURE_WITH_UNIT (LENGTH_MEASURE( 1.000000000000000082E-05 ), #6060, 'distance_accuracy_value', 'NONE');
#5896 = PLANE ( 'NONE',  #1683 ) ;
#5897 = CARTESIAN_POINT ( 'NONE',  ( -0.3242788461538456679, 1.034999999999999920, 0.1923076923076923184 ) ) ;
#5898 = EDGE_CURVE ( 'NONE', #5893, #1065, #4339, .T. ) ;
#5899 = CARTESIAN_POINT ( 'NONE',  ( 0.7813705489506576063, 1.024999999999999689, 1.045491749235682333 ) ) ;
#5900 = VERTEX_POINT ( 'NONE', #3548 ) ;
#5901 = CARTESIAN_POINT ( 'NONE',  ( 0.3806335665248694045, 1.035000000000000142, 1.334250950148672343 ) ) ;
#5902 = CARTESIAN_POINT ( 'NONE',  ( -0.4519230769230769273, 1.024999999999999911, 0.9579326923076925127 ) ) ;
#5903 = CARTESIAN_POINT ( 'NONE',  ( 0.5419591253121749386, 1.024999999999999911, 0.7505253949516117462 ) ) ;
#5904 = CARTESIAN_POINT ( 'NONE',  ( -0.5243458283257840247, 1.035000000000000142, 0.3155960902458150308 ) ) ;
#5905 =( NAMED_UNIT ( * ) PLANE_ANGLE_UNIT ( ) SI_UNIT ( $, .RADIAN. ) );
#5906 = ORIENTED_EDGE ( 'NONE', *, *, #4610, .T. ) ;
#5907 = CARTESIAN_POINT ( 'NONE',  ( 0.07244802049386153686, 1.025000000000000133, 1.078940445635440781 ) ) ;
#5908 = CARTESIAN_POINT ( 'NONE',  ( -0.1400841346153841038, 1.024999999999999467, -0.9344951923076924016 ) ) ;
#5909 =( LENGTH_UNIT ( ) NAMED_UNIT ( * ) SI_UNIT ( .MILLI., .METRE. ) );
#5910 = CARTESIAN_POINT ( 'NONE',  ( 0.8113069937680609245, 1.024999999999999911, -0.4575876180247832603 ) ) ;
#5911 = CARTESIAN_POINT ( 'NONE',  ( -0.2577146742192040207, 1.024999999999999911, 1.466000064178921480 ) ) ;
#5912 = CARTESIAN_POINT ( 'NONE',  ( 0.5229012429291436392, 1.034999999999999920, -1.063179206688315004 ) ) ;
#5913 = MECHANICAL_DESIGN_GEOMETRIC_PRESENTATION_REPRESENTATION (  '', ( #3568 ), #6334 ) ;
#5914 = DIRECTION ( 'NONE',  ( 0.000000000000000000, -0.000000000000000000, 1.000000000000000000 ) ) ;
#5915 = DIRECTION ( 'NONE',  ( 0.000000000000000000, 1.000000000000000000, 0.000000000000000000 ) ) ;
#5916 = CARTESIAN_POINT ( 'NONE',  ( 0.4641704701746396378, 1.024999999999999467, 1.248891001546740487 ) ) ;
#5917 =( LENGTH_UNIT ( ) NAMED_UNIT ( * ) SI_UNIT ( .MILLI., .METRE. ) );
#5918 = CARTESIAN_POINT ( 'NONE',  ( 0.7897367586911808734, 1.034999999999999920, 0.8949845457384369984 ) ) ;
#5919 = ORIENTED_EDGE ( 'NONE', *, *, #986, .T. ) ;
#5920 = CARTESIAN_POINT ( 'NONE',  ( -0.1001450165801050368, 1.025000000000000133, 1.360971408330851062 ) ) ;
#5921 =( NAMED_UNIT ( * ) SI_UNIT ( $, .STERADIAN. ) SOLID_ANGLE_UNIT ( ) );
#5922 = CARTESIAN_POINT ( 'NONE',  ( 0.2507567214230724262, 1.024999999999999911, -0.8015831361758598561 ) ) ;
#5923 = CARTESIAN_POINT ( 'NONE',  ( 0.1091292488734788568, 1.025000000000000355, 1.023402570223236108 ) ) ;
#5924 = CARTESIAN_POINT ( 'NONE',  ( 0.3025240384615390798, 1.024999999999999911, -0.7884615384615384359 ) ) ;
#5925 = PRESENTATION_LAYER_ASSIGNMENT (  '', '', ( #862 ) ) ;
#5926 = CARTESIAN_POINT ( 'NONE',  ( 0.5673076923076922906, 1.025000000000000133, 0.7500000000000002220 ) ) ;
#5927 = CARTESIAN_POINT ( 'NONE',  ( 0.5107572115384620970, 1.035000000000000142, -0.02223557692307692041 ) ) ;
#5928 = UNCERTAINTY_MEASURE_WITH_UNIT (LENGTH_MEASURE( 1.000000000000000082E-05 ), #1673, 'distance_accuracy_value', 'NONE');
#5929 = ORIENTED_EDGE ( 'NONE', *, *, #1879, .T. ) ;
#5930 = CARTESIAN_POINT ( 'NONE',  ( 0.5229012429291436392, 1.024999999999999689, -1.063179206688315004 ) ) ;
#5931 = CARTESIAN_POINT ( 'NONE',  ( 0.1903382224432993153, 1.024999999999999689, -1.260782450121067821 ) ) ;
#5932 = CARTESIAN_POINT ( 'NONE',  ( 1.605000000000000204, -1.024999999999999467, 1.625000000000000000 ) ) ;
#5933 = CARTESIAN_POINT ( 'NONE',  ( -0.1825227462300418046, 1.034999999999999920, 1.317561331180454154 ) ) ;
#5934 = ORIENTED_EDGE ( 'NONE', *, *, #3621, .F. ) ;
#5935 = CARTESIAN_POINT ( 'NONE',  ( 0.5174975620148425381, 1.024999999999999911, 0.7531031900268575496 ) ) ;
#5936 = CARTESIAN_POINT ( 'NONE',  ( -0.7595361534264861714, 1.035000000000000142, -0.002815824034507942268 ) ) ;
#5937 = CARTESIAN_POINT ( 'NONE',  ( 0.04195922953917772397, 1.034999999999999920, 1.111914594161551140 ) ) ;
#5938 = ORIENTED_EDGE ( 'NONE', *, *, #3245, .T. ) ;
#5939 = CARTESIAN_POINT ( 'NONE',  ( -0.7209575719071996680, 1.035000000000000142, 0.9148738954979116489 ) ) ;
#5940 = CARTESIAN_POINT ( 'NONE',  ( -0.6531636197334607097, 1.025000000000000133, -0.5620760748862947409 ) ) ;
#5941 = ORIENTED_EDGE ( 'NONE', *, *, #5758, .T. ) ;
#5942 = CARTESIAN_POINT ( 'NONE',  ( 0.6792223042076592776, 1.034999999999999920, -0.1594294256854960901 ) ) ;
#5943 = ORIENTED_EDGE ( 'NONE', *, *, #4890, .T. ) ;
#5944 = CARTESIAN_POINT ( 'NONE',  ( 0.5186337150232300797, 1.024999999999999689, -1.044226880279282454 ) ) ;
#5945 = ORIENTED_EDGE ( 'NONE', *, *, #4931, .T. ) ;
#5946 = MECHANICAL_DESIGN_GEOMETRIC_PRESENTATION_REPRESENTATION (  '', ( #2100 ), #6286 ) ;
#5947 = PLANE ( 'NONE',  #2388 ) ;
#5948 = FILL_AREA_STYLE ('',( #453 ) ) ;
#5949 = CARTESIAN_POINT ( 'NONE',  ( 0.5701670997292723753, 1.024999999999999911, 0.8366587838276426936 ) ) ;
#5950 = FILL_AREA_STYLE ('',( #1035 ) ) ;
#5952 =( NAMED_UNIT ( * ) PLANE_ANGLE_UNIT ( ) SI_UNIT ( $, .RADIAN. ) );
#5951 = LINE ( 'NONE', #803, #1929 ) ;
#5953 = CARTESIAN_POINT ( 'NONE',  ( 0.3551007412901766580, 1.035000000000000586, -1.069114892164733099 ) ) ;
#5954 = COLOUR_RGB ( '',1.000000000000000000, 1.000000000000000000, 1.000000000000000000 ) ;
#5955 = CARTESIAN_POINT ( 'NONE',  ( 0.4817478639510269223, 1.034999999999999698, 1.234212003388962753 ) ) ;
#5956 = PRESENTATION_LAYER_ASSIGNMENT (  '', '', ( #3568 ) ) ;
#5957 = CARTESIAN_POINT ( 'NONE',  ( -0.1043395853067812518, 1.025000000000000133, 0.7631169127271658637 ) ) ;
#5958 = VECTOR ( 'NONE', #3250, 1000.000000000000000 ) ;
#5959 = PRESENTATION_STYLE_ASSIGNMENT (( #3234 ) ) ;
#5960 = CARTESIAN_POINT ( 'NONE',  ( 0.5230769230769236611, 1.034999999999999920, -1.066406250000000000 ) ) ;
#5961 = CARTESIAN_POINT ( 'NONE',  ( -0.7882453496970034390, 1.035000000000000142, 1.355140911848129237 ) ) ;
#5962 = CARTESIAN_POINT ( 'NONE',  ( 0.3403532860644428726, 1.034999999999999698, -0.07696020405434063349 ) ) ;
#5963 = COLOUR_RGB ( '',1.000000000000000000, 1.000000000000000000, 1.000000000000000000 ) ;
#5964 = EDGE_CURVE ( 'NONE', #4688, #3529, #912, .T. ) ;
#5965 = CARTESIAN_POINT ( 'NONE',  ( -0.07662259615384627021, 1.034999999999999920, 1.219501201923077538 ) ) ;
#5966 = CARTESIAN_POINT ( 'NONE',  ( -0.7653846153846148859, 1.024999999999999911, -0.09855769230769233225 ) ) ;
#5967 = CARTESIAN_POINT ( 'NONE',  ( -0.6312080182447957766, 1.034999999999999920, 1.320496778789089554 ) ) ;
#5968 =( GEOMETRIC_REPRESENTATION_CONTEXT ( 3 ) GLOBAL_UNCERTAINTY_ASSIGNED_CONTEXT ( ( #6078 ) ) GLOBAL_UNIT_ASSIGNED_CONTEXT ( ( #3038, #2607, #1540 ) ) REPRESENTATION_CONTEXT ( 'NONE', 'WORKASPACE' ) );
#5969 = EDGE_CURVE ( 'NONE', #5765, #5166, #954, .T. ) ;
#5970 = EDGE_LOOP ( 'NONE', ( #4548, #5463, #1271, #5424 ) ) ;
#5971 =( LENGTH_UNIT ( ) NAMED_UNIT ( * ) SI_UNIT ( .MILLI., .METRE. ) );
#5972 = APPLICATION_CONTEXT ( 'automotive_design' ) ;
#5973 = CARTESIAN_POINT ( 'NONE',  ( 0.05896144353619249545, 1.035000000000000142, -1.218549679676853570 ) ) ;
#5974 = EDGE_CURVE ( 'NONE', #1600, #3087, #6172, .T. ) ;
#5975 = CARTESIAN_POINT ( 'NONE',  ( -0.7613719684852172653, 1.024999999999999689, -0.1911989109514751206 ) ) ;
#5976 = SURFACE_SIDE_STYLE ('',( #6111 ) ) ;
#5977 = EDGE_LOOP ( 'NONE', ( #4210, #5691, #3883, #5088 ) ) ;
#5978 =( NAMED_UNIT ( * ) SI_UNIT ( $, .STERADIAN. ) SOLID_ANGLE_UNIT ( ) );
#5979 = CARTESIAN_POINT ( 'NONE',  ( -0.03496395161090221082, 1.024999999999999911, 0.7505253949516117462 ) ) ;
#5980 =( GEOMETRIC_REPRESENTATION_CONTEXT ( 3 ) GLOBAL_UNCERTAINTY_ASSIGNED_CONTEXT ( ( #4517 ) ) GLOBAL_UNIT_ASSIGNED_CONTEXT ( ( #1392, #1367, #5391 ) ) REPRESENTATION_CONTEXT ( 'NONE', 'WORKASPACE' ) );
#5981 = DIRECTION ( 'NONE',  ( 0.000000000000000000, 0.000000000000000000, 1.000000000000000000 ) ) ;
#5982 = CARTESIAN_POINT ( 'NONE',  ( 0.4376011954984548313, 1.024999999999999689, -1.218838853150802537 ) ) ;
#5983 = CARTESIAN_POINT ( 'NONE',  ( -0.7732125873212843947, 1.034999999999999698, 1.334250950148671899 ) ) ;
#5984 = CARTESIAN_POINT ( 'NONE',  ( -0.02384577843869551197, 1.034999999999999920, 1.295053357843855446 ) ) ;
#5985 = CARTESIAN_POINT ( 'NONE',  ( 0.2128136817681038628, 1.024999999999999911, 0.8949845457384369984 ) ) ;
#5986 = VECTOR ( 'NONE', #4331, 1000.000000000000000 ) ;
#5987 = STYLED_ITEM ( 'NONE', ( #5769 ), #1742 ) ;
#5988 = CARTESIAN_POINT ( 'NONE',  ( 0.6076106976436539409, 1.025000000000000133, 0.8412721904612346924 ) ) ;
#5989 = CARTESIAN_POINT ( 'NONE',  ( -0.6927154494785483507, 1.024999999999999911, -0.4721535821819479173 ) ) ;
#5990 = CARTESIAN_POINT ( 'NONE',  ( 0.2826923076923082423, 1.034999999999999920, -0.9798677884615384359 ) ) ;
#5991 = PRESENTATION_LAYER_ASSIGNMENT (  '', '', ( #937 ) ) ;
#5992 = SURFACE_STYLE_USAGE ( .BOTH. , #1028 ) ;
#5993 = CARTESIAN_POINT ( 'NONE',  ( 0.2242582968817667943, 1.035000000000000142, -0.9044005330044534441 ) ) ;
#5994 = SURFACE_STYLE_USAGE ( .BOTH. , #1946 ) ;
#5995 = CARTESIAN_POINT ( 'NONE',  ( 0.4215144230769235500, 1.024999999999999689, -1.232271634615384581 ) ) ;
#5996 = COLOUR_RGB ( '',1.000000000000000000, 1.000000000000000000, 1.000000000000000000 ) ;
#5997 = CARTESIAN_POINT ( 'NONE',  ( -0.7653846153846148859, 1.024999999999999911, -0.09855769230769233225 ) ) ;
#5998 = CARTESIAN_POINT ( 'NONE',  ( 0.05698605073057927406, 1.024999999999999689, 1.226931528156839368 ) ) ;
#5999 = EDGE_CURVE ( 'NONE', #1065, #4492, #4613, .T. ) ;
#6000 = SURFACE_STYLE_USAGE ( .BOTH. , #1001 ) ;
#6001 = CARTESIAN_POINT ( 'NONE',  ( 0.5940888748797414909, 1.024999999999999911, 0.8385928700513110012 ) ) ;
#6002 = CARTESIAN_POINT ( 'NONE',  ( -0.3561700332716895567, 1.024999999999999911, 0.9356435630111530344 ) ) ;
#6003 = CARTESIAN_POINT ( 'NONE',  ( -0.06617652215147054595, 1.024999999999999911, -1.160870314755158672 ) ) ;
#6004 = UNCERTAINTY_MEASURE_WITH_UNIT (LENGTH_MEASURE( 1.000000000000000082E-05 ), #4809, 'distance_accuracy_value', 'NONE');
#6005 = CARTESIAN_POINT ( 'NONE',  ( -0.2596254240763162247, 1.024999999999999911, 1.494285306604468122 ) ) ;
#6006 = CARTESIAN_POINT ( 'NONE',  ( -0.3859165284652604222, 1.025000000000000355, 0.3448924157040462735 ) ) ;
#6007 = CARTESIAN_POINT ( 'NONE',  ( -0.06617652215147054595, 1.035000000000000142, -1.160870314755158672 ) ) ;
#6008 = CARTESIAN_POINT ( 'NONE',  ( -0.6118870285339792492, 1.035000000000000142, 0.7505253949516117462 ) ) ;
#6009 = EDGE_LOOP ( 'NONE', ( #3090, #1184, #2929, #3221 ) ) ;
#6010 = CARTESIAN_POINT ( 'NONE',  ( 0.3606811036798523440, 1.034999999999999476, -1.077826688113032949 ) ) ;
#6011 = FILL_AREA_STYLE_COLOUR ( '', #6096 ) ;
#6012 = CARTESIAN_POINT ( 'NONE',  ( -0.2276339580243389726, 1.024999999999999689, 0.8706527266382478869 ) ) ;
#6013 = ORIENTED_EDGE ( 'NONE', *, *, #6444, .F. ) ;
#6014 = CARTESIAN_POINT ( 'NONE',  ( 0.3172776075748721114, 1.034999999999999698, 1.482875074157175455 ) ) ;
#6015 = FILL_AREA_STYLE_COLOUR ( '', #5177 ) ;
#6016 = CARTESIAN_POINT ( 'NONE',  ( 0.4152000563056311155, 1.034999999999999920, 0.7911853970708486727 ) ) ;
#6017 = VERTEX_POINT ( 'NONE', #139 ) ;
#6018 = FACE_OUTER_BOUND ( 'NONE', #3445, .T. ) ;
#6019 = SURFACE_STYLE_FILL_AREA ( #3663 ) ;
#6020 = COLOUR_RGB ( '',0.4980392156862745168, 0.4980392156862745168, 0.4980392156862745168 ) ;
#6021 = CARTESIAN_POINT ( 'NONE',  ( 0.1091292488734788568, 1.035000000000000364, 1.023402570223236108 ) ) ;
#6022 = CARTESIAN_POINT ( 'NONE',  ( 0.7019230769230769829, 1.024999999999999911, 0.9579326923076925127 ) ) ;
#6023 = CARTESIAN_POINT ( 'NONE',  ( 0.01595167423189602571, 1.024999999999999911, 0.7504378068874776320 ) ) ;
#6024 = CARTESIAN_POINT ( 'NONE',  ( 0.8493852422833564342, 1.035000000000000142, -0.3780622130387988888 ) ) ;
#6025 = EDGE_LOOP ( 'NONE', ( #2944, #930, #3720, #3018 ) ) ;
#6026 = CARTESIAN_POINT ( 'NONE',  ( 0.04351053239648314253, 1.024999999999999689, 0.8449640240426657956 ) ) ;
#6027 = MECHANICAL_DESIGN_GEOMETRIC_PRESENTATION_REPRESENTATION (  '', ( #4316 ), #2533 ) ;
#6028 = VECTOR ( 'NONE', #5799, 1000.000000000000000 ) ;
#6029 = STYLED_ITEM ( 'NONE', ( #3099 ), #6152 ) ;
#6030 = CARTESIAN_POINT ( 'NONE',  ( -0.4356378398387115713, 1.024999999999999689, 0.3392601711691884403 ) ) ;
#6031 = ADVANCED_FACE ( 'NONE', ( #3565 ), #1652, .T. ) ;
#6032 = CARTESIAN_POINT ( 'NONE',  ( -0.3927084994808447416, 1.024999999999999467, 0.1873888445340720077 ) ) ;
#6033 = CARTESIAN_POINT ( 'NONE',  ( -0.5951085444615579201, 1.024999999999999911, 0.7501776304870996226 ) ) ;
#6034 = CARTESIAN_POINT ( 'NONE',  ( -0.6545623183782736110, 1.024999999999999911, 1.340513759941373451 ) ) ;
#6035 = ORIENTED_EDGE ( 'NONE', *, *, #5999, .F. ) ;
#6036 = VECTOR ( 'NONE', #642, 1000.000000000000000 ) ;
#6037 = CARTESIAN_POINT ( 'NONE',  ( 0.03068762072057684698, 1.034999999999999920, 0.8412721904612346924 ) ) ;
#6038 = CARTESIAN_POINT ( 'NONE',  ( 0.2160440078270891850, 1.034999999999999698, -0.8839159174884698711 ) ) ;
#6039 = SURFACE_STYLE_FILL_AREA ( #338 ) ;
#6040 = CARTESIAN_POINT ( 'NONE',  ( 0.3173076923076922351, 1.034999999999999920, 1.500000000000000222 ) ) ;
#6041 = CARTESIAN_POINT ( 'NONE',  ( 0.4531931899134608588, 1.024999999999999689, -1.200958137612798016 ) ) ;
#6042 = CARTESIAN_POINT ( 'NONE',  ( -0.7642343878807488222, 1.035000000000000142, -0.04998063394649490676 ) ) ;
#6043 = CARTESIAN_POINT ( 'NONE',  ( -0.4664608461556046803, 1.024999999999999689, 0.9000261689353128425 ) ) ;
#6044 = CARTESIAN_POINT ( 'NONE',  ( -0.4973557692307689071, 1.035000000000000142, -0.8061899038461539657 ) ) ;
#6045 = CARTESIAN_POINT ( 'NONE',  ( 0.5940888748797414909, 1.034999999999999920, 0.8385928700513110012 ) ) ;
#6046 = CARTESIAN_POINT ( 'NONE',  ( 0.2211538461538460343, 1.024999999999999689, 0.9570312500000004441 ) ) ;
#6047 = CARTESIAN_POINT ( 'NONE',  ( -0.7253338131151673140, 1.024999999999999911, 0.9276918119063907175 ) ) ;
#6048 = EDGE_CURVE ( 'NONE', #5329, #4511, #2357, .T. ) ;
#6049 = CARTESIAN_POINT ( 'NONE',  ( 0.2307692307692305600, 1.024999999999999911, 1.500000000000000000 ) ) ;
#6050 = CARTESIAN_POINT ( 'NONE',  ( -1.499999999999996891, 1.034999999999999920, -1.650000000000000799 ) ) ;
#6051 = CARTESIAN_POINT ( 'NONE',  ( -0.4259157166336094980, 1.025000000000000133, 1.132741021815065530 ) ) ;
#6052 = CARTESIAN_POINT ( 'NONE',  ( -0.09384299234681901802, 1.024999999999999911, 0.8565253071957876774 ) ) ;
#6053 = CARTESIAN_POINT ( 'NONE',  ( -0.2495492788461539657, 1.034999999999999920, 1.433293269230769607 ) ) ;
#6054 = CARTESIAN_POINT ( 'NONE',  ( -0.1235576923076918271, 1.035000000000000142, -1.129507211538461675 ) ) ;
#6055 = MECHANICAL_DESIGN_GEOMETRIC_PRESENTATION_REPRESENTATION (  '', ( #792 ), #5324 ) ;
#6056 = DIRECTION ( 'NONE',  ( 0.000000000000000000, 0.000000000000000000, -1.000000000000000000 ) ) ;
#6057 = CARTESIAN_POINT ( 'NONE',  ( 0.2155848171870991814, 1.035000000000000142, -0.8781255115052709614 ) ) ;
#6058 = CARTESIAN_POINT ( 'NONE',  ( -0.5101630379669703785, 1.034999999999999920, 0.8562443421471487293 ) ) ;
#6059 =( NAMED_UNIT ( * ) SI_UNIT ( $, .STERADIAN. ) SOLID_ANGLE_UNIT ( ) );
#6060 =( LENGTH_UNIT ( ) NAMED_UNIT ( * ) SI_UNIT ( .MILLI., .METRE. ) );
#6061 = CARTESIAN_POINT ( 'NONE',  ( 0.2205332345556180185, 1.034999999999999698, 0.9793131793324545420 ) ) ;
#6062 = CARTESIAN_POINT ( 'NONE',  ( -0.02384577843869551197, 1.034999999999999920, 1.295053357843855446 ) ) ;
#6063 = ORIENTED_EDGE ( 'NONE', *, *, #224, .F. ) ;
#6064 = CARTESIAN_POINT ( 'NONE',  ( -0.7089247792254714797, 1.024999999999999911, 0.8916546614439557761 ) ) ;
#6065 = MECHANICAL_DESIGN_GEOMETRIC_PRESENTATION_REPRESENTATION (  '', ( #6150 ), #85 ) ;
#6066 = CARTESIAN_POINT ( 'NONE',  ( -0.1001450165801050368, 1.035000000000000142, 1.360971408330851062 ) ) ;
#6067 = ORIENTED_EDGE ( 'NONE', *, *, #6085, .F. ) ;
#6068 = CARTESIAN_POINT ( 'NONE',  ( -0.3594674135130906389, 1.035000000000000364, 0.1918791199386858659 ) ) ;
#6069 = CARTESIAN_POINT ( 'NONE',  ( -0.3951346843693947508, 1.024999999999999911, 1.090131206510948969 ) ) ;
#6070 = CARTESIAN_POINT ( 'NONE',  ( 0.7974563114786952234, 1.035000000000000364, 0.9793131793324549861 ) ) ;
#6071 = CARTESIAN_POINT ( 'NONE',  ( 0.3117942002809458990, 1.034999999999999698, -1.267440639392174884 ) ) ;
#6072 = UNCERTAINTY_MEASURE_WITH_UNIT (LENGTH_MEASURE( 1.000000000000000082E-05 ), #180, 'distance_accuracy_value', 'NONE');
#6073 = CARTESIAN_POINT ( 'NONE',  ( -0.8281944903926312662, 1.034999999999999698, 1.438671195898516331 ) ) ;
#6074 = EDGE_CURVE ( 'NONE', #3545, #137, #976, .T. ) ;
#6075 = CARTESIAN_POINT ( 'NONE',  ( 0.5371149441797241630, 1.024999999999999911, 1.308609899621552941 ) ) ;
#6076 = CARTESIAN_POINT ( 'NONE',  ( 0.7980769230769230171, 1.034999999999999920, 0.9570312500000002220 ) ) ;
#6077 = CARTESIAN_POINT ( 'NONE',  ( -0.7653846153846148859, 1.035000000000000142, -0.09855769230769233225 ) ) ;
#6078 = UNCERTAINTY_MEASURE_WITH_UNIT (LENGTH_MEASURE( 1.000000000000000082E-05 ), #3038, 'distance_accuracy_value', 'NONE');
#6079 = ORIENTED_EDGE ( 'NONE', *, *, #2763, .F. ) ;
#6080 = CARTESIAN_POINT ( 'NONE',  ( -0.5213818887181209671, 1.034999999999999920, 0.8499915930093842054 ) ) ;
#6081 = PRESENTATION_LAYER_ASSIGNMENT (  '', '', ( #2428 ) ) ;
#6082 = B_SPLINE_CURVE_WITH_KNOTS ( 'NONE', 3,
 ( #4883, #4399, #3870, #903, #5942, #386, #4923, #1846, #4421, #3429, #5927 ),
 .UNSPECIFIED., .F., .F.,
 ( 4, 1, 1, 1, 1, 1, 1, 1, 4 ),
 ( 0.000000000000000000, 0.1017995767110253663, 0.2201597004284417958, 0.3476280565145599688, 0.4803480972350018807, 0.6145541392524830338, 0.7501523226899439178, 0.8794241792208842279, 1.000000000000000000 ),
 .UNSPECIFIED. ) ;
#6083 =( LENGTH_UNIT ( ) NAMED_UNIT ( * ) SI_UNIT ( .MILLI., .METRE. ) );
#6084 = CARTESIAN_POINT ( 'NONE',  ( -0.7285108154080124354, 1.034999999999999920, 0.9414258259068326584 ) ) ;
#6085 = EDGE_CURVE ( 'NONE', #4906, #1911, #3426, .T. ) ;
#6086 = SURFACE_STYLE_FILL_AREA ( #3158 ) ;
#6087 = ORIENTED_EDGE ( 'NONE', *, *, #786, .F. ) ;
#6088 = ORIENTED_EDGE ( 'NONE', *, *, #4877, .T. ) ;
#6089 = FILL_AREA_STYLE_COLOUR ( '', #5440 ) ;
#6090 = CARTESIAN_POINT ( 'NONE',  ( 0.7637620192307698064, 1.035000000000000142, -0.2397836538461539102 ) ) ;
#6091 = ADVANCED_FACE ( 'NONE', ( #1462 ), #496, .F. ) ;
#6092 = CARTESIAN_POINT ( 'NONE',  ( -0.5917129518049482062, 1.035000000000000142, -0.07157377934745505488 ) ) ;
#6093 = ORIENTED_EDGE ( 'NONE', *, *, #370, .T. ) ;
#6094 = CARTESIAN_POINT ( 'NONE',  ( -0.6594614132106191295, 1.034999999999999920, 0.7572851291288785758 ) ) ;
#6095 = CARTESIAN_POINT ( 'NONE',  ( -0.6167312096664295806, 1.024999999999999911, 1.308609899621553385 ) ) ;
#6096 = COLOUR_RGB ( '',1.000000000000000000, 1.000000000000000000, 1.000000000000000000 ) ;
#6097 = CARTESIAN_POINT ( 'NONE',  ( -0.7649954426006994046, 1.034999999999999920, -0.08212192723225118784 ) ) ;
#6098 = VECTOR ( 'NONE', #5135, 1000.000000000000000 ) ;
#6099 = ORIENTED_EDGE ( 'NONE', *, *, #4890, .F. ) ;
#6100 = CARTESIAN_POINT ( 'NONE',  ( -0.1235576923076918271, 1.035000000000000142, -1.129507211538461675 ) ) ;
#6101 = CARTESIAN_POINT ( 'NONE',  ( -0.6438953436732306468, 1.024999999999999911, 1.211378676326420933 ) ) ;
#6102 = PRESENTATION_STYLE_ASSIGNMENT (( #691 ) ) ;
#6103 = FILL_AREA_STYLE_COLOUR ( '', #3900 ) ;
#6104 = CARTESIAN_POINT ( 'NONE',  ( 0.6113314052326520587, 1.024999999999999689, -0.1023239656277363518 ) ) ;
#6105 = VECTOR ( 'NONE', #739, 1000.000000000000000 ) ;
#6106 = DIRECTION ( 'NONE',  ( -0.000000000000000000, -1.000000000000000000, -0.000000000000000000 ) ) ;
#6107 = VECTOR ( 'NONE', #3877, 1000.000000000000000 ) ;
#6108 = PRODUCT_DEFINITION_CONTEXT ( 'detailed design', #5972, 'design' ) ;
#6109 = VECTOR ( 'NONE', #2200, 1000.000000000000000 ) ;
#6110 =( GEOMETRIC_REPRESENTATION_CONTEXT ( 3 ) GLOBAL_UNCERTAINTY_ASSIGNED_CONTEXT ( ( #5689 ) ) GLOBAL_UNIT_ASSIGNED_CONTEXT ( ( #4159, #6217, #2672 ) ) REPRESENTATION_CONTEXT ( 'NONE', 'WORKASPACE' ) );
#6111 = SURFACE_STYLE_FILL_AREA ( #3473 ) ;
#6112 = CARTESIAN_POINT ( 'NONE',  ( 0.002947209758249406085, 1.024999999999999911, 0.8368940373264450727 ) ) ;
#6113 = LINE ( 'NONE', #2986, #4725 ) ;
#6114 = STYLED_ITEM ( 'NONE', ( #675 ), #5750 ) ;
#6115 = CARTESIAN_POINT ( 'NONE',  ( 0.3656008041491505267, 1.024999999999999689, 1.355140911848129015 ) ) ;
#6116 = AXIS2_PLACEMENT_3D ( 'NONE', #574, #4614, #4590 ) ;
#6117 = CARTESIAN_POINT ( 'NONE',  ( 0.6459597251254767247, 1.024999999999999911, -0.1307696941625377529 ) ) ;
#6118 = DIRECTION ( 'NONE',  ( -0.000000000000000000, -1.000000000000000000, -0.000000000000000000 ) ) ;
#6119 = CARTESIAN_POINT ( 'NONE',  ( -0.1536681768224490985, 1.024999999999999911, 0.9660415190853475220 ) ) ;
#6120 = CARTESIAN_POINT ( 'NONE',  ( -0.5243458283257840247, 1.034999999999999920, 0.3155960902458150308 ) ) ;
#6121 = VERTEX_POINT ( 'NONE', #5574 ) ;
#6122 = CARTESIAN_POINT ( 'NONE',  ( 0.2571514423076928235, 1.034999999999999920, -1.269230769230769162 ) ) ;
#6123 = FILL_AREA_STYLE ('',( #201 ) ) ;
#6124 = CARTESIAN_POINT ( 'NONE',  ( -0.3242788461538456679, 1.034999999999999920, 0.1923076923076923184 ) ) ;
#6125 = EDGE_CURVE ( 'NONE', #4381, #1023, #5342, .T. ) ;
#6126 = CARTESIAN_POINT ( 'NONE',  ( 0.2769830466595592511, 1.024999999999999689, -0.9742509001420098791 ) ) ;
#6127 = CARTESIAN_POINT ( 'NONE',  ( -0.8365384615384615641, 1.034999999999999920, 1.500000000000000222 ) ) ;
#6128 = ADVANCED_FACE ( 'NONE', ( #5879 ), #2585, .T. ) ;
#6129 = CARTESIAN_POINT ( 'NONE',  ( -0.6312080182447957766, 1.024999999999999467, 1.320496778789089554 ) ) ;
#6130 = B_SPLINE_CURVE_WITH_KNOTS ( 'NONE', 3,
 ( #128, #2101, #2711, #679, #2621, #5154, #6132, #148, #5668, #4672, #3657, #607, #6169, #5185, #2123, #3150, #652, #2645, #102 ),
 .UNSPECIFIED., .F., .F.,
 ( 4, 1, 1, 1, 1, 1, 1, 1, 1, 1, 1, 1, 1, 1, 1, 1, 4 ),
 ( 0.000000000000000000, 0.05794487546232589964, 0.1160176254256826689, 0.1748257843638406361, 0.2346830900793710206, 0.2968270303289142764, 0.3640613359637882573, 0.4361924240497391247, 0.5142601195414410187, 0.5569758971654885649, 0.6048559283836539846, 0.6576752010734879805, 0.7157505846619325318, 0.7788397991664557374, 0.8475011894738632146, 0.9212282309463235563, 1.000000000000000000 ),
 .UNSPECIFIED. ) ;
#6131 = CARTESIAN_POINT ( 'NONE',  ( 0.8500000000000005329, 1.034999999999999920, -0.3948317307692308376 ) ) ;
#6132 = CARTESIAN_POINT ( 'NONE',  ( -0.3824869941083212099, 1.035000000000000142, 1.067602144398379194 ) ) ;
#6133 = CARTESIAN_POINT ( 'NONE',  ( 0.4160778691295344833, 1.024999999999999467, -0.8630590810234309851 ) ) ;
#6134 =( NAMED_UNIT ( * ) SI_UNIT ( $, .STERADIAN. ) SOLID_ANGLE_UNIT ( ) );
#6135 = CARTESIAN_POINT ( 'NONE',  ( 0.4383311012913728155, 1.034999999999999920, 0.9028740862858286587 ) ) ;
#6136 = CARTESIAN_POINT ( 'NONE',  ( 0.6807072769067453732, 1.034999999999999698, 0.8900286707375894002 ) ) ;
#6137 = CARTESIAN_POINT ( 'NONE',  ( 0.6870280247242083194, 1.034999999999999920, 1.177012512762981800 ) ) ;
#6138 =( LENGTH_UNIT ( ) NAMED_UNIT ( * ) SI_UNIT ( .MILLI., .METRE. ) );
#6139 = CARTESIAN_POINT ( 'NONE',  ( -0.08712521564218052295, 1.035000000000000142, -1.149688886720175551 ) ) ;
#6140 = CARTESIAN_POINT ( 'NONE',  ( -0.4522385491860982931, 1.024999999999999689, 0.9708214919927355968 ) ) ;
#6141 = CARTESIAN_POINT ( 'NONE',  ( -0.7732125873212843947, 1.034999999999999698, 1.334250950148671899 ) ) ;
#6142 = CARTESIAN_POINT ( 'NONE',  ( -0.2356423811577771921, 1.035000000000000364, 0.8912785242938495722 ) ) ;
#6143 = ORIENTED_EDGE ( 'NONE', *, *, #528, .T. ) ;
#6144 = CARTESIAN_POINT ( 'NONE',  ( 0.1194637465900133533, 1.035000000000000142, 0.9969243262400653283 ) ) ;
#6145 = CARTESIAN_POINT ( 'NONE',  ( 0.7830146141232979806, 1.024999999999999467, 0.8759254739018295099 ) ) ;
#6146 = PRESENTATION_LAYER_ASSIGNMENT (  '', '', ( #3926 ) ) ;
#6147 = CARTESIAN_POINT ( 'NONE',  ( 0.1252767565014969164, 1.034999999999999920, 0.7831533228634260935 ) ) ;
#6148 = CARTESIAN_POINT ( 'NONE',  ( 0.6963868235130904472, 1.025000000000000133, 0.9969243262400653283 ) ) ;
#6149 = CARTESIAN_POINT ( 'NONE',  ( 0.3929687500000005329, 1.024999999999999689, -0.8335336538461538547 ) ) ;
#6150 = STYLED_ITEM ( 'NONE', ( #3036 ), #1032 ) ;
#6151 = UNCERTAINTY_MEASURE_WITH_UNIT (LENGTH_MEASURE( 1.000000000000000082E-05 ), #4943, 'distance_accuracy_value', 'NONE');
#6152 = ADVANCED_FACE ( 'NONE', ( #1688 ), #1978, .F. ) ;
#6153 = CARTESIAN_POINT ( 'NONE',  ( 0.5371149441797241630, 1.024999999999999245, 1.308609899621552941 ) ) ;
#6154 = CARTESIAN_POINT ( 'NONE',  ( 0.7018186768974628009, 1.034999999999999920, 0.9537176434545547865 ) ) ;
#6155 = CARTESIAN_POINT ( 'NONE',  ( -0.3708315397228558741, 1.035000000000000142, 0.8759254739018296210 ) ) ;
#6156 = CARTESIAN_POINT ( 'NONE',  ( 0.01307091346153835265, 1.034999999999999920, 1.264723557692308153 ) ) ;
#6157 = VERTEX_POINT ( 'NONE', #140 ) ;
#6158 = CARTESIAN_POINT ( 'NONE',  ( -0.4504852350230372782, 1.035000000000000364, 0.1716493857199549722 ) ) ;
#6159 = CARTESIAN_POINT ( 'NONE',  ( -0.5185713438862951108, 1.024999999999999911, 1.094640769511485479 ) ) ;
#6160 = CARTESIAN_POINT ( 'NONE',  ( -0.6720982898951269879, 1.025000000000000133, 1.234212003388963197 ) ) ;
#6161 = CARTESIAN_POINT ( 'NONE',  ( 0.5899939903846154188, 1.024999999999999689, 1.264723557692307931 ) ) ;
#6162 = ORIENTED_EDGE ( 'NONE', *, *, #3213, .F. ) ;
#6163 = CARTESIAN_POINT ( 'NONE',  ( 0.8113069937680609245, 1.034999999999999920, -0.4575876180247832603 ) ) ;
#6164 = B_SPLINE_CURVE_WITH_KNOTS ( 'NONE', 3,
 ( #6525, #5465, #948, #3434, #5512, #3471, #1940, #430, #5526, #491, #4956, #472, #3950, #2474, #5988, #889, #2501, #5949, #4998 ),
 .UNSPECIFIED., .F., .F.,
 ( 4, 1, 1, 1, 1, 1, 1, 1, 1, 1, 1, 1, 1, 1, 1, 1, 4 ),
 ( 0.000000000000000000, 0.06176215676807091104, 0.1211739926536290618, 0.1794214068253153216, 0.2368434346502752974, 0.2943217954133982017, 0.3531909627945244989, 0.4127207064163244676, 0.4745221507037177822, 0.5370567441421367771, 0.5995913375805556056, 0.6623669793543061068, 0.7252456446794918188, 0.7903164461250806738, 0.8577243009540927998, 0.9272319523784928741, 1.000000000000000000 ),
 .UNSPECIFIED. ) ;
#6165 = EDGE_CURVE ( 'NONE', #5539, #4747, #3311, .T. ) ;
#6166 = CARTESIAN_POINT ( 'NONE',  ( -0.3461538461538462008, 1.034999999999999920, 1.403846153846154188 ) ) ;
#6167 = EDGE_LOOP ( 'NONE', ( #96, #5563, #2617, #5038 ) ) ;
#6168 = CARTESIAN_POINT ( 'NONE',  ( 0.2060915372002209978, 1.034999999999999920, 0.8759254739018299540 ) ) ;
#6169 = CARTESIAN_POINT ( 'NONE',  ( -0.4668181291219452578, 1.034999999999999920, 1.177012512762981800 ) ) ;
#6170 = VECTOR ( 'NONE', #3746, 1000.000000000000000 ) ;
#6171 = CIRCLE ( 'NONE', #2186, 0.04999999999999991257 ) ;
#6172 = LINE ( 'NONE', #4709, #4698 ) ;
#6173 = CARTESIAN_POINT ( 'NONE',  ( 0.4111907834322256483, 1.034999999999999920, 0.05169397258592269701 ) ) ;
#6174 = CARTESIAN_POINT ( 'NONE',  ( -0.02214879560318189916, 1.024999999999999911, 1.172529277259951153 ) ) ;
#6175 = CARTESIAN_POINT ( 'NONE',  ( 0.6123197115384620970, 1.034999999999999920, -0.2848557692307692180 ) ) ;
#6176 = VERTEX_POINT ( 'NONE', #6514 ) ;
#6177 = CARTESIAN_POINT ( 'NONE',  ( 0.4830800845762579510, 1.024999999999999689, 0.8565253071957876774 ) ) ;
#6178 = CARTESIAN_POINT ( 'NONE',  ( -0.5413300909498250935, 1.025000000000000133, 1.245493178173427085 ) ) ;
#6179 = CARTESIAN_POINT ( 'NONE',  ( 0.6339091276536564790, 1.024999999999999689, 1.226931528156839590 ) ) ;
#6180 = PRESENTATION_LAYER_ASSIGNMENT (  '', '', ( #1114 ) ) ;
#6181 = COLOUR_RGB ( '',1.000000000000000000, 1.000000000000000000, 1.000000000000000000 ) ;
#6182 = CARTESIAN_POINT ( 'NONE',  ( 0.5230769230769236611, 1.034999999999999920, -1.066406250000000000 ) ) ;
#6183 = CARTESIAN_POINT ( 'NONE',  ( -0.02214879560318189916, 1.034999999999999920, 1.172529277259951153 ) ) ;
#6184 = FILL_AREA_STYLE ('',( #3139 ) ) ;
#6185 = DIRECTION ( 'NONE',  ( -0.000000000000000000, -1.000000000000000000, -0.000000000000000000 ) ) ;
#6186 = CARTESIAN_POINT ( 'NONE',  ( 0.6873969098756016471, 1.035000000000000142, -0.3498868159651466470 ) ) ;
#6187 = FILL_AREA_STYLE_COLOUR ( '', #3827 ) ;
#6188 =( NAMED_UNIT ( * ) PLANE_ANGLE_UNIT ( ) SI_UNIT ( $, .RADIAN. ) );
#6189 = FACE_OUTER_BOUND ( 'NONE', #1990, .T. ) ;
#6190 = VECTOR ( 'NONE', #698, 1000.000000000000000 ) ;
#6191 = CARTESIAN_POINT ( 'NONE',  ( 0.8391768866871927024, 1.035000000000000142, -0.4340823287024250243 ) ) ;
#6192 = ORIENTED_EDGE ( 'NONE', *, *, #4426, .T. ) ;
#6193 = CARTESIAN_POINT ( 'NONE',  ( 0.7739519067024717147, 1.024999999999999467, 0.8579668031823564078 ) ) ;
#6194 = PRESENTATION_LAYER_ASSIGNMENT (  '', '', ( #5876 ) ) ;
#6195 = CARTESIAN_POINT ( 'NONE',  ( 0.3929687500000005329, 1.034999999999999920, -0.8335336538461538547 ) ) ;
#6196 = CARTESIAN_POINT ( 'NONE',  ( 0.3988491489814942614, 1.024999999999999689, 0.8038894595579940683 ) ) ;
#6197 = CARTESIAN_POINT ( 'NONE',  ( 0.2307692307692306155, 1.034999999999999920, 1.403846153846154410 ) ) ;
#6198 =( NAMED_UNIT ( * ) PLANE_ANGLE_UNIT ( ) SI_UNIT ( $, .RADIAN. ) );
#6199 = CARTESIAN_POINT ( 'NONE',  ( 0.5214117085729133017, 1.025000000000000133, -0.03040106579908926840 ) ) ;
#6200 = CARTESIAN_POINT ( 'NONE',  ( 0.4232549001006278844, 1.024999999999999911, 0.9660415190853474110 ) ) ;
#6201 = EDGE_CURVE ( 'NONE', #3732, #6389, #3817, .T. ) ;
#6202 = CARTESIAN_POINT ( 'NONE',  ( 0.3025240384615390798, 1.034999999999999920, -0.7884615384615384359 ) ) ;
#6203 = CARTESIAN_POINT ( 'NONE',  ( 0.8013403303447494963, 1.025000000000000133, -0.2830949145059511451 ) ) ;
#6204 = PLANE ( 'NONE',  #3748 ) ;
#6205 = CARTESIAN_POINT ( 'NONE',  ( 0.1736534996462657798, 1.024999999999999689, 0.8244472621065876972 ) ) ;
#6206 = CARTESIAN_POINT ( 'NONE',  ( -0.2175946450717252956, 1.035000000000000364, 0.8517178425193889790 ) ) ;
#6207 = MECHANICAL_DESIGN_GEOMETRIC_PRESENTATION_REPRESENTATION (  '', ( #5216 ), #5968 ) ;
#6208 = CARTESIAN_POINT ( 'NONE',  ( 0.4236032154974251895, 1.024999999999999911, 0.9560362824859588438 ) ) ;
#6209 = CARTESIAN_POINT ( 'NONE',  ( -0.2356423811577771921, 1.025000000000000355, 0.8912785242938495722 ) ) ;
#6210 = CARTESIAN_POINT ( 'NONE',  ( -0.6007688553617724914, 1.034999999999999698, 1.295053357843854336 ) ) ;
#6211 = VECTOR ( 'NONE', #2038, 1000.000000000000000 ) ;
#6212 = EDGE_CURVE ( 'NONE', #1039, #4482, #35, .T. ) ;
#6213 = B_SPLINE_CURVE_WITH_KNOTS ( 'NONE', 3,
 ( #4853, #5299, #4295, #1821, #3316, #810, #1279, #1804, #6269 ),
 .UNSPECIFIED., .F., .F.,
 ( 4, 1, 1, 1, 1, 1, 4 ),
 ( 0.000000000000000000, 0.1721040002205779518, 0.3251104590458972488, 0.4612272505695235725, 0.5810596373885457133, 0.7948419735329883551, 1.000000000000000000 ),
 .UNSPECIFIED. ) ;
#6214 = CARTESIAN_POINT ( 'NONE',  ( 0.7199380304298355071, 1.024999999999999467, 0.7952156366747696881 ) ) ;
#6215 =( NAMED_UNIT ( * ) SI_UNIT ( $, .STERADIAN. ) SOLID_ANGLE_UNIT ( ) );
#6216 = CARTESIAN_POINT ( 'NONE',  ( 0.7016076046600554506, 1.024999999999999689, 0.9708214919927355968 ) ) ;
#6217 =( NAMED_UNIT ( * ) PLANE_ANGLE_UNIT ( ) SI_UNIT ( $, .RADIAN. ) );
#6218 = CARTESIAN_POINT ( 'NONE',  ( 1.500000000000003109, 1.024999999999999911, -1.650000000000001021 ) ) ;
#6219 = ORIENTED_EDGE ( 'NONE', *, *, #1480, .T. ) ;
#6220 =( NAMED_UNIT ( * ) PLANE_ANGLE_UNIT ( ) SI_UNIT ( $, .RADIAN. ) );
#6221 = VERTEX_POINT ( 'NONE', #1076 ) ;
#6222 = ADVANCED_FACE ( 'NONE', ( #1048 ), #1053, .T. ) ;
#6223 = CARTESIAN_POINT ( 'NONE',  ( 0.4947857505198550165, 1.035000000000000586, 0.8502074897336966419 ) ) ;
#6224 = CARTESIAN_POINT ( 'NONE',  ( 0.1227473827252340277, 1.035000000000000142, 0.9333452975440976740 ) ) ;
#6225 = CARTESIAN_POINT ( 'NONE',  ( -1.849999999999999645, -1.024999999999999911, 2.000000000000000000 ) ) ;
#6226 = CARTESIAN_POINT ( 'NONE',  ( -1.499999999999996891, 1.034999999999999920, -1.650000000000000799 ) ) ;
#6227 = VERTEX_POINT ( 'NONE', #5661 ) ;
#6228 = CARTESIAN_POINT ( 'NONE',  ( 0.1863848271403546752, 1.025000000000000133, 0.8407290785386316578 ) ) ;
#6229 = CARTESIAN_POINT ( 'NONE',  ( 0.4376011954984548313, 1.024999999999999911, -1.218838853150802537 ) ) ;
#6230 = CARTESIAN_POINT ( 'NONE',  ( 0.7837557416071432304, 1.035000000000000364, -0.4405436568411988385 ) ) ;
#6231 = SURFACE_SIDE_STYLE ('',( #2172 ) ) ;
#6232 = STYLED_ITEM ( 'NONE', ( #6316 ), #1668 ) ;
#6233 = CARTESIAN_POINT ( 'NONE',  ( -0.6707660692698956817, 1.024999999999999245, 0.8565253071957872333 ) ) ;
#6234 = CARTESIAN_POINT ( 'NONE',  ( 0.4620248136474141565, 1.035000000000000364, 0.8721003435082631539 ) ) ;
#6235 = MECHANICAL_DESIGN_GEOMETRIC_PRESENTATION_REPRESENTATION (  '', ( #2622 ), #717 ) ;
#6236 = CARTESIAN_POINT ( 'NONE',  ( 0.1817883925536819545, 1.034999999999999920, 1.090131206510949413 ) ) ;
#6237 = CARTESIAN_POINT ( 'NONE',  ( 0.3268078581907115088, 1.034999999999999698, -0.7899052677540470135 ) ) ;
#6238 = PRESENTATION_LAYER_ASSIGNMENT (  '', '', ( #6029 ) ) ;
#6239 = ORIENTED_EDGE ( 'NONE', *, *, #370, .F. ) ;
#6240 = CARTESIAN_POINT ( 'NONE',  ( -0.5918774928055327011, 1.024999999999999467, -0.1084899168210473192 ) ) ;
#6241 = CARTESIAN_POINT ( 'NONE',  ( -0.2596254240763162247, 1.024999999999999911, 1.494285306604468122 ) ) ;
#6242 = CARTESIAN_POINT ( 'NONE',  ( 0.4767780603429721542, 1.034999999999999920, 1.360971408330850618 ) ) ;
#6243 = ORIENTED_EDGE ( 'NONE', *, *, #3676, .T. ) ;
#6244 = VERTEX_POINT ( 'NONE', #2593 ) ;
#6245 = CARTESIAN_POINT ( 'NONE',  ( 0.8382453916543842753, 1.025000000000000355, -0.3426942379960157825 ) ) ;
#6246 = CARTESIAN_POINT ( 'NONE',  ( 0.2874816416264610042, 1.024999999999999023, -1.113969992589462388 ) ) ;
#6247 = EDGE_CURVE ( 'NONE', #2719, #4383, #3255, .T. ) ;
#6248 = ORIENTED_EDGE ( 'NONE', *, *, #1103, .T. ) ;
#6249 = CARTESIAN_POINT ( 'NONE',  ( -0.3708315397228558741, 1.025000000000000133, 0.8759254739018296210 ) ) ;
#6250 = ORIENTED_EDGE ( 'NONE', *, *, #3469, .F. ) ;
#6251 = CARTESIAN_POINT ( 'NONE',  ( 0.1591258674102027093, 1.024999999999999911, 0.8091909101105899671 ) ) ;
#6252 = CARTESIAN_POINT ( 'NONE',  ( -0.5026283188875922958, 1.034999999999999698, -0.4737855873020376807 ) ) ;
#6253 = CARTESIAN_POINT ( 'NONE',  ( -1.499999999999996891, 1.034999999999999920, -1.650000000000000799 ) ) ;
#6254 = FILL_AREA_STYLE ('',( #4782 ) ) ;
#6255 = FACE_OUTER_BOUND ( 'NONE', #425, .T. ) ;
#6256 = VERTEX_POINT ( 'NONE', #2632 ) ;
#6257 = FILL_AREA_STYLE_COLOUR ( '', #3743 ) ;
#6258 = ADVANCED_FACE ( 'NONE', ( #2724 ), #4083, .F. ) ;
#6259 = CARTESIAN_POINT ( 'NONE',  ( -0.7307692307692308376, 1.024999999999999911, 0.9711538461538463674 ) ) ;
#6260 = B_SPLINE_CURVE_WITH_KNOTS ( 'NONE', 3,
 ( #3218, #6294, #4790, #1259, #3799, #2242, #1299, #3274, #264, #5774, #5369, #2754, #4833 ),
 .UNSPECIFIED., .F., .F.,
 ( 4, 1, 1, 1, 1, 1, 1, 1, 1, 1, 4 ),
 ( 0.000000000000000000, 0.04398504629311398434, 0.09255174981888075747, 0.1471760916490177651, 0.2077162963000876994, 0.3374908720733645895, 0.4746268733997882627, 0.6145941873578287806, 0.7553687989046374840, 0.8864344517503219834, 1.000000000000000000 ),
 .UNSPECIFIED. ) ;
#6261 = PRESENTATION_STYLE_ASSIGNMENT (( #4414 ) ) ;
#6262 =( NAMED_UNIT ( * ) PLANE_ANGLE_UNIT ( ) SI_UNIT ( $, .RADIAN. ) );
#6263 = CARTESIAN_POINT ( 'NONE',  ( 0.4595716186586141228, 1.034999999999999698, 1.378555665817288833 ) ) ;
#6264 = CARTESIAN_POINT ( 'NONE',  ( 0.3731240515489665510, 1.034999999999999698, -0.8134077580378032968 ) ) ;
#6265 = PRESENTATION_STYLE_ASSIGNMENT (( #5829 ) ) ;
#6266 = CARTESIAN_POINT ( 'NONE',  ( -1.849999999999999645, 1.024999999999999911, 1.849999999999999423 ) ) ;
#6267 = LINE ( 'NONE', #3295, #4472 ) ;
#6268 = VECTOR ( 'NONE', #6416, 1000.000000000000000 ) ;
#6269 = CARTESIAN_POINT ( 'NONE',  ( 0.4215144230769235500, 1.024999999999999911, -1.232271634615384581 ) ) ;
#6270 = SURFACE_STYLE_FILL_AREA ( #3772 ) ;
#6271 = CARTESIAN_POINT ( 'NONE',  ( -1.849999999999999645, 1.024999999999999911, 2.000000000000000000 ) ) ;
#6272 = CARTESIAN_POINT ( 'NONE',  ( 1.999999999999999112, -1.024999999999999911, -1.850000000000000977 ) ) ;
#6273 = CARTESIAN_POINT ( 'NONE',  ( -0.5865384615384614531, 1.034999999999999920, 0.7500000000000002220 ) ) ;
#6274 = CIRCLE ( 'NONE', #14, 0.04999999999999991257 ) ;
#6275 = AXIS2_PLACEMENT_3D ( 'NONE', #2814, #5915, #5851 ) ;
#6276 = DIRECTION ( 'NONE',  ( -1.000000000000000000, 0.000000000000000000, 0.000000000000000000 ) ) ;
#6277 = CARTESIAN_POINT ( 'NONE',  ( 0.5928747511549730120, 1.034999999999999698, 0.7504378068874770769 ) ) ;
#6278 = CIRCLE ( 'NONE', #4563, 0.04999999999999991257 ) ;
#6279 = CARTESIAN_POINT ( 'NONE',  ( -0.7654663496555110802, 1.034999999999999920, -0.1448041258526025499 ) ) ;
#6280 = CARTESIAN_POINT ( 'NONE',  ( 0.06379714921873078093, 1.034999999999999698, 0.7580082180372673673 ) ) ;
#6281 = CARTESIAN_POINT ( 'NONE',  ( -0.03496395161090221082, 1.034999999999999920, 0.7505253949516117462 ) ) ;
#6282 = CARTESIAN_POINT ( 'NONE',  ( 0.2826923076923082423, 1.034999999999999920, -0.9798677884615384359 ) ) ;
#6283 = CARTESIAN_POINT ( 'NONE',  ( 0.5107572115384619860, 1.024999999999999689, -0.02223557692307691694 ) ) ;
#6284 = UNCERTAINTY_MEASURE_WITH_UNIT (LENGTH_MEASURE( 1.000000000000000082E-05 ), #4665, 'distance_accuracy_value', 'NONE');
#6285 = VERTEX_POINT ( 'NONE', #597 ) ;
#6286 =( GEOMETRIC_REPRESENTATION_CONTEXT ( 3 ) GLOBAL_UNCERTAINTY_ASSIGNED_CONTEXT ( ( #6004 ) ) GLOBAL_UNIT_ASSIGNED_CONTEXT ( ( #4809, #3820, #5857 ) ) REPRESENTATION_CONTEXT ( 'NONE', 'WORKASPACE' ) );
#6287 = CARTESIAN_POINT ( 'NONE',  ( 0.1246845277369785371, 1.035000000000000142, 0.9708214919927359299 ) ) ;
#6288 = CARTESIAN_POINT ( 'NONE',  ( -0.5363535510791684890, 1.034999999999999920, 0.7533978999952607447 ) ) ;
#6289 = CARTESIAN_POINT ( 'NONE',  ( 0.09428627689420837621, 1.034999999999999920, 1.192704292644374720 ) ) ;
#6290 =( GEOMETRIC_REPRESENTATION_CONTEXT ( 3 ) GLOBAL_UNCERTAINTY_ASSIGNED_CONTEXT ( ( #4926 ) ) GLOBAL_UNIT_ASSIGNED_CONTEXT ( ( #5971, #3689, #5745 ) ) REPRESENTATION_CONTEXT ( 'NONE', 'WORKASPACE' ) );
#6291 = CARTESIAN_POINT ( 'NONE',  ( 0.1660975507892901992, 1.034999999999999920, 1.113162156003708159 ) ) ;
#6292 = CARTESIAN_POINT ( 'NONE',  ( 0.2399004381831472132, 1.034999999999999920, -1.114948317319025106 ) ) ;
#6293 = UNCERTAINTY_MEASURE_WITH_UNIT (LENGTH_MEASURE( 1.000000000000000082E-05 ), #3219, 'distance_accuracy_value', 'NONE');
#6294 = CARTESIAN_POINT ( 'NONE',  ( 0.2536308821443046813, 1.034999999999999920, -1.115244062865741181 ) ) ;
#6295 = CARTESIAN_POINT ( 'NONE',  ( -0.5433698671232168875, 1.024999999999999467, -0.3657578123004284198 ) ) ;
#6296 = CARTESIAN_POINT ( 'NONE',  ( -0.2415561252545030124, 1.024999999999999911, 0.1873539520022203253 ) ) ;
#6297 = CARTESIAN_POINT ( 'NONE',  ( 0.7850000000000001421, -1.025000000000000355, -1.574999999999999734 ) ) ;
#6298 = CARTESIAN_POINT ( 'NONE',  ( -0.1741733479791433004, 1.024999999999999911, -1.098788724700767050 ) ) ;
#6299 = EDGE_CURVE ( 'NONE', #527, #2154, #2412, .T. ) ;
#6300 = LINE ( 'NONE', #5693, #1809 ) ;
#6301 = CARTESIAN_POINT ( 'NONE',  ( -0.4399622348513769210, 1.024999999999999467, 1.149153048603420046 ) ) ;
#6302 = CARTESIAN_POINT ( 'NONE',  ( 0.5759803543715629193, 1.034999999999999920, 0.7501485095022860650 ) ) ;
#6303 = CARTESIAN_POINT ( 'NONE',  ( -0.1573431819201525916, 1.034999999999999920, -0.9199207648865372899 ) ) ;
#6304 = CARTESIAN_POINT ( 'NONE',  ( -0.4516463204215797611, 1.024999999999999689, 0.7831533228634257604 ) ) ;
#6305 = CARTESIAN_POINT ( 'NONE',  ( 0.2207530436513871208, 1.034999999999999920, 0.9356435630111534785 ) ) ;
#6306 = CARTESIAN_POINT ( 'NONE',  ( -0.2415561252545030124, 1.034999999999999920, 0.1873539520022203253 ) ) ;
#6307 = STYLED_ITEM ( 'NONE', ( #2258 ), #1005 ) ;
#6308 = VECTOR ( 'NONE', #1228, 1000.000000000000000 ) ;
#6309 = CARTESIAN_POINT ( 'NONE',  ( -1.849999999999999645, -1.024999999999999911, 1.849999999999999423 ) ) ;
#6310 = CARTESIAN_POINT ( 'NONE',  ( -0.07081068470351595256, 1.035000000000000142, 0.3014995578893299166 ) ) ;
#6311 = EDGE_CURVE ( 'NONE', #6285, #3414, #3400, .T. ) ;
#6312 = VERTEX_POINT ( 'NONE', #2159 ) ;
#6313 = CARTESIAN_POINT ( 'NONE',  ( -0.6331293773773475353, 1.024999999999999911, 0.8412040476659463639 ) ) ;
#6314 = EDGE_CURVE ( 'NONE', #4100, #6523, #1769, .T. ) ;
#6315 = B_SPLINE_CURVE_WITH_KNOTS ( 'NONE', 3,
 ( #2905, #5488, #3492, #4495, #2507, #6012, #2461, #5046, #5002, #2003, #6470, #5530, #4040, #5957, #4450, #1464, #5979, #2960, #1479 ),
 .UNSPECIFIED., .F., .F.,
 ( 4, 1, 1, 1, 1, 1, 1, 1, 1, 1, 1, 1, 1, 1, 1, 1, 4 ),
 ( 0.000000000000000000, 0.07067529020333013223, 0.1374926938441248525, 0.2014728253723050144, 0.2628693217722903874, 0.3225500865261559102, 0.3807372513385547386, 0.4382197368560123429, 0.4954874370602860845, 0.5534836796953477300, 0.6113462062294290345, 0.6706437388141555100, 0.7315869484227132125, 0.7941831937999380697, 0.8594451119347495949, 0.9282076353998098828, 0.9999999999999998890 ),
 .UNSPECIFIED. ) ;
#6316 = PRESENTATION_STYLE_ASSIGNMENT (( #864 ) ) ;
#6317 = CARTESIAN_POINT ( 'NONE',  ( 0.8043269230769236611, 1.034999999999999920, -0.4615384615384615641 ) ) ;
#6318 = CARTESIAN_POINT ( 'NONE',  ( 0.1101049478011315585, 1.024999999999999689, 1.177012512762981800 ) ) ;
#6319 = SURFACE_SIDE_STYLE ('',( #6501 ) ) ;
#6320 = ORIENTED_EDGE ( 'NONE', *, *, #1021, .T. ) ;
#6321 = CARTESIAN_POINT ( 'NONE',  ( 0.1140217717651568069, 1.024999999999999689, -1.079663485806535261 ) ) ;
#6322 = AXIS2_PLACEMENT_3D ( 'NONE', #1281, #243, #5301 ) ;
#6323 = CARTESIAN_POINT ( 'NONE',  ( -0.5751048536003156020, 1.035000000000000142, 1.150978442549882574 ) ) ;
#6324 = CARTESIAN_POINT ( 'NONE',  ( -0.1239584053553315218, 1.024999999999999245, 0.8814623108698971254 ) ) ;
#6325 = FILL_AREA_STYLE ('',( #1206 ) ) ;
#6326 = CARTESIAN_POINT ( 'NONE',  ( 0.4595716186586141228, 1.034999999999999698, 1.378555665817288833 ) ) ;
#6327 = FILL_AREA_STYLE ('',( #4328 ) ) ;
#6328 = CARTESIAN_POINT ( 'NONE',  ( -0.3596203333734858121, 1.024999999999999245, 1.001524615184221645 ) ) ;
#6329 = CARTESIAN_POINT ( 'NONE',  ( -0.7831691428522710163, 1.035000000000000142, 0.8340822251097764761 ) ) ;
#6330 = CARTESIAN_POINT ( 'NONE',  ( -0.1962895103982076894, 1.024999999999999911, 1.334250950148672565 ) ) ;
#6331 = CARTESIAN_POINT ( 'NONE',  ( 0.1810024900132512493, 1.035000000000000142, 0.02458421164367133316 ) ) ;
#6332 = CARTESIAN_POINT ( 'NONE',  ( 0.7886984142923576524, 1.035000000000000364, 1.023495007546663116 ) ) ;
#6333 = CARTESIAN_POINT ( 'NONE',  ( -0.5736950307298518403, 1.024999999999999911, -0.2539866503397323894 ) ) ;
#6334 =( GEOMETRIC_REPRESENTATION_CONTEXT ( 3 ) GLOBAL_UNCERTAINTY_ASSIGNED_CONTEXT ( ( #798 ) ) GLOBAL_UNIT_ASSIGNED_CONTEXT ( ( #3387, #4347, #5866 ) ) REPRESENTATION_CONTEXT ( 'NONE', 'WORKASPACE' ) );
#6335 = FILL_AREA_STYLE ('',( #2748 ) ) ;
#6336 = ORIENTED_EDGE ( 'NONE', *, *, #2025, .T. ) ;
#6337 = MECHANICAL_DESIGN_GEOMETRIC_PRESENTATION_REPRESENTATION (  '', ( #937 ), #5095 ) ;
#6338 = DIRECTION ( 'NONE',  ( 0.000000000000000000, 0.000000000000000000, 1.000000000000000000 ) ) ;
#6339 = CARTESIAN_POINT ( 'NONE',  ( -0.7386460975405226836, 1.024999999999999911, 0.7911853970708486727 ) ) ;
#6340 = CARTESIAN_POINT ( 'NONE',  ( 0.3573487925822035893, 1.024999999999999689, -1.089532582265993810 ) ) ;
#6341 = CARTESIAN_POINT ( 'NONE',  ( 0.2601562500000004219, 1.024999999999999911, -1.115384615384615419 ) ) ;
#6342 = VERTEX_POINT ( 'NONE', #2204 ) ;
#6343 = COLOUR_RGB ( '',1.000000000000000000, 1.000000000000000000, 1.000000000000000000 ) ;
#6344 = CARTESIAN_POINT ( 'NONE',  ( -0.7849999999999999201, -1.024999999999999911, -1.625000000000000000 ) ) ;
#6345 = CARTESIAN_POINT ( 'NONE',  ( -0.4516463204215797611, 1.024999999999999689, 0.7831533228634257604 ) ) ;
#6346 = VERTEX_POINT ( 'NONE', #253 ) ;
#6347 = CARTESIAN_POINT ( 'NONE',  ( -0.02713472773045475656, 1.034999999999999920, 0.8368925012777321815 ) ) ;
#6348 = CARTESIAN_POINT ( 'NONE',  ( -0.2241533231784429425, 1.024999999999999911, -1.063631701879000024 ) ) ;
#6349 = COLOUR_RGB ( '',1.000000000000000000, 1.000000000000000000, 1.000000000000000000 ) ;
#6350 = CARTESIAN_POINT ( 'NONE',  ( 0.4890306126040769308, 1.024999999999999911, -0.9797866819997160803 ) ) ;
#6351 = EDGE_CURVE ( 'NONE', #3814, #1359, #4985, .T. ) ;
#6352 = ORIENTED_EDGE ( 'NONE', *, *, #3505, .T. ) ;
#6353 = CARTESIAN_POINT ( 'NONE',  ( -0.5165652840014129943, 1.034999999999999920, -0.7812224859088601203 ) ) ;
#6354 = VERTEX_POINT ( 'NONE', #1248 ) ;
#6355 = CARTESIAN_POINT ( 'NONE',  ( 0.8043269230769236611, 1.024999999999999689, -0.4615384615384615641 ) ) ;
#6356 = CARTESIAN_POINT ( 'NONE',  ( 0.7014330080714856752, 1.034999999999999920, 1.162661105553342678 ) ) ;
#6357 = CARTESIAN_POINT ( 'NONE',  ( 0.7886984142923576524, 1.025000000000000355, 1.023495007546663116 ) ) ;
#6358 = DIRECTION ( 'NONE',  ( -0.000000000000000000, -1.000000000000000000, -0.000000000000000000 ) ) ;
#6359 = CARTESIAN_POINT ( 'NONE',  ( 0.5787413002458381417, 1.024999999999999911, 1.150978442549882352 ) ) ;
#6360 = B_SPLINE_CURVE_WITH_KNOTS ( 'NONE', 3,
 ( #3547, #4166, #571, #4657, #2134, #6120, #5658, #1629, #3574, #3093, #5676, #4144, #2610, #1145, #4634, #5165, #551, #6097, #5594 ),
 .UNSPECIFIED., .F., .F.,
 ( 4, 1, 1, 1, 1, 1, 1, 1, 1, 1, 1, 1, 1, 1, 1, 1, 4 ),
 ( 0.000000000000000000, 0.07541074235512768009, 0.1456952511249711146, 0.2123277195071691104, 0.2754673904410226415, 0.3356803348357260131, 0.3938728512593092645, 0.4504082724225710321, 0.5064122581723792260, 0.5623952053057698075, 0.6190778960641074580, 0.6765748594119131987, 0.7366657794253098634, 0.7988335232934143937, 0.8633755859743769134, 0.9301357679502563203, 1.000000000000000000 ),
 .UNSPECIFIED. ) ;
#6361 = EDGE_LOOP ( 'NONE', ( #3025, #1118, #4959, #5919 ) ) ;
#6362 = SURFACE_STYLE_FILL_AREA ( #3142 ) ;
#6363 = COLOUR_RGB ( '',1.000000000000000000, 1.000000000000000000, 1.000000000000000000 ) ;
#6364 = CARTESIAN_POINT ( 'NONE',  ( -0.05428494132171902964, 1.025000000000000133, 1.320496778789090664 ) ) ;
#6365 = CARTESIAN_POINT ( 'NONE',  ( 0.09428627689420837621, 1.024999999999999689, 1.192704292644374720 ) ) ;
#6366 = CARTESIAN_POINT ( 'NONE',  ( 0.2663192763544285913, 1.024999999999999911, -0.7942354231409158860 ) ) ;
#6367 = CARTESIAN_POINT ( 'NONE',  ( -0.4677938280495980150, 1.034999999999999920, 1.023402570223235886 ) ) ;
#6368 = CARTESIAN_POINT ( 'NONE',  ( -0.1538461538461539935, 1.034999999999999920, 0.9711538461538465894 ) ) ;
#6369 = LINE ( 'NONE', #1891, #5585 ) ;
#6370 = CARTESIAN_POINT ( 'NONE',  ( 0.5899939903846154188, 1.034999999999999920, 1.264723557692307931 ) ) ;
#6371 = DIRECTION ( 'NONE',  ( -0.000000000000000000, -1.000000000000000000, -0.000000000000000000 ) ) ;
#6372 = STYLED_ITEM ( 'NONE', ( #1315 ), #3288 ) ;
#6373 = CARTESIAN_POINT ( 'NONE',  ( -0.5005143199644048746, 1.034999999999999698, 1.209179511122381090 ) ) ;
#6374 = CARTESIAN_POINT ( 'NONE',  ( -0.1581832929396715381, 1.034999999999999920, 1.291137545940029163 ) ) ;
#6375 =( LENGTH_UNIT ( ) NAMED_UNIT ( * ) SI_UNIT ( .MILLI., .METRE. ) );
#6376 =( GEOMETRIC_REPRESENTATION_CONTEXT ( 3 ) GLOBAL_UNCERTAINTY_ASSIGNED_CONTEXT ( ( #2080 ) ) GLOBAL_UNIT_ASSIGNED_CONTEXT ( ( #2648, #1067, #4093 ) ) REPRESENTATION_CONTEXT ( 'NONE', 'WORKASPACE' ) );
#6377 = MECHANICAL_DESIGN_GEOMETRIC_PRESENTATION_REPRESENTATION (  '', ( #5791 ), #305 ) ;
#6378 = CARTESIAN_POINT ( 'NONE',  ( 0.6791238268427108871, 1.024999999999999689, 1.036833623450326591 ) ) ;
#6379 = CARTESIAN_POINT ( 'NONE',  ( 0.5587376093845957126, 1.035000000000000142, 0.7501776304870997336 ) ) ;
#6380 = CARTESIAN_POINT ( 'NONE',  ( 0.3222324144415747993, 1.024999999999999911, 1.449348915395678894 ) ) ;
#6381 = SURFACE_STYLE_USAGE ( .BOTH. , #412 ) ;
#6382 = CARTESIAN_POINT ( 'NONE',  ( 0.8243678017637242617, 1.035000000000000142, -0.4501949696066830375 ) ) ;
#6383 = PRESENTATION_STYLE_ASSIGNMENT (( #1216 ) ) ;
#6384 =( NAMED_UNIT ( * ) PLANE_ANGLE_UNIT ( ) SI_UNIT ( $, .RADIAN. ) );
#6385 = CARTESIAN_POINT ( 'NONE',  ( 0.5708984756573782793, 1.034999999999999920, 1.280269342272169819 ) ) ;
#6386 = PLANE ( 'NONE',  #2583 ) ;
#6387 = CARTESIAN_POINT ( 'NONE',  ( -0.2596254240763162247, 1.034999999999999920, 1.494285306604468122 ) ) ;
#6388 = CARTESIAN_POINT ( 'NONE',  ( -0.4108255261337867559, 1.034999999999999920, 1.113162156003708159 ) ) ;
#6389 = VERTEX_POINT ( 'NONE', #667 ) ;
#6390 = CARTESIAN_POINT ( 'NONE',  ( -0.07662259615384627021, 1.034999999999999920, 1.219501201923077538 ) ) ;
#6391 = CARTESIAN_POINT ( 'NONE',  ( 0.3403532860644428726, 1.034999999999999698, -0.07696020405434063349 ) ) ;
#6392 = CARTESIAN_POINT ( 'NONE',  ( 0.6712093538172856366, 1.034999999999999920, 1.192704292644374720 ) ) ;
#6393 = CARTESIAN_POINT ( 'NONE',  ( 0.7587114694767590484, 1.024999999999999911, 1.090131206510948969 ) ) ;
#6394 = COLOUR_RGB ( '',1.000000000000000000, 1.000000000000000000, 1.000000000000000000 ) ;
#6395 = EDGE_CURVE ( 'NONE', #3980, #1679, #3557, .T. ) ;
#6396 = CARTESIAN_POINT ( 'NONE',  ( 0.4940187244218740004, 1.034999999999999920, 1.224482152663802781 ) ) ;
#6397 = VERTEX_POINT ( 'NONE', #4242 ) ;
#6398 = CARTESIAN_POINT ( 'NONE',  ( 0.5285331315712945566, 1.034999999999999920, 1.195738238068862147 ) ) ;
#6399 = ORIENTED_EDGE ( 'NONE', *, *, #2518, .F. ) ;
#6400 = CARTESIAN_POINT ( 'NONE',  ( -0.06674896830846809015, 1.024999999999999911, 1.331288948873510458 ) ) ;
#6401 = CARTESIAN_POINT ( 'NONE',  ( -0.7210733881017117319, 1.034999999999999920, 1.277465502956919075 ) ) ;
#6402 = CARTESIAN_POINT ( 'NONE',  ( 0.2663192763544285913, 1.034999999999999920, -0.7942354231409158860 ) ) ;
#6403 = CARTESIAN_POINT ( 'NONE',  ( 0.1225747516999135950, 1.024999999999999467, 0.9837818860903952967 ) ) ;
#6404 = CARTESIAN_POINT ( 'NONE',  ( -0.1385919756317040841, 1.024999999999999245, 0.9028740862858287697 ) ) ;
#6405 = CARTESIAN_POINT ( 'NONE',  ( -0.2409956791037242974, 1.034999999999999920, -0.8446252017695189407 ) ) ;
#6406 = CARTESIAN_POINT ( 'NONE',  ( 0.4295204489710672813, 1.034999999999999698, -0.8827832612608561558 ) ) ;
#6407 = CARTESIAN_POINT ( 'NONE',  ( -0.3169546318886115599, 1.024999999999999911, 0.3457911310544520833 ) ) ;
#6408 = FILL_AREA_STYLE_COLOUR ( '', #4579 ) ;
#6409 = UNCERTAINTY_MEASURE_WITH_UNIT (LENGTH_MEASURE( 1.000000000000000082E-05 ), #2510, 'distance_accuracy_value', 'NONE');
#6410 = B_SPLINE_SURFACE_WITH_KNOTS ( 'NONE', 3, 1, ( 
 ( #2039, #2022 ),
 ( #5567, #5593 ),
 ( #6070, #549 ),
 ( #1047, #4586 ),
 ( #90, #5609 ),
 ( #1089, #3595 ),
 ( #1602, #1558 ),
 ( #5102, #2588 ),
 ( #1166, #5163 ),
 ( #2677, #2697 ),
 ( #4188, #109 ),
 ( #5714, #3157 ),
 ( #6137, #1628 ),
 ( #4705, #2627 ),
 ( #2132, #660 ),
 ( #1670, #6179 ),
 ( #5675, #1113 ),
 ( #1144, #5656 ),
 ( #2654, #3118 ) ),
 .UNSPECIFIED., .F., .F., .F.,
 ( 4, 1, 1, 1, 1, 1, 1, 1, 1, 1, 1, 1, 1, 1, 1, 1, 4 ),
 ( 2, 2 ),
 ( 0.000000000000000000, 0.05794487546232589964, 0.1160176254256826689, 0.1748257843638406361, 0.2346830900793710206, 0.2968270303289142209, 0.3640613359637882573, 0.4361924240497391803, 0.5142601195414409077, 0.5569758971654886759, 0.6048559283836538736, 0.6576752010734879805, 0.7157505846619327539, 0.7788397991664557374, 0.8475011894738632146, 0.9212282309463235563, 1.000000000000000000 ),
 ( 0.000000000000000000, 1.000000000000000000 ),
 .UNSPECIFIED. ) ;
#6411 = ORIENTED_EDGE ( 'NONE', *, *, #4921, .F. ) ;
#6412 =( LENGTH_UNIT ( ) NAMED_UNIT ( * ) SI_UNIT ( .MILLI., .METRE. ) );
#6413 = STYLED_ITEM ( 'NONE', ( #1298 ), #4687 ) ;
#6414 = EDGE_LOOP ( 'NONE', ( #1656, #504, #5443, #3338 ) ) ;
#6415 =( LENGTH_UNIT ( ) NAMED_UNIT ( * ) SI_UNIT ( .MILLI., .METRE. ) );
#6416 = DIRECTION ( 'NONE',  ( -0.000000000000000000, -1.000000000000000000, -0.000000000000000000 ) ) ;
#6417 = ORIENTED_EDGE ( 'NONE', *, *, #4104, .T. ) ;
#6418 = ORIENTED_EDGE ( 'NONE', *, *, #3081, .T. ) ;
#6419 = CARTESIAN_POINT ( 'NONE',  ( -0.2495492788461539657, 1.034999999999999920, 1.433293269230769607 ) ) ;
#6420 = STYLED_ITEM ( 'NONE', ( #6265 ), #1140 ) ;
#6421 = DIRECTION ( 'NONE',  ( 0.000000000000000000, 0.000000000000000000, 1.000000000000000000 ) ) ;
#6422 = ORIENTED_EDGE ( 'NONE', *, *, #1186, .T. ) ;
#6423 = B_SPLINE_SURFACE_WITH_KNOTS ( 'NONE', 3, 1, ( 
 ( #3673, #4195 ),
 ( #1174, #2706 ),
 ( #4715, #1677 ),
 ( #118, #5219 ),
 ( #6142, #6209 ),
 ( #4125, #3193 ),
 ( #1079, #1153 ),
 ( #3624, #2616 ),
 ( #186, #4151 ),
 ( #95, #577 ),
 ( #4107, #3126 ),
 ( #1122, #3143 ),
 ( #1636, #4617 ),
 ( #5176, #2140 ),
 ( #3645, #4172 ),
 ( #1586, #2093 ),
 ( #3603, #1097 ),
 ( #678, #3608 ),
 ( #126, #5732 ) ),
 .UNSPECIFIED., .F., .F., .F.,
 ( 4, 1, 1, 1, 1, 1, 1, 1, 1, 1, 1, 1, 1, 1, 1, 1, 4 ),
 ( 2, 2 ),
 ( 0.000000000000000000, 0.07067529020333013223, 0.1374926938441248525, 0.2014728253723050144, 0.2628693217722903874, 0.3225500865261559102, 0.3807372513385547386, 0.4382197368560123429, 0.4954874370602860845, 0.5534836796953477300, 0.6113462062294290345, 0.6706437388141555100, 0.7315869484227132125, 0.7941831937999380697, 0.8594451119347495949, 0.9282076353998098828, 0.9999999999999998890 ),
 ( 0.000000000000000000, 1.000000000000000000 ),
 .UNSPECIFIED. ) ;
#6424 =( NAMED_UNIT ( * ) PLANE_ANGLE_UNIT ( ) SI_UNIT ( $, .RADIAN. ) );
#6425 = FACE_OUTER_BOUND ( 'NONE', #3324, .T. ) ;
#6426 = CARTESIAN_POINT ( 'NONE',  ( 0.4943847406355347252, 1.034999999999999920, 0.7572851291288786868 ) ) ;
#6427 =( NAMED_UNIT ( * ) PLANE_ANGLE_UNIT ( ) SI_UNIT ( $, .RADIAN. ) );
#6428 = ORIENTED_EDGE ( 'NONE', *, *, #2857, .F. ) ;
#6429 = CARTESIAN_POINT ( 'NONE',  ( 0.2153846153846159794, 1.034999999999999920, -0.8756009615384615641 ) ) ;
#6430 = EDGE_CURVE ( 'NONE', #2954, #3732, #827, .T. ) ;
#6431 = CARTESIAN_POINT ( 'NONE',  ( 0.02312946384105593958, 1.034999999999999698, 1.130708011491502019 ) ) ;
#6432 = CARTESIAN_POINT ( 'NONE',  ( -0.05428494132171902964, 1.035000000000000142, 1.320496778789090664 ) ) ;
#6433 = CARTESIAN_POINT ( 'NONE',  ( -0.4707154316245898418, 1.025000000000000133, 0.7728591684128818251 ) ) ;
#6434 = CARTESIAN_POINT ( 'NONE',  ( -0.1782412323997484283, 1.024999999999999911, 0.3299898398132219968 ) ) ;
#6435 = FACE_OUTER_BOUND ( 'NONE', #5554, .T. ) ;
#6436 = B_SPLINE_SURFACE_WITH_KNOTS ( 'NONE', 3, 1, ( 
 ( #3343, #3734 ),
 ( #5284, #1808 ),
 ( #1825, #3279 ),
 ( #5843, #2343 ),
 ( #1744, #1331 ),
 ( #3320, #2831 ),
 ( #814, #726 ),
 ( #2294, #6348 ),
 ( #2780, #6298 ),
 ( #295, #3783 ),
 ( #315, #3831 ) ),
 .UNSPECIFIED., .F., .F., .F.,
 ( 4, 1, 1, 1, 1, 1, 1, 1, 4 ),
 ( 2, 2 ),
 ( 0.000000000000000000, 0.1171740342864737716, 0.2417654799937159205, 0.3710161078446976290, 0.5008421377049936396, 0.6310231612783387956, 0.7592138442397812215, 0.8831154682939466039, 1.000000000000000000 ),
 ( 0.000000000000000000, 1.000000000000000000 ),
 .UNSPECIFIED. ) ;
#6437 = CARTESIAN_POINT ( 'NONE',  ( 0.1249999999999998890, 1.034999999999999920, 0.9579326923076927347 ) ) ;
#6438 = PRESENTATION_LAYER_ASSIGNMENT (  '', '', ( #780 ) ) ;
#6439 = VECTOR ( 'NONE', #576, 1000.000000000000000 ) ;
#6440 = SURFACE_STYLE_FILL_AREA ( #4401 ) ;
#6441 = SURFACE_STYLE_FILL_AREA ( #2522 ) ;
#6442 = DIRECTION ( 'NONE',  ( 0.000000000000000000, -0.000000000000000000, 1.000000000000000000 ) ) ;
#6443 = CARTESIAN_POINT ( 'NONE',  ( -0.1061710529872759573, 1.024999999999999689, -1.139577370660544764 ) ) ;
#6444 = EDGE_CURVE ( 'NONE', #4383, #1516, #2863, .T. ) ;
#6445 = DIRECTION ( 'NONE',  ( -0.000000000000000000, -1.000000000000000000, -0.000000000000000000 ) ) ;
#6446 = EDGE_LOOP ( 'NONE', ( #5702, #737, #4932, #4214, #3017, #4697, #1845, #3483, #3710, #5323, #3008, #1548, #3227 ) ) ;
#6447 = CARTESIAN_POINT ( 'NONE',  ( -0.1581832929396715381, 1.034999999999999920, 1.291137545940029163 ) ) ;
#6448 = LINE ( 'NONE', #312, #601 ) ;
#6449 = FILL_AREA_STYLE_COLOUR ( '', #2006 ) ;
#6450 = SURFACE_STYLE_FILL_AREA ( #878 ) ;
#6451 = CARTESIAN_POINT ( 'NONE',  ( 0.3593284318513517150, 1.034999999999999920, 0.8517178425193882019 ) ) ;
#6452 = CARTESIAN_POINT ( 'NONE',  ( -1.850000000000000089, -1.024999999999999911, -2.000000000000000888 ) ) ;
#6453 = ORIENTED_EDGE ( 'NONE', *, *, #1021, .F. ) ;
#6454 = CARTESIAN_POINT ( 'NONE',  ( 0.2277829839342950524, 1.034999999999999698, -0.8259784870660605849 ) ) ;
#6455 = CARTESIAN_POINT ( 'NONE',  ( 0.05835173303678203860, 1.024999999999999911, 1.094640769511485701 ) ) ;
#6456 = DIRECTION ( 'NONE',  ( -1.000000000000000000, -0.000000000000000000, 0.000000000000000000 ) ) ;
#6457 = ORIENTED_EDGE ( 'NONE', *, *, #3055, .F. ) ;
#6458 = CARTESIAN_POINT ( 'NONE',  ( -0.7613719684852172653, 1.024999999999999911, -0.1911989109514751206 ) ) ;
#6459 = B_SPLINE_SURFACE_WITH_KNOTS ( 'NONE', 3, 1, ( 
 ( #4312, #6283 ),
 ( #1291, #4262 ),
 ( #3771, #232 ),
 ( #4244, #2815 ),
 ( #4282, #5291 ),
 ( #1250, #1270 ),
 ( #4739, #1772 ),
 ( #3211, #2303 ),
 ( #6310, #4759 ),
 ( #3693, #5336 ),
 ( #4824, #1222 ),
 ( #5269, #733 ),
 ( #5784, #5313 ),
 ( #2767, #3258 ),
 ( #1728, #1705 ) ),
 .UNSPECIFIED., .F., .F., .F.,
 ( 4, 1, 1, 1, 1, 1, 1, 1, 1, 1, 1, 1, 4 ),
 ( 2, 2 ),
 ( 0.000000000000000000, 0.1318370034776482902, 0.2654279718549516498, 0.3981764695722172509, 0.5276235755538550842, 0.5908330824838330386, 0.6531078999939821106, 0.7143051940854342474, 0.7745186265763558398, 0.8332069383880363889, 0.8902383150910625487, 0.9457341290753531471, 1.000000000000000000 ),
 ( 0.000000000000000000, 1.000000000000000000 ),
 .UNSPECIFIED. ) ;
#6460 = CARTESIAN_POINT ( 'NONE',  ( 0.4890306126040769308, 1.024999999999999689, -0.9797866819997160803 ) ) ;
#6461 = PRESENTATION_LAYER_ASSIGNMENT (  '', '', ( #677 ) ) ;
#6462 = ORIENTED_EDGE ( 'NONE', *, *, #451, .T. ) ;
#6463 = APPLICATION_PROTOCOL_DEFINITION ( 'draft international standard', 'automotive_design', 1998, #1877 ) ;
#6464 = CARTESIAN_POINT ( 'NONE',  ( -0.1235576923076917993, 1.024999999999999911, -1.129507211538461453 ) ) ;
#6465 = CARTESIAN_POINT ( 'NONE',  ( -0.6074319325474580866, 1.024999999999999689, -0.6487998170869914150 ) ) ;
#6466 = FILL_AREA_STYLE ('',( #1461 ) ) ;
#6467 = AXIS2_PLACEMENT_3D ( 'NONE', #2729, #4786, #4385 ) ;
#6468 = DIRECTION ( 'NONE',  ( 0.000000000000000000, 0.000000000000000000, -1.000000000000000000 ) ) ;
#6469 =( GEOMETRIC_REPRESENTATION_CONTEXT ( 3 ) GLOBAL_UNCERTAINTY_ASSIGNED_CONTEXT ( ( #4071 ) ) GLOBAL_UNIT_ASSIGNED_CONTEXT ( ( #4425, #2952, #4977 ) ) REPRESENTATION_CONTEXT ( 'NONE', 'WORKASPACE' ) );
#6470 = CARTESIAN_POINT ( 'NONE',  ( -0.1617230206174459228, 1.024999999999999689, 0.7911853970708487838 ) ) ;
#6471 = LINE ( 'NONE', #2213, #6308 ) ;
#6472 = CARTESIAN_POINT ( 'NONE',  ( 0.3350132766199698242, 1.034999999999999920, -1.264866384183079395 ) ) ;
#6473 = FILL_AREA_STYLE_COLOUR ( '', #130 ) ;
#6474 = VERTEX_POINT ( 'NONE', #2835 ) ;
#6475 = CARTESIAN_POINT ( 'NONE',  ( 0.5508732536577788386, 1.035000000000000142, -0.2345128082822559301 ) ) ;
#6476 = CARTESIAN_POINT ( 'NONE',  ( -1.604999999999999982, -1.025000000000000577, 1.574999999999999956 ) ) ;
#6477 = CARTESIAN_POINT ( 'NONE',  ( 0.3105257572970913649, 1.024999999999999911, -0.7889372591678415203 ) ) ;
#6478 = EDGE_CURVE ( 'NONE', #3144, #2996, #4605, .T. ) ;
#6479 = CARTESIAN_POINT ( 'NONE',  ( -0.3557692307692307820, 1.024999999999999911, 0.9570312500000002220 ) ) ;
#6480 = CARTESIAN_POINT ( 'NONE',  ( -0.6942745351875394544, 1.034999999999999920, 1.378555665817289055 ) ) ;
#6481 = ORIENTED_EDGE ( 'NONE', *, *, #5008, .T. ) ;
#6482 = CARTESIAN_POINT ( 'NONE',  ( 0.5508732536577788386, 1.024999999999999911, -0.2345128082822559301 ) ) ;
#6483 = SURFACE_SIDE_STYLE ('',( #1697 ) ) ;
#6484 = CARTESIAN_POINT ( 'NONE',  ( -0.7549970048646593712, 1.024999999999999689, 0.8038894595579940683 ) ) ;
#6485 = SURFACE_SIDE_STYLE ('',( #5812 ) ) ;
#6486 = CARTESIAN_POINT ( 'NONE',  ( 0.1227473827252340277, 1.024999999999999911, 0.9333452975440976740 ) ) ;
#6487 = CARTESIAN_POINT ( 'NONE',  ( 0.2195110356128048001, 1.034999999999999920, -0.8931975061414779704 ) ) ;
#6488 = B_SPLINE_SURFACE_WITH_KNOTS ( 'NONE', 3, 1, ( 
 ( #1201, #6341 ),
 ( #1780, #2215 ),
 ( #6292, #4743 ),
 ( #4291, #5819 ),
 ( #5838, #4320 ),
 ( #3777, #1756 ),
 ( #3296, #6321 ),
 ( #4270, #288 ),
 ( #3798, #5792 ),
 ( #2796, #5753 ),
 ( #4767, #1713 ),
 ( #5321, #1296 ),
 ( #2753, #2289 ) ),
 .UNSPECIFIED., .F., .F., .F.,
 ( 4, 1, 1, 1, 1, 1, 1, 1, 1, 1, 4 ),
 ( 2, 2 ),
 ( 0.000000000000000000, 0.04398504629311398434, 0.09255174981888075747, 0.1471760916490177651, 0.2077162963000876994, 0.3374908720733645895, 0.4746268733997882627, 0.6145941873578287806, 0.7553687989046374840, 0.8864344517503219834, 1.000000000000000000 ),
 ( 0.000000000000000000, 1.000000000000000000 ),
 .UNSPECIFIED. ) ;
#6489 = CARTESIAN_POINT ( 'NONE',  ( 0.3172976528467607582, 1.024999999999999911, 1.494285306604467900 ) ) ;
#6490 = CARTESIAN_POINT ( 'NONE',  ( 0.6619532218267274448, 1.024999999999999689, -0.3271492266832871088 ) ) ;
#6491 = SURFACE_SIDE_STYLE ('',( #3836 ) ) ;
#6492 = STYLED_ITEM ( 'NONE', ( #2892 ), #3604 ) ;
#6493 = ORIENTED_EDGE ( 'NONE', *, *, #3304, .F. ) ;
#6494 = CARTESIAN_POINT ( 'NONE',  ( -0.7305912537455258038, 1.034999999999999920, 0.9660415190853473000 ) ) ;
#6495 = CARTESIAN_POINT ( 'NONE',  ( 0.6000525407641328357, 1.035000000000000142, 1.130708011491502019 ) ) ;
#6496 = UNCERTAINTY_MEASURE_WITH_UNIT (LENGTH_MEASURE( 1.000000000000000082E-05 ), #5493, 'distance_accuracy_value', 'NONE');
#6497 = EDGE_LOOP ( 'NONE', ( #2716, #5696, #2334, #5906 ) ) ;
#6498 = B_SPLINE_SURFACE_WITH_KNOTS ( 'NONE', 3, 1, ( 
 ( #4288, #236 ),
 ( #1256, #5294 ),
 ( #2263, #2772 ),
 ( #6288, #258 ),
 ( #3774, #3484 ),
 ( #387, #488 ),
 ( #4711, #3251 ),
 ( #5213, #6304 ),
 ( #3206, #1766 ),
 ( #729, #1700 ),
 ( #2279, #3688 ),
 ( #250, #206 ),
 ( #1265, #708 ),
 ( #1674, #6249 ),
 ( #2185, #5744 ),
 ( #3767, #4258 ),
 ( #5719, #755 ),
 ( #1245, #4800 ),
 ( #3708, #4308 ) ),
 .UNSPECIFIED., .F., .F., .F.,
 ( 4, 1, 1, 1, 1, 1, 1, 1, 1, 1, 1, 1, 1, 1, 1, 1, 4 ),
 ( 2, 2 ),
 ( 0.000000000000000000, 0.07471189030450074708, 0.1455392023749083885, 0.2133390572509726302, 0.2786150735384708699, 0.3420941969414981743, 0.4038900759591955714, 0.4650633525655205602, 0.5265767363834863435, 0.5873283340287678289, 0.6463804557031436193, 0.7043453083753260513, 0.7616719489990787517, 0.8194178590468651491, 0.8780393997816819951, 0.9377955090070549948, 1.000000000000000000 ),
 ( 0.000000000000000000, 1.000000000000000000 ),
 .UNSPECIFIED. ) ;
#6499 = ORIENTED_EDGE ( 'NONE', *, *, #3213, .T. ) ;
#6500 = STYLED_ITEM ( 'NONE', ( #1850 ), #6128 ) ;
#6501 = SURFACE_STYLE_FILL_AREA ( #4875 ) ;
#6502 = CARTESIAN_POINT ( 'NONE',  ( 0.4854209920678782542, 1.024999999999999467, -0.1830055520264644575 ) ) ;
#6503 = CARTESIAN_POINT ( 'NONE',  ( -0.8264723557692307265, 1.034999999999999920, 1.433293269230769384 ) ) ;
#6504 = SURFACE_STYLE_FILL_AREA ( #5831 ) ;
#6505 = CARTESIAN_POINT ( 'NONE',  ( -0.6812626622298580958, 1.034999999999999920, 0.7631169127271655306 ) ) ;
#6506 = DIRECTION ( 'NONE',  ( 1.000000000000000000, 0.000000000000000000, 0.000000000000000000 ) ) ;
#6507 = CYLINDRICAL_SURFACE ( 'NONE', #1774, 0.04999999999999991257 ) ;
#6508 = CARTESIAN_POINT ( 'NONE',  ( 0.01716579795666443170, 1.034999999999999920, 0.8385928700513111123 ) ) ;
#6509 = MECHANICAL_DESIGN_GEOMETRIC_PRESENTATION_REPRESENTATION (  '', ( #3459 ), #1900 ) ;
#6510 = FACE_OUTER_BOUND ( 'NONE', #5179, .T. ) ;
#6511 = VERTEX_POINT ( 'NONE', #1313 ) ;
#6512 = CARTESIAN_POINT ( 'NONE',  ( 0.2769830466595592511, 1.034999999999999698, -0.9742509001420098791 ) ) ;
#6513 = CIRCLE ( 'NONE', #3854, 0.04999999999999991257 ) ;
#6514 = CARTESIAN_POINT ( 'NONE',  ( -0.009615384615384716532, 1.024999999999999911, 0.7500000000000004441 ) ) ;
#6515 = CARTESIAN_POINT ( 'NONE',  ( 0.3345879600521213804, 1.034999999999999920, 0.9132441222960760996 ) ) ;
#6516 = FACE_OUTER_BOUND ( 'NONE', #1209, .T. ) ;
#6517 = CARTESIAN_POINT ( 'NONE',  ( -0.6918213401987398647, 1.034999999999999920, 0.8721003435082629318 ) ) ;
#6518 = ORIENTED_EDGE ( 'NONE', *, *, #2110, .T. ) ;
#6519 = CARTESIAN_POINT ( 'NONE',  ( 0.6994978286229907027, 1.034999999999999920, 0.9837818860903952967 ) ) ;
#6520 = CARTESIAN_POINT ( 'NONE',  ( 0.2362522088696082101, 1.025000000000000133, -1.268604448015735908 ) ) ;
#6521 = CARTESIAN_POINT ( 'NONE',  ( -0.5923076923076919797, 1.025000000000000133, -0.09104567307692308653 ) ) ;
#6522 = EDGE_CURVE ( 'NONE', #1449, #3985, #2319, .T. ) ;
#6523 = VERTEX_POINT ( 'NONE', #6355 ) ;
#6524 = CARTESIAN_POINT ( 'NONE',  ( -0.1173514582644627630, 1.024999999999999911, 1.378555665817289499 ) ) ;
#6525 = CARTESIAN_POINT ( 'NONE',  ( 0.7019230769230769829, 1.024999999999999911, 0.9579326923076925127 ) ) ;
#6526 =( LENGTH_UNIT ( ) NAMED_UNIT ( * ) SI_UNIT ( .MILLI., .METRE. ) );
#6527 = CARTESIAN_POINT ( 'NONE',  ( -0.08290435250120309352, 1.034999999999999920, 1.224482152663803225 ) ) ;
#6528 = FILL_AREA_STYLE ('',( #1977 ) ) ;
#6529 = B_SPLINE_SURFACE_WITH_KNOTS ( 'NONE', 3, 1, ( 
 ( #5331, #473 ),
 ( #1811, #3305 ),
 ( #2316, #4467 ),
 ( #2297, #3325 ),
 ( #1460, #5828 ),
 ( #1941, #4000 ),
 ( #2809, #1433 ),
 ( #6329, #431 ),
 ( #935, #3806 ),
 ( #2455, #6484 ),
 ( #457, #4999 ),
 ( #3472, #1957 ),
 ( #5513, #2975 ),
 ( #6505, #568 ),
 ( #6094, #5545 ),
 ( #4505, #3076 ),
 ( #6008, #1995 ),
 ( #532, #6033 ),
 ( #4059, #4018 ) ),
 .UNSPECIFIED., .F., .F., .F.,
 ( 4, 1, 1, 1, 1, 1, 1, 1, 1, 1, 1, 1, 1, 1, 1, 1, 4 ),
 ( 2, 2 ),
 ( 0.000000000000000000, 0.07067529020333017387, 0.1374926938441249080, 0.2014728253723050977, 0.2628693217722904429, 0.3225500865261560213, 0.3807372513385547941, 0.4382197368560123429, 0.4954874370602860845, 0.5534836796953477300, 0.6113462062294291455, 0.6706437388141555100, 0.7315869484227132125, 0.7941831937999380697, 0.8594451119347494839, 0.9282076353998096607, 0.9999999999999998890 ),
 ( 0.000000000000000000, 1.000000000000000000 ),
 .UNSPECIFIED. ) ;
#6530 =( NAMED_UNIT ( * ) PLANE_ANGLE_UNIT ( ) SI_UNIT ( $, .RADIAN. ) );
#6531 = CARTESIAN_POINT ( 'NONE',  ( 0.2160440078270891850, 1.024999999999999911, -0.8839159174884698711 ) ) ;
#6532 = ADVANCED_FACE ( 'NONE', ( #2241 ), #2403, .T. ) ;
#6533 = CARTESIAN_POINT ( 'NONE',  ( -0.4664608461556046803, 1.034999999999999920, 0.9000261689353128425 ) ) ;
#6534 = CARTESIAN_POINT ( 'NONE',  ( 0.6544772024941873934, 1.025000000000000133, 0.8631895418681122534 ) ) ;
#6535 = CARTESIAN_POINT ( 'NONE',  ( 0.04056952584390834116, 1.024999999999999911, 0.7533978999952610778 ) ) ;
#6536 = CARTESIAN_POINT ( 'NONE',  ( -0.4032695772768110087, 1.034999999999999920, 0.8244472621065873641 ) ) ;
#6537 = CARTESIAN_POINT ( 'NONE',  ( -0.006755977193804768924, 1.024999999999999911, 0.8366587838276429157 ) ) ;
#6538 = AXIS2_PLACEMENT_3D ( 'NONE', #562, #1590, #5622 ) ;
#6539 = CARTESIAN_POINT ( 'NONE',  ( -0.1173514582644627630, 1.034999999999999920, 1.378555665817289499 ) ) ;
#6540 =( NAMED_UNIT ( * ) PLANE_ANGLE_UNIT ( ) SI_UNIT ( $, .RADIAN. ) );
ENDSEC;
END-ISO-10303-21;
