ISO-10303-21;
HEADER;
FILE_DESCRIPTION (( 'STEP AP214' ),
    '1' );
FILE_NAME ('HT-B2132(B00799).STEP',
    '2024-12-25T01:34:32',
    ( '' ),
    ( '' ),
    'SwSTEP 2.0',
    'SolidWorks 2022',
    '' );
FILE_SCHEMA (( 'AUTOMOTIVE_DESIGN' ));
ENDSEC;

DATA;
#1 = DIRECTION ( 'NONE',  ( -0.000000000000000000, 0.000000000000000000, 1.000000000000000000 ) ) ;
#2 = DIRECTION ( 'NONE',  ( -4.279296758265816631E-16, -1.000000000000000000, 0.000000000000000000 ) ) ;
#3 = CARTESIAN_POINT ( 'NONE',  ( 0.02499999999999984873, 0.3683300132670376814, -0.9000000000000000222 ) ) ;
#4 = PLANE ( 'NONE',  #3528 ) ;
#5 = CIRCLE ( 'NONE', #783, 0.2999999999999999334 ) ;
#6 = ORIENTED_EDGE ( 'NONE', *, *, #2353, .F. ) ;
#7 = DIRECTION ( 'NONE',  ( -1.000000000000000000, -1.954752740392982697E-14, 0.000000000000000000 ) ) ;
#8 = VECTOR ( 'NONE', #3147, 1000.000000000000000 ) ;
#9 = DIRECTION ( 'NONE',  ( 1.000000000000000000, 0.000000000000000000, 0.000000000000000000 ) ) ;
#10 = VECTOR ( 'NONE', #213, 1000.000000000000000 ) ;
#11 = AXIS2_PLACEMENT_3D ( 'NONE', #599, #2611, #635 ) ;
#12 = EDGE_CURVE ( 'NONE', #1767, #3659, #782, .T. ) ;
#13 = DIRECTION ( 'NONE',  ( 0.000000000000000000, -0.000000000000000000, 1.000000000000000000 ) ) ;
#14 = VERTEX_POINT ( 'NONE', #1952 ) ;
#15 = ORIENTED_EDGE ( 'NONE', *, *, #1233, .T. ) ;
#16 = VECTOR ( 'NONE', #2836, 1000.000000000000000 ) ;
#17 = ADVANCED_FACE ( 'NONE', ( #2188 ), #3320, .F. ) ;
#18 = DIRECTION ( 'NONE',  ( -1.000000000000000000, 0.000000000000000000, 0.000000000000000000 ) ) ;
#19 = EDGE_LOOP ( 'NONE', ( #1701, #1832, #3193, #1166 ) ) ;
#20 = DIRECTION ( 'NONE',  ( 0.000000000000000000, 0.000000000000000000, 1.000000000000000000 ) ) ;
#21 = EDGE_CURVE ( 'NONE', #3347, #512, #2246, .T. ) ;
#22 = CARTESIAN_POINT ( 'NONE',  ( 1.202500000000000124, 0.5975000000000001421, 0.1700000000000000122 ) ) ;
#23 = VECTOR ( 'NONE', #3144, 1000.000000000000000 ) ;
#24 = DIRECTION ( 'NONE',  ( 0.000000000000000000, 1.000000000000000000, -0.000000000000000000 ) ) ;
#25 = AXIS2_PLACEMENT_3D ( 'NONE', #3006, #2134, #2985 ) ;
#26 = CIRCLE ( 'NONE', #2052, 0.4250000000000000444 ) ;
#27 = DIRECTION ( 'NONE',  ( -0.000000000000000000, 0.000000000000000000, 1.000000000000000000 ) ) ;
#28 = VECTOR ( 'NONE', #1294, 1000.000000000000000 ) ;
#29 = ORIENTED_EDGE ( 'NONE', *, *, #2815, .F. ) ;
#30 = DIRECTION ( 'NONE',  ( 0.000000000000000000, 0.000000000000000000, -1.000000000000000000 ) ) ;
#31 = CARTESIAN_POINT ( 'NONE',  ( 2.500000000000000000, 1.000000000000000000, 0.05000000000000000278 ) ) ;
#32 = CARTESIAN_POINT ( 'NONE',  ( -5.285485590866835102E-16, 0.9749999999999994227, -0.9499999999999999556 ) ) ;
#33 = ORIENTED_EDGE ( 'NONE', *, *, #2542, .T. ) ;
#34 = EDGE_CURVE ( 'NONE', #757, #1316, #1638, .T. ) ;
#35 = PLANE ( 'NONE',  #3000 ) ;
#36 = EDGE_LOOP ( 'NONE', ( #2958, #3008, #1304, #1289 ) ) ;
#37 = DIRECTION ( 'NONE',  ( 3.209472568699423364E-16, -1.000000000000000000, 0.000000000000000000 ) ) ;
#38 = ADVANCED_FACE ( 'NONE', ( #2463 ), #3639, .F. ) ;
#39 = CARTESIAN_POINT ( 'NONE',  ( 2.754196010845019416, 1.000000000000000000, 0.000000000000000000 ) ) ;
#40 = DIRECTION ( 'NONE',  ( 0.000000000000000000, 0.000000000000000000, 1.000000000000000000 ) ) ;
#41 = DIRECTION ( 'NONE',  ( 1.000000000000000000, 0.000000000000000000, 0.000000000000000000 ) ) ;
#42 = ORIENTED_EDGE ( 'NONE', *, *, #240, .F. ) ;
#43 = DIRECTION ( 'NONE',  ( 1.000000000000000000, 0.000000000000000000, 0.000000000000000000 ) ) ;
#44 = CARTESIAN_POINT ( 'NONE',  ( 3.050000000000000266, 1.050000000000000044, -0.9000000000000000222 ) ) ;
#45 = DIRECTION ( 'NONE',  ( -0.000000000000000000, -0.000000000000000000, 1.000000000000000000 ) ) ;
#46 = DIRECTION ( 'NONE',  ( -0.000000000000000000, 0.000000000000000000, 1.000000000000000000 ) ) ;
#47 = ORIENTED_EDGE ( 'NONE', *, *, #2739, .T. ) ;
#48 = CARTESIAN_POINT ( 'NONE',  ( 3.000000000000000000, 0.7541960108450191935, -0.9000000000000000222 ) ) ;
#49 = EDGE_LOOP ( 'NONE', ( #3367, #180, #1229, #1376 ) ) ;
#50 = CARTESIAN_POINT ( 'NONE',  ( -0.05000000000000012768, 1.050000000000000044, -0.9000000000000000222 ) ) ;
#51 = CARTESIAN_POINT ( 'NONE',  ( 2.500000000000000000, 0.000000000000000000, 0.05000000000000000278 ) ) ;
#52 = EDGE_CURVE ( 'NONE', #1594, #1302, #469, .T. ) ;
#53 = DIRECTION ( 'NONE',  ( 0.000000000000000000, -0.000000000000000000, 1.000000000000000000 ) ) ;
#54 = LINE ( 'NONE', #1198, #2584 ) ;
#55 = VERTEX_POINT ( 'NONE', #3586 ) ;
#56 = CARTESIAN_POINT ( 'NONE',  ( 0.6999999999999997335, 0.5500000000000002665, -0.9000000000000000222 ) ) ;
#57 = CLOSED_SHELL ( 'NONE', ( #1607, #320, #3332, #1463, #431 ) ) ;
#58 = CARTESIAN_POINT ( 'NONE',  ( 0.000000000000000000, 0.6000000000000003109, -0.9000000000000000222 ) ) ;
#59 = CIRCLE ( 'NONE', #542, 0.2850000000000000866 ) ;
#60 = EDGE_LOOP ( 'NONE', ( #2805, #1321, #1865, #1892, #2721, #1678, #1024, #1191 ) ) ;
#61 = CIRCLE ( 'NONE', #2153, 0.2999999999999999334 ) ;
#62 = DIRECTION ( 'NONE',  ( -0.000000000000000000, -0.000000000000000000, 1.000000000000000000 ) ) ;
#63 = ORIENTED_EDGE ( 'NONE', *, *, #3628, .T. ) ;
#64 = CARTESIAN_POINT ( 'NONE',  ( 0.02499999999999984873, 0.3683300132670376814, -0.9499999999999999556 ) ) ;
#65 = DIRECTION ( 'NONE',  ( 1.000000000000000000, 0.000000000000000000, 0.000000000000000000 ) ) ;
#66 = CIRCLE ( 'NONE', #2813, 0.4250000000000000444 ) ;
#67 = DIRECTION ( 'NONE',  ( -0.000000000000000000, -0.000000000000000000, 1.000000000000000000 ) ) ;
#68 = LINE ( 'NONE', #2061, #200 ) ;
#69 = CARTESIAN_POINT ( 'NONE',  ( -0.04999999999999965583, -0.04999999999999991257, 0.05000000000000000278 ) ) ;
#70 = AXIS2_PLACEMENT_3D ( 'NONE', #2677, #775, #2205 ) ;
#71 = AXIS2_PLACEMENT_3D ( 'NONE', #941, #691, #1276 ) ;
#72 = EDGE_CURVE ( 'NONE', #1644, #2141, #797, .T. ) ;
#73 = EDGE_CURVE ( 'NONE', #3490, #642, #756, .T. ) ;
#74 = VECTOR ( 'NONE', #1830, 1000.000000000000000 ) ;
#75 = ORIENTED_EDGE ( 'NONE', *, *, #3330, .T. ) ;
#76 = CARTESIAN_POINT ( 'NONE',  ( 0.9975000000000001643, 0.5975000000000001421, 0.1700000000000000122 ) ) ;
#77 = DIRECTION ( 'NONE',  ( -0.000000000000000000, -0.000000000000000000, 1.000000000000000000 ) ) ;
#78 = CARTESIAN_POINT ( 'NONE',  ( 2.754196010845019416, 1.000000000000000000, -0.9299999999999999378 ) ) ;
#79 = DIRECTION ( 'NONE',  ( 0.000000000000000000, -1.000000000000000000, 0.000000000000000000 ) ) ;
#80 = ORIENTED_EDGE ( 'NONE', *, *, #2535, .F. ) ;
#81 = ORIENTED_EDGE ( 'NONE', *, *, #1740, .F. ) ;
#82 = ORIENTED_EDGE ( 'NONE', *, *, #2177, .T. ) ;
#83 = DIRECTION ( 'NONE',  ( -0.000000000000000000, -0.000000000000000000, -1.000000000000000000 ) ) ;
#84 = ORIENTED_EDGE ( 'NONE', *, *, #2555, .F. ) ;
#85 = DIRECTION ( 'NONE',  ( 0.000000000000000000, 0.000000000000000000, 1.000000000000000000 ) ) ;
#86 = EDGE_CURVE ( 'NONE', #1179, #1031, #3604, .T. ) ;
#87 = LINE ( 'NONE', #350, #2871 ) ;
#88 = PRESENTATION_STYLE_ASSIGNMENT (( #3199 ) ) ;
#89 = SURFACE_STYLE_USAGE ( .BOTH. , #1221 ) ;
#90 = FACE_OUTER_BOUND ( 'NONE', #3211, .T. ) ;
#91 = VERTEX_POINT ( 'NONE', #2203 ) ;
#92 = LINE ( 'NONE', #1173, #1149 ) ;
#93 = CARTESIAN_POINT ( 'NONE',  ( 1.399999999999999911, 0.000000000000000000, -0.9499999999999999556 ) ) ;
#94 = CARTESIAN_POINT ( 'NONE',  ( 3.050000000000000266, -0.04999999999999991257, 0.000000000000000000 ) ) ;
#95 = EDGE_CURVE ( 'NONE', #2411, #302, #1398, .T. ) ;
#96 = ORIENTED_EDGE ( 'NONE', *, *, #949, .F. ) ;
#97 = ORIENTED_EDGE ( 'NONE', *, *, #2131, .T. ) ;
#98 = ORIENTED_EDGE ( 'NONE', *, *, #1632, .T. ) ;
#99 = CARTESIAN_POINT ( 'NONE',  ( 3.050000000000000266, -0.04999999999999969746, -0.9299999999999999378 ) ) ;
#100 = ORIENTED_EDGE ( 'NONE', *, *, #1581, .F. ) ;
#101 = CARTESIAN_POINT ( 'NONE',  ( 0.000000000000000000, 0.000000000000000000, -0.9000000000000000222 ) ) ;
#102 = FACE_OUTER_BOUND ( 'NONE', #1273, .T. ) ;
#103 = EDGE_CURVE ( 'NONE', #2808, #1292, #3100, .T. ) ;
#104 = ORIENTED_EDGE ( 'NONE', *, *, #1681, .F. ) ;
#105 = FACE_BOUND ( 'NONE', #610, .T. ) ;
#106 = DIRECTION ( 'NONE',  ( 0.000000000000000000, -1.000000000000000000, 0.000000000000000000 ) ) ;
#107 = DIRECTION ( 'NONE',  ( 0.000000000000000000, 0.000000000000000000, 1.000000000000000000 ) ) ;
#108 = MANIFOLD_SOLID_BREP ( '填料-伸長1[2]', #2798 ) ;
#109 = ORIENTED_EDGE ( 'NONE', *, *, #2353, .T. ) ;
#110 = LINE ( 'NONE', #3546, #1207 ) ;
#111 = LINE ( 'NONE', #3562, #739 ) ;
#112 = DIRECTION ( 'NONE',  ( -0.000000000000000000, -0.000000000000000000, 1.000000000000000000 ) ) ;
#113 = CARTESIAN_POINT ( 'NONE',  ( 0.000000000000000000, 0.000000000000000000, -0.9000000000000000222 ) ) ;
#114 = ORIENTED_EDGE ( 'NONE', *, *, #1131, .F. ) ;
#115 = VERTEX_POINT ( 'NONE', #1781 ) ;
#116 = EDGE_CURVE ( 'NONE', #2476, #895, #1470, .T. ) ;
#117 = AXIS2_PLACEMENT_3D ( 'NONE', #437, #1567, #174 ) ;
#118 = DIRECTION ( 'NONE',  ( -1.000000000000000000, 0.000000000000000000, 0.000000000000000000 ) ) ;
#119 = ORIENTED_EDGE ( 'NONE', *, *, #2115, .T. ) ;
#120 = DIRECTION ( 'NONE',  ( 0.000000000000000000, -1.000000000000000000, 0.000000000000000000 ) ) ;
#121 = EDGE_CURVE ( 'NONE', #1541, #404, #3061, .T. ) ;
#122 = CIRCLE ( 'NONE', #3154, 0.05000000000000002359 ) ;
#123 = CARTESIAN_POINT ( 'NONE',  ( 1.497499999999999831, 0.5025000000000003908, 0.1700000000000000122 ) ) ;
#124 = EDGE_LOOP ( 'NONE', ( #1107, #1954, #2749, #559 ) ) ;
#125 = FACE_OUTER_BOUND ( 'NONE', #898, .T. ) ;
#126 = VECTOR ( 'NONE', #3555, 1000.000000000000000 ) ;
#127 = CARTESIAN_POINT ( 'NONE',  ( 1.600000000000000089, 1.000000000000000000, -0.9000000000000000222 ) ) ;
#128 = AXIS2_PLACEMENT_3D ( 'NONE', #2217, #2551, #2 ) ;
#129 = ORIENTED_EDGE ( 'NONE', *, *, #585, .F. ) ;
#130 = CARTESIAN_POINT ( 'NONE',  ( 2.754196010845019416, 1.000000000000000000, -0.9499999999999999556 ) ) ;
#131 = VECTOR ( 'NONE', #2961, 1000.000000000000000 ) ;
#132 = VECTOR ( 'NONE', #1310, 1000.000000000000000 ) ;
#133 = DIRECTION ( 'NONE',  ( -0.000000000000000000, -1.000000000000000000, -0.000000000000000000 ) ) ;
#134 = COLOUR_RGB ( '',0.7529411764705882248, 0.7529411764705882248, 0.7529411764705882248 ) ;
#135 = AXIS2_PLACEMENT_3D ( 'NONE', #1554, #2965, #761 ) ;
#136 = UNCERTAINTY_MEASURE_WITH_UNIT (LENGTH_MEASURE( 1.000000000000000082E-05 ), #2645, 'distance_accuracy_value', 'NONE');
#137 = EDGE_CURVE ( 'NONE', #1703, #1815, #1137, .T. ) ;
#138 = DIRECTION ( 'NONE',  ( 0.000000000000000000, 1.000000000000000000, 0.000000000000000000 ) ) ;
#139 = VERTEX_POINT ( 'NONE', #854 ) ;
#140 = AXIS2_PLACEMENT_3D ( 'NONE', #1558, #1837, #381 ) ;
#141 = MECHANICAL_DESIGN_GEOMETRIC_PRESENTATION_REPRESENTATION (  '', ( #2113 ), #3174 ) ;
#142 = ORIENTED_EDGE ( 'NONE', *, *, #1358, .F. ) ;
#143 = MECHANICAL_DESIGN_GEOMETRIC_PRESENTATION_REPRESENTATION (  '', ( #324 ), #2434 ) ;
#144 = CARTESIAN_POINT ( 'NONE',  ( -0.000000000000000000, 0.6000000000000000888, 0.000000000000000000 ) ) ;
#145 = EDGE_CURVE ( 'NONE', #570, #805, #1343, .T. ) ;
#146 = ORIENTED_EDGE ( 'NONE', *, *, #145, .F. ) ;
#147 = FACE_OUTER_BOUND ( 'NONE', #3545, .T. ) ;
#148 = EDGE_CURVE ( 'NONE', #3479, #1564, #908, .T. ) ;
#149 = DIRECTION ( 'NONE',  ( -0.000000000000000000, 0.000000000000000000, -1.000000000000000000 ) ) ;
#150 = VECTOR ( 'NONE', #465, 1000.000000000000000 ) ;
#151 = EDGE_LOOP ( 'NONE', ( #708, #1783, #438, #664 ) ) ;
#152 = CARTESIAN_POINT ( 'NONE',  ( 1.202500000000000124, 0.8025000000000001021, 0.1700000000000000122 ) ) ;
#153 = ADVANCED_FACE ( 'NONE', ( #590 ), #2600, .T. ) ;
#154 = CARTESIAN_POINT ( 'NONE',  ( 0.000000000000000000, 0.02499999999999999792, -0.9499999999999999556 ) ) ;
#155 = ORIENTED_EDGE ( 'NONE', *, *, #2590, .F. ) ;
#156 = DIRECTION ( 'NONE',  ( -0.000000000000000000, -0.000000000000000000, 1.000000000000000000 ) ) ;
#157 = CARTESIAN_POINT ( 'NONE',  ( 0.000000000000000000, 0.000000000000000000, -0.9000000000000000222 ) ) ;
#158 = CARTESIAN_POINT ( 'NONE',  ( 3.000000000000000000, 0.3720485754033532877, -0.9499999999999999556 ) ) ;
#159 = ORIENTED_EDGE ( 'NONE', *, *, #1021, .T. ) ;
#160 = ORIENTED_EDGE ( 'NONE', *, *, #3335, .T. ) ;
#161 = DIRECTION ( 'NONE',  ( 0.000000000000000000, -1.000000000000000000, 0.000000000000000000 ) ) ;
#162 = ORIENTED_EDGE ( 'NONE', *, *, #3447, .T. ) ;
#163 = LINE ( 'NONE', #1916, #971 ) ;
#164 = CARTESIAN_POINT ( 'NONE',  ( 3.000000000000000000, 0.000000000000000000, -0.9000000000000000222 ) ) ;
#165 = EDGE_LOOP ( 'NONE', ( #3029, #3471, #742, #1533 ) ) ;
#166 = DIRECTION ( 'NONE',  ( 1.000000000000000000, 0.000000000000000000, 0.000000000000000000 ) ) ;
#167 = EDGE_CURVE ( 'NONE', #91, #3272, #1630, .T. ) ;
#168 = EDGE_LOOP ( 'NONE', ( #2144, #1248, #1405, #1872 ) ) ;
#169 = CARTESIAN_POINT ( 'NONE',  ( 1.399999999999999911, 0.6000000000000000888, -0.9000000000000000222 ) ) ;
#170 = CARTESIAN_POINT ( 'NONE',  ( 2.400000000000000355, 0.02499999999999999792, -0.9000000000000000222 ) ) ;
#171 = ORIENTED_EDGE ( 'NONE', *, *, #3374, .F. ) ;
#172 = EDGE_CURVE ( 'NONE', #2443, #816, #2311, .T. ) ;
#173 = VERTEX_POINT ( 'NONE', #2011 ) ;
#174 = DIRECTION ( 'NONE',  ( 1.000000000000000000, 0.000000000000000000, 0.000000000000000000 ) ) ;
#175 = ORIENTED_EDGE ( 'NONE', *, *, #1053, .F. ) ;
#176 = CARTESIAN_POINT ( 'NONE',  ( 0.2305797569319644469, 1.000000000000000000, 0.05000000000000000278 ) ) ;
#177 = LINE ( 'NONE', #3186, #432 ) ;
#178 = CARTESIAN_POINT ( 'NONE',  ( 1.100000000000000311, 0.5500000000000002665, -0.9249999999999999334 ) ) ;
#179 = VECTOR ( 'NONE', #2748, 1000.000000000000000 ) ;
#180 = ORIENTED_EDGE ( 'NONE', *, *, #766, .F. ) ;
#181 =( NAMED_UNIT ( * ) SI_UNIT ( $, .STERADIAN. ) SOLID_ANGLE_UNIT ( ) );
#182 = AXIS2_PLACEMENT_3D ( 'NONE', #193, #3039, #490 ) ;
#183 = CARTESIAN_POINT ( 'NONE',  ( 2.769420243068036136, 1.000000000000000000, 0.05000000000000000278 ) ) ;
#184 = MANIFOLD_SOLID_BREP ( '伸長4', #1909 ) ;
#185 = AXIS2_PLACEMENT_3D ( 'NONE', #3432, #1522, #40 ) ;
#186 = CARTESIAN_POINT ( 'NONE',  ( -5.285485590866835102E-16, 0.9749999999999994227, -0.9499999999999999556 ) ) ;
#187 = EDGE_CURVE ( 'NONE', #2169, #1672, #374, .T. ) ;
#188 = DIRECTION ( 'NONE',  ( 0.000000000000000000, -1.000000000000000000, 0.000000000000000000 ) ) ;
#189 = VECTOR ( 'NONE', #2787, 1000.000000000000000 ) ;
#190 = EDGE_CURVE ( 'NONE', #3622, #293, #491, .T. ) ;
#191 = PRESENTATION_LAYER_ASSIGNMENT (  '', '', ( #1804 ) ) ;
#192 = ORIENTED_EDGE ( 'NONE', *, *, #2590, .T. ) ;
#193 = CARTESIAN_POINT ( 'NONE',  ( 0.5999999999999998668, 0.000000000000000000, -0.9499999999999999556 ) ) ;
#194 = ORIENTED_EDGE ( 'NONE', *, *, #2046, .T. ) ;
#195 = AXIS2_PLACEMENT_3D ( 'NONE', #1375, #1953, #2768 ) ;
#196 = AXIS2_PLACEMENT_3D ( 'NONE', #463, #1922, #1032 ) ;
#197 = DIRECTION ( 'NONE',  ( -0.000000000000000000, -0.000000000000000000, -1.000000000000000000 ) ) ;
#198 = VERTEX_POINT ( 'NONE', #960 ) ;
#199 = CARTESIAN_POINT ( 'NONE',  ( 0.000000000000000000, 0.9750000000000001998, -0.9000000000000000222 ) ) ;
#200 = VECTOR ( 'NONE', #3244, 1000.000000000000000 ) ;
#201 = VERTEX_POINT ( 'NONE', #1580 ) ;
#202 = DIRECTION ( 'NONE',  ( -0.000000000000000000, -0.000000000000000000, 1.000000000000000000 ) ) ;
#203 = EDGE_LOOP ( 'NONE', ( #649, #1050, #1103, #2370 ) ) ;
#204 = CARTESIAN_POINT ( 'NONE',  ( 0.02500000000000005343, 8.023681421748574741E-18, -0.9499999999999999556 ) ) ;
#205 = STYLED_ITEM ( 'NONE', ( #88 ), #1424 ) ;
#206 = FACE_OUTER_BOUND ( 'NONE', #2101, .T. ) ;
#207 = AXIS2_PLACEMENT_3D ( 'NONE', #44, #3437, #574 ) ;
#208 = CARTESIAN_POINT ( 'NONE',  ( 3.000000000000000000, 0.2458039891549809175, -0.9499999999999999556 ) ) ;
#209 = LINE ( 'NONE', #1092, #1325 ) ;
#210 =( LENGTH_UNIT ( ) NAMED_UNIT ( * ) SI_UNIT ( .MILLI., .METRE. ) );
#211 = ORIENTED_EDGE ( 'NONE', *, *, #2221, .F. ) ;
#212 = CARTESIAN_POINT ( 'NONE',  ( 2.400000000000000355, 0.000000000000000000, -0.9499999999999999556 ) ) ;
#213 = DIRECTION ( 'NONE',  ( -6.720335722660911000E-17, 1.000000000000000000, -0.000000000000000000 ) ) ;
#214 = DIRECTION ( 'NONE',  ( 0.000000000000000000, -1.000000000000000000, 0.000000000000000000 ) ) ;
#215 = ORIENTED_EDGE ( 'NONE', *, *, #3246, .T. ) ;
#216 = EDGE_CURVE ( 'NONE', #3280, #218, #944, .T. ) ;
#217 = DIRECTION ( 'NONE',  ( -0.000000000000000000, -0.000000000000000000, -1.000000000000000000 ) ) ;
#218 = VERTEX_POINT ( 'NONE', #2082 ) ;
#219 = DIRECTION ( 'NONE',  ( -0.000000000000000000, 0.000000000000000000, 1.000000000000000000 ) ) ;
#220 = ORIENTED_EDGE ( 'NONE', *, *, #670, .F. ) ;
#221 = CARTESIAN_POINT ( 'NONE',  ( 0.000000000000000000, 0.000000000000000000, 0.1700000000000000122 ) ) ;
#222 = DIRECTION ( 'NONE',  ( 1.000000000000000000, 0.000000000000000000, 0.000000000000000000 ) ) ;
#223 = CYLINDRICAL_SURFACE ( 'NONE', #196, 0.4250000000000000444 ) ;
#224 = EDGE_CURVE ( 'NONE', #3537, #2964, #2634, .T. ) ;
#225 = CARTESIAN_POINT ( 'NONE',  ( 0.3500000000000000888, 0.7500000000000000000, 0.000000000000000000 ) ) ;
#226 = CARTESIAN_POINT ( 'NONE',  ( 0.3500000000000000888, 0.7500000000000000000, 0.05000000000000000278 ) ) ;
#227 = CARTESIAN_POINT ( 'NONE',  ( 0.2458039891549811951, 0.000000000000000000, -0.9299999999999999378 ) ) ;
#228 = VERTEX_POINT ( 'NONE', #3265 ) ;
#229 = DIRECTION ( 'NONE',  ( -1.000000000000000000, 4.928191693115928797E-17, 0.000000000000000000 ) ) ;
#230 = ORIENTED_EDGE ( 'NONE', *, *, #267, .T. ) ;
#231 = DIRECTION ( 'NONE',  ( -0.000000000000000000, -0.000000000000000000, 1.000000000000000000 ) ) ;
#232 = ORIENTED_EDGE ( 'NONE', *, *, #1881, .F. ) ;
#233 = ORIENTED_EDGE ( 'NONE', *, *, #319, .T. ) ;
#234 = PLANE ( 'NONE',  #2622 ) ;
#235 = VERTEX_POINT ( 'NONE', #1020 ) ;
#236 = LINE ( 'NONE', #3012, #3044 ) ;
#237 = ORIENTED_EDGE ( 'NONE', *, *, #2992, .F. ) ;
#238 = ADVANCED_FACE ( 'NONE', ( #3529 ), #1852, .F. ) ;
#239 = CARTESIAN_POINT ( 'NONE',  ( 2.754196010845019416, 1.000000000000000000, -0.9000000000000000222 ) ) ;
#240 = EDGE_CURVE ( 'NONE', #198, #745, #3507, .T. ) ;
#241 =( LENGTH_UNIT ( ) NAMED_UNIT ( * ) SI_UNIT ( .MILLI., .METRE. ) );
#242 = ORIENTED_EDGE ( 'NONE', *, *, #2501, .F. ) ;
#243 = DIRECTION ( 'NONE',  ( 0.000000000000000000, -0.000000000000000000, 1.000000000000000000 ) ) ;
#244 = DIRECTION ( 'NONE',  ( 0.000000000000000000, 0.000000000000000000, -1.000000000000000000 ) ) ;
#245 = ORIENTED_EDGE ( 'NONE', *, *, #172, .T. ) ;
#246 = AXIS2_PLACEMENT_3D ( 'NONE', #1267, #3179, #3255 ) ;
#247 = FACE_OUTER_BOUND ( 'NONE', #858, .T. ) ;
#248 = VECTOR ( 'NONE', #1041, 1000.000000000000000 ) ;
#249 = ORIENTED_EDGE ( 'NONE', *, *, #2119, .F. ) ;
#250 = DIRECTION ( 'NONE',  ( 0.000000000000000000, 0.000000000000000000, -1.000000000000000000 ) ) ;
#251 = VECTOR ( 'NONE', #847, 1000.000000000000000 ) ;
#252 = DIRECTION ( 'NONE',  ( -0.000000000000000000, -0.000000000000000000, 1.000000000000000000 ) ) ;
#253 = DIRECTION ( 'NONE',  ( -0.000000000000000000, 0.000000000000000000, 1.000000000000000000 ) ) ;
#254 = ORIENTED_EDGE ( 'NONE', *, *, #1070, .F. ) ;
#255 = VECTOR ( 'NONE', #829, 1000.000000000000000 ) ;
#256 = CARTESIAN_POINT ( 'NONE',  ( 0.02499999999999986261, 0.4000000000000002442, -0.9499999999999999556 ) ) ;
#257 = ORIENTED_EDGE ( 'NONE', *, *, #148, .F. ) ;
#258 = DIRECTION ( 'NONE',  ( -0.000000000000000000, 0.000000000000000000, -1.000000000000000000 ) ) ;
#259 = ORIENTED_EDGE ( 'NONE', *, *, #2597, .T. ) ;
#260 = AXIS2_PLACEMENT_3D ( 'NONE', #1471, #3662, #1157 ) ;
#261 = VECTOR ( 'NONE', #2019, 1000.000000000000000 ) ;
#262 = AXIS2_PLACEMENT_3D ( 'NONE', #2361, #2377, #1482 ) ;
#263 = DIRECTION ( 'NONE',  ( 0.000000000000000000, -0.000000000000000000, 1.000000000000000000 ) ) ;
#264 = ORIENTED_EDGE ( 'NONE', *, *, #3094, .F. ) ;
#265 = FACE_OUTER_BOUND ( 'NONE', #2545, .T. ) ;
#266 = DIRECTION ( 'NONE',  ( -0.000000000000000000, 1.000000000000000000, -0.000000000000000000 ) ) ;
#267 = EDGE_CURVE ( 'NONE', #2964, #447, #2097, .T. ) ;
#268 = CARTESIAN_POINT ( 'NONE',  ( 1.600000000000000089, 0.000000000000000000, -0.9499999999999999556 ) ) ;
#269 = CARTESIAN_POINT ( 'NONE',  ( 1.500000000000000000, 1.000000000000000000, 0.05000000000000012768 ) ) ;
#270 = ORIENTED_EDGE ( 'NONE', *, *, #454, .F. ) ;
#271 = CARTESIAN_POINT ( 'NONE',  ( 0.000000000000000000, 0.2458039891549808620, 0.000000000000000000 ) ) ;
#272 = DIRECTION ( 'NONE',  ( -1.057758217059028312E-15, -1.000000000000000000, 0.000000000000000000 ) ) ;
#273 = EDGE_CURVE ( 'NONE', #2929, #3370, #734, .T. ) ;
#274 = FACE_OUTER_BOUND ( 'NONE', #1803, .T. ) ;
#275 = DIRECTION ( 'NONE',  ( 1.000000000000000000, 0.000000000000000000, 0.000000000000000000 ) ) ;
#276 = ORIENTED_EDGE ( 'NONE', *, *, #3369, .F. ) ;
#277 = EDGE_LOOP ( 'NONE', ( #2212, #3567, #362, #3085 ) ) ;
#278 = VERTEX_POINT ( 'NONE', #2932 ) ;
#279 = PLANE ( 'NONE',  #1935 ) ;
#280 = VERTEX_POINT ( 'NONE', #1544 ) ;
#281 = LINE ( 'NONE', #2835, #2049 ) ;
#282 = DIRECTION ( 'NONE',  ( 1.000000000000000000, 0.000000000000000000, 0.000000000000000000 ) ) ;
#283 = CARTESIAN_POINT ( 'NONE',  ( 3.000000000000000000, 0.000000000000000000, -0.9499999999999999556 ) ) ;
#284 = EDGE_CURVE ( 'NONE', #1564, #2357, #2150, .T. ) ;
#285 = ORIENTED_EDGE ( 'NONE', *, *, #1185, .F. ) ;
#286 = LINE ( 'NONE', #2278, #659 ) ;
#287 = CARTESIAN_POINT ( 'NONE',  ( -0.000000000000000000, 0.000000000000000000, 0.000000000000000000 ) ) ;
#288 = EDGE_CURVE ( 'NONE', #173, #3011, #1282, .T. ) ;
#289 = FACE_OUTER_BOUND ( 'NONE', #1600, .T. ) ;
#290 = LINE ( 'NONE', #3385, #1317 ) ;
#291 = ORIENTED_EDGE ( 'NONE', *, *, #2516, .T. ) ;
#292 = ORIENTED_EDGE ( 'NONE', *, *, #2704, .T. ) ;
#293 = VERTEX_POINT ( 'NONE', #2365 ) ;
#294 =( NAMED_UNIT ( * ) PLANE_ANGLE_UNIT ( ) SI_UNIT ( $, .RADIAN. ) );
#295 = ORIENTED_EDGE ( 'NONE', *, *, #2994, .F. ) ;
#296 = CARTESIAN_POINT ( 'NONE',  ( 1.702500000000000124, 0.5025000000000002798, 0.000000000000000000 ) ) ;
#297 = LINE ( 'NONE', #3055, #2044 ) ;
#298 = PLANE ( 'NONE',  #11 ) ;
#299 = CARTESIAN_POINT ( 'NONE',  ( 1.497499999999999831, 0.5025000000000003908, 0.000000000000000000 ) ) ;
#300 = AXIS2_PLACEMENT_3D ( 'NONE', #495, #3010, #1860 ) ;
#301 = ADVANCED_FACE ( 'NONE', ( #3492 ), #1003, .F. ) ;
#302 = VERTEX_POINT ( 'NONE', #1501 ) ;
#303 = DIRECTION ( 'NONE',  ( -0.000000000000000000, -0.000000000000000000, 1.000000000000000000 ) ) ;
#304 = EDGE_CURVE ( 'NONE', #3569, #1844, #430, .T. ) ;
#305 = CARTESIAN_POINT ( 'NONE',  ( -0.05000000000000012768, -0.04999999999999991257, -0.9499999999999999556 ) ) ;
#306 = CIRCLE ( 'NONE', #2440, 0.2999999999999999334 ) ;
#307 = DIRECTION ( 'NONE',  ( 0.000000000000000000, 0.000000000000000000, 1.000000000000000000 ) ) ;
#308 = VECTOR ( 'NONE', #3472, 1000.000000000000000 ) ;
#309 = CARTESIAN_POINT ( 'NONE',  ( 1.202500000000000124, 0.8025000000000001021, 0.1700000000000000122 ) ) ;
#310 = EDGE_CURVE ( 'NONE', #2071, #2848, #677, .T. ) ;
#311 = ORIENTED_EDGE ( 'NONE', *, *, #3058, .F. ) ;
#312 = VECTOR ( 'NONE', #266, 1000.000000000000000 ) ;
#313 = DIRECTION ( 'NONE',  ( 1.000000000000000000, 0.000000000000000000, 0.000000000000000000 ) ) ;
#314 = AXIS2_PLACEMENT_3D ( 'NONE', #3629, #1052, #166 ) ;
#315 = ORIENTED_EDGE ( 'NONE', *, *, #3246, .F. ) ;
#316 = DIRECTION ( 'NONE',  ( -0.000000000000000000, 0.000000000000000000, 1.000000000000000000 ) ) ;
#317 = PLANE ( 'NONE',  #611 ) ;
#318 = VECTOR ( 'NONE', #936, 1000.000000000000000 ) ;
#319 = EDGE_CURVE ( 'NONE', #1663, #596, #111, .T. ) ;
#320 = ADVANCED_FACE ( 'NONE', ( #1226 ), #655, .T. ) ;
#321 = DIRECTION ( 'NONE',  ( -0.000000000000000000, 0.000000000000000000, 1.000000000000000000 ) ) ;
#322 = PRESENTATION_LAYER_ASSIGNMENT (  '', '', ( #2113 ) ) ;
#323 = DIRECTION ( 'NONE',  ( -1.000000000000000000, 4.928191693115928181E-17, -0.000000000000000000 ) ) ;
#324 = STYLED_ITEM ( 'NONE', ( #992 ), #1607 ) ;
#325 = ORIENTED_EDGE ( 'NONE', *, *, #3494, .F. ) ;
#326 = LINE ( 'NONE', #3491, #3515 ) ;
#327 = FACE_OUTER_BOUND ( 'NONE', #168, .T. ) ;
#328 = DIRECTION ( 'NONE',  ( -1.000000000000000000, 0.000000000000000000, -0.000000000000000000 ) ) ;
#329 = ORIENTED_EDGE ( 'NONE', *, *, #2717, .T. ) ;
#330 = EDGE_CURVE ( 'NONE', #3537, #570, #2171, .T. ) ;
#331 = DIRECTION ( 'NONE',  ( -1.000000000000000000, 0.000000000000000000, -0.000000000000000000 ) ) ;
#332 = ORIENTED_EDGE ( 'NONE', *, *, #2252, .T. ) ;
#333 = LINE ( 'NONE', #2241, #736 ) ;
#334 = DIRECTION ( 'NONE',  ( -1.000000000000000000, 1.057758217059028312E-15, -0.000000000000000000 ) ) ;
#335 = DIRECTION ( 'NONE',  ( 1.000000000000000000, 0.000000000000000000, 0.000000000000000000 ) ) ;
#336 = CARTESIAN_POINT ( 'NONE',  ( 0.3500000000000000888, 0.2500000000000000000, 0.05000000000000000278 ) ) ;
#337 = DIRECTION ( 'NONE',  ( 0.000000000000000000, 0.000000000000000000, 1.000000000000000000 ) ) ;
#338 = ADVANCED_FACE ( 'NONE', ( #753 ), #523, .F. ) ;
#339 = ORIENTED_EDGE ( 'NONE', *, *, #3194, .T. ) ;
#340 = LINE ( 'NONE', #929, #2326 ) ;
#341 =( LENGTH_UNIT ( ) NAMED_UNIT ( * ) SI_UNIT ( .MILLI., .METRE. ) );
#342 = EDGE_CURVE ( 'NONE', #2102, #1666, #2760, .T. ) ;
#343 = CARTESIAN_POINT ( 'NONE',  ( 0.000000000000000000, 0.6000000000000000888, -0.9499999999999999556 ) ) ;
#344 = ORIENTED_EDGE ( 'NONE', *, *, #2838, .F. ) ;
#345 = CARTESIAN_POINT ( 'NONE',  ( 1.500000000000000000, 0.000000000000000000, 0.05000000000000012768 ) ) ;
#346 = ADVANCED_FACE ( 'NONE', ( #3581 ), #3633, .F. ) ;
#347 = ORIENTED_EDGE ( 'NONE', *, *, #3288, .T. ) ;
#348 = ADVANCED_FACE ( 'NONE', ( #3301 ), #1354, .F. ) ;
#349 = CARTESIAN_POINT ( 'NONE',  ( 1.200000000000000178, 0.9750000000000000888, -0.9499999999999999556 ) ) ;
#350 = CARTESIAN_POINT ( 'NONE',  ( 0.000000000000000000, 1.000000000000000000, 0.05000000000000000278 ) ) ;
#351 = SURFACE_SIDE_STYLE ('',( #3184 ) ) ;
#352 = CARTESIAN_POINT ( 'NONE',  ( 3.000000000000000000, 0.000000000000000000, 0.000000000000000000 ) ) ;
#353 = CARTESIAN_POINT ( 'NONE',  ( 0.3500000000000000888, 0.7500000000000000000, 0.05000000000000000278 ) ) ;
#354 = DIRECTION ( 'NONE',  ( 0.000000000000000000, -1.000000000000000000, 0.000000000000000000 ) ) ;
#355 = ORIENTED_EDGE ( 'NONE', *, *, #2507, .F. ) ;
#356 = LINE ( 'NONE', #676, #846 ) ;
#357 = DIRECTION ( 'NONE',  ( 0.000000000000000000, -1.000000000000000000, 0.000000000000000000 ) ) ;
#358 = VECTOR ( 'NONE', #2995, 1000.000000000000000 ) ;
#359 = SURFACE_STYLE_FILL_AREA ( #3508 ) ;
#360 = CYLINDRICAL_SURFACE ( 'NONE', #3337, 0.2850000000000000866 ) ;
#361 = AXIS2_PLACEMENT_3D ( 'NONE', #508, #250, #3118 ) ;
#362 = ORIENTED_EDGE ( 'NONE', *, *, #537, .F. ) ;
#363 = AXIS2_PLACEMENT_3D ( 'NONE', #3023, #1098, #774 ) ;
#364 = ORIENTED_EDGE ( 'NONE', *, *, #972, .T. ) ;
#365 = VECTOR ( 'NONE', #714, 1000.000000000000000 ) ;
#366 = CARTESIAN_POINT ( 'NONE',  ( 4.675621868843737872E-16, 0.7541960108450191935, 0.000000000000000000 ) ) ;
#367 = ORIENTED_EDGE ( 'NONE', *, *, #735, .F. ) ;
#368 = AXIS2_PLACEMENT_3D ( 'NONE', #695, #1002, #3281 ) ;
#369 = CARTESIAN_POINT ( 'NONE',  ( 2.498749217771908615, 0.000000000000000000, 0.000000000000000000 ) ) ;
#370 = FACE_OUTER_BOUND ( 'NONE', #688, .T. ) ;
#371 = AXIS2_PLACEMENT_3D ( 'NONE', #1380, #1322, #219 ) ;
#372 = PLANE ( 'NONE',  #482 ) ;
#373 = CARTESIAN_POINT ( 'NONE',  ( 5.747216364756792359E-19, 0.02500000000000000486, -0.9499999999999999556 ) ) ;
#374 = CIRCLE ( 'NONE', #1576, 0.2850000000000000866 ) ;
#375 = VECTOR ( 'NONE', #1995, 1000.000000000000000 ) ;
#376 = VECTOR ( 'NONE', #2488, 1000.000000000000000 ) ;
#377 = EDGE_CURVE ( 'NONE', #1829, #1876, #2185, .T. ) ;
#378 = AXIS2_PLACEMENT_3D ( 'NONE', #3050, #747, #500 ) ;
#379 = ORIENTED_EDGE ( 'NONE', *, *, #1227, .F. ) ;
#380 = DIRECTION ( 'NONE',  ( -0.000000000000000000, -0.000000000000000000, 1.000000000000000000 ) ) ;
#381 = DIRECTION ( 'NONE',  ( 2.409338161078900660E-16, 1.000000000000000000, 0.000000000000000000 ) ) ;
#382 = COLOUR_RGB ( '',0.7529411764705882248, 0.7529411764705882248, 0.7529411764705882248 ) ;
#383 = PRESENTATION_STYLE_ASSIGNMENT (( #2934 ) ) ;
#384 = DIRECTION ( 'NONE',  ( 0.000000000000000000, 0.000000000000000000, -1.000000000000000000 ) ) ;
#385 = ORIENTED_EDGE ( 'NONE', *, *, #498, .T. ) ;
#386 = ORIENTED_EDGE ( 'NONE', *, *, #1021, .F. ) ;
#387 = ORIENTED_EDGE ( 'NONE', *, *, #224, .T. ) ;
#388 = CARTESIAN_POINT ( 'NONE',  ( 0.2458039891549811951, 0.000000000000000000, -0.9299999999999999378 ) ) ;
#389 = PLANE ( 'NONE',  #1211 ) ;
#390 = ORIENTED_EDGE ( 'NONE', *, *, #3033, .T. ) ;
#391 = CARTESIAN_POINT ( 'NONE',  ( 0.000000000000000000, 0.000000000000000000, 0.05000000000000000278 ) ) ;
#392 = LINE ( 'NONE', #787, #2330 ) ;
#393 = CARTESIAN_POINT ( 'NONE',  ( 0.000000000000000000, 0.000000000000000000, -0.9000000000000000222 ) ) ;
#394 = VERTEX_POINT ( 'NONE', #1609 ) ;
#395 = CARTESIAN_POINT ( 'NONE',  ( -6.776263578034400247E-17, 0.4500000000000002331, -0.9000000000000000222 ) ) ;
#396 = DIRECTION ( 'NONE',  ( 0.000000000000000000, -1.000000000000000000, 0.000000000000000000 ) ) ;
#397 = EDGE_CURVE ( 'NONE', #494, #2461, #505, .T. ) ;
#398 = DIRECTION ( 'NONE',  ( 0.000000000000000000, 0.000000000000000000, 1.000000000000000000 ) ) ;
#399 = DIRECTION ( 'NONE',  ( 0.000000000000000000, 0.000000000000000000, -1.000000000000000000 ) ) ;
#400 = ORIENTED_EDGE ( 'NONE', *, *, #486, .T. ) ;
#401 = VERTEX_POINT ( 'NONE', #1888 ) ;
#402 = CARTESIAN_POINT ( 'NONE',  ( 0.3683300132670376814, 0.02499999999999999792, -0.9000000000000000222 ) ) ;
#403 = EDGE_LOOP ( 'NONE', ( #1499, #2792, #254, #2692 ) ) ;
#404 = VERTEX_POINT ( 'NONE', #3617 ) ;
#405 = PLANE ( 'NONE',  #1399 ) ;
#406 = DIRECTION ( 'NONE',  ( -0.000000000000000000, 0.000000000000000000, 1.000000000000000000 ) ) ;
#407 = ORIENTED_EDGE ( 'NONE', *, *, #2238, .F. ) ;
#408 = CARTESIAN_POINT ( 'NONE',  ( 0.5999999999999998668, 0.2250000000000000056, -0.9000000000000000222 ) ) ;
#409 = DIRECTION ( 'NONE',  ( -2.298886545902716559E-17, -1.000000000000000000, 0.000000000000000000 ) ) ;
#410 = ORIENTED_EDGE ( 'NONE', *, *, #190, .F. ) ;
#411 = DIRECTION ( 'NONE',  ( 0.000000000000000000, 1.000000000000000000, 0.000000000000000000 ) ) ;
#412 = EDGE_CURVE ( 'NONE', #1355, #3180, #1071, .T. ) ;
#413 = EDGE_CURVE ( 'NONE', #596, #3341, #2589, .T. ) ;
#414 = CARTESIAN_POINT ( 'NONE',  ( 1.497499999999999831, 0.5025000000000003908, 0.1700000000000000122 ) ) ;
#415 = VERTEX_POINT ( 'NONE', #1371 ) ;
#416 = ORIENTED_EDGE ( 'NONE', *, *, #187, .F. ) ;
#417 = VECTOR ( 'NONE', #1828, 1000.000000000000000 ) ;
#418 = EDGE_CURVE ( 'NONE', #1663, #1297, #2492, .T. ) ;
#419 = PLANE ( 'NONE',  #2496 ) ;
#420 = ORIENTED_EDGE ( 'NONE', *, *, #1825, .T. ) ;
#421 = LINE ( 'NONE', #1771, #982 ) ;
#422 = VECTOR ( 'NONE', #2522, 1000.000000000000000 ) ;
#423 = ORIENTED_EDGE ( 'NONE', *, *, #3163, .F. ) ;
#424 = AXIS2_PLACEMENT_3D ( 'NONE', #2274, #1427, #3658 ) ;
#425 = FACE_OUTER_BOUND ( 'NONE', #1770, .T. ) ;
#426 = ADVANCED_FACE ( 'NONE', ( #2225 ), #3359, .F. ) ;
#427 = CIRCLE ( 'NONE', #914, 0.2999999999999999889 ) ;
#428 = ORIENTED_EDGE ( 'NONE', *, *, #1575, .T. ) ;
#429 = VECTOR ( 'NONE', #37, 1000.000000000000000 ) ;
#430 = LINE ( 'NONE', #157, #1109 ) ;
#431 = ADVANCED_FACE ( 'NONE', ( #3080 ), #2796, .T. ) ;
#432 = VECTOR ( 'NONE', #979, 1000.000000000000000 ) ;
#433 = CARTESIAN_POINT ( 'NONE',  ( 0.000000000000000000, 0.6000000000000000888, -0.9000000000000000222 ) ) ;
#434 = ORIENTED_EDGE ( 'NONE', *, *, #1503, .T. ) ;
#435 = ORIENTED_EDGE ( 'NONE', *, *, #3060, .T. ) ;
#436 = STYLED_ITEM ( 'NONE', ( #2384 ), #320 ) ;
#437 = CARTESIAN_POINT ( 'NONE',  ( -0.05000000000000012768, -0.04999999999999991257, -0.9499999999999999556 ) ) ;
#438 = ORIENTED_EDGE ( 'NONE', *, *, #2130, .F. ) ;
#439 = CARTESIAN_POINT ( 'NONE',  ( 1.500000000000000000, 1.000000000000000000, 0.05000000000000012768 ) ) ;
#440 = CARTESIAN_POINT ( 'NONE',  ( 0.000000000000000000, 0.000000000000000000, 0.05000000000000000278 ) ) ;
#441 = VECTOR ( 'NONE', #1093, 1000.000000000000000 ) ;
#442 = EDGE_CURVE ( 'NONE', #1297, #1541, #1722, .T. ) ;
#443 = ORIENTED_EDGE ( 'NONE', *, *, #2510, .T. ) ;
#444 = LINE ( 'NONE', #1591, #1753 ) ;
#445 = LINE ( 'NONE', #1869, #132 ) ;
#446 = ADVANCED_FACE ( 'NONE', ( #2258, #2575 ), #4, .T. ) ;
#447 = VERTEX_POINT ( 'NONE', #1184 ) ;
#448 = DIRECTION ( 'NONE',  ( -0.000000000000000000, -0.000000000000000000, 1.000000000000000000 ) ) ;
#449 = DIRECTION ( 'NONE',  ( -0.000000000000000000, 0.000000000000000000, -1.000000000000000000 ) ) ;
#450 = CARTESIAN_POINT ( 'NONE',  ( -0.05000000000000012768, -0.04999999999999991257, -0.9499999999999999556 ) ) ;
#451 = EDGE_CURVE ( 'NONE', #2689, #2042, #2935, .T. ) ;
#452 = EDGE_LOOP ( 'NONE', ( #2317, #3680, #3626, #683, #1280, #3612, #1882, #2631, #3325 ) ) ;
#453 = EDGE_LOOP ( 'NONE', ( #1618, #3643, #2657, #3363, #2711, #2432, #795, #3285, #3668, #906, #428, #220, #292, #1240, #3552, #109 ) ) ;
#454 = EDGE_CURVE ( 'NONE', #2941, #1031, #2453, .T. ) ;
#455 = FACE_OUTER_BOUND ( 'NONE', #3641, .T. ) ;
#456 = EDGE_LOOP ( 'NONE', ( #731, #84, #1011, #233 ) ) ;
#457 = CARTESIAN_POINT ( 'NONE',  ( 0.000000000000000000, 0.2458039891549808620, -0.9000000000000000222 ) ) ;
#458 = DIRECTION ( 'NONE',  ( -1.000000000000000000, 0.000000000000000000, 0.000000000000000000 ) ) ;
#459 = VERTEX_POINT ( 'NONE', #1690 ) ;
#460 = EDGE_CURVE ( 'NONE', #951, #2411, #2294, .T. ) ;
#461 = SURFACE_STYLE_FILL_AREA ( #3073 ) ;
#462 = EDGE_CURVE ( 'NONE', #1810, #1908, #3116, .T. ) ;
#463 = CARTESIAN_POINT ( 'NONE',  ( 3.050000000000000266, -0.04999999999999991257, -0.9499999999999999556 ) ) ;
#464 = SURFACE_STYLE_USAGE ( .BOTH. , #2459 ) ;
#465 = DIRECTION ( 'NONE',  ( 0.000000000000000000, 1.000000000000000000, 0.000000000000000000 ) ) ;
#466 = UNCERTAINTY_MEASURE_WITH_UNIT (LENGTH_MEASURE( 1.000000000000000082E-05 ), #1249, 'distance_accuracy_value', 'NONE');
#467 = ORIENTED_EDGE ( 'NONE', *, *, #2079, .F. ) ;
#468 = DIRECTION ( 'NONE',  ( 0.000000000000000000, -0.000000000000000000, -1.000000000000000000 ) ) ;
#469 = LINE ( 'NONE', #1417, #3278 ) ;
#470 = LINE ( 'NONE', #1614, #2514 ) ;
#471 = ORIENTED_EDGE ( 'NONE', *, *, #1000, .T. ) ;
#472 = FACE_OUTER_BOUND ( 'NONE', #3526, .T. ) ;
#473 = ORIENTED_EDGE ( 'NONE', *, *, #2949, .F. ) ;
#474 = DIRECTION ( 'NONE',  ( -1.000000000000000000, 1.057758217059028312E-15, -0.000000000000000000 ) ) ;
#475 = EDGE_LOOP ( 'NONE', ( #3557, #1641, #3624, #1301, #1917 ) ) ;
#476 = CARTESIAN_POINT ( 'NONE',  ( 1.800000000000000266, 0.9750000000000001998, -0.9499999999999999556 ) ) ;
#477 = AXIS2_PLACEMENT_3D ( 'NONE', #2617, #384, #2352 ) ;
#478 = ORIENTED_EDGE ( 'NONE', *, *, #304, .F. ) ;
#479 = CARTESIAN_POINT ( 'NONE',  ( 2.400000000000000355, 0.000000000000000000, -0.9000000000000000222 ) ) ;
#480 = CIRCLE ( 'NONE', #3102, 0.2850000000000000866 ) ;
#481 = DIRECTION ( 'NONE',  ( -0.000000000000000000, -0.000000000000000000, 1.000000000000000000 ) ) ;
#482 = AXIS2_PLACEMENT_3D ( 'NONE', #2076, #3128, #53 ) ;
#483 = DIRECTION ( 'NONE',  ( -0.000000000000000000, -0.000000000000000000, 1.000000000000000000 ) ) ;
#484 = DIRECTION ( 'NONE',  ( 0.000000000000000000, 1.000000000000000000, 0.000000000000000000 ) ) ;
#485 = CIRCLE ( 'NONE', #2273, 0.2999999999999999334 ) ;
#486 = EDGE_CURVE ( 'NONE', #2710, #3287, #3097, .T. ) ;
#487 = CIRCLE ( 'NONE', #2690, 0.2999999999999999334 ) ;
#488 = AXIS2_PLACEMENT_3D ( 'NONE', #3393, #2275, #2596 ) ;
#489 = ORIENTED_EDGE ( 'NONE', *, *, #167, .T. ) ;
#490 = DIRECTION ( 'NONE',  ( -0.000000000000000000, 0.000000000000000000, 1.000000000000000000 ) ) ;
#491 = LINE ( 'NONE', #3249, #2451 ) ;
#492 = VECTOR ( 'NONE', #3544, 1000.000000000000000 ) ;
#493 = CARTESIAN_POINT ( 'NONE',  ( 0.3500000000000000888, 0.2500000000000000000, 0.05000000000000000278 ) ) ;
#494 = VERTEX_POINT ( 'NONE', #1151 ) ;
#495 = CARTESIAN_POINT ( 'NONE',  ( -0.05000000000000012768, 1.050000000000000044, -0.9499999999999999556 ) ) ;
#496 = ORIENTED_EDGE ( 'NONE', *, *, #442, .F. ) ;
#497 = LINE ( 'NONE', #3309, #3407 ) ;
#498 = EDGE_CURVE ( 'NONE', #1079, #1876, #2853, .T. ) ;
#499 = ORIENTED_EDGE ( 'NONE', *, *, #284, .F. ) ;
#500 = DIRECTION ( 'NONE',  ( -1.000000000000000000, -1.954752740392982697E-14, 0.000000000000000000 ) ) ;
#501 = PLANE ( 'NONE',  #2284 ) ;
#502 = CARTESIAN_POINT ( 'NONE',  ( 0.9975000000000001643, 0.8025000000000003242, 0.000000000000000000 ) ) ;
#503 = DIRECTION ( 'NONE',  ( 0.000000000000000000, 0.000000000000000000, -1.000000000000000000 ) ) ;
#504 = FACE_OUTER_BOUND ( 'NONE', #2396, .T. ) ;
#505 = LINE ( 'NONE', #1313, #1583 ) ;
#506 = UNCERTAINTY_MEASURE_WITH_UNIT (LENGTH_MEASURE( 1.000000000000000082E-05 ), #2149, 'distance_accuracy_value', 'NONE');
#507 = VERTEX_POINT ( 'NONE', #299 ) ;
#508 = CARTESIAN_POINT ( 'NONE',  ( 0.000000000000000000, 0.000000000000000000, -0.9000000000000000222 ) ) ;
#509 = EDGE_CURVE ( 'NONE', #2121, #278, #3416, .T. ) ;
#510 = ORIENTED_EDGE ( 'NONE', *, *, #715, .T. ) ;
#511 = CARTESIAN_POINT ( 'NONE',  ( -0.05000000000000012768, -0.04999999999999991257, 0.000000000000000000 ) ) ;
#512 = VERTEX_POINT ( 'NONE', #2308 ) ;
#513 = CARTESIAN_POINT ( 'NONE',  ( 1.800000000000000266, 0.000000000000000000, -0.9000000000000000222 ) ) ;
#514 = EDGE_LOOP ( 'NONE', ( #1515, #602, #245, #2037, #1684, #3205, #694, #2468, #1934, #3136, #159, #2435, #249, #2482, #660, #1553, #1422, #2009, #716, #2588, #1657, #3308, #2201 ) ) ;
#515 = CARTESIAN_POINT ( 'NONE',  ( 2.975000000000000089, 0.3683300132670376814, -0.9499999999999999556 ) ) ;
#516 = ORIENTED_EDGE ( 'NONE', *, *, #3608, .T. ) ;
#517 = DIRECTION ( 'NONE',  ( 0.000000000000000000, -0.000000000000000000, 1.000000000000000000 ) ) ;
#518 = LINE ( 'NONE', #3331, #1997 ) ;
#519 = EDGE_LOOP ( 'NONE', ( #1381, #643, #423, #75 ) ) ;
#520 = CARTESIAN_POINT ( 'NONE',  ( 5.747216364756792359E-19, 0.02500000000000000486, -0.9000000000000000222 ) ) ;
#521 = DIRECTION ( 'NONE',  ( 1.000000000000000000, 0.000000000000000000, 0.000000000000000000 ) ) ;
#522 = DIRECTION ( 'NONE',  ( -0.000000000000000000, 0.000000000000000000, 1.000000000000000000 ) ) ;
#523 = CYLINDRICAL_SURFACE ( 'NONE', #874, 0.2850000000000000866 ) ;
#524 = ADVANCED_FACE ( 'NONE', ( #621 ), #902, .F. ) ;
#525 = EDGE_CURVE ( 'NONE', #3659, #3252, #1761, .T. ) ;
#526 = ORIENTED_EDGE ( 'NONE', *, *, #1479, .T. ) ;
#527 = LINE ( 'NONE', #1447, #2499 ) ;
#528 = CARTESIAN_POINT ( 'NONE',  ( 0.9975000000000001643, 0.8025000000000003242, 0.1700000000000000122 ) ) ;
#529 = CARTESIAN_POINT ( 'NONE',  ( -0.04999999999999969746, 1.050000000000000044, 0.05000000000000000278 ) ) ;
#530 = ADVANCED_FACE ( 'NONE', ( #1483 ), #3129, .F. ) ;
#531 = EDGE_LOOP ( 'NONE', ( #3041, #3009, #3262, #1125 ) ) ;
#532 = ADVANCED_FACE ( 'NONE', ( #425 ), #1574, .T. ) ;
#533 = DIRECTION ( 'NONE',  ( 0.000000000000000000, -1.000000000000000000, 0.000000000000000000 ) ) ;
#534 = ORIENTED_EDGE ( 'NONE', *, *, #342, .F. ) ;
#535 = PLANE ( 'NONE',  #3524 ) ;
#536 = ORIENTED_EDGE ( 'NONE', *, *, #525, .T. ) ;
#537 = EDGE_CURVE ( 'NONE', #1729, #2254, #1524, .T. ) ;
#538 = PLANE ( 'NONE',  #2520 ) ;
#539 = ORIENTED_EDGE ( 'NONE', *, *, #1859, .T. ) ;
#540 = PLANE ( 'NONE',  #1928 ) ;
#541 = LINE ( 'NONE', #3111, #16 ) ;
#542 = AXIS2_PLACEMENT_3D ( 'NONE', #1956, #879, #2013 ) ;
#543 = CYLINDRICAL_SURFACE ( 'NONE', #1505, 0.4250000000000000444 ) ;
#544 = SURFACE_SIDE_STYLE ('',( #848 ) ) ;
#545 = ADVANCED_FACE ( 'NONE', ( #90 ), #2379, .F. ) ;
#546 = VECTOR ( 'NONE', #589, 1000.000000000000000 ) ;
#547 = PRESENTATION_LAYER_ASSIGNMENT (  '', '', ( #2344 ) ) ;
#548 = ORIENTED_EDGE ( 'NONE', *, *, #3253, .F. ) ;
#549 = LINE ( 'NONE', #1073, #785 ) ;
#550 = VECTOR ( 'NONE', #1258, 1000.000000000000000 ) ;
#551 = DIRECTION ( 'NONE',  ( -1.000000000000000000, 8.809142651444723526E-16, 0.000000000000000000 ) ) ;
#552 = CARTESIAN_POINT ( 'NONE',  ( 4.675621868843737872E-16, 0.7541960108450191935, -0.9299999999999999378 ) ) ;
#553 = AXIS2_PLACEMENT_3D ( 'NONE', #583, #244, #2851 ) ;
#554 = LINE ( 'NONE', #576, #1383 ) ;
#555 = EDGE_LOOP ( 'NONE', ( #1062, #2063, #2511, #2465 ) ) ;
#556 = VERTEX_POINT ( 'NONE', #1239 ) ;
#557 = VECTOR ( 'NONE', #625, 1000.000000000000000 ) ;
#558 = VECTOR ( 'NONE', #569, 1000.000000000000000 ) ;
#559 = ORIENTED_EDGE ( 'NONE', *, *, #2220, .T. ) ;
#560 = VECTOR ( 'NONE', #1604, 1000.000000000000000 ) ;
#561 = LINE ( 'NONE', #1731, #2702 ) ;
#562 = ORIENTED_EDGE ( 'NONE', *, *, #2516, .F. ) ;
#563 = EDGE_CURVE ( 'NONE', #3272, #581, #2703, .T. ) ;
#564 = DIRECTION ( 'NONE',  ( 0.000000000000000000, 0.000000000000000000, 1.000000000000000000 ) ) ;
#565 = VECTOR ( 'NONE', #978, 1000.000000000000000 ) ;
#566 = CARTESIAN_POINT ( 'NONE',  ( 0.000000000000000000, 0.000000000000000000, -0.9000000000000000222 ) ) ;
#567 = AXIS2_PLACEMENT_3D ( 'NONE', #3059, #484, #831 ) ;
#568 = FACE_OUTER_BOUND ( 'NONE', #3062, .T. ) ;
#569 = DIRECTION ( 'NONE',  ( -0.000000000000000000, -0.000000000000000000, 1.000000000000000000 ) ) ;
#570 = VERTEX_POINT ( 'NONE', #672 ) ;
#571 = ADVANCED_FACE ( 'NONE', ( #2062 ), #1777, .T. ) ;
#572 = ORIENTED_EDGE ( 'NONE', *, *, #2630, .F. ) ;
#573 = DIRECTION ( 'NONE',  ( -0.000000000000000000, -0.000000000000000000, 1.000000000000000000 ) ) ;
#574 = DIRECTION ( 'NONE',  ( -1.000000000000000000, 0.000000000000000000, 0.000000000000000000 ) ) ;
#575 = CARTESIAN_POINT ( 'NONE',  ( -0.04999999999999969746, 1.050000000000000044, -0.9299999999999999378 ) ) ;
#576 = CARTESIAN_POINT ( 'NONE',  ( 1.600000000000000089, 0.6000000000000000888, -0.9499999999999999556 ) ) ;
#577 = ORIENTED_EDGE ( 'NONE', *, *, #288, .T. ) ;
#578 = EDGE_LOOP ( 'NONE', ( #2425, #1335, #98, #1172 ) ) ;
#579 = ORIENTED_EDGE ( 'NONE', *, *, #1053, .T. ) ;
#580 = CARTESIAN_POINT ( 'NONE',  ( 3.000000000000000000, 0.000000000000000000, 0.05000000000000000278 ) ) ;
#581 = VERTEX_POINT ( 'NONE', #2662 ) ;
#582 = CARTESIAN_POINT ( 'NONE',  ( 3.000000000000000000, 0.2458039891549810840, 0.000000000000000000 ) ) ;
#583 = CARTESIAN_POINT ( 'NONE',  ( -0.05000000000000012768, -0.04999999999999991257, -0.9000000000000000222 ) ) ;
#584 = ADVANCED_FACE ( 'NONE', ( #2362 ), #3187, .T. ) ;
#585 = EDGE_CURVE ( 'NONE', #115, #1718, #2129, .T. ) ;
#586 = PLANE ( 'NONE',  #2099 ) ;
#587 = PRESENTATION_STYLE_ASSIGNMENT (( #2040 ) ) ;
#588 = VERTEX_POINT ( 'NONE', #1497 ) ;
#589 = DIRECTION ( 'NONE',  ( 0.000000000000000000, 0.000000000000000000, 1.000000000000000000 ) ) ;
#590 = FACE_OUTER_BOUND ( 'NONE', #1096, .T. ) ;
#591 = CARTESIAN_POINT ( 'NONE',  ( -0.05000000000000012768, 1.050000000000000044, -0.9499999999999999556 ) ) ;
#592 = CARTESIAN_POINT ( 'NONE',  ( 4.133520782600985655E-16, 0.2305797569319641693, 0.05000000000000000278 ) ) ;
#593 = ORIENTED_EDGE ( 'NONE', *, *, #1503, .F. ) ;
#594 = ORIENTED_EDGE ( 'NONE', *, *, #2950, .F. ) ;
#595 = LINE ( 'NONE', #3388, #807 ) ;
#596 = VERTEX_POINT ( 'NONE', #1849 ) ;
#597 = DIRECTION ( 'NONE',  ( -1.000000000000000000, 0.000000000000000000, -0.000000000000000000 ) ) ;
#598 = CARTESIAN_POINT ( 'NONE',  ( 3.388131789017201356E-17, 0.2458039891549808620, 0.000000000000000000 ) ) ;
#599 = CARTESIAN_POINT ( 'NONE',  ( 2.500000000000000000, 0.000000000000000000, 0.05000000000000000278 ) ) ;
#600 = DIRECTION ( 'NONE',  ( 0.000000000000000000, 0.000000000000000000, 1.000000000000000000 ) ) ;
#601 = VECTOR ( 'NONE', #118, 1000.000000000000000 ) ;
#602 = ORIENTED_EDGE ( 'NONE', *, *, #3323, .T. ) ;
#603 = LINE ( 'NONE', #2349, #8 ) ;
#604 = FILL_AREA_STYLE_COLOUR ( '', #2579 ) ;
#605 = VECTOR ( 'NONE', #2912, 1000.000000000000000 ) ;
#606 = EDGE_CURVE ( 'NONE', #1079, #139, #1555, .T. ) ;
#607 = DIRECTION ( 'NONE',  ( 0.000000000000000000, 1.000000000000000000, 0.000000000000000000 ) ) ;
#608 = AXIS2_PLACEMENT_3D ( 'NONE', #1926, #3057, #1651 ) ;
#609 = DIRECTION ( 'NONE',  ( 1.000000000000000000, 0.000000000000000000, 0.000000000000000000 ) ) ;
#610 = EDGE_LOOP ( 'NONE', ( #3443, #3146 ) ) ;
#611 = AXIS2_PLACEMENT_3D ( 'NONE', #3464, #1518, #1464 ) ;
#612 = DIRECTION ( 'NONE',  ( 1.000000000000000000, 0.000000000000000000, -0.000000000000000000 ) ) ;
#613 = AXIS2_PLACEMENT_3D ( 'NONE', #575, #3149, #9 ) ;
#614 = ORIENTED_EDGE ( 'NONE', *, *, #2439, .T. ) ;
#615 = CARTESIAN_POINT ( 'NONE',  ( 1.399999999999999911, 0.000000000000000000, -0.9499999999999999556 ) ) ;
#616 = VECTOR ( 'NONE', #1711, 1000.000000000000000 ) ;
#617 = DIRECTION ( 'NONE',  ( -0.000000000000000000, -0.000000000000000000, 1.000000000000000000 ) ) ;
#618 = VECTOR ( 'NONE', #2903, 1000.000000000000000 ) ;
#619 = CARTESIAN_POINT ( 'NONE',  ( 1.600000000000000089, 0.000000000000000000, -0.9499999999999999556 ) ) ;
#620 =( GEOMETRIC_REPRESENTATION_CONTEXT ( 3 ) GLOBAL_UNCERTAINTY_ASSIGNED_CONTEXT ( ( #136 ) ) GLOBAL_UNIT_ASSIGNED_CONTEXT ( ( #2645, #651, #955 ) ) REPRESENTATION_CONTEXT ( 'NONE', 'WORKASPACE' ) );
#621 = FACE_OUTER_BOUND ( 'NONE', #720, .T. ) ;
#622 = ORIENTED_EDGE ( 'NONE', *, *, #1575, .F. ) ;
#623 = LINE ( 'NONE', #3189, #308 ) ;
#624 = CARTESIAN_POINT ( 'NONE',  ( -0.05000000000000012768, 1.050000000000000044, -0.9000000000000000222 ) ) ;
#625 = DIRECTION ( 'NONE',  ( -0.000000000000000000, -1.000000000000000000, -0.000000000000000000 ) ) ;
#626 = ADVANCED_FACE ( 'NONE', ( #1795 ), #2926, .F. ) ;
#627 = EDGE_CURVE ( 'NONE', #1998, #2964, #3413, .T. ) ;
#628 = FACE_OUTER_BOUND ( 'NONE', #2206, .T. ) ;
#629 = ORIENTED_EDGE ( 'NONE', *, *, #2960, .T. ) ;
#630 = CARTESIAN_POINT ( 'NONE',  ( 1.702500000000000124, 0.5025000000000002798, 0.1700000000000000122 ) ) ;
#631 = ORIENTED_EDGE ( 'NONE', *, *, #2992, .T. ) ;
#632 = CARTESIAN_POINT ( 'NONE',  ( 3.000000000000000000, 0.000000000000000000, -0.9499999999999999556 ) ) ;
#633 = LINE ( 'NONE', #667, #3345 ) ;
#634 = FACE_OUTER_BOUND ( 'NONE', #1372, .T. ) ;
#635 = DIRECTION ( 'NONE',  ( -0.000000000000000000, 0.000000000000000000, -1.000000000000000000 ) ) ;
#636 = PLANE ( 'NONE',  #262 ) ;
#637 = DIRECTION ( 'NONE',  ( 0.000000000000000000, 1.000000000000000000, 0.000000000000000000 ) ) ;
#638 = VERTEX_POINT ( 'NONE', #1223 ) ;
#639 = CARTESIAN_POINT ( 'NONE',  ( 0.5000000000000000000, 0.4000000000000000222, 0.05000000000000000278 ) ) ;
#640 = ADVANCED_FACE ( 'NONE', ( #2347 ), #2681, .F. ) ;
#641 = CARTESIAN_POINT ( 'NONE',  ( 0.3683300132670376814, 0.02499999999999999792, -0.9499999999999999556 ) ) ;
#642 = VERTEX_POINT ( 'NONE', #127 ) ;
#643 = ORIENTED_EDGE ( 'NONE', *, *, #1393, .F. ) ;
#644 = ORIENTED_EDGE ( 'NONE', *, *, #3314, .T. ) ;
#645 = CARTESIAN_POINT ( 'NONE',  ( 2.769420243068036136, 2.168404344971008868E-16, 0.05000000000000000278 ) ) ;
#646 = EDGE_CURVE ( 'NONE', #2678, #2916, #1214, .T. ) ;
#647 = LINE ( 'NONE', #2943, #1743 ) ;
#648 =( NAMED_UNIT ( * ) PLANE_ANGLE_UNIT ( ) SI_UNIT ( $, .RADIAN. ) );
#649 = ORIENTED_EDGE ( 'NONE', *, *, #2630, .T. ) ;
#650 = FACE_OUTER_BOUND ( 'NONE', #2251, .T. ) ;
#651 =( NAMED_UNIT ( * ) PLANE_ANGLE_UNIT ( ) SI_UNIT ( $, .RADIAN. ) );
#652 = DIRECTION ( 'NONE',  ( 1.000000000000000000, 0.000000000000000000, -0.000000000000000000 ) ) ;
#653 = EDGE_LOOP ( 'NONE', ( #3124, #171, #2603, #3318 ) ) ;
#654 = LINE ( 'NONE', #943, #605 ) ;
#655 = CYLINDRICAL_SURFACE ( 'NONE', #567, 1.000000000000000000 ) ;
#656 = DIRECTION ( 'NONE',  ( -0.000000000000000000, -0.000000000000000000, 1.000000000000000000 ) ) ;
#657 = UNCERTAINTY_MEASURE_WITH_UNIT (LENGTH_MEASURE( 1.000000000000000082E-05 ), #3442, 'distance_accuracy_value', 'NONE');
#658 = CARTESIAN_POINT ( 'NONE',  ( -0.000000000000000000, 0.6000000000000000888, 0.000000000000000000 ) ) ;
#659 = VECTOR ( 'NONE', #851, 1000.000000000000000 ) ;
#660 = ORIENTED_EDGE ( 'NONE', *, *, #1000, .F. ) ;
#661 = EDGE_LOOP ( 'NONE', ( #3405, #3235 ) ) ;
#662 = AXIS2_PLACEMENT_3D ( 'NONE', #3143, #3448, #1495 ) ;
#663 = DIRECTION ( 'NONE',  ( 0.000000000000000000, 1.000000000000000000, 0.000000000000000000 ) ) ;
#664 = ORIENTED_EDGE ( 'NONE', *, *, #342, .T. ) ;
#665 = VECTOR ( 'NONE', #1958, 1000.000000000000000 ) ;
#666 = LINE ( 'NONE', #3501, #1519 ) ;
#667 = CARTESIAN_POINT ( 'NONE',  ( 1.497500000000000053, 0.2975000000000002642, 0.1700000000000000122 ) ) ;
#668 = ORIENTED_EDGE ( 'NONE', *, *, #3571, .T. ) ;
#669 = CARTESIAN_POINT ( 'NONE',  ( 0.5999999999999998668, 0.6000000000000003109, -0.9000000000000000222 ) ) ;
#670 = EDGE_CURVE ( 'NONE', #751, #2174, #2404, .T. ) ;
#671 = FACE_OUTER_BOUND ( 'NONE', #1587, .T. ) ;
#672 = CARTESIAN_POINT ( 'NONE',  ( 0.2458039891549811951, 0.000000000000000000, -0.9299999999999999378 ) ) ;
#673 = AXIS2_PLACEMENT_3D ( 'NONE', #69, #980, #2114 ) ;
#674 = VECTOR ( 'NONE', #3652, 1000.000000000000000 ) ;
#675 = VERTEX_POINT ( 'NONE', #999 ) ;
#676 = CARTESIAN_POINT ( 'NONE',  ( 0.000000000000000000, 0.4000000000000002442, -0.9000000000000000222 ) ) ;
#677 = LINE ( 'NONE', #1299, #868 ) ;
#678 = COLOUR_RGB ( '',1.000000000000000000, 1.000000000000000000, 0.7529411764705882248 ) ;
#679 = APPLICATION_CONTEXT ( 'automotive_design' ) ;
#680 = PLANE ( 'NONE',  #1561 ) ;
#681 = ORIENTED_EDGE ( 'NONE', *, *, #1393, .T. ) ;
#682 = COLOUR_RGB ( '',0.7529411764705882248, 0.7529411764705882248, 0.7529411764705882248 ) ;
#683 = ORIENTED_EDGE ( 'NONE', *, *, #3657, .F. ) ;
#684 = DIRECTION ( 'NONE',  ( -0.000000000000000000, -0.000000000000000000, 1.000000000000000000 ) ) ;
#685 = ORIENTED_EDGE ( 'NONE', *, *, #3106, .T. ) ;
#686 = PLANE ( 'NONE',  #1039 ) ;
#687 = DIRECTION ( 'NONE',  ( -0.000000000000000000, -0.000000000000000000, -1.000000000000000000 ) ) ;
#688 = EDGE_LOOP ( 'NONE', ( #3597, #155, #3046, #2939 ) ) ;
#689 = FILL_AREA_STYLE_COLOUR ( '', #3056 ) ;
#690 = SURFACE_STYLE_FILL_AREA ( #2112 ) ;
#691 = DIRECTION ( 'NONE',  ( 0.000000000000000000, -0.000000000000000000, -1.000000000000000000 ) ) ;
#692 = PRODUCT_DEFINITION ( 'UNKNOWN', '', #1213, #3601 ) ;
#693 = EDGE_CURVE ( 'NONE', #1564, #512, #1332, .T. ) ;
#694 = ORIENTED_EDGE ( 'NONE', *, *, #1730, .T. ) ;
#695 = CARTESIAN_POINT ( 'NONE',  ( -0.05000000000000012768, 1.050000000000000044, -0.9499999999999999556 ) ) ;
#696 = DIRECTION ( 'NONE',  ( -0.000000000000000000, -0.000000000000000000, -1.000000000000000000 ) ) ;
#697 = EDGE_CURVE ( 'NONE', #1666, #1716, #2757, .T. ) ;
#698 = CARTESIAN_POINT ( 'NONE',  ( 3.050000000000000266, -0.04999999999999991257, 0.000000000000000000 ) ) ;
#699 = ORIENTED_EDGE ( 'NONE', *, *, #2403, .F. ) ;
#700 = VERTEX_POINT ( 'NONE', #502 ) ;
#701 = CARTESIAN_POINT ( 'NONE',  ( 0.9975000000000001643, 0.8025000000000003242, 0.1700000000000000122 ) ) ;
#702 = ORIENTED_EDGE ( 'NONE', *, *, #2419, .T. ) ;
#703 = EDGE_CURVE ( 'NONE', #2710, #748, #2580, .T. ) ;
#704 = CARTESIAN_POINT ( 'NONE',  ( 0.000000000000000000, 1.000000000000000000, -0.9000000000000000222 ) ) ;
#705 = CARTESIAN_POINT ( 'NONE',  ( 0.2458039891549811951, 1.000000000000000000, -0.9000000000000000222 ) ) ;
#706 = ORIENTED_EDGE ( 'NONE', *, *, #86, .T. ) ;
#707 = LINE ( 'NONE', #2945, #565 ) ;
#708 = ORIENTED_EDGE ( 'NONE', *, *, #1671, .T. ) ;
#709 = CARTESIAN_POINT ( 'NONE',  ( -0.05000000000000012768, 1.050000000000000044, 0.000000000000000000 ) ) ;
#710 = EDGE_LOOP ( 'NONE', ( #3048, #2744, #699, #3461 ) ) ;
#711 = LINE ( 'NONE', #768, #2868 ) ;
#712 = DIRECTION ( 'NONE',  ( 0.000000000000000000, -1.000000000000000000, 0.000000000000000000 ) ) ;
#713 = CARTESIAN_POINT ( 'NONE',  ( 2.498749217771908615, 1.000000000000000000, 0.000000000000000000 ) ) ;
#714 = DIRECTION ( 'NONE',  ( 2.409338161078900167E-16, 1.000000000000000000, -0.000000000000000000 ) ) ;
#715 = EDGE_CURVE ( 'NONE', #3242, #3256, #445, .T. ) ;
#716 = ORIENTED_EDGE ( 'NONE', *, *, #3145, .F. ) ;
#717 = ORIENTED_EDGE ( 'NONE', *, *, #3145, .T. ) ;
#718 = CIRCLE ( 'NONE', #3631, 0.05000000000000002359 ) ;
#719 = CARTESIAN_POINT ( 'NONE',  ( 1.399999999999999911, 0.02499999999999997363, -0.9499999999999999556 ) ) ;
#720 = EDGE_LOOP ( 'NONE', ( #82, #832, #270, #2259 ) ) ;
#721 = LINE ( 'NONE', #3273, #3225 ) ;
#722 = DIRECTION ( 'NONE',  ( 1.000000000000000000, 0.000000000000000000, 0.000000000000000000 ) ) ;
#723 = AXIS2_PLACEMENT_3D ( 'NONE', #528, #272, #2801 ) ;
#724 = VECTOR ( 'NONE', #987, 1000.000000000000000 ) ;
#725 = EDGE_CURVE ( 'NONE', #2993, #2549, #1088, .T. ) ;
#726 = VERTEX_POINT ( 'NONE', #3053 ) ;
#727 = CARTESIAN_POINT ( 'NONE',  ( 0.000000000000000000, 0.6000000000000000888, -0.9499999999999999556 ) ) ;
#728 = VECTOR ( 'NONE', #3300, 1000.000000000000000 ) ;
#729 = DIRECTION ( 'NONE',  ( 1.000000000000000000, -2.298886545902716559E-17, 0.000000000000000000 ) ) ;
#730 = VECTOR ( 'NONE', #65, 1000.000000000000000 ) ;
#731 = ORIENTED_EDGE ( 'NONE', *, *, #413, .T. ) ;
#732 = PLANE ( 'NONE',  #2214 ) ;
#733 = VECTOR ( 'NONE', #323, 1000.000000000000000 ) ;
#734 = LINE ( 'NONE', #2117, #925 ) ;
#735 = EDGE_CURVE ( 'NONE', #3011, #745, #3333, .T. ) ;
#736 = VECTOR ( 'NONE', #3093, 1000.000000000000000 ) ;
#737 = CARTESIAN_POINT ( 'NONE',  ( 0.6999999999999997335, 0.5500000000000002665, -0.9249999999999999334 ) ) ;
#738 = ORIENTED_EDGE ( 'NONE', *, *, #627, .T. ) ;
#739 = VECTOR ( 'NONE', #77, 1000.000000000000000 ) ;
#740 = CIRCLE ( 'NONE', #2823, 0.2999999999999999889 ) ;
#741 = ADVANCED_FACE ( 'NONE', ( #3018 ), #223, .T. ) ;
#742 = ORIENTED_EDGE ( 'NONE', *, *, #72, .F. ) ;
#743 = EDGE_CURVE ( 'NONE', #2956, #1338, #2167, .T. ) ;
#744 = CARTESIAN_POINT ( 'NONE',  ( 1.800000000000000266, 0.6000000000000000888, -0.9499999999999999556 ) ) ;
#745 = VERTEX_POINT ( 'NONE', #2216 ) ;
#746 = FACE_OUTER_BOUND ( 'NONE', #1784, .T. ) ;
#747 = DIRECTION ( 'NONE',  ( -0.000000000000000000, -0.000000000000000000, 1.000000000000000000 ) ) ;
#748 = VERTEX_POINT ( 'NONE', #1593 ) ;
#749 = SURFACE_SIDE_STYLE ('',( #461 ) ) ;
#750 = CARTESIAN_POINT ( 'NONE',  ( 2.400000000000000355, 0.02499999999999999792, -0.9499999999999999556 ) ) ;
#751 = VERTEX_POINT ( 'NONE', #208 ) ;
#752 = DIRECTION ( 'NONE',  ( 0.000000000000000000, 0.000000000000000000, 1.000000000000000000 ) ) ;
#753 = FACE_OUTER_BOUND ( 'NONE', #3338, .T. ) ;
#754 = ORIENTED_EDGE ( 'NONE', *, *, #2306, .F. ) ;
#755 = DIRECTION ( 'NONE',  ( 0.000000000000000000, 0.000000000000000000, 1.000000000000000000 ) ) ;
#756 = LINE ( 'NONE', #1613, #2811 ) ;
#757 = VERTEX_POINT ( 'NONE', #2455 ) ;
#758 = PLANE ( 'NONE',  #3151 ) ;
#759 = ORIENTED_EDGE ( 'NONE', *, *, #216, .F. ) ;
#760 = CARTESIAN_POINT ( 'NONE',  ( 1.600000000000000089, 0.9750000000000001998, -0.9499999999999999556 ) ) ;
#761 = DIRECTION ( 'NONE',  ( -0.000000000000000000, 0.000000000000000000, -1.000000000000000000 ) ) ;
#762 = EDGE_CURVE ( 'NONE', #2786, #3069, #3232, .T. ) ;
#763 = PLANE ( 'NONE',  #2281 ) ;
#764 = ORIENTED_EDGE ( 'NONE', *, *, #3335, .F. ) ;
#765 = SURFACE_STYLE_USAGE ( .BOTH. , #2472 ) ;
#766 = EDGE_CURVE ( 'NONE', #819, #3679, #1606, .T. ) ;
#767 = CARTESIAN_POINT ( 'NONE',  ( 1.600000000000000089, 0.000000000000000000, -0.9499999999999999556 ) ) ;
#768 = CARTESIAN_POINT ( 'NONE',  ( 3.000000000000000000, 0.6279514245966467678, -0.9499999999999999556 ) ) ;
#769 = CARTESIAN_POINT ( 'NONE',  ( 0.000000000000000000, 0.000000000000000000, -0.9499999999999999556 ) ) ;
#770 = EDGE_CURVE ( 'NONE', #726, #1058, #1514, .T. ) ;
#771 = UNCERTAINTY_MEASURE_WITH_UNIT (LENGTH_MEASURE( 1.000000000000000082E-05 ), #1237, 'distance_accuracy_value', 'NONE');
#772 = VERTEX_POINT ( 'NONE', #767 ) ;
#773 = CARTESIAN_POINT ( 'NONE',  ( -0.000000000000000000, 0.000000000000000000, 0.000000000000000000 ) ) ;
#774 = DIRECTION ( 'NONE',  ( 1.000000000000000000, 0.000000000000000000, 0.000000000000000000 ) ) ;
#775 = DIRECTION ( 'NONE',  ( -0.000000000000000000, -0.000000000000000000, 1.000000000000000000 ) ) ;
#776 = VERTEX_POINT ( 'NONE', #1903 ) ;
#777 = DIRECTION ( 'NONE',  ( -1.000000000000000000, 0.000000000000000000, 0.000000000000000000 ) ) ;
#778 = ORIENTED_EDGE ( 'NONE', *, *, #2067, .T. ) ;
#779 = CARTESIAN_POINT ( 'NONE',  ( 1.399999999999999911, 0.2250000000000000056, -0.9499999999999999556 ) ) ;
#780 = ORIENTED_EDGE ( 'NONE', *, *, #413, .F. ) ;
#781 = FACE_OUTER_BOUND ( 'NONE', #875, .T. ) ;
#782 = CIRCLE ( 'NONE', #2742, 0.2999999999999999889 ) ;
#783 = AXIS2_PLACEMENT_3D ( 'NONE', #94, #46, #1208 ) ;
#784 = DIRECTION ( 'NONE',  ( 0.000000000000000000, 0.000000000000000000, 1.000000000000000000 ) ) ;
#785 = VECTOR ( 'NONE', #1673, 1000.000000000000000 ) ;
#786 = CARTESIAN_POINT ( 'NONE',  ( 1.399999999999999911, 0.000000000000000000, -0.9000000000000000222 ) ) ;
#787 = CARTESIAN_POINT ( 'NONE',  ( 1.497499999999999831, 0.5025000000000003908, 0.000000000000000000 ) ) ;
#788 = VECTOR ( 'NONE', #3414, 1000.000000000000000 ) ;
#789 = EDGE_CURVE ( 'NONE', #2174, #2461, #3647, .T. ) ;
#790 = LINE ( 'NONE', #3392, #251 ) ;
#791 = DIRECTION ( 'NONE',  ( -0.000000000000000000, -0.000000000000000000, 1.000000000000000000 ) ) ;
#792 = VECTOR ( 'NONE', #2359, 1000.000000000000000 ) ;
#793 = AXIS2_PLACEMENT_3D ( 'NONE', #974, #214, #1059 ) ;
#794 = VECTOR ( 'NONE', #2198, 1000.000000000000000 ) ;
#795 = ORIENTED_EDGE ( 'NONE', *, *, #2197, .T. ) ;
#796 = PLANE ( 'NONE',  #3279 ) ;
#797 = LINE ( 'NONE', #1971, #10 ) ;
#798 = AXIS2_PLACEMENT_3D ( 'NONE', #3328, #3627, #3352 ) ;
#799 = DIRECTION ( 'NONE',  ( -1.000000000000000000, 0.000000000000000000, 0.000000000000000000 ) ) ;
#800 = EDGE_LOOP ( 'NONE', ( #2780, #2210, #2861, #63 ) ) ;
#801 = CARTESIAN_POINT ( 'NONE',  ( 0.000000000000000000, 0.6000000000000000888, 0.05000000000000000278 ) ) ;
#802 = VECTOR ( 'NONE', #3260, 1000.000000000000000 ) ;
#803 = EDGE_LOOP ( 'NONE', ( #407, #3329, #2598, #884 ) ) ;
#804 = DIRECTION ( 'NONE',  ( -0.000000000000000000, -0.000000000000000000, -1.000000000000000000 ) ) ;
#805 = VERTEX_POINT ( 'NONE', #1068 ) ;
#806 = DIRECTION ( 'NONE',  ( -0.000000000000000000, -0.000000000000000000, 1.000000000000000000 ) ) ;
#807 = VECTOR ( 'NONE', #313, 1000.000000000000000 ) ;
#808 = FACE_OUTER_BOUND ( 'NONE', #3592, .T. ) ;
#809 = DIRECTION ( 'NONE',  ( 0.000000000000000000, -1.000000000000000000, 0.000000000000000000 ) ) ;
#810 = DIRECTION ( 'NONE',  ( 1.000000000000000000, 0.000000000000000000, 0.000000000000000000 ) ) ;
#811 = EDGE_CURVE ( 'NONE', #2941, #1594, #2734, .T. ) ;
#812 = CARTESIAN_POINT ( 'NONE',  ( 1.497499999999999831, 0.5025000000000003908, 0.1700000000000000122 ) ) ;
#813 = EDGE_CURVE ( 'NONE', #3287, #293, #3297, .T. ) ;
#814 = VERTEX_POINT ( 'NONE', #750 ) ;
#815 = CARTESIAN_POINT ( 'NONE',  ( 3.000000000000000000, 0.2458039891549810840, -0.9299999999999999378 ) ) ;
#816 = VERTEX_POINT ( 'NONE', #3355 ) ;
#817 = ADVANCED_FACE ( 'NONE', ( #808 ), #1944, .F. ) ;
#818 = FACE_OUTER_BOUND ( 'NONE', #2335, .T. ) ;
#819 = VERTEX_POINT ( 'NONE', #1387 ) ;
#820 = PLANE ( 'NONE',  #1200 ) ;
#821 = VERTEX_POINT ( 'NONE', #183 ) ;
#822 = CARTESIAN_POINT ( 'NONE',  ( 0.5000000000000000000, 0.000000000000000000, 0.05000000000000000278 ) ) ;
#823 = ORIENTED_EDGE ( 'NONE', *, *, #962, .T. ) ;
#824 = DIRECTION ( 'NONE',  ( -0.000000000000000000, -0.000000000000000000, 1.000000000000000000 ) ) ;
#825 = ADVANCED_FACE ( 'NONE', ( #2512 ), #1016, .T. ) ;
#826 = CARTESIAN_POINT ( 'NONE',  ( 0.000000000000000000, 0.6000000000000000888, 0.05000000000000000278 ) ) ;
#827 = ORIENTED_EDGE ( 'NONE', *, *, #563, .F. ) ;
#828 = CARTESIAN_POINT ( 'NONE',  ( 1.100000000000000311, 0.4500000000000001776, -0.9000000000000000222 ) ) ;
#829 = DIRECTION ( 'NONE',  ( 0.000000000000000000, -1.000000000000000000, 0.000000000000000000 ) ) ;
#830 = DIRECTION ( 'NONE',  ( 1.057758217059028312E-15, -1.000000000000000000, 0.000000000000000000 ) ) ;
#831 = DIRECTION ( 'NONE',  ( 0.000000000000000000, 0.000000000000000000, 1.000000000000000000 ) ) ;
#832 = ORIENTED_EDGE ( 'NONE', *, *, #2021, .F. ) ;
#833 = LINE ( 'NONE', #1654, #1856 ) ;
#834 = DIRECTION ( 'NONE',  ( -6.720335722660911000E-17, 1.000000000000000000, -0.000000000000000000 ) ) ;
#835 = DIRECTION ( 'NONE',  ( 1.000000000000000000, 0.000000000000000000, 0.000000000000000000 ) ) ;
#836 = EDGE_CURVE ( 'NONE', #3004, #776, #2849, .T. ) ;
#837 = CARTESIAN_POINT ( 'NONE',  ( 0.5000000000000000000, 1.000000000000000000, 0.000000000000000000 ) ) ;
#838 = ORIENTED_EDGE ( 'NONE', *, *, #1712, .T. ) ;
#839 = VERTEX_POINT ( 'NONE', #2004 ) ;
#840 = CARTESIAN_POINT ( 'NONE',  ( -0.05000000000000012768, -0.04999999999999991257, 0.000000000000000000 ) ) ;
#841 = VERTEX_POINT ( 'NONE', #3158 ) ;
#842 = PLANE ( 'NONE',  #921 ) ;
#843 = AXIS2_PLACEMENT_3D ( 'NONE', #99, #83, #2103 ) ;
#844 = EDGE_CURVE ( 'NONE', #404, #139, #2271, .T. ) ;
#845 = LINE ( 'NONE', #2242, #2931 ) ;
#846 = VECTOR ( 'NONE', #1821, 1000.000000000000000 ) ;
#847 = DIRECTION ( 'NONE',  ( -0.000000000000000000, -0.000000000000000000, 1.000000000000000000 ) ) ;
#848 = SURFACE_STYLE_FILL_AREA ( #2519 ) ;
#849 = CIRCLE ( 'NONE', #1623, 0.4250000000000000444 ) ;
#850 = VERTEX_POINT ( 'NONE', #1181 ) ;
#851 = DIRECTION ( 'NONE',  ( 0.000000000000000000, -1.000000000000000000, 0.000000000000000000 ) ) ;
#852 = MECHANICAL_DESIGN_GEOMETRIC_PRESENTATION_REPRESENTATION (  '', ( #1266 ), #3340 ) ;
#853 = ADVANCED_FACE ( 'NONE', ( #265 ), #1461, .F. ) ;
#854 = CARTESIAN_POINT ( 'NONE',  ( 0.02499999999999985914, 0.6000000000000003109, -0.9000000000000000222 ) ) ;
#855 = CARTESIAN_POINT ( 'NONE',  ( 4.336808689942017736E-16, 0.7694202430680358029, -0.9299999999999999378 ) ) ;
#856 = VECTOR ( 'NONE', #1940, 1000.000000000000000 ) ;
#857 = DIRECTION ( 'NONE',  ( 1.000000000000000000, 0.000000000000000000, 0.000000000000000000 ) ) ;
#858 = EDGE_LOOP ( 'NONE', ( #838, #3373, #2176, #2573 ) ) ;
#859 = VERTEX_POINT ( 'NONE', #1440 ) ;
#860 = AXIS2_PLACEMENT_3D ( 'NONE', #995, #253, #3042 ) ;
#861 = AXIS2_PLACEMENT_3D ( 'NONE', #393, #2093, #2629 ) ;
#862 = ADVANCED_FACE ( 'NONE', ( #1112 ), #3125, .T. ) ;
#863 = EDGE_CURVE ( 'NONE', #1224, #1047, #2304, .T. ) ;
#864 = ORIENTED_EDGE ( 'NONE', *, *, #2073, .T. ) ;
#865 = CIRCLE ( 'NONE', #1100, 0.05000000000000002359 ) ;
#866 = ORIENTED_EDGE ( 'NONE', *, *, #789, .F. ) ;
#867 = DIRECTION ( 'NONE',  ( 0.000000000000000000, 0.000000000000000000, -1.000000000000000000 ) ) ;
#868 = VECTOR ( 'NONE', #2422, 1000.000000000000000 ) ;
#869 = STYLED_ITEM ( 'NONE', ( #1625 ), #1463 ) ;
#870 = LINE ( 'NONE', #2571, #3465 ) ;
#871 = MECHANICAL_DESIGN_GEOMETRIC_PRESENTATION_REPRESENTATION (  '', ( #2761 ), #1162 ) ;
#872 = LINE ( 'NONE', #2007, #1445 ) ;
#873 = DIRECTION ( 'NONE',  ( 1.000000000000000000, 0.000000000000000000, 0.000000000000000000 ) ) ;
#874 = AXIS2_PLACEMENT_3D ( 'NONE', #1633, #1114, #3035 ) ;
#875 = EDGE_LOOP ( 'NONE', ( #1209, #3105, #2429, #991, #918, #1556 ) ) ;
#876 = LINE ( 'NONE', #2779, #2207 ) ;
#877 = SURFACE_SIDE_STYLE ('',( #1449 ) ) ;
#878 = LINE ( 'NONE', #2560, #2390 ) ;
#879 = DIRECTION ( 'NONE',  ( -0.000000000000000000, -0.000000000000000000, -1.000000000000000000 ) ) ;
#880 = ORIENTED_EDGE ( 'NONE', *, *, #2535, .T. ) ;
#881 = EDGE_LOOP ( 'NONE', ( #2018, #1455, #1624, #1034 ) ) ;
#882 = APPLICATION_CONTEXT ( 'automotive_design' ) ;
#883 = DIRECTION ( 'NONE',  ( 0.000000000000000000, 0.000000000000000000, 1.000000000000000000 ) ) ;
#884 = ORIENTED_EDGE ( 'NONE', *, *, #2971, .T. ) ;
#885 = PLANE ( 'NONE',  #2337 ) ;
#886 = CARTESIAN_POINT ( 'NONE',  ( 0.000000000000000000, 0.000000000000000000, 0.000000000000000000 ) ) ;
#887 = EDGE_CURVE ( 'NONE', #588, #1998, #281, .T. ) ;
#888 = CARTESIAN_POINT ( 'NONE',  ( 3.050000000000000266, -0.04999999999999969746, -0.9299999999999999378 ) ) ;
#889 = VERTEX_POINT ( 'NONE', #582 ) ;
#890 = LINE ( 'NONE', #1798, #2682 ) ;
#891 =( NAMED_UNIT ( * ) PLANE_ANGLE_UNIT ( ) SI_UNIT ( $, .RADIAN. ) );
#892 = EDGE_CURVE ( 'NONE', #2592, #1355, #2515, .T. ) ;
#893 = CARTESIAN_POINT ( 'NONE',  ( 0.5999999999999998668, 0.4000000000000002442, -0.9499999999999999556 ) ) ;
#894 = CARTESIAN_POINT ( 'NONE',  ( 0.5000000000000000000, 0.6000000000000000888, 0.000000000000000000 ) ) ;
#895 = VERTEX_POINT ( 'NONE', #899 ) ;
#896 = EDGE_CURVE ( 'NONE', #2164, #2660, #3430, .T. ) ;
#897 = LINE ( 'NONE', #2032, #1757 ) ;
#898 = EDGE_LOOP ( 'NONE', ( #2863, #1602, #738, #230, #3505 ) ) ;
#899 = CARTESIAN_POINT ( 'NONE',  ( 0.5000000000000000000, 0.4000000000000000222, 0.000000000000000000 ) ) ;
#900 = DIRECTION ( 'NONE',  ( 1.000000000000000000, -0.000000000000000000, -0.000000000000000000 ) ) ;
#901 = PLANE ( 'NONE',  #1329 ) ;
#902 = CYLINDRICAL_SURFACE ( 'NONE', #3286, 0.2999999999999999334 ) ;
#903 = EDGE_CURVE ( 'NONE', #2159, #3004, #3669, .T. ) ;
#904 = EDGE_CURVE ( 'NONE', #55, #2549, #2869, .T. ) ;
#905 = VECTOR ( 'NONE', #777, 1000.000000000000000 ) ;
#906 = ORIENTED_EDGE ( 'NONE', *, *, #1961, .F. ) ;
#907 = CARTESIAN_POINT ( 'NONE',  ( 1.600000000000000089, 0.000000000000000000, -0.9499999999999999556 ) ) ;
#908 = LINE ( 'NONE', #3119, #3587 ) ;
#909 = AXIS2_PLACEMENT_3D ( 'NONE', #2582, #2615, #2310 ) ;
#910 = CYLINDRICAL_SURFACE ( 'NONE', #2753, 0.2999999999999999334 ) ;
#911 = VECTOR ( 'NONE', #3671, 1000.000000000000000 ) ;
#912 = CARTESIAN_POINT ( 'NONE',  ( 3.050000000000000266, 1.050000000000000044, -0.9299999999999999378 ) ) ;
#913 = ORIENTED_EDGE ( 'NONE', *, *, #2130, .T. ) ;
#914 = AXIS2_PLACEMENT_3D ( 'NONE', #2023, #2892, #1760 ) ;
#915 = FACE_OUTER_BOUND ( 'NONE', #403, .T. ) ;
#916 = CIRCLE ( 'NONE', #2990, 0.2999999999999999889 ) ;
#917 = AXIS2_PLACEMENT_3D ( 'NONE', #3375, #564, #1704 ) ;
#918 = ORIENTED_EDGE ( 'NONE', *, *, #949, .T. ) ;
#919 = CARTESIAN_POINT ( 'NONE',  ( 0.02499999999999985914, 0.6000000000000003109, -0.9499999999999999556 ) ) ;
#920 = PLANE ( 'NONE',  #1988 ) ;
#921 = AXIS2_PLACEMENT_3D ( 'NONE', #1145, #867, #2125 ) ;
#922 = FACE_OUTER_BOUND ( 'NONE', #2002, .T. ) ;
#923 = CARTESIAN_POINT ( 'NONE',  ( 0.2458039891549811951, 1.000000000000000000, -0.9299999999999999378 ) ) ;
#924 = CARTESIAN_POINT ( 'NONE',  ( 1.500000000000000000, 0.000000000000000000, 1.050000000000000044 ) ) ;
#925 = VECTOR ( 'NONE', #2649, 1000.000000000000000 ) ;
#926 = AXIS2_PLACEMENT_3D ( 'NONE', #580, #2567, #2847 ) ;
#927 = CARTESIAN_POINT ( 'NONE',  ( -6.776263578034400247E-17, 0.4500000000000002331, -0.9000000000000000222 ) ) ;
#928 = VERTEX_POINT ( 'NONE', #2291 ) ;
#929 = CARTESIAN_POINT ( 'NONE',  ( 1.399999999999999911, 0.2250000000000000056, -0.9499999999999999556 ) ) ;
#930 =( NAMED_UNIT ( * ) SI_UNIT ( $, .STERADIAN. ) SOLID_ANGLE_UNIT ( ) );
#931 = CARTESIAN_POINT ( 'NONE',  ( 3.000000000000000000, 0.000000000000000000, -0.9000000000000000222 ) ) ;
#932 = ADVANCED_FACE ( 'NONE', ( #1410 ), #885, .T. ) ;
#933 = VERTEX_POINT ( 'NONE', #2889 ) ;
#934 = SURFACE_SIDE_STYLE ('',( #3481 ) ) ;
#935 = EDGE_LOOP ( 'NONE', ( #1615, #1975, #1489, #160, #2498 ) ) ;
#936 = DIRECTION ( 'NONE',  ( -1.000000000000000000, -0.000000000000000000, -0.000000000000000000 ) ) ;
#937 = CARTESIAN_POINT ( 'NONE',  ( 2.975000000000000089, 0.6316699867329622631, -0.9499999999999999556 ) ) ;
#938 = EDGE_CURVE ( 'NONE', #2159, #2929, #1129, .T. ) ;
#939 = FACE_OUTER_BOUND ( 'NONE', #2338, .T. ) ;
#940 = FACE_OUTER_BOUND ( 'NONE', #803, .T. ) ;
#941 = CARTESIAN_POINT ( 'NONE',  ( 0.3500000000000000888, 0.2500000000000000000, 0.05000000000000000278 ) ) ;
#942 = ORIENTED_EDGE ( 'NONE', *, *, #2838, .T. ) ;
#943 = CARTESIAN_POINT ( 'NONE',  ( 0.5000000000000001110, 1.355252715606880789E-16, 0.05000000000000000278 ) ) ;
#944 = LINE ( 'NONE', #2350, #2694 ) ;
#945 = DIRECTION ( 'NONE',  ( -0.000000000000000000, -0.000000000000000000, 1.000000000000000000 ) ) ;
#946 = FACE_OUTER_BOUND ( 'NONE', #2452, .T. ) ;
#947 = ORIENTED_EDGE ( 'NONE', *, *, #1961, .T. ) ;
#948 = ORIENTED_EDGE ( 'NONE', *, *, #2380, .F. ) ;
#949 = EDGE_CURVE ( 'NONE', #2121, #2069, #333, .T. ) ;
#950 = LINE ( 'NONE', #48, #3276 ) ;
#951 = VERTEX_POINT ( 'NONE', #828 ) ;
#952 = CARTESIAN_POINT ( 'NONE',  ( 3.000000000000000000, 0.7541960108450191935, -0.9000000000000000222 ) ) ;
#953 = LINE ( 'NONE', #2091, #730 ) ;
#954 = ORIENTED_EDGE ( 'NONE', *, *, #1682, .F. ) ;
#955 =( NAMED_UNIT ( * ) SI_UNIT ( $, .STERADIAN. ) SOLID_ANGLE_UNIT ( ) );
#956 = DIRECTION ( 'NONE',  ( 1.000000000000000000, 0.000000000000000000, 0.000000000000000000 ) ) ;
#957 = ADVANCED_FACE ( 'NONE', ( #1964 ), #540, .F. ) ;
#958 = ORIENTED_EDGE ( 'NONE', *, *, #1101, .T. ) ;
#959 = DIRECTION ( 'NONE',  ( 0.000000000000000000, 0.000000000000000000, 1.000000000000000000 ) ) ;
#960 = CARTESIAN_POINT ( 'NONE',  ( 1.399999999999999911, 1.000000000000000000, -0.9000000000000000222 ) ) ;
#961 = ADVANCED_FACE ( 'NONE', ( #3390 ), #842, .T. ) ;
#962 = EDGE_CURVE ( 'NONE', #2266, #1076, #1216, .T. ) ;
#963 = AXIS2_PLACEMENT_3D ( 'NONE', #1061, #2208, #2412 ) ;
#964 = FACE_OUTER_BOUND ( 'NONE', #3226, .T. ) ;
#965 = AXIS2_PLACEMENT_3D ( 'NONE', #3063, #1430, #2229 ) ;
#966 = EDGE_LOOP ( 'NONE', ( #3192, #2975, #1980, #1202 ) ) ;
#967 = ORIENTED_EDGE ( 'NONE', *, *, #3215, .T. ) ;
#968 = LINE ( 'NONE', #1534, #601 ) ;
#969 = EDGE_CURVE ( 'NONE', #1912, #3569, #26, .T. ) ;
#970 = EDGE_LOOP ( 'NONE', ( #264, #913, #315, #2877, #237, #1527, #3156, #1762, #1585, #1056, #1374, #864, #1153, #3589, #2705, #1611, #2610, #1535, #2713, #1857, #2230, #1755, #3031 ) ) ;
#971 = VECTOR ( 'NONE', #2714, 1000.000000000000000 ) ;
#972 = EDGE_CURVE ( 'NONE', #1072, #2127, #2056, .T. ) ;
#973 = CARTESIAN_POINT ( 'NONE',  ( 2.754196010845019416, 0.000000000000000000, -0.9000000000000000222 ) ) ;
#974 = CARTESIAN_POINT ( 'NONE',  ( 0.000000000000000000, 1.000000000000000000, 0.05000000000000000278 ) ) ;
#975 = ORIENTED_EDGE ( 'NONE', *, *, #2336, .F. ) ;
#976 = VECTOR ( 'NONE', #1119, 1000.000000000000000 ) ;
#977 = AXIS2_PLACEMENT_3D ( 'NONE', #1540, #3488, #3245 ) ;
#978 = DIRECTION ( 'NONE',  ( 1.000000000000000000, 0.000000000000000000, 0.000000000000000000 ) ) ;
#979 = DIRECTION ( 'NONE',  ( 1.000000000000000000, 0.000000000000000000, 0.000000000000000000 ) ) ;
#980 = DIRECTION ( 'NONE',  ( -0.000000000000000000, -0.000000000000000000, -1.000000000000000000 ) ) ;
#981 = CIRCLE ( 'NONE', #3054, 0.2999999999999999889 ) ;
#982 = VECTOR ( 'NONE', #1789, 1000.000000000000000 ) ;
#983 = VERTEX_POINT ( 'NONE', #952 ) ;
#984 = LINE ( 'NONE', #130, #3282 ) ;
#985 = CARTESIAN_POINT ( 'NONE',  ( 0.2305797569319645024, 0.000000000000000000, -0.9299999999999999378 ) ) ;
#986 =( LENGTH_UNIT ( ) NAMED_UNIT ( * ) SI_UNIT ( .MILLI., .METRE. ) );
#987 = DIRECTION ( 'NONE',  ( -0.000000000000000000, -0.000000000000000000, 1.000000000000000000 ) ) ;
#988 = ADVANCED_FACE ( 'NONE', ( #2373 ), #1235, .F. ) ;
#989 = VECTOR ( 'NONE', #834, 1000.000000000000000 ) ;
#990 = ORIENTED_EDGE ( 'NONE', *, *, #2298, .F. ) ;
#991 = ORIENTED_EDGE ( 'NONE', *, *, #3369, .T. ) ;
#992 = PRESENTATION_STYLE_ASSIGNMENT (( #3214 ) ) ;
#993 = ORIENTED_EDGE ( 'NONE', *, *, #1358, .T. ) ;
#994 = CARTESIAN_POINT ( 'NONE',  ( 1.497499999999999831, 0.5025000000000003908, 0.1700000000000000122 ) ) ;
#995 = CARTESIAN_POINT ( 'NONE',  ( 0.000000000000000000, 0.000000000000000000, 0.1700000000000000122 ) ) ;
#996 = EDGE_CURVE ( 'NONE', #1072, #2194, #3257, .T. ) ;
#997 = ORIENTED_EDGE ( 'NONE', *, *, #1008, .F. ) ;
#998 = PLANE ( 'NONE',  #1222 ) ;
#999 = CARTESIAN_POINT ( 'NONE',  ( 0.4000000000000001332, 0.7500000000000000000, 0.05000000000000000278 ) ) ;
#1000 = EDGE_CURVE ( 'NONE', #1292, #2993, #3181, .T. ) ;
#1001 = EDGE_LOOP ( 'NONE', ( #2888, #823, #47, #2655 ) ) ;
#1002 = DIRECTION ( 'NONE',  ( -0.000000000000000000, -0.000000000000000000, 1.000000000000000000 ) ) ;
#1003 = PLANE ( 'NONE',  #25 ) ;
#1004 = CARTESIAN_POINT ( 'NONE',  ( 2.975000000000000089, 0.3683300132670376814, -0.9499999999999999556 ) ) ;
#1005 = UNCERTAINTY_MEASURE_WITH_UNIT (LENGTH_MEASURE( 1.000000000000000082E-05 ), #986, 'distance_accuracy_value', 'NONE');
#1006 = PLANE ( 'NONE',  #182 ) ;
#1007 = ORIENTED_EDGE ( 'NONE', *, *, #451, .T. ) ;
#1008 = EDGE_CURVE ( 'NONE', #228, #2042, #2643, .T. ) ;
#1009 = ORIENTED_EDGE ( 'NONE', *, *, #2220, .F. ) ;
#1010 = CARTESIAN_POINT ( 'NONE',  ( 2.754196010845019416, 2.168404344971008868E-16, -0.9000000000000000222 ) ) ;
#1011 = ORIENTED_EDGE ( 'NONE', *, *, #2607, .F. ) ;
#1012 = CARTESIAN_POINT ( 'NONE',  ( 0.3000000000000000999, 0.7500000000000000000, 0.05000000000000000278 ) ) ;
#1013 = DIRECTION ( 'NONE',  ( 1.000000000000000000, 0.000000000000000000, 0.000000000000000000 ) ) ;
#1014 = ORIENTED_EDGE ( 'NONE', *, *, #3404, .F. ) ;
#1015 = DIRECTION ( 'NONE',  ( 1.000000000000000000, 0.000000000000000000, 0.000000000000000000 ) ) ;
#1016 = PLANE ( 'NONE',  #1867 ) ;
#1017 = ORIENTED_EDGE ( 'NONE', *, *, #121, .F. ) ;
#1018 = FILL_AREA_STYLE_COLOUR ( '', #1152 ) ;
#1019 = EDGE_CURVE ( 'NONE', #3069, #2728, #2358, .T. ) ;
#1020 = CARTESIAN_POINT ( 'NONE',  ( 1.202500000000000124, 0.8025000000000001021, 0.1700000000000000122 ) ) ;
#1021 = EDGE_CURVE ( 'NONE', #745, #2194, #666, .T. ) ;
#1022 = DIRECTION ( 'NONE',  ( -1.000000000000000000, 0.000000000000000000, 0.000000000000000000 ) ) ;
#1023 = ORIENTED_EDGE ( 'NONE', *, *, #1563, .F. ) ;
#1024 = ORIENTED_EDGE ( 'NONE', *, *, #21, .T. ) ;
#1025 = CIRCLE ( 'NONE', #1559, 0.4250000000000000444 ) ;
#1026 = DIRECTION ( 'NONE',  ( 1.000000000000000000, 0.000000000000000000, 0.000000000000000000 ) ) ;
#1027 = VERTEX_POINT ( 'NONE', #3538 ) ;
#1028 = DIRECTION ( 'NONE',  ( -1.000000000000000000, 1.420623728947918217E-14, 0.000000000000000000 ) ) ;
#1029 = DIRECTION ( 'NONE',  ( -0.000000000000000000, 0.000000000000000000, 1.000000000000000000 ) ) ;
#1030 = VECTOR ( 'NONE', #573, 1000.000000000000000 ) ;
#1031 = VERTEX_POINT ( 'NONE', #973 ) ;
#1032 = DIRECTION ( 'NONE',  ( 1.000000000000000000, 0.000000000000000000, 0.000000000000000000 ) ) ;
#1033 = AXIS2_PLACEMENT_3D ( 'NONE', #1480, #1773, #2305 ) ;
#1034 = ORIENTED_EDGE ( 'NONE', *, *, #116, .T. ) ;
#1035 = CARTESIAN_POINT ( 'NONE',  ( 0.5012507822280910519, 0.000000000000000000, 0.000000000000000000 ) ) ;
#1036 = VECTOR ( 'NONE', #945, 1000.000000000000000 ) ;
#1037 = AXIS2_PLACEMENT_3D ( 'NONE', #1328, #2720, #3315 ) ;
#1038 = DIRECTION ( 'NONE',  ( 1.000000000000000000, -0.000000000000000000, -0.000000000000000000 ) ) ;
#1039 = AXIS2_PLACEMENT_3D ( 'NONE', #994, #1194, #3240 ) ;
#1040 = UNCERTAINTY_MEASURE_WITH_UNIT (LENGTH_MEASURE( 1.000000000000000082E-05 ), #341, 'distance_accuracy_value', 'NONE');
#1041 = DIRECTION ( 'NONE',  ( 0.000000000000000000, -1.000000000000000000, 0.000000000000000000 ) ) ;
#1042 = CARTESIAN_POINT ( 'NONE',  ( 0.5999999999999998668, 0.000000000000000000, -0.9000000000000000222 ) ) ;
#1043 = MECHANICAL_DESIGN_GEOMETRIC_PRESENTATION_REPRESENTATION (  '', ( #3654 ), #2226 ) ;
#1044 = ORIENTED_EDGE ( 'NONE', *, *, #3058, .T. ) ;
#1045 = EDGE_CURVE ( 'NONE', #1932, #3270, #2976, .T. ) ;
#1046 = LINE ( 'NONE', #2191, #905 ) ;
#1047 = VERTEX_POINT ( 'NONE', #645 ) ;
#1048 = CARTESIAN_POINT ( 'NONE',  ( 1.600000000000000089, 0.000000000000000000, -0.9000000000000000222 ) ) ;
#1049 = LINE ( 'NONE', #3311, #2695 ) ;
#1050 = ORIENTED_EDGE ( 'NONE', *, *, #1474, .T. ) ;
#1051 = DIRECTION ( 'NONE',  ( 0.000000000000000000, 1.000000000000000000, 0.000000000000000000 ) ) ;
#1052 = DIRECTION ( 'NONE',  ( -0.000000000000000000, 0.000000000000000000, 1.000000000000000000 ) ) ;
#1053 = EDGE_CURVE ( 'NONE', #1590, #494, #421, .T. ) ;
#1054 = FACE_OUTER_BOUND ( 'NONE', #1144, .T. ) ;
#1055 =( NAMED_UNIT ( * ) SI_UNIT ( $, .STERADIAN. ) SOLID_ANGLE_UNIT ( ) );
#1056 = ORIENTED_EDGE ( 'NONE', *, *, #1361, .T. ) ;
#1057 = LINE ( 'NONE', #773, #248 ) ;
#1058 = VERTEX_POINT ( 'NONE', #2608 ) ;
#1059 = DIRECTION ( 'NONE',  ( 0.000000000000000000, -0.000000000000000000, -1.000000000000000000 ) ) ;
#1060 = VERTEX_POINT ( 'NONE', #369 ) ;
#1061 = CARTESIAN_POINT ( 'NONE',  ( -0.04999999999999969746, 1.050000000000000044, -0.9299999999999999378 ) ) ;
#1062 = ORIENTED_EDGE ( 'NONE', *, *, #1902, .F. ) ;
#1063 = CARTESIAN_POINT ( 'NONE',  ( 3.000000000000000000, 0.2305797569319644469, -0.9299999999999999378 ) ) ;
#1064 = ORIENTED_EDGE ( 'NONE', *, *, #145, .T. ) ;
#1065 = DIRECTION ( 'NONE',  ( 0.000000000000000000, 1.000000000000000000, 0.000000000000000000 ) ) ;
#1066 = EDGE_CURVE ( 'NONE', #1767, #2116, #1811, .T. ) ;
#1067 = LINE ( 'NONE', #479, #3418 ) ;
#1068 = CARTESIAN_POINT ( 'NONE',  ( 0.000000000000000000, 0.2458039891549808620, -0.9299999999999999378 ) ) ;
#1069 = CARTESIAN_POINT ( 'NONE',  ( -0.05000000000000012768, 1.050000000000000044, -0.9499999999999999556 ) ) ;
#1070 = EDGE_CURVE ( 'NONE', #3479, #1076, #981, .T. ) ;
#1071 = LINE ( 'NONE', #3020, #150 ) ;
#1072 = VERTEX_POINT ( 'NONE', #349 ) ;
#1073 = CARTESIAN_POINT ( 'NONE',  ( 0.000000000000000000, 0.9750000000000001998, -0.9499999999999999556 ) ) ;
#1074 = DIRECTION ( 'NONE',  ( 1.000000000000000000, 0.000000000000000000, 0.000000000000000000 ) ) ;
#1075 = CARTESIAN_POINT ( 'NONE',  ( 0.4000000000000001332, 0.2500000000000000000, 0.05000000000000000278 ) ) ;
#1076 = VERTEX_POINT ( 'NONE', #1536 ) ;
#1077 = ADVANCED_FACE ( 'NONE', ( #1492 ), #686, .F. ) ;
#1078 = FACE_OUTER_BOUND ( 'NONE', #151, .T. ) ;
#1079 = VERTEX_POINT ( 'NONE', #919 ) ;
#1080 = DIRECTION ( 'NONE',  ( -0.000000000000000000, 0.000000000000000000, 1.000000000000000000 ) ) ;
#1081 = ORIENTED_EDGE ( 'NONE', *, *, #1659, .F. ) ;
#1082 = DIRECTION ( 'NONE',  ( 1.000000000000000000, 0.000000000000000000, 0.000000000000000000 ) ) ;
#1083 = VECTOR ( 'NONE', #1288, 1000.000000000000000 ) ;
#1084 = EDGE_CURVE ( 'NONE', #2116, #928, #2318, .T. ) ;
#1085 = SURFACE_STYLE_FILL_AREA ( #3052 ) ;
#1086 = ADVANCED_FACE ( 'NONE', ( #2959 ), #405, .T. ) ;
#1087 = AXIS2_PLACEMENT_3D ( 'NONE', #3233, #3477, #1782 ) ;
#1088 = LINE ( 'NONE', #786, #2391 ) ;
#1089 = FACE_OUTER_BOUND ( 'NONE', #1826, .T. ) ;
#1090 = PRESENTATION_LAYER_ASSIGNMENT (  '', '', ( #1266 ) ) ;
#1091 = EDGE_CURVE ( 'NONE', #2929, #776, #1348, .T. ) ;
#1092 = CARTESIAN_POINT ( 'NONE',  ( 2.500000000000000000, 0.000000000000000000, 0.05000000000000000278 ) ) ;
#1093 = DIRECTION ( 'NONE',  ( 0.000000000000000000, -1.000000000000000000, 0.000000000000000000 ) ) ;
#1094 = CIRCLE ( 'NONE', #553, 0.4249999999999998779 ) ;
#1095 = VECTOR ( 'NONE', #354, 1000.000000000000000 ) ;
#1096 = EDGE_LOOP ( 'NONE', ( #717, #2725, #1484, #2375 ) ) ;
#1097 = DIRECTION ( 'NONE',  ( 0.000000000000000000, 0.000000000000000000, 1.000000000000000000 ) ) ;
#1098 = DIRECTION ( 'NONE',  ( -0.000000000000000000, -0.000000000000000000, 1.000000000000000000 ) ) ;
#1099 = VECTOR ( 'NONE', #2969, 1000.000000000000000 ) ;
#1100 = AXIS2_PLACEMENT_3D ( 'NONE', #2181, #2323, #3487 ) ;
#1101 = EDGE_CURVE ( 'NONE', #638, #814, #1049, .T. ) ;
#1102 = LINE ( 'NONE', #3621, #131 ) ;
#1103 = ORIENTED_EDGE ( 'NONE', *, *, #2124, .F. ) ;
#1104 = DIRECTION ( 'NONE',  ( -1.000000000000000000, 0.000000000000000000, 0.000000000000000000 ) ) ;
#1105 = ORIENTED_EDGE ( 'NONE', *, *, #2933, .T. ) ;
#1106 = DIRECTION ( 'NONE',  ( 1.000000000000000000, -2.298886545902716559E-17, 0.000000000000000000 ) ) ;
#1107 = ORIENTED_EDGE ( 'NONE', *, *, #3478, .F. ) ;
#1108 = PLANE ( 'NONE',  #2394 ) ;
#1109 = VECTOR ( 'NONE', #3229, 1000.000000000000000 ) ;
#1110 = CARTESIAN_POINT ( 'NONE',  ( 0.000000000000000000, 0.7541960108450191935, 0.000000000000000000 ) ) ;
#1111 = ORIENTED_EDGE ( 'NONE', *, *, #2673, .T. ) ;
#1112 = FACE_OUTER_BOUND ( 'NONE', #531, .T. ) ;
#1113 = CARTESIAN_POINT ( 'NONE',  ( 1.500000000000000000, 1.000000000000000000, 1.050000000000000044 ) ) ;
#1114 = DIRECTION ( 'NONE',  ( 0.000000000000000000, 0.000000000000000000, 1.000000000000000000 ) ) ;
#1115 = EDGE_CURVE ( 'NONE', #1318, #2728, #3274, .T. ) ;
#1116 = ORIENTED_EDGE ( 'NONE', *, *, #2395, .T. ) ;
#1117 = DIRECTION ( 'NONE',  ( -0.000000000000000000, -0.000000000000000000, -1.000000000000000000 ) ) ;
#1118 = CARTESIAN_POINT ( 'NONE',  ( -0.05000000000000012768, -0.04999999999999991257, -0.9000000000000000222 ) ) ;
#1119 = DIRECTION ( 'NONE',  ( -0.000000000000000000, -0.000000000000000000, 1.000000000000000000 ) ) ;
#1120 = ORIENTED_EDGE ( 'NONE', *, *, #2154, .T. ) ;
#1121 = DIRECTION ( 'NONE',  ( 0.000000000000000000, 0.000000000000000000, -1.000000000000000000 ) ) ;
#1122 = ORIENTED_EDGE ( 'NONE', *, *, #137, .T. ) ;
#1123 = ADVANCED_FACE ( 'NONE', ( #2415 ), #763, .T. ) ;
#1124 = ORIENTED_EDGE ( 'NONE', *, *, #2221, .T. ) ;
#1125 = ORIENTED_EDGE ( 'NONE', *, *, #2325, .T. ) ;
#1126 = FILL_AREA_STYLE_COLOUR ( '', #2885 ) ;
#1127 = ORIENTED_EDGE ( 'NONE', *, *, #563, .T. ) ;
#1128 = EDGE_CURVE ( 'NONE', #459, #1079, #1864, .T. ) ;
#1129 = LINE ( 'NONE', #2593, #674 ) ;
#1130 = CARTESIAN_POINT ( 'NONE',  ( -0.05000000000000012768, -0.04999999999999991257, -0.9000000000000000222 ) ) ;
#1131 = EDGE_CURVE ( 'NONE', #1047, #2642, #3051, .T. ) ;
#1132 = CYLINDRICAL_SURFACE ( 'NONE', #2041, 0.4250000000000000444 ) ;
#1133 = EDGE_CURVE ( 'NONE', #2614, #850, #2731, .T. ) ;
#1134 = ORIENTED_EDGE ( 'NONE', *, *, #2904, .F. ) ;
#1135 = CARTESIAN_POINT ( 'NONE',  ( 3.050000000000000266, 1.050000000000000044, -0.9299999999999999378 ) ) ;
#1136 = ADVANCED_FACE ( 'NONE', ( #1898 ), #3030, .T. ) ;
#1137 = LINE ( 'NONE', #287, #1512 ) ;
#1138 = CARTESIAN_POINT ( 'NONE',  ( 3.000000000000000000, 0.000000000000000000, -0.9000000000000000222 ) ) ;
#1139 = DIRECTION ( 'NONE',  ( -0.000000000000000000, -0.000000000000000000, 1.000000000000000000 ) ) ;
#1140 = ORIENTED_EDGE ( 'NONE', *, *, #509, .F. ) ;
#1141 = ORIENTED_EDGE ( 'NONE', *, *, #2073, .F. ) ;
#1142 = ORIENTED_EDGE ( 'NONE', *, *, #3288, .F. ) ;
#1143 = CARTESIAN_POINT ( 'NONE',  ( 0.000000000000000000, 0.000000000000000000, 0.05000000000000000278 ) ) ;
#1144 = EDGE_LOOP ( 'NONE', ( #3402, #1265, #2354, #2740, #2328, #2539, #215, #194, #2716, #2427 ) ) ;
#1145 = CARTESIAN_POINT ( 'NONE',  ( 0.000000000000000000, 0.000000000000000000, -0.9499999999999999556 ) ) ;
#1146 = CLOSED_SHELL ( 'NONE', ( #348, #817, #2003, #38, #1136, #957 ) ) ;
#1147 = VECTOR ( 'NONE', #1435, 1000.000000000000000 ) ;
#1148 = DIRECTION ( 'NONE',  ( -1.000000000000000000, 4.928191693115928181E-17, -0.000000000000000000 ) ) ;
#1149 = VECTOR ( 'NONE', #1225, 1000.000000000000000 ) ;
#1150 = CARTESIAN_POINT ( 'NONE',  ( 0.2458039891549806955, 1.000000000000000000, -0.9000000000000000222 ) ) ;
#1151 = CARTESIAN_POINT ( 'NONE',  ( 2.754196010845019416, 0.000000000000000000, -0.9499999999999999556 ) ) ;
#1152 = COLOUR_RGB ( '',1.000000000000000000, 1.000000000000000000, 1.000000000000000000 ) ;
#1153 = ORIENTED_EDGE ( 'NONE', *, *, #972, .F. ) ;
#1154 = CARTESIAN_POINT ( 'NONE',  ( 2.754196010845019416, 1.000000000000000000, -0.9000000000000000222 ) ) ;
#1155 = AXIS2_PLACEMENT_3D ( 'NONE', #1442, #1965, #503 ) ;
#1156 = SURFACE_STYLE_USAGE ( .BOTH. , #3421 ) ;
#1157 = DIRECTION ( 'NONE',  ( -1.000000000000000000, 0.000000000000000000, 0.000000000000000000 ) ) ;
#1158 = AXIS2_PLACEMENT_3D ( 'NONE', #2012, #607, #2898 ) ;
#1159 = FACE_OUTER_BOUND ( 'NONE', #1001, .T. ) ;
#1160 = VERTEX_POINT ( 'NONE', #476 ) ;
#1161 = ORIENTED_EDGE ( 'NONE', *, *, #1361, .F. ) ;
#1162 =( GEOMETRIC_REPRESENTATION_CONTEXT ( 3 ) GLOBAL_UNCERTAINTY_ASSIGNED_CONTEXT ( ( #2227 ) ) GLOBAL_UNIT_ASSIGNED_CONTEXT ( ( #1174, #891, #2913 ) ) REPRESENTATION_CONTEXT ( 'NONE', 'WORKASPACE' ) );
#1163 = AXIS2_PLACEMENT_3D ( 'NONE', #2418, #107, #652 ) ;
#1164 = ADVANCED_FACE ( 'NONE', ( #2162, #3072 ), #2213, .F. ) ;
#1165 = AXIS2_PLACEMENT_3D ( 'NONE', #1621, #3014, #1647 ) ;
#1166 = ORIENTED_EDGE ( 'NONE', *, *, #1951, .T. ) ;
#1167 = DIRECTION ( 'NONE',  ( 0.000000000000000000, -1.000000000000000000, 0.000000000000000000 ) ) ;
#1168 = MECHANICAL_DESIGN_GEOMETRIC_PRESENTATION_REPRESENTATION (  '', ( #205 ), #3238 ) ;
#1169 = LINE ( 'NONE', #566, #2747 ) ;
#1170 = CARTESIAN_POINT ( 'NONE',  ( 1.399999999999999911, 0.000000000000000000, -0.9499999999999999556 ) ) ;
#1171 = DIRECTION ( 'NONE',  ( -0.000000000000000000, -0.000000000000000000, 1.000000000000000000 ) ) ;
#1172 = ORIENTED_EDGE ( 'NONE', *, *, #52, .F. ) ;
#1173 = CARTESIAN_POINT ( 'NONE',  ( 3.000000000000000000, 0.000000000000000000, 0.05000000000000000278 ) ) ;
#1174 =( LENGTH_UNIT ( ) NAMED_UNIT ( * ) SI_UNIT ( .MILLI., .METRE. ) );
#1175 = DIRECTION ( 'NONE',  ( 1.000000000000000000, 0.000000000000000000, 0.000000000000000000 ) ) ;
#1176 = LINE ( 'NONE', #2807, #2735 ) ;
#1177 = ORIENTED_EDGE ( 'NONE', *, *, #1610, .F. ) ;
#1178 = PRESENTATION_STYLE_ASSIGNMENT (( #3155 ) ) ;
#1179 = VERTEX_POINT ( 'NONE', #1570 ) ;
#1180 = ADVANCED_FACE ( 'NONE', ( #1589 ), #2715, .T. ) ;
#1181 = CARTESIAN_POINT ( 'NONE',  ( 2.631669986732962485, 0.9750000000000001998, -0.9000000000000000222 ) ) ;
#1182 = CARTESIAN_POINT ( 'NONE',  ( 0.6999999999999997335, 0.5500000000000002665, -0.9249999999999999334 ) ) ;
#1183 = PLANE ( 'NONE',  #3157 ) ;
#1184 = CARTESIAN_POINT ( 'NONE',  ( 0.5000000000000000000, 0.000000000000000000, 0.05000000000000000278 ) ) ;
#1185 = EDGE_CURVE ( 'NONE', #2941, #983, #2754, .T. ) ;
#1186 = EDGE_LOOP ( 'NONE', ( #1345, #2122, #3064, #2051 ) ) ;
#1187 = DIRECTION ( 'NONE',  ( 0.000000000000000000, 0.000000000000000000, 1.000000000000000000 ) ) ;
#1188 = SURFACE_STYLE_USAGE ( .BOTH. , #877 ) ;
#1189 = LINE ( 'NONE', #1746, #1924 ) ;
#1190 = LINE ( 'NONE', #658, #3219 ) ;
#1191 = ORIENTED_EDGE ( 'NONE', *, *, #693, .F. ) ;
#1192 = FACE_OUTER_BOUND ( 'NONE', #2832, .T. ) ;
#1193 = EDGE_LOOP ( 'NONE', ( #2148, #3078, #3678, #2286 ) ) ;
#1194 = DIRECTION ( 'NONE',  ( 1.000000000000000000, 1.057758217059028312E-15, -0.000000000000000000 ) ) ;
#1195 = DIRECTION ( 'NONE',  ( -0.000000000000000000, -0.000000000000000000, 1.000000000000000000 ) ) ;
#1196 = ADVANCED_FACE ( 'NONE', ( #1366 ), #2485, .F. ) ;
#1197 = CARTESIAN_POINT ( 'NONE',  ( 0.2458039891549806955, 0.000000000000000000, -0.9499999999999999556 ) ) ;
#1198 = CARTESIAN_POINT ( 'NONE',  ( 1.600000000000000089, 0.000000000000000000, -0.9499999999999999556 ) ) ;
#1199 = DIRECTION ( 'NONE',  ( -0.000000000000000000, -0.000000000000000000, 1.000000000000000000 ) ) ;
#1200 = AXIS2_PLACEMENT_3D ( 'NONE', #3424, #2858, #13 ) ;
#1201 = ADVANCED_FACE ( 'NONE', ( #781 ), #2698, .T. ) ;
#1202 = ORIENTED_EDGE ( 'NONE', *, *, #1231, .T. ) ;
#1203 = DIRECTION ( 'NONE',  ( -0.000000000000000000, -0.000000000000000000, -1.000000000000000000 ) ) ;
#1204 =( NAMED_UNIT ( * ) PLANE_ANGLE_UNIT ( ) SI_UNIT ( $, .RADIAN. ) );
#1205 = AXIS2_PLACEMENT_3D ( 'NONE', #1397, #3339, #7 ) ;
#1206 = CARTESIAN_POINT ( 'NONE',  ( 0.2458039891549806955, 0.000000000000000000, -0.9499999999999999556 ) ) ;
#1207 = VECTOR ( 'NONE', #411, 1000.000000000000000 ) ;
#1208 = DIRECTION ( 'NONE',  ( 1.000000000000000000, 0.000000000000000000, 0.000000000000000000 ) ) ;
#1209 = ORIENTED_EDGE ( 'NONE', *, *, #1342, .T. ) ;
#1210 = EDGE_CURVE ( 'NONE', #933, #841, #1918, .T. ) ;
#1211 = AXIS2_PLACEMENT_3D ( 'NONE', #1537, #2659, #2905 ) ;
#1212 = LINE ( 'NONE', #701, #417 ) ;
#1213 = PRODUCT_DEFINITION_FORMATION_WITH_SPECIFIED_SOURCE ( 'ANY', '', #2882, .NOT_KNOWN. ) ;
#1214 = CIRCLE ( 'NONE', #71, 0.05000000000000002359 ) ;
#1215 = ORIENTED_EDGE ( 'NONE', *, *, #2726, .T. ) ;
#1216 = LINE ( 'NONE', #704, #318 ) ;
#1217 = CARTESIAN_POINT ( 'NONE',  ( 0.3720485754033532322, 1.000000000000000000, -0.9000000000000000222 ) ) ;
#1218 = VECTOR ( 'NONE', #2237, 1000.000000000000000 ) ;
#1219 = PRESENTATION_STYLE_ASSIGNMENT (( #2906 ) ) ;
#1220 = DIRECTION ( 'NONE',  ( 0.000000000000000000, 1.000000000000000000, 0.000000000000000000 ) ) ;
#1221 = SURFACE_SIDE_STYLE ('',( #690 ) ) ;
#1222 = AXIS2_PLACEMENT_3D ( 'NONE', #3542, #2701, #1539 ) ;
#1223 = CARTESIAN_POINT ( 'NONE',  ( 2.631669986732962485, 0.02499999999999999792, -0.9499999999999999556 ) ) ;
#1224 = VERTEX_POINT ( 'NONE', #3293 ) ;
#1225 = DIRECTION ( 'NONE',  ( 0.000000000000000000, 1.000000000000000000, -0.000000000000000000 ) ) ;
#1226 = FACE_OUTER_BOUND ( 'NONE', #3130, .T. ) ;
#1227 = EDGE_CURVE ( 'NONE', #3511, #581, #3115, .T. ) ;
#1228 = DIRECTION ( 'NONE',  ( 0.000000000000000000, 0.000000000000000000, 1.000000000000000000 ) ) ;
#1229 = ORIENTED_EDGE ( 'NONE', *, *, #1987, .F. ) ;
#1230 = VERTEX_POINT ( 'NONE', #1880 ) ;
#1231 = EDGE_CURVE ( 'NONE', #1829, #3551, #1324, .T. ) ;
#1232 = DIRECTION ( 'NONE',  ( 0.000000000000000000, 0.000000000000000000, 1.000000000000000000 ) ) ;
#1233 = EDGE_CURVE ( 'NONE', #805, #1700, #3648, .T. ) ;
#1234 = ORIENTED_EDGE ( 'NONE', *, *, #2360, .F. ) ;
#1235 = PLANE ( 'NONE',  #1697 ) ;
#1236 = LINE ( 'NONE', #2623, #2161 ) ;
#1237 =( LENGTH_UNIT ( ) NAMED_UNIT ( * ) SI_UNIT ( .MILLI., .METRE. ) );
#1238 = LINE ( 'NONE', #2612, #3649 ) ;
#1239 = CARTESIAN_POINT ( 'NONE',  ( 2.400000000000000355, 0.9750000000000001998, -0.9000000000000000222 ) ) ;
#1240 = ORIENTED_EDGE ( 'NONE', *, *, #2175, .T. ) ;
#1241 = CARTESIAN_POINT ( 'NONE',  ( 3.050000000000000266, 1.050000000000000044, 0.000000000000000000 ) ) ;
#1242 = FILL_AREA_STYLE_COLOUR ( '', #2057 ) ;
#1243 = CARTESIAN_POINT ( 'NONE',  ( 0.000000000000000000, 0.000000000000000000, 0.000000000000000000 ) ) ;
#1244 = ADVANCED_FACE ( 'NONE', ( #2505 ), #1108, .T. ) ;
#1245 = EDGE_CURVE ( 'NONE', #2266, #3347, #1664, .T. ) ;
#1246 = CARTESIAN_POINT ( 'NONE',  ( 3.000000000000000000, 0.7541960108450191935, -0.9499999999999999556 ) ) ;
#1247 = ORIENTED_EDGE ( 'NONE', *, *, #836, .T. ) ;
#1248 = ORIENTED_EDGE ( 'NONE', *, *, #3314, .F. ) ;
#1249 =( LENGTH_UNIT ( ) NAMED_UNIT ( * ) SI_UNIT ( .MILLI., .METRE. ) );
#1250 = ORIENTED_EDGE ( 'NONE', *, *, #3169, .T. ) ;
#1251 = DIRECTION ( 'NONE',  ( -0.000000000000000000, -0.000000000000000000, 1.000000000000000000 ) ) ;
#1252 = LINE ( 'NONE', #1813, #3583 ) ;
#1253 = EDGE_LOOP ( 'NONE', ( #2827, #1890, #1308, #1548, #631, #2033, #15, #1105, #1599, #162 ) ) ;
#1254 = DIRECTION ( 'NONE',  ( 0.000000000000000000, -0.000000000000000000, 1.000000000000000000 ) ) ;
#1255 = CARTESIAN_POINT ( 'NONE',  ( 3.000000000000000000, 0.7541960108450191935, 0.000000000000000000 ) ) ;
#1256 = CARTESIAN_POINT ( 'NONE',  ( 0.000000000000000000, 0.6000000000000000888, -0.9499999999999999556 ) ) ;
#1257 = ORIENTED_EDGE ( 'NONE', *, *, #3215, .F. ) ;
#1258 = DIRECTION ( 'NONE',  ( 0.000000000000000000, -1.000000000000000000, 0.000000000000000000 ) ) ;
#1259 = SURFACE_STYLE_USAGE ( .BOTH. , #2666 ) ;
#1260 = VECTOR ( 'NONE', #3532, 1000.000000000000000 ) ;
#1261 = DIRECTION ( 'NONE',  ( -0.000000000000000000, -0.000000000000000000, 1.000000000000000000 ) ) ;
#1262 = CARTESIAN_POINT ( 'NONE',  ( 0.3720485754033532322, 0.000000000000000000, -0.9499999999999999556 ) ) ;
#1263 = CIRCLE ( 'NONE', #1981, 0.2999999999999999889 ) ;
#1264 = ORIENTED_EDGE ( 'NONE', *, *, #2933, .F. ) ;
#1265 = ORIENTED_EDGE ( 'NONE', *, *, #2971, .F. ) ;
#1266 = STYLED_ITEM ( 'NONE', ( #1557 ), #2654 ) ;
#1267 = CARTESIAN_POINT ( 'NONE',  ( -0.05000000000000012768, 1.050000000000000044, -0.9000000000000000222 ) ) ;
#1268 = ORIENTED_EDGE ( 'NONE', *, *, #2408, .F. ) ;
#1269 = CIRCLE ( 'NONE', #3283, 1.000000000000000000 ) ;
#1270 = DIRECTION ( 'NONE',  ( -0.000000000000000000, -0.000000000000000000, 1.000000000000000000 ) ) ;
#1271 = ADVANCED_FACE ( 'NONE', ( #1523 ), #1897, .F. ) ;
#1272 = FACE_OUTER_BOUND ( 'NONE', #1473, .T. ) ;
#1273 = EDGE_LOOP ( 'NONE', ( #2900, #3067, #2420, #1937 ) ) ;
#1274 = AXIS2_PLACEMENT_3D ( 'NONE', #3076, #1884, #243 ) ;
#1275 = CARTESIAN_POINT ( 'NONE',  ( 0.5999999999999998668, 0.4000000000000002442, -0.9499999999999999556 ) ) ;
#1276 = DIRECTION ( 'NONE',  ( 1.000000000000000000, 0.000000000000000000, 0.000000000000000000 ) ) ;
#1277 = STYLED_ITEM ( 'NONE', ( #2279 ), #184 ) ;
#1278 = AXIS2_PLACEMENT_3D ( 'NONE', #336, #2908, #3223 ) ;
#1279 =( GEOMETRIC_REPRESENTATION_CONTEXT ( 3 ) GLOBAL_UNCERTAINTY_ASSIGNED_CONTEXT ( ( #1931 ) ) GLOBAL_UNIT_ASSIGNED_CONTEXT ( ( #241, #3575, #181 ) ) REPRESENTATION_CONTEXT ( 'NONE', 'WORKASPACE' ) );
#1280 = ORIENTED_EDGE ( 'NONE', *, *, #2784, .F. ) ;
#1281 = CYLINDRICAL_SURFACE ( 'NONE', #2445, 0.2999999999999999334 ) ;
#1282 = LINE ( 'NONE', #93, #2456 ) ;
#1283 = PRESENTATION_LAYER_ASSIGNMENT (  '', '', ( #324 ) ) ;
#1284 = FILL_AREA_STYLE_COLOUR ( '', #3646 ) ;
#1285 = CARTESIAN_POINT ( 'NONE',  ( 1.200000000000000178, 0.6000000000000000888, -0.9499999999999999556 ) ) ;
#1286 = ORIENTED_EDGE ( 'NONE', *, *, #2131, .F. ) ;
#1287 = ORIENTED_EDGE ( 'NONE', *, *, #1453, .F. ) ;
#1288 = DIRECTION ( 'NONE',  ( -0.000000000000000000, 1.000000000000000000, -0.000000000000000000 ) ) ;
#1289 = ORIENTED_EDGE ( 'NONE', *, *, #1091, .T. ) ;
#1290 = CARTESIAN_POINT ( 'NONE',  ( 1.200000000000000178, 0.6000000000000000888, -0.9499999999999999556 ) ) ;
#1291 = CARTESIAN_POINT ( 'NONE',  ( 1.702500000000000124, 0.5025000000000002798, 0.1700000000000000122 ) ) ;
#1292 = VERTEX_POINT ( 'NONE', #408 ) ;
#1293 = EDGE_CURVE ( 'NONE', #2848, #951, #2346, .T. ) ;
#1294 = DIRECTION ( 'NONE',  ( -0.000000000000000000, -0.000000000000000000, -1.000000000000000000 ) ) ;
#1295 = EDGE_CURVE ( 'NONE', #3152, #839, #865, .T. ) ;
#1296 = DIRECTION ( 'NONE',  ( 0.000000000000000000, -0.000000000000000000, 1.000000000000000000 ) ) ;
#1297 = VERTEX_POINT ( 'NONE', #3310 ) ;
#1298 = CARTESIAN_POINT ( 'NONE',  ( 0.000000000000000000, 0.000000000000000000, 0.05000000000000000278 ) ) ;
#1299 = CARTESIAN_POINT ( 'NONE',  ( 1.100000000000000311, 1.000000000000000000, -0.9000000000000000222 ) ) ;
#1300 = CARTESIAN_POINT ( 'NONE',  ( -0.05000000000000012768, 1.050000000000000044, -0.9499999999999999556 ) ) ;
#1301 = ORIENTED_EDGE ( 'NONE', *, *, #1592, .T. ) ;
#1302 = VERTEX_POINT ( 'NONE', #1255 ) ;
#1303 = CARTESIAN_POINT ( 'NONE',  ( 0.000000000000000000, 0.2250000000000000056, -0.9499999999999999556 ) ) ;
#1304 = ORIENTED_EDGE ( 'NONE', *, *, #273, .F. ) ;
#1305 = LINE ( 'NONE', #2448, #2449 ) ;
#1306 = DIRECTION ( 'NONE',  ( -1.000000000000000000, 0.000000000000000000, 0.000000000000000000 ) ) ;
#1307 = ADVANCED_FACE ( 'NONE', ( #671 ), #1793, .T. ) ;
#1308 = ORIENTED_EDGE ( 'NONE', *, *, #2016, .F. ) ;
#1309 = FILL_AREA_STYLE ('',( #2487 ) ) ;
#1310 = DIRECTION ( 'NONE',  ( 1.000000000000000000, 0.000000000000000000, 0.000000000000000000 ) ) ;
#1311 = ORIENTED_EDGE ( 'NONE', *, *, #460, .F. ) ;
#1312 = DIRECTION ( 'NONE',  ( -5.421010862427526114E-16, 1.000000000000000000, 0.000000000000000000 ) ) ;
#1313 = CARTESIAN_POINT ( 'NONE',  ( 2.754196010845019416, 0.000000000000000000, -0.9499999999999999556 ) ) ;
#1314 = EDGE_CURVE ( 'NONE', #2860, #675, #1814, .T. ) ;
#1315 = CARTESIAN_POINT ( 'NONE',  ( 0.2458039891549811951, 0.000000000000000000, 0.000000000000000000 ) ) ;
#1316 = VERTEX_POINT ( 'NONE', #2947 ) ;
#1317 = VECTOR ( 'NONE', #3400, 1000.000000000000000 ) ;
#1318 = VERTEX_POINT ( 'NONE', #1496 ) ;
#1319 = CIRCLE ( 'NONE', #1205, 0.4250000000000000444 ) ;
#1320 = LINE ( 'NONE', #801, #2092 ) ;
#1321 = ORIENTED_EDGE ( 'NONE', *, *, #3441, .F. ) ;
#1322 = DIRECTION ( 'NONE',  ( -1.000000000000000000, 0.000000000000000000, -0.000000000000000000 ) ) ;
#1323 = DIRECTION ( 'NONE',  ( -0.000000000000000000, 0.000000000000000000, 1.000000000000000000 ) ) ;
#1324 = LINE ( 'NONE', #2450, #2457 ) ;
#1325 = VECTOR ( 'NONE', #3616, 1000.000000000000000 ) ;
#1326 = ORIENTED_EDGE ( 'NONE', *, *, #2486, .T. ) ;
#1327 = AXIS2_PLACEMENT_3D ( 'NONE', #225, #3376, #282 ) ;
#1328 = CARTESIAN_POINT ( 'NONE',  ( 3.050000000000000266, 1.050000000000000044, -0.9000000000000000222 ) ) ;
#1329 = AXIS2_PLACEMENT_3D ( 'NONE', #1481, #2907, #2574 ) ;
#1330 = DIRECTION ( 'NONE',  ( 1.000000000000000000, 0.000000000000000000, 0.000000000000000000 ) ) ;
#1331 = VECTOR ( 'NONE', #307, 1000.000000000000000 ) ;
#1332 = CIRCLE ( 'NONE', #2875, 0.2999999999999999889 ) ;
#1333 = DIRECTION ( 'NONE',  ( 0.000000000000000000, 0.000000000000000000, 1.000000000000000000 ) ) ;
#1334 = AXIS2_PLACEMENT_3D ( 'NONE', #221, #2999, #1082 ) ;
#1335 = ORIENTED_EDGE ( 'NONE', *, *, #1185, .T. ) ;
#1336 = DIRECTION ( 'NONE',  ( 2.710505431213761085E-16, -1.000000000000000000, 0.000000000000000000 ) ) ;
#1337 = ADVANCED_FACE ( 'NONE', ( #940 ), #636, .T. ) ;
#1338 = VERTEX_POINT ( 'NONE', #2730 ) ;
#1339 = CIRCLE ( 'NONE', #1930, 0.2999999999999999334 ) ;
#1340 = LINE ( 'NONE', #2107, #2874 ) ;
#1341 = EDGE_LOOP ( 'NONE', ( #2250, #706, #3522, #1676 ) ) ;
#1342 = EDGE_CURVE ( 'NONE', #859, #1874, #1238, .T. ) ;
#1343 = CIRCLE ( 'NONE', #3231, 0.2999999999999999334 ) ;
#1344 = DIRECTION ( 'NONE',  ( 1.000000000000000000, 0.000000000000000000, 0.000000000000000000 ) ) ;
#1345 = ORIENTED_EDGE ( 'NONE', *, *, #2083, .T. ) ;
#1346 = PLANE ( 'NONE',  #371 ) ;
#1347 = ORIENTED_EDGE ( 'NONE', *, *, #3253, .T. ) ;
#1348 = LINE ( 'NONE', #1291, #560 ) ;
#1349 = AXIS2_PLACEMENT_3D ( 'NONE', #3317, #1968, #449 ) ;
#1350 = EDGE_CURVE ( 'NONE', #3490, #3021, #54, .T. ) ;
#1351 = DIRECTION ( 'NONE',  ( -0.000000000000000000, -0.000000000000000000, -1.000000000000000000 ) ) ;
#1352 = CARTESIAN_POINT ( 'NONE',  ( 2.754196010845019416, 1.000000000000000000, -0.9299999999999999378 ) ) ;
#1353 = DIRECTION ( 'NONE',  ( -0.000000000000000000, -0.000000000000000000, 1.000000000000000000 ) ) ;
#1354 = PLANE ( 'NONE',  #1349 ) ;
#1355 = VERTEX_POINT ( 'NONE', #924 ) ;
#1356 = LINE ( 'NONE', #2741, #724 ) ;
#1357 = ORIENTED_EDGE ( 'NONE', *, *, #1768, .T. ) ;
#1358 = EDGE_CURVE ( 'NONE', #293, #3242, #68, .T. ) ;
#1359 = FACE_OUTER_BOUND ( 'NONE', #2769, .T. ) ;
#1360 = ORIENTED_EDGE ( 'NONE', *, *, #2797, .T. ) ;
#1361 = EDGE_CURVE ( 'NONE', #2088, #2978, #177, .T. ) ;
#1362 = FACE_OUTER_BOUND ( 'NONE', #456, .T. ) ;
#1363 = EDGE_LOOP ( 'NONE', ( #3456, #499, #257, #3275 ) ) ;
#1364 = LINE ( 'NONE', #2483, #2633 ) ;
#1365 = ORIENTED_EDGE ( 'NONE', *, *, #2288, .F. ) ;
#1366 = FACE_OUTER_BOUND ( 'NONE', #165, .T. ) ;
#1367 = EDGE_CURVE ( 'NONE', #2614, #1658, #3503, .T. ) ;
#1368 = CARTESIAN_POINT ( 'NONE',  ( 0.000000000000000000, 1.000000000000000000, 0.000000000000000000 ) ) ;
#1369 = CARTESIAN_POINT ( 'NONE',  ( 0.000000000000000000, 0.6000000000000003109, -0.9499999999999999556 ) ) ;
#1370 = DIRECTION ( 'NONE',  ( -0.000000000000000000, 0.000000000000000000, 1.000000000000000000 ) ) ;
#1371 = CARTESIAN_POINT ( 'NONE',  ( 0.02499999999999986261, 0.4000000000000002442, -0.9499999999999999556 ) ) ;
#1372 = EDGE_LOOP ( 'NONE', ( #1268, #2348, #1732, #3122 ) ) ;
#1373 = DIRECTION ( 'NONE',  ( -1.000000000000000000, 0.000000000000000000, 0.000000000000000000 ) ) ;
#1374 = ORIENTED_EDGE ( 'NONE', *, *, #1838, .T. ) ;
#1375 = CARTESIAN_POINT ( 'NONE',  ( 0.000000000000000000, 0.000000000000000000, 0.05000000000000000278 ) ) ;
#1376 = ORIENTED_EDGE ( 'NONE', *, *, #2197, .F. ) ;
#1377 = MANIFOLD_SOLID_BREP ( '結合2', #3212 ) ;
#1378 = CYLINDRICAL_SURFACE ( 'NONE', #1853, 0.4250000000000000444 ) ;
#1379 = ORIENTED_EDGE ( 'NONE', *, *, #1885, .T. ) ;
#1380 = CARTESIAN_POINT ( 'NONE',  ( 1.800000000000000266, 0.000000000000000000, -0.9499999999999999556 ) ) ;
#1381 = ORIENTED_EDGE ( 'NONE', *, *, #1759, .T. ) ;
#1382 = DIRECTION ( 'NONE',  ( 0.000000000000000000, 1.000000000000000000, 0.000000000000000000 ) ) ;
#1383 = VECTOR ( 'NONE', #3068, 1000.000000000000000 ) ;
#1384 = ORIENTED_EDGE ( 'NONE', *, *, #2327, .F. ) ;
#1385 = AXIS2_PLACEMENT_3D ( 'NONE', #931, #2936, #2068 ) ;
#1386 = ADVANCED_FACE ( 'NONE', ( #922 ), #998, .T. ) ;
#1387 = CARTESIAN_POINT ( 'NONE',  ( 2.769420243068036136, 1.000000000000000000, -0.9299999999999999378 ) ) ;
#1388 = CARTESIAN_POINT ( 'NONE',  ( 3.050000000000000266, 1.050000000000000044, 0.000000000000000000 ) ) ;
#1389 = VECTOR ( 'NONE', #380, 1000.000000000000000 ) ;
#1390 = CARTESIAN_POINT ( 'NONE',  ( 2.754196010845019416, 1.000000000000000000, -0.9499999999999999556 ) ) ;
#1391 = FILL_AREA_STYLE_COLOUR ( '', #682 ) ;
#1392 = AXIS2_PLACEMENT_3D ( 'NONE', #1130, #2005, #2489 ) ;
#1393 = EDGE_CURVE ( 'NONE', #235, #2265, #2376, .T. ) ;
#1394 = AXIS2_PLACEMENT_3D ( 'NONE', #493, #687, #3321 ) ;
#1395 = VECTOR ( 'NONE', #1733, 1000.000000000000000 ) ;
#1396 = ORIENTED_EDGE ( 'NONE', *, *, #766, .T. ) ;
#1397 = CARTESIAN_POINT ( 'NONE',  ( 3.050000000000000266, -0.04999999999999991257, -0.9499999999999999556 ) ) ;
#1398 = LINE ( 'NONE', #2523, #989 ) ;
#1399 = AXIS2_PLACEMENT_3D ( 'NONE', #2676, #120, #2398 ) ;
#1400 = LINE ( 'NONE', #3101, #375 ) ;
#1401 = ORIENTED_EDGE ( 'NONE', *, *, #844, .T. ) ;
#1402 = ADVANCED_FACE ( 'NONE', ( #634 ), #2128, .T. ) ;
#1403 = CARTESIAN_POINT ( 'NONE',  ( 1.600000000000000089, 0.000000000000000000, -0.9499999999999999556 ) ) ;
#1404 = COLOUR_RGB ( '',0.9098039215686274384, 0.4431372549019607643, 0.03137254901960784270 ) ;
#1405 = ORIENTED_EDGE ( 'NONE', *, *, #2784, .T. ) ;
#1406 = FACE_OUTER_BOUND ( 'NONE', #1253, .T. ) ;
#1407 = EDGE_LOOP ( 'NONE', ( #2564, #1694, #3196, #1215 ) ) ;
#1408 = FACE_OUTER_BOUND ( 'NONE', #2392, .T. ) ;
#1409 = ORIENTED_EDGE ( 'NONE', *, *, #813, .T. ) ;
#1410 = FACE_OUTER_BOUND ( 'NONE', #2303, .T. ) ;
#1411 = PLANE ( 'NONE',  #1155 ) ;
#1412 = ADVANCED_FACE ( 'NONE', ( #125, #105 ), #1833, .T. ) ;
#1413 = EDGE_CURVE ( 'NONE', #588, #2476, #3243, .T. ) ;
#1414 = CARTESIAN_POINT ( 'NONE',  ( 2.754196010845019416, 1.000000000000000000, -0.9000000000000000222 ) ) ;
#1415 = ORIENTED_EDGE ( 'NONE', *, *, #1350, .F. ) ;
#1416 = CARTESIAN_POINT ( 'NONE',  ( 1.800000000000000266, 0.9750000000000001998, -0.9000000000000000222 ) ) ;
#1417 = CARTESIAN_POINT ( 'NONE',  ( 3.000000000000000000, 0.000000000000000000, 0.000000000000000000 ) ) ;
#1418 = DIRECTION ( 'NONE',  ( -1.000000000000000000, 0.000000000000000000, -0.000000000000000000 ) ) ;
#1419 = DIRECTION ( 'NONE',  ( 0.000000000000000000, 0.000000000000000000, 1.000000000000000000 ) ) ;
#1420 = ORIENTED_EDGE ( 'NONE', *, *, #1744, .T. ) ;
#1421 = VERTEX_POINT ( 'NONE', #669 ) ;
#1422 = ORIENTED_EDGE ( 'NONE', *, *, #2408, .T. ) ;
#1423 = ORIENTED_EDGE ( 'NONE', *, *, #330, .F. ) ;
#1424 = MANIFOLD_SOLID_BREP ( '結合3', #2147 ) ;
#1425 = DIRECTION ( 'NONE',  ( 0.000000000000000000, 1.000000000000000000, 0.000000000000000000 ) ) ;
#1426 = PLANE ( 'NONE',  #128 ) ;
#1427 = DIRECTION ( 'NONE',  ( 1.000000000000000000, -0.000000000000000000, 0.000000000000000000 ) ) ;
#1428 = MANIFOLD_SOLID_BREP ( '填料-伸長1[1]', #1146 ) ;
#1429 = VERTEX_POINT ( 'NONE', #1275 ) ;
#1430 = DIRECTION ( 'NONE',  ( -0.000000000000000000, 0.000000000000000000, 1.000000000000000000 ) ) ;
#1431 = DIRECTION ( 'NONE',  ( 1.000000000000000000, 0.000000000000000000, 0.000000000000000000 ) ) ;
#1432 = EDGE_CURVE ( 'NONE', #2660, #772, #707, .T. ) ;
#1433 = FACE_OUTER_BOUND ( 'NONE', #2886, .T. ) ;
#1434 = MANIFOLD_SOLID_BREP ( '結合4', #2619 ) ;
#1435 = DIRECTION ( 'NONE',  ( -0.000000000000000000, -0.000000000000000000, 1.000000000000000000 ) ) ;
#1436 = ORIENTED_EDGE ( 'NONE', *, *, #646, .F. ) ;
#1437 = ORIENTED_EDGE ( 'NONE', *, *, #1871, .F. ) ;
#1438 = FACE_OUTER_BOUND ( 'NONE', #453, .T. ) ;
#1439 = ORIENTED_EDGE ( 'NONE', *, *, #454, .T. ) ;
#1440 = CARTESIAN_POINT ( 'NONE',  ( 1.100000000000000311, 1.000000000000000000, -0.9249999999999999334 ) ) ;
#1441 = CIRCLE ( 'NONE', #2680, 0.4250000000000000444 ) ;
#1442 = CARTESIAN_POINT ( 'NONE',  ( 0.6999999999999997335, 0.5500000000000002665, -0.9249999999999999334 ) ) ;
#1443 = DIRECTION ( 'NONE',  ( -1.000000000000000000, 0.000000000000000000, -0.000000000000000000 ) ) ;
#1444 = DIRECTION ( 'NONE',  ( 1.000000000000000000, 0.000000000000000000, 0.000000000000000000 ) ) ;
#1445 = VECTOR ( 'NONE', #483, 1000.000000000000000 ) ;
#1446 = ORIENTED_EDGE ( 'NONE', *, *, #969, .T. ) ;
#1447 = CARTESIAN_POINT ( 'NONE',  ( -6.776263578034400247E-17, 0.4500000000000002331, -0.9249999999999999334 ) ) ;
#1448 = VECTOR ( 'NONE', #2430, 1000.000000000000000 ) ;
#1449 = SURFACE_STYLE_FILL_AREA ( #2879 ) ;
#1450 = LINE ( 'NONE', #2261, #3412 ) ;
#1451 = AXIS2_PLACEMENT_3D ( 'NONE', #3241, #3066, #406 ) ;
#1452 = VECTOR ( 'NONE', #2473, 1000.000000000000000 ) ;
#1453 = EDGE_CURVE ( 'NONE', #2916, #839, #518, .T. ) ;
#1454 = LINE ( 'NONE', #256, #1147 ) ;
#1455 = ORIENTED_EDGE ( 'NONE', *, *, #3447, .F. ) ;
#1456 = PRESENTATION_LAYER_ASSIGNMENT (  '', '', ( #2761 ) ) ;
#1457 = VECTOR ( 'NONE', #806, 1000.000000000000000 ) ;
#1458 = PRESENTATION_LAYER_ASSIGNMENT (  '', '', ( #869 ) ) ;
#1459 = CARTESIAN_POINT ( 'NONE',  ( 2.769420243068036136, 1.000000000000000000, -0.9299999999999999378 ) ) ;
#1460 = ORIENTED_EDGE ( 'NONE', *, *, #789, .T. ) ;
#1461 = PLANE ( 'NONE',  #1748 ) ;
#1462 =( GEOMETRIC_REPRESENTATION_CONTEXT ( 3 ) GLOBAL_UNCERTAINTY_ASSIGNED_CONTEXT ( ( #3564 ) ) GLOBAL_UNIT_ASSIGNED_CONTEXT ( ( #210, #1905, #1055 ) ) REPRESENTATION_CONTEXT ( 'NONE', 'WORKASPACE' ) );
#1463 = ADVANCED_FACE ( 'NONE', ( #206 ), #1901, .F. ) ;
#1464 = DIRECTION ( 'NONE',  ( -1.000000000000000000, 0.000000000000000000, -0.000000000000000000 ) ) ;
#1465 = AXIS2_PLACEMENT_3D ( 'NONE', #2737, #1333, #1652 ) ;
#1466 = FACE_OUTER_BOUND ( 'NONE', #2830, .T. ) ;
#1467 = CARTESIAN_POINT ( 'NONE',  ( 0.000000000000000000, 0.6000000000000003109, -0.9499999999999999556 ) ) ;
#1468 = ORIENTED_EDGE ( 'NONE', *, *, #670, .T. ) ;
#1469 = DIRECTION ( 'NONE',  ( -0.000000000000000000, -0.000000000000000000, 1.000000000000000000 ) ) ;
#1470 = LINE ( 'NONE', #2541, #1989 ) ;
#1471 = CARTESIAN_POINT ( 'NONE',  ( 3.050000000000000266, -0.04999999999999969746, -0.9299999999999999378 ) ) ;
#1472 = CARTESIAN_POINT ( 'NONE',  ( 0.6999999999999998446, 1.000000000000000000, -0.9249999999999999334 ) ) ;
#1473 = EDGE_LOOP ( 'NONE', ( #2333, #1384, #3602, #2295, #1791, #3554, #2955, #2123, #1532, #2527 ) ) ;
#1474 = EDGE_CURVE ( 'NONE', #3679, #394, #1339, .T. ) ;
#1475 = EDGE_CURVE ( 'NONE', #556, #2155, #1067, .T. ) ;
#1476 = DIRECTION ( 'NONE',  ( 0.000000000000000000, -1.000000000000000000, 0.000000000000000000 ) ) ;
#1477 = ORIENTED_EDGE ( 'NONE', *, *, #892, .F. ) ;
#1478 = CARTESIAN_POINT ( 'NONE',  ( 0.02500000000000005343, 8.023681421748574741E-18, -0.9000000000000000222 ) ) ;
#1479 = EDGE_CURVE ( 'NONE', #1316, #3004, #2196, .T. ) ;
#1480 = CARTESIAN_POINT ( 'NONE',  ( 0.5999999999999998668, 0.000000000000000000, -0.9499999999999999556 ) ) ;
#1481 = CARTESIAN_POINT ( 'NONE',  ( 1.100000000000000311, 1.000000000000000000, -0.9249999999999999334 ) ) ;
#1482 = DIRECTION ( 'NONE',  ( -2.710505431213761085E-16, 1.000000000000000000, 0.000000000000000000 ) ) ;
#1483 = FACE_OUTER_BOUND ( 'NONE', #1407, .T. ) ;
#1484 = ORIENTED_EDGE ( 'NONE', *, *, #762, .F. ) ;
#1485 = FACE_OUTER_BOUND ( 'NONE', #203, .T. ) ;
#1486 = DIRECTION ( 'NONE',  ( 1.000000000000000000, 0.000000000000000000, 0.000000000000000000 ) ) ;
#1487 = SURFACE_SIDE_STYLE ('',( #359 ) ) ;
#1488 = FACE_OUTER_BOUND ( 'NONE', #3210, .T. ) ;
#1489 = ORIENTED_EDGE ( 'NONE', *, *, #3605, .F. ) ;
#1490 = CARTESIAN_POINT ( 'NONE',  ( 1.202500000000000124, 0.5975000000000001421, 0.000000000000000000 ) ) ;
#1491 = ORIENTED_EDGE ( 'NONE', *, *, #3571, .F. ) ;
#1492 = FACE_OUTER_BOUND ( 'NONE', #2854, .T. ) ;
#1493 = CARTESIAN_POINT ( 'NONE',  ( 2.754196010845019416, 1.000000000000000000, 0.000000000000000000 ) ) ;
#1494 = ADVANCED_FACE ( 'NONE', ( #3002 ), #501, .F. ) ;
#1495 = DIRECTION ( 'NONE',  ( 1.000000000000000000, 0.000000000000000000, 0.000000000000000000 ) ) ;
#1496 = CARTESIAN_POINT ( 'NONE',  ( 0.02499999999999986261, 0.4000000000000002442, -0.9000000000000000222 ) ) ;
#1497 = CARTESIAN_POINT ( 'NONE',  ( 0.000000000000000000, 0.4000000000000000222, 0.05000000000000000278 ) ) ;
#1498 = VECTOR ( 'NONE', #79, 1000.000000000000000 ) ;
#1499 = ORIENTED_EDGE ( 'NONE', *, *, #693, .T. ) ;
#1500 = CARTESIAN_POINT ( 'NONE',  ( 1.399999999999999911, 0.000000000000000000, -0.9000000000000000222 ) ) ;
#1501 = CARTESIAN_POINT ( 'NONE',  ( -7.448297150300491101E-17, 0.5500000000000002665, -0.9000000000000000222 ) ) ;
#1502 = VECTOR ( 'NONE', #2988, 1000.000000000000000 ) ;
#1503 = EDGE_CURVE ( 'NONE', #1620, #1047, #444, .T. ) ;
#1504 =( NAMED_UNIT ( * ) PLANE_ANGLE_UNIT ( ) SI_UNIT ( $, .RADIAN. ) );
#1505 = AXIS2_PLACEMENT_3D ( 'NONE', #2777, #1353, #810 ) ;
#1506 = LINE ( 'NONE', #1749, #3573 ) ;
#1507 = MANIFOLD_SOLID_BREP ( '伸長6', #57 ) ;
#1508 = ORIENTED_EDGE ( 'NONE', *, *, #3480, .T. ) ;
#1509 = AXIS2_PLACEMENT_3D ( 'NONE', #3466, #1220, #3611 ) ;
#1510 = ORIENTED_EDGE ( 'NONE', *, *, #962, .F. ) ;
#1511 = PLANE ( 'NONE',  #3334 ) ;
#1512 = VECTOR ( 'NONE', #3148, 1000.000000000000000 ) ;
#1513 = VECTOR ( 'NONE', #112, 1000.000000000000000 ) ;
#1514 = CIRCLE ( 'NONE', #314, 0.05000000000000002359 ) ;
#1515 = ORIENTED_EDGE ( 'NONE', *, *, #697, .T. ) ;
#1516 = EDGE_CURVE ( 'NONE', #2169, #2989, #2718, .T. ) ;
#1517 = DIRECTION ( 'NONE',  ( 0.000000000000000000, 1.000000000000000000, 0.000000000000000000 ) ) ;
#1518 = DIRECTION ( 'NONE',  ( 0.000000000000000000, 0.000000000000000000, -1.000000000000000000 ) ) ;
#1519 = VECTOR ( 'NONE', #2920, 1000.000000000000000 ) ;
#1520 =( NAMED_UNIT ( * ) SI_UNIT ( $, .STERADIAN. ) SOLID_ANGLE_UNIT ( ) );
#1521 = ORIENTED_EDGE ( 'NONE', *, *, #3312, .F. ) ;
#1522 = DIRECTION ( 'NONE',  ( 0.000000000000000000, 1.000000000000000000, 0.000000000000000000 ) ) ;
#1523 = FACE_OUTER_BOUND ( 'NONE', #2026, .T. ) ;
#1524 = LINE ( 'NONE', #1256, #2755 ) ;
#1525 = ADVANCED_FACE ( 'NONE', ( #2269 ), #538, .F. ) ;
#1526 = ADVANCED_FACE ( 'NONE', ( #1438 ), #3667, .F. ) ;
#1527 = ORIENTED_EDGE ( 'NONE', *, *, #762, .T. ) ;
#1528 = LINE ( 'NONE', #3506, #2812 ) ;
#1529 = CARTESIAN_POINT ( 'NONE',  ( 0.000000000000000000, 0.000000000000000000, 0.000000000000000000 ) ) ;
#1530 =( LENGTH_UNIT ( ) NAMED_UNIT ( * ) SI_UNIT ( .MILLI., .METRE. ) );
#1531 = CARTESIAN_POINT ( 'NONE',  ( 1.200000000000000178, 0.000000000000000000, -0.9499999999999999556 ) ) ;
#1532 = ORIENTED_EDGE ( 'NONE', *, *, #1592, .F. ) ;
#1533 = ORIENTED_EDGE ( 'NONE', *, *, #2360, .T. ) ;
#1534 = CARTESIAN_POINT ( 'NONE',  ( 0.000000000000000000, 0.02499999999999999792, -0.9000000000000000222 ) ) ;
#1535 = ORIENTED_EDGE ( 'NONE', *, *, #2371, .F. ) ;
#1536 = CARTESIAN_POINT ( 'NONE',  ( 0.2458039891549806955, 1.000000000000000000, -0.9000000000000000222 ) ) ;
#1537 = CARTESIAN_POINT ( 'NONE',  ( 0.000000000000000000, 1.000000000000000000, 0.000000000000000000 ) ) ;
#1538 = ORIENTED_EDGE ( 'NONE', *, *, #770, .T. ) ;
#1539 = DIRECTION ( 'NONE',  ( 0.000000000000000000, -0.000000000000000000, 1.000000000000000000 ) ) ;
#1540 = CARTESIAN_POINT ( 'NONE',  ( 1.100000000000000311, 0.5500000000000002665, -0.9000000000000000222 ) ) ;
#1541 = VERTEX_POINT ( 'NONE', #2887 ) ;
#1542 = CARTESIAN_POINT ( 'NONE',  ( 3.000000000000000000, 0.2305797569319644469, 0.05000000000000000278 ) ) ;
#1543 = ADVANCED_FACE ( 'NONE', ( #3372 ), #35, .T. ) ;
#1544 = CARTESIAN_POINT ( 'NONE',  ( 0.000000000000000000, 0.3720485754033532877, -0.9000000000000000222 ) ) ;
#1545 = DIRECTION ( 'NONE',  ( 1.000000000000000000, 0.000000000000000000, 0.000000000000000000 ) ) ;
#1546 = DIRECTION ( 'NONE',  ( -1.000000000000000000, 0.000000000000000000, -0.000000000000000000 ) ) ;
#1547 = EDGE_CURVE ( 'NONE', #1160, #1729, #2508, .T. ) ;
#1548 = ORIENTED_EDGE ( 'NONE', *, *, #3675, .F. ) ;
#1549 = ORIENTED_EDGE ( 'NONE', *, *, #2371, .T. ) ;
#1550 = ORIENTED_EDGE ( 'NONE', *, *, #3549, .F. ) ;
#1551 = DIRECTION ( 'NONE',  ( -1.000000000000000000, 0.000000000000000000, -0.000000000000000000 ) ) ;
#1552 = DIRECTION ( 'NONE',  ( 0.000000000000000000, 0.000000000000000000, 1.000000000000000000 ) ) ;
#1553 = ORIENTED_EDGE ( 'NONE', *, *, #103, .F. ) ;
#1554 = CARTESIAN_POINT ( 'NONE',  ( 0.5000000000000000000, 0.000000000000000000, 0.05000000000000000278 ) ) ;
#1555 = LINE ( 'NONE', #3224, #1925 ) ;
#1556 = ORIENTED_EDGE ( 'NONE', *, *, #2403, .T. ) ;
#1557 = PRESENTATION_STYLE_ASSIGNMENT (( #464 ) ) ;
#1558 = CARTESIAN_POINT ( 'NONE',  ( 0.6999999999999998446, 1.000000000000000000, -0.9249999999999999334 ) ) ;
#1559 = AXIS2_PLACEMENT_3D ( 'NONE', #2356, #3460, #1769 ) ;
#1560 = DIRECTION ( 'NONE',  ( -0.000000000000000000, -0.000000000000000000, 1.000000000000000000 ) ) ;
#1561 = AXIS2_PLACEMENT_3D ( 'NONE', #1823, #399, #1546 ) ;
#1562 = ORIENTED_EDGE ( 'NONE', *, *, #2704, .F. ) ;
#1563 = EDGE_CURVE ( 'NONE', #2116, #3252, #740, .T. ) ;
#1564 = VERTEX_POINT ( 'NONE', #1110 ) ;
#1565 = VECTOR ( 'NONE', #2414, 1000.000000000000000 ) ;
#1566 = EDGE_CURVE ( 'NONE', #2244, #895, #595, .T. ) ;
#1567 = DIRECTION ( 'NONE',  ( -0.000000000000000000, -0.000000000000000000, 1.000000000000000000 ) ) ;
#1568 = EDGE_LOOP ( 'NONE', ( #119, #975, #96, #3408 ) ) ;
#1569 = CIRCLE ( 'NONE', #1801, 0.4250000000000000444 ) ;
#1570 = CARTESIAN_POINT ( 'NONE',  ( 0.2458039891549806955, 0.000000000000000000, -0.9000000000000000222 ) ) ;
#1571 = EDGE_LOOP ( 'NONE', ( #1955, #1177, #1446, #2480, #2647, #1959, #3160, #827, #2724, #614, #2778, #33, #3306, #3269 ) ) ;
#1572 = VECTOR ( 'NONE', #3084, 1000.000000000000000 ) ;
#1573 = SURFACE_STYLE_FILL_AREA ( #2963 ) ;
#1574 = PLANE ( 'NONE',  #2104 ) ;
#1575 = EDGE_CURVE ( 'NONE', #2937, #2174, #561, .T. ) ;
#1576 = AXIS2_PLACEMENT_3D ( 'NONE', #3173, #696, #2407 ) ;
#1577 = VECTOR ( 'NONE', #2774, 1000.000000000000000 ) ;
#1578 = VECTOR ( 'NONE', #3427, 1000.000000000000000 ) ;
#1579 = ORIENTED_EDGE ( 'NONE', *, *, #2624, .T. ) ;
#1580 = CARTESIAN_POINT ( 'NONE',  ( 1.200000000000000178, 0.6000000000000000888, -0.9000000000000000222 ) ) ;
#1581 = EDGE_CURVE ( 'NONE', #819, #821, #2866, .T. ) ;
#1582 = LINE ( 'NONE', #3284, #1502 ) ;
#1583 = VECTOR ( 'NONE', #2438, 1000.000000000000000 ) ;
#1584 = ORIENTED_EDGE ( 'NONE', *, *, #12, .T. ) ;
#1585 = ORIENTED_EDGE ( 'NONE', *, *, #3417, .T. ) ;
#1586 = LINE ( 'NONE', #32, #2917 ) ;
#1587 = EDGE_LOOP ( 'NONE', ( #764, #1906, #685, #1326 ) ) ;
#1588 = LINE ( 'NONE', #1645, #1448 ) ;
#1589 = FACE_OUTER_BOUND ( 'NONE', #555, .T. ) ;
#1590 = VERTEX_POINT ( 'NONE', #2591 ) ;
#1591 = CARTESIAN_POINT ( 'NONE',  ( 0.000000000000000000, 0.000000000000000000, 0.05000000000000000278 ) ) ;
#1592 = EDGE_CURVE ( 'NONE', #1810, #2989, #897, .T. ) ;
#1593 = CARTESIAN_POINT ( 'NONE',  ( 3.000000000000000000, 0.7541960108450191935, -0.9000000000000000222 ) ) ;
#1594 = VERTEX_POINT ( 'NONE', #3650 ) ;
#1595 = DIRECTION ( 'NONE',  ( -1.000000000000000000, -5.421010862427526114E-16, 0.000000000000000000 ) ) ;
#1596 = CARTESIAN_POINT ( 'NONE',  ( 0.3500000000000000888, 0.7500000000000000000, 0.05000000000000000278 ) ) ;
#1597 = ADVANCED_FACE ( 'NONE', ( #1962 ), #279, .F. ) ;
#1598 = LINE ( 'NONE', #3584, #3037 ) ;
#1599 = ORIENTED_EDGE ( 'NONE', *, *, #887, .F. ) ;
#1600 = EDGE_LOOP ( 'NONE', ( #3092, #2369, #1999, #668 ) ) ;
#1601 = CARTESIAN_POINT ( 'NONE',  ( 0.2458039891549806399, 1.000000000000000000, 0.000000000000000000 ) ) ;
#1602 = ORIENTED_EDGE ( 'NONE', *, *, #887, .T. ) ;
#1603 = PLANE ( 'NONE',  #2509 ) ;
#1604 = DIRECTION ( 'NONE',  ( -0.000000000000000000, -0.000000000000000000, -1.000000000000000000 ) ) ;
#1605 = ORIENTED_EDGE ( 'NONE', *, *, #3177, .T. ) ;
#1606 = LINE ( 'NONE', #1352, #1452 ) ;
#1607 = ADVANCED_FACE ( 'NONE', ( #1408 ), #2532, .T. ) ;
#1608 = LINE ( 'NONE', #3005, #550 ) ;
#1609 = CARTESIAN_POINT ( 'NONE',  ( 3.000000000000000000, 0.7541960108450191935, -0.9299999999999999378 ) ) ;
#1610 = EDGE_CURVE ( 'NONE', #1912, #2155, #968, .T. ) ;
#1611 = ORIENTED_EDGE ( 'NONE', *, *, #1825, .F. ) ;
#1612 = CARTESIAN_POINT ( 'NONE',  ( 0.6999999999999998446, 1.000000000000000000, -0.9000000000000000222 ) ) ;
#1613 = CARTESIAN_POINT ( 'NONE',  ( 1.600000000000000089, 1.000000000000000000, -0.9499999999999999556 ) ) ;
#1614 = CARTESIAN_POINT ( 'NONE',  ( 0.3000000000000000999, 0.7500000000000000000, 0.05000000000000000278 ) ) ;
#1615 = ORIENTED_EDGE ( 'NONE', *, *, #137, .F. ) ;
#1616 = VECTOR ( 'NONE', #3209, 1000.000000000000000 ) ;
#1617 = CARTESIAN_POINT ( 'NONE',  ( 1.202500000000000124, 0.8025000000000001021, 0.000000000000000000 ) ) ;
#1618 = ORIENTED_EDGE ( 'NONE', *, *, #2890, .T. ) ;
#1619 = CARTESIAN_POINT ( 'NONE',  ( 1.702500000000000124, 0.5025000000000002798, 0.1700000000000000122 ) ) ;
#1620 = VERTEX_POINT ( 'NONE', #2340 ) ;
#1621 = CARTESIAN_POINT ( 'NONE',  ( 0.000000000000000000, 0.000000000000000000, 0.000000000000000000 ) ) ;
#1622 = EDGE_CURVE ( 'NONE', #1224, #2937, #2204, .T. ) ;
#1623 = AXIS2_PLACEMENT_3D ( 'NONE', #1069, #2222, #2199 ) ;
#1624 = ORIENTED_EDGE ( 'NONE', *, *, #1413, .T. ) ;
#1625 = PRESENTATION_STYLE_ASSIGNMENT (( #765 ) ) ;
#1626 = AXIS2_PLACEMENT_3D ( 'NONE', #1369, #809, #1945 ) ;
#1627 = DIRECTION ( 'NONE',  ( 0.000000000000000000, 0.000000000000000000, -1.000000000000000000 ) ) ;
#1628 =( GEOMETRIC_REPRESENTATION_CONTEXT ( 3 ) GLOBAL_UNCERTAINTY_ASSIGNED_CONTEXT ( ( #1889 ) ) GLOBAL_UNIT_ASSIGNED_CONTEXT ( ( #1530, #1504, #2686 ) ) REPRESENTATION_CONTEXT ( 'NONE', 'WORKASPACE' ) );
#1629 = LINE ( 'NONE', #1946, #3222 ) ;
#1630 = CIRCLE ( 'NONE', #207, 0.4250000000000000444 ) ;
#1631 = VECTOR ( 'NONE', #1982, 1000.000000000000000 ) ;
#1632 = EDGE_CURVE ( 'NONE', #983, #1302, #950, .T. ) ;
#1633 = CARTESIAN_POINT ( 'NONE',  ( 3.050000000000000266, -0.04999999999999969746, -0.9299999999999999378 ) ) ;
#1634 = ADVANCED_FACE ( 'NONE', ( #915 ), #1806, .F. ) ;
#1635 = COLOUR_RGB ( '',0.9098039215686274384, 0.4431372549019607643, 0.03137254901960784270 ) ;
#1636 = ORIENTED_EDGE ( 'NONE', *, *, #1342, .F. ) ;
#1637 = CARTESIAN_POINT ( 'NONE',  ( 0.000000000000000000, 0.2458039891549808620, -0.9499999999999999556 ) ) ;
#1638 = LINE ( 'NONE', #1674, #2321 ) ;
#1639 = MECHANICAL_DESIGN_GEOMETRIC_PRESENTATION_REPRESENTATION (  '', ( #869 ), #1279 ) ;
#1640 = CARTESIAN_POINT ( 'NONE',  ( 0.3500000000000000888, 0.7500000000000000000, 0.05000000000000000278 ) ) ;
#1641 = ORIENTED_EDGE ( 'NONE', *, *, #3183, .T. ) ;
#1642 =( GEOMETRIC_REPRESENTATION_CONTEXT ( 3 ) GLOBAL_UNCERTAINTY_ASSIGNED_CONTEXT ( ( #1040 ) ) GLOBAL_UNIT_ASSIGNED_CONTEXT ( ( #341, #1204, #930 ) ) REPRESENTATION_CONTEXT ( 'NONE', 'WORKASPACE' ) );
#1643 = LINE ( 'NONE', #2693, #179 ) ;
#1644 = VERTEX_POINT ( 'NONE', #1785 ) ;
#1645 = CARTESIAN_POINT ( 'NONE',  ( 2.498749217771908615, 0.000000000000000000, 0.000000000000000000 ) ) ;
#1646 = ORIENTED_EDGE ( 'NONE', *, *, #1622, .T. ) ;
#1647 = DIRECTION ( 'NONE',  ( 1.000000000000000000, 0.000000000000000000, 0.000000000000000000 ) ) ;
#1648 = DIRECTION ( 'NONE',  ( 0.000000000000000000, -0.000000000000000000, 1.000000000000000000 ) ) ;
#1649 = DIRECTION ( 'NONE',  ( -1.000000000000000000, 0.000000000000000000, 0.000000000000000000 ) ) ;
#1650 = DIRECTION ( 'NONE',  ( -0.000000000000000000, -0.000000000000000000, 1.000000000000000000 ) ) ;
#1651 = DIRECTION ( 'NONE',  ( 3.209472568699423857E-16, -1.000000000000000000, 0.000000000000000000 ) ) ;
#1652 = DIRECTION ( 'NONE',  ( -1.000000000000000000, 0.000000000000000000, 0.000000000000000000 ) ) ;
#1653 = ORIENTED_EDGE ( 'NONE', *, *, #1723, .T. ) ;
#1654 = CARTESIAN_POINT ( 'NONE',  ( 2.754196010845019416, 2.168404344971008868E-16, -0.9299999999999999378 ) ) ;
#1655 = ORIENTED_EDGE ( 'NONE', *, *, #3478, .T. ) ;
#1656 = CARTESIAN_POINT ( 'NONE',  ( -0.05000000000000012768, -0.04999999999999991257, -0.9000000000000000222 ) ) ;
#1657 = ORIENTED_EDGE ( 'NONE', *, *, #12, .F. ) ;
#1658 = VERTEX_POINT ( 'NONE', #2656 ) ;
#1659 = EDGE_CURVE ( 'NONE', #14, #700, #1212, .T. ) ;
#1660 = DIRECTION ( 'NONE',  ( -0.000000000000000000, -0.000000000000000000, 1.000000000000000000 ) ) ;
#1661 = EDGE_LOOP ( 'NONE', ( #1023, #1886, #1584, #536 ) ) ;
#1662 = DIRECTION ( 'NONE',  ( 0.000000000000000000, 0.000000000000000000, 1.000000000000000000 ) ) ;
#1663 = VERTEX_POINT ( 'NONE', #2957 ) ;
#1664 = LINE ( 'NONE', #239, #2876 ) ;
#1665 = PRESENTATION_STYLE_ASSIGNMENT (( #1868 ) ) ;
#1666 = VERTEX_POINT ( 'NONE', #402 ) ;
#1667 = DIRECTION ( 'NONE',  ( 0.000000000000000000, 1.000000000000000000, 0.000000000000000000 ) ) ;
#1668 = CARTESIAN_POINT ( 'NONE',  ( 0.4000000000000001332, 0.2500000000000000000, 0.000000000000000000 ) ) ;
#1669 = PLANE ( 'NONE',  #608 ) ;
#1670 = DIRECTION ( 'NONE',  ( -5.288791085295141560E-16, -1.000000000000000000, 0.000000000000000000 ) ) ;
#1671 = EDGE_CURVE ( 'NONE', #1666, #2240, #1441, .T. ) ;
#1672 = VERTEX_POINT ( 'NONE', #1843 ) ;
#1673 = DIRECTION ( 'NONE',  ( -1.000000000000000000, 0.000000000000000000, 0.000000000000000000 ) ) ;
#1674 = CARTESIAN_POINT ( 'NONE',  ( 1.497500000000000053, 0.2975000000000002642, 0.1700000000000000122 ) ) ;
#1675 = DIRECTION ( 'NONE',  ( -4.279296758265816631E-16, -1.000000000000000000, 0.000000000000000000 ) ) ;
#1676 = ORIENTED_EDGE ( 'NONE', *, *, #1210, .F. ) ;
#1677 = CARTESIAN_POINT ( 'NONE',  ( -0.05000000000000012768, 1.050000000000000044, 0.000000000000000000 ) ) ;
#1678 = ORIENTED_EDGE ( 'NONE', *, *, #2525, .F. ) ;
#1679 = CARTESIAN_POINT ( 'NONE',  ( 0.02499999999999984873, 0.3683300132670376814, -0.9499999999999999556 ) ) ;
#1680 = ORIENTED_EDGE ( 'NONE', *, *, #397, .F. ) ;
#1681 = EDGE_CURVE ( 'NONE', #2190, #805, #2974, .T. ) ;
#1682 = EDGE_CURVE ( 'NONE', #3295, #3651, #3195, .T. ) ;
#1683 = AXIS2_PLACEMENT_3D ( 'NONE', #1403, #2844, #3087 ) ;
#1684 = ORIENTED_EDGE ( 'NONE', *, *, #743, .F. ) ;
#1685 = VECTOR ( 'NONE', #1097, 1000.000000000000000 ) ;
#1686 = DIRECTION ( 'NONE',  ( 0.000000000000000000, -1.000000000000000000, 0.000000000000000000 ) ) ;
#1687 = FACE_OUTER_BOUND ( 'NONE', #2788, .T. ) ;
#1688 = CIRCLE ( 'NONE', #185, 1.000000000000000000 ) ;
#1689 = DIRECTION ( 'NONE',  ( 0.000000000000000000, 1.000000000000000000, 0.000000000000000000 ) ) ;
#1690 = CARTESIAN_POINT ( 'NONE',  ( 0.02499999999999984873, 0.6316699867329622631, -0.9499999999999999556 ) ) ;
#1691 = CIRCLE ( 'NONE', #1327, 0.05000000000000002359 ) ;
#1692 = AXIS2_PLACEMENT_3D ( 'NONE', #1640, #3517, #2126 ) ;
#1693 = AXIS2_PLACEMENT_3D ( 'NONE', #2948, #637, #3261 ) ;
#1694 = ORIENTED_EDGE ( 'NONE', *, *, #3266, .F. ) ;
#1695 = DIRECTION ( 'NONE',  ( -1.000000000000000000, -8.809142651444725498E-16, 0.000000000000000000 ) ) ;
#1696 = ORIENTED_EDGE ( 'NONE', *, *, #3323, .F. ) ;
#1697 = AXIS2_PLACEMENT_3D ( 'NONE', #101, #2942, #1551 ) ;
#1698 = LINE ( 'NONE', #1138, #3228 ) ;
#1699 = LINE ( 'NONE', #3366, #2803 ) ;
#1700 = VERTEX_POINT ( 'NONE', #2918 ) ;
#1701 = ORIENTED_EDGE ( 'NONE', *, *, #3017, .T. ) ;
#1702 = DIRECTION ( 'NONE',  ( 0.000000000000000000, 0.000000000000000000, 1.000000000000000000 ) ) ;
#1703 = VERTEX_POINT ( 'NONE', #366 ) ;
#1704 = DIRECTION ( 'NONE',  ( 1.000000000000000000, 0.000000000000000000, 0.000000000000000000 ) ) ;
#1705 = LINE ( 'NONE', #2794, #2387 ) ;
#1706 = ADVANCED_FACE ( 'NONE', ( #1192 ), #1511, .F. ) ;
#1707 = LINE ( 'NONE', #283, #3638 ) ;
#1708 = DIRECTION ( 'NONE',  ( -0.000000000000000000, -0.000000000000000000, 1.000000000000000000 ) ) ;
#1709 = ORIENTED_EDGE ( 'NONE', *, *, #2501, .T. ) ;
#1710 = DIRECTION ( 'NONE',  ( 4.928191693115928797E-17, 1.000000000000000000, 0.000000000000000000 ) ) ;
#1711 = DIRECTION ( 'NONE',  ( 1.000000000000000000, 0.000000000000000000, 0.000000000000000000 ) ) ;
#1712 = EDGE_CURVE ( 'NONE', #850, #3254, #1025, .T. ) ;
#1713 = DIRECTION ( 'NONE',  ( -0.000000000000000000, -0.000000000000000000, 1.000000000000000000 ) ) ;
#1714 = DIRECTION ( 'NONE',  ( -1.000000000000000000, 0.000000000000000000, 0.000000000000000000 ) ) ;
#1715 = ORIENTED_EDGE ( 'NONE', *, *, #1131, .T. ) ;
#1716 = VERTEX_POINT ( 'NONE', #2901 ) ;
#1717 = DIRECTION ( 'NONE',  ( -0.000000000000000000, 1.000000000000000000, -0.000000000000000000 ) ) ;
#1718 = VERTEX_POINT ( 'NONE', #1490 ) ;
#1719 = CARTESIAN_POINT ( 'NONE',  ( 1.500000000000000000, 0.000000000000000000, 0.05000000000000012768 ) ) ;
#1720 = DIRECTION ( 'NONE',  ( -1.000000000000000000, 5.288791085295141560E-16, -0.000000000000000000 ) ) ;
#1721 = DIRECTION ( 'NONE',  ( 0.000000000000000000, 0.000000000000000000, -1.000000000000000000 ) ) ;
#1722 = LINE ( 'NONE', #2613, #2276 ) ;
#1723 = EDGE_CURVE ( 'NONE', #859, #2848, #3499, .T. ) ;
#1724 = ORIENTED_EDGE ( 'NONE', *, *, #2949, .T. ) ;
#1725 = CARTESIAN_POINT ( 'NONE',  ( 0.6999999999999998446, 1.000000000000000000, -0.9249999999999999334 ) ) ;
#1726 = CARTESIAN_POINT ( 'NONE',  ( 4.336808689942017736E-16, 0.7541960108450193045, -0.9299999999999999378 ) ) ;
#1727 = FACE_OUTER_BOUND ( 'NONE', #519, .T. ) ;
#1728 = ORIENTED_EDGE ( 'NONE', *, *, #3541, .T. ) ;
#1729 = VERTEX_POINT ( 'NONE', #744 ) ;
#1730 = EDGE_CURVE ( 'NONE', #2372, #2139, #1643, .T. ) ;
#1731 = CARTESIAN_POINT ( 'NONE',  ( 3.000000000000000000, 0.2458039891549809730, -0.9299999999999999378 ) ) ;
#1732 = ORIENTED_EDGE ( 'NONE', *, *, #2928, .T. ) ;
#1733 = DIRECTION ( 'NONE',  ( 0.000000000000000000, -1.000000000000000000, 0.000000000000000000 ) ) ;
#1734 = VECTOR ( 'NONE', #1476, 1000.000000000000000 ) ;
#1735 = DIRECTION ( 'NONE',  ( 0.000000000000000000, -1.000000000000000000, 0.000000000000000000 ) ) ;
#1736 = VECTOR ( 'NONE', #138, 1000.000000000000000 ) ;
#1737 = CARTESIAN_POINT ( 'NONE',  ( 0.3000000000000000999, 0.2500000000000000000, 0.05000000000000000278 ) ) ;
#1738 = DIRECTION ( 'NONE',  ( 0.000000000000000000, -0.000000000000000000, 1.000000000000000000 ) ) ;
#1739 = AXIS2_PLACEMENT_3D ( 'NONE', #2491, #3079, #2537 ) ;
#1740 = EDGE_CURVE ( 'NONE', #1779, #1815, #1320, .T. ) ;
#1741 = ORIENTED_EDGE ( 'NONE', *, *, #2624, .F. ) ;
#1742 = CARTESIAN_POINT ( 'NONE',  ( 2.400000000000000355, 0.9750000000000001998, -0.9499999999999999556 ) ) ;
#1743 = VECTOR ( 'NONE', #1735, 1000.000000000000000 ) ;
#1744 = EDGE_CURVE ( 'NONE', #401, #3551, #3568, .T. ) ;
#1745 = CARTESIAN_POINT ( 'NONE',  ( -0.04999999999999965583, -0.04999999999999991257, -0.9299999999999999378 ) ) ;
#1746 = CARTESIAN_POINT ( 'NONE',  ( 1.100000000000000311, 0.4500000000000001776, -0.9249999999999999334 ) ) ;
#1747 = AXIS2_PLACEMENT_3D ( 'NONE', #591, #45, #1175 ) ;
#1748 = AXIS2_PLACEMENT_3D ( 'NONE', #2255, #1686, #3110 ) ;
#1749 = CARTESIAN_POINT ( 'NONE',  ( 2.754196010845019416, 0.000000000000000000, -0.9000000000000000222 ) ) ;
#1750 = EDGE_CURVE ( 'NONE', #2916, #2678, #718, .T. ) ;
#1751 = VERTEX_POINT ( 'NONE', #2770 ) ;
#1752 = VECTOR ( 'NONE', #1251, 1000.000000000000000 ) ;
#1753 = VECTOR ( 'NONE', #222, 1000.000000000000000 ) ;
#1754 = DIRECTION ( 'NONE',  ( -0.000000000000000000, 0.000000000000000000, -1.000000000000000000 ) ) ;
#1755 = ORIENTED_EDGE ( 'NONE', *, *, #1432, .F. ) ;
#1756 = CARTESIAN_POINT ( 'NONE',  ( 2.400000000000000355, 0.000000000000000000, -0.9499999999999999556 ) ) ;
#1757 = VECTOR ( 'NONE', #331, 1000.000000000000000 ) ;
#1758 = DIRECTION ( 'NONE',  ( 0.000000000000000000, -1.000000000000000000, 0.000000000000000000 ) ) ;
#1759 = EDGE_CURVE ( 'NONE', #1718, #2265, #2178, .T. ) ;
#1760 = DIRECTION ( 'NONE',  ( -1.000000000000000000, 0.000000000000000000, 0.000000000000000000 ) ) ;
#1761 = LINE ( 'NONE', #2008, #3049 ) ;
#1762 = ORIENTED_EDGE ( 'NONE', *, *, #2928, .F. ) ;
#1763 = LINE ( 'NONE', #1780, #2685 ) ;
#1764 = DIRECTION ( 'NONE',  ( -0.000000000000000000, -0.000000000000000000, 1.000000000000000000 ) ) ;
#1765 = PLANE ( 'NONE',  #1158 ) ;
#1766 = CYLINDRICAL_SURFACE ( 'NONE', #1087, 0.2999999999999999334 ) ;
#1767 = VERTEX_POINT ( 'NONE', #1938 ) ;
#1768 = EDGE_CURVE ( 'NONE', #218, #821, #1794, .T. ) ;
#1769 = DIRECTION ( 'NONE',  ( -1.000000000000000000, 0.000000000000000000, 0.000000000000000000 ) ) ;
#1770 = EDGE_LOOP ( 'NONE', ( #3322, #534, #2285, #2752 ) ) ;
#1771 = CARTESIAN_POINT ( 'NONE',  ( 0.000000000000000000, 0.000000000000000000, -0.9499999999999999556 ) ) ;
#1772 = ADVANCED_FACE ( 'NONE', ( #3289 ), #758, .F. ) ;
#1773 = DIRECTION ( 'NONE',  ( -1.000000000000000000, 0.000000000000000000, -0.000000000000000000 ) ) ;
#1774 = SURFACE_SIDE_STYLE ('',( #1573 ) ) ;
#1775 = CARTESIAN_POINT ( 'NONE',  ( 1.100000000000000311, 1.000000000000000000, -0.9000000000000000222 ) ) ;
#1776 = CARTESIAN_POINT ( 'NONE',  ( 0.000000000000000000, 0.9750000000000001998, -0.9499999999999999556 ) ) ;
#1777 = PLANE ( 'NONE',  #1693 ) ;
#1778 = ADVANCED_FACE ( 'NONE', ( #1362 ), #3609, .F. ) ;
#1779 = VERTEX_POINT ( 'NONE', #1894 ) ;
#1780 = CARTESIAN_POINT ( 'NONE',  ( 0.000000000000000000, 1.000000000000000000, -0.9000000000000000222 ) ) ;
#1781 = CARTESIAN_POINT ( 'NONE',  ( 0.9975000000000001643, 0.5975000000000001421, 0.000000000000000000 ) ) ;
#1782 = DIRECTION ( 'NONE',  ( 1.000000000000000000, 0.000000000000000000, 0.000000000000000000 ) ) ;
#1783 = ORIENTED_EDGE ( 'NONE', *, *, #2046, .F. ) ;
#1784 = EDGE_LOOP ( 'NONE', ( #1127, #2389, #954, #1957 ) ) ;
#1785 = CARTESIAN_POINT ( 'NONE',  ( -6.776263578034400247E-17, 0.4500000000000002331, -0.9249999999999999334 ) ) ;
#1786 = ADVANCED_FACE ( 'NONE', ( #455 ), #419, .F. ) ;
#1787 = VERTEX_POINT ( 'NONE', #1601 ) ;
#1788 = ADVANCED_FACE ( 'NONE', ( #1078 ), #2727, .T. ) ;
#1789 = DIRECTION ( 'NONE',  ( 1.000000000000000000, 0.000000000000000000, 0.000000000000000000 ) ) ;
#1790 = LINE ( 'NONE', #2320, #2215 ) ;
#1791 = ORIENTED_EDGE ( 'NONE', *, *, #3657, .T. ) ;
#1792 = FACE_OUTER_BOUND ( 'NONE', #2444, .T. ) ;
#1793 = PLANE ( 'NONE',  #135 ) ;
#1794 = CIRCLE ( 'NONE', #1910, 0.2850000000000000866 ) ;
#1795 = FACE_OUTER_BOUND ( 'NONE', #514, .T. ) ;
#1796 = AXIS2_PLACEMENT_3D ( 'NONE', #2632, #1187, #3436 ) ;
#1797 = ORIENTED_EDGE ( 'NONE', *, *, #1744, .F. ) ;
#1798 = CARTESIAN_POINT ( 'NONE',  ( 0.5000000000000000000, 0.6000000000000000888, 0.05000000000000000278 ) ) ;
#1799 = DIRECTION ( 'NONE',  ( 0.000000000000000000, 0.000000000000000000, 1.000000000000000000 ) ) ;
#1800 = AXIS2_PLACEMENT_3D ( 'NONE', #888, #3486, #2925 ) ;
#1801 = AXIS2_PLACEMENT_3D ( 'NONE', #1896, #3348, #3070 ) ;
#1802 = FACE_OUTER_BOUND ( 'NONE', #578, .T. ) ;
#1803 = EDGE_LOOP ( 'NONE', ( #2771, #2696, #3344, #2080 ) ) ;
#1804 = STYLED_ITEM ( 'NONE', ( #383 ), #1827 ) ;
#1805 = ORIENTED_EDGE ( 'NONE', *, *, #996, .T. ) ;
#1806 = CYLINDRICAL_SURFACE ( 'NONE', #246, 0.2999999999999999889 ) ;
#1807 = VECTOR ( 'NONE', #1074, 1000.000000000000000 ) ;
#1808 = VECTOR ( 'NONE', #656, 1000.000000000000000 ) ;
#1809 = AXIS2_PLACEMENT_3D ( 'NONE', #2433, #1627, #1649 ) ;
#1810 = VERTEX_POINT ( 'NONE', #2446 ) ;
#1811 = LINE ( 'NONE', #388, #2758 ) ;
#1812 = VECTOR ( 'NONE', #3207, 1000.000000000000000 ) ;
#1813 = CARTESIAN_POINT ( 'NONE',  ( 0.3683300132670376814, 0.9750000000000001998, -0.9499999999999999556 ) ) ;
#1814 = CIRCLE ( 'NONE', #3168, 0.05000000000000002359 ) ;
#1815 = VERTEX_POINT ( 'NONE', #144 ) ;
#1816 = DIRECTION ( 'NONE',  ( 1.000000000000000000, 0.000000000000000000, 0.000000000000000000 ) ) ;
#1817 = COLOUR_RGB ( '',0.9098039215686274384, 0.4431372549019607643, 0.03137254901960784270 ) ;
#1818 = DIRECTION ( 'NONE',  ( 1.000000000000000000, -2.298886545902716559E-17, 0.000000000000000000 ) ) ;
#1819 = ADVANCED_FACE ( 'NONE', ( #472 ), #3590, .T. ) ;
#1820 = EDGE_LOOP ( 'NONE', ( #2973, #548, #3663, #129 ) ) ;
#1821 = DIRECTION ( 'NONE',  ( -1.000000000000000000, 0.000000000000000000, 0.000000000000000000 ) ) ;
#1822 = FILL_AREA_STYLE ('',( #1242 ) ) ;
#1823 = CARTESIAN_POINT ( 'NONE',  ( 0.000000000000000000, 1.000000000000000000, -0.9000000000000000222 ) ) ;
#1824 = ORIENTED_EDGE ( 'NONE', *, *, #1929, .F. ) ;
#1825 = EDGE_CURVE ( 'NONE', #3490, #173, #1046, .T. ) ;
#1826 = EDGE_LOOP ( 'NONE', ( #291, #1140, #276, #2732 ) ) ;
#1827 = ADVANCED_BREP_SHAPE_REPRESENTATION ( 'HT-B2132(B00799)', ( #2654, #184, #1377, #1424, #1434, #1507, #1428, #108, #2576 ), #3165 ) ;
#1828 = DIRECTION ( 'NONE',  ( -0.000000000000000000, -0.000000000000000000, -1.000000000000000000 ) ) ;
#1829 = VERTEX_POINT ( 'NONE', #1914 ) ;
#1830 = DIRECTION ( 'NONE',  ( 1.000000000000000000, 0.000000000000000000, 0.000000000000000000 ) ) ;
#1831 = DIRECTION ( 'NONE',  ( -1.000000000000000000, 0.000000000000000000, 0.000000000000000000 ) ) ;
#1832 = ORIENTED_EDGE ( 'NONE', *, *, #2510, .F. ) ;
#1833 = PLANE ( 'NONE',  #3534 ) ;
#1834 = DIRECTION ( 'NONE',  ( 0.000000000000000000, -0.000000000000000000, -1.000000000000000000 ) ) ;
#1835 = ORIENTED_EDGE ( 'NONE', *, *, #2578, .F. ) ;
#1836 = FACE_OUTER_BOUND ( 'NONE', #2484, .T. ) ;
#1837 = DIRECTION ( 'NONE',  ( 1.000000000000000000, -2.409338161078900660E-16, 0.000000000000000000 ) ) ;
#1838 = EDGE_CURVE ( 'NONE', #2978, #55, #3045, .T. ) ;
#1839 = LINE ( 'NONE', #3230, #1036 ) ;
#1840 = CARTESIAN_POINT ( 'NONE',  ( 1.200000000000000178, 0.9750000000000000888, -0.9000000000000000222 ) ) ;
#1841 = ORIENTED_EDGE ( 'NONE', *, *, #725, .T. ) ;
#1842 = ORIENTED_EDGE ( 'NONE', *, *, #2154, .F. ) ;
#1843 = CARTESIAN_POINT ( 'NONE',  ( 4.336808689942017736E-16, 0.7694202430680358029, -0.9299999999999999378 ) ) ;
#1844 = VERTEX_POINT ( 'NONE', #1010 ) ;
#1845 = DIRECTION ( 'NONE',  ( -0.000000000000000000, -0.000000000000000000, 1.000000000000000000 ) ) ;
#1846 = FACE_OUTER_BOUND ( 'NONE', #1976, .T. ) ;
#1847 = ORIENTED_EDGE ( 'NONE', *, *, #2288, .T. ) ;
#1848 =( NAMED_UNIT ( * ) PLANE_ANGLE_UNIT ( ) SI_UNIT ( $, .RADIAN. ) );
#1849 = CARTESIAN_POINT ( 'NONE',  ( 4.675621868843737872E-16, 0.7541960108450191935, -0.9299999999999999378 ) ) ;
#1850 = ORIENTED_EDGE ( 'NONE', *, *, #1581, .T. ) ;
#1851 = CARTESIAN_POINT ( 'NONE',  ( 0.5999999999999998668, 0.6000000000000003109, -0.9499999999999999556 ) ) ;
#1852 = PLANE ( 'NONE',  #140 ) ;
#1853 = AXIS2_PLACEMENT_3D ( 'NONE', #3135, #1660, #275 ) ;
#1854 = EDGE_CURVE ( 'NONE', #2164, #1716, #3271, .T. ) ;
#1855 = LINE ( 'NONE', #1891, #1736 ) ;
#1856 = VECTOR ( 'NONE', #1992, 1000.000000000000000 ) ;
#1857 = ORIENTED_EDGE ( 'NONE', *, *, #537, .T. ) ;
#1858 = ORIENTED_EDGE ( 'NONE', *, *, #2726, .F. ) ;
#1859 = EDGE_CURVE ( 'NONE', #3011, #1072, #1586, .T. ) ;
#1860 = DIRECTION ( 'NONE',  ( 1.000000000000000000, 0.000000000000000000, 0.000000000000000000 ) ) ;
#1861 = ORIENTED_EDGE ( 'NONE', *, *, #2426, .T. ) ;
#1862 = CARTESIAN_POINT ( 'NONE',  ( 4.133520782600985655E-16, 0.2305797569319641693, -0.9299999999999999378 ) ) ;
#1863 = VECTOR ( 'NONE', #3670, 1000.000000000000000 ) ;
#1864 = LINE ( 'NONE', #204, #1577 ) ;
#1865 = ORIENTED_EDGE ( 'NONE', *, *, #1210, .T. ) ;
#1866 = CIRCLE ( 'NONE', #3112, 0.2999999999999999889 ) ;
#1867 = AXIS2_PLACEMENT_3D ( 'NONE', #2146, #3277, #2570 ) ;
#1868 = SURFACE_STYLE_USAGE ( .BOTH. , #749 ) ;
#1869 = CARTESIAN_POINT ( 'NONE',  ( 0.000000000000000000, 0.000000000000000000, 0.000000000000000000 ) ) ;
#1870 = VECTOR ( 'NONE', #3514, 1000.000000000000000 ) ;
#1871 = EDGE_CURVE ( 'NONE', #459, #404, #290, .T. ) ;
#1872 = ORIENTED_EDGE ( 'NONE', *, *, #1045, .T. ) ;
#1873 = LINE ( 'NONE', #2409, #1913 ) ;
#1874 = VERTEX_POINT ( 'NONE', #2528 ) ;
#1875 = EDGE_CURVE ( 'NONE', #3270, #3386, #1176, .T. ) ;
#1876 = VERTEX_POINT ( 'NONE', #3664 ) ;
#1877 = DIRECTION ( 'NONE',  ( -0.000000000000000000, 0.000000000000000000, 1.000000000000000000 ) ) ;
#1878 = ORIENTED_EDGE ( 'NONE', *, *, #2247, .T. ) ;
#1879 = CARTESIAN_POINT ( 'NONE',  ( 0.2305797569319645024, 0.000000000000000000, 0.05000000000000000278 ) ) ;
#1880 = CARTESIAN_POINT ( 'NONE',  ( 0.2458039891549806955, 1.000000000000000000, -0.9499999999999999556 ) ) ;
#1881 = EDGE_CURVE ( 'NONE', #3365, #1779, #2300, .T. ) ;
#1882 = ORIENTED_EDGE ( 'NONE', *, *, #377, .T. ) ;
#1883 = ADVANCED_FACE ( 'NONE', ( #2829 ), #2283, .F. ) ;
#1884 = DIRECTION ( 'NONE',  ( 0.000000000000000000, 1.000000000000000000, 0.000000000000000000 ) ) ;
#1885 = EDGE_CURVE ( 'NONE', #2614, #1751, #2980, .T. ) ;
#1886 = ORIENTED_EDGE ( 'NONE', *, *, #1066, .F. ) ;
#1887 = PLANE ( 'NONE',  #2385 ) ;
#1888 = CARTESIAN_POINT ( 'NONE',  ( 0.3683300132670376814, 0.9750000000000001998, -0.9000000000000000222 ) ) ;
#1889 = UNCERTAINTY_MEASURE_WITH_UNIT (LENGTH_MEASURE( 1.000000000000000082E-05 ), #1530, 'distance_accuracy_value', 'NONE');
#1890 = ORIENTED_EDGE ( 'NONE', *, *, #525, .F. ) ;
#1891 = CARTESIAN_POINT ( 'NONE',  ( 3.000000000000000000, 0.7541960108450191935, -0.9299999999999999378 ) ) ;
#1892 = ORIENTED_EDGE ( 'NONE', *, *, #2177, .F. ) ;
#1893 = EDGE_LOOP ( 'NONE', ( #2618, #2565, #3043, #562, #3349, #1311 ) ) ;
#1894 = CARTESIAN_POINT ( 'NONE',  ( 0.000000000000000000, 0.6000000000000000888, 0.05000000000000000278 ) ) ;
#1895 = ORIENTED_EDGE ( 'NONE', *, *, #2163, .F. ) ;
#1896 = CARTESIAN_POINT ( 'NONE',  ( 3.050000000000000266, 1.050000000000000044, -0.9499999999999999556 ) ) ;
#1897 = CYLINDRICAL_SURFACE ( 'NONE', #1278, 0.05000000000000002359 ) ;
#1898 = FACE_OUTER_BOUND ( 'NONE', #3540, .T. ) ;
#1899 = ORIENTED_EDGE ( 'NONE', *, *, #2815, .T. ) ;
#1900 = ADVANCED_FACE ( 'NONE', ( #2249 ), #1378, .T. ) ;
#1901 = PLANE ( 'NONE',  #3356 ) ;
#1902 = EDGE_CURVE ( 'NONE', #1703, #1787, #3394, .T. ) ;
#1903 = CARTESIAN_POINT ( 'NONE',  ( 1.702500000000000124, 0.5025000000000002798, 0.000000000000000000 ) ) ;
#1904 = LINE ( 'NONE', #2406, #2098 ) ;
#1905 =( NAMED_UNIT ( * ) PLANE_ANGLE_UNIT ( ) SI_UNIT ( $, .RADIAN. ) );
#1906 = ORIENTED_EDGE ( 'NONE', *, *, #462, .F. ) ;
#1907 = CARTESIAN_POINT ( 'NONE',  ( -0.000000000000000000, 0.4000000000000000222, 0.000000000000000000 ) ) ;
#1908 = VERTEX_POINT ( 'NONE', #837 ) ;
#1909 = CLOSED_SHELL ( 'NONE', ( #2883, #2262, #1196, #3204, #238, #2466, #1201, #640 ) ) ;
#1910 = AXIS2_PLACEMENT_3D ( 'NONE', #2158, #217, #3623 ) ;
#1911 = LINE ( 'NONE', #1075, #1572 ) ;
#1912 = VERTEX_POINT ( 'NONE', #3439 ) ;
#1913 = VECTOR ( 'NONE', #1336, 1000.000000000000000 ) ;
#1914 = CARTESIAN_POINT ( 'NONE',  ( 0.5999999999999998668, 0.9750000000000001998, -0.9499999999999999556 ) ) ;
#1915 = ORIENTED_EDGE ( 'NONE', *, *, #938, .F. ) ;
#1916 = CARTESIAN_POINT ( 'NONE',  ( 0.000000000000000000, 0.4000000000000002442, -0.9499999999999999556 ) ) ;
#1917 = ORIENTED_EDGE ( 'NONE', *, *, #3382, .T. ) ;
#1918 = LINE ( 'NONE', #3556, #3236 ) ;
#1919 = VECTOR ( 'NONE', #2648, 1000.000000000000000 ) ;
#1920 = EDGE_CURVE ( 'NONE', #415, #1318, #1454, .T. ) ;
#1921 = VECTOR ( 'NONE', #1106, 1000.000000000000000 ) ;
#1922 = DIRECTION ( 'NONE',  ( -0.000000000000000000, -0.000000000000000000, 1.000000000000000000 ) ) ;
#1923 = CYLINDRICAL_SURFACE ( 'NONE', #1392, 0.2999999999999999889 ) ;
#1924 = VECTOR ( 'NONE', #2543, 1000.000000000000000 ) ;
#1925 = VECTOR ( 'NONE', #2909, 1000.000000000000000 ) ;
#1926 = CARTESIAN_POINT ( 'NONE',  ( 0.02500000000000005343, 8.023681421748574741E-18, -0.9499999999999999556 ) ) ;
#1927 = PRESENTATION_LAYER_ASSIGNMENT (  '', '', ( #1277 ) ) ;
#1928 = AXIS2_PLACEMENT_3D ( 'NONE', #2816, #1, #2534 ) ;
#1929 = EDGE_CURVE ( 'NONE', #2592, #2355, #3642, .T. ) ;
#1930 = AXIS2_PLACEMENT_3D ( 'NONE', #3296, #784, #1015 ) ;
#1931 = UNCERTAINTY_MEASURE_WITH_UNIT (LENGTH_MEASURE( 1.000000000000000082E-05 ), #241, 'distance_accuracy_value', 'NONE');
#1932 = VERTEX_POINT ( 'NONE', #2561 ) ;
#1933 = FACE_OUTER_BOUND ( 'NONE', #2277, .T. ) ;
#1934 = ORIENTED_EDGE ( 'NONE', *, *, #2053, .T. ) ;
#1935 = AXIS2_PLACEMENT_3D ( 'NONE', #826, #3091, #263 ) ;
#1936 = DIRECTION ( 'NONE',  ( 0.000000000000000000, -1.000000000000000000, 0.000000000000000000 ) ) ;
#1937 = ORIENTED_EDGE ( 'NONE', *, *, #1479, .F. ) ;
#1938 = CARTESIAN_POINT ( 'NONE',  ( 0.2458039891549811951, 0.000000000000000000, -0.9000000000000000222 ) ) ;
#1939 = VERTEX_POINT ( 'NONE', #894 ) ;
#1940 = DIRECTION ( 'NONE',  ( 0.000000000000000000, -1.000000000000000000, 0.000000000000000000 ) ) ;
#1941 = ORIENTED_EDGE ( 'NONE', *, *, #3065, .T. ) ;
#1942 = CARTESIAN_POINT ( 'NONE',  ( 3.050000000000000266, -0.04999999999999969746, 0.05000000000000000278 ) ) ;
#1943 = FILL_AREA_STYLE_COLOUR ( '', #1404 ) ;
#1944 = PLANE ( 'NONE',  #1274 ) ;
#1945 = DIRECTION ( 'NONE',  ( 0.000000000000000000, -0.000000000000000000, -1.000000000000000000 ) ) ;
#1946 = CARTESIAN_POINT ( 'NONE',  ( 0.4000000000000001332, 0.7500000000000000000, 0.05000000000000000278 ) ) ;
#1947 = DIRECTION ( 'NONE',  ( 1.000000000000000000, -5.288791085295141560E-16, 0.000000000000000000 ) ) ;
#1948 = EDGE_CURVE ( 'NONE', #1751, #3254, #3103, .T. ) ;
#1949 = ORIENTED_EDGE ( 'NONE', *, *, #813, .F. ) ;
#1950 = CARTESIAN_POINT ( 'NONE',  ( 1.202500000000000124, 0.8025000000000001021, 0.000000000000000000 ) ) ;
#1951 = EDGE_CURVE ( 'NONE', #2254, #1338, #554, .T. ) ;
#1952 = CARTESIAN_POINT ( 'NONE',  ( 0.9975000000000001643, 0.8025000000000003242, 0.1700000000000000122 ) ) ;
#1953 = DIRECTION ( 'NONE',  ( 0.000000000000000000, 1.000000000000000000, 0.000000000000000000 ) ) ;
#1954 = ORIENTED_EDGE ( 'NONE', *, *, #1750, .F. ) ;
#1955 = ORIENTED_EDGE ( 'NONE', *, *, #1475, .T. ) ;
#1956 = CARTESIAN_POINT ( 'NONE',  ( 3.050000000000000266, 1.050000000000000044, -0.9299999999999999378 ) ) ;
#1957 = ORIENTED_EDGE ( 'NONE', *, *, #3172, .T. ) ;
#1958 = DIRECTION ( 'NONE',  ( 0.000000000000000000, -1.000000000000000000, 0.000000000000000000 ) ) ;
#1959 = ORIENTED_EDGE ( 'NONE', *, *, #3596, .T. ) ;
#1960 = CARTESIAN_POINT ( 'NONE',  ( 4.520541934738897627E-16, 0.2458039891549807510, -0.9299999999999999378 ) ) ;
#1961 = EDGE_CURVE ( 'NONE', #2937, #2642, #1699, .T. ) ;
#1962 = FACE_OUTER_BOUND ( 'NONE', #1186, .T. ) ;
#1963 = ORIENTED_EDGE ( 'NONE', *, *, #1128, .T. ) ;
#1964 = FACE_OUTER_BOUND ( 'NONE', #1820, .T. ) ;
#1965 = DIRECTION ( 'NONE',  ( 0.000000000000000000, -1.000000000000000000, -0.000000000000000000 ) ) ;
#1966 = ORIENTED_EDGE ( 'NONE', *, *, #2380, .T. ) ;
#1967 = FACE_OUTER_BOUND ( 'NONE', #2915, .T. ) ;
#1968 = DIRECTION ( 'NONE',  ( 1.000000000000000000, 0.000000000000000000, -0.000000000000000000 ) ) ;
#1969 = ORIENTED_EDGE ( 'NONE', *, *, #863, .T. ) ;
#1970 = CARTESIAN_POINT ( 'NONE',  ( 3.050000000000000266, -0.04999999999999991257, -0.9499999999999999556 ) ) ;
#1971 = CARTESIAN_POINT ( 'NONE',  ( -7.448297150300491101E-17, 0.5500000000000002665, -0.9249999999999999334 ) ) ;
#1972 = LINE ( 'NONE', #3134, #976 ) ;
#1973 = DIRECTION ( 'NONE',  ( 0.000000000000000000, 1.000000000000000000, 0.000000000000000000 ) ) ;
#1974 = VECTOR ( 'NONE', #1139, 1000.000000000000000 ) ;
#1975 = ORIENTED_EDGE ( 'NONE', *, *, #1902, .T. ) ;
#1976 = EDGE_LOOP ( 'NONE', ( #1017, #496, #332, #3636 ) ) ;
#1977 = AXIS2_PLACEMENT_3D ( 'NONE', #1677, #2544, #857 ) ;
#1978 = ADVANCED_FACE ( 'NONE', ( #1159 ), #820, .T. ) ;
#1979 = SURFACE_SIDE_STYLE ('',( #2833 ) ) ;
#1980 = ORIENTED_EDGE ( 'NONE', *, *, #377, .F. ) ;
#1981 = AXIS2_PLACEMENT_3D ( 'NONE', #2494, #303, #3637 ) ;
#1982 = DIRECTION ( 'NONE',  ( -0.000000000000000000, 1.000000000000000000, -0.000000000000000000 ) ) ;
#1983 = LINE ( 'NONE', #3391, #255 ) ;
#1984 = AXIS2_PLACEMENT_3D ( 'NONE', #1241, #959, #3171 ) ;
#1985 = DIRECTION ( 'NONE',  ( -0.000000000000000000, -0.000000000000000000, 1.000000000000000000 ) ) ;
#1986 = DIRECTION ( 'NONE',  ( -1.000000000000000000, 0.000000000000000000, 0.000000000000000000 ) ) ;
#1987 = EDGE_CURVE ( 'NONE', #3280, #819, #59, .T. ) ;
#1988 = AXIS2_PLACEMENT_3D ( 'NONE', #886, #3445, #2020 ) ;
#1989 = VECTOR ( 'NONE', #3674, 1000.000000000000000 ) ;
#1990 = AXIS2_PLACEMENT_3D ( 'NONE', #2024, #1171, #1986 ) ;
#1991 = ORIENTED_EDGE ( 'NONE', *, *, #86, .F. ) ;
#1992 = DIRECTION ( 'NONE',  ( 1.000000000000000000, 0.000000000000000000, 0.000000000000000000 ) ) ;
#1993 = VECTOR ( 'NONE', #396, 1000.000000000000000 ) ;
#1994 = VECTOR ( 'NONE', #1270, 1000.000000000000000 ) ;
#1995 = DIRECTION ( 'NONE',  ( -0.000000000000000000, -0.000000000000000000, -1.000000000000000000 ) ) ;
#1996 = DIRECTION ( 'NONE',  ( -1.000000000000000000, -5.421010862427526114E-16, 0.000000000000000000 ) ) ;
#1997 = VECTOR ( 'NONE', #1351, 1000.000000000000000 ) ;
#1998 = VERTEX_POINT ( 'NONE', #592 ) ;
#1999 = ORIENTED_EDGE ( 'NONE', *, *, #187, .T. ) ;
#2000 = VECTOR ( 'NONE', #1038, 1000.000000000000000 ) ;
#2001 = CARTESIAN_POINT ( 'NONE',  ( 0.2305797569319644469, 1.000000000000000000, -0.9299999999999999378 ) ) ;
#2002 = EDGE_LOOP ( 'NONE', ( #2183, #1550, #1549, #1124 ) ) ;
#2003 = ADVANCED_FACE ( 'NONE', ( #1727 ), #234, .F. ) ;
#2004 = CARTESIAN_POINT ( 'NONE',  ( 0.3000000000000000999, 0.2500000000000000000, 0.000000000000000000 ) ) ;
#2005 = DIRECTION ( 'NONE',  ( -0.000000000000000000, -0.000000000000000000, 1.000000000000000000 ) ) ;
#2006 = EDGE_CURVE ( 'NONE', #2372, #2956, #2586, .T. ) ;
#2007 = CARTESIAN_POINT ( 'NONE',  ( 0.2458039891549806955, 0.000000000000000000, -0.9000000000000000222 ) ) ;
#2008 = CARTESIAN_POINT ( 'NONE',  ( 4.520541934738897627E-16, 0.2458039891549807510, -0.9299999999999999378 ) ) ;
#2009 = ORIENTED_EDGE ( 'NONE', *, *, #1115, .T. ) ;
#2010 = CARTESIAN_POINT ( 'NONE',  ( 3.000000000000000000, 0.7541960108450191935, -0.9299999999999999378 ) ) ;
#2011 = CARTESIAN_POINT ( 'NONE',  ( 1.399999999999999911, 1.000000000000000000, -0.9499999999999999556 ) ) ;
#2012 = CARTESIAN_POINT ( 'NONE',  ( 0.000000000000000000, 0.6000000000000000888, -0.9499999999999999556 ) ) ;
#2013 = DIRECTION ( 'NONE',  ( 1.000000000000000000, 0.000000000000000000, 0.000000000000000000 ) ) ;
#2014 = ORIENTED_EDGE ( 'NONE', *, *, #1295, .F. ) ;
#2015 = ORIENTED_EDGE ( 'NONE', *, *, #3450, .T. ) ;
#2016 = EDGE_CURVE ( 'NONE', #280, #3659, #3191, .T. ) ;
#2017 = CARTESIAN_POINT ( 'NONE',  ( 1.800000000000000266, 0.000000000000000000, -0.9499999999999999556 ) ) ;
#2018 = ORIENTED_EDGE ( 'NONE', *, *, #1566, .F. ) ;
#2019 = DIRECTION ( 'NONE',  ( -0.000000000000000000, -0.000000000000000000, -1.000000000000000000 ) ) ;
#2020 = DIRECTION ( 'NONE',  ( 1.000000000000000000, 0.000000000000000000, 0.000000000000000000 ) ) ;
#2021 = EDGE_CURVE ( 'NONE', #1031, #841, #1506, .T. ) ;
#2022 = EDGE_CURVE ( 'NONE', #889, #3256, #5, .T. ) ;
#2023 = CARTESIAN_POINT ( 'NONE',  ( -0.05000000000000012768, -0.04999999999999991257, -0.9499999999999999556 ) ) ;
#2024 = CARTESIAN_POINT ( 'NONE',  ( 3.050000000000000266, 1.050000000000000044, -0.9499999999999999556 ) ) ;
#2025 = ADVANCED_FACE ( 'NONE', ( #1488 ), #3455, .T. ) ;
#2026 = EDGE_LOOP ( 'NONE', ( #1436, #1655, #2911, #1287 ) ) ;
#2027 = DIRECTION ( 'NONE',  ( -0.000000000000000000, -0.000000000000000000, -1.000000000000000000 ) ) ;
#2028 = CYLINDRICAL_SURFACE ( 'NONE', #613, 0.2850000000000000866 ) ;
#2029 = LINE ( 'NONE', #2914, #2982 ) ;
#2030 = ORIENTED_EDGE ( 'NONE', *, *, #715, .F. ) ;
#2031 = ADVANCED_FACE ( 'NONE', ( #2050 ), #2334, .T. ) ;
#2032 = CARTESIAN_POINT ( 'NONE',  ( 0.000000000000000000, 1.000000000000000000, 0.05000000000000000278 ) ) ;
#2033 = ORIENTED_EDGE ( 'NONE', *, *, #1681, .T. ) ;
#2034 = CARTESIAN_POINT ( 'NONE',  ( 1.702500000000000124, 0.2975000000000002642, 0.1700000000000000122 ) ) ;
#2035 = VECTOR ( 'NONE', #3346, 1000.000000000000000 ) ;
#2036 = CARTESIAN_POINT ( 'NONE',  ( 0.2458039891549806955, 1.000000000000000000, -0.9299999999999999378 ) ) ;
#2037 = ORIENTED_EDGE ( 'NONE', *, *, #3017, .F. ) ;
#2038 = CIRCLE ( 'NONE', #2566, 0.4249999999999999334 ) ;
#2039 = FACE_OUTER_BOUND ( 'NONE', #452, .T. ) ;
#2040 = SURFACE_STYLE_USAGE ( .BOTH. , #544 ) ;
#2041 = AXIS2_PLACEMENT_3D ( 'NONE', #2257, #1985, #2820 ) ;
#2042 = VERTEX_POINT ( 'NONE', #1246 ) ;
#2043 = LINE ( 'NONE', #56, #1919 ) ;
#2044 = VECTOR ( 'NONE', #3655, 1000.000000000000000 ) ;
#2045 = CARTESIAN_POINT ( 'NONE',  ( 0.000000000000000000, 0.000000000000000000, -0.9000000000000000222 ) ) ;
#2046 = EDGE_CURVE ( 'NONE', #2490, #2240, #3496, .T. ) ;
#2047 = CARTESIAN_POINT ( 'NONE',  ( 3.000000000000000000, 0.3720485754033532877, -0.9000000000000000222 ) ) ;
#2048 = MECHANICAL_DESIGN_GEOMETRIC_PRESENTATION_REPRESENTATION (  '', ( #1804 ), #1628 ) ;
#2049 = VECTOR ( 'NONE', #1167, 1000.000000000000000 ) ;
#2050 = FACE_OUTER_BOUND ( 'NONE', #3518, .T. ) ;
#2051 = ORIENTED_EDGE ( 'NONE', *, *, #1740, .T. ) ;
#2052 = AXIS2_PLACEMENT_3D ( 'NONE', #3483, #1845, #2089 ) ;
#2053 = EDGE_CURVE ( 'NONE', #642, #198, #2029, .T. ) ;
#2054 = DIRECTION ( 'NONE',  ( -1.000000000000000000, 0.000000000000000000, 0.000000000000000000 ) ) ;
#2055 = ORIENTED_EDGE ( 'NONE', *, *, #2546, .T. ) ;
#2056 = LINE ( 'NONE', #2342, #3415 ) ;
#2057 = COLOUR_RGB ( '',0.7529411764705882248, 0.7529411764705882248, 0.7529411764705882248 ) ;
#2058 = CARTESIAN_POINT ( 'NONE',  ( 2.400000000000000355, 0.02499999999999999792, -0.9499999999999999556 ) ) ;
#2059 = CARTESIAN_POINT ( 'NONE',  ( 0.000000000000000000, 0.4000000000000000222, 0.05000000000000000278 ) ) ;
#2060 = LINE ( 'NONE', #923, #126 ) ;
#2061 = CARTESIAN_POINT ( 'NONE',  ( 2.500000000000000000, 0.000000000000000000, 0.000000000000000000 ) ) ;
#2062 = FACE_OUTER_BOUND ( 'NONE', #881, .T. ) ;
#2063 = ORIENTED_EDGE ( 'NONE', *, *, #3585, .F. ) ;
#2064 = CARTESIAN_POINT ( 'NONE',  ( 1.100000000000000311, 1.000000000000000000, -0.9249999999999999334 ) ) ;
#2065 = CARTESIAN_POINT ( 'NONE',  ( 0.000000000000000000, 1.000000000000000000, -0.9499999999999999556 ) ) ;
#2066 = ADVANCED_FACE ( 'NONE', ( #946 ), #360, .F. ) ;
#2067 = EDGE_CURVE ( 'NONE', #3672, #2355, #2368, .T. ) ;
#2068 = DIRECTION ( 'NONE',  ( 0.000000000000000000, 0.000000000000000000, -1.000000000000000000 ) ) ;
#2069 = VERTEX_POINT ( 'NONE', #1472 ) ;
#2070 = CARTESIAN_POINT ( 'NONE',  ( -0.05000000000000012768, -0.04999999999999991257, -0.9000000000000000222 ) ) ;
#2071 = VERTEX_POINT ( 'NONE', #2602 ) ;
#2072 = CARTESIAN_POINT ( 'NONE',  ( 1.200000000000000178, 0.9750000000000000888, -0.9499999999999999556 ) ) ;
#2073 = EDGE_CURVE ( 'NONE', #55, #2127, #2636, .T. ) ;
#2074 = FACE_OUTER_BOUND ( 'NONE', #800, .T. ) ;
#2075 = DIRECTION ( 'NONE',  ( 1.000000000000000000, 0.000000000000000000, 0.000000000000000000 ) ) ;
#2076 = CARTESIAN_POINT ( 'NONE',  ( 1.497500000000000053, 0.2975000000000002642, 0.1700000000000000122 ) ) ;
#2077 = FILL_AREA_STYLE_COLOUR ( '', #1635 ) ;
#2078 = CARTESIAN_POINT ( 'NONE',  ( 3.000000000000000000, 0.2458039891549809175, -0.9499999999999999556 ) ) ;
#2079 = EDGE_CURVE ( 'NONE', #139, #1421, #3150, .T. ) ;
#2080 = ORIENTED_EDGE ( 'NONE', *, *, #1245, .T. ) ;
#2081 = PLANE ( 'NONE',  #2381 ) ;
#2082 = CARTESIAN_POINT ( 'NONE',  ( 3.000000000000000000, 0.7694202430680359139, 0.05000000000000000278 ) ) ;
#2083 = EDGE_CURVE ( 'NONE', #1815, #1939, #1190, .T. ) ;
#2084 = DIRECTION ( 'NONE',  ( -1.000000000000000000, 0.000000000000000000, 0.000000000000000000 ) ) ;
#2085 = ORIENTED_EDGE ( 'NONE', *, *, #2960, .F. ) ;
#2086 = ORIENTED_EDGE ( 'NONE', *, *, #1475, .F. ) ;
#2087 = CARTESIAN_POINT ( 'NONE',  ( 2.975000000000000089, 0.000000000000000000, -0.9499999999999999556 ) ) ;
#2088 = VERTEX_POINT ( 'NONE', #2884 ) ;
#2089 = DIRECTION ( 'NONE',  ( -1.000000000000000000, 1.420623728947918217E-14, 0.000000000000000000 ) ) ;
#2090 = ADVANCED_FACE ( 'NONE', ( #628 ), #1766, .F. ) ;
#2091 = CARTESIAN_POINT ( 'NONE',  ( 0.000000000000000000, 0.000000000000000000, -0.9499999999999999556 ) ) ;
#2092 = VECTOR ( 'NONE', #3553, 1000.000000000000000 ) ;
#2093 = DIRECTION ( 'NONE',  ( 0.000000000000000000, 0.000000000000000000, -1.000000000000000000 ) ) ;
#2094 = ADVANCED_FACE ( 'NONE', ( #1802 ), #3509, .T. ) ;
#2095 = EDGE_LOOP ( 'NONE', ( #2109, #3510, #1014, #3482 ) ) ;
#2096 = LINE ( 'NONE', #3227, #3462 ) ;
#2097 = LINE ( 'NONE', #2684, #1812 ) ;
#2098 = VECTOR ( 'NONE', #3561, 1000.000000000000000 ) ;
#2099 = AXIS2_PLACEMENT_3D ( 'NONE', #2627, #1721, #1443 ) ;
#2100 = DIRECTION ( 'NONE',  ( -0.000000000000000000, 0.000000000000000000, 1.000000000000000000 ) ) ;
#2101 = EDGE_LOOP ( 'NONE', ( #1477, #295, #29 ) ) ;
#2102 = VERTEX_POINT ( 'NONE', #641 ) ;
#2103 = DIRECTION ( 'NONE',  ( -1.000000000000000000, 0.000000000000000000, 0.000000000000000000 ) ) ;
#2104 = AXIS2_PLACEMENT_3D ( 'NONE', #373, #409, #1818 ) ;
#2105 = ORIENTED_EDGE ( 'NONE', *, *, #844, .F. ) ;
#2106 = DIRECTION ( 'NONE',  ( 0.000000000000000000, -1.000000000000000000, 0.000000000000000000 ) ) ;
#2107 = CARTESIAN_POINT ( 'NONE',  ( 1.800000000000000266, 0.6000000000000000888, -0.9499999999999999556 ) ) ;
#2108 = STYLED_ITEM ( 'NONE', ( #3201 ), #1377 ) ;
#2109 = ORIENTED_EDGE ( 'NONE', *, *, #3441, .T. ) ;
#2110 = DIRECTION ( 'NONE',  ( 0.000000000000000000, 1.000000000000000000, 0.000000000000000000 ) ) ;
#2111 = ADVANCED_FACE ( 'NONE', ( #964 ), #680, .T. ) ;
#2112 = FILL_AREA_STYLE ('',( #2077 ) ) ;
#2113 = STYLED_ITEM ( 'NONE', ( #1178 ), #1507 ) ;
#2114 = DIRECTION ( 'NONE',  ( 1.000000000000000000, 0.000000000000000000, 0.000000000000000000 ) ) ;
#2115 = EDGE_CURVE ( 'NONE', #278, #2071, #2670, .T. ) ;
#2116 = VERTEX_POINT ( 'NONE', #1315 ) ;
#2117 = CARTESIAN_POINT ( 'NONE',  ( 1.497499999999999831, 0.5025000000000003908, 0.1700000000000000122 ) ) ;
#2118 = APPLICATION_PROTOCOL_DEFINITION ( 'draft international standard', 'automotive_design', 1998, #882 ) ;
#2119 = EDGE_CURVE ( 'NONE', #2549, #201, #3007, .T. ) ;
#2120 = CARTESIAN_POINT ( 'NONE',  ( 1.600000000000000089, 0.9750000000000001998, -0.9000000000000000222 ) ) ;
#2121 = VERTEX_POINT ( 'NONE', #737 ) ;
#2122 = ORIENTED_EDGE ( 'NONE', *, *, #2486, .F. ) ;
#2123 = ORIENTED_EDGE ( 'NONE', *, *, #1516, .T. ) ;
#2124 = EDGE_CURVE ( 'NONE', #2042, #394, #1356, .T. ) ;
#2125 = DIRECTION ( 'NONE',  ( -1.000000000000000000, 0.000000000000000000, -0.000000000000000000 ) ) ;
#2126 = DIRECTION ( 'NONE',  ( -1.000000000000000000, 0.000000000000000000, 0.000000000000000000 ) ) ;
#2127 = VERTEX_POINT ( 'NONE', #1285 ) ;
#2128 = PLANE ( 'NONE',  #2640 ) ;
#2129 = LINE ( 'NONE', #2966, #3351 ) ;
#2130 = EDGE_CURVE ( 'NONE', #2102, #2490, #2626, .T. ) ;
#2131 = EDGE_CURVE ( 'NONE', #3370, #757, #2764, .T. ) ;
#2132 = ORIENTED_EDGE ( 'NONE', *, *, #1019, .T. ) ;
#2133 = DIRECTION ( 'NONE',  ( 0.000000000000000000, -0.000000000000000000, 1.000000000000000000 ) ) ;
#2134 = DIRECTION ( 'NONE',  ( 0.000000000000000000, -1.000000000000000000, 0.000000000000000000 ) ) ;
#2135 = ADVANCED_FACE ( 'NONE', ( #2441 ), #1006, .F. ) ;
#2136 = DIRECTION ( 'NONE',  ( -1.000000000000000000, 0.000000000000000000, 0.000000000000000000 ) ) ;
#2137 = DIRECTION ( 'NONE',  ( 1.057758217059028312E-15, -1.000000000000000000, 0.000000000000000000 ) ) ;
#2138 = EDGE_LOOP ( 'NONE', ( #2301, #1858, #2683, #339 ) ) ;
#2139 = VERTEX_POINT ( 'NONE', #2120 ) ;
#2140 = DIRECTION ( 'NONE',  ( 0.000000000000000000, -0.000000000000000000, -1.000000000000000000 ) ) ;
#2141 = VERTEX_POINT ( 'NONE', #2970 ) ;
#2142 = LINE ( 'NONE', #515, #189 ) ;
#2143 = DIRECTION ( 'NONE',  ( -4.279296758265816631E-16, -1.000000000000000000, 0.000000000000000000 ) ) ;
#2144 = ORIENTED_EDGE ( 'NONE', *, *, #2717, .F. ) ;
#2145 = DIRECTION ( 'NONE',  ( 1.000000000000000000, 0.000000000000000000, 0.000000000000000000 ) ) ;
#2146 = CARTESIAN_POINT ( 'NONE',  ( 0.000000000000000000, 1.000000000000000000, -0.9499999999999999556 ) ) ;
#2147 = CLOSED_SHELL ( 'NONE', ( #346, #1525, #1597, #1307, #3446, #3422, #446, #1164, #1180, #3489, #1819, #3379, #1778, #3516, #301, #2135, #3234, #2790, #2897, #2287 ) ) ;
#2148 = ORIENTED_EDGE ( 'NONE', *, *, #1314, .T. ) ;
#2149 =( LENGTH_UNIT ( ) NAMED_UNIT ( * ) SI_UNIT ( .MILLI., .METRE. ) );
#2150 = LINE ( 'NONE', #1529, #3653 ) ;
#2151 = VECTOR ( 'NONE', #2428, 1000.000000000000000 ) ;
#2152 = CARTESIAN_POINT ( 'NONE',  ( 1.600000000000000089, 0.6000000000000000888, -0.9499999999999999556 ) ) ;
#2153 = AXIS2_PLACEMENT_3D ( 'NONE', #698, #755, #3319 ) ;
#2154 = EDGE_CURVE ( 'NONE', #14, #2447, #1598, .T. ) ;
#2155 = VERTEX_POINT ( 'NONE', #170 ) ;
#2156 = ORIENTED_EDGE ( 'NONE', *, *, #3494, .T. ) ;
#2157 = VECTOR ( 'NONE', #3248, 1000.000000000000000 ) ;
#2158 = CARTESIAN_POINT ( 'NONE',  ( 3.050000000000000266, 1.050000000000000044, 0.05000000000000000278 ) ) ;
#2159 = VERTEX_POINT ( 'NONE', #3565 ) ;
#2160 = CARTESIAN_POINT ( 'NONE',  ( 2.975000000000000089, 0.000000000000000000, -0.9499999999999999556 ) ) ;
#2161 = VECTOR ( 'NONE', #334, 1000.000000000000000 ) ;
#2162 = FACE_BOUND ( 'NONE', #3607, .T. ) ;
#2163 = EDGE_CURVE ( 'NONE', #2244, #3252, #1057, .T. ) ;
#2164 = VERTEX_POINT ( 'NONE', #3304 ) ;
#2165 = VECTOR ( 'NONE', #1936, 1000.000000000000000 ) ;
#2166 = VECTOR ( 'NONE', #600, 1000.000000000000000 ) ;
#2167 = LINE ( 'NONE', #3032, #3113 ) ;
#2168 = PRESENTATION_LAYER_ASSIGNMENT (  '', '', ( #3654 ) ) ;
#2169 = VERTEX_POINT ( 'NONE', #3251 ) ;
#2170 = DIRECTION ( 'NONE',  ( -0.000000000000000000, -0.000000000000000000, 1.000000000000000000 ) ) ;
#2171 = LINE ( 'NONE', #227, #2000 ) ;
#2172 = LINE ( 'NONE', #158, #2268 ) ;
#2173 = AXIS2_PLACEMENT_3D ( 'NONE', #812, #1670, #1947 ) ;
#2174 = VERTEX_POINT ( 'NONE', #2723 ) ;
#2175 = EDGE_CURVE ( 'NONE', #3666, #3511, #2172, .T. ) ;
#2176 = ORIENTED_EDGE ( 'NONE', *, *, #1885, .F. ) ;
#2177 = EDGE_CURVE ( 'NONE', #1594, #841, #61, .T. ) ;
#2178 = LINE ( 'NONE', #1617, #1083 ) ;
#2179 = EDGE_LOOP ( 'NONE', ( #1724, #2502, #778 ) ) ;
#2180 = DIRECTION ( 'NONE',  ( 0.000000000000000000, 0.000000000000000000, 1.000000000000000000 ) ) ;
#2181 = CARTESIAN_POINT ( 'NONE',  ( 0.3500000000000000888, 0.2500000000000000000, 0.000000000000000000 ) ) ;
#2182 = DIRECTION ( 'NONE',  ( -1.000000000000000000, 0.000000000000000000, 0.000000000000000000 ) ) ;
#2183 = ORIENTED_EDGE ( 'NONE', *, *, #1730, .F. ) ;
#2184 = DIRECTION ( 'NONE',  ( 1.000000000000000000, 0.000000000000000000, 0.000000000000000000 ) ) ;
#2185 = LINE ( 'NONE', #2475, #2765 ) ;
#2186 = EDGE_LOOP ( 'NONE', ( #1949, #1250, #2814, #3533, #2030, #142 ) ) ;
#2187 = DIRECTION ( 'NONE',  ( -1.000000000000000000, 0.000000000000000000, 0.000000000000000000 ) ) ;
#2188 = FACE_OUTER_BOUND ( 'NONE', #2834, .T. ) ;
#2189 = CYLINDRICAL_SURFACE ( 'NONE', #1394, 0.05000000000000002359 ) ;
#2190 = VERTEX_POINT ( 'NONE', #1637 ) ;
#2191 = CARTESIAN_POINT ( 'NONE',  ( 0.000000000000000000, 1.000000000000000000, -0.9499999999999999556 ) ) ;
#2192 = ORIENTED_EDGE ( 'NONE', *, *, #73, .F. ) ;
#2193 = CARTESIAN_POINT ( 'NONE',  ( 3.050000000000000266, -0.04999999999999991257, -0.9499999999999999556 ) ) ;
#2194 = VERTEX_POINT ( 'NONE', #1840 ) ;
#2195 = DIRECTION ( 'NONE',  ( -6.720335722660911000E-17, 1.000000000000000000, 0.000000000000000000 ) ) ;
#2196 = LINE ( 'NONE', #2733, #2339 ) ;
#2197 = EDGE_CURVE ( 'NONE', #394, #3280, #1855, .T. ) ;
#2198 = DIRECTION ( 'NONE',  ( -0.000000000000000000, -0.000000000000000000, 1.000000000000000000 ) ) ;
#2199 = DIRECTION ( 'NONE',  ( -1.000000000000000000, 0.000000000000000000, 0.000000000000000000 ) ) ;
#2200 = CARTESIAN_POINT ( 'NONE',  ( 0.3683300132670376814, 0.02499999999999999792, -0.9499999999999999556 ) ) ;
#2201 = ORIENTED_EDGE ( 'NONE', *, *, #1671, .F. ) ;
#2202 = FACE_BOUND ( 'NONE', #2919, .T. ) ;
#2203 = CARTESIAN_POINT ( 'NONE',  ( 3.000000000000000000, 0.6279514245966467678, -0.9000000000000000222 ) ) ;
#2204 = CIRCLE ( 'NONE', #843, 0.2850000000000000866 ) ;
#2205 = DIRECTION ( 'NONE',  ( 1.000000000000000000, 0.000000000000000000, 0.000000000000000000 ) ) ;
#2206 = EDGE_LOOP ( 'NONE', ( #1468, #1460, #1680, #2401 ) ) ;
#2207 = VECTOR ( 'NONE', #1373, 1000.000000000000000 ) ;
#2208 = DIRECTION ( 'NONE',  ( -0.000000000000000000, 0.000000000000000000, -1.000000000000000000 ) ) ;
#2209 = MECHANICAL_DESIGN_GEOMETRIC_PRESENTATION_REPRESENTATION (  '', ( #2344 ), #2864 ) ;
#2210 = ORIENTED_EDGE ( 'NONE', *, *, #3033, .F. ) ;
#2211 = DIRECTION ( 'NONE',  ( 0.000000000000000000, 1.000000000000000000, 0.000000000000000000 ) ) ;
#2212 = ORIENTED_EDGE ( 'NONE', *, *, #743, .T. ) ;
#2213 = PLANE ( 'NONE',  #1165 ) ;
#2214 = AXIS2_PLACEMENT_3D ( 'NONE', #186, #1312, #1595 ) ;
#2215 = VECTOR ( 'NONE', #2922, 1000.000000000000000 ) ;
#2216 = CARTESIAN_POINT ( 'NONE',  ( 1.399999999999999911, 0.9750000000000001998, -0.9000000000000000222 ) ) ;
#2217 = CARTESIAN_POINT ( 'NONE',  ( 0.02499999999999968914, -1.069824189566440938E-17, -0.9499999999999999556 ) ) ;
#2218 = VECTOR ( 'NONE', #900, 1000.000000000000000 ) ;
#2219 = VECTOR ( 'NONE', #20, 1000.000000000000000 ) ;
#2220 = EDGE_CURVE ( 'NONE', #839, #3152, #122, .T. ) ;
#2221 = EDGE_CURVE ( 'NONE', #3021, #2139, #1582, .T. ) ;
#2222 = DIRECTION ( 'NONE',  ( -0.000000000000000000, -0.000000000000000000, 1.000000000000000000 ) ) ;
#2223 = AXIS2_PLACEMENT_3D ( 'NONE', #624, #2297, #3132 ) ;
#2224 = VECTOR ( 'NONE', #2143, 1000.000000000000000 ) ;
#2225 = FACE_OUTER_BOUND ( 'NONE', #36, .T. ) ;
#2226 =( GEOMETRIC_REPRESENTATION_CONTEXT ( 3 ) GLOBAL_UNCERTAINTY_ASSIGNED_CONTEXT ( ( #2367 ) ) GLOBAL_UNIT_ASSIGNED_CONTEXT ( ( #2756, #3016, #3354 ) ) REPRESENTATION_CONTEXT ( 'NONE', 'WORKASPACE' ) );
#2227 = UNCERTAINTY_MEASURE_WITH_UNIT (LENGTH_MEASURE( 1.000000000000000082E-05 ), #1174, 'distance_accuracy_value', 'NONE');
#2228 = EDGE_LOOP ( 'NONE', ( #97, #3178, #2664, #3513 ) ) ;
#2229 = DIRECTION ( 'NONE',  ( 1.000000000000000000, 0.000000000000000000, 0.000000000000000000 ) ) ;
#2230 = ORIENTED_EDGE ( 'NONE', *, *, #2910, .T. ) ;
#2231 = CARTESIAN_POINT ( 'NONE',  ( 0.02499999999999968914, -1.069824189566440938E-17, -0.9499999999999999556 ) ) ;
#2232 = ORIENTED_EDGE ( 'NONE', *, *, #2053, .F. ) ;
#2233 = DIRECTION ( 'NONE',  ( 0.000000000000000000, 0.000000000000000000, 1.000000000000000000 ) ) ;
#2234 = ORIENTED_EDGE ( 'NONE', *, *, #1432, .T. ) ;
#2235 = LINE ( 'NONE', #2809, #1921 ) ;
#2236 = ORIENTED_EDGE ( 'NONE', *, *, #3330, .F. ) ;
#2237 = DIRECTION ( 'NONE',  ( 7.228014483236369178E-17, -1.000000000000000000, 0.000000000000000000 ) ) ;
#2238 = EDGE_CURVE ( 'NONE', #895, #928, #1873, .T. ) ;
#2239 =( NAMED_UNIT ( * ) SI_UNIT ( $, .STERADIAN. ) SOLID_ANGLE_UNIT ( ) );
#2240 = VERTEX_POINT ( 'NONE', #2462 ) ;
#2241 = CARTESIAN_POINT ( 'NONE',  ( 0.6999999999999998446, 1.000000000000000000, -0.9249999999999999334 ) ) ;
#2242 = CARTESIAN_POINT ( 'NONE',  ( 2.627951424596646657, 0.000000000000000000, -0.9499999999999999556 ) ) ;
#2243 = LINE ( 'NONE', #2553, #911 ) ;
#2244 = VERTEX_POINT ( 'NONE', #1907 ) ;
#2245 = DIRECTION ( 'NONE',  ( 1.000000000000000000, 0.000000000000000000, 0.000000000000000000 ) ) ;
#2246 = LINE ( 'NONE', #3305, #2625 ) ;
#2247 = EDGE_CURVE ( 'NONE', #1658, #814, #3550, .T. ) ;
#2248 = LINE ( 'NONE', #855, #1331 ) ;
#2249 = FACE_OUTER_BOUND ( 'NONE', #2270, .T. ) ;
#2250 = ORIENTED_EDGE ( 'NONE', *, *, #2751, .F. ) ;
#2251 = EDGE_LOOP ( 'NONE', ( #3389, #6, #3428, #516 ) ) ;
#2252 = EDGE_CURVE ( 'NONE', #1297, #459, #2038, .T. ) ;
#2253 = FILL_AREA_STYLE ('',( #1126 ) ) ;
#2254 = VERTEX_POINT ( 'NONE', #2152 ) ;
#2255 = CARTESIAN_POINT ( 'NONE',  ( 0.000000000000000000, 1.000000000000000000, 0.05000000000000000278 ) ) ;
#2256 = CARTESIAN_POINT ( 'NONE',  ( 1.202500000000000124, 0.8025000000000001021, 0.1700000000000000122 ) ) ;
#2257 = CARTESIAN_POINT ( 'NONE',  ( 3.050000000000000266, 1.050000000000000044, -0.9499999999999999556 ) ) ;
#2258 = FACE_BOUND ( 'NONE', #661, .T. ) ;
#2259 = ORIENTED_EDGE ( 'NONE', *, *, #811, .T. ) ;
#2260 = DIRECTION ( 'NONE',  ( 0.000000000000000000, 0.000000000000000000, 1.000000000000000000 ) ) ;
#2261 = CARTESIAN_POINT ( 'NONE',  ( 2.754196010845019416, 2.168404344971008868E-16, -0.9299999999999999378 ) ) ;
#2262 = ADVANCED_FACE ( 'NONE', ( #2800 ), #796, .F. ) ;
#2263 = DIRECTION ( 'NONE',  ( -1.000000000000000000, 0.000000000000000000, 0.000000000000000000 ) ) ;
#2264 = VECTOR ( 'NONE', #1344, 1000.000000000000000 ) ;
#2265 = VERTEX_POINT ( 'NONE', #1950 ) ;
#2266 = VERTEX_POINT ( 'NONE', #1154 ) ;
#2267 = ADVANCED_FACE ( 'NONE', ( #2842, #2202 ), #3396, .F. ) ;
#2268 = VECTOR ( 'NONE', #1560, 1000.000000000000000 ) ;
#2269 = FACE_OUTER_BOUND ( 'NONE', #2967, .T. ) ;
#2270 = EDGE_LOOP ( 'NONE', ( #379, #2531, #3001, #435 ) ) ;
#2271 = LINE ( 'NONE', #1478, #429 ) ;
#2272 = DIRECTION ( 'NONE',  ( 1.000000000000000000, 0.000000000000000000, 0.000000000000000000 ) ) ;
#2273 = AXIS2_PLACEMENT_3D ( 'NONE', #1388, #3630, #2513 ) ;
#2274 = CARTESIAN_POINT ( 'NONE',  ( 1.399999999999999911, 0.000000000000000000, -0.9499999999999999556 ) ) ;
#2275 = DIRECTION ( 'NONE',  ( 0.000000000000000000, 0.000000000000000000, 1.000000000000000000 ) ) ;
#2276 = VECTOR ( 'NONE', #1199, 1000.000000000000000 ) ;
#2277 = EDGE_LOOP ( 'NONE', ( #3440, #1401, #2845, #2606, #1797, #329, #2951, #2547, #3216 ) ) ;
#2278 = CARTESIAN_POINT ( 'NONE',  ( 1.200000000000000178, 0.000000000000000000, -0.9000000000000000222 ) ) ;
#2279 = PRESENTATION_STYLE_ASSIGNMENT (( #1156 ) ) ;
#2280 = EDGE_CURVE ( 'NONE', #2194, #201, #286, .T. ) ;
#2281 = AXIS2_PLACEMENT_3D ( 'NONE', #440, #1029, #722 ) ;
#2282 = CARTESIAN_POINT ( 'NONE',  ( 0.5999999999999998668, 0.9750000000000001998, -0.9000000000000000222 ) ) ;
#2283 = PLANE ( 'NONE',  #1683 ) ;
#2284 = AXIS2_PLACEMENT_3D ( 'NONE', #727, #1051, #1648 ) ;
#2285 = ORIENTED_EDGE ( 'NONE', *, *, #3094, .T. ) ;
#2286 = ORIENTED_EDGE ( 'NONE', *, *, #3450, .F. ) ;
#2287 = ADVANCED_FACE ( 'NONE', ( #1933 ), #2557, .F. ) ;
#2288 = EDGE_CURVE ( 'NONE', #2461, #1224, #833, .T. ) ;
#2289 = MECHANICAL_DESIGN_GEOMETRIC_PRESENTATION_REPRESENTATION (  '', ( #1277 ), #1642 ) ;
#2290 = ORIENTED_EDGE ( 'NONE', *, *, #627, .F. ) ;
#2291 = CARTESIAN_POINT ( 'NONE',  ( 0.5000000000000000000, 0.000000000000000000, 0.000000000000000000 ) ) ;
#2292 = FACE_OUTER_BOUND ( 'NONE', #2095, .T. ) ;
#2293 = LINE ( 'NONE', #352, #2572 ) ;
#2294 = LINE ( 'NONE', #927, #733 ) ;
#2295 = ORIENTED_EDGE ( 'NONE', *, *, #1045, .F. ) ;
#2296 = CARTESIAN_POINT ( 'NONE',  ( 2.754196010845019416, 0.000000000000000000, -0.9299999999999999378 ) ) ;
#2297 = DIRECTION ( 'NONE',  ( -0.000000000000000000, -0.000000000000000000, 1.000000000000000000 ) ) ;
#2298 = EDGE_CURVE ( 'NONE', #3666, #3651, #1319, .T. ) ;
#2299 = LINE ( 'NONE', #552, #2331 ) ;
#2300 = LINE ( 'NONE', #2500, #3576 ) ;
#2301 = ORIENTED_EDGE ( 'NONE', *, *, #969, .F. ) ;
#2302 = DIRECTION ( 'NONE',  ( 0.000000000000000000, -1.000000000000000000, 0.000000000000000000 ) ) ;
#2303 = EDGE_LOOP ( 'NONE', ( #2086, #242, #1878, #2529 ) ) ;
#2304 = LINE ( 'NONE', #3444, #2219 ) ;
#2305 = DIRECTION ( 'NONE',  ( -0.000000000000000000, 0.000000000000000000, 1.000000000000000000 ) ) ;
#2306 = EDGE_CURVE ( 'NONE', #850, #556, #876, .T. ) ;
#2307 = DIRECTION ( 'NONE',  ( -1.000000000000000000, 0.000000000000000000, -0.000000000000000000 ) ) ;
#2308 = CARTESIAN_POINT ( 'NONE',  ( 0.2458039891549806955, 1.000000000000000000, 0.000000000000000000 ) ) ;
#2309 = ORIENTED_EDGE ( 'NONE', *, *, #460, .T. ) ;
#2310 = DIRECTION ( 'NONE',  ( 1.000000000000000000, 0.000000000000000000, 0.000000000000000000 ) ) ;
#2311 = LINE ( 'NONE', #2045, #616 ) ;
#2312 = EDGE_CURVE ( 'NONE', #3038, #3386, #1263, .T. ) ;
#2313 = CYLINDRICAL_SURFACE ( 'NONE', #1747, 0.4250000000000000444 ) ;
#2314 = DIRECTION ( 'NONE',  ( -0.000000000000000000, -0.000000000000000000, 1.000000000000000000 ) ) ;
#2315 = EDGE_LOOP ( 'NONE', ( #754, #2639, #2810, #1709 ) ) ;
#2316 = CARTESIAN_POINT ( 'NONE',  ( 0.000000000000000000, 0.2458039891549808620, -0.9499999999999999556 ) ) ;
#2317 = ORIENTED_EDGE ( 'NONE', *, *, #2252, .F. ) ;
#2318 = LINE ( 'NONE', #2658, #74 ) ;
#2319 = VECTOR ( 'NONE', #1973, 1000.000000000000000 ) ;
#2320 = CARTESIAN_POINT ( 'NONE',  ( 1.202500000000000124, 0.5975000000000001421, 0.1700000000000000122 ) ) ;
#2321 = VECTOR ( 'NONE', #3383, 1000.000000000000000 ) ;
#2322 = DIRECTION ( 'NONE',  ( 0.000000000000000000, -1.000000000000000000, 0.000000000000000000 ) ) ;
#2323 = DIRECTION ( 'NONE',  ( 0.000000000000000000, -0.000000000000000000, -1.000000000000000000 ) ) ;
#2324 =( NAMED_UNIT ( * ) SI_UNIT ( $, .STERADIAN. ) SOLID_ANGLE_UNIT ( ) );
#2325 = EDGE_CURVE ( 'NONE', #748, #3137, #3381, .T. ) ;
#2326 = VECTOR ( 'NONE', #448, 1000.000000000000000 ) ;
#2327 = EDGE_CURVE ( 'NONE', #3386, #1787, #3131, .T. ) ;
#2328 = ORIENTED_EDGE ( 'NONE', *, *, #330, .T. ) ;
#2329 = CARTESIAN_POINT ( 'NONE',  ( 0.3720485754033532322, 0.000000000000000000, -0.9499999999999999556 ) ) ;
#2330 = VECTOR ( 'NONE', #1720, 1000.000000000000000 ) ;
#2331 = VECTOR ( 'NONE', #3423, 1000.000000000000000 ) ;
#2332 = VECTOR ( 'NONE', #2550, 1000.000000000000000 ) ;
#2333 = ORIENTED_EDGE ( 'NONE', *, *, #3605, .T. ) ;
#2334 = PLANE ( 'NONE',  #2563 ) ;
#2335 = EDGE_LOOP ( 'NONE', ( #510, #2671, #478, #2400, #579, #2495, #1847, #1969, #593, #3395 ) ) ;
#2336 = EDGE_CURVE ( 'NONE', #2069, #2071, #3362, .T. ) ;
#2337 = AXIS2_PLACEMENT_3D ( 'NONE', #1756, #597, #316 ) ;
#2338 = EDGE_LOOP ( 'NONE', ( #993, #3425, #2962, #3500 ) ) ;
#2339 = VECTOR ( 'NONE', #2145, 1000.000000000000000 ) ;
#2340 = CARTESIAN_POINT ( 'NONE',  ( 2.500000000000000000, 0.000000000000000000, 0.05000000000000000278 ) ) ;
#2341 = ORIENTED_EDGE ( 'NONE', *, *, #1659, .T. ) ;
#2342 = CARTESIAN_POINT ( 'NONE',  ( 1.200000000000000178, 0.000000000000000000, -0.9499999999999999556 ) ) ;
#2343 = CARTESIAN_POINT ( 'NONE',  ( 2.975000000000000089, 0.6316699867329622631, -0.9000000000000000222 ) ) ;
#2344 = STYLED_ITEM ( 'NONE', ( #587 ), #431 ) ;
#2345 = LINE ( 'NONE', #3200, #2923 ) ;
#2346 = LINE ( 'NONE', #2661, #3353 ) ;
#2347 = FACE_OUTER_BOUND ( 'NONE', #1893, .T. ) ;
#2348 = ORIENTED_EDGE ( 'NONE', *, *, #3628, .F. ) ;
#2349 = CARTESIAN_POINT ( 'NONE',  ( 1.100000000000000311, 1.000000000000000000, -0.9249999999999999334 ) ) ;
#2350 = CARTESIAN_POINT ( 'NONE',  ( 3.000000000000000000, 0.7694202430680359139, -0.9299999999999999378 ) ) ;
#2351 = CARTESIAN_POINT ( 'NONE',  ( 4.520541934738897627E-16, 0.2458039891549807510, -0.9000000000000000222 ) ) ;
#2352 = DIRECTION ( 'NONE',  ( -1.000000000000000000, 0.000000000000000000, -0.000000000000000000 ) ) ;
#2353 = EDGE_CURVE ( 'NONE', #3013, #889, #3660, .T. ) ;
#2354 = ORIENTED_EDGE ( 'NONE', *, *, #267, .F. ) ;
#2355 = VERTEX_POINT ( 'NONE', #2855 ) ;
#2356 = CARTESIAN_POINT ( 'NONE',  ( 3.050000000000000266, 1.050000000000000044, -0.9000000000000000222 ) ) ;
#2357 = VERTEX_POINT ( 'NONE', #271 ) ;
#2358 = LINE ( 'NONE', #64, #1870 ) ;
#2359 = DIRECTION ( 'NONE',  ( -0.000000000000000000, -0.000000000000000000, -1.000000000000000000 ) ) ;
#2360 = EDGE_CURVE ( 'NONE', #1644, #2411, #527, .T. ) ;
#2361 = CARTESIAN_POINT ( 'NONE',  ( 0.5000000000000001110, 1.355252715606880789E-16, 0.05000000000000000278 ) ) ;
#2362 = FACE_OUTER_BOUND ( 'NONE', #1341, .T. ) ;
#2363 = ORIENTED_EDGE ( 'NONE', *, *, #1293, .T. ) ;
#2364 = DIRECTION ( 'NONE',  ( 0.000000000000000000, 1.000000000000000000, 0.000000000000000000 ) ) ;
#2365 = CARTESIAN_POINT ( 'NONE',  ( 2.500000000000000000, 1.000000000000000000, 0.000000000000000000 ) ) ;
#2366 = CARTESIAN_POINT ( 'NONE',  ( 3.050000000000000266, -0.04999999999999991257, -0.9000000000000000222 ) ) ;
#2367 = UNCERTAINTY_MEASURE_WITH_UNIT (LENGTH_MEASURE( 1.000000000000000082E-05 ), #2756, 'distance_accuracy_value', 'NONE');
#2368 = LINE ( 'NONE', #2651, #3397 ) ;
#2369 = ORIENTED_EDGE ( 'NONE', *, *, #1516, .F. ) ;
#2370 = ORIENTED_EDGE ( 'NONE', *, *, #451, .F. ) ;
#2371 = EDGE_CURVE ( 'NONE', #1160, #3021, #549, .T. ) ;
#2372 = VERTEX_POINT ( 'NONE', #1416 ) ;
#2373 = FACE_OUTER_BOUND ( 'NONE', #1571, .T. ) ;
#2374 = CYLINDRICAL_SURFACE ( 'NONE', #1692, 0.05000000000000002359 ) ;
#2375 = ORIENTED_EDGE ( 'NONE', *, *, #3675, .T. ) ;
#2376 = LINE ( 'NONE', #152, #28 ) ;
#2377 = DIRECTION ( 'NONE',  ( 1.000000000000000000, 2.710505431213761085E-16, -0.000000000000000000 ) ) ;
#2378 = AXIS2_PLACEMENT_3D ( 'NONE', #2785, #1121, #2263 ) ;
#2379 = PLANE ( 'NONE',  #1163 ) ;
#2380 = EDGE_CURVE ( 'NONE', #1700, #3537, #480, .T. ) ;
#2381 = AXIS2_PLACEMENT_3D ( 'NONE', #2064, #3206, #30 ) ;
#2382 = ORIENTED_EDGE ( 'NONE', *, *, #3404, .T. ) ;
#2383 = FILL_AREA_STYLE ('',( #1018 ) ) ;
#2384 = PRESENTATION_STYLE_ASSIGNMENT (( #1259 ) ) ;
#2385 = AXIS2_PLACEMENT_3D ( 'NONE', #1298, #2421, #2133 ) ;
#2386 = PRODUCT_CONTEXT ( 'NONE', #679, 'mechanical' ) ;
#2387 = VECTOR ( 'NONE', #2272, 1000.000000000000000 ) ;
#2388 = DIRECTION ( 'NONE',  ( 0.000000000000000000, -1.000000000000000000, 0.000000000000000000 ) ) ;
#2389 = ORIENTED_EDGE ( 'NONE', *, *, #3060, .F. ) ;
#2390 = VECTOR ( 'NONE', #2843, 1000.000000000000000 ) ;
#2391 = VECTOR ( 'NONE', #1667, 1000.000000000000000 ) ;
#2392 = EDGE_LOOP ( 'NONE', ( #3535, #3259, #473, #1824 ) ) ;
#2393 = DIRECTION ( 'NONE',  ( 0.000000000000000000, 0.000000000000000000, 1.000000000000000000 ) ) ;
#2394 = AXIS2_PLACEMENT_3D ( 'NONE', #3371, #1382, #517 ) ;
#2395 = EDGE_CURVE ( 'NONE', #751, #494, #306, .T. ) ;
#2396 = EDGE_LOOP ( 'NONE', ( #2105, #1437, #1963, #3380 ) ) ;
#2397 = ADVANCED_FACE ( 'NONE', ( #2826 ), #3673, .F. ) ;
#2398 = DIRECTION ( 'NONE',  ( 0.000000000000000000, -0.000000000000000000, -1.000000000000000000 ) ) ;
#2399 = LINE ( 'NONE', #3364, #2165 ) ;
#2400 = ORIENTED_EDGE ( 'NONE', *, *, #3194, .F. ) ;
#2401 = ORIENTED_EDGE ( 'NONE', *, *, #2395, .F. ) ;
#2402 = VECTOR ( 'NONE', #1702, 1000.000000000000000 ) ;
#2403 = EDGE_CURVE ( 'NONE', #2069, #859, #603, .T. ) ;
#2404 = LINE ( 'NONE', #2078, #492 ) ;
#2405 = ORIENTED_EDGE ( 'NONE', *, *, #903, .F. ) ;
#2406 = CARTESIAN_POINT ( 'NONE',  ( 1.399999999999999911, 1.000000000000000000, -0.9499999999999999556 ) ) ;
#2407 = DIRECTION ( 'NONE',  ( -1.000000000000000000, 0.000000000000000000, 0.000000000000000000 ) ) ;
#2408 = EDGE_CURVE ( 'NONE', #2808, #1318, #356, .T. ) ;
#2409 = CARTESIAN_POINT ( 'NONE',  ( 0.5000000000000001110, 1.355252715606880789E-16, 0.000000000000000000 ) ) ;
#2410 = ORIENTED_EDGE ( 'NONE', *, *, #3208, .F. ) ;
#2411 = VERTEX_POINT ( 'NONE', #395 ) ;
#2412 = DIRECTION ( 'NONE',  ( -1.000000000000000000, 0.000000000000000000, 0.000000000000000000 ) ) ;
#2413 = ORIENTED_EDGE ( 'NONE', *, *, #606, .F. ) ;
#2414 = DIRECTION ( 'NONE',  ( -0.000000000000000000, -0.000000000000000000, 1.000000000000000000 ) ) ;
#2415 = FACE_OUTER_BOUND ( 'NONE', #3075, .T. ) ;
#2416 = ORIENTED_EDGE ( 'NONE', *, *, #418, .T. ) ;
#2417 = DIRECTION ( 'NONE',  ( -0.000000000000000000, 0.000000000000000000, 1.000000000000000000 ) ) ;
#2418 = CARTESIAN_POINT ( 'NONE',  ( -0.04999999999999965583, -0.04999999999999991257, -0.9299999999999999378 ) ) ;
#2419 = EDGE_CURVE ( 'NONE', #2266, #983, #2738, .T. ) ;
#2420 = ORIENTED_EDGE ( 'NONE', *, *, #836, .F. ) ;
#2421 = DIRECTION ( 'NONE',  ( 0.000000000000000000, 1.000000000000000000, 0.000000000000000000 ) ) ;
#2422 = DIRECTION ( 'NONE',  ( 1.000000000000000000, -0.000000000000000000, -0.000000000000000000 ) ) ;
#2423 = EDGE_CURVE ( 'NONE', #2476, #447, #654, .T. ) ;
#2424 = DIRECTION ( 'NONE',  ( -0.000000000000000000, -0.000000000000000000, 1.000000000000000000 ) ) ;
#2425 = ORIENTED_EDGE ( 'NONE', *, *, #811, .F. ) ;
#2426 = EDGE_CURVE ( 'NONE', #2642, #218, #92, .T. ) ;
#2427 = ORIENTED_EDGE ( 'NONE', *, *, #1066, .T. ) ;
#2428 = DIRECTION ( 'NONE',  ( -0.000000000000000000, -0.000000000000000000, 1.000000000000000000 ) ) ;
#2429 = ORIENTED_EDGE ( 'NONE', *, *, #72, .T. ) ;
#2430 = DIRECTION ( 'NONE',  ( -1.000000000000000000, 0.000000000000000000, 0.000000000000000000 ) ) ;
#2431 = DIRECTION ( 'NONE',  ( -0.000000000000000000, -0.000000000000000000, -1.000000000000000000 ) ) ;
#2432 = ORIENTED_EDGE ( 'NONE', *, *, #2124, .T. ) ;
#2433 = CARTESIAN_POINT ( 'NONE',  ( -0.05000000000000012768, -0.04999999999999991257, -0.9499999999999999556 ) ) ;
#2434 =( GEOMETRIC_REPRESENTATION_CONTEXT ( 3 ) GLOBAL_UNCERTAINTY_ASSIGNED_CONTEXT ( ( #466 ) ) GLOBAL_UNIT_ASSIGNED_CONTEXT ( ( #1249, #2604, #2674 ) ) REPRESENTATION_CONTEXT ( 'NONE', 'WORKASPACE' ) );
#2435 = ORIENTED_EDGE ( 'NONE', *, *, #2280, .T. ) ;
#2436 = LINE ( 'NONE', #2665, #3040 ) ;
#2437 = ADVANCED_FACE ( 'NONE', ( #1485 ), #2599, .F. ) ;
#2438 = DIRECTION ( 'NONE',  ( -0.000000000000000000, -0.000000000000000000, 1.000000000000000000 ) ) ;
#2439 = EDGE_CURVE ( 'NONE', #91, #748, #326, .T. ) ;
#2440 = AXIS2_PLACEMENT_3D ( 'NONE', #1970, #3099, #1695 ) ;
#2441 = FACE_OUTER_BOUND ( 'NONE', #966, .T. ) ;
#2442 = VECTOR ( 'NONE', #2137, 1000.000000000000000 ) ;
#2443 = VERTEX_POINT ( 'NONE', #1500 ) ;
#2444 = EDGE_LOOP ( 'NONE', ( #526, #2405, #1521, #3291 ) ) ;
#2445 = AXIS2_PLACEMENT_3D ( 'NONE', #2968, #752, #1330 ) ;
#2446 = CARTESIAN_POINT ( 'NONE',  ( 0.5000000000000000000, 1.000000000000000000, 0.05000000000000000278 ) ) ;
#2447 = VERTEX_POINT ( 'NONE', #76 ) ;
#2448 = CARTESIAN_POINT ( 'NONE',  ( 0.5000000000000000000, 0.000000000000000000, 0.05000000000000000278 ) ) ;
#2449 = VECTOR ( 'NONE', #804, 1000.000000000000000 ) ;
#2450 = CARTESIAN_POINT ( 'NONE',  ( 0.5999999999999998668, 0.9750000000000001998, -0.9499999999999999556 ) ) ;
#2451 = VECTOR ( 'NONE', #3547, 1000.000000000000000 ) ;
#2452 = EDGE_LOOP ( 'NONE', ( #2672, #759, #3645, #1850 ) ) ;
#2453 = CIRCLE ( 'NONE', #488, 0.2999999999999999334 ) ;
#2454 = CARTESIAN_POINT ( 'NONE',  ( 1.500000000000000000, 0.000000000000000000, 0.05000000000000012768 ) ) ;
#2455 = CARTESIAN_POINT ( 'NONE',  ( 1.497500000000000053, 0.2975000000000002642, 0.1700000000000000122 ) ) ;
#2456 = VECTOR ( 'NONE', #712, 1000.000000000000000 ) ;
#2457 = VECTOR ( 'NONE', #824, 1000.000000000000000 ) ;
#2458 = MECHANICAL_DESIGN_GEOMETRIC_PRESENTATION_REPRESENTATION (  '', ( #3595 ), #2587 ) ;
#2459 = SURFACE_SIDE_STYLE ('',( #2984 ) ) ;
#2460 = DIRECTION ( 'NONE',  ( -0.000000000000000000, -0.000000000000000000, -1.000000000000000000 ) ) ;
#2461 = VERTEX_POINT ( 'NONE', #2296 ) ;
#2462 = CARTESIAN_POINT ( 'NONE',  ( 0.3720485754033532322, 0.000000000000000000, -0.9000000000000000222 ) ) ;
#2463 = FACE_OUTER_BOUND ( 'NONE', #2773, .T. ) ;
#2464 = LINE ( 'NONE', #2231, #3350 ) ;
#2465 = ORIENTED_EDGE ( 'NONE', *, *, #2327, .T. ) ;
#2466 = ADVANCED_FACE ( 'NONE', ( #2878 ), #2081, .F. ) ;
#2467 = DIRECTION ( 'NONE',  ( 1.000000000000000000, 0.000000000000000000, 0.000000000000000000 ) ) ;
#2468 = ORIENTED_EDGE ( 'NONE', *, *, #3177, .F. ) ;
#2469 = CARTESIAN_POINT ( 'NONE',  ( 3.000000000000000000, 0.2458039891549808620, -0.9000000000000000222 ) ) ;
#2470 = ORIENTED_EDGE ( 'NONE', *, *, #1084, .F. ) ;
#2471 = CARTESIAN_POINT ( 'NONE',  ( 0.02499999999999968914, -1.069824189566440938E-17, -0.9000000000000000222 ) ) ;
#2472 = SURFACE_SIDE_STYLE ('',( #1085 ) ) ;
#2473 = DIRECTION ( 'NONE',  ( -1.000000000000000000, -0.000000000000000000, -0.000000000000000000 ) ) ;
#2474 = CARTESIAN_POINT ( 'NONE',  ( 1.399999999999999911, 0.000000000000000000, -0.9499999999999999556 ) ) ;
#2475 = CARTESIAN_POINT ( 'NONE',  ( 0.5999999999999998668, 0.000000000000000000, -0.9499999999999999556 ) ) ;
#2476 = VERTEX_POINT ( 'NONE', #639 ) ;
#2477 = DIRECTION ( 'NONE',  ( 0.000000000000000000, -1.000000000000000000, 0.000000000000000000 ) ) ;
#2478 = CARTESIAN_POINT ( 'NONE',  ( 0.000000000000000000, 0.000000000000000000, -0.9000000000000000222 ) ) ;
#2479 = DIRECTION ( 'NONE',  ( -1.000000000000000000, 0.000000000000000000, 0.000000000000000000 ) ) ;
#2480 = ORIENTED_EDGE ( 'NONE', *, *, #304, .T. ) ;
#2481 = CARTESIAN_POINT ( 'NONE',  ( 1.399999999999999911, 0.000000000000000000, -0.9499999999999999556 ) ) ;
#2482 = ORIENTED_EDGE ( 'NONE', *, *, #725, .F. ) ;
#2483 = CARTESIAN_POINT ( 'NONE',  ( 0.5999999999999998668, 0.2250000000000000056, -0.9499999999999999556 ) ) ;
#2484 = EDGE_LOOP ( 'NONE', ( #386, #367, #539, #1805 ) ) ;
#2485 = PLANE ( 'NONE',  #2938 ) ;
#2486 = EDGE_CURVE ( 'NONE', #3117, #1939, #890, .T. ) ;
#2487 = FILL_AREA_STYLE_COLOUR ( '', #678 ) ;
#2488 = DIRECTION ( 'NONE',  ( -1.000000000000000000, 0.000000000000000000, -0.000000000000000000 ) ) ;
#2489 = DIRECTION ( 'NONE',  ( 1.000000000000000000, 0.000000000000000000, 0.000000000000000000 ) ) ;
#2490 = VERTEX_POINT ( 'NONE', #2329 ) ;
#2491 = CARTESIAN_POINT ( 'NONE',  ( -0.05000000000000012768, 1.050000000000000044, -0.9000000000000000222 ) ) ;
#2492 = LINE ( 'NONE', #769, #441 ) ;
#2493 = ORIENTED_EDGE ( 'NONE', *, *, #904, .T. ) ;
#2494 = CARTESIAN_POINT ( 'NONE',  ( -0.05000000000000012768, 1.050000000000000044, -0.9000000000000000222 ) ) ;
#2495 = ORIENTED_EDGE ( 'NONE', *, *, #397, .T. ) ;
#2496 = AXIS2_PLACEMENT_3D ( 'NONE', #1303, #161, #3026 ) ;
#2497 = PLANE ( 'NONE',  #793 ) ;
#2498 = ORIENTED_EDGE ( 'NONE', *, *, #2083, .F. ) ;
#2499 = VECTOR ( 'NONE', #3619, 1000.000000000000000 ) ;
#2500 = CARTESIAN_POINT ( 'NONE',  ( 0.000000000000000000, 0.000000000000000000, 0.05000000000000000278 ) ) ;
#2501 = EDGE_CURVE ( 'NONE', #1658, #556, #2930, .T. ) ;
#2502 = ORIENTED_EDGE ( 'NONE', *, *, #2924, .T. ) ;
#2503 = CARTESIAN_POINT ( 'NONE',  ( 1.399999999999999911, 0.9750000000000001998, -0.9499999999999999556 ) ) ;
#2504 = ORIENTED_EDGE ( 'NONE', *, *, #1070, .T. ) ;
#2505 = FACE_OUTER_BOUND ( 'NONE', #2315, .T. ) ;
#2506 = CIRCLE ( 'NONE', #1739, 0.4250000000000000444 ) ;
#2507 = EDGE_CURVE ( 'NONE', #1027, #1829, #1528, .T. ) ;
#2508 = LINE ( 'NONE', #2017, #3475 ) ;
#2509 = AXIS2_PLACEMENT_3D ( 'NONE', #2160, #2729, #1080 ) ;
#2510 = EDGE_CURVE ( 'NONE', #772, #816, #3452, .T. ) ;
#2511 = ORIENTED_EDGE ( 'NONE', *, *, #2312, .T. ) ;
#2512 = FACE_OUTER_BOUND ( 'NONE', #2972, .T. ) ;
#2513 = DIRECTION ( 'NONE',  ( 1.000000000000000000, 0.000000000000000000, 0.000000000000000000 ) ) ;
#2514 = VECTOR ( 'NONE', #197, 1000.000000000000000 ) ;
#2515 = CIRCLE ( 'NONE', #2991, 1.000000000000000000 ) ;
#2516 = EDGE_CURVE ( 'NONE', #302, #278, #2043, .T. ) ;
#2517 = LINE ( 'NONE', #2795, #3520 ) ;
#2518 = VECTOR ( 'NONE', #2628, 1000.000000000000000 ) ;
#2519 = FILL_AREA_STYLE ('',( #1391 ) ) ;
#2520 = AXIS2_PLACEMENT_3D ( 'NONE', #1143, #612, #1754 ) ;
#2521 = ORIENTED_EDGE ( 'NONE', *, *, #2542, .F. ) ;
#2522 = DIRECTION ( 'NONE',  ( 0.000000000000000000, 0.000000000000000000, 1.000000000000000000 ) ) ;
#2523 = CARTESIAN_POINT ( 'NONE',  ( -7.448297150300491101E-17, 0.5500000000000002665, -0.9000000000000000222 ) ) ;
#2524 = PRESENTATION_LAYER_ASSIGNMENT (  '', '', ( #436 ) ) ;
#2525 = EDGE_CURVE ( 'NONE', #3347, #1302, #2743, .T. ) ;
#2526 = LINE ( 'NONE', #1726, #557 ) ;
#2527 = ORIENTED_EDGE ( 'NONE', *, *, #462, .T. ) ;
#2528 = CARTESIAN_POINT ( 'NONE',  ( 1.100000000000000311, 0.4500000000000001776, -0.9249999999999999334 ) ) ;
#2529 = ORIENTED_EDGE ( 'NONE', *, *, #3266, .T. ) ;
#2530 = CARTESIAN_POINT ( 'NONE',  ( 0.000000000000000000, 0.000000000000000000, 0.05000000000000000278 ) ) ;
#2531 = ORIENTED_EDGE ( 'NONE', *, *, #2175, .F. ) ;
#2532 = CYLINDRICAL_SURFACE ( 'NONE', #2859, 1.000000000000000000 ) ;
#2533 = ORIENTED_EDGE ( 'NONE', *, *, #735, .T. ) ;
#2534 = DIRECTION ( 'NONE',  ( 1.000000000000000000, 0.000000000000000000, 0.000000000000000000 ) ) ;
#2535 = EDGE_CURVE ( 'NONE', #2660, #2443, #623, .T. ) ;
#2536 = LINE ( 'NONE', #2256, #312 ) ;
#2537 = DIRECTION ( 'NONE',  ( -1.000000000000000000, 0.000000000000000000, 0.000000000000000000 ) ) ;
#2538 = EDGE_CURVE ( 'NONE', #3370, #507, #2096, .T. ) ;
#2539 = ORIENTED_EDGE ( 'NONE', *, *, #3635, .F. ) ;
#2540 = CARTESIAN_POINT ( 'NONE',  ( -0.04999999999999965583, -0.04999999999999991257, -0.9299999999999999378 ) ) ;
#2541 = CARTESIAN_POINT ( 'NONE',  ( 0.5000000000000000000, 0.4000000000000000222, 0.05000000000000000278 ) ) ;
#2542 = EDGE_CURVE ( 'NONE', #2710, #3254, #1763, .T. ) ;
#2543 = DIRECTION ( 'NONE',  ( -0.000000000000000000, -0.000000000000000000, 1.000000000000000000 ) ) ;
#2544 = DIRECTION ( 'NONE',  ( -0.000000000000000000, 0.000000000000000000, 1.000000000000000000 ) ) ;
#2545 = EDGE_LOOP ( 'NONE', ( #1409, #410, #1142, #100, #1396, #572, #967, #2581, #2521, #400 ) ) ;
#2546 = EDGE_CURVE ( 'NONE', #2978, #2993, #340, .T. ) ;
#2547 = ORIENTED_EDGE ( 'NONE', *, *, #2312, .F. ) ;
#2548 = DIRECTION ( 'NONE',  ( -0.000000000000000000, 0.000000000000000000, 1.000000000000000000 ) ) ;
#2549 = VERTEX_POINT ( 'NONE', #169 ) ;
#2550 = DIRECTION ( 'NONE',  ( -0.000000000000000000, -0.000000000000000000, 1.000000000000000000 ) ) ;
#2551 = DIRECTION ( 'NONE',  ( -1.000000000000000000, 4.279296758265816631E-16, 0.000000000000000000 ) ) ;
#2552 = ADVANCED_FACE ( 'NONE', ( #1836 ), #732, .T. ) ;
#2553 = CARTESIAN_POINT ( 'NONE',  ( 0.000000000000000000, 0.2458039891549808620, -0.9000000000000000222 ) ) ;
#2554 =( NAMED_UNIT ( * ) PLANE_ANGLE_UNIT ( ) SI_UNIT ( $, .RADIAN. ) );
#2555 = EDGE_CURVE ( 'NONE', #1230, #3341, #2436, .T. ) ;
#2556 = ORIENTED_EDGE ( 'NONE', *, *, #2652, .T. ) ;
#2557 = PLANE ( 'NONE',  #361 ) ;
#2558 = ADVANCED_FACE ( 'NONE', ( #2736 ), #1281, .T. ) ;
#2559 = FILL_AREA_STYLE ('',( #604 ) ) ;
#2560 = CARTESIAN_POINT ( 'NONE',  ( 0.9975000000000001643, 0.8025000000000003242, 0.000000000000000000 ) ) ;
#2561 = CARTESIAN_POINT ( 'NONE',  ( 0.3720485754033532322, 1.000000000000000000, -0.9499999999999999556 ) ) ;
#2562 = CLOSED_SHELL ( 'NONE', ( #1543, #1978, #2094, #584, #2111, #3342, #1634, #3525, #524, #3127 ) ) ;
#2563 = AXIS2_PLACEMENT_3D ( 'NONE', #1531, #328, #2100 ) ;
#2564 = ORIENTED_EDGE ( 'NONE', *, *, #1610, .T. ) ;
#2565 = ORIENTED_EDGE ( 'NONE', *, *, #310, .F. ) ;
#2566 = AXIS2_PLACEMENT_3D ( 'NONE', #1300, #2424, #1022 ) ;
#2567 = DIRECTION ( 'NONE',  ( -1.000000000000000000, 0.000000000000000000, 0.000000000000000000 ) ) ;
#2568 = ORIENTED_EDGE ( 'NONE', *, *, #996, .F. ) ;
#2569 = CIRCLE ( 'NONE', #368, 0.2999999999999999889 ) ;
#2570 = DIRECTION ( 'NONE',  ( 0.000000000000000000, -0.000000000000000000, 1.000000000000000000 ) ) ;
#2571 = CARTESIAN_POINT ( 'NONE',  ( -6.776263578034400247E-17, 0.4500000000000002331, -0.9249999999999999334 ) ) ;
#2572 = VECTOR ( 'NONE', #24, 1000.000000000000000 ) ;
#2573 = ORIENTED_EDGE ( 'NONE', *, *, #1133, .T. ) ;
#2574 = DIRECTION ( 'NONE',  ( -0.000000000000000000, 0.000000000000000000, 1.000000000000000000 ) ) ;
#2575 = FACE_OUTER_BOUND ( 'NONE', #475, .T. ) ;
#2576 = AXIS2_PLACEMENT_3D ( 'NONE', #1243, #398, #1545 ) ;
#2577 = VECTOR ( 'NONE', #41, 1000.000000000000000 ) ;
#2578 = EDGE_CURVE ( 'NONE', #3038, #1541, #3034, .T. ) ;
#2579 = COLOUR_RGB ( '',0.000000000000000000, 0.7529411764705882248, 0.000000000000000000 ) ;
#2580 = CIRCLE ( 'NONE', #1037, 0.2999999999999999334 ) ;
#2581 = ORIENTED_EDGE ( 'NONE', *, *, #1948, .T. ) ;
#2582 = CARTESIAN_POINT ( 'NONE',  ( 3.050000000000000266, 1.050000000000000044, -0.9499999999999999556 ) ) ;
#2583 = PRESENTATION_STYLE_ASSIGNMENT (( #1188 ) ) ;
#2584 = VECTOR ( 'NONE', #3521, 1000.000000000000000 ) ;
#2585 = DIRECTION ( 'NONE',  ( 0.000000000000000000, 0.000000000000000000, 1.000000000000000000 ) ) ;
#2586 = LINE ( 'NONE', #513, #1498 ) ;
#2587 =( GEOMETRIC_REPRESENTATION_CONTEXT ( 3 ) GLOBAL_UNCERTAINTY_ASSIGNED_CONTEXT ( ( #3378 ) ) GLOBAL_UNIT_ASSIGNED_CONTEXT ( ( #3485, #648, #1520 ) ) REPRESENTATION_CONTEXT ( 'NONE', 'WORKASPACE' ) );
#2588 = ORIENTED_EDGE ( 'NONE', *, *, #2016, .T. ) ;
#2589 = CIRCLE ( 'NONE', #1465, 0.2999999999999999889 ) ;
#2590 = EDGE_CURVE ( 'NONE', #1060, #3672, #110, .T. ) ;
#2591 = CARTESIAN_POINT ( 'NONE',  ( 2.627951424596646657, 0.000000000000000000, -0.9499999999999999556 ) ) ;
#2592 = VERTEX_POINT ( 'NONE', #1035 ) ;
#2593 = CARTESIAN_POINT ( 'NONE',  ( 1.702500000000000124, 0.5025000000000002798, 0.1700000000000000122 ) ) ;
#2594 = LINE ( 'NONE', #1182, #2218 ) ;
#2595 = CYLINDRICAL_SURFACE ( 'NONE', #662, 0.2850000000000000866 ) ;
#2596 = DIRECTION ( 'NONE',  ( 1.000000000000000000, 0.000000000000000000, 0.000000000000000000 ) ) ;
#2597 = EDGE_CURVE ( 'NONE', #228, #91, #711, .T. ) ;
#2598 = ORIENTED_EDGE ( 'NONE', *, *, #2423, .T. ) ;
#2599 = CYLINDRICAL_SURFACE ( 'NONE', #909, 0.2999999999999999334 ) ;
#2600 = CYLINDRICAL_SURFACE ( 'NONE', #3167, 0.4249999999999998779 ) ;
#2601 = CARTESIAN_POINT ( 'NONE',  ( 1.600000000000000089, 1.000000000000000000, -0.9499999999999999556 ) ) ;
#2602 = CARTESIAN_POINT ( 'NONE',  ( 0.6999999999999998446, 1.000000000000000000, -0.9000000000000000222 ) ) ;
#2603 = ORIENTED_EDGE ( 'NONE', *, *, #1547, .F. ) ;
#2604 =( NAMED_UNIT ( * ) PLANE_ANGLE_UNIT ( ) SI_UNIT ( $, .RADIAN. ) );
#2605 = EDGE_CURVE ( 'NONE', #3551, #1421, #1608, .T. ) ;
#2606 = ORIENTED_EDGE ( 'NONE', *, *, #2605, .F. ) ;
#2607 = EDGE_CURVE ( 'NONE', #1663, #1230, #2569, .T. ) ;
#2608 = CARTESIAN_POINT ( 'NONE',  ( 0.3000000000000000999, 0.7500000000000000000, 0.000000000000000000 ) ) ;
#2609 = DIRECTION ( 'NONE',  ( 1.000000000000000000, 0.000000000000000000, 0.000000000000000000 ) ) ;
#2610 = ORIENTED_EDGE ( 'NONE', *, *, #1350, .T. ) ;
#2611 = DIRECTION ( 'NONE',  ( 1.000000000000000000, 0.000000000000000000, -0.000000000000000000 ) ) ;
#2612 = CARTESIAN_POINT ( 'NONE',  ( 1.100000000000000311, 1.000000000000000000, -0.9249999999999999334 ) ) ;
#2613 = CARTESIAN_POINT ( 'NONE',  ( 0.000000000000000000, 0.6279514245966467678, -0.9499999999999999556 ) ) ;
#2614 = VERTEX_POINT ( 'NONE', #2722 ) ;
#2615 = DIRECTION ( 'NONE',  ( -0.000000000000000000, -0.000000000000000000, 1.000000000000000000 ) ) ;
#2616 = DIRECTION ( 'NONE',  ( -0.000000000000000000, -0.000000000000000000, 1.000000000000000000 ) ) ;
#2617 = CARTESIAN_POINT ( 'NONE',  ( 0.000000000000000000, 0.000000000000000000, -0.9499999999999999556 ) ) ;
#2618 = ORIENTED_EDGE ( 'NONE', *, *, #1293, .F. ) ;
#2619 = CLOSED_SHELL ( 'NONE', ( #1271, #571, #3086, #2650, #1337, #3474, #1412, #2267, #2558, #2856, #545, #17, #532, #1788, #153, #3217, #1402, #3298, #1786, #2663, #3563, #2031, #2552, #2837, #825, #2699, #1386, #2977, #1494, #1883, #1086, #3434, #961, #626 ) ) ;
#2620 = ORIENTED_EDGE ( 'NONE', *, *, #3457, .T. ) ;
#2621 = DIRECTION ( 'NONE',  ( 1.000000000000000000, 0.000000000000000000, 0.000000000000000000 ) ) ;
#2622 = AXIS2_PLACEMENT_3D ( 'NONE', #309, #1104, #2233 ) ;
#2623 = CARTESIAN_POINT ( 'NONE',  ( 0.9975000000000001643, 0.8025000000000003242, 0.000000000000000000 ) ) ;
#2624 = EDGE_CURVE ( 'NONE', #173, #198, #1904, .T. ) ;
#2625 = VECTOR ( 'NONE', #3083, 1000.000000000000000 ) ;
#2626 = CIRCLE ( 'NONE', #3578, 0.4250000000000000444 ) ;
#2627 = CARTESIAN_POINT ( 'NONE',  ( 0.000000000000000000, 0.000000000000000000, -0.9499999999999999556 ) ) ;
#2628 = DIRECTION ( 'NONE',  ( -1.000000000000000000, 0.000000000000000000, 0.000000000000000000 ) ) ;
#2629 = DIRECTION ( 'NONE',  ( -1.000000000000000000, 0.000000000000000000, -0.000000000000000000 ) ) ;
#2630 = EDGE_CURVE ( 'NONE', #2689, #3679, #984, .T. ) ;
#2631 = ORIENTED_EDGE ( 'NONE', *, *, #498, .F. ) ;
#2632 = CARTESIAN_POINT ( 'NONE',  ( 3.050000000000000266, 1.050000000000000044, -0.9000000000000000222 ) ) ;
#2633 = VECTOR ( 'NONE', #3625, 1000.000000000000000 ) ;
#2634 = LINE ( 'NONE', #985, #1099 ) ;
#2635 = VECTOR ( 'NONE', #1418, 1000.000000000000000 ) ;
#2636 = LINE ( 'NONE', #343, #3634 ) ;
#2637 = ORIENTED_EDGE ( 'NONE', *, *, #2546, .F. ) ;
#2638 = VECTOR ( 'NONE', #1517, 1000.000000000000000 ) ;
#2639 = ORIENTED_EDGE ( 'NONE', *, *, #1133, .F. ) ;
#2640 = AXIS2_PLACEMENT_3D ( 'NONE', #3221, #2110, #1254 ) ;
#2641 = DIRECTION ( 'NONE',  ( -1.000000000000000000, 0.000000000000000000, 0.000000000000000000 ) ) ;
#2642 = VERTEX_POINT ( 'NONE', #1542 ) ;
#2643 = LINE ( 'NONE', #632, #2638 ) ;
#2644 = LINE ( 'NONE', #3182, #3161 ) ;
#2645 =( LENGTH_UNIT ( ) NAMED_UNIT ( * ) SI_UNIT ( .MILLI., .METRE. ) );
#2646 = DIRECTION ( 'NONE',  ( -1.000000000000000000, 0.000000000000000000, 0.000000000000000000 ) ) ;
#2647 = ORIENTED_EDGE ( 'NONE', *, *, #3656, .F. ) ;
#2648 = DIRECTION ( 'NONE',  ( 1.000000000000000000, -0.000000000000000000, -0.000000000000000000 ) ) ;
#2649 = DIRECTION ( 'NONE',  ( -1.000000000000000000, 5.288791085295141560E-16, -0.000000000000000000 ) ) ;
#2650 = ADVANCED_FACE ( 'NONE', ( #1054 ), #1887, .F. ) ;
#2651 = CARTESIAN_POINT ( 'NONE',  ( 2.498749217771908615, 1.000000000000000000, 0.000000000000000000 ) ) ;
#2652 = EDGE_CURVE ( 'NONE', #1876, #1421, #3263, .T. ) ;
#2653 = ORIENTED_EDGE ( 'NONE', *, *, #1231, .F. ) ;
#2654 = MANIFOLD_SOLID_BREP ( '除料-伸長1', #2562 ) ;
#2655 = ORIENTED_EDGE ( 'NONE', *, *, #21, .F. ) ;
#2656 = CARTESIAN_POINT ( 'NONE',  ( 2.400000000000000355, 0.9750000000000001998, -0.9499999999999999556 ) ) ;
#2657 = ORIENTED_EDGE ( 'NONE', *, *, #2439, .F. ) ;
#2658 = CARTESIAN_POINT ( 'NONE',  ( 0.000000000000000000, 0.000000000000000000, 0.000000000000000000 ) ) ;
#2659 = DIRECTION ( 'NONE',  ( 0.000000000000000000, 0.000000000000000000, -1.000000000000000000 ) ) ;
#2660 = VERTEX_POINT ( 'NONE', #2474 ) ;
#2661 = CARTESIAN_POINT ( 'NONE',  ( 1.100000000000000311, 1.000000000000000000, -0.9000000000000000222 ) ) ;
#2662 = CARTESIAN_POINT ( 'NONE',  ( 2.975000000000000089, 0.3683300132670376814, -0.9000000000000000222 ) ) ;
#2663 = ADVANCED_FACE ( 'NONE', ( #568 ), #3019, .F. ) ;
#2664 = ORIENTED_EDGE ( 'NONE', *, *, #938, .T. ) ;
#2665 = CARTESIAN_POINT ( 'NONE',  ( 0.2458039891549806955, 1.000000000000000000, -0.9499999999999999556 ) ) ;
#2666 = SURFACE_SIDE_STYLE ('',( #2953 ) ) ;
#2667 = APPLICATION_PROTOCOL_DEFINITION ( 'draft international standard', 'automotive_design', 1998, #679 ) ;
#2668 = PRODUCT_RELATED_PRODUCT_CATEGORY ( 'part', '', ( #2882 ) ) ;
#2669 = ADVANCED_FACE ( 'NONE', ( #247 ), #543, .T. ) ;
#2670 = LINE ( 'NONE', #1612, #365 ) ;
#2671 = ORIENTED_EDGE ( 'NONE', *, *, #3608, .F. ) ;
#2672 = ORIENTED_EDGE ( 'NONE', *, *, #1768, .F. ) ;
#2673 = EDGE_CURVE ( 'NONE', #507, #1316, #2517, .T. ) ;
#2674 =( NAMED_UNIT ( * ) SI_UNIT ( $, .STERADIAN. ) SOLID_ANGLE_UNIT ( ) );
#2675 = ORIENTED_EDGE ( 'NONE', *, *, #3163, .T. ) ;
#2676 = CARTESIAN_POINT ( 'NONE',  ( 0.000000000000000000, 0.000000000000000000, -0.9499999999999999556 ) ) ;
#2677 = CARTESIAN_POINT ( 'NONE',  ( -0.05000000000000012768, 1.050000000000000044, -0.9499999999999999556 ) ) ;
#2678 = VERTEX_POINT ( 'NONE', #2759 ) ;
#2679 = FILL_AREA_STYLE ('',( #3519 ) ) ;
#2680 = AXIS2_PLACEMENT_3D ( 'NONE', #2070, #3536, #2054 ) ;
#2681 = PLANE ( 'NONE',  #977 ) ;
#2682 = VECTOR ( 'NONE', #2027, 1000.000000000000000 ) ;
#2683 = ORIENTED_EDGE ( 'NONE', *, *, #2950, .T. ) ;
#2684 = CARTESIAN_POINT ( 'NONE',  ( 0.000000000000000000, 0.000000000000000000, 0.05000000000000000278 ) ) ;
#2685 = VECTOR ( 'NONE', #2895, 1000.000000000000000 ) ;
#2686 =( NAMED_UNIT ( * ) SI_UNIT ( $, .STERADIAN. ) SOLID_ANGLE_UNIT ( ) );
#2687 = CIRCLE ( 'NONE', #1509, 1.000000000000000000 ) ;
#2688 = DIRECTION ( 'NONE',  ( -1.000000000000000000, 0.000000000000000000, 0.000000000000000000 ) ) ;
#2689 = VERTEX_POINT ( 'NONE', #1390 ) ;
#2690 = AXIS2_PLACEMENT_3D ( 'NONE', #2366, #1261, #2136 ) ;
#2691 = AXIS2_PLACEMENT_3D ( 'NONE', #154, #3202, #1296 ) ;
#2692 = ORIENTED_EDGE ( 'NONE', *, *, #148, .T. ) ;
#2693 = CARTESIAN_POINT ( 'NONE',  ( 0.000000000000000000, 0.9750000000000001998, -0.9000000000000000222 ) ) ;
#2694 = VECTOR ( 'NONE', #1799, 1000.000000000000000 ) ;
#2695 = VECTOR ( 'NONE', #2182, 1000.000000000000000 ) ;
#2696 = ORIENTED_EDGE ( 'NONE', *, *, #1632, .F. ) ;
#2697 = LINE ( 'NONE', #1290, #1565 ) ;
#2698 = PLANE ( 'NONE',  #3591 ) ;
#2699 = ADVANCED_FACE ( 'NONE', ( #1967 ), #2839, .F. ) ;
#2700 = ORIENTED_EDGE ( 'NONE', *, *, #2924, .F. ) ;
#2701 = DIRECTION ( 'NONE',  ( 0.000000000000000000, 1.000000000000000000, 0.000000000000000000 ) ) ;
#2702 = VECTOR ( 'NONE', #1717, 1000.000000000000000 ) ;
#2703 = LINE ( 'NONE', #3559, #1095 ) ;
#2704 = EDGE_CURVE ( 'NONE', #751, #3666, #1707, .T. ) ;
#2705 = ORIENTED_EDGE ( 'NONE', *, *, #288, .F. ) ;
#2706 =( NAMED_UNIT ( * ) SI_UNIT ( $, .STERADIAN. ) SOLID_ANGLE_UNIT ( ) );
#2707 = CARTESIAN_POINT ( 'NONE',  ( 1.399999999999999911, 0.000000000000000000, -0.9000000000000000222 ) ) ;
#2708 = DIRECTION ( 'NONE',  ( 0.000000000000000000, 0.000000000000000000, -1.000000000000000000 ) ) ;
#2709 = ADVANCED_FACE ( 'NONE', ( #3114 ), #1132, .T. ) ;
#2710 = VERTEX_POINT ( 'NONE', #1414 ) ;
#2711 = ORIENTED_EDGE ( 'NONE', *, *, #1008, .T. ) ;
#2712 = CARTESIAN_POINT ( 'NONE',  ( 0.3500000000000000888, 0.2500000000000000000, 0.05000000000000000278 ) ) ;
#2713 = ORIENTED_EDGE ( 'NONE', *, *, #1547, .T. ) ;
#2714 = DIRECTION ( 'NONE',  ( -1.000000000000000000, 0.000000000000000000, 0.000000000000000000 ) ) ;
#2715 = CYLINDRICAL_SURFACE ( 'NONE', #798, 0.2999999999999999889 ) ;
#2716 = ORIENTED_EDGE ( 'NONE', *, *, #3153, .F. ) ;
#2717 = EDGE_CURVE ( 'NONE', #401, #3270, #2506, .T. ) ;
#2718 = LINE ( 'NONE', #2001, #1578 ) ;
#2719 = EDGE_CURVE ( 'NONE', #3015, #2357, #2243, .T. ) ;
#2720 = DIRECTION ( 'NONE',  ( -0.000000000000000000, -0.000000000000000000, 1.000000000000000000 ) ) ;
#2721 = ORIENTED_EDGE ( 'NONE', *, *, #52, .T. ) ;
#2722 = CARTESIAN_POINT ( 'NONE',  ( 2.631669986732962485, 0.9750000000000001998, -0.9499999999999999556 ) ) ;
#2723 = CARTESIAN_POINT ( 'NONE',  ( 3.000000000000000000, 0.2458039891549809175, -0.9299999999999999378 ) ) ;
#2724 = ORIENTED_EDGE ( 'NONE', *, *, #167, .F. ) ;
#2725 = ORIENTED_EDGE ( 'NONE', *, *, #1019, .F. ) ;
#2726 = EDGE_CURVE ( 'NONE', #638, #1912, #790, .T. ) ;
#2727 = CYLINDRICAL_SURFACE ( 'NONE', #117, 0.4250000000000000444 ) ;
#2728 = VERTEX_POINT ( 'NONE', #3 ) ;
#2729 = DIRECTION ( 'NONE',  ( -1.000000000000000000, 0.000000000000000000, -0.000000000000000000 ) ) ;
#2730 = CARTESIAN_POINT ( 'NONE',  ( 1.600000000000000089, 0.6000000000000000888, -0.9000000000000000222 ) ) ;
#2731 = LINE ( 'NONE', #3613, #1457 ) ;
#2732 = ORIENTED_EDGE ( 'NONE', *, *, #2824, .T. ) ;
#2733 = CARTESIAN_POINT ( 'NONE',  ( 1.497500000000000053, 0.2975000000000002642, 0.000000000000000000 ) ) ;
#2734 = LINE ( 'NONE', #2775, #794 ) ;
#2735 = VECTOR ( 'NONE', #1714, 1000.000000000000000 ) ;
#2736 = FACE_OUTER_BOUND ( 'NONE', #1661, .T. ) ;
#2737 = CARTESIAN_POINT ( 'NONE',  ( -0.04999999999999969746, 1.050000000000000044, -0.9299999999999999378 ) ) ;
#2738 = CIRCLE ( 'NONE', #1796, 0.2999999999999999334 ) ;
#2739 = EDGE_CURVE ( 'NONE', #1076, #512, #3358, .T. ) ;
#2740 = ORIENTED_EDGE ( 'NONE', *, *, #224, .F. ) ;
#2741 = CARTESIAN_POINT ( 'NONE',  ( 3.000000000000000000, 0.7541960108450191935, -0.9499999999999999556 ) ) ;
#2742 = AXIS2_PLACEMENT_3D ( 'NONE', #1118, #3620, #551 ) ;
#2743 = CIRCLE ( 'NONE', #1984, 0.2999999999999999334 ) ;
#2744 = ORIENTED_EDGE ( 'NONE', *, *, #1723, .F. ) ;
#2745 = PLANE ( 'NONE',  #1451 ) ;
#2746 = ORIENTED_EDGE ( 'NONE', *, *, #863, .F. ) ;
#2747 = VECTOR ( 'NONE', #521, 1000.000000000000000 ) ;
#2748 = DIRECTION ( 'NONE',  ( -1.000000000000000000, 0.000000000000000000, 0.000000000000000000 ) ) ;
#2749 = ORIENTED_EDGE ( 'NONE', *, *, #1453, .T. ) ;
#2750 = CARTESIAN_POINT ( 'NONE',  ( 1.399999999999999911, 0.2250000000000000056, -0.9000000000000000222 ) ) ;
#2751 = EDGE_CURVE ( 'NONE', #1179, #933, #872, .T. ) ;
#2752 = ORIENTED_EDGE ( 'NONE', *, *, #1854, .T. ) ;
#2753 = AXIS2_PLACEMENT_3D ( 'NONE', #3454, #1713, #835 ) ;
#2754 = LINE ( 'NONE', #164, #3531 ) ;
#2755 = VECTOR ( 'NONE', #2646, 1000.000000000000000 ) ;
#2756 =( LENGTH_UNIT ( ) NAMED_UNIT ( * ) SI_UNIT ( .MILLI., .METRE. ) );
#2757 = LINE ( 'NONE', #520, #2819 ) ;
#2758 = VECTOR ( 'NONE', #85, 1000.000000000000000 ) ;
#2759 = CARTESIAN_POINT ( 'NONE',  ( 0.4000000000000001332, 0.2500000000000000000, 0.05000000000000000278 ) ) ;
#2760 = LINE ( 'NONE', #2200, #2762 ) ;
#2761 = STYLED_ITEM ( 'NONE', ( #2583 ), #108 ) ;
#2762 = VECTOR ( 'NONE', #791, 1000.000000000000000 ) ;
#2763 = ORIENTED_EDGE ( 'NONE', *, *, #2802, .F. ) ;
#2764 = LINE ( 'NONE', #414, #2442 ) ;
#2765 = VECTOR ( 'NONE', #188, 1000.000000000000000 ) ;
#2766 = EDGE_CURVE ( 'NONE', #675, #726, #1629, .T. ) ;
#2767 = DIRECTION ( 'NONE',  ( 0.000000000000000000, 1.000000000000000000, 0.000000000000000000 ) ) ;
#2768 = DIRECTION ( 'NONE',  ( 0.000000000000000000, -0.000000000000000000, 1.000000000000000000 ) ) ;
#2769 = EDGE_LOOP ( 'NONE', ( #3497, #1360, #2015, #2944 ) ) ;
#2770 = CARTESIAN_POINT ( 'NONE',  ( 2.627951424596646657, 1.000000000000000000, -0.9499999999999999556 ) ) ;
#2771 = ORIENTED_EDGE ( 'NONE', *, *, #2525, .T. ) ;
#2772 = CARTESIAN_POINT ( 'NONE',  ( 1.702500000000000124, 0.2975000000000002642, 0.000000000000000000 ) ) ;
#2773 = EDGE_LOOP ( 'NONE', ( #1347, #1081, #2085, #681 ) ) ;
#2774 = DIRECTION ( 'NONE',  ( 3.209472568699423364E-16, -1.000000000000000000, 0.000000000000000000 ) ) ;
#2775 = CARTESIAN_POINT ( 'NONE',  ( 3.000000000000000000, 0.2458039891549808620, -0.9000000000000000222 ) ) ;
#2776 = CARTESIAN_POINT ( 'NONE',  ( 0.000000000000000000, 0.000000000000000000, -0.9000000000000000222 ) ) ;
#2777 = CARTESIAN_POINT ( 'NONE',  ( 3.050000000000000266, 1.050000000000000044, -0.9499999999999999556 ) ) ;
#2778 = ORIENTED_EDGE ( 'NONE', *, *, #703, .F. ) ;
#2779 = CARTESIAN_POINT ( 'NONE',  ( 0.000000000000000000, 0.9750000000000001998, -0.9000000000000000222 ) ) ;
#2780 = ORIENTED_EDGE ( 'NONE', *, *, #103, .T. ) ;
#2781 = EDGE_CURVE ( 'NONE', #3622, #1620, #209, .T. ) ;
#2782 = PLANE ( 'NONE',  #860 ) ;
#2783 = ORIENTED_EDGE ( 'NONE', *, *, #904, .F. ) ;
#2784 = EDGE_CURVE ( 'NONE', #1027, #1932, #849, .T. ) ;
#2785 = CARTESIAN_POINT ( 'NONE',  ( 3.050000000000000266, 1.050000000000000044, -0.9499999999999999556 ) ) ;
#2786 = VERTEX_POINT ( 'NONE', #3336 ) ;
#2787 = DIRECTION ( 'NONE',  ( -0.000000000000000000, -0.000000000000000000, 1.000000000000000000 ) ) ;
#2788 = EDGE_LOOP ( 'NONE', ( #3098, #2799, #2620, #2132 ) ) ;
#2789 = DIRECTION ( 'NONE',  ( -0.000000000000000000, -0.000000000000000000, 1.000000000000000000 ) ) ;
#2790 = ADVANCED_FACE ( 'NONE', ( #504 ), #1669, .T. ) ;
#2791 = FILL_AREA_STYLE_COLOUR ( '', #382 ) ;
#2792 = ORIENTED_EDGE ( 'NONE', *, *, #2739, .F. ) ;
#2793 = DIRECTION ( 'NONE',  ( 0.000000000000000000, 0.000000000000000000, 1.000000000000000000 ) ) ;
#2794 = CARTESIAN_POINT ( 'NONE',  ( 0.000000000000000000, 0.6000000000000000888, 0.05000000000000000278 ) ) ;
#2795 = CARTESIAN_POINT ( 'NONE',  ( 1.497499999999999831, 0.5025000000000003908, 0.000000000000000000 ) ) ;
#2796 = PLANE ( 'NONE',  #3459 ) ;
#2797 = EDGE_CURVE ( 'NONE', #675, #2860, #3582, .T. ) ;
#2798 = CLOSED_SHELL ( 'NONE', ( #1077, #2881, #1706, #426, #3399, #3360 ) ) ;
#2799 = ORIENTED_EDGE ( 'NONE', *, *, #1920, .F. ) ;
#2800 = FACE_OUTER_BOUND ( 'NONE', #2997, .T. ) ;
#2801 = DIRECTION ( 'NONE',  ( 1.000000000000000000, -1.057758217059028312E-15, 0.000000000000000000 ) ) ;
#2802 = EDGE_CURVE ( 'NONE', #3341, #2169, #2060, .T. ) ;
#2803 = VECTOR ( 'NONE', #1419, 1000.000000000000000 ) ;
#2804 = DIRECTION ( 'NONE',  ( -0.000000000000000000, -0.000000000000000000, -1.000000000000000000 ) ) ;
#2805 = ORIENTED_EDGE ( 'NONE', *, *, #284, .T. ) ;
#2806 = VECTOR ( 'NONE', #3268, 1000.000000000000000 ) ;
#2807 = CARTESIAN_POINT ( 'NONE',  ( 0.000000000000000000, 1.000000000000000000, -0.9000000000000000222 ) ) ;
#2808 = VERTEX_POINT ( 'NONE', #3185 ) ;
#2809 = CARTESIAN_POINT ( 'NONE',  ( 5.747216364756792359E-19, 0.02500000000000000486, -0.9499999999999999556 ) ) ;
#2810 = ORIENTED_EDGE ( 'NONE', *, *, #1367, .T. ) ;
#2811 = VECTOR ( 'NONE', #252, 1000.000000000000000 ) ;
#2812 = VECTOR ( 'NONE', #43, 1000.000000000000000 ) ;
#2813 = AXIS2_PLACEMENT_3D ( 'NONE', #2193, #202, #1028 ) ;
#2814 = ORIENTED_EDGE ( 'NONE', *, *, #2890, .F. ) ;
#2815 = EDGE_CURVE ( 'NONE', #1355, #1060, #1688, .T. ) ;
#2816 = CARTESIAN_POINT ( 'NONE',  ( 0.000000000000000000, 0.000000000000000000, 0.000000000000000000 ) ) ;
#2817 = CARTESIAN_POINT ( 'NONE',  ( 0.5000000000000000000, 0.6000000000000000888, 0.05000000000000000278 ) ) ;
#2818 = VECTOR ( 'NONE', #3476, 1000.000000000000000 ) ;
#2819 = VECTOR ( 'NONE', #729, 1000.000000000000000 ) ;
#2820 = DIRECTION ( 'NONE',  ( 1.000000000000000000, 0.000000000000000000, 0.000000000000000000 ) ) ;
#2821 = AXIS2_PLACEMENT_3D ( 'NONE', #1942, #2431, #1306 ) ;
#2822 = MECHANICAL_DESIGN_GEOMETRIC_PRESENTATION_REPRESENTATION (  '', ( #436 ), #1462 ) ;
#2823 = AXIS2_PLACEMENT_3D ( 'NONE', #840, #2548, #3138 ) ;
#2824 = EDGE_CURVE ( 'NONE', #2141, #302, #2345, .T. ) ;
#2825 = ORIENTED_EDGE ( 'NONE', *, *, #2538, .T. ) ;
#2826 = FACE_OUTER_BOUND ( 'NONE', #49, .T. ) ;
#2827 = ORIENTED_EDGE ( 'NONE', *, *, #2163, .T. ) ;
#2828 = LINE ( 'NONE', #2880, #2635 ) ;
#2829 = FACE_OUTER_BOUND ( 'NONE', #19, .T. ) ;
#2830 = EDGE_LOOP ( 'NONE', ( #2290, #1264, #1966, #387 ) ) ;
#2831 = ORIENTED_EDGE ( 'NONE', *, *, #1838, .F. ) ;
#2832 = EDGE_LOOP ( 'NONE', ( #1247, #3419, #1915, #3299 ) ) ;
#2833 = SURFACE_STYLE_FILL_AREA ( #1309 ) ;
#2834 = EDGE_LOOP ( 'NONE', ( #3313, #1064, #104, #1134 ) ) ;
#2835 = CARTESIAN_POINT ( 'NONE',  ( 0.000000000000000000, 0.000000000000000000, 0.05000000000000000278 ) ) ;
#2836 = DIRECTION ( 'NONE',  ( -1.000000000000000000, 0.000000000000000000, 0.000000000000000000 ) ) ;
#2837 = ADVANCED_FACE ( 'NONE', ( #147 ), #1183, .T. ) ;
#2838 = EDGE_CURVE ( 'NONE', #2127, #201, #2697, .T. ) ;
#2839 = PLANE ( 'NONE',  #2927 ) ;
#2840 =( LENGTH_UNIT ( ) NAMED_UNIT ( * ) SI_UNIT ( .MILLI., .METRE. ) );
#2841 = ORIENTED_EDGE ( 'NONE', *, *, #73, .T. ) ;
#2842 = FACE_OUTER_BOUND ( 'NONE', #2983, .T. ) ;
#2843 = DIRECTION ( 'NONE',  ( 0.000000000000000000, -1.000000000000000000, 0.000000000000000000 ) ) ;
#2844 = DIRECTION ( 'NONE',  ( -1.000000000000000000, 0.000000000000000000, -0.000000000000000000 ) ) ;
#2845 = ORIENTED_EDGE ( 'NONE', *, *, #2079, .T. ) ;
#2846 = ORIENTED_EDGE ( 'NONE', *, *, #585, .T. ) ;
#2847 = DIRECTION ( 'NONE',  ( 0.000000000000000000, 0.000000000000000000, 1.000000000000000000 ) ) ;
#2848 = VERTEX_POINT ( 'NONE', #1775 ) ;
#2849 = LINE ( 'NONE', #296, #1631 ) ;
#2850 = ADVANCED_FACE ( 'NONE', ( #650 ), #2872, .T. ) ;
#2851 = DIRECTION ( 'NONE',  ( -1.000000000000000000, 0.000000000000000000, 0.000000000000000000 ) ) ;
#2852 = FACE_OUTER_BOUND ( 'NONE', #3361, .T. ) ;
#2853 = LINE ( 'NONE', #1467, #2577 ) ;
#2854 = EDGE_LOOP ( 'NONE', ( #1111, #3104, #1286, #2825 ) ) ;
#2855 = CARTESIAN_POINT ( 'NONE',  ( 0.5012507822280910519, 1.000000000000000000, 0.000000000000000000 ) ) ;
#2856 = ADVANCED_FACE ( 'NONE', ( #1466 ), #2595, .F. ) ;
#2857 = FACE_OUTER_BOUND ( 'NONE', #3247, .T. ) ;
#2858 = DIRECTION ( 'NONE',  ( 0.000000000000000000, 1.000000000000000000, 0.000000000000000000 ) ) ;
#2859 = AXIS2_PLACEMENT_3D ( 'NONE', #345, #663, #2393 ) ;
#2860 = VERTEX_POINT ( 'NONE', #1012 ) ;
#2861 = ORIENTED_EDGE ( 'NONE', *, *, #3417, .F. ) ;
#2862 = VECTOR ( 'NONE', #1469, 1000.000000000000000 ) ;
#2863 = ORIENTED_EDGE ( 'NONE', *, *, #1413, .F. ) ;
#2864 =( GEOMETRIC_REPRESENTATION_CONTEXT ( 3 ) GLOBAL_UNCERTAINTY_ASSIGNED_CONTEXT ( ( #3302 ) ) GLOBAL_UNIT_ASSIGNED_CONTEXT ( ( #2840, #2554, #2324 ) ) REPRESENTATION_CONTEXT ( 'NONE', 'WORKASPACE' ) );
#2865 = ADVANCED_FACE ( 'NONE', ( #939 ), #298, .F. ) ;
#2866 = LINE ( 'NONE', #1459, #2402 ) ;
#2867 = ORIENTED_EDGE ( 'NONE', *, *, #3133, .F. ) ;
#2868 = VECTOR ( 'NONE', #156, 1000.000000000000000 ) ;
#2869 = LINE ( 'NONE', #3141, #2332 ) ;
#2870 = CARTESIAN_POINT ( 'NONE',  ( 2.754196010845019416, -2.710505431213761085E-17, 0.000000000000000000 ) ) ;
#2871 = VECTOR ( 'NONE', #3484, 1000.000000000000000 ) ;
#2872 = CYLINDRICAL_SURFACE ( 'NONE', #1800, 0.2999999999999999334 ) ;
#2873 = CARTESIAN_POINT ( 'NONE',  ( 2.754196010845019416, 1.000000000000000000, -0.9299999999999999378 ) ) ;
#2874 = VECTOR ( 'NONE', #231, 1000.000000000000000 ) ;
#2875 = AXIS2_PLACEMENT_3D ( 'NONE', #709, #2981, #2184 ) ;
#2876 = VECTOR ( 'NONE', #2789, 1000.000000000000000 ) ;
#2877 = ORIENTED_EDGE ( 'NONE', *, *, #2904, .T. ) ;
#2878 = FACE_OUTER_BOUND ( 'NONE', #710, .T. ) ;
#2879 = FILL_AREA_STYLE ('',( #3473 ) ) ;
#2880 = CARTESIAN_POINT ( 'NONE',  ( 0.000000000000000000, 1.000000000000000000, 0.000000000000000000 ) ) ;
#2881 = ADVANCED_FACE ( 'NONE', ( #1792 ), #372, .F. ) ;
#2882 = PRODUCT ( 'HT-B2132(B00799)', 'HT-B2132(B00799)', '', ( #2386 ) ) ;
#2883 = ADVANCED_FACE ( 'NONE', ( #2852 ), #901, .F. ) ;
#2884 = CARTESIAN_POINT ( 'NONE',  ( 0.5999999999999998668, 0.2250000000000000056, -0.9499999999999999556 ) ) ;
#2885 = COLOUR_RGB ( '',0.7529411764705882248, 0.7529411764705882248, 0.7529411764705882248 ) ;
#2886 = EDGE_LOOP ( 'NONE', ( #3239, #1365, #866, #622 ) ) ;
#2887 = CARTESIAN_POINT ( 'NONE',  ( 0.000000000000000000, 0.6279514245966467678, -0.9000000000000000222 ) ) ;
#2888 = ORIENTED_EDGE ( 'NONE', *, *, #1245, .F. ) ;
#2889 = CARTESIAN_POINT ( 'NONE',  ( 0.2458039891549806955, 0.000000000000000000, 0.000000000000000000 ) ) ;
#2890 = EDGE_CURVE ( 'NONE', #889, #3137, #2293, .T. ) ;
#2891 = LINE ( 'NONE', #2058, #3403 ) ;
#2892 = DIRECTION ( 'NONE',  ( -0.000000000000000000, -0.000000000000000000, 1.000000000000000000 ) ) ;
#2893 = DIRECTION ( 'NONE',  ( 0.000000000000000000, 1.000000000000000000, 0.000000000000000000 ) ) ;
#2894 = EDGE_LOOP ( 'NONE', ( #489, #3027, #311, #259 ) ) ;
#2895 = DIRECTION ( 'NONE',  ( -1.000000000000000000, 0.000000000000000000, 0.000000000000000000 ) ) ;
#2896 = SURFACE_STYLE_FILL_AREA ( #2559 ) ;
#2897 = ADVANCED_FACE ( 'NONE', ( #2039 ), #586, .T. ) ;
#2898 = DIRECTION ( 'NONE',  ( 0.000000000000000000, -0.000000000000000000, 1.000000000000000000 ) ) ;
#2899 = DIRECTION ( 'NONE',  ( -1.000000000000000000, 0.000000000000000000, 0.000000000000000000 ) ) ;
#2900 = ORIENTED_EDGE ( 'NONE', *, *, #2673, .F. ) ;
#2901 = CARTESIAN_POINT ( 'NONE',  ( 1.399999999999999911, 0.02499999999999997363, -0.9000000000000000222 ) ) ;
#2902 = VERTEX_POINT ( 'NONE', #1197 ) ;
#2903 = DIRECTION ( 'NONE',  ( 1.000000000000000000, 0.000000000000000000, 0.000000000000000000 ) ) ;
#2904 = EDGE_CURVE ( 'NONE', #2902, #2190, #427, .T. ) ;
#2905 = DIRECTION ( 'NONE',  ( -1.000000000000000000, 0.000000000000000000, -0.000000000000000000 ) ) ;
#2906 = SURFACE_STYLE_USAGE ( .BOTH. , #1774 ) ;
#2907 = DIRECTION ( 'NONE',  ( -1.000000000000000000, 0.000000000000000000, -0.000000000000000000 ) ) ;
#2908 = DIRECTION ( 'NONE',  ( -0.000000000000000000, -0.000000000000000000, -1.000000000000000000 ) ) ;
#2909 = DIRECTION ( 'NONE',  ( -0.000000000000000000, -0.000000000000000000, 1.000000000000000000 ) ) ;
#2910 = EDGE_CURVE ( 'NONE', #2254, #772, #3162, .T. ) ;
#2911 = ORIENTED_EDGE ( 'NONE', *, *, #1295, .T. ) ;
#2912 = DIRECTION ( 'NONE',  ( 2.710505431213761085E-16, -1.000000000000000000, 0.000000000000000000 ) ) ;
#2913 =( NAMED_UNIT ( * ) SI_UNIT ( $, .STERADIAN. ) SOLID_ANGLE_UNIT ( ) );
#2914 = CARTESIAN_POINT ( 'NONE',  ( 0.000000000000000000, 1.000000000000000000, -0.9000000000000000222 ) ) ;
#2915 = EDGE_LOOP ( 'NONE', ( #1605, #211, #1415, #2841 ) ) ;
#2916 = VERTEX_POINT ( 'NONE', #1737 ) ;
#2917 = VECTOR ( 'NONE', #1996, 1000.000000000000000 ) ;
#2918 = CARTESIAN_POINT ( 'NONE',  ( 4.133520782600985655E-16, 0.2305797569319641693, -0.9299999999999999378 ) ) ;
#2919 = EDGE_LOOP ( 'NONE', ( #1009, #2014 ) ) ;
#2920 = DIRECTION ( 'NONE',  ( -1.000000000000000000, -5.421010862427526114E-16, 0.000000000000000000 ) ) ;
#2921 = AXIS2_PLACEMENT_3D ( 'NONE', #1135, #2260, #2952 ) ;
#2922 = DIRECTION ( 'NONE',  ( -0.000000000000000000, -0.000000000000000000, -1.000000000000000000 ) ) ;
#2923 = VECTOR ( 'NONE', #67, 1000.000000000000000 ) ;
#2924 = EDGE_CURVE ( 'NONE', #3180, #3672, #2687, .T. ) ;
#2925 = DIRECTION ( 'NONE',  ( 1.000000000000000000, 0.000000000000000000, 0.000000000000000000 ) ) ;
#2926 = PLANE ( 'NONE',  #861 ) ;
#2927 = AXIS2_PLACEMENT_3D ( 'NONE', #268, #3096, #522 ) ;
#2928 = EDGE_CURVE ( 'NONE', #1429, #415, #163, .T. ) ;
#2929 = VERTEX_POINT ( 'NONE', #1619 ) ;
#2930 = LINE ( 'NONE', #1742, #2862 ) ;
#2931 = VECTOR ( 'NONE', #1650, 1000.000000000000000 ) ;
#2932 = CARTESIAN_POINT ( 'NONE',  ( 0.6999999999999997335, 0.5500000000000002665, -0.9000000000000000222 ) ) ;
#2933 = EDGE_CURVE ( 'NONE', #1700, #1998, #3047, .T. ) ;
#2934 = SURFACE_STYLE_USAGE ( .BOTH. , #1487 ) ;
#2935 = CIRCLE ( 'NONE', #1990, 0.2999999999999999334 ) ;
#2936 = DIRECTION ( 'NONE',  ( 1.000000000000000000, 0.000000000000000000, 0.000000000000000000 ) ) ;
#2937 = VERTEX_POINT ( 'NONE', #1063 ) ;
#2938 = AXIS2_PLACEMENT_3D ( 'NONE', #3572, #3594, #2195 ) ;
#2939 = ORIENTED_EDGE ( 'NONE', *, *, #1929, .T. ) ;
#2940 = PRESENTATION_LAYER_ASSIGNMENT (  '', '', ( #205 ) ) ;
#2941 = VERTEX_POINT ( 'NONE', #2469 ) ;
#2942 = DIRECTION ( 'NONE',  ( 0.000000000000000000, 0.000000000000000000, -1.000000000000000000 ) ) ;
#2943 = CARTESIAN_POINT ( 'NONE',  ( 1.399999999999999911, 0.000000000000000000, -0.9000000000000000222 ) ) ;
#2944 = ORIENTED_EDGE ( 'NONE', *, *, #770, .F. ) ;
#2945 = CARTESIAN_POINT ( 'NONE',  ( 0.000000000000000000, 0.000000000000000000, -0.9499999999999999556 ) ) ;
#2946 = AXIS2_PLACEMENT_3D ( 'NONE', #1596, #2460, #3377 ) ;
#2947 = CARTESIAN_POINT ( 'NONE',  ( 1.497500000000000053, 0.2975000000000002642, 0.000000000000000000 ) ) ;
#2948 = CARTESIAN_POINT ( 'NONE',  ( 0.000000000000000000, 0.4000000000000000222, 0.05000000000000000278 ) ) ;
#2949 = EDGE_CURVE ( 'NONE', #2355, #3180, #1269, .T. ) ;
#2950 = EDGE_CURVE ( 'NONE', #638, #1590, #66, .T. ) ;
#2951 = ORIENTED_EDGE ( 'NONE', *, *, #1875, .T. ) ;
#2952 = DIRECTION ( 'NONE',  ( 1.000000000000000000, 0.000000000000000000, -0.000000000000000000 ) ) ;
#2953 = SURFACE_STYLE_FILL_AREA ( #1822 ) ;
#2954 = DIRECTION ( 'NONE',  ( 1.000000000000000000, 0.000000000000000000, 0.000000000000000000 ) ) ;
#2955 = ORIENTED_EDGE ( 'NONE', *, *, #2802, .T. ) ;
#2956 = VERTEX_POINT ( 'NONE', #3326 ) ;
#2957 = CARTESIAN_POINT ( 'NONE',  ( -7.453889935837842984E-17, 0.7541960108450191935, -0.9499999999999999556 ) ) ;
#2958 = ORIENTED_EDGE ( 'NONE', *, *, #3107, .T. ) ;
#2959 = FACE_OUTER_BOUND ( 'NONE', #3071, .T. ) ;
#2960 = EDGE_CURVE ( 'NONE', #235, #14, #236, .T. ) ;
#2961 = DIRECTION ( 'NONE',  ( -0.000000000000000000, -0.000000000000000000, -1.000000000000000000 ) ) ;
#2962 = ORIENTED_EDGE ( 'NONE', *, *, #2781, .F. ) ;
#2963 = FILL_AREA_STYLE ('',( #689 ) ) ;
#2964 = VERTEX_POINT ( 'NONE', #1879 ) ;
#2965 = DIRECTION ( 'NONE',  ( 1.000000000000000000, 0.000000000000000000, -0.000000000000000000 ) ) ;
#2966 = CARTESIAN_POINT ( 'NONE',  ( 0.9975000000000001643, 0.5975000000000001421, 0.000000000000000000 ) ) ;
#2967 = EDGE_LOOP ( 'NONE', ( #1122, #81, #232, #1491, #1728, #3574, #2416, #3327, #1835, #3109 ) ) ;
#2968 = CARTESIAN_POINT ( 'NONE',  ( -0.04999999999999965583, -0.04999999999999991257, -0.9299999999999999378 ) ) ;
#2969 = DIRECTION ( 'NONE',  ( 0.000000000000000000, 0.000000000000000000, 1.000000000000000000 ) ) ;
#2970 = CARTESIAN_POINT ( 'NONE',  ( -7.448297150300491101E-17, 0.5500000000000002665, -0.9249999999999999334 ) ) ;
#2971 = EDGE_CURVE ( 'NONE', #447, #928, #1305, .T. ) ;
#2972 = EDGE_LOOP ( 'NONE', ( #2232, #2192, #420, #1579 ) ) ;
#2973 = ORIENTED_EDGE ( 'NONE', *, *, #3543, .F. ) ;
#2974 = LINE ( 'NONE', #2316, #3512 ) ;
#2975 = ORIENTED_EDGE ( 'NONE', *, *, #2652, .F. ) ;
#2976 = LINE ( 'NONE', #3197, #1994 ) ;
#2977 = ADVANCED_FACE ( 'NONE', ( #2998 ), #1346, .F. ) ;
#2978 = VERTEX_POINT ( 'NONE', #779 ) ;
#2979 =( NAMED_UNIT ( * ) SI_UNIT ( $, .STERADIAN. ) SOLID_ANGLE_UNIT ( ) );
#2980 = CIRCLE ( 'NONE', #2378, 0.4250000000000000444 ) ;
#2981 = DIRECTION ( 'NONE',  ( 0.000000000000000000, 0.000000000000000000, 1.000000000000000000 ) ) ;
#2982 = VECTOR ( 'NONE', #2899, 1000.000000000000000 ) ;
#2983 = EDGE_LOOP ( 'NONE', ( #3188, #3081, #2470, #3579, #1895 ) ) ;
#2984 = SURFACE_STYLE_FILL_AREA ( #2383 ) ;
#2985 = DIRECTION ( 'NONE',  ( 0.000000000000000000, -0.000000000000000000, -1.000000000000000000 ) ) ;
#2986 = AXIS2_PLACEMENT_3D ( 'NONE', #226, #1370, #335 ) ;
#2987 = VECTOR ( 'NONE', #2180, 1000.000000000000000 ) ;
#2988 = DIRECTION ( 'NONE',  ( -0.000000000000000000, -0.000000000000000000, 1.000000000000000000 ) ) ;
#2989 = VERTEX_POINT ( 'NONE', #176 ) ;
#2990 = AXIS2_PLACEMENT_3D ( 'NONE', #1656, #3024, #799 ) ;
#2991 = AXIS2_PLACEMENT_3D ( 'NONE', #1719, #1425, #3409 ) ;
#2992 = EDGE_CURVE ( 'NONE', #2786, #2190, #497, .T. ) ;
#2993 = VERTEX_POINT ( 'NONE', #2750 ) ;
#2994 = EDGE_CURVE ( 'NONE', #1060, #2592, #1588, .T. ) ;
#2995 = DIRECTION ( 'NONE',  ( -0.000000000000000000, -0.000000000000000000, 1.000000000000000000 ) ) ;
#2996 = MECHANICAL_DESIGN_GEOMETRIC_PRESENTATION_REPRESENTATION (  '', ( #2108 ), #620 ) ;
#2997 = EDGE_LOOP ( 'NONE', ( #2309, #1234, #2867, #1508 ) ) ;
#2998 = FACE_OUTER_BOUND ( 'NONE', #653, .T. ) ;
#2999 = DIRECTION ( 'NONE',  ( -0.000000000000000000, 0.000000000000000000, 1.000000000000000000 ) ) ;
#3000 = AXIS2_PLACEMENT_3D ( 'NONE', #3406, #18, #883 ) ;
#3001 = ORIENTED_EDGE ( 'NONE', *, *, #2298, .T. ) ;
#3002 = FACE_OUTER_BOUND ( 'NONE', #277, .T. ) ;
#3003 = CARTESIAN_POINT ( 'NONE',  ( 1.399999999999999911, 0.9750000000000001998, -0.9499999999999999556 ) ) ;
#3004 = VERTEX_POINT ( 'NONE', #2772 ) ;
#3005 = CARTESIAN_POINT ( 'NONE',  ( 0.5999999999999998668, 0.000000000000000000, -0.9000000000000000222 ) ) ;
#3006 = CARTESIAN_POINT ( 'NONE',  ( 0.000000000000000000, 0.9750000000000001998, -0.9499999999999999556 ) ) ;
#3007 = LINE ( 'NONE', #433, #3458 ) ;
#3008 = ORIENTED_EDGE ( 'NONE', *, *, #2538, .F. ) ;
#3009 = ORIENTED_EDGE ( 'NONE', *, *, #486, .F. ) ;
#3010 = DIRECTION ( 'NONE',  ( -0.000000000000000000, -0.000000000000000000, 1.000000000000000000 ) ) ;
#3011 = VERTEX_POINT ( 'NONE', #2503 ) ;
#3012 = CARTESIAN_POINT ( 'NONE',  ( 0.9975000000000001643, 0.8025000000000003242, 0.1700000000000000122 ) ) ;
#3013 = VERTEX_POINT ( 'NONE', #3593 ) ;
#3014 = DIRECTION ( 'NONE',  ( -0.000000000000000000, 0.000000000000000000, 1.000000000000000000 ) ) ;
#3015 = VERTEX_POINT ( 'NONE', #457 ) ;
#3016 =( NAMED_UNIT ( * ) PLANE_ANGLE_UNIT ( ) SI_UNIT ( $, .RADIAN. ) );
#3017 = EDGE_CURVE ( 'NONE', #1338, #816, #3570, .T. ) ;
#3018 = FACE_OUTER_BOUND ( 'NONE', #2138, .T. ) ;
#3019 = PLANE ( 'NONE',  #424 ) ;
#3020 = CARTESIAN_POINT ( 'NONE',  ( 1.500000000000000000, 0.000000000000000000, 1.050000000000000044 ) ) ;
#3021 = VERTEX_POINT ( 'NONE', #760 ) ;
#3022 = CARTESIAN_POINT ( 'NONE',  ( 0.3500000000000000888, 0.2500000000000000000, 0.000000000000000000 ) ) ;
#3023 = CARTESIAN_POINT ( 'NONE',  ( -0.05000000000000012768, -0.04999999999999991257, -0.9499999999999999556 ) ) ;
#3024 = DIRECTION ( 'NONE',  ( 0.000000000000000000, 0.000000000000000000, 1.000000000000000000 ) ) ;
#3025 = ORIENTED_EDGE ( 'NONE', *, *, #1854, .F. ) ;
#3026 = DIRECTION ( 'NONE',  ( 0.000000000000000000, -0.000000000000000000, -1.000000000000000000 ) ) ;
#3027 = ORIENTED_EDGE ( 'NONE', *, *, #3172, .F. ) ;
#3028 = DIRECTION ( 'NONE',  ( 0.000000000000000000, -1.000000000000000000, 0.000000000000000000 ) ) ;
#3029 = ORIENTED_EDGE ( 'NONE', *, *, #95, .T. ) ;
#3030 = PLANE ( 'NONE',  #1334 ) ;
#3031 = ORIENTED_EDGE ( 'NONE', *, *, #896, .F. ) ;
#3032 = CARTESIAN_POINT ( 'NONE',  ( 0.000000000000000000, 0.6000000000000000888, -0.9000000000000000222 ) ) ;
#3033 = EDGE_CURVE ( 'NONE', #2088, #1292, #1364, .T. ) ;
#3034 = LINE ( 'NONE', #3580, #2157 ) ;
#3035 = DIRECTION ( 'NONE',  ( 1.000000000000000000, 0.000000000000000000, 0.000000000000000000 ) ) ;
#3036 = ADVANCED_FACE ( 'NONE', ( #746 ), #1603, .F. ) ;
#3037 = VECTOR ( 'NONE', #2477, 1000.000000000000000 ) ;
#3038 = VERTEX_POINT ( 'NONE', #3644 ) ;
#3039 = DIRECTION ( 'NONE',  ( -1.000000000000000000, 0.000000000000000000, -0.000000000000000000 ) ) ;
#3040 = VECTOR ( 'NONE', #3316, 1000.000000000000000 ) ;
#3041 = ORIENTED_EDGE ( 'NONE', *, *, #3169, .F. ) ;
#3042 = DIRECTION ( 'NONE',  ( 1.000000000000000000, 0.000000000000000000, 0.000000000000000000 ) ) ;
#3043 = ORIENTED_EDGE ( 'NONE', *, *, #2115, .F. ) ;
#3044 = VECTOR ( 'NONE', #474, 1000.000000000000000 ) ;
#3045 = LINE ( 'NONE', #2481, #2035 ) ;
#3046 = ORIENTED_EDGE ( 'NONE', *, *, #2994, .T. ) ;
#3047 = LINE ( 'NONE', #1862, #2987 ) ;
#3048 = ORIENTED_EDGE ( 'NONE', *, *, #310, .T. ) ;
#3049 = VECTOR ( 'NONE', #337, 1000.000000000000000 ) ;
#3050 = CARTESIAN_POINT ( 'NONE',  ( 3.050000000000000266, -0.04999999999999991257, -0.9000000000000000222 ) ) ;
#3051 = CIRCLE ( 'NONE', #2821, 0.2850000000000000866 ) ;
#3052 = FILL_AREA_STYLE ('',( #2791 ) ) ;
#3053 = CARTESIAN_POINT ( 'NONE',  ( 0.4000000000000001332, 0.7500000000000000000, 0.000000000000000000 ) ) ;
#3054 = AXIS2_PLACEMENT_3D ( 'NONE', #50, #3218, #2621 ) ;
#3055 = CARTESIAN_POINT ( 'NONE',  ( 2.975000000000000089, 0.6316699867329622631, -0.9499999999999999556 ) ) ;
#3056 = COLOUR_RGB ( '',0.7529411764705882248, 0.7529411764705882248, 0.7529411764705882248 ) ;
#3057 = DIRECTION ( 'NONE',  ( -1.000000000000000000, -3.209472568699423857E-16, 0.000000000000000000 ) ) ;
#3058 = EDGE_CURVE ( 'NONE', #228, #3295, #1569, .T. ) ;
#3059 = CARTESIAN_POINT ( 'NONE',  ( 1.500000000000000000, 0.000000000000000000, 0.05000000000000012768 ) ) ;
#3060 = EDGE_CURVE ( 'NONE', #3651, #581, #2142, .T. ) ;
#3061 = CIRCLE ( 'NONE', #2223, 0.4249999999999999334 ) ;
#3062 = EDGE_LOOP ( 'NONE', ( #1841, #2783, #2831, #2055 ) ) ;
#3063 = CARTESIAN_POINT ( 'NONE',  ( 0.000000000000000000, 0.000000000000000000, 0.000000000000000000 ) ) ;
#3064 = ORIENTED_EDGE ( 'NONE', *, *, #3183, .F. ) ;
#3065 = EDGE_CURVE ( 'NONE', #2447, #3139, #721, .T. ) ;
#3066 = DIRECTION ( 'NONE',  ( -1.000000000000000000, 0.000000000000000000, -0.000000000000000000 ) ) ;
#3067 = ORIENTED_EDGE ( 'NONE', *, *, #3107, .F. ) ;
#3068 = DIRECTION ( 'NONE',  ( -0.000000000000000000, -0.000000000000000000, 1.000000000000000000 ) ) ;
#3069 = VERTEX_POINT ( 'NONE', #1679 ) ;
#3070 = DIRECTION ( 'NONE',  ( -1.000000000000000000, 0.000000000000000000, 0.000000000000000000 ) ) ;
#3071 = EDGE_LOOP ( 'NONE', ( #3123, #80, #2234, #443 ) ) ;
#3072 = FACE_OUTER_BOUND ( 'NONE', #935, .T. ) ;
#3073 = FILL_AREA_STYLE ('',( #1943 ) ) ;
#3074 = ORIENTED_EDGE ( 'NONE', *, *, #1682, .T. ) ;
#3075 = EDGE_LOOP ( 'NONE', ( #347, #3088, #434, #1715, #1861, #1357 ) ) ;
#3076 = CARTESIAN_POINT ( 'NONE',  ( 0.9975000000000001643, 0.5975000000000001421, 0.1700000000000000122 ) ) ;
#3077 = CARTESIAN_POINT ( 'NONE',  ( 2.500000000000000000, 0.000000000000000000, 0.000000000000000000 ) ) ;
#3078 = ORIENTED_EDGE ( 'NONE', *, *, #2766, .T. ) ;
#3079 = DIRECTION ( 'NONE',  ( -0.000000000000000000, -0.000000000000000000, 1.000000000000000000 ) ) ;
#3080 = FACE_OUTER_BOUND ( 'NONE', #2179, .T. ) ;
#3081 = ORIENTED_EDGE ( 'NONE', *, *, #2238, .T. ) ;
#3082 = CARTESIAN_POINT ( 'NONE',  ( 0.2458039891549811951, 1.000000000000000000, -0.9299999999999999378 ) ) ;
#3083 = DIRECTION ( 'NONE',  ( -1.000000000000000000, -0.000000000000000000, -0.000000000000000000 ) ) ;
#3084 = DIRECTION ( 'NONE',  ( -0.000000000000000000, -0.000000000000000000, -1.000000000000000000 ) ) ;
#3085 = ORIENTED_EDGE ( 'NONE', *, *, #3374, .T. ) ;
#3086 = ADVANCED_FACE ( 'NONE', ( #1406 ), #535, .F. ) ;
#3087 = DIRECTION ( 'NONE',  ( -0.000000000000000000, 0.000000000000000000, 1.000000000000000000 ) ) ;
#3088 = ORIENTED_EDGE ( 'NONE', *, *, #2781, .T. ) ;
#3089 = LINE ( 'NONE', #822, #665 ) ;
#3090 = ORIENTED_EDGE ( 'NONE', *, *, #3203, .T. ) ;
#3091 = DIRECTION ( 'NONE',  ( 0.000000000000000000, 1.000000000000000000, 0.000000000000000000 ) ) ;
#3092 = ORIENTED_EDGE ( 'NONE', *, *, #3382, .F. ) ;
#3093 = DIRECTION ( 'NONE',  ( 2.409338161078900167E-16, 1.000000000000000000, -0.000000000000000000 ) ) ;
#3094 = EDGE_CURVE ( 'NONE', #2102, #2164, #2235, .T. ) ;
#3095 = LINE ( 'NONE', #2776, #1863 ) ;
#3096 = DIRECTION ( 'NONE',  ( -1.000000000000000000, 0.000000000000000000, -0.000000000000000000 ) ) ;
#3097 = LINE ( 'NONE', #2873, #2166 ) ;
#3098 = ORIENTED_EDGE ( 'NONE', *, *, #1115, .F. ) ;
#3099 = DIRECTION ( 'NONE',  ( -0.000000000000000000, -0.000000000000000000, 1.000000000000000000 ) ) ;
#3100 = LINE ( 'NONE', #1042, #3410 ) ;
#3101 = CARTESIAN_POINT ( 'NONE',  ( 0.9975000000000001643, 0.5975000000000001421, 0.1700000000000000122 ) ) ;
#3102 = AXIS2_PLACEMENT_3D ( 'NONE', #2540, #1117, #2245 ) ;
#3103 = LINE ( 'NONE', #3121, #1974 ) ;
#3104 = ORIENTED_EDGE ( 'NONE', *, *, #34, .F. ) ;
#3105 = ORIENTED_EDGE ( 'NONE', *, *, #3133, .T. ) ;
#3106 = EDGE_CURVE ( 'NONE', #1810, #3117, #3089, .T. ) ;
#3107 = EDGE_CURVE ( 'NONE', #776, #507, #392, .T. ) ;
#3108 = VECTOR ( 'NONE', #2322, 1000.000000000000000 ) ;
#3109 = ORIENTED_EDGE ( 'NONE', *, *, #3585, .T. ) ;
#3110 = DIRECTION ( 'NONE',  ( 0.000000000000000000, -0.000000000000000000, -1.000000000000000000 ) ) ;
#3111 = CARTESIAN_POINT ( 'NONE',  ( 0.000000000000000000, 1.000000000000000000, -0.9499999999999999556 ) ) ;
#3112 = AXIS2_PLACEMENT_3D ( 'NONE', #511, #1552, #2479 ) ;
#3113 = VECTOR ( 'NONE', #3599, 1000.000000000000000 ) ;
#3114 = FACE_OUTER_BOUND ( 'NONE', #2894, .T. ) ;
#3115 = CIRCLE ( 'NONE', #378, 0.4250000000000000444 ) ;
#3116 = LINE ( 'NONE', #3433, #23 ) ;
#3117 = VERTEX_POINT ( 'NONE', #2817 ) ;
#3118 = DIRECTION ( 'NONE',  ( -1.000000000000000000, 0.000000000000000000, -0.000000000000000000 ) ) ;
#3119 = CARTESIAN_POINT ( 'NONE',  ( -7.453889935837842984E-17, 0.7541960108450191935, -0.9000000000000000222 ) ) ;
#3120 = CARTESIAN_POINT ( 'NONE',  ( 0.2305797569319645024, 0.000000000000000000, -0.9299999999999999378 ) ) ;
#3121 = CARTESIAN_POINT ( 'NONE',  ( 2.627951424596646657, 1.000000000000000000, -0.9499999999999999556 ) ) ;
#3122 = ORIENTED_EDGE ( 'NONE', *, *, #1920, .T. ) ;
#3123 = ORIENTED_EDGE ( 'NONE', *, *, #172, .F. ) ;
#3124 = ORIENTED_EDGE ( 'NONE', *, *, #2006, .T. ) ;
#3125 = CYLINDRICAL_SURFACE ( 'NONE', #917, 0.2999999999999999334 ) ;
#3126 = CARTESIAN_POINT ( 'NONE',  ( 3.000000000000000000, 0.7541960108450190825, 0.000000000000000000 ) ) ;
#3127 = ADVANCED_FACE ( 'NONE', ( #2292 ), #1923, .F. ) ;
#3128 = DIRECTION ( 'NONE',  ( 0.000000000000000000, 1.000000000000000000, 0.000000000000000000 ) ) ;
#3129 = PLANE ( 'NONE',  #2691 ) ;
#3130 = EDGE_LOOP ( 'NONE', ( #3387, #1899, #192, #2700 ) ) ;
#3131 = LINE ( 'NONE', #3082, #546 ) ;
#3132 = DIRECTION ( 'NONE',  ( -1.000000000000000000, 0.000000000000000000, 0.000000000000000000 ) ) ;
#3133 = EDGE_CURVE ( 'NONE', #1874, #1644, #870, .T. ) ;
#3134 = CARTESIAN_POINT ( 'NONE',  ( 1.800000000000000266, 0.9750000000000001998, -0.9499999999999999556 ) ) ;
#3135 = CARTESIAN_POINT ( 'NONE',  ( 3.050000000000000266, -0.04999999999999991257, -0.9499999999999999556 ) ) ;
#3136 = ORIENTED_EDGE ( 'NONE', *, *, #240, .T. ) ;
#3137 = VERTEX_POINT ( 'NONE', #3126 ) ;
#3138 = DIRECTION ( 'NONE',  ( 1.000000000000000000, 0.000000000000000000, 0.000000000000000000 ) ) ;
#3139 = VERTEX_POINT ( 'NONE', #22 ) ;
#3140 = PRODUCT_DEFINITION_SHAPE ( 'NONE', 'NONE',  #692 ) ;
#3141 = CARTESIAN_POINT ( 'NONE',  ( 1.399999999999999911, 0.6000000000000000888, -0.9499999999999999556 ) ) ;
#3142 = CARTESIAN_POINT ( 'NONE',  ( 4.336808689942017736E-16, 0.7694202430680358029, 0.05000000000000000278 ) ) ;
#3143 = CARTESIAN_POINT ( 'NONE',  ( -0.04999999999999965583, -0.04999999999999991257, -0.9299999999999999378 ) ) ;
#3144 = DIRECTION ( 'NONE',  ( -0.000000000000000000, -0.000000000000000000, -1.000000000000000000 ) ) ;
#3145 = EDGE_CURVE ( 'NONE', #280, #2728, #1094, .T. ) ;
#3146 = ORIENTED_EDGE ( 'NONE', *, *, #646, .T. ) ;
#3147 = DIRECTION ( 'NONE',  ( 1.000000000000000000, -0.000000000000000000, -0.000000000000000000 ) ) ;
#3148 = DIRECTION ( 'NONE',  ( 0.000000000000000000, -1.000000000000000000, 0.000000000000000000 ) ) ;
#3149 = DIRECTION ( 'NONE',  ( 0.000000000000000000, 0.000000000000000000, 1.000000000000000000 ) ) ;
#3150 = LINE ( 'NONE', #58, #1616 ) ;
#3151 = AXIS2_PLACEMENT_3D ( 'NONE', #3324, #1877, #2467 ) ;
#3152 = VERTEX_POINT ( 'NONE', #1668 ) ;
#3153 = EDGE_CURVE ( 'NONE', #1767, #2240, #1169, .T. ) ;
#3154 = AXIS2_PLACEMENT_3D ( 'NONE', #3022, #468, #3603 ) ;
#3155 = SURFACE_STYLE_USAGE ( .BOTH. , #1979 ) ;
#3156 = ORIENTED_EDGE ( 'NONE', *, *, #3457, .F. ) ;
#3157 = AXIS2_PLACEMENT_3D ( 'NONE', #1170, #2307, #321 ) ;
#3158 = CARTESIAN_POINT ( 'NONE',  ( 2.754196010845019416, 0.000000000000000000, 0.000000000000000000 ) ) ;
#3159 = LINE ( 'NONE', #51, #792 ) ;
#3160 = ORIENTED_EDGE ( 'NONE', *, *, #1227, .T. ) ;
#3161 = VECTOR ( 'NONE', #1758, 1000.000000000000000 ) ;
#3162 = LINE ( 'NONE', #619, #3108 ) ;
#3163 = EDGE_CURVE ( 'NONE', #3139, #235, #2536, .T. ) ;
#3164 = CARTESIAN_POINT ( 'NONE',  ( 3.050000000000000266, -0.04999999999999991257, -0.9000000000000000222 ) ) ;
#3165 =( GEOMETRIC_REPRESENTATION_CONTEXT ( 3 ) GLOBAL_UNCERTAINTY_ASSIGNED_CONTEXT ( ( #1005 ) ) GLOBAL_UNIT_ASSIGNED_CONTEXT ( ( #986, #3530, #3493 ) ) REPRESENTATION_CONTEXT ( 'NONE', 'WORKASPACE' ) );
#3166 = AXIS2_PLACEMENT_3D ( 'NONE', #3523, #3504, #1834 ) ;
#3167 = AXIS2_PLACEMENT_3D ( 'NONE', #305, #2616, #1486 ) ;
#3168 = AXIS2_PLACEMENT_3D ( 'NONE', #353, #1323, #1816 ) ;
#3169 = EDGE_CURVE ( 'NONE', #3287, #3137, #485, .T. ) ;
#3170 = EDGE_LOOP ( 'NONE', ( #1696, #3025, #3665, #880 ) ) ;
#3171 = DIRECTION ( 'NONE',  ( -1.000000000000000000, 0.000000000000000000, 0.000000000000000000 ) ) ;
#3172 = EDGE_CURVE ( 'NONE', #3295, #3272, #297, .T. ) ;
#3173 = CARTESIAN_POINT ( 'NONE',  ( -0.04999999999999969746, 1.050000000000000044, -0.9299999999999999378 ) ) ;
#3174 =( GEOMETRIC_REPRESENTATION_CONTEXT ( 3 ) GLOBAL_UNCERTAINTY_ASSIGNED_CONTEXT ( ( #657 ) ) GLOBAL_UNIT_ASSIGNED_CONTEXT ( ( #3442, #294, #2239 ) ) REPRESENTATION_CONTEXT ( 'NONE', 'WORKASPACE' ) );
#3175 = CARTESIAN_POINT ( 'NONE',  ( -7.453889935837842984E-17, 0.7541960108450191935, -0.9000000000000000222 ) ) ;
#3176 = DIRECTION ( 'NONE',  ( -1.000000000000000000, 0.000000000000000000, 0.000000000000000000 ) ) ;
#3177 = EDGE_CURVE ( 'NONE', #642, #2139, #1983, .T. ) ;
#3178 = ORIENTED_EDGE ( 'NONE', *, *, #3312, .T. ) ;
#3179 = DIRECTION ( 'NONE',  ( -0.000000000000000000, -0.000000000000000000, 1.000000000000000000 ) ) ;
#3180 = VERTEX_POINT ( 'NONE', #1113 ) ;
#3181 = LINE ( 'NONE', #3463, #618 ) ;
#3182 = CARTESIAN_POINT ( 'NONE',  ( 0.5000000000000000000, 0.000000000000000000, 0.000000000000000000 ) ) ;
#3183 = EDGE_CURVE ( 'NONE', #1779, #3117, #1705, .T. ) ;
#3184 = SURFACE_STYLE_FILL_AREA ( #2679 ) ;
#3185 = CARTESIAN_POINT ( 'NONE',  ( 0.5999999999999998668, 0.4000000000000002442, -0.9000000000000000222 ) ) ;
#3186 = CARTESIAN_POINT ( 'NONE',  ( 0.000000000000000000, 0.2250000000000000056, -0.9499999999999999556 ) ) ;
#3187 = PLANE ( 'NONE',  #3166 ) ;
#3188 = ORIENTED_EDGE ( 'NONE', *, *, #1566, .T. ) ;
#3189 = CARTESIAN_POINT ( 'NONE',  ( 1.399999999999999911, 0.000000000000000000, -0.9499999999999999556 ) ) ;
#3190 = CARTESIAN_POINT ( 'NONE',  ( 3.000000000000000000, 0.3720485754033532877, -0.9499999999999999556 ) ) ;
#3191 = LINE ( 'NONE', #113, #3213 ) ;
#3192 = ORIENTED_EDGE ( 'NONE', *, *, #2605, .T. ) ;
#3193 = ORIENTED_EDGE ( 'NONE', *, *, #2910, .F. ) ;
#3194 = EDGE_CURVE ( 'NONE', #1590, #3569, #845, .T. ) ;
#3195 = LINE ( 'NONE', #2087, #1734 ) ;
#3196 = ORIENTED_EDGE ( 'NONE', *, *, #1101, .F. ) ;
#3197 = CARTESIAN_POINT ( 'NONE',  ( 0.3720485754033532322, 1.000000000000000000, -0.9499999999999999556 ) ) ;
#3198 = PLANE ( 'NONE',  #1033 ) ;
#3199 = SURFACE_STYLE_USAGE ( .BOTH. , #351 ) ;
#3200 = CARTESIAN_POINT ( 'NONE',  ( -7.448297150300491101E-17, 0.5500000000000002665, -0.9249999999999999334 ) ) ;
#3201 = PRESENTATION_STYLE_ASSIGNMENT (( #89 ) ) ;
#3202 = DIRECTION ( 'NONE',  ( 0.000000000000000000, 1.000000000000000000, 0.000000000000000000 ) ) ;
#3203 = EDGE_CURVE ( 'NONE', #1058, #726, #1691, .T. ) ;
#3204 = ADVANCED_FACE ( 'NONE', ( #1089 ), #1411, .F. ) ;
#3205 = ORIENTED_EDGE ( 'NONE', *, *, #2006, .F. ) ;
#3206 = DIRECTION ( 'NONE',  ( 0.000000000000000000, -1.000000000000000000, -0.000000000000000000 ) ) ;
#3207 = DIRECTION ( 'NONE',  ( 1.000000000000000000, 0.000000000000000000, 0.000000000000000000 ) ) ;
#3208 = EDGE_CURVE ( 'NONE', #3479, #3015, #3095, .T. ) ;
#3209 = DIRECTION ( 'NONE',  ( 1.000000000000000000, 0.000000000000000000, 0.000000000000000000 ) ) ;
#3210 = EDGE_LOOP ( 'NONE', ( #3610, #3451, #1379, #1257, #1007, #997, #1044, #3074, #990, #1562, #1116, #175, #594, #958 ) ) ;
#3211 = EDGE_LOOP ( 'NONE', ( #146, #1423, #948, #3435 ) ) ;
#3212 = CLOSED_SHELL ( 'NONE', ( #853, #2865, #3429, #1526, #1123, #1772, #862, #2850, #2066, #2397, #2437, #932, #1244, #2669, #2709, #3036, #1900, #2090, #741, #530, #2025, #988, #338, #3495 ) ) ;
#3213 = VECTOR ( 'NONE', #2388, 1000.000000000000000 ) ;
#3214 = SURFACE_STYLE_USAGE ( .BOTH. , #934 ) ;
#3215 = EDGE_CURVE ( 'NONE', #2689, #1751, #541, .T. ) ;
#3216 = ORIENTED_EDGE ( 'NONE', *, *, #2578, .T. ) ;
#3217 = ADVANCED_FACE ( 'NONE', ( #1687 ), #1426, .T. ) ;
#3218 = DIRECTION ( 'NONE',  ( 0.000000000000000000, 0.000000000000000000, 1.000000000000000000 ) ) ;
#3219 = VECTOR ( 'NONE', #609, 1000.000000000000000 ) ;
#3220 = CARTESIAN_POINT ( 'NONE',  ( 3.000000000000000000, 0.7694202430680359139, -0.9299999999999999378 ) ) ;
#3221 = CARTESIAN_POINT ( 'NONE',  ( 0.000000000000000000, 0.4000000000000002442, -0.9499999999999999556 ) ) ;
#3222 = VECTOR ( 'NONE', #3632, 1000.000000000000000 ) ;
#3223 = DIRECTION ( 'NONE',  ( -1.000000000000000000, 0.000000000000000000, 0.000000000000000000 ) ) ;
#3224 = CARTESIAN_POINT ( 'NONE',  ( 0.02499999999999985914, 0.6000000000000003109, -0.9499999999999999556 ) ) ;
#3225 = VECTOR ( 'NONE', #3292, 1000.000000000000000 ) ;
#3226 = EDGE_LOOP ( 'NONE', ( #2382, #2410, #2504, #1510, #702, #285, #1439, #1991 ) ) ;
#3227 = CARTESIAN_POINT ( 'NONE',  ( 1.497499999999999831, 0.5025000000000003908, 0.1700000000000000122 ) ) ;
#3228 = VECTOR ( 'NONE', #3438, 1000.000000000000000 ) ;
#3229 = DIRECTION ( 'NONE',  ( 1.000000000000000000, 0.000000000000000000, 0.000000000000000000 ) ) ;
#3230 = CARTESIAN_POINT ( 'NONE',  ( 0.000000000000000000, 0.3720485754033532877, -0.9499999999999999556 ) ) ;
#3231 = AXIS2_PLACEMENT_3D ( 'NONE', #1745, #3453, #1431 ) ;
#3232 = CIRCLE ( 'NONE', #1809, 0.4249999999999998779 ) ;
#3233 = CARTESIAN_POINT ( 'NONE',  ( 3.050000000000000266, -0.04999999999999991257, -0.9499999999999999556 ) ) ;
#3234 = ADVANCED_FACE ( 'NONE', ( #3411 ), #3357, .T. ) ;
#3235 = ORIENTED_EDGE ( 'NONE', *, *, #2797, .F. ) ;
#3236 = VECTOR ( 'NONE', #1013, 1000.000000000000000 ) ;
#3237 = ORIENTED_EDGE ( 'NONE', *, *, #3543, .T. ) ;
#3238 =( GEOMETRIC_REPRESENTATION_CONTEXT ( 3 ) GLOBAL_UNCERTAINTY_ASSIGNED_CONTEXT ( ( #771 ) ) GLOBAL_UNIT_ASSIGNED_CONTEXT ( ( #1237, #1848, #2979 ) ) REPRESENTATION_CONTEXT ( 'NONE', 'WORKASPACE' ) );
#3239 = ORIENTED_EDGE ( 'NONE', *, *, #1622, .F. ) ;
#3240 = DIRECTION ( 'NONE',  ( -1.057758217059028312E-15, 1.000000000000000000, 0.000000000000000000 ) ) ;
#3241 = CARTESIAN_POINT ( 'NONE',  ( 1.399999999999999911, 0.000000000000000000, -0.9499999999999999556 ) ) ;
#3242 = VERTEX_POINT ( 'NONE', #3077 ) ;
#3243 = LINE ( 'NONE', #2059, #802 ) ;
#3244 = DIRECTION ( 'NONE',  ( 0.000000000000000000, -1.000000000000000000, 0.000000000000000000 ) ) ;
#3245 = DIRECTION ( 'NONE',  ( -1.000000000000000000, 0.000000000000000000, 0.000000000000000000 ) ) ;
#3246 = EDGE_CURVE ( 'NONE', #2902, #2490, #953, .T. ) ;
#3247 = EDGE_LOOP ( 'NONE', ( #3560, #344, #1141, #2493 ) ) ;
#3248 = DIRECTION ( 'NONE',  ( 0.000000000000000000, -1.000000000000000000, 0.000000000000000000 ) ) ;
#3249 = CARTESIAN_POINT ( 'NONE',  ( 2.500000000000000000, 1.000000000000000000, 0.05000000000000000278 ) ) ;
#3250 = SHAPE_DEFINITION_REPRESENTATION ( #3140, #1827 ) ;
#3251 = CARTESIAN_POINT ( 'NONE',  ( 0.2305797569319644469, 1.000000000000000000, -0.9299999999999999378 ) ) ;
#3252 = VERTEX_POINT ( 'NONE', #598 ) ;
#3253 = EDGE_CURVE ( 'NONE', #2265, #700, #1236, .T. ) ;
#3254 = VERTEX_POINT ( 'NONE', #3502 ) ;
#3255 = DIRECTION ( 'NONE',  ( 1.000000000000000000, 0.000000000000000000, 0.000000000000000000 ) ) ;
#3256 = VERTEX_POINT ( 'NONE', #2870 ) ;
#3257 = LINE ( 'NONE', #2072, #1752 ) ;
#3258 = FACE_OUTER_BOUND ( 'NONE', #3170, .T. ) ;
#3259 = ORIENTED_EDGE ( 'NONE', *, *, #412, .T. ) ;
#3260 = DIRECTION ( 'NONE',  ( 1.000000000000000000, 0.000000000000000000, 0.000000000000000000 ) ) ;
#3261 = DIRECTION ( 'NONE',  ( 0.000000000000000000, -0.000000000000000000, 1.000000000000000000 ) ) ;
#3262 = ORIENTED_EDGE ( 'NONE', *, *, #703, .T. ) ;
#3263 = LINE ( 'NONE', #1851, #728 ) ;
#3264 = EDGE_CURVE ( 'NONE', #1620, #3242, #3159, .T. ) ;
#3265 = CARTESIAN_POINT ( 'NONE',  ( 3.000000000000000000, 0.6279514245966467678, -0.9499999999999999556 ) ) ;
#3266 = EDGE_CURVE ( 'NONE', #814, #2155, #2891, .T. ) ;
#3267 = LINE ( 'NONE', #2065, #2818 ) ;
#3268 = DIRECTION ( 'NONE',  ( 0.000000000000000000, -1.000000000000000000, 0.000000000000000000 ) ) ;
#3269 = ORIENTED_EDGE ( 'NONE', *, *, #2306, .T. ) ;
#3270 = VERTEX_POINT ( 'NONE', #1217 ) ;
#3271 = LINE ( 'NONE', #719, #358 ) ;
#3272 = VERTEX_POINT ( 'NONE', #2343 ) ;
#3273 = CARTESIAN_POINT ( 'NONE',  ( 0.9975000000000001643, 0.5975000000000001421, 0.1700000000000000122 ) ) ;
#3274 = LINE ( 'NONE', #2471, #2224 ) ;
#3275 = ORIENTED_EDGE ( 'NONE', *, *, #3208, .T. ) ;
#3276 = VECTOR ( 'NONE', #684, 1000.000000000000000 ) ;
#3277 = DIRECTION ( 'NONE',  ( 0.000000000000000000, 1.000000000000000000, 0.000000000000000000 ) ) ;
#3278 = VECTOR ( 'NONE', #2767, 1000.000000000000000 ) ;
#3279 = AXIS2_PLACEMENT_3D ( 'NONE', #3420, #1710, #229 ) ;
#3280 = VERTEX_POINT ( 'NONE', #3220 ) ;
#3281 = DIRECTION ( 'NONE',  ( -1.000000000000000000, 0.000000000000000000, 0.000000000000000000 ) ) ;
#3282 = VECTOR ( 'NONE', #2170, 1000.000000000000000 ) ;
#3283 = AXIS2_PLACEMENT_3D ( 'NONE', #439, #2211, #1662 ) ;
#3284 = CARTESIAN_POINT ( 'NONE',  ( 1.600000000000000089, 0.9750000000000001998, -0.9499999999999999556 ) ) ;
#3285 = ORIENTED_EDGE ( 'NONE', *, *, #216, .T. ) ;
#3286 = AXIS2_PLACEMENT_3D ( 'NONE', #3164, #1708, #873 ) ;
#3287 = VERTEX_POINT ( 'NONE', #39 ) ;
#3288 = EDGE_CURVE ( 'NONE', #821, #3622, #87, .T. ) ;
#3289 = FACE_OUTER_BOUND ( 'NONE', #2186, .T. ) ;
#3290 = PRESENTATION_LAYER_ASSIGNMENT (  '', '', ( #2108 ) ) ;
#3291 = ORIENTED_EDGE ( 'NONE', *, *, #34, .T. ) ;
#3292 = DIRECTION ( 'NONE',  ( 1.000000000000000000, 0.000000000000000000, 0.000000000000000000 ) ) ;
#3293 = CARTESIAN_POINT ( 'NONE',  ( 2.769420243068036136, 2.168404344971008868E-16, -0.9299999999999999378 ) ) ;
#3294 = PRESENTATION_LAYER_ASSIGNMENT (  '', '', ( #3595 ) ) ;
#3295 = VERTEX_POINT ( 'NONE', #937 ) ;
#3296 = CARTESIAN_POINT ( 'NONE',  ( 3.050000000000000266, 1.050000000000000044, -0.9299999999999999378 ) ) ;
#3297 = LINE ( 'NONE', #1368, #376 ) ;
#3298 = ADVANCED_FACE ( 'NONE', ( #2074 ), #3198, .F. ) ;
#3299 = ORIENTED_EDGE ( 'NONE', *, *, #903, .T. ) ;
#3300 = DIRECTION ( 'NONE',  ( -0.000000000000000000, -0.000000000000000000, 1.000000000000000000 ) ) ;
#3301 = FACE_OUTER_BOUND ( 'NONE', #3661, .T. ) ;
#3302 = UNCERTAINTY_MEASURE_WITH_UNIT (LENGTH_MEASURE( 1.000000000000000082E-05 ), #2840, 'distance_accuracy_value', 'NONE');
#3303 = ORIENTED_EDGE ( 'NONE', *, *, #3065, .F. ) ;
#3304 = CARTESIAN_POINT ( 'NONE',  ( 1.399999999999999911, 0.02499999999999997363, -0.9499999999999999556 ) ) ;
#3305 = CARTESIAN_POINT ( 'NONE',  ( 0.000000000000000000, 1.000000000000000000, 0.000000000000000000 ) ) ;
#3306 = ORIENTED_EDGE ( 'NONE', *, *, #1712, .F. ) ;
#3307 = CARTESIAN_POINT ( 'NONE',  ( 1.100000000000000311, 1.000000000000000000, -0.9249999999999999334 ) ) ;
#3308 = ORIENTED_EDGE ( 'NONE', *, *, #3153, .T. ) ;
#3309 = CARTESIAN_POINT ( 'NONE',  ( 0.000000000000000000, 0.000000000000000000, -0.9499999999999999556 ) ) ;
#3310 = CARTESIAN_POINT ( 'NONE',  ( 0.000000000000000000, 0.6279514245966467678, -0.9499999999999999556 ) ) ;
#3311 = CARTESIAN_POINT ( 'NONE',  ( 0.000000000000000000, 0.02499999999999999792, -0.9499999999999999556 ) ) ;
#3312 = EDGE_CURVE ( 'NONE', #757, #2159, #633, .T. ) ;
#3313 = ORIENTED_EDGE ( 'NONE', *, *, #3635, .T. ) ;
#3314 = EDGE_CURVE ( 'NONE', #1027, #401, #1252, .T. ) ;
#3315 = DIRECTION ( 'NONE',  ( -1.000000000000000000, 0.000000000000000000, 0.000000000000000000 ) ) ;
#3316 = DIRECTION ( 'NONE',  ( -0.000000000000000000, -0.000000000000000000, 1.000000000000000000 ) ) ;
#3317 = CARTESIAN_POINT ( 'NONE',  ( 0.9975000000000001643, 0.8025000000000003242, 0.1700000000000000122 ) ) ;
#3318 = ORIENTED_EDGE ( 'NONE', *, *, #3549, .T. ) ;
#3319 = DIRECTION ( 'NONE',  ( 1.000000000000000000, 0.000000000000000000, 0.000000000000000000 ) ) ;
#3320 = CYLINDRICAL_SURFACE ( 'NONE', #363, 0.2999999999999999889 ) ;
#3321 = DIRECTION ( 'NONE',  ( -1.000000000000000000, 0.000000000000000000, 0.000000000000000000 ) ) ;
#3322 = ORIENTED_EDGE ( 'NONE', *, *, #697, .F. ) ;
#3323 = EDGE_CURVE ( 'NONE', #1716, #2443, #647, .T. ) ;
#3324 = CARTESIAN_POINT ( 'NONE',  ( 0.000000000000000000, 0.000000000000000000, 0.000000000000000000 ) ) ;
#3325 = ORIENTED_EDGE ( 'NONE', *, *, #1128, .F. ) ;
#3326 = CARTESIAN_POINT ( 'NONE',  ( 1.800000000000000266, 0.6000000000000000888, -0.9000000000000000222 ) ) ;
#3327 = ORIENTED_EDGE ( 'NONE', *, *, #442, .T. ) ;
#3328 = CARTESIAN_POINT ( 'NONE',  ( -0.04999999999999969746, 1.050000000000000044, -0.9299999999999999378 ) ) ;
#3329 = ORIENTED_EDGE ( 'NONE', *, *, #116, .F. ) ;
#3330 = EDGE_CURVE ( 'NONE', #3139, #1718, #1790, .T. ) ;
#3331 = CARTESIAN_POINT ( 'NONE',  ( 0.3000000000000000999, 0.2500000000000000000, 0.05000000000000000278 ) ) ;
#3332 = ADVANCED_FACE ( 'NONE', ( #370 ), #317, .T. ) ;
#3333 = LINE ( 'NONE', #3003, #3470 ) ;
#3334 = AXIS2_PLACEMENT_3D ( 'NONE', #630, #2641, #1232 ) ;
#3335 = EDGE_CURVE ( 'NONE', #1908, #1939, #2644, .T. ) ;
#3336 = CARTESIAN_POINT ( 'NONE',  ( 0.000000000000000000, 0.3720485754033532877, -0.9499999999999999556 ) ) ;
#3337 = AXIS2_PLACEMENT_3D ( 'NONE', #912, #1228, #2954 ) ;
#3338 = EDGE_LOOP ( 'NONE', ( #114, #2746, #1646, #947 ) ) ;
#3339 = DIRECTION ( 'NONE',  ( -0.000000000000000000, -0.000000000000000000, 1.000000000000000000 ) ) ;
#3340 =( GEOMETRIC_REPRESENTATION_CONTEXT ( 3 ) GLOBAL_UNCERTAINTY_ASSIGNED_CONTEXT ( ( #506 ) ) GLOBAL_UNIT_ASSIGNED_CONTEXT ( ( #2149, #3600, #2706 ) ) REPRESENTATION_CONTEXT ( 'NONE', 'WORKASPACE' ) );
#3341 = VERTEX_POINT ( 'NONE', #2036 ) ;
#3342 = ADVANCED_FACE ( 'NONE', ( #3431 ), #389, .F. ) ;
#3343 = FACE_OUTER_BOUND ( 'NONE', #2228, .T. ) ;
#3344 = ORIENTED_EDGE ( 'NONE', *, *, #2419, .F. ) ;
#3345 = VECTOR ( 'NONE', #2609, 1000.000000000000000 ) ;
#3346 = DIRECTION ( 'NONE',  ( 0.000000000000000000, 1.000000000000000000, 0.000000000000000000 ) ) ;
#3347 = VERTEX_POINT ( 'NONE', #1493 ) ;
#3348 = DIRECTION ( 'NONE',  ( 0.000000000000000000, 0.000000000000000000, -1.000000000000000000 ) ) ;
#3349 = ORIENTED_EDGE ( 'NONE', *, *, #95, .F. ) ;
#3350 = VECTOR ( 'NONE', #1675, 1000.000000000000000 ) ;
#3351 = VECTOR ( 'NONE', #956, 1000.000000000000000 ) ;
#3352 = DIRECTION ( 'NONE',  ( 1.000000000000000000, 0.000000000000000000, 0.000000000000000000 ) ) ;
#3353 = VECTOR ( 'NONE', #106, 1000.000000000000000 ) ;
#3354 =( NAMED_UNIT ( * ) SI_UNIT ( $, .STERADIAN. ) SOLID_ANGLE_UNIT ( ) );
#3355 = CARTESIAN_POINT ( 'NONE',  ( 1.600000000000000089, 0.000000000000000000, -0.9000000000000000222 ) ) ;
#3356 = AXIS2_PLACEMENT_3D ( 'NONE', #2454, #3558, #3614 ) ;
#3357 = PLANE ( 'NONE',  #1626 ) ;
#3358 = LINE ( 'NONE', #1150, #788 ) ;
#3359 = PLANE ( 'NONE',  #2173 ) ;
#3360 = ADVANCED_FACE ( 'NONE', ( #102 ), #920, .F. ) ;
#3361 = EDGE_LOOP ( 'NONE', ( #2363, #3618, #1636, #1653 ) ) ;
#3362 = LINE ( 'NONE', #1725, #1030 ) ;
#3363 = ORIENTED_EDGE ( 'NONE', *, *, #2597, .F. ) ;
#3364 = CARTESIAN_POINT ( 'NONE',  ( 0.5999999999999998668, 0.000000000000000000, -0.9499999999999999556 ) ) ;
#3365 = VERTEX_POINT ( 'NONE', #3142 ) ;
#3366 = CARTESIAN_POINT ( 'NONE',  ( 3.000000000000000000, 0.2305797569319644469, -0.9299999999999999378 ) ) ;
#3367 = ORIENTED_EDGE ( 'NONE', *, *, #1474, .F. ) ;
#3368 = DIRECTION ( 'NONE',  ( 1.000000000000000000, 0.000000000000000000, -0.000000000000000000 ) ) ;
#3369 = EDGE_CURVE ( 'NONE', #2141, #2121, #2594, .T. ) ;
#3370 = VERTEX_POINT ( 'NONE', #123 ) ;
#3371 = CARTESIAN_POINT ( 'NONE',  ( 0.000000000000000000, 0.9750000000000001998, -0.9499999999999999556 ) ) ;
#3372 = FACE_OUTER_BOUND ( 'NONE', #1363, .T. ) ;
#3373 = ORIENTED_EDGE ( 'NONE', *, *, #1948, .F. ) ;
#3374 = EDGE_CURVE ( 'NONE', #1729, #2956, #1340, .T. ) ;
#3375 = CARTESIAN_POINT ( 'NONE',  ( 3.050000000000000266, 1.050000000000000044, -0.9299999999999999378 ) ) ;
#3376 = DIRECTION ( 'NONE',  ( -0.000000000000000000, 0.000000000000000000, 1.000000000000000000 ) ) ;
#3377 = DIRECTION ( 'NONE',  ( -1.000000000000000000, 0.000000000000000000, 0.000000000000000000 ) ) ;
#3378 = UNCERTAINTY_MEASURE_WITH_UNIT (LENGTH_MEASURE( 1.000000000000000082E-05 ), #3485, 'distance_accuracy_value', 'NONE');
#3379 = ADVANCED_FACE ( 'NONE', ( #1846 ), #3640, .T. ) ;
#3380 = ORIENTED_EDGE ( 'NONE', *, *, #606, .T. ) ;
#3381 = LINE ( 'NONE', #2010, #1685 ) ;
#3382 = EDGE_CURVE ( 'NONE', #2989, #3365, #3469, .T. ) ;
#3383 = DIRECTION ( 'NONE',  ( -0.000000000000000000, -0.000000000000000000, -1.000000000000000000 ) ) ;
#3384 = PLANE ( 'NONE',  #260 ) ;
#3385 = CARTESIAN_POINT ( 'NONE',  ( 0.02499999999999984873, 0.6316699867329622631, -0.9499999999999999556 ) ) ;
#3386 = VERTEX_POINT ( 'NONE', #705 ) ;
#3387 = ORIENTED_EDGE ( 'NONE', *, *, #412, .F. ) ;
#3388 = CARTESIAN_POINT ( 'NONE',  ( -0.000000000000000000, 0.4000000000000000222, 0.000000000000000000 ) ) ;
#3389 = ORIENTED_EDGE ( 'NONE', *, *, #2022, .F. ) ;
#3390 = FACE_OUTER_BOUND ( 'NONE', #970, .T. ) ;
#3391 = CARTESIAN_POINT ( 'NONE',  ( 1.600000000000000089, 0.000000000000000000, -0.9000000000000000222 ) ) ;
#3392 = CARTESIAN_POINT ( 'NONE',  ( 2.631669986732962485, 0.02499999999999999792, -0.9499999999999999556 ) ) ;
#3393 = CARTESIAN_POINT ( 'NONE',  ( 3.050000000000000266, -0.04999999999999991257, -0.9000000000000000222 ) ) ;
#3394 = CIRCLE ( 'NONE', #1977, 0.2999999999999999889 ) ;
#3395 = ORIENTED_EDGE ( 'NONE', *, *, #3264, .T. ) ;
#3396 = PLANE ( 'NONE',  #965 ) ;
#3397 = VECTOR ( 'NONE', #2084, 1000.000000000000000 ) ;
#3398 = LINE ( 'NONE', #893, #1513 ) ;
#3399 = ADVANCED_FACE ( 'NONE', ( #3343 ), #2782, .T. ) ;
#3400 = DIRECTION ( 'NONE',  ( -0.000000000000000000, -0.000000000000000000, 1.000000000000000000 ) ) ;
#3401 = ORIENTED_EDGE ( 'NONE', *, *, #2280, .F. ) ;
#3402 = ORIENTED_EDGE ( 'NONE', *, *, #1084, .T. ) ;
#3403 = VECTOR ( 'NONE', #617, 1000.000000000000000 ) ;
#3404 = EDGE_CURVE ( 'NONE', #1179, #3015, #916, .T. ) ;
#3405 = ORIENTED_EDGE ( 'NONE', *, *, #1314, .F. ) ;
#3406 = CARTESIAN_POINT ( 'NONE',  ( 0.000000000000000000, 0.000000000000000000, -0.9000000000000000222 ) ) ;
#3407 = VECTOR ( 'NONE', #3028, 1000.000000000000000 ) ;
#3408 = ORIENTED_EDGE ( 'NONE', *, *, #509, .T. ) ;
#3409 = DIRECTION ( 'NONE',  ( 0.000000000000000000, 0.000000000000000000, 1.000000000000000000 ) ) ;
#3410 = VECTOR ( 'NONE', #357, 1000.000000000000000 ) ;
#3411 = FACE_OUTER_BOUND ( 'NONE', #3426, .T. ) ;
#3412 = VECTOR ( 'NONE', #2585, 1000.000000000000000 ) ;
#3413 = CIRCLE ( 'NONE', #673, 0.2850000000000000866 ) ;
#3414 = DIRECTION ( 'NONE',  ( -0.000000000000000000, -0.000000000000000000, 1.000000000000000000 ) ) ;
#3415 = VECTOR ( 'NONE', #2106, 1000.000000000000000 ) ;
#3416 = LINE ( 'NONE', #3449, #558 ) ;
#3417 = EDGE_CURVE ( 'NONE', #1429, #2088, #2399, .T. ) ;
#3418 = VECTOR ( 'NONE', #3598, 1000.000000000000000 ) ;
#3419 = ORIENTED_EDGE ( 'NONE', *, *, #1091, .F. ) ;
#3420 = CARTESIAN_POINT ( 'NONE',  ( -6.776263578034400247E-17, 0.4500000000000002331, -0.9249999999999999334 ) ) ;
#3421 = SURFACE_SIDE_STYLE ('',( #2896 ) ) ;
#3422 = ADVANCED_FACE ( 'NONE', ( #1359 ), #2374, .F. ) ;
#3423 = DIRECTION ( 'NONE',  ( 0.000000000000000000, 0.000000000000000000, 1.000000000000000000 ) ) ;
#3424 = CARTESIAN_POINT ( 'NONE',  ( 0.000000000000000000, 1.000000000000000000, -0.9000000000000000222 ) ) ;
#3425 = ORIENTED_EDGE ( 'NONE', *, *, #3264, .F. ) ;
#3426 = EDGE_LOOP ( 'NONE', ( #467, #2413, #385, #2556 ) ) ;
#3427 = DIRECTION ( 'NONE',  ( 0.000000000000000000, 0.000000000000000000, 1.000000000000000000 ) ) ;
#3428 = ORIENTED_EDGE ( 'NONE', *, *, #3656, .T. ) ;
#3429 = ADVANCED_FACE ( 'NONE', ( #818 ), #3539, .F. ) ;
#3430 = LINE ( 'NONE', #615, #1395 ) ;
#3431 = FACE_OUTER_BOUND ( 'NONE', #60, .T. ) ;
#3432 = CARTESIAN_POINT ( 'NONE',  ( 1.500000000000000000, 0.000000000000000000, 0.05000000000000012768 ) ) ;
#3433 = CARTESIAN_POINT ( 'NONE',  ( 0.5000000000000000000, 1.000000000000000000, 0.05000000000000000278 ) ) ;
#3434 = ADVANCED_FACE ( 'NONE', ( #3258 ), #2745, .T. ) ;
#3435 = ORIENTED_EDGE ( 'NONE', *, *, #1233, .F. ) ;
#3436 = DIRECTION ( 'NONE',  ( -1.000000000000000000, 0.000000000000000000, 0.000000000000000000 ) ) ;
#3437 = DIRECTION ( 'NONE',  ( 0.000000000000000000, 0.000000000000000000, -1.000000000000000000 ) ) ;
#3438 = DIRECTION ( 'NONE',  ( 0.000000000000000000, 1.000000000000000000, 0.000000000000000000 ) ) ;
#3439 = CARTESIAN_POINT ( 'NONE',  ( 2.631669986732962485, 0.02499999999999999792, -0.9000000000000000222 ) ) ;
#3440 = ORIENTED_EDGE ( 'NONE', *, *, #121, .T. ) ;
#3441 = EDGE_CURVE ( 'NONE', #933, #2357, #1866, .T. ) ;
#3442 =( LENGTH_UNIT ( ) NAMED_UNIT ( * ) SI_UNIT ( .MILLI., .METRE. ) );
#3443 = ORIENTED_EDGE ( 'NONE', *, *, #1750, .T. ) ;
#3444 = CARTESIAN_POINT ( 'NONE',  ( 2.769420243068036136, 2.168404344971008868E-16, -0.9299999999999999378 ) ) ;
#3445 = DIRECTION ( 'NONE',  ( -0.000000000000000000, 0.000000000000000000, 1.000000000000000000 ) ) ;
#3446 = ADVANCED_FACE ( 'NONE', ( #1272 ), #2497, .F. ) ;
#3447 = EDGE_CURVE ( 'NONE', #588, #2244, #1102, .T. ) ;
#3448 = DIRECTION ( 'NONE',  ( 0.000000000000000000, 0.000000000000000000, 1.000000000000000000 ) ) ;
#3449 = CARTESIAN_POINT ( 'NONE',  ( 0.6999999999999997335, 0.5500000000000002665, -0.9249999999999999334 ) ) ;
#3450 = EDGE_CURVE ( 'NONE', #2860, #1058, #470, .T. ) ;
#3451 = ORIENTED_EDGE ( 'NONE', *, *, #1367, .F. ) ;
#3452 = LINE ( 'NONE', #907, #1389 ) ;
#3453 = DIRECTION ( 'NONE',  ( 0.000000000000000000, 0.000000000000000000, 1.000000000000000000 ) ) ;
#3454 = CARTESIAN_POINT ( 'NONE',  ( 3.050000000000000266, 1.050000000000000044, -0.9000000000000000222 ) ) ;
#3455 = PLANE ( 'NONE',  #477 ) ;
#3456 = ORIENTED_EDGE ( 'NONE', *, *, #2719, .T. ) ;
#3457 = EDGE_CURVE ( 'NONE', #415, #3069, #2464, .T. ) ;
#3458 = VECTOR ( 'NONE', #2187, 1000.000000000000000 ) ;
#3459 = AXIS2_PLACEMENT_3D ( 'NONE', #269, #2893, #1738 ) ;
#3460 = DIRECTION ( 'NONE',  ( 0.000000000000000000, 0.000000000000000000, -1.000000000000000000 ) ) ;
#3461 = ORIENTED_EDGE ( 'NONE', *, *, #2336, .T. ) ;
#3462 = VECTOR ( 'NONE', #1203, 1000.000000000000000 ) ;
#3463 = CARTESIAN_POINT ( 'NONE',  ( 0.000000000000000000, 0.2250000000000000056, -0.9000000000000000222 ) ) ;
#3464 = CARTESIAN_POINT ( 'NONE',  ( 2.498749217771908615, 0.000000000000000000, 0.000000000000000000 ) ) ;
#3465 = VECTOR ( 'NONE', #1148, 1000.000000000000000 ) ;
#3466 = CARTESIAN_POINT ( 'NONE',  ( 1.500000000000000000, 1.000000000000000000, 0.05000000000000012768 ) ) ;
#3467 = DIRECTION ( 'NONE',  ( 0.000000000000000000, -1.000000000000000000, 0.000000000000000000 ) ) ;
#3468 = CARTESIAN_POINT ( 'NONE',  ( 0.000000000000000000, 0.000000000000000000, 0.05000000000000000278 ) ) ;
#3469 = CIRCLE ( 'NONE', #3527, 0.2850000000000000866 ) ;
#3470 = VECTOR ( 'NONE', #481, 1000.000000000000000 ) ;
#3471 = ORIENTED_EDGE ( 'NONE', *, *, #2824, .F. ) ;
#3472 = DIRECTION ( 'NONE',  ( -0.000000000000000000, -0.000000000000000000, 1.000000000000000000 ) ) ;
#3473 = FILL_AREA_STYLE_COLOUR ( '', #134 ) ;
#3474 = ADVANCED_FACE ( 'NONE', ( #3606 ), #2189, .F. ) ;
#3475 = VECTOR ( 'NONE', #2302, 1000.000000000000000 ) ;
#3476 = DIRECTION ( 'NONE',  ( -1.000000000000000000, 0.000000000000000000, 0.000000000000000000 ) ) ;
#3477 = DIRECTION ( 'NONE',  ( -0.000000000000000000, -0.000000000000000000, 1.000000000000000000 ) ) ;
#3478 = EDGE_CURVE ( 'NONE', #2678, #3152, #1911, .T. ) ;
#3479 = VERTEX_POINT ( 'NONE', #3175 ) ;
#3480 = EDGE_CURVE ( 'NONE', #1874, #951, #1189, .T. ) ;
#3481 = SURFACE_STYLE_FILL_AREA ( #2253 ) ;
#3482 = ORIENTED_EDGE ( 'NONE', *, *, #2751, .T. ) ;
#3483 = CARTESIAN_POINT ( 'NONE',  ( 3.050000000000000266, -0.04999999999999991257, -0.9000000000000000222 ) ) ;
#3484 = DIRECTION ( 'NONE',  ( -1.000000000000000000, 0.000000000000000000, -0.000000000000000000 ) ) ;
#3485 =( LENGTH_UNIT ( ) NAMED_UNIT ( * ) SI_UNIT ( .MILLI., .METRE. ) );
#3486 = DIRECTION ( 'NONE',  ( 0.000000000000000000, 0.000000000000000000, 1.000000000000000000 ) ) ;
#3487 = DIRECTION ( 'NONE',  ( 1.000000000000000000, 0.000000000000000000, 0.000000000000000000 ) ) ;
#3488 = DIRECTION ( 'NONE',  ( -0.000000000000000000, 0.000000000000000000, -1.000000000000000000 ) ) ;
#3489 = ADVANCED_FACE ( 'NONE', ( #289 ), #2028, .F. ) ;
#3490 = VERTEX_POINT ( 'NONE', #2601 ) ;
#3491 = CARTESIAN_POINT ( 'NONE',  ( 3.000000000000000000, 0.000000000000000000, -0.9000000000000000222 ) ) ;
#3492 = FACE_OUTER_BOUND ( 'NONE', #3566, .T. ) ;
#3493 =( NAMED_UNIT ( * ) SI_UNIT ( $, .STERADIAN. ) SOLID_ANGLE_UNIT ( ) );
#3494 = EDGE_CURVE ( 'NONE', #2447, #115, #1400, .T. ) ;
#3495 = ADVANCED_FACE ( 'NONE', ( #1433 ), #3384, .T. ) ;
#3496 = LINE ( 'NONE', #1262, #1260 ) ;
#3497 = ORIENTED_EDGE ( 'NONE', *, *, #2766, .F. ) ;
#3498 = ORIENTED_EDGE ( 'NONE', *, *, #3541, .F. ) ;
#3499 = LINE ( 'NONE', #3307, #2151 ) ;
#3500 = ORIENTED_EDGE ( 'NONE', *, *, #190, .T. ) ;
#3501 = CARTESIAN_POINT ( 'NONE',  ( -5.285485590866835102E-16, 0.9749999999999994227, -0.9000000000000000222 ) ) ;
#3502 = CARTESIAN_POINT ( 'NONE',  ( 2.627951424596646657, 1.000000000000000000, -0.9000000000000000222 ) ) ;
#3503 = LINE ( 'NONE', #1776, #2518 ) ;
#3504 = DIRECTION ( 'NONE',  ( 0.000000000000000000, -1.000000000000000000, 0.000000000000000000 ) ) ;
#3505 = ORIENTED_EDGE ( 'NONE', *, *, #2423, .F. ) ;
#3506 = CARTESIAN_POINT ( 'NONE',  ( 0.000000000000000000, 0.9750000000000001998, -0.9499999999999999556 ) ) ;
#3507 = LINE ( 'NONE', #2707, #1993 ) ;
#3508 = FILL_AREA_STYLE ('',( #1284 ) ) ;
#3509 = PLANE ( 'NONE',  #1385 ) ;
#3510 = ORIENTED_EDGE ( 'NONE', *, *, #2719, .F. ) ;
#3511 = VERTEX_POINT ( 'NONE', #2047 ) ;
#3512 = VECTOR ( 'NONE', #62, 1000.000000000000000 ) ;
#3513 = ORIENTED_EDGE ( 'NONE', *, *, #273, .T. ) ;
#3514 = DIRECTION ( 'NONE',  ( -0.000000000000000000, -0.000000000000000000, 1.000000000000000000 ) ) ;
#3515 = VECTOR ( 'NONE', #2364, 1000.000000000000000 ) ;
#3516 = ADVANCED_FACE ( 'NONE', ( #327 ), #2313, .T. ) ;
#3517 = DIRECTION ( 'NONE',  ( -0.000000000000000000, -0.000000000000000000, -1.000000000000000000 ) ) ;
#3518 = EDGE_LOOP ( 'NONE', ( #3401, #2568, #364, #942 ) ) ;
#3519 = FILL_AREA_STYLE_COLOUR ( '', #1817 ) ;
#3520 = VECTOR ( 'NONE', #830, 1000.000000000000000 ) ;
#3521 = DIRECTION ( 'NONE',  ( 0.000000000000000000, -1.000000000000000000, 0.000000000000000000 ) ) ;
#3522 = ORIENTED_EDGE ( 'NONE', *, *, #2021, .T. ) ;
#3523 = CARTESIAN_POINT ( 'NONE',  ( 0.000000000000000000, 0.000000000000000000, -0.9000000000000000222 ) ) ;
#3524 = AXIS2_PLACEMENT_3D ( 'NONE', #2530, #3368, #258 ) ;
#3525 = ADVANCED_FACE ( 'NONE', ( #274 ), #910, .F. ) ;
#3526 = EDGE_LOOP ( 'NONE', ( #416, #2763, #780, #3498 ) ) ;
#3527 = AXIS2_PLACEMENT_3D ( 'NONE', #529, #2804, #1831 ) ;
#3528 = AXIS2_PLACEMENT_3D ( 'NONE', #3468, #27, #1444 ) ;
#3529 = FACE_OUTER_BOUND ( 'NONE', #1568, .T. ) ;
#3530 =( NAMED_UNIT ( * ) PLANE_ANGLE_UNIT ( ) SI_UNIT ( $, .RADIAN. ) );
#3531 = VECTOR ( 'NONE', #1065, 1000.000000000000000 ) ;
#3532 = DIRECTION ( 'NONE',  ( -0.000000000000000000, -0.000000000000000000, 1.000000000000000000 ) ) ;
#3533 = ORIENTED_EDGE ( 'NONE', *, *, #2022, .T. ) ;
#3534 = AXIS2_PLACEMENT_3D ( 'NONE', #391, #2417, #2075 ) ;
#3535 = ORIENTED_EDGE ( 'NONE', *, *, #892, .T. ) ;
#3536 = DIRECTION ( 'NONE',  ( 0.000000000000000000, 0.000000000000000000, -1.000000000000000000 ) ) ;
#3537 = VERTEX_POINT ( 'NONE', #3120 ) ;
#3538 = CARTESIAN_POINT ( 'NONE',  ( 0.3683300132670376814, 0.9750000000000001998, -0.9499999999999999556 ) ) ;
#3539 = PLANE ( 'NONE',  #195 ) ;
#3540 = EDGE_LOOP ( 'NONE', ( #1120, #1941, #2675, #629 ) ) ;
#3541 = EDGE_CURVE ( 'NONE', #1672, #596, #2526, .T. ) ;
#3542 = CARTESIAN_POINT ( 'NONE',  ( 0.000000000000000000, 0.9750000000000001998, -0.9499999999999999556 ) ) ;
#3543 = EDGE_CURVE ( 'NONE', #700, #115, #878, .T. ) ;
#3544 = DIRECTION ( 'NONE',  ( -0.000000000000000000, -0.000000000000000000, 1.000000000000000000 ) ) ;
#3545 = EDGE_LOOP ( 'NONE', ( #42, #1741, #577, #2533 ) ) ;
#3546 = CARTESIAN_POINT ( 'NONE',  ( 2.498749217771908615, 0.000000000000000000, 0.000000000000000000 ) ) ;
#3547 = DIRECTION ( 'NONE',  ( -0.000000000000000000, -0.000000000000000000, -1.000000000000000000 ) ) ;
#3548 = LINE ( 'NONE', #1206, #1808 ) ;
#3549 = EDGE_CURVE ( 'NONE', #1160, #2372, #1972, .T. ) ;
#3550 = LINE ( 'NONE', #212, #2806 ) ;
#3551 = VERTEX_POINT ( 'NONE', #2282 ) ;
#3552 = ORIENTED_EDGE ( 'NONE', *, *, #3596, .F. ) ;
#3553 = DIRECTION ( 'NONE',  ( -0.000000000000000000, -0.000000000000000000, -1.000000000000000000 ) ) ;
#3554 = ORIENTED_EDGE ( 'NONE', *, *, #2555, .T. ) ;
#3555 = DIRECTION ( 'NONE',  ( -1.000000000000000000, 0.000000000000000000, 0.000000000000000000 ) ) ;
#3556 = CARTESIAN_POINT ( 'NONE',  ( 0.000000000000000000, 0.000000000000000000, 0.000000000000000000 ) ) ;
#3557 = ORIENTED_EDGE ( 'NONE', *, *, #1881, .T. ) ;
#3558 = DIRECTION ( 'NONE',  ( 0.000000000000000000, 1.000000000000000000, 0.000000000000000000 ) ) ;
#3559 = CARTESIAN_POINT ( 'NONE',  ( 2.975000000000000089, 0.000000000000000000, -0.9000000000000000222 ) ) ;
#3560 = ORIENTED_EDGE ( 'NONE', *, *, #2119, .T. ) ;
#3561 = DIRECTION ( 'NONE',  ( -0.000000000000000000, -0.000000000000000000, 1.000000000000000000 ) ) ;
#3562 = CARTESIAN_POINT ( 'NONE',  ( -7.453889935837842984E-17, 0.7541960108450191935, -0.9499999999999999556 ) ) ;
#3563 = ADVANCED_FACE ( 'NONE', ( #2857 ), #1765, .F. ) ;
#3564 = UNCERTAINTY_MEASURE_WITH_UNIT (LENGTH_MEASURE( 1.000000000000000082E-05 ), #210, 'distance_accuracy_value', 'NONE');
#3565 = CARTESIAN_POINT ( 'NONE',  ( 1.702500000000000124, 0.2975000000000002642, 0.1700000000000000122 ) ) ;
#3566 = EDGE_LOOP ( 'NONE', ( #1420, #2653, #355, #644 ) ) ;
#3567 = ORIENTED_EDGE ( 'NONE', *, *, #1951, .F. ) ;
#3568 = LINE ( 'NONE', #199, #2264 ) ;
#3569 = VERTEX_POINT ( 'NONE', #3676 ) ;
#3570 = LINE ( 'NONE', #1048, #856 ) ;
#3571 = EDGE_CURVE ( 'NONE', #1672, #3365, #2248, .T. ) ;
#3572 = CARTESIAN_POINT ( 'NONE',  ( -7.448297150300491101E-17, 0.5500000000000002665, -0.9249999999999999334 ) ) ;
#3573 = VECTOR ( 'NONE', #2314, 1000.000000000000000 ) ;
#3574 = ORIENTED_EDGE ( 'NONE', *, *, #319, .F. ) ;
#3575 =( NAMED_UNIT ( * ) PLANE_ANGLE_UNIT ( ) SI_UNIT ( $, .RADIAN. ) );
#3576 = VECTOR ( 'NONE', #533, 1000.000000000000000 ) ;
#3577 = DIRECTION ( 'NONE',  ( -1.000000000000000000, 0.000000000000000000, 0.000000000000000000 ) ) ;
#3578 = AXIS2_PLACEMENT_3D ( 'NONE', #450, #2708, #2688 ) ;
#3579 = ORIENTED_EDGE ( 'NONE', *, *, #1563, .T. ) ;
#3580 = CARTESIAN_POINT ( 'NONE',  ( 0.000000000000000000, 0.000000000000000000, -0.9000000000000000222 ) ) ;
#3581 = FACE_OUTER_BOUND ( 'NONE', #1193, .T. ) ;
#3582 = CIRCLE ( 'NONE', #2986, 0.05000000000000002359 ) ;
#3583 = VECTOR ( 'NONE', #1195, 1000.000000000000000 ) ;
#3584 = CARTESIAN_POINT ( 'NONE',  ( 0.9975000000000001643, 0.8025000000000003242, 0.1700000000000000122 ) ) ;
#3585 = EDGE_CURVE ( 'NONE', #3038, #1703, #2299, .T. ) ;
#3586 = CARTESIAN_POINT ( 'NONE',  ( 1.399999999999999911, 0.6000000000000000888, -0.9499999999999999556 ) ) ;
#3587 = VECTOR ( 'NONE', #1764, 1000.000000000000000 ) ;
#3588 = AXIS2_PLACEMENT_3D ( 'NONE', #3615, #2793, #3577 ) ;
#3589 = ORIENTED_EDGE ( 'NONE', *, *, #1859, .F. ) ;
#3590 = PLANE ( 'NONE',  #963 ) ;
#3591 = AXIS2_PLACEMENT_3D ( 'NONE', #178, #149, #458 ) ;
#3592 = EDGE_LOOP ( 'NONE', ( #2846, #2236, #3303, #2156 ) ) ;
#3593 = CARTESIAN_POINT ( 'NONE',  ( 3.000000000000000000, 0.2458039891549809175, -0.9000000000000000222 ) ) ;
#3594 = DIRECTION ( 'NONE',  ( 1.000000000000000000, 6.720335722660911000E-17, 0.000000000000000000 ) ) ;
#3595 = STYLED_ITEM ( 'NONE', ( #1219 ), #1428 ) ;
#3596 = EDGE_CURVE ( 'NONE', #3013, #3511, #1698, .T. ) ;
#3597 = ORIENTED_EDGE ( 'NONE', *, *, #2067, .F. ) ;
#3598 = DIRECTION ( 'NONE',  ( 0.000000000000000000, -1.000000000000000000, 0.000000000000000000 ) ) ;
#3599 = DIRECTION ( 'NONE',  ( -1.000000000000000000, 0.000000000000000000, 0.000000000000000000 ) ) ;
#3600 =( NAMED_UNIT ( * ) PLANE_ANGLE_UNIT ( ) SI_UNIT ( $, .RADIAN. ) );
#3601 = PRODUCT_DEFINITION_CONTEXT ( 'detailed design', #882, 'design' ) ;
#3602 = ORIENTED_EDGE ( 'NONE', *, *, #1875, .F. ) ;
#3603 = DIRECTION ( 'NONE',  ( 1.000000000000000000, 0.000000000000000000, 0.000000000000000000 ) ) ;
#3604 = LINE ( 'NONE', #2478, #1807 ) ;
#3605 = EDGE_CURVE ( 'NONE', #1908, #1787, #2828, .T. ) ;
#3606 = FACE_OUTER_BOUND ( 'NONE', #124, .T. ) ;
#3607 = EDGE_LOOP ( 'NONE', ( #3090, #1538 ) ) ;
#3608 = EDGE_CURVE ( 'NONE', #1844, #3256, #1450, .T. ) ;
#3609 = CYLINDRICAL_SURFACE ( 'NONE', #300, 0.2999999999999999889 ) ;
#3610 = ORIENTED_EDGE ( 'NONE', *, *, #2247, .F. ) ;
#3611 = DIRECTION ( 'NONE',  ( 0.000000000000000000, 0.000000000000000000, 1.000000000000000000 ) ) ;
#3612 = ORIENTED_EDGE ( 'NONE', *, *, #2507, .T. ) ;
#3613 = CARTESIAN_POINT ( 'NONE',  ( 2.631669986732962485, 0.9750000000000001998, -0.9499999999999999556 ) ) ;
#3614 = DIRECTION ( 'NONE',  ( 0.000000000000000000, -0.000000000000000000, 1.000000000000000000 ) ) ;
#3615 = CARTESIAN_POINT ( 'NONE',  ( 3.050000000000000266, -0.04999999999999969746, -0.9299999999999999378 ) ) ;
#3616 = DIRECTION ( 'NONE',  ( 0.000000000000000000, -1.000000000000000000, 0.000000000000000000 ) ) ;
#3617 = CARTESIAN_POINT ( 'NONE',  ( 0.02499999999999984873, 0.6316699867329622631, -0.9000000000000000222 ) ) ;
#3618 = ORIENTED_EDGE ( 'NONE', *, *, #3480, .F. ) ;
#3619 = DIRECTION ( 'NONE',  ( -0.000000000000000000, -0.000000000000000000, 1.000000000000000000 ) ) ;
#3620 = DIRECTION ( 'NONE',  ( -0.000000000000000000, -0.000000000000000000, 1.000000000000000000 ) ) ;
#3621 = CARTESIAN_POINT ( 'NONE',  ( 0.000000000000000000, 0.4000000000000000222, 0.05000000000000000278 ) ) ;
#3622 = VERTEX_POINT ( 'NONE', #31 ) ;
#3623 = DIRECTION ( 'NONE',  ( 1.000000000000000000, 0.000000000000000000, 0.000000000000000000 ) ) ;
#3624 = ORIENTED_EDGE ( 'NONE', *, *, #3106, .F. ) ;
#3625 = DIRECTION ( 'NONE',  ( -0.000000000000000000, -0.000000000000000000, 1.000000000000000000 ) ) ;
#3626 = ORIENTED_EDGE ( 'NONE', *, *, #2607, .T. ) ;
#3627 = DIRECTION ( 'NONE',  ( 0.000000000000000000, 0.000000000000000000, 1.000000000000000000 ) ) ;
#3628 = EDGE_CURVE ( 'NONE', #1429, #2808, #3398, .T. ) ;
#3629 = CARTESIAN_POINT ( 'NONE',  ( 0.3500000000000000888, 0.7500000000000000000, 0.000000000000000000 ) ) ;
#3630 = DIRECTION ( 'NONE',  ( -0.000000000000000000, 0.000000000000000000, 1.000000000000000000 ) ) ;
#3631 = AXIS2_PLACEMENT_3D ( 'NONE', #2712, #2140, #1026 ) ;
#3632 = DIRECTION ( 'NONE',  ( -0.000000000000000000, -0.000000000000000000, -1.000000000000000000 ) ) ;
#3633 = CYLINDRICAL_SURFACE ( 'NONE', #2946, 0.05000000000000002359 ) ;
#3634 = VECTOR ( 'NONE', #3176, 1000.000000000000000 ) ;
#3635 = EDGE_CURVE ( 'NONE', #2902, #570, #3548, .T. ) ;
#3636 = ORIENTED_EDGE ( 'NONE', *, *, #1871, .T. ) ;
#3637 = DIRECTION ( 'NONE',  ( -1.000000000000000000, 7.228014483236696555E-16, 0.000000000000000000 ) ) ;
#3638 = VECTOR ( 'NONE', #1689, 1000.000000000000000 ) ;
#3639 = PLANE ( 'NONE',  #723 ) ;
#3640 = CYLINDRICAL_SURFACE ( 'NONE', #70, 0.4249999999999999334 ) ;
#3641 = EDGE_LOOP ( 'NONE', ( #471, #2637, #1161, #390 ) ) ;
#3642 = LINE ( 'NONE', #3677, #2319 ) ;
#3643 = ORIENTED_EDGE ( 'NONE', *, *, #2325, .F. ) ;
#3644 = CARTESIAN_POINT ( 'NONE',  ( 4.675621868843737872E-16, 0.7541960108450191935, -0.9000000000000000222 ) ) ;
#3645 = ORIENTED_EDGE ( 'NONE', *, *, #1987, .T. ) ;
#3646 = COLOUR_RGB ( '',0.7529411764705882248, 0.7529411764705882248, 0.7529411764705882248 ) ;
#3647 = CIRCLE ( 'NONE', #3588, 0.2999999999999999334 ) ;
#3648 = LINE ( 'NONE', #1960, #1218 ) ;
#3649 = VECTOR ( 'NONE', #3467, 1000.000000000000000 ) ;
#3650 = CARTESIAN_POINT ( 'NONE',  ( 3.000000000000000000, 0.2458039891549808620, 0.000000000000000000 ) ) ;
#3651 = VERTEX_POINT ( 'NONE', #1004 ) ;
#3652 = DIRECTION ( 'NONE',  ( -0.000000000000000000, 1.000000000000000000, -0.000000000000000000 ) ) ;
#3653 = VECTOR ( 'NONE', #133, 1000.000000000000000 ) ;
#3654 = STYLED_ITEM ( 'NONE', ( #1665 ), #1434 ) ;
#3655 = DIRECTION ( 'NONE',  ( -0.000000000000000000, -0.000000000000000000, 1.000000000000000000 ) ) ;
#3656 = EDGE_CURVE ( 'NONE', #3013, #1844, #487, .T. ) ;
#3657 = EDGE_CURVE ( 'NONE', #1932, #1230, #3267, .T. ) ;
#3658 = DIRECTION ( 'NONE',  ( 0.000000000000000000, 0.000000000000000000, -1.000000000000000000 ) ) ;
#3659 = VERTEX_POINT ( 'NONE', #2351 ) ;
#3660 = LINE ( 'NONE', #815, #422 ) ;
#3661 = EDGE_LOOP ( 'NONE', ( #3237, #325, #1842, #2341 ) ) ;
#3662 = DIRECTION ( 'NONE',  ( -0.000000000000000000, 0.000000000000000000, -1.000000000000000000 ) ) ;
#3663 = ORIENTED_EDGE ( 'NONE', *, *, #1759, .F. ) ;
#3664 = CARTESIAN_POINT ( 'NONE',  ( 0.5999999999999998668, 0.6000000000000003109, -0.9499999999999999556 ) ) ;
#3665 = ORIENTED_EDGE ( 'NONE', *, *, #896, .T. ) ;
#3666 = VERTEX_POINT ( 'NONE', #3190 ) ;
#3667 = PLANE ( 'NONE',  #926 ) ;
#3668 = ORIENTED_EDGE ( 'NONE', *, *, #2426, .F. ) ;
#3669 = LINE ( 'NONE', #2034, #261 ) ;
#3670 = DIRECTION ( 'NONE',  ( -0.000000000000000000, -1.000000000000000000, -0.000000000000000000 ) ) ;
#3671 = DIRECTION ( 'NONE',  ( -0.000000000000000000, -0.000000000000000000, 1.000000000000000000 ) ) ;
#3672 = VERTEX_POINT ( 'NONE', #713 ) ;
#3673 = PLANE ( 'NONE',  #2921 ) ;
#3674 = DIRECTION ( 'NONE',  ( -0.000000000000000000, -0.000000000000000000, -1.000000000000000000 ) ) ;
#3675 = EDGE_CURVE ( 'NONE', #2786, #280, #1839, .T. ) ;
#3676 = CARTESIAN_POINT ( 'NONE',  ( 2.627951424596646657, 0.000000000000000000, -0.9000000000000000222 ) ) ;
#3677 = CARTESIAN_POINT ( 'NONE',  ( 0.5012507822280910519, 0.000000000000000000, 0.000000000000000000 ) ) ;
#3678 = ORIENTED_EDGE ( 'NONE', *, *, #3203, .F. ) ;
#3679 = VERTEX_POINT ( 'NONE', #78 ) ;
#3680 = ORIENTED_EDGE ( 'NONE', *, *, #418, .F. ) ;
ENDSEC;
END-ISO-10303-21;
