ISO-10303-21;
HEADER;
FILE_DESCRIPTION (( 'STEP AP214' ),
    '1' );
FILE_NAME ('5134.STEP',
    '2016-05-25T18:45:36',
    ( '' ),
    ( '' ),
    'SwSTEP 2.0',
    'SolidWorks 2013',
    '' );
FILE_SCHEMA (( 'AUTOMOTIVE_DESIGN' ));
ENDSEC;

DATA;
#1 = CARTESIAN_POINT ( 'NONE',  ( -3.303686331902846900, 0.1680424454307619400, -0.9681359021982185500 ) ) ;
#2 = VERTEX_POINT ( 'NONE', #691 ) ;
#3 = DIRECTION ( 'NONE',  ( -0.0000000000000000000, -1.000000000000000000, -0.0000000000000000000 ) ) ;
#4 = EDGE_LOOP ( 'NONE', ( #1120, #1753, #1296, #1647 ) ) ;
#5 = CARTESIAN_POINT ( 'NONE',  ( 0.04418104336899048000, 0.1104832795211453300, -4.184942278865279700 ) ) ;
#6 = CARTESIAN_POINT ( 'NONE',  ( -0.8506689116232939400, 0.0001006543143246786300, 3.900261362806483100 ) ) ;
#7 = CARTESIAN_POINT ( 'NONE',  ( 3.923735702127703300, 0.0005404270053842403700, 0.8481086200087607500 ) ) ;
#8 = DIRECTION ( 'NONE',  ( -0.0000000000000000000, -1.000000000000000000, -0.0000000000000000000 ) ) ;
#9 = AXIS2_PLACEMENT_3D ( 'NONE', #2682, #36, #431 ) ;
#10 = EDGE_LOOP ( 'NONE', ( #2376, #1281, #1967 ) ) ;
#11 =( LENGTH_UNIT ( ) NAMED_UNIT ( * ) SI_UNIT ( .MILLI., .METRE. ) );
#12 = EDGE_CURVE ( 'NONE', #2256, #1181, #2834, .T. ) ;
#13 = CARTESIAN_POINT ( 'NONE',  ( 4.181759488389396000, 0.1285260496614448700, -0.05000000000000000300 ) ) ;
#14 = LINE ( 'NONE', #146, #457 ) ;
#15 = PRODUCT_RELATED_PRODUCT_CATEGORY ( 'part', '', ( #1650 ) ) ;
#16 = FACE_OUTER_BOUND ( 'NONE', #2132, .T. ) ;
#17 = DIRECTION ( 'NONE',  ( -0.5647931791164017000, -0.8252324913765745100, 0.0000000000000000000 ) ) ;
#18 = CARTESIAN_POINT ( 'NONE',  ( 2.437058995850741800, 0.1938818833371134500, 1.348488737609047500 ) ) ;
#19 = ORIENTED_EDGE ( 'NONE', *, *, #2040, .F. ) ;
#20 = ORIENTED_EDGE ( 'NONE', *, *, #1905, .T. ) ;
#21 = CARTESIAN_POINT ( 'NONE',  ( -0.8514082489722302200, 0.0006359368622863261400, 3.893738007423126900 ) ) ;
#22 = EDGE_CURVE ( 'NONE', #1817, #2230, #1600, .T. ) ;
#23 = DIRECTION ( 'NONE',  ( 0.0000000000000000000, 1.000000000000000000, 0.0000000000000000000 ) ) ;
#24 = CARTESIAN_POINT ( 'NONE',  ( -0.8521565073312421500, 0.001609881913664841800, 3.887297395051586300 ) ) ;
#25 = CARTESIAN_POINT ( 'NONE',  ( -0.04982041766161399800, 0.07215159023128706100, -4.192204019208628700 ) ) ;
#26 = CARTESIAN_POINT ( 'NONE',  ( 4.199702367158962200, 0.03290740378530646700, -0.04999999908445116500 ) ) ;
#27 = EDGE_CURVE ( 'NONE', #2230, #782, #1149, .T. ) ;
#28 = ORIENTED_EDGE ( 'NONE', *, *, #605, .T. ) ;
#29 = LINE ( 'NONE', #1007, #2811 ) ;
#30 = CARTESIAN_POINT ( 'NONE',  ( 1.044030133791681900E-015, 0.4200000000000002600, 0.0000000000000000000 ) ) ;
#31 = CONICAL_SURFACE ( 'NONE', #2391, 4.184982973661599100, 1.398248548160331100 ) ;
#32 = CIRCLE ( 'NONE', #1580, 4.022327603132236400 ) ;
#33 = AXIS2_PLACEMENT_3D ( 'NONE', #1198, #1271, #1145 ) ;
#34 = ORIENTED_EDGE ( 'NONE', *, *, #391, .F. ) ;
#35 = ADVANCED_FACE ( 'NONE', ( #1462 ), #924, .F. ) ;
#36 = DIRECTION ( 'NONE',  ( 0.0000000000000000000, 0.0000000000000000000, 1.000000000000000000 ) ) ;
#37 = EDGE_CURVE ( 'NONE', #119, #880, #2332, .T. ) ;
#39 = EDGE_LOOP ( 'NONE', ( #979, #1044, #1112, #1182, #1263, #1407, #1515, #1549, #1787 ) ) ;
#38 = CARTESIAN_POINT ( 'NONE',  ( -3.157248564269580900, 0.1882045409787693500, -1.015070034319063700 ) ) ;
#40 = VERTEX_POINT ( 'NONE', #1768 ) ;
#41 = EDGE_CURVE ( 'NONE', #1845, #2517, #1427, .T. ) ;
#42 = CONICAL_SURFACE ( 'NONE', #271, 4.022327603132236400, 1.398189730188844200 ) ;
#43 = CARTESIAN_POINT ( 'NONE',  ( -4.022327603132236400, 0.001931744220632695100, -3.166857824944420100E-014 ) ) ;
#44 = CONICAL_SURFACE ( 'NONE', #426, 3.992155566008849000, 1.413256800722692700 ) ;
#45 = CARTESIAN_POINT ( 'NONE',  ( 0.0000000000000000000, 0.1114853205891338500, 0.0000000000000000000 ) ) ;
#46 = VERTEX_POINT ( 'NONE', #1491 ) ;
#47 = ADVANCED_FACE ( 'NONE', ( #1561 ), #1476, .F. ) ;
#48 = FACE_OUTER_BOUND ( 'NONE', #1896, .T. ) ;
#49 = ORIENTED_EDGE ( 'NONE', *, *, #2063, .T. ) ;
#50 = DIRECTION ( 'NONE',  ( -0.0000000000000000000, -1.000000000000000000, -0.0000000000000000000 ) ) ;
#51 = FACE_OUTER_BOUND ( 'NONE', #1010, .T. ) ;
#52 = EDGE_LOOP ( 'NONE', ( #1730, #1912, #2507, #1823, #695, #1835, #1880, #317 ) ) ;
#53 = AXIS2_PLACEMENT_3D ( 'NONE', #897, #875, #2255 ) ;
#54 = EDGE_CURVE ( 'NONE', #162, #713, #1355, .T. ) ;
#55 = CIRCLE ( 'NONE', #1310, 4.200000000000000200 ) ;
#56 = EDGE_CURVE ( 'NONE', #46, #416, #1503, .T. ) ;
#57 = ORIENTED_EDGE ( 'NONE', *, *, #2413, .T. ) ;
#58 = AXIS2_PLACEMENT_3D ( 'NONE', #2596, #2747, #2530 ) ;
#59 = ORIENTED_EDGE ( 'NONE', *, *, #942, .F. ) ;
#60 = ORIENTED_EDGE ( 'NONE', *, *, #1783, .F. ) ;
#61 = CARTESIAN_POINT ( 'NONE',  ( 4.101034757479669500, 0.1114853205891338100, -0.8340242249366306400 ) ) ;
#62 = B_SPLINE_CURVE_WITH_KNOTS ( 'NONE', 3,
 ( #1140, #1795, #2064, #1664, #1818, #2571, #1617 ),
 .UNSPECIFIED., .F., .F.,
 ( 4, 3, 4 ),
 ( 0.0001098825857807871900, 0.0001353204681029273200, 0.0001548977301564126900 ),
 .UNSPECIFIED. ) ;
#63 = CARTESIAN_POINT ( 'NONE',  ( 7.373787841020134700E-014, 0.04133736138351488300, -4.015457571399240400 ) ) ;
#64 = CARTESIAN_POINT ( 'NONE',  ( -2.733012864235768700, 0.2428009866234376600, -1.182692899981175900 ) ) ;
#65 = FACE_OUTER_BOUND ( 'NONE', #934, .T. ) ;
#66 = CARTESIAN_POINT ( 'NONE',  ( 0.0000000000000000000, 0.2088540056697230100, 0.0000000000000000000 ) ) ;
#67 = EDGE_CURVE ( 'NONE', #1188, #1636, #1347, .T. ) ;
#68 = DIRECTION ( 'NONE',  ( 0.0000000000000000000, 0.0000000000000000000, -1.000000000000000000 ) ) ;
#69 = AXIS2_PLACEMENT_3D ( 'NONE', #816, #2801, #1486 ) ;
#70 = ORIENTED_EDGE ( 'NONE', *, *, #2183, .F. ) ;
#71 = CARTESIAN_POINT ( 'NONE',  ( 0.03992244300947577600, 0.1114853205891259700, 4.184792550220577400 ) ) ;
#72 = B_SPLINE_CURVE_WITH_KNOTS ( 'NONE', 3,
 ( #1807, #2047, #1585, #272 ),
 .UNSPECIFIED., .F., .F.,
 ( 4, 4 ),
 ( 3.808947891426851500E-006, 0.001002588761474854500 ),
 .UNSPECIFIED. ) ;
#73 = DIRECTION ( 'NONE',  ( -0.0000000000000000000, -1.000000000000000000, -0.0000000000000000000 ) ) ;
#74 = CARTESIAN_POINT ( 'NONE',  ( 3.932084542713826900, 0.001931744208480699500, 0.8472487804023619600 ) ) ;
#75 = DIRECTION ( 'NONE',  ( 0.9635405794047173800, -0.04595402684468463700, -0.2635863791192170600 ) ) ;
#76 = ORIENTED_EDGE ( 'NONE', *, *, #634, .F. ) ;
#77 = DIRECTION ( 'NONE',  ( 0.0000000000000000000, 0.0000000000000000000, -1.000000000000000000 ) ) ;
#78 = CARTESIAN_POINT ( 'NONE',  ( -4.010117716611905100, 0.08106398219740319800, 0.05000000000000000300 ) ) ;
#79 = DIRECTION ( 'NONE',  ( -0.0000000000000000000, -1.000000000000000000, -0.0000000000000000000 ) ) ;
#80 = EDGE_CURVE ( 'NONE', #623, #1772, #1081, .T. ) ;
#81 = EDGE_CURVE ( 'NONE', #1817, #2641, #2605, .T. ) ;
#82 = CIRCLE ( 'NONE', #1955, 2.687551094385840900 ) ;
#83 = DIRECTION ( 'NONE',  ( 0.0000000000000000000, 1.000000000000000000, 0.0000000000000000000 ) ) ;
#84 = DIRECTION ( 'NONE',  ( 0.2638651379477978700, 0.0000000000000000000, 0.9645595829059963000 ) ) ;
#85 = DIRECTION ( 'NONE',  ( 0.0000000000000000000, 0.0000000000000000000, -1.000000000000000000 ) ) ;
#86 = ORIENTED_EDGE ( 'NONE', *, *, #1758, .F. ) ;
#87 = DIRECTION ( 'NONE',  ( -0.0000000000000000000, -1.000000000000000000, -0.0000000000000000000 ) ) ;
#88 = ORIENTED_EDGE ( 'NONE', *, *, #1199, .T. ) ;
#89 = CARTESIAN_POINT ( 'NONE',  ( -4.010117716611905100, 0.08106398219740319800, -0.05000000000000000300 ) ) ;
#90 = CARTESIAN_POINT ( 'NONE',  ( 0.03992244300947577600, 0.1114853205891259700, 4.184792550220577400 ) ) ;
#91 = DIRECTION ( 'NONE',  ( 0.0000000000000000000, 0.9845266551315357000, -0.1752348861828323400 ) ) ;
#92 = CONICAL_SURFACE ( 'NONE', #1043, 2.674999999999999800, 1.413256800722689800 ) ;
#93 = EDGE_CURVE ( 'NONE', #2305, #880, #1038, .T. ) ;
#94 = CARTESIAN_POINT ( 'NONE',  ( 4.181759488389396000, 0.1285260496614448700, -0.05000000000000000300 ) ) ;
#95 = CARTESIAN_POINT ( 'NONE',  ( -4.009975740809831100, 0.08096681325962051800, -0.01666711065358619800 ) ) ;
#96 = CARTESIAN_POINT ( 'NONE',  ( 0.0000000000000000000, 0.1114853205891338500, 0.0000000000000000000 ) ) ;
#97 = DIRECTION ( 'NONE',  ( 0.0000000000000000000, 0.0000000000000000000, -1.000000000000000000 ) ) ;
#98 = ORIENTED_EDGE ( 'NONE', *, *, #1936, .F. ) ;
#99 = ORIENTED_EDGE ( 'NONE', *, *, #2676, .T. ) ;
#100 = CARTESIAN_POINT ( 'NONE',  ( 3.917697766902401100, 0.08074247352993647900, 0.8487608867758071900 ) ) ;
#101 = VERTEX_POINT ( 'NONE', #2757 ) ;
#102 = LINE ( 'NONE', #2298, #684 ) ;
#103 = DIRECTION ( 'NONE',  ( 0.0000000000000000000, -1.000000000000000000, 0.0000000000000000000 ) ) ;
#104 = AXIS2_PLACEMENT_3D ( 'NONE', #2565, #2550, #2541 ) ;
#105 = CARTESIAN_POINT ( 'NONE',  ( 0.04082447667459254700, 0.1108243434341093900, 4.184910196864196400 ) ) ;
#106 = CARTESIAN_POINT ( 'NONE',  ( -0.04999999999998565300, 0.09858353559009679100, -4.110650230029804700 ) ) ;
#107 = ORIENTED_EDGE ( 'NONE', *, *, #556, .T. ) ;
#108 = B_SPLINE_CURVE_WITH_KNOTS ( 'NONE', 3,
 ( #969, #2798, #656, #1661 ),
 .UNSPECIFIED., .F., .F.,
 ( 4, 4 ),
 ( 6.375808872569075300E-021, 0.0001868724084196384200 ),
 .UNSPECIFIED. ) ;
#109 = EDGE_CURVE ( 'NONE', #2305, #2268, #742, .T. ) ;
#110 = DIRECTION ( 'NONE',  ( 1.031236933195621700E-014, -0.1752348861828323400, -0.9845266551315357000 ) ) ;
#111 = B_SPLINE_CURVE_WITH_KNOTS ( 'NONE', 3,
 ( #702, #2532, #210, #2258 ),
 .UNSPECIFIED., .F., .F.,
 ( 4, 4 ),
 ( 2.036201264321736500E-007, 4.015813978664811500E-005 ),
 .UNSPECIFIED. ) ;
#112 = CARTESIAN_POINT ( 'NONE',  ( -0.04999999999998539600, 0.1285260496614448700, -4.181759488389396000 ) ) ;
#113 = EDGE_CURVE ( 'NONE', #2641, #782, #1243, .T. ) ;
#114 = CARTESIAN_POINT ( 'NONE',  ( 0.8487608867758113000, 0.08074247352993650700, 3.917697766902400700 ) ) ;
#115 = DIRECTION ( 'NONE',  ( -0.0000000000000000000, -0.0000000000000000000, 1.000000000000000000 ) ) ;
#116 = LINE ( 'NONE', #1186, #586 ) ;
#117 = CARTESIAN_POINT ( 'NONE',  ( 0.8422229527424482900, 0.09088738945602102500, 3.978674783388804300 ) ) ;
#118 = AXIS2_PLACEMENT_3D ( 'NONE', #393, #332, #629 ) ;
#119 = VERTEX_POINT ( 'NONE', #1641 ) ;
#120 = EDGE_CURVE ( 'NONE', #157, #1395, #1066, .T. ) ;
#121 = AXIS2_PLACEMENT_3D ( 'NONE', #237, #103, #2635 ) ;
#122 = DIRECTION ( 'NONE',  ( -0.0000000000000000000, -1.000000000000000000, -0.0000000000000000000 ) ) ;
#123 = DIRECTION ( 'NONE',  ( -0.2638651379478045800, 0.0000000000000000000, -0.9645595829059945300 ) ) ;
#124 = DIRECTION ( 'NONE',  ( 0.0000000000000000000, 0.0000000000000000000, -1.000000000000000000 ) ) ;
#125 = AXIS2_PLACEMENT_3D ( 'NONE', #1790, #472, #2025 ) ;
#126 = DIRECTION ( 'NONE',  ( 0.0000000000000000000, 0.0000000000000000000, 1.000000000000000000 ) ) ;
#127 = CIRCLE ( 'NONE', #125, 2.674999999999999800 ) ;
#128 = AXIS2_PLACEMENT_3D ( 'NONE', #2629, #1383, #124 ) ;
#129 = ORIENTED_EDGE ( 'NONE', *, *, #1705, .F. ) ;
#130 = CARTESIAN_POINT ( 'NONE',  ( -4.168841840325871600, 0.1087244854204250800, -0.05000000000000000300 ) ) ;
#131 = VECTOR ( 'NONE', #2803, 1000.000000000000000 ) ;
#132 = ORIENTED_EDGE ( 'NONE', *, *, #203, .F. ) ;
#133 = VECTOR ( 'NONE', #853, 1000.000000000000000 ) ;
#134 = LINE ( 'NONE', #1571, #1396 ) ;
#135 = ADVANCED_FACE ( 'NONE', ( #968 ), #785, .F. ) ;
#136 = CARTESIAN_POINT ( 'NONE',  ( 4.116519250091139200, 0.03290740435339194200, -0.8332282182146929500 ) ) ;
#137 = ORIENTED_EDGE ( 'NONE', *, *, #639, .T. ) ;
#138 = EDGE_CURVE ( 'NONE', #157, #1354, #2027, .T. ) ;
#139 = CARTESIAN_POINT ( 'NONE',  ( -4.143164210601103300, 0.1251769282002746500, 0.05000000000000000300 ) ) ;
#140 = DIRECTION ( 'NONE',  ( 0.0000000000000000000, 0.0000000000000000000, 1.000000000000000000 ) ) ;
#141 = DIRECTION ( 'NONE',  ( 0.0000000000000000000, 0.0000000000000000000, -1.000000000000000000 ) ) ;
#142 = VERTEX_POINT ( 'NONE', #1770 ) ;
#143 = ORIENTED_EDGE ( 'NONE', *, *, #391, .T. ) ;
#144 = AXIS2_PLACEMENT_3D ( 'NONE', #96, #161, #141 ) ;
#145 = AXIS2_PLACEMENT_3D ( 'NONE', #1736, #2125, #1080 ) ;
#146 = CARTESIAN_POINT ( 'NONE',  ( 4.121283944379609200, 0.1571466956719614300, -0.05000000000000000300 ) ) ;
#147 = ADVANCED_FACE ( 'NONE', ( #1006 ), #1558, .F. ) ;
#148 = CARTESIAN_POINT ( 'NONE',  ( -0.8340242249366419700, 0.1114853205891336600, -4.101034757479666800 ) ) ;
#149 = DIRECTION ( 'NONE',  ( -0.0000000000000000000, -0.0000000000000000000, 1.000000000000000000 ) ) ;
#150 = EDGE_CURVE ( 'NONE', #880, #1951, #570, .T. ) ;
#151 = CARTESIAN_POINT ( 'NONE',  ( 2.142605853953527500E-011, 0.08099109975592704000, 4.010011226376219500 ) ) ;
#152 = EDGE_LOOP ( 'NONE', ( #591, #729, #903, #1229, #1625 ) ) ;
#153 = CARTESIAN_POINT ( 'NONE',  ( 0.0000000000000000000, 0.1114853205891338500, 0.0000000000000000000 ) ) ;
#154 = EDGE_CURVE ( 'NONE', #2663, #1354, #1582, .T. ) ;
#155 = CARTESIAN_POINT ( 'NONE',  ( -0.05000000000004317000, 0.1571466956719614300, 4.121283944379608300 ) ) ;
#156 = CIRCLE ( 'NONE', #1501, 2.674999999999999800 ) ;
#157 = VERTEX_POINT ( 'NONE', #951 ) ;
#158 = ADVANCED_FACE ( 'NONE', ( #905 ), #936, .T. ) ;
#159 = ORIENTED_EDGE ( 'NONE', *, *, #324, .F. ) ;
#160 = CARTESIAN_POINT ( 'NONE',  ( 0.0000000000000000000, 0.001931744220632757700, 0.0000000000000000000 ) ) ;
#161 = DIRECTION ( 'NONE',  ( -0.0000000000000000000, -1.000000000000000000, -0.0000000000000000000 ) ) ;
#162 = VERTEX_POINT ( 'NONE', #1100 ) ;
#163 = CARTESIAN_POINT ( 'NONE',  ( 4.199702367158962200, 0.03290740378530646700, -0.04999999908445116500 ) ) ;
#164 = CARTESIAN_POINT ( 'NONE',  ( 0.0000000000000000000, 0.2878633091074646600, 0.0000000000000000000 ) ) ;
#165 = CARTESIAN_POINT ( 'NONE',  ( 0.0000000000000000000, 0.2088540056697230100, 0.0000000000000000000 ) ) ;
#166 = DIRECTION ( 'NONE',  ( -0.0000000000000000000, -1.000000000000000000, -0.0000000000000000000 ) ) ;
#167 = EDGE_CURVE ( 'NONE', #1330, #1951, #935, .T. ) ;
#168 = ORIENTED_EDGE ( 'NONE', *, *, #2620, .F. ) ;
#169 = ORIENTED_EDGE ( 'NONE', *, *, #605, .F. ) ;
#170 = CARTESIAN_POINT ( 'NONE',  ( -2.220411550105337200, 0.2878633091074835900, -1.514167571008325600 ) ) ;
#171 = CONICAL_SURFACE ( 'NONE', #1387, 4.022327603132236400, 1.398189730188844200 ) ;
#172 = EDGE_CURVE ( 'NONE', #1644, #2314, #1766, .T. ) ;
#173 = AXIS2_PLACEMENT_3D ( 'NONE', #1669, #805, #817 ) ;
#174 = EDGE_LOOP ( 'NONE', ( #657, #2524, #1502, #1964, #2148, #1844, #2102 ) ) ;
#175 = VECTOR ( 'NONE', #503, 1000.000000000000100 ) ;
#176 = CARTESIAN_POINT ( 'NONE',  ( 0.8422229527424351900, 0.09088738945602102500, -3.978674783388806500 ) ) ;
#177 = CIRCLE ( 'NONE', #1410, 4.184982973661599100 ) ;
#178 = AXIS2_PLACEMENT_3D ( 'NONE', #1157, #166, #2177 ) ;
#179 = ORIENTED_EDGE ( 'NONE', *, *, #552, .T. ) ;
#180 = CARTESIAN_POINT ( 'NONE',  ( 0.0000000000000000000, 0.07220153539475146500, -4.192490498233341100 ) ) ;
#181 = CARTESIAN_POINT ( 'NONE',  ( -3.917697766902401100, 0.08074247352993646500, -0.8487608867758080800 ) ) ;
#182 = EDGE_CURVE ( 'NONE', #2588, #1070, #777, .T. ) ;
#183 = CARTESIAN_POINT ( 'NONE',  ( -4.101034757479667700, 0.1114853205891338100, -0.8340242249366395200 ) ) ;
#184 = ORIENTED_EDGE ( 'NONE', *, *, #56, .T. ) ;
#185 = CARTESIAN_POINT ( 'NONE',  ( 4.197202920312100200, 0.04598879974242030300, -0.04994013930851752500 ) ) ;
#186 = EDGE_CURVE ( 'NONE', #2160, #1079, #1000, .T. ) ;
#187 = EDGE_CURVE ( 'NONE', #424, #1932, #861, .T. ) ;
#188 = CARTESIAN_POINT ( 'NONE',  ( 0.05000000000001456100, 0.1087244854204250400, -4.168841840325871600 ) ) ;
#189 = EDGE_LOOP ( 'NONE', ( #1207, #814, #49, #357, #559 ) ) ;
#190 = EDGE_CURVE ( 'NONE', #2517, #497, #881, .T. ) ;
#191 = CARTESIAN_POINT ( 'NONE',  ( -4.010117716611905100, 0.08106398219740319800, 0.05000000000000000300 ) ) ;
#192 = ORIENTED_EDGE ( 'NONE', *, *, #1097, .T. ) ;
#193 = CARTESIAN_POINT ( 'NONE',  ( -0.8946245184233118100, 0.1257797841200313200, 3.599084704675888300 ) ) ;
#194 = CARTESIAN_POINT ( 'NONE',  ( 4.101034757479669500, 0.1114853205891338100, -0.8340242249366306400 ) ) ;
#195 = AXIS2_PLACEMENT_3D ( 'NONE', #1439, #1953, #1828 ) ;
#196 = B_SPLINE_CURVE_WITH_KNOTS ( 'NONE', 3,
 ( #261, #1127, #712, #2270, #921, #2488, #1133 ),
 .UNSPECIFIED., .F., .F.,
 ( 4, 3, 4 ),
 ( 9.756312002837516600E-005, 9.893553580360008300E-005, 0.0001148993958677095000 ),
 .UNSPECIFIED. ) ;
#197 = CARTESIAN_POINT ( 'NONE',  ( 0.01666666667991499600, 0.01224017809789301900, -4.081455452129677800 ) ) ;
#198 = CYLINDRICAL_SURFACE ( 'NONE', #765, 0.03874031597854085700 ) ;
#199 = CARTESIAN_POINT ( 'NONE',  ( -1.725918353732977200, 0.2236582168230213700, -1.942649130556189500 ) ) ;
#200 = LINE ( 'NONE', #2411, #772 ) ;
#201 = ORIENTED_EDGE ( 'NONE', *, *, #367, .F. ) ;
#202 = VERTEX_POINT ( 'NONE', #100 ) ;
#203 = EDGE_CURVE ( 'NONE', #1070, #668, #2643, .T. ) ;
#204 = AXIS2_PLACEMENT_3D ( 'NONE', #1780, #1797, #1761 ) ;
#205 = CARTESIAN_POINT ( 'NONE',  ( 3.900474135790769700, 0.08061918535140889800, -0.8506512677017988900 ) ) ;
#206 = ORIENTED_EDGE ( 'NONE', *, *, #1620, .T. ) ;
#207 = CONICAL_SURFACE ( 'NONE', #749, 4.200000000000000200, 0.1888330626518987500 ) ;
#208 = AXIS2_PLACEMENT_3D ( 'NONE', #2618, #1269, #2820 ) ;
#209 = AXIS2_PLACEMENT_3D ( 'NONE', #716, #1924, #1546 ) ;
#210 = CARTESIAN_POINT ( 'NONE',  ( -4.194703469916770000, 0.05907019501694033700, 0.04988027852930894400 ) ) ;
#211 = CARTESIAN_POINT ( 'NONE',  ( -3.303920109947584100, 0.1692777018252927300, 0.9575371013004355700 ) ) ;
#212 = CARTESIAN_POINT ( 'NONE',  ( -3.932084542710758200, 0.001931744220632541700, 0.8472487804031597600 ) ) ;
#213 = EDGE_CURVE ( 'NONE', #668, #1267, #486, .T. ) ;
#214 = ORIENTED_EDGE ( 'NONE', *, *, #1194, .T. ) ;
#215 = DIRECTION ( 'NONE',  ( 1.000000000000000000, 0.0000000000000000000, 0.0000000000000000000 ) ) ;
#216 = CIRCLE ( 'NONE', #1337, 17.13030600689261400 ) ;
#217 = ORIENTED_EDGE ( 'NONE', *, *, #239, .F. ) ;
#218 = ORIENTED_EDGE ( 'NONE', *, *, #522, .T. ) ;
#219 =( NAMED_UNIT ( * ) SI_UNIT ( $, .STERADIAN. ) SOLID_ANGLE_UNIT ( ) );
#220 = ORIENTED_EDGE ( 'NONE', *, *, #2698, .F. ) ;
#221 = CARTESIAN_POINT ( 'NONE',  ( 0.8373082540675486100, 0.1011463160630056700, 4.039828707302978800 ) ) ;
#222 = CARTESIAN_POINT ( 'NONE',  ( 3.887297395051584100, 0.001609881913664826600, 0.8521565073312511500 ) ) ;
#223 = EDGE_CURVE ( 'NONE', #1267, #2338, #1511, .T. ) ;
#224 = CIRCLE ( 'NONE', #1645, 4.184982973661599100 ) ;
#225 = ORIENTED_EDGE ( 'NONE', *, *, #2139, .T. ) ;
#226 = CONICAL_SURFACE ( 'NONE', #1494, 3.992155566008849000, 1.413256800722692700 ) ;
#227 = VECTOR ( 'NONE', #2770, 1000.000000000000100 ) ;
#228 = ORIENTED_EDGE ( 'NONE', *, *, #1744, .T. ) ;
#229 = CIRCLE ( 'NONE', #704, 4.008584642453308300 ) ;
#230 = CARTESIAN_POINT ( 'NONE',  ( 0.8506512677018112100, 0.08061918535140867600, 3.900474135790767500 ) ) ;
#231 = CARTESIAN_POINT ( 'NONE',  ( 4.022327603132236400, 0.001931744220632695100, 3.166857824944420100E-014 ) ) ;
#232 = ADVANCED_FACE ( 'NONE', ( #738 ), #521, .F. ) ;
#233 = CARTESIAN_POINT ( 'NONE',  ( 4.116519250091118700, 0.03290740435338870800, 0.8332282182147020500 ) ) ;
#234 = ORIENTED_EDGE ( 'NONE', *, *, #2183, .T. ) ;
#235 = EDGE_CURVE ( 'NONE', #1497, #366, #706, .T. ) ;
#236 = EDGE_LOOP ( 'NONE', ( #1144, #1404, #2566, #2674, #1190, #2163, #1602, #2127 ) ) ;
#237 = CARTESIAN_POINT ( 'NONE',  ( 4.286265824457927000, 0.5000000000000004400, -4.286265824457927900 ) ) ;
#238 = CARTESIAN_POINT ( 'NONE',  ( 4.184942278865279700, 0.1104832795211453300, -0.04418104336897468000 ) ) ;
#239 = EDGE_CURVE ( 'NONE', #1678, #2305, #1189, .T. ) ;
#240 = CARTESIAN_POINT ( 'NONE',  ( 0.0000000000000000000, 0.08061918535140881500, 0.0000000000000000000 ) ) ;
#241 = EDGE_LOOP ( 'NONE', ( #2144, #2313, #2810, #2423 ) ) ;
#242 = CARTESIAN_POINT ( 'NONE',  ( -4.022327603132236400, 0.001931744220632695100, -3.166857824944420100E-014 ) ) ;
#243 = CARTESIAN_POINT ( 'NONE',  ( 4.855501079736768700E-028, -16.63030600689261400, 0.0000000000000000000 ) ) ;
#244 = EDGE_CURVE ( 'NONE', #2338, #2105, #946, .T. ) ;
#245 = CARTESIAN_POINT ( 'NONE',  ( 4.192204019208627800, 0.07215159023128706100, -0.04982041766165790800 ) ) ;
#246 = LINE ( 'NONE', #2475, #1535 ) ;
#247 = CARTESIAN_POINT ( 'NONE',  ( -0.04127146974591296100, 0.1104886192091032300, 4.184969952073514000 ) ) ;
#248 = FACE_OUTER_BOUND ( 'NONE', #1536, .T. ) ;
#249 = CARTESIAN_POINT ( 'NONE',  ( 1.538267723904712400, 0.2088540056699267600, -2.188460054374531200 ) ) ;
#250 = EDGE_CURVE ( 'NONE', #2105, #1872, #711, .T. ) ;
#251 = ADVANCED_FACE ( 'NONE', ( #767 ), #447, .F. ) ;
#252 = CIRCLE ( 'NONE', #1727, 4.184982973661599100 ) ;
#253 = CARTESIAN_POINT ( 'NONE',  ( 0.8332282182147050500, 0.03290740435339208800, 4.116519250091137400 ) ) ;
#254 = FACE_OUTER_BOUND ( 'NONE', #1197, .T. ) ;
#255 = ORIENTED_EDGE ( 'NONE', *, *, #1684, .T. ) ;
#256 = CONICAL_SURFACE ( 'NONE', #2343, 4.022327603132236400, 1.398189730188844200 ) ;
#257 = CARTESIAN_POINT ( 'NONE',  ( -0.8506512677017980000, 0.08061918535140887000, 3.900474135790770200 ) ) ;
#258 = ORIENTED_EDGE ( 'NONE', *, *, #213, .F. ) ;
#259 = AXIS2_PLACEMENT_3D ( 'NONE', #13, #1987, #1545 ) ;
#260 = CARTESIAN_POINT ( 'NONE',  ( 0.8488095371633852500, 0.08066698269610660100, 3.917244021809525900 ) ) ;
#261 = CARTESIAN_POINT ( 'NONE',  ( -0.8487608867758108500, 0.08074247352993652000, -3.917697766902400700 ) ) ;
#262 = AXIS2_PLACEMENT_3D ( 'NONE', #45, #1315, #1508 ) ;
#263 = PLANE ( 'NONE',  #1095 ) ;
#264 = CARTESIAN_POINT ( 'NONE',  ( -1.514167571008299600, 0.2878633091074834800, 2.220411550105355400 ) ) ;
#265 = ORIENTED_EDGE ( 'NONE', *, *, #2469, .T. ) ;
#266 = ADVANCED_FACE ( 'NONE', ( #680 ), #1159, .F. ) ;
#267 = EDGE_CURVE ( 'NONE', #2854, #1497, #649, .T. ) ;
#268 = EDGE_CURVE ( 'NONE', #1872, #299, #1677, .T. ) ;
#269 = B_SPLINE_CURVE_WITH_KNOTS ( 'NONE', 3,
 ( #1556, #1784, #2016, #688, #2247, #895, #2464, #1111 ),
 .UNSPECIFIED., .F., .F.,
 ( 4, 2, 2, 4 ),
 ( 4.141743585377557900E-006, 0.0009312427614405409200, 0.001394793270368123100, 0.001858343779295705600 ),
 .UNSPECIFIED. ) ;
#270 = CARTESIAN_POINT ( 'NONE',  ( -0.03992244300945671500, 0.1114853205891216900, -4.184792550220578300 ) ) ;
#271 = AXIS2_PLACEMENT_3D ( 'NONE', #862, #831, #891 ) ;
#272 = CARTESIAN_POINT ( 'NONE',  ( -1.514167571008299600, 0.2878633091074834800, 2.220411550105355400 ) ) ;
#273 = CARTESIAN_POINT ( 'NONE',  ( 0.0000000000000000000, 0.1114853205891338500, 0.0000000000000000000 ) ) ;
#274 = TOROIDAL_SURFACE ( 'NONE', #2545, 4.000000000000000000, 0.04999999999999995400 ) ;
#275 = DIRECTION ( 'NONE',  ( 0.0000000000000000000, 0.0000000000000000000, -1.000000000000000000 ) ) ;
#276 = VERTEX_POINT ( 'NONE', #1148 ) ;
#277 = CARTESIAN_POINT ( 'NONE',  ( 0.8494710224428829700, 0.07979726994751967800, 3.911096738073071700 ) ) ;
#278 = CARTESIAN_POINT ( 'NONE',  ( 2.188460054374512500, 0.2088540056699264000, 1.538267723904738900 ) ) ;
#279 = CARTESIAN_POINT ( 'NONE',  ( 4.039828707302979700, 0.1011463160630057000, 0.8373082540675448300 ) ) ;
#280 = ORIENTED_EDGE ( 'NONE', *, *, #1138, .F. ) ;
#281 = ADVANCED_FACE ( 'NONE', ( #614 ), #408, .F. ) ;
#282 = CARTESIAN_POINT ( 'NONE',  ( -0.8490155031752444300, -0.0001008601873830083300, 3.915233206273921200 ) ) ;
#283 = EDGE_CURVE ( 'NONE', #1395, #299, #543, .T. ) ;
#284 = AXIS2_PLACEMENT_3D ( 'NONE', #2719, #2728, #2742 ) ;
#285 = DIRECTION ( 'NONE',  ( 0.0000000000000000000, 0.0000000000000000000, -1.000000000000000000 ) ) ;
#286 = FACE_OUTER_BOUND ( 'NONE', #2021, .T. ) ;
#287 = ORIENTED_EDGE ( 'NONE', *, *, #1069, .F. ) ;
#288 = ORIENTED_EDGE ( 'NONE', *, *, #745, .F. ) ;
#289 = CARTESIAN_POINT ( 'NONE',  ( 0.04127146974582528200, 0.1104886192091032300, 4.184969952073514900 ) ) ;
#290 = CIRCLE ( 'NONE', #1542, 4.200000000000000200 ) ;
#291 = ORIENTED_EDGE ( 'NONE', *, *, #718, .F. ) ;
#292 = ORIENTED_EDGE ( 'NONE', *, *, #41, .T. ) ;
#293 = LINE ( 'NONE', #2781, #131 ) ;
#294 = CARTESIAN_POINT ( 'NONE',  ( 0.0000000000000000000, 0.1299999999999995000, 0.0000000000000000000 ) ) ;
#295 = DIRECTION ( 'NONE',  ( -0.0000000000000000000, -1.000000000000000000, -0.0000000000000000000 ) ) ;
#296 = CARTESIAN_POINT ( 'NONE',  ( -1.538267723904727300, 0.2088540056697230100, -2.188460054374529800 ) ) ;
#297 = CARTESIAN_POINT ( 'NONE',  ( -4.181759488389396000, 0.1285260496614448700, 0.05000000000000000300 ) ) ;
#298 = ORIENTED_EDGE ( 'NONE', *, *, #2499, .F. ) ;
#299 = VERTEX_POINT ( 'NONE', #2263 ) ;
#300 = ORIENTED_EDGE ( 'NONE', *, *, #653, .T. ) ;
#301 = EDGE_CURVE ( 'NONE', #1951, #1872, #1033, .T. ) ;
#302 = EDGE_CURVE ( 'NONE', #2, #2424, #1242, .T. ) ;
#303 = AXIS2_PLACEMENT_3D ( 'NONE', #2375, #2234, #275 ) ;
#304 = CARTESIAN_POINT ( 'NONE',  ( -4.009975740809831100, 0.08096681325962051800, 0.01666711065358619100 ) ) ;
#305 = DIRECTION ( 'NONE',  ( 0.0000000000000000000, 0.0000000000000000000, -1.000000000000000000 ) ) ;
#306 = EDGE_CURVE ( 'NONE', #1855, #717, #62, .T. ) ;
#307 = CARTESIAN_POINT ( 'NONE',  ( -1.514167571008308200, 0.2878633091076156500, -2.220411550105361600 ) ) ;
#308 = DIRECTION ( 'NONE',  ( 0.0000000000000000000, 0.0000000000000000000, -1.000000000000000000 ) ) ;
#309 = FACE_OUTER_BOUND ( 'NONE', #2722, .T. ) ;
#310 = DIRECTION ( 'NONE',  ( 0.0000000000000000000, 0.0000000000000000000, -1.000000000000000000 ) ) ;
#311 = EDGE_CURVE ( 'NONE', #2, #2485, #664, .T. ) ;
#312 = B_SPLINE_CURVE_WITH_KNOTS ( 'NONE', 3,
 ( #2425, #645, #2589, #2570 ),
 .UNSPECIFIED., .F., .F.,
 ( 4, 4 ),
 ( 0.0000000000000000000, 0.0001868724084196157400 ),
 .UNSPECIFIED. ) ;
#313 = CARTESIAN_POINT ( 'NONE',  ( 0.0000000000000000000, 0.001931744220632757700, 0.0000000000000000000 ) ) ;
#314 = CARTESIAN_POINT ( 'NONE',  ( -0.04999999999998600000, 0.08106398219740146300, -4.010117716611902400 ) ) ;
#315 = CARTESIAN_POINT ( 'NONE',  ( -1.330009389462907000, 0.2719128999619414000, -2.467527031462558800 ) ) ;
#316 = AXIS2_PLACEMENT_3D ( 'NONE', #752, #748, #732 ) ;
#317 = ORIENTED_EDGE ( 'NONE', *, *, #1513, .F. ) ;
#318 = ORIENTED_EDGE ( 'NONE', *, *, #2796, .T. ) ;
#319 = CARTESIAN_POINT ( 'NONE',  ( -1.181131720256640500, 0.2424776005148901700, -2.735917408740818700 ) ) ;
#320 = CARTESIAN_POINT ( 'NONE',  ( 0.8487608867758113000, 0.08074247352993650700, 3.917697766902400700 ) ) ;
#321 = CARTESIAN_POINT ( 'NONE',  ( -2.467767913253950100, 0.2718973519149023300, -1.329829876821988500 ) ) ;
#322 = EDGE_CURVE ( 'NONE', #782, #2485, #363, .T. ) ;
#323 = CARTESIAN_POINT ( 'NONE',  ( 0.8489074003383079200, 0.08053321815717901000, 3.916333839124044800 ) ) ;
#324 = EDGE_CURVE ( 'NONE', #2105, #1083, #2300, .T. ) ;
#325 = DIRECTION ( 'NONE',  ( -1.525453481975449400E-016, -0.9851404290720539000, 0.1717507933248915700 ) ) ;
#326 = CARTESIAN_POINT ( 'NONE',  ( -0.9575371013004491100, 0.1692777018252937200, -3.303920109947573900 ) ) ;
#327 = CARTESIAN_POINT ( 'NONE',  ( 4.106199117997166900, 0.08529336795367892200, 0.8337471296113723200 ) ) ;
#328 = DIRECTION ( 'NONE',  ( -0.0000000000000000000, -1.000000000000000000, -0.0000000000000000000 ) ) ;
#329 = ORIENTED_EDGE ( 'NONE', *, *, #1930, .F. ) ;
#330 = EDGE_CURVE ( 'NONE', #2546, #2696, #1368, .T. ) ;
#331 = FACE_OUTER_BOUND ( 'NONE', #1665, .T. ) ;
#332 = DIRECTION ( 'NONE',  ( 0.0000000000000000000, 1.000000000000000000, 0.0000000000000000000 ) ) ;
#333 = ORIENTED_EDGE ( 'NONE', *, *, #1829, .T. ) ;
#334 = EDGE_CURVE ( 'NONE', #2641, #2420, #1115, .T. ) ;
#335 = FACE_OUTER_BOUND ( 'NONE', #2221, .T. ) ;
#336 = CIRCLE ( 'NONE', #1706, 0.04999999999999969700 ) ;
#337 = CARTESIAN_POINT ( 'NONE',  ( 0.8488583824311037900, 0.08059722317180724500, 3.916789306947701100 ) ) ;
#338 = ORIENTED_EDGE ( 'NONE', *, *, #356, .F. ) ;
#339 = CARTESIAN_POINT ( 'NONE',  ( 0.8521565073312551400, 0.001609881913664844400, 3.887297395051583200 ) ) ;
#340 = CARTESIAN_POINT ( 'NONE',  ( 0.0000000000000000000, 0.001931744220632757700, 0.0000000000000000000 ) ) ;
#341 = CARTESIAN_POINT ( 'NONE',  ( 3.917697766902401100, 0.08074247352993647900, 0.8487608867758071900 ) ) ;
#342 = CARTESIAN_POINT ( 'NONE',  ( 0.8340242249366424100, 0.1114853205891336600, 4.101034757479666800 ) ) ;
#343 = CARTESIAN_POINT ( 'NONE',  ( 4.184792550220577400, 0.1114853205891295600, -0.03992244300944604300 ) ) ;
#344 = ADVANCED_FACE ( 'NONE', ( #380 ), #226, .T. ) ;
#345 = CARTESIAN_POINT ( 'NONE',  ( -4.110650230029805600, 0.09858353559009694300, -0.05000000000000000300 ) ) ;
#346 = EDGE_CURVE ( 'NONE', #2420, #2729, #252, .T. ) ;
#347 = CARTESIAN_POINT ( 'NONE',  ( 0.0000000000000000000, 0.001931744220632757700, 0.0000000000000000000 ) ) ;
#348 = CARTESIAN_POINT ( 'NONE',  ( 0.04982041766164326700, 0.07215159023128706100, 4.192204019208627800 ) ) ;
#349 = EDGE_CURVE ( 'NONE', #2729, #2205, #911, .T. ) ;
#350 = B_SPLINE_CURVE_WITH_KNOTS ( 'NONE', 3,
 ( #270, #484, #577, #597 ),
 .UNSPECIFIED., .F., .F.,
 ( 4, 4 ),
 ( 0.0000000000000000000, 0.4999999999996508300 ),
 .UNSPECIFIED. ) ;
#351 = CIRCLE ( 'NONE', #2260, 2.674999999999999800 ) ;
#352 = CARTESIAN_POINT ( 'NONE',  ( 0.03992244300947301500, 0.1114853205891338100, -4.184792550220575600 ) ) ;
#353 = CONICAL_SURFACE ( 'NONE', #1794, 4.022327603132236400, 1.398189730188844200 ) ;
#354 = EDGE_LOOP ( 'NONE', ( #1822, #234, #383, #474 ) ) ;
#355 = ORIENTED_EDGE ( 'NONE', *, *, #2497, .F. ) ;
#356 = EDGE_CURVE ( 'NONE', #440, #1510, #336, .T. ) ;
#357 = ORIENTED_EDGE ( 'NONE', *, *, #2200, .F. ) ;
#358 = CARTESIAN_POINT ( 'NONE',  ( 2.467767913253951000, 0.2718973519149021100, 1.329829876821985800 ) ) ;
#359 = AXIS2_PLACEMENT_3D ( 'NONE', #1034, #2606, #1262 ) ;
#360 = CARTESIAN_POINT ( 'NONE',  ( 0.04082447667460893700, 0.1108243434341172600, -4.184910196864193700 ) ) ;
#361 = CARTESIAN_POINT ( 'NONE',  ( 0.8506512677017980000, 0.08061918535140882900, -3.900474135790770200 ) ) ;
#362 = ORIENTED_EDGE ( 'NONE', *, *, #1970, .T. ) ;
#363 = B_SPLINE_CURVE_WITH_KNOTS ( 'NONE', 3,
 ( #163, #185, #2731, #245 ),
 .UNSPECIFIED., .F., .F.,
 ( 4, 4 ),
 ( 2.036201264354048700E-007, 4.015813978665134700E-005 ),
 .UNSPECIFIED. ) ;
#364 = CIRCLE ( 'NONE', #1640, 17.13030600689261400 ) ;
#365 = TOROIDAL_SURFACE ( 'NONE', #1622, 4.000000000000000000, 0.1299999999999997500 ) ;
#366 = VERTEX_POINT ( 'NONE', #297 ) ;
#367 = EDGE_CURVE ( 'NONE', #2205, #1338, #1891, .T. ) ;
#368 = AXIS2_PLACEMENT_3D ( 'NONE', #898, #928, #975 ) ;
#369 = ORIENTED_EDGE ( 'NONE', *, *, #1802, .F. ) ;
#370 = CARTESIAN_POINT ( 'NONE',  ( 0.04999999908443666200, 0.03290740378530653700, 4.199702367158963100 ) ) ;
#371 = EDGE_CURVE ( 'NONE', #2449, #2281, #1856, .T. ) ;
#372 = ORIENTED_EDGE ( 'NONE', *, *, #2829, .F. ) ;
#373 = CARTESIAN_POINT ( 'NONE',  ( -4.286265824457925300, 0.5000000000000004400, 4.286265824457927000 ) ) ;
#374 = DIRECTION ( 'NONE',  ( -0.0000000000000000000, -1.000000000000000000, -0.0000000000000000000 ) ) ;
#375 = B_SPLINE_CURVE_WITH_KNOTS ( 'NONE', 3,
 ( #890, #459, #1329, #25 ),
 .UNSPECIFIED., .F., .F.,
 ( 4, 4 ),
 ( 2.036201264353577800E-007, 4.015813978665146900E-005 ),
 .UNSPECIFIED. ) ;
#376 = EDGE_LOOP ( 'NONE', ( #915, #823, #1362, #2564 ) ) ;
#377 = ADVANCED_FACE ( 'NONE', ( #286 ), #365, .T. ) ;
#378 = CARTESIAN_POINT ( 'NONE',  ( -1.538267723904727300, 0.2088540056697230100, -2.188460054374529800 ) ) ;
#379 = DIRECTION ( 'NONE',  ( -3.437456443985406400E-015, -0.1752348861828323400, 0.9845266551315357000 ) ) ;
#380 = FACE_OUTER_BOUND ( 'NONE', #1464, .T. ) ;
#381 = CARTESIAN_POINT ( 'NONE',  ( 0.0000000000000000000, 0.03290740435338894400, 0.0000000000000000000 ) ) ;
#382 = EDGE_CURVE ( 'NONE', #1338, #999, #2085, .T. ) ;
#383 = ORIENTED_EDGE ( 'NONE', *, *, #267, .T. ) ;
#384 = PLANE ( 'NONE',  #69 ) ;
#385 = AXIS2_PLACEMENT_3D ( 'NONE', #1524, #1499, #1391 ) ;
#386 = CARTESIAN_POINT ( 'NONE',  ( 0.0000000000000000000, 0.08061918535140881500, 0.0000000000000000000 ) ) ;
#387 = CARTESIAN_POINT ( 'NONE',  ( 0.03992244300947301500, 0.1114853205891338100, -4.184792550220575600 ) ) ;
#388 = CARTESIAN_POINT ( 'NONE',  ( 0.8500139133119627400, 0.07975982017870569800, -3.906150007207000100 ) ) ;
#389 = DIRECTION ( 'NONE',  ( 0.0000000000000000000, 0.0000000000000000000, -1.000000000000000000 ) ) ;
#390 = FACE_OUTER_BOUND ( 'NONE', #1104, .T. ) ;
#391 = EDGE_CURVE ( 'NONE', #1833, #1855, #1952, .T. ) ;
#392 = CARTESIAN_POINT ( 'NONE',  ( 0.8332282182147050500, 0.03290740435339208800, 4.116519250091137400 ) ) ;
#393 = CARTESIAN_POINT ( 'NONE',  ( 0.0000000000000000000, 0.001931744220632757700, 0.0000000000000000000 ) ) ;
#394 = DIRECTION ( 'NONE',  ( 0.0000000000000000000, 1.000000000000000000, 0.0000000000000000000 ) ) ;
#395 = CARTESIAN_POINT ( 'NONE',  ( 4.184911571362234500, 0.1104779398331871300, -0.04709058919695952000 ) ) ;
#396 = ORIENTED_EDGE ( 'NONE', *, *, #1169, .F. ) ;
#397 = CARTESIAN_POINT ( 'NONE',  ( -4.583902858243372300E-014, 0.001931744220632684400, 4.022327603132236400 ) ) ;
#398 = ORIENTED_EDGE ( 'NONE', *, *, #1446, .T. ) ;
#399 = CARTESIAN_POINT ( 'NONE',  ( -3.900474135790768400, 0.08061918535140881500, -0.8506512677018083200 ) ) ;
#400 = CARTESIAN_POINT ( 'NONE',  ( -4.199702367158963100, 0.03290740378530646700, -0.04999999908443020900 ) ) ;
#401 = CARTESIAN_POINT ( 'NONE',  ( -4.008197674376418700, 0.07974989584046786300, 0.05000000000000000300 ) ) ;
#402 = CARTESIAN_POINT ( 'NONE',  ( -2.188460054374511200, 0.2088540056699245400, -1.538267723904740400 ) ) ;
#403 = CARTESIAN_POINT ( 'NONE',  ( -0.04994013930851126000, 0.04598879974242028900, 4.197202920312100200 ) ) ;
#404 = CIRCLE ( 'NONE', #1527, 0.03874031597854085700 ) ;
#405 = ORIENTED_EDGE ( 'NONE', *, *, #499, .T. ) ;
#406 = CARTESIAN_POINT ( 'NONE',  ( 2.220411550105339400, 0.2878633091074834800, 1.514167571008323300 ) ) ;
#407 = ORIENTED_EDGE ( 'NONE', *, *, #41, .F. ) ;
#408 = TOROIDAL_SURFACE ( 'NONE', #1876, 4.000000000000000000, 0.04999999999999995400 ) ;
#409 = FACE_OUTER_BOUND ( 'NONE', #2540, .T. ) ;
#410 = EDGE_CURVE ( 'NONE', #999, #2176, #2182, .T. ) ;
#411 = AXIS2_PLACEMENT_3D ( 'NONE', #510, #523, #542 ) ;
#412 = ORIENTED_EDGE ( 'NONE', *, *, #473, .T. ) ;
#413 = CIRCLE ( 'NONE', #2495, 4.200000000000000200 ) ;
#414 = B_SPLINE_CURVE_WITH_KNOTS ( 'NONE', 3,
 ( #1554, #1586, #1466, #1436 ),
 .UNSPECIFIED., .F., .F.,
 ( 4, 4 ),
 ( 3.342344092859003600E-007, 2.020875504350638300E-006 ),
 .UNSPECIFIED. ) ;
#415 = CARTESIAN_POINT ( 'NONE',  ( 0.05000000000001435200, 0.09858353559009694300, -4.110650230029805600 ) ) ;
#416 = VERTEX_POINT ( 'NONE', #1036 ) ;
#417 = B_SPLINE_CURVE_WITH_KNOTS ( 'NONE', 3,
 ( #2345, #2509, #2841, #151 ),
 .UNSPECIFIED., .F., .F.,
 ( 4, 4 ),
 ( 2.000000000011568300E-007, 5.020000002146922300E-005 ),
 .UNSPECIFIED. ) ;
#418 = CARTESIAN_POINT ( 'NONE',  ( 4.184792550220576500, 0.1114853205891335600, 0.03992244300933110000 ) ) ;
#419 = DIRECTION ( 'NONE',  ( 0.0000000000000000000, 0.0000000000000000000, -1.000000000000000000 ) ) ;
#420 = CARTESIAN_POINT ( 'NONE',  ( -4.199702367158962200, 0.03290740378530646700, 0.04999999908445117200 ) ) ;
#421 = CARTESIAN_POINT ( 'NONE',  ( 4.192204019208628700, 0.07215159023128715800, 0.04982041766163739600 ) ) ;
#422 = EDGE_CURVE ( 'NONE', #2176, #2267, #1361, .T. ) ;
#423 = ORIENTED_EDGE ( 'NONE', *, *, #987, .F. ) ;
#424 = VERTEX_POINT ( 'NONE', #2638 ) ;
#425 = DIRECTION ( 'NONE',  ( 0.0000000000000000000, 1.000000000000000000, 0.0000000000000000000 ) ) ;
#426 = AXIS2_PLACEMENT_3D ( 'NONE', #240, #1563, #1335 ) ;
#427 = DIRECTION ( 'NONE',  ( -0.0000000000000000000, -1.000000000000000000, -0.0000000000000000000 ) ) ;
#428 = DIRECTION ( 'NONE',  ( -0.0000000000000000000, -1.000000000000000000, -0.0000000000000000000 ) ) ;
#429 = VERTEX_POINT ( 'NONE', #2595 ) ;
#430 = CARTESIAN_POINT ( 'NONE',  ( -1.329829876821965900, 0.2718973519149013300, 2.467767913253966500 ) ) ;
#431 = DIRECTION ( 'NONE',  ( 1.000000000000000000, 0.0000000000000000000, 0.0000000000000000000 ) ) ;
#432 = EDGE_CURVE ( 'NONE', #1083, #1781, #417, .T. ) ;
#433 = CARTESIAN_POINT ( 'NONE',  ( 0.0000000000000000000, 0.001931744220632757700, 0.0000000000000000000 ) ) ;
#434 = FACE_OUTER_BOUND ( 'NONE', #1215, .T. ) ;
#435 = DIRECTION ( 'NONE',  ( 0.0000000000000000000, -1.000000000000000000, 0.0000000000000000000 ) ) ;
#436 = ORIENTED_EDGE ( 'NONE', *, *, #306, .F. ) ;
#437 = EDGE_CURVE ( 'NONE', #2267, #504, #224, .T. ) ;
#438 = CARTESIAN_POINT ( 'NONE',  ( 3.917697766902402900, 0.08074247352993652000, -0.8487608867757990800 ) ) ;
#439 = CONICAL_SURFACE ( 'NONE', #622, 4.184982973661599100, 1.398248548160331100 ) ;
#440 = VERTEX_POINT ( 'NONE', #2292 ) ;
#441 =( NAMED_UNIT ( * ) PLANE_ANGLE_UNIT ( ) SI_UNIT ( $, .RADIAN. ) );
#442 = EDGE_LOOP ( 'NONE', ( #1895, #2041, #2195, #2319 ) ) ;
#443 = CARTESIAN_POINT ( 'NONE',  ( -0.05000000000004199000, 0.07974989584046786300, 4.008197674376417800 ) ) ;
#444 = CARTESIAN_POINT ( 'NONE',  ( 0.0000000000000000000, 0.1299999999999995000, 0.0000000000000000000 ) ) ;
#445 = DIRECTION ( 'NONE',  ( -0.0000000000000000000, -1.000000000000000000, -0.0000000000000000000 ) ) ;
#446 = VERTEX_POINT ( 'NONE', #1452 ) ;
#447 = CONICAL_SURFACE ( 'NONE', #2399, 2.674999999999999800, 1.413256800722689800 ) ;
#448 = ORIENTED_EDGE ( 'NONE', *, *, #268, .F. ) ;
#449 = ORIENTED_EDGE ( 'NONE', *, *, #244, .T. ) ;
#450 = EDGE_CURVE ( 'NONE', #504, #783, #2502, .T. ) ;
#451 = VERTEX_POINT ( 'NONE', #2816 ) ;
#452 = CARTESIAN_POINT ( 'NONE',  ( -0.8846940760716182100, 0.1265201842782003000, -3.597310611474735100 ) ) ;
#453 = CARTESIAN_POINT ( 'NONE',  ( 3.887297395051586300, 0.001609881913664705200, -0.8521565073312427100 ) ) ;
#454 = FACE_OUTER_BOUND ( 'NONE', #1233, .T. ) ;
#455 = CARTESIAN_POINT ( 'NONE',  ( 3.978674783388806500, 0.09088738945602103900, -0.8422229527424361900 ) ) ;
#456 = CARTESIAN_POINT ( 'NONE',  ( -1.348488737609024900, 0.1938818833371126800, 2.437058995850759600 ) ) ;
#457 = VECTOR ( 'NONE', #115, 1000.000000000000000 ) ;
#458 = EDGE_CURVE ( 'NONE', #1395, #1636, #312, .T. ) ;
#459 = CARTESIAN_POINT ( 'NONE',  ( -0.04994013930847364400, 0.04598879974242019200, -4.197202920312101100 ) ) ;
#460 = B_SPLINE_CURVE_WITH_KNOTS ( 'NONE', 3,
 ( #1946, #1979, #1909, #1870, #1854, #1848, #1841, #1838 ),
 .UNSPECIFIED., .F., .F.,
 ( 4, 2, 2, 4 ),
 ( 3.829004078443686700E-006, 0.0009176249883126155800, 0.001374522980429702000, 0.001831420972546788800 ),
 .UNSPECIFIED. ) ;
#461 = EDGE_CURVE ( 'NONE', #2424, #783, #290, .T. ) ;
#462 = VERTEX_POINT ( 'NONE', #1498 ) ;
#463 = DIRECTION ( 'NONE',  ( 1.000000000000000000, -0.0000000000000000000, 3.491481338843133400E-015 ) ) ;
#464 = EDGE_CURVE ( 'NONE', #40, #2654, #2713, .T. ) ;
#465 = DIRECTION ( 'NONE',  ( 0.0000000000000000000, 0.0000000000000000000, -1.000000000000000000 ) ) ;
#466 = AXIS2_PLACEMENT_3D ( 'NONE', #1059, #882, #868 ) ;
#467 = ORIENTED_EDGE ( 'NONE', *, *, #54, .F. ) ;
#468 = CYLINDRICAL_SURFACE ( 'NONE', #1688, 3.457207342587249600 ) ;
#469 = ORIENTED_EDGE ( 'NONE', *, *, #1103, .T. ) ;
#470 = LINE ( 'NONE', #2129, #2254 ) ;
#471 = DIRECTION ( 'NONE',  ( 0.5647931791164017000, -0.8252324913765745100, 0.0000000000000000000 ) ) ;
#472 = DIRECTION ( 'NONE',  ( -0.0000000000000000000, -1.000000000000000000, -0.0000000000000000000 ) ) ;
#473 = EDGE_CURVE ( 'NONE', #2654, #547, #2753, .T. ) ;
#474 = ORIENTED_EDGE ( 'NONE', *, *, #235, .T. ) ;
#475 = ORIENTED_EDGE ( 'NONE', *, *, #1284, .T. ) ;
#476 = DIRECTION ( 'NONE',  ( 0.0000000000000000000, 0.0000000000000000000, -1.000000000000000000 ) ) ;
#477 = CARTESIAN_POINT ( 'NONE',  ( -4.199702367158962200, 0.03290740378530646700, 0.04999999908445117200 ) ) ;
#478 = DIRECTION ( 'NONE',  ( 0.0000000000000000000, 0.0000000000000000000, -1.000000000000000000 ) ) ;
#479 = AXIS2_PLACEMENT_3D ( 'NONE', #2448, #2436, #2431 ) ;
#480 = ORIENTED_EDGE ( 'NONE', *, *, #120, .T. ) ;
#481 = EDGE_CURVE ( 'NONE', #954, #2097, #404, .T. ) ;
#482 = DIRECTION ( 'NONE',  ( 0.0000000000000000000, 0.0000000000000000000, -1.000000000000000000 ) ) ;
#483 = EDGE_CURVE ( 'NONE', #547, #1079, #2471, .T. ) ;
#484 = CARTESIAN_POINT ( 'NONE',  ( -0.02661536568630757200, 0.1114853205891338900, -4.184919498218518700 ) ) ;
#485 = CARTESIAN_POINT ( 'NONE',  ( -4.010117716611905100, 0.08106398219740319800, -0.05000000000000000300 ) ) ;
#486 = B_SPLINE_CURVE_WITH_KNOTS ( 'NONE', 3,
 ( #71, #2705, #2086, #945 ),
 .UNSPECIFIED., .F., .F.,
 ( 4, 4 ),
 ( 0.0000000000000000000, 1.000000000000000000 ),
 .UNSPECIFIED. ) ;
#487 = CARTESIAN_POINT ( 'NONE',  ( -2.220411550105380700, 0.2878633091076170400, 1.514167571008280700 ) ) ;
#488 = CARTESIAN_POINT ( 'NONE',  ( 0.0000000000000000000, 0.08074247352993745000, 0.0000000000000000000 ) ) ;
#489 = B_SPLINE_CURVE_WITH_KNOTS ( 'NONE', 3,
 ( #2544, #2572, #2534, #2523, #2510, #2506, #2462 ),
 .UNSPECIFIED., .F., .F.,
 ( 4, 3, 4 ),
 ( 0.0001765609840393114100, 0.0003313061597034297500, 0.0003537668568279532500 ),
 .UNSPECIFIED. ) ;
#490 = B_SPLINE_CURVE_WITH_KNOTS ( 'NONE', 3,
 ( #883, #1092, #2008, #678 ),
 .UNSPECIFIED., .F., .F.,
 ( 4, 4 ),
 ( 2.030079286873227600E-007, 0.0001877456117376576900 ),
 .UNSPECIFIED. ) ;
#491 = CARTESIAN_POINT ( 'NONE',  ( -4.199702367158963100, 0.03290740378530646700, -0.04999999908443020900 ) ) ;
#492 = B_SPLINE_CURVE_WITH_KNOTS ( 'NONE', 3,
 ( #1534, #1528, #1459, #1445, #1437, #1352, #1331, #1237 ),
 .UNSPECIFIED., .F., .F.,
 ( 4, 2, 2, 4 ),
 ( 4.141743585372588300E-006, 0.0009312427614405374500, 0.001394793270368119000, 0.001858343779295701000 ),
 .UNSPECIFIED. ) ;
#493 = ORIENTED_EDGE ( 'NONE', *, *, #1857, .T. ) ;
#494 = ADVANCED_FACE ( 'NONE', ( #65 ), #819, .T. ) ;
#495 = EDGE_CURVE ( 'NONE', #1079, #1619, #177, .T. ) ;
#496 = AXIS2_PLACEMENT_3D ( 'NONE', #347, #374, #476 ) ;
#497 = VERTEX_POINT ( 'NONE', #1248 ) ;
#498 = DIRECTION ( 'NONE',  ( 0.0000000000000000000, 0.0000000000000000000, -1.000000000000000000 ) ) ;
#499 = EDGE_CURVE ( 'NONE', #1865, #2105, #29, .T. ) ;
#500 = EDGE_CURVE ( 'NONE', #1619, #1833, #624, .T. ) ;
#501 = CARTESIAN_POINT ( 'NONE',  ( 3.900474135790769700, 0.08061918535140889800, -0.8506512677017988900 ) ) ;
#502 = CARTESIAN_POINT ( 'NONE',  ( 0.04999999999995617000, 0.1109743212122548500, 4.184782840622305300 ) ) ;
#503 = DIRECTION ( 'NONE',  ( -0.1752348861828323100, -0.9845266551315357000, 0.0000000000000000000 ) ) ;
#504 = VERTEX_POINT ( 'NONE', #1235 ) ;
#505 = ORIENTED_EDGE ( 'NONE', *, *, #495, .T. ) ;
#506 = PRESENTATION_STYLE_ASSIGNMENT (( #1303 ) ) ;
#507 = ORIENTED_EDGE ( 'NONE', *, *, #794, .T. ) ;
#508 = EDGE_CURVE ( 'NONE', #299, #101, #1993, .T. ) ;
#509 = CARTESIAN_POINT ( 'NONE',  ( 0.04709058919693716300, 0.1104779398331872000, 4.184911571362235300 ) ) ;
#510 = CARTESIAN_POINT ( 'NONE',  ( 0.0000000000000000000, 0.1299999999999995000, -4.000000000000000000 ) ) ;
#511 = CARTESIAN_POINT ( 'NONE',  ( 0.0000000000000000000, 0.2878633091074646600, 0.0000000000000000000 ) ) ;
#512 = CARTESIAN_POINT ( 'NONE',  ( 2.220411550105339400, 0.2878633091074834800, 1.514167571008323300 ) ) ;
#513 = B_SPLINE_CURVE_WITH_KNOTS ( 'NONE', 3,
 ( #1679, #1477, #1659, #1889 ),
 .UNSPECIFIED., .F., .F.,
 ( 4, 4 ),
 ( 2.038616453034467600E-007, 8.029688292735597500E-005 ),
 .UNSPECIFIED. ) ;
#514 = EDGE_CURVE ( 'NONE', #1116, #1833, #55, .T. ) ;
#515 = AXIS2_PLACEMENT_3D ( 'NONE', #2849, #2056, #2137 ) ;
#516 = DIRECTION ( 'NONE',  ( -0.0000000000000000000, -1.000000000000000000, -0.0000000000000000000 ) ) ;
#517 = CARTESIAN_POINT ( 'NONE',  ( 0.0000000000000000000, 0.08074247352993745000, 0.0000000000000000000 ) ) ;
#518 = EDGE_LOOP ( 'NONE', ( #2337, #1162, #2158, #1216, #86, #1180 ) ) ;
#519 = CARTESIAN_POINT ( 'NONE',  ( 0.04037480492288191000, 0.1111566406146677200, 4.184851051630991100 ) ) ;
#520 = CARTESIAN_POINT ( 'NONE',  ( 4.101034757479669500, 0.1114853205891338100, -0.8340242249366306400 ) ) ;
#521 = PLANE ( 'NONE',  #2447 ) ;
#522 = EDGE_CURVE ( 'NONE', #1568, #1116, #1424, .T. ) ;
#523 = DIRECTION ( 'NONE',  ( -1.000000000000000000, 0.0000000000000000000, 0.0000000000000000000 ) ) ;
#524 = CARTESIAN_POINT ( 'NONE',  ( 0.8340242249366297500, 0.1114853205891338200, -4.101034757479669500 ) ) ;
#525 = AXIS2_PLACEMENT_3D ( 'NONE', #612, #953, #1008 ) ;
#526 = CARTESIAN_POINT ( 'NONE',  ( -0.1114550869003170500, -0.6392920230856864400, 3.500379543440290600E-016 ) ) ;
#527 = DIRECTION ( 'NONE',  ( 0.0000000000000000000, 0.0000000000000000000, -1.000000000000000000 ) ) ;
#528 = CARTESIAN_POINT ( 'NONE',  ( 4.039828707302981500, 0.1011463160630056700, -0.8373082540675366200 ) ) ;
#529 = ORIENTED_EDGE ( 'NONE', *, *, #1291, .F. ) ;
#530 = EDGE_LOOP ( 'NONE', ( #2140, #258, #132, #1633, #168, #362, #405, #560 ) ) ;
#531 = CARTESIAN_POINT ( 'NONE',  ( -4.184969952073514900, 0.1104886192091032300, -0.04127146974580426400 ) ) ;
#532 = CARTESIAN_POINT ( 'NONE',  ( 0.0000000000000000000, 0.2088540056697230100, 0.0000000000000000000 ) ) ;
#533 = ORIENTED_EDGE ( 'NONE', *, *, #1256, .T. ) ;
#534 = EDGE_CURVE ( 'NONE', #142, #2485, #2746, .T. ) ;
#535 = CARTESIAN_POINT ( 'NONE',  ( 0.04999999999995619800, 0.1285260496614448700, 4.181759488389396000 ) ) ;
#536 = VERTEX_POINT ( 'NONE', #1742 ) ;
#537 = ORIENTED_EDGE ( 'NONE', *, *, #671, .T. ) ;
#538 = CARTESIAN_POINT ( 'NONE',  ( -3.887297395051584100, 0.001609881913664820700, -0.8521565073312523700 ) ) ;
#539 = FACE_OUTER_BOUND ( 'NONE', #2748, .T. ) ;
#540 = CARTESIAN_POINT ( 'NONE',  ( -0.8506512677018106500, 0.08061918535140880100, -3.900474135790767500 ) ) ;
#541 = FACE_OUTER_BOUND ( 'NONE', #189, .T. ) ;
#542 = DIRECTION ( 'NONE',  ( 0.0000000000000000000, 0.0000000000000000000, 1.000000000000000000 ) ) ;
#543 = CIRCLE ( 'NONE', #2204, 4.200000000000000200 ) ;
#544 = CARTESIAN_POINT ( 'NONE',  ( 2.220411550105379800, 0.2878633091076159300, -1.514167571008281800 ) ) ;
#545 = ORIENTED_EDGE ( 'NONE', *, *, #632, .T. ) ;
#546 = CARTESIAN_POINT ( 'NONE',  ( 0.8487608867758113000, 0.08074247352993650700, 3.917697766902400700 ) ) ;
#547 = VERTEX_POINT ( 'NONE', #2370 ) ;
#548 = CARTESIAN_POINT ( 'NONE',  ( 0.8506512677017980000, 0.08061918535140882900, -3.900474135790770200 ) ) ;
#549 = EDGE_CURVE ( 'NONE', #1568, #1136, #854, .T. ) ;
#550 = AXIS2_PLACEMENT_3D ( 'NONE', #733, #75, #123 ) ;
#551 = DIRECTION ( 'NONE',  ( -0.0000000000000000000, -1.000000000000000000, -0.0000000000000000000 ) ) ;
#552 = EDGE_CURVE ( 'NONE', #2764, #2518, #828, .T. ) ;
#553 = CARTESIAN_POINT ( 'NONE',  ( 3.887297395051586300, 0.001609881913664705200, -0.8521565073312427100 ) ) ;
#554 = CARTESIAN_POINT ( 'NONE',  ( 0.0000000000000000000, 0.001609881913663724400, 0.0000000000000000000 ) ) ;
#555 = FACE_OUTER_BOUND ( 'NONE', #1629, .T. ) ;
#556 = EDGE_CURVE ( 'NONE', #1636, #101, #2520, .T. ) ;
#557 = AXIS2_PLACEMENT_3D ( 'NONE', #1371, #73, #1596 ) ;
#558 = EDGE_LOOP ( 'NONE', ( #159, #1204, #1992, #1063 ) ) ;
#559 = ORIENTED_EDGE ( 'NONE', *, *, #2293, .T. ) ;
#560 = ORIENTED_EDGE ( 'NONE', *, *, #244, .F. ) ;
#561 = CARTESIAN_POINT ( 'NONE',  ( 3.917697766902402900, 0.08074247352993652000, -0.8487608867757990800 ) ) ;
#562 = AXIS2_PLACEMENT_3D ( 'NONE', #581, #445, #2615 ) ;
#563 = ORIENTED_EDGE ( 'NONE', *, *, #1339, .F. ) ;
#564 = CARTESIAN_POINT ( 'NONE',  ( -4.010117716611905100, 0.08106398219740319800, -0.05000000000000000300 ) ) ;
#565 = AXIS2_PLACEMENT_3D ( 'NONE', #2839, #2547, #2001 ) ;
#566 = CIRCLE ( 'NONE', #901, 4.022327603132236400 ) ;
#567 = VECTOR ( 'NONE', #1394, 1000.000000000000100 ) ;
#568 = DIRECTION ( 'NONE',  ( -1.000000000000000000, 0.0000000000000000000, -3.491481338843133400E-015 ) ) ;
#569 = ORIENTED_EDGE ( 'NONE', *, *, #346, .T. ) ;
#570 = B_SPLINE_CURVE_WITH_KNOTS ( 'NONE', 3,
 ( #257, #2243, #1579, #1356 ),
 .UNSPECIFIED., .F., .F.,
 ( 4, 4 ),
 ( 9.859985267275134400E-005, 0.0001159460901464892400 ),
 .UNSPECIFIED. ) ;
#571 = CIRCLE ( 'NONE', #1862, 2.674999999999999800 ) ;
#572 = EDGE_CURVE ( 'NONE', #2764, #1378, #1630, .T. ) ;
#573 = ORIENTED_EDGE ( 'NONE', *, *, #1695, .F. ) ;
#574 = CARTESIAN_POINT ( 'NONE',  ( -1.942649130556189900, 0.2236582168230253100, 1.725918353732960300 ) ) ;
#575 = ORIENTED_EDGE ( 'NONE', *, *, #150, .F. ) ;
#576 = CARTESIAN_POINT ( 'NONE',  ( 0.04999999999995683600, 0.1571466956719614300, 4.121283944379609200 ) ) ;
#577 = CARTESIAN_POINT ( 'NONE',  ( -0.01330768284407085300, 0.1114853205891339200, -4.184982973661599100 ) ) ;
#578 = VERTEX_POINT ( 'NONE', #2143 ) ;
#579 = DIRECTION ( 'NONE',  ( 1.000000000000000000, 0.0000000000000000000, 0.0000000000000000000 ) ) ;
#580 = CARTESIAN_POINT ( 'NONE',  ( 0.04999999999995799500, 0.08106398219740146300, 4.010117716611902400 ) ) ;
#581 = CARTESIAN_POINT ( 'NONE',  ( 0.0000000000000000000, 0.03290740435338894400, 0.0000000000000000000 ) ) ;
#582 = EDGE_LOOP ( 'NONE', ( #2359, #701, #184, #1512 ) ) ;
#583 = AXIS2_PLACEMENT_3D ( 'NONE', #386, #551, #2369 ) ;
#584 = ADVANCED_FACE ( 'NONE', ( #2548 ), #2315, .T. ) ;
#585 = DIRECTION ( 'NONE',  ( 0.0000000000000000000, 0.0000000000000000000, 1.000000000000000000 ) ) ;
#586 = VECTOR ( 'NONE', #759, 1000.000000000000100 ) ;
#587 = DIRECTION ( 'NONE',  ( -0.0000000000000000000, -1.000000000000000000, -0.0000000000000000000 ) ) ;
#588 = DIRECTION ( 'NONE',  ( 0.0000000000000000000, 0.0000000000000000000, -1.000000000000000000 ) ) ;
#589 = CARTESIAN_POINT ( 'NONE',  ( -4.143164210601103300, 0.1251769282002746500, -0.05000000000000000300 ) ) ;
#590 = CARTESIAN_POINT ( 'NONE',  ( -0.05000000000004382900, 0.1109789604686254200, 4.184781053398891600 ) ) ;
#591 = ORIENTED_EDGE ( 'NONE', *, *, #432, .F. ) ;
#592 = CARTESIAN_POINT ( 'NONE',  ( 0.8487608867757979700, 0.08074247352993646500, -3.917697766902402900 ) ) ;
#593 = ORIENTED_EDGE ( 'NONE', *, *, #268, .T. ) ;
#594 = EDGE_LOOP ( 'NONE', ( #28, #369, #2026, #2279 ) ) ;
#595 = EDGE_CURVE ( 'NONE', #2123, #874, #2380, .T. ) ;
#596 = CARTESIAN_POINT ( 'NONE',  ( 2.220411550105339400, 0.2878633091074834800, 1.514167571008323300 ) ) ;
#597 = CARTESIAN_POINT ( 'NONE',  ( 2.691081501931089400E-015, 0.1114853205891338700, -4.184887761941087800 ) ) ;
#598 = CARTESIAN_POINT ( 'NONE',  ( 0.05000000000001460900, 0.1109789604686252500, -4.184781053398891600 ) ) ;
#599 = B_SPLINE_CURVE_WITH_KNOTS ( 'NONE', 3,
 ( #1825, #1806, #2010, #2018 ),
 .UNSPECIFIED., .F., .F.,
 ( 4, 4 ),
 ( 3.428555827605946700E-007, 2.029496677805900500E-006 ),
 .UNSPECIFIED. ) ;
#600 = DIRECTION ( 'NONE',  ( 0.0000000000000000000, 1.000000000000000000, 0.0000000000000000000 ) ) ;
#601 = ADVANCED_FACE ( 'NONE', ( #2481 ), #2122, .F. ) ;
#602 = CARTESIAN_POINT ( 'NONE',  ( -1.196424793891206300, 0.1650778205255932200, -2.704975497759182900 ) ) ;
#603 = EDGE_CURVE ( 'NONE', #1581, #713, #2251, .T. ) ;
#604 = AXIS2_PLACEMENT_3D ( 'NONE', #885, #478, #997 ) ;
#605 = EDGE_CURVE ( 'NONE', #2193, #1378, #111, .T. ) ;
#606 = ADVANCED_FACE ( 'NONE', ( #2146 ), #1141, .F. ) ;
#607 = CARTESIAN_POINT ( 'NONE',  ( 0.8373082540675358400, 0.1011463160630056700, -4.039828707302981500 ) ) ;
#608 = ORIENTED_EDGE ( 'NONE', *, *, #306, .T. ) ;
#609 = VERTEX_POINT ( 'NONE', #982 ) ;
#610 = CARTESIAN_POINT ( 'NONE',  ( 0.04709058919697520900, 0.1104779398331871800, -4.184911571362233600 ) ) ;
#611 = CIRCLE ( 'NONE', #1417, 4.022327603132236400 ) ;
#612 = CARTESIAN_POINT ( 'NONE',  ( 0.0000000000000000000, 0.08061918535140881500, 0.0000000000000000000 ) ) ;
#613 = LINE ( 'NONE', #112, #1178 ) ;
#614 = FACE_OUTER_BOUND ( 'NONE', #2393, .T. ) ;
#615 = EDGE_CURVE ( 'NONE', #1181, #2616, #2378, .T. ) ;
#616 = ORIENTED_EDGE ( 'NONE', *, *, #2558, .T. ) ;
#617 = EDGE_CURVE ( 'NONE', #101, #2802, #2680, .T. ) ;
#618 = ORIENTED_EDGE ( 'NONE', *, *, #703, .F. ) ;
#619 = DIRECTION ( 'NONE',  ( -0.0000000000000000000, -1.000000000000000000, -0.0000000000000000000 ) ) ;
#620 = CARTESIAN_POINT ( 'NONE',  ( 0.05000000000001458800, 0.1101056244894135100, -4.176767199849425800 ) ) ;
#621 = B_SPLINE_CURVE_WITH_KNOTS ( 'NONE', 3,
 ( #1297, #1726, #1576, #2800, #735, #1260, #1156, #339 ),
 .UNSPECIFIED., .F., .F.,
 ( 4, 2, 2, 4 ),
 ( 4.141743585591512400E-006, 0.0009312427614407676300, 0.001394793270368355800, 0.001858343779295943900 ),
 .UNSPECIFIED. ) ;
#622 = AXIS2_PLACEMENT_3D ( 'NONE', #755, #600, #677 ) ;
#623 = VERTEX_POINT ( 'NONE', #30 ) ;
#624 = B_SPLINE_CURVE_WITH_KNOTS ( 'NONE', 3,
 ( #1721, #1270, #1732, #2152 ),
 .UNSPECIFIED., .F., .F.,
 ( 4, 4 ),
 ( 2.038616453035796900E-007, 8.029688292735619200E-005 ),
 .UNSPECIFIED. ) ;
#625 = ORIENTED_EDGE ( 'NONE', *, *, #508, .T. ) ;
#626 = CARTESIAN_POINT ( 'NONE',  ( -4.176767199849425800, 0.1101056244894136100, 0.05000000000000000300 ) ) ;
#627 = ADVANCED_FACE ( 'NONE', ( #2107 ), #1203, .F. ) ;
#628 = CIRCLE ( 'NONE', #195, 4.008584642453308300 ) ;
#629 = DIRECTION ( 'NONE',  ( 0.0000000000000000000, 0.0000000000000000000, 1.000000000000000000 ) ) ;
#630 = ORIENTED_EDGE ( 'NONE', *, *, #514, .F. ) ;
#631 = EDGE_CURVE ( 'NONE', #2616, #1898, #2187, .T. ) ;
#632 = EDGE_CURVE ( 'NONE', #416, #1855, #2028, .T. ) ;
#633 = CARTESIAN_POINT ( 'NONE',  ( 0.05000000000001400500, 0.08106398219740319800, -4.010117716611905100 ) ) ;
#634 = EDGE_CURVE ( 'NONE', #416, #2227, #2452, .T. ) ;
#635 = DIRECTION ( 'NONE',  ( -8.643851531545008500E-015, 0.5647931791164017000, 0.8252324913765745100 ) ) ;
#636 = CARTESIAN_POINT ( 'NONE',  ( -3.978674783388804800, 0.09088738945602115000, -0.8422229527424450700 ) ) ;
#637 = CARTESIAN_POINT ( 'NONE',  ( 4.022327603132236400, 0.001931744220632695100, 3.166857824944420100E-014 ) ) ;
#638 = CARTESIAN_POINT ( 'NONE',  ( 0.0000000000000000000, 0.08061918535140881500, 0.0000000000000000000 ) ) ;
#639 = EDGE_CURVE ( 'NONE', #1539, #40, #350, .T. ) ;
#640 = ORIENTED_EDGE ( 'NONE', *, *, #1857, .F. ) ;
#641 = B_SPLINE_CURVE_WITH_KNOTS ( 'NONE', 3,
 ( #888, #893, #1109, #1129 ),
 .UNSPECIFIED., .F., .F.,
 ( 4, 4 ),
 ( 3.342344092778386700E-007, 2.020875504362063500E-006 ),
 .UNSPECIFIED. ) ;
#642 = PLANE ( 'NONE',  #1085 ) ;
#643 = CIRCLE ( 'NONE', #757, 4.008584642453308300 ) ;
#644 = ORIENTED_EDGE ( 'NONE', *, *, #113, .T. ) ;
#645 = CARTESIAN_POINT ( 'NONE',  ( -0.03333333387889390200, 0.02256610854476388500, 4.140580252647929200 ) ) ;
#646 = CARTESIAN_POINT ( 'NONE',  ( 3.932084542713826900, 0.001931744208480699500, 0.8472487804023619600 ) ) ;
#647 = CARTESIAN_POINT ( 'NONE',  ( 3.993432610676307200, 0.01215527432976861400, -0.8409305978915852000 ) ) ;
#648 = TOROIDAL_SURFACE ( 'NONE', #1187, 4.000000000000000000, 0.1299999999999997500 ) ;
#649 = LINE ( 'NONE', #1398, #567 ) ;
#650 = EDGE_CURVE ( 'NONE', #1898, #864, #2415, .T. ) ;
#651 = ORIENTED_EDGE ( 'NONE', *, *, #2549, .F. ) ;
#652 = FILL_AREA_STYLE_COLOUR ( '', #1073 ) ;
#653 = EDGE_CURVE ( 'NONE', #623, #1358, #1963, .T. ) ;
#654 = VECTOR ( 'NONE', #1562, 1000.000000000000000 ) ;
#655 = CARTESIAN_POINT ( 'NONE',  ( -2.220411550105337200, 0.2878633091074835900, -1.514167571008325600 ) ) ;
#656 = CARTESIAN_POINT ( 'NONE',  ( -0.03333333387882901600, 0.02256610854476378800, -4.140580252647930100 ) ) ;
#657 = ORIENTED_EDGE ( 'NONE', *, *, #653, .F. ) ;
#658 = AXIS2_PLACEMENT_3D ( 'NONE', #273, #295, #305 ) ;
#659 = CARTESIAN_POINT ( 'NONE',  ( -4.184942278865279700, 0.1104832795211453300, 0.04418104336897457600 ) ) ;
#660 = CARTESIAN_POINT ( 'NONE',  ( 3.993432610677002600, 0.01215527432988576500, 0.8409305978915404500 ) ) ;
#661 = CARTESIAN_POINT ( 'NONE',  ( 3.902050343019367200, -0.0006210489105433162200, -0.8504425372923554200 ) ) ;
#662 = EDGE_CURVE ( 'NONE', #2518, #724, #2766, .T. ) ;
#663 = EDGE_CURVE ( 'NONE', #864, #1484, #641, .T. ) ;
#664 =( BOUNDED_CURVE ( )  B_SPLINE_CURVE ( 3, ( #421, #2853, #2165, #2179 ),
 .UNSPECIFIED., .F., .T. ) 
 B_SPLINE_CURVE_WITH_KNOTS ( ( 4, 4 ),
 ( 3.130098698723542800, 3.153086608456042500 ),
 .UNSPECIFIED. ) 
 CURVE ( )  GEOMETRIC_REPRESENTATION_ITEM ( )  RATIONAL_B_SPLINE_CURVE ( ( 1.000000000000000000, 0.9999559634853231200, 0.9999559634853231200, 1.000000000000000000 ) ) 
 REPRESENTATION_ITEM ( '' )  );
#665 = APPLICATION_CONTEXT ( 'automotive_design' ) ;
#666 = AXIS2_PLACEMENT_3D ( 'NONE', #373, #1449, #588 ) ;
#667 = CARTESIAN_POINT ( 'NONE',  ( 3.917345906351216400, -0.0005244193976575698900, -0.8487666993463209900 ) ) ;
#668 = VERTEX_POINT ( 'NONE', #994 ) ;
#669 = CARTESIAN_POINT ( 'NONE',  ( 0.01660753722526789700, 0.07221818451574228700, 4.192585995446943800 ) ) ;
#670 = ORIENTED_EDGE ( 'NONE', *, *, #56, .F. ) ;
#671 = EDGE_CURVE ( 'NONE', #1484, #2350, #1832, .T. ) ;
#672 = B_SPLINE_CURVE_WITH_KNOTS ( 'NONE', 3,
 ( #222, #2000, #2671, #1314, #18, #1551 ),
 .UNSPECIFIED., .F., .F.,
 ( 4, 2, 4 ),
 ( 1.332256669121371100E-006, 0.0009305990477319580900, 0.001859865838794794900 ),
 .UNSPECIFIED. ) ;
#673 = AXIS2_PLACEMENT_3D ( 'NONE', #153, #1827, #85 ) ;
#674 = VECTOR ( 'NONE', #1253, 1000.000000000000100 ) ;
#675 = ORIENTED_EDGE ( 'NONE', *, *, #1864, .F. ) ;
#676 = EDGE_CURVE ( 'NONE', #2123, #1430, #2537, .T. ) ;
#677 = DIRECTION ( 'NONE',  ( 0.0000000000000000000, 0.0000000000000000000, 1.000000000000000000 ) ) ;
#678 = CARTESIAN_POINT ( 'NONE',  ( -3.932084542713826000, 0.001931744208480682100, -0.8472487804023627300 ) ) ;
#679 = ORIENTED_EDGE ( 'NONE', *, *, #1428, .F. ) ;
#680 = FACE_OUTER_BOUND ( 'NONE', #2526, .T. ) ;
#681 = CARTESIAN_POINT ( 'NONE',  ( -4.184911571362234500, 0.1104779398331871300, 0.04709058919695972200 ) ) ;
#682 = LINE ( 'NONE', #2603, #227 ) ;
#683 = ORIENTED_EDGE ( 'NONE', *, *, #1097, .F. ) ;
#684 = VECTOR ( 'NONE', #2519, 1000.000000000000100 ) ;
#685 = ORIENTED_EDGE ( 'NONE', *, *, #2600, .F. ) ;
#686 = ADVANCED_FACE ( 'NONE', ( #1920 ), #1071, .F. ) ;
#687 = VERTEX_POINT ( 'NONE', #1401 ) ;
#688 = CARTESIAN_POINT ( 'NONE',  ( 3.134352307466532000, 0.1102919814847757000, -1.022953645172417700 ) ) ;
#689 = CARTESIAN_POINT ( 'NONE',  ( -0.01660753722527601500, 0.07221818451574228700, 4.192585995446943800 ) ) ;
#690 = ORIENTED_EDGE ( 'NONE', *, *, #2346, .T. ) ;
#691 = CARTESIAN_POINT ( 'NONE',  ( 4.192204019208628700, 0.07215159023128715800, 0.04982041766163739600 ) ) ;
#692 = ADVANCED_FACE ( 'NONE', ( #1881 ), #1777, .T. ) ;
#693 = EDGE_CURVE ( 'NONE', #2350, #2498, #599, .T. ) ;
#694 = ORIENTED_EDGE ( 'NONE', *, *, #2413, .F. ) ;
#695 = ORIENTED_EDGE ( 'NONE', *, *, #1344, .F. ) ;
#696 = ORIENTED_EDGE ( 'NONE', *, *, #182, .T. ) ;
#697 =( BOUNDED_CURVE ( )  B_SPLINE_CURVE ( 3, ( #180, #2784, #2741, #2737 ),
 .UNSPECIFIED., .F., .F. ) 
 B_SPLINE_CURVE_WITH_KNOTS ( ( 4, 4 ),
 ( 3.141592653589800200, 3.153086608456042500 ),
 .UNSPECIFIED. ) 
 CURVE ( )  GEOMETRIC_REPRESENTATION_ITEM ( )  RATIONAL_B_SPLINE_CURVE ( ( 1.000000000000000000, 0.9999889907804285800, 0.9999889907804285800, 1.000000000000000000 ) ) 
 REPRESENTATION_ITEM ( '' )  );
#698 = B_SPLINE_CURVE_WITH_KNOTS ( 'NONE', 3,
 ( #453, #661, #667, #2233 ),
 .UNSPECIFIED., .F., .F.,
 ( 4, 4 ),
 ( 0.0002567370076382219200, 0.0003018589985237347300 ),
 .UNSPECIFIED. ) ;
#699 = DIRECTION ( 'NONE',  ( -0.0000000000000000000, -0.0000000000000000000, -1.000000000000000000 ) ) ;
#700 = EDGE_CURVE ( 'NONE', #2498, #2709, #2634, .T. ) ;
#701 = ORIENTED_EDGE ( 'NONE', *, *, #1609, .F. ) ;
#702 = CARTESIAN_POINT ( 'NONE',  ( -4.199702367158962200, 0.03290740378530646700, 0.04999999908445117200 ) ) ;
#703 = EDGE_CURVE ( 'NONE', #1309, #2802, #1815, .T. ) ;
#704 = AXIS2_PLACEMENT_3D ( 'NONE', #1353, #50, #1577 ) ;
#705 = ORIENTED_EDGE ( 'NONE', *, *, #784, .F. ) ;
#706 = CIRCLE ( 'NONE', #2516, 0.03874031597854085700 ) ;
#707 = CONICAL_SURFACE ( 'NONE', #2252, 4.184982973661599100, 1.398248548160331100 ) ;
#708 = CARTESIAN_POINT ( 'NONE',  ( -2.188460054374549400, 0.2088540056697230100, 1.538267723904698900 ) ) ;
#709 = EDGE_CURVE ( 'NONE', #1918, #2256, #807, .T. ) ;
#710 = ORIENTED_EDGE ( 'NONE', *, *, #187, .F. ) ;
#711 = CIRCLE ( 'NONE', #2432, 4.184982973661599100 ) ;
#712 = CARTESIAN_POINT ( 'NONE',  ( -0.8488583824337763200, 0.08059722316798932600, -3.916789306922813000 ) ) ;
#713 = VERTEX_POINT ( 'NONE', #2644 ) ;
#714 = CARTESIAN_POINT ( 'NONE',  ( 0.04999999999995799500, 0.08106398219740146300, 4.010117716611902400 ) ) ;
#715 = EDGE_CURVE ( 'NONE', #1932, #1358, #1847, .T. ) ;
#716 = CARTESIAN_POINT ( 'NONE',  ( -4.015457571399240400, 0.04133736138351488300, -3.167819287783089800E-014 ) ) ;
#717 = VERTEX_POINT ( 'NONE', #2473 ) ;
#718 = EDGE_CURVE ( 'NONE', #2709, #841, #2422, .T. ) ;
#719 = ORIENTED_EDGE ( 'NONE', *, *, #12, .F. ) ;
#720 = CARTESIAN_POINT ( 'NONE',  ( 0.0000000000000000000, 0.2088540056697230100, 0.0000000000000000000 ) ) ;
#721 = ADVANCED_FACE ( 'NONE', ( #2004 ), #1672, .T. ) ;
#722 = CARTESIAN_POINT ( 'NONE',  ( -4.184782840622305300, 0.1109743212122548800, 0.05000000000000000300 ) ) ;
#723 = DIRECTION ( 'NONE',  ( -0.9635405794047192700, -0.04595402684468463000, 0.2635863791192103500 ) ) ;
#724 = VERTEX_POINT ( 'NONE', #43 ) ;
#725 = CARTESIAN_POINT ( 'NONE',  ( -4.184969952073514900, 0.1104886192091032300, 0.04127146974580423600 ) ) ;
#726 = ORIENTED_EDGE ( 'NONE', *, *, #27, .T. ) ;
#727 = EDGE_CURVE ( 'NONE', #1309, #1188, #1852, .T. ) ;
#728 = CARTESIAN_POINT ( 'NONE',  ( -1.725918353732919900, 0.2236582168230192600, 1.942649130556246100 ) ) ;
#729 = ORIENTED_EDGE ( 'NONE', *, *, #2023, .T. ) ;
#730 = ADVANCED_FACE ( 'NONE', ( #1565 ), #2092, .T. ) ;
#731 = CARTESIAN_POINT ( 'NONE',  ( -3.917697766902402900, 0.08074247352993650700, 0.8487608867757998600 ) ) ;
#732 = DIRECTION ( 'NONE',  ( 1.049490187192266900E-014, 0.0000000000000000000, -1.000000000000000000 ) ) ;
#733 = CARTESIAN_POINT ( 'NONE',  ( -4.569808805528771500E-014, 0.04133736138351488300, 4.015457571399240400 ) ) ;
#734 = EDGE_CURVE ( 'NONE', #1999, #2660, #1432, .T. ) ;
#735 = CARTESIAN_POINT ( 'NONE',  ( 0.9743457680842634300, 0.08997742699251309900, 3.282626146741511000 ) ) ;
#736 = ORIENTED_EDGE ( 'NONE', *, *, #1913, .T. ) ;
#737 = ORIENTED_EDGE ( 'NONE', *, *, #410, .F. ) ;
#738 = FACE_OUTER_BOUND ( 'NONE', #530, .T. ) ;
#739 = VECTOR ( 'NONE', #1715, 1000.000000000000100 ) ;
#740 = CARTESIAN_POINT ( 'NONE',  ( 0.03333349982800351600, 0.08101539756672637700, 4.010046728474479000 ) ) ;
#741 = CARTESIAN_POINT ( 'NONE',  ( -1.538267723904712900, 0.2088540056699248500, 2.188460054374529800 ) ) ;
#742 = B_SPLINE_CURVE_WITH_KNOTS ( 'NONE', 3,
 ( #2513, #2009, #2228, #1948, #977, #2156 ),
 .UNSPECIFIED., .F., .F.,
 ( 4, 2, 4 ),
 ( 1.329991956052884700E-006, 0.0009171492846033995700, 0.001832968577250746300 ),
 .UNSPECIFIED. ) ;
#743 = ORIENTED_EDGE ( 'NONE', *, *, #1824, .F. ) ;
#744 = SPHERICAL_SURFACE ( 'NONE', #1131, 17.05030600689261200 ) ;
#745 = EDGE_CURVE ( 'NONE', #2802, #424, #1210, .T. ) ;
#746 = CARTESIAN_POINT ( 'NONE',  ( 0.0000000000000000000, 0.001931744220632757700, 0.0000000000000000000 ) ) ;
#747 = AXIS2_PLACEMENT_3D ( 'NONE', #63, #1851, #1212 ) ;
#748 = DIRECTION ( 'NONE',  ( 1.000000000000000000, 0.0000000000000000000, 1.047444401652940000E-014 ) ) ;
#749 = AXIS2_PLACEMENT_3D ( 'NONE', #939, #1217, #944 ) ;
#750 = CARTESIAN_POINT ( 'NONE',  ( -4.140580252647929200, 0.02256610854476389200, -0.03333333387887942000 ) ) ;
#751 = CARTESIAN_POINT ( 'NONE',  ( 4.184969952073514900, 0.1104886192091032300, 0.04127146974580426400 ) ) ;
#752 = CARTESIAN_POINT ( 'NONE',  ( 0.04999999999995660700, 0.1251769282002746500, 4.143164210601103300 ) ) ;
#753 = DIRECTION ( 'NONE',  ( 0.0000000000000000000, 0.0000000000000000000, -1.000000000000000000 ) ) ;
#754 = B_SPLINE_CURVE_WITH_KNOTS ( 'NONE', 3,
 ( #1973, #848, #2418, #1060, #2645, #1289, #2852 ),
 .UNSPECIFIED., .F., .F.,
 ( 4, 3, 4 ),
 ( 9.756312002837536900E-005, 9.893553580360123500E-005, 0.0001148993958677099100 ),
 .UNSPECIFIED. ) ;
#755 = CARTESIAN_POINT ( 'NONE',  ( 0.0000000000000000000, 0.1114853205891338500, 0.0000000000000000000 ) ) ;
#756 = EDGE_CURVE ( 'NONE', #1358, #2192, #1631, .T. ) ;
#757 = AXIS2_PLACEMENT_3D ( 'NONE', #517, #516, #498 ) ;
#758 =( GEOMETRIC_REPRESENTATION_CONTEXT ( 3 ) GLOBAL_UNCERTAINTY_ASSIGNED_CONTEXT ( ( #1520 ) ) GLOBAL_UNIT_ASSIGNED_CONTEXT ( ( #986, #983, #962 ) ) REPRESENTATION_CONTEXT ( 'NONE', 'WORKASPACE' ) );
#759 = DIRECTION ( 'NONE',  ( -0.2675622391900958100, 0.1654888589134856100, -0.9492227798231005500 ) ) ;
#760 = EDGE_LOOP ( 'NONE', ( #1894, #1674, #1765, #2787 ) ) ;
#761 = ORIENTED_EDGE ( 'NONE', *, *, #2642, .T. ) ;
#762 = CARTESIAN_POINT ( 'NONE',  ( -0.03992244300950224100, 0.1114853205891337000, 4.184792550220575600 ) ) ;
#763 = CARTESIAN_POINT ( 'NONE',  ( -0.8340242249366419700, 0.1114853205891336600, -4.101034757479666800 ) ) ;
#764 = CARTESIAN_POINT ( 'NONE',  ( 3.157248564269583100, 0.1882045409787693200, 1.015070034319063500 ) ) ;
#765 = AXIS2_PLACEMENT_3D ( 'NONE', #2539, #149, #2749 ) ;
#766 = AXIS2_PLACEMENT_3D ( 'NONE', #2145, #1949, #1941 ) ;
#767 = FACE_OUTER_BOUND ( 'NONE', #947, .T. ) ;
#768 = DIRECTION ( 'NONE',  ( 0.0000000000000000000, 0.0000000000000000000, -1.000000000000000000 ) ) ;
#769 = FACE_OUTER_BOUND ( 'NONE', #4, .T. ) ;
#770 = ORIENTED_EDGE ( 'NONE', *, *, #367, .T. ) ;
#771 = CARTESIAN_POINT ( 'NONE',  ( 2.733012864235770100, 0.2428009866234374100, 1.182692899981174600 ) ) ;
#772 = VECTOR ( 'NONE', #2847, 1000.000000000000000 ) ;
#773 = CARTESIAN_POINT ( 'NONE',  ( 2.142605853953527500E-011, 0.08099109975592704000, 4.010011226376219500 ) ) ;
#774 = VERTEX_POINT ( 'NONE', #1153 ) ;
#775 = CARTESIAN_POINT ( 'NONE',  ( 4.116519250091118700, 0.03290740435338870800, 0.8332282182147020500 ) ) ;
#776 = DIRECTION ( 'NONE',  ( -1.000000000000000000, 0.0000000000000000000, 0.0000000000000000000 ) ) ;
#777 = B_SPLINE_CURVE_WITH_KNOTS ( 'NONE', 3,
 ( #502, #509, #957, #2304 ),
 .UNSPECIFIED., .F., .F.,
 ( 4, 4 ),
 ( 0.0000000000000000000, 1.000000000000000000 ),
 .UNSPECIFIED. ) ;
#778 = ORIENTED_EDGE ( 'NONE', *, *, #603, .T. ) ;
#779 = CARTESIAN_POINT ( 'NONE',  ( 0.8334818103297824100, 0.05910072046348306000, 4.111360600420153100 ) ) ;
#780 = ORIENTED_EDGE ( 'NONE', *, *, #346, .F. ) ;
#781 = B_SPLINE_CURVE_WITH_KNOTS ( 'NONE', 3,
 ( #1047, #2838, #199, #1733 ),
 .UNSPECIFIED., .F., .F.,
 ( 4, 4 ),
 ( 4.121924608202989500E-006, 0.0009236327365095447300 ),
 .UNSPECIFIED. ) ;
#782 = VERTEX_POINT ( 'NONE', #2794 ) ;
#783 = VERTEX_POINT ( 'NONE', #233 ) ;
#784 = EDGE_CURVE ( 'NONE', #2268, #119, #1393, .T. ) ;
#785 = PLANE ( 'NONE',  #209 ) ;
#786 = CARTESIAN_POINT ( 'NONE',  ( 0.8337471296113764300, 0.08529336795367842300, 4.106199117997166000 ) ) ;
#787 = CARTESIAN_POINT ( 'NONE',  ( 0.0000000000000000000, 0.1299999999999995000, 0.0000000000000000000 ) ) ;
#788 = AXIS2_PLACEMENT_3D ( 'NONE', #1500, #2397, #1050 ) ;
#789 = DIRECTION ( 'NONE',  ( 1.047444401652940000E-014, 0.0000000000000000000, -1.000000000000000000 ) ) ;
#790 = CARTESIAN_POINT ( 'NONE',  ( 0.0000000000000000000, 0.1114853205891338500, 0.0000000000000000000 ) ) ;
#791 = EDGE_LOOP ( 'NONE', ( #2463, #780, #206, #1756, #1259, #1403, #2286, #2697 ) ) ;
#792 = ADVANCED_FACE ( 'NONE', ( #1348 ), #1106, .F. ) ;
#793 = CARTESIAN_POINT ( 'NONE',  ( 3.906777831798503400, 1.294547575198467600E-005, 0.8499492684540233000 ) ) ;
#794 = EDGE_CURVE ( 'NONE', #1653, #2672, #1135, .T. ) ;
#795 = FACE_OUTER_BOUND ( 'NONE', #518, .T. ) ;
#796 = ORIENTED_EDGE ( 'NONE', *, *, #1725, .F. ) ;
#797 = ORIENTED_EDGE ( 'NONE', *, *, #2181, .T. ) ;
#798 = VERTEX_POINT ( 'NONE', #553 ) ;
#799 = CARTESIAN_POINT ( 'NONE',  ( 0.01666672218757953400, 0.08099109975594789800, 4.010011226376249700 ) ) ;
#800 = ADVANCED_FACE ( 'NONE', ( #1318 ), #1283, .T. ) ;
#801 = DIRECTION ( 'NONE',  ( 0.9492227798230977700, 0.1654888589134856100, -0.2675622391901057400 ) ) ;
#802 = CARTESIAN_POINT ( 'NONE',  ( 0.0000000000000000000, 0.001931744220632757700, 0.0000000000000000000 ) ) ;
#803 = CARTESIAN_POINT ( 'NONE',  ( 0.0000000000000000000, 0.03290740435338894400, 0.0000000000000000000 ) ) ;
#804 = CONICAL_SURFACE ( 'NONE', #33, 4.022327603132236400, 1.398189730188844200 ) ;
#805 = DIRECTION ( 'NONE',  ( -5.915894535572413200E-015, -0.8252324913765745100, 0.5647931791164017000 ) ) ;
#806 = ORIENTED_EDGE ( 'NONE', *, *, #172, .T. ) ;
#807 = B_SPLINE_CURVE_WITH_KNOTS ( 'NONE', 3,
 ( #2032, #2049, #2489, #2501 ),
 .UNSPECIFIED., .F., .F.,
 ( 4, 4 ),
 ( 0.0002567370076382209400, 0.0003018589985237336000 ),
 .UNSPECIFIED. ) ;
#808 = DIRECTION ( 'NONE',  ( 0.0000000000000000000, 0.0000000000000000000, -1.000000000000000000 ) ) ;
#809 = ORIENTED_EDGE ( 'NONE', *, *, #709, .T. ) ;
#810 = ORIENTED_EDGE ( 'NONE', *, *, #2469, .F. ) ;
#811 = DIRECTION ( 'NONE',  ( -0.1717507933248913800, -0.9851404290720539000, 5.340456967016114900E-016 ) ) ;
#812 = FACE_OUTER_BOUND ( 'NONE', #1423, .T. ) ;
#813 = ADVANCED_FACE ( 'NONE', ( #1505 ), #2647, .T. ) ;
#814 = ORIENTED_EDGE ( 'NONE', *, *, #2019, .T. ) ;
#815 = CIRCLE ( 'NONE', #557, 2.687551094385840900 ) ;
#816 = CARTESIAN_POINT ( 'NONE',  ( -0.04999999999998600700, 0.07974989584046786300, -4.008197674376418700 ) ) ;
#817 = DIRECTION ( 'NONE',  ( 0.0000000000000000000, -0.5647931791164017000, -0.8252324913765745100 ) ) ;
#818 = ORIENTED_EDGE ( 'NONE', *, *, #2439, .F. ) ;
#819 = PLANE ( 'NONE',  #1386 ) ;
#820 = CARTESIAN_POINT ( 'NONE',  ( 3.978674783388804800, 0.09088738945602102500, 0.8422229527424443000 ) ) ;
#821 = CARTESIAN_POINT ( 'NONE',  ( -0.9743457680842631000, 0.08997742699251329300, -3.282626146741509700 ) ) ;
#822 = ADVANCED_FACE ( 'NONE', ( #1175 ), #2237, .F. ) ;
#823 = ORIENTED_EDGE ( 'NONE', *, *, #2651, .T. ) ;
#824 = EDGE_LOOP ( 'NONE', ( #913, #1776, #59, #1107 ) ) ;
#825 = CARTESIAN_POINT ( 'NONE',  ( -4.022327603132236400, 0.001931744220632695100, -3.166857824944420100E-014 ) ) ;
#826 = CARTESIAN_POINT ( 'NONE',  ( -0.04999999999998539600, 0.1285260496614448700, -4.181759488389396000 ) ) ;
#827 = CIRCLE ( 'NONE', #583, 3.992155566008849000 ) ;
#828 = B_SPLINE_CURVE_WITH_KNOTS ( 'NONE', 3,
 ( #1969, #1944, #2594, #400 ),
 .UNSPECIFIED., .F., .F.,
 ( 4, 4 ),
 ( 3.167032895051938900E-007, 4.027122294972122700E-005 ),
 .UNSPECIFIED. ) ;
#829 = CARTESIAN_POINT ( 'NONE',  ( 0.04999999999995619800, 0.1285260496614448700, 4.181759488389396000 ) ) ;
#830 = CARTESIAN_POINT ( 'NONE',  ( 4.855501079736768700E-028, -16.63030600689261400, 0.0000000000000000000 ) ) ;
#831 = DIRECTION ( 'NONE',  ( 0.0000000000000000000, 1.000000000000000000, 0.0000000000000000000 ) ) ;
#832 = ORIENTED_EDGE ( 'NONE', *, *, #2780, .T. ) ;
#833 = ORIENTED_EDGE ( 'NONE', *, *, #1725, .T. ) ;
#834 = DIRECTION ( 'NONE',  ( -0.0000000000000000000, -1.000000000000000000, -0.0000000000000000000 ) ) ;
#835 = ORIENTED_EDGE ( 'NONE', *, *, #849, .F. ) ;
#836 = AXIS2_PLACEMENT_3D ( 'NONE', #1450, #1670, #2015 ) ;
#837 = PLANE ( 'NONE',  #788 ) ;
#838 = FACE_OUTER_BOUND ( 'NONE', #847, .T. ) ;
#839 = CARTESIAN_POINT ( 'NONE',  ( 0.0000000000000000000, 0.001609881913663724400, -3.979604471623006600 ) ) ;
#840 = AXIS2_PLACEMENT_3D ( 'NONE', #2818, #2789, #2760 ) ;
#841 = VERTEX_POINT ( 'NONE', #2184 ) ;
#842 = LINE ( 'NONE', #2808, #2631 ) ;
#843 = ORIENTED_EDGE ( 'NONE', *, *, #727, .T. ) ;
#844 = DIRECTION ( 'NONE',  ( -1.000000000000000000, 0.0000000000000000000, 0.0000000000000000000 ) ) ;
#845 = AXIS2_PLACEMENT_3D ( 'NONE', #1121, #463, #2691 ) ;
#846 = ORIENTED_EDGE ( 'NONE', *, *, #481, .F. ) ;
#847 = EDGE_LOOP ( 'NONE', ( #70, #1173, #265, #1593, #860, #291, #2626, #1883 ) ) ;
#848 = CARTESIAN_POINT ( 'NONE',  ( -3.917244021797112300, 0.08066698269404074000, 0.8488095371647049700 ) ) ;
#849 = EDGE_CURVE ( 'NONE', #2512, #2192, #2788, .T. ) ;
#850 = CARTESIAN_POINT ( 'NONE',  ( 4.184969952073514900, 0.1104886192091032300, -0.04127146974580423600 ) ) ;
#851 = AXIS2_PLACEMENT_3D ( 'NONE', #638, #1735, #2465 ) ;
#852 = DIRECTION ( 'NONE',  ( -0.0000000000000000000, -1.000000000000000000, -0.0000000000000000000 ) ) ;
#853 = DIRECTION ( 'NONE',  ( -0.9492227798232124600, -0.1654888589135053700, -0.2675622391896864700 ) ) ;
#854 =( BOUNDED_CURVE ( )  B_SPLINE_CURVE ( 3, ( #1919, #1931, #2412, #1957 ),
 .UNSPECIFIED., .F., .F. ) 
 B_SPLINE_CURVE_WITH_KNOTS ( ( 4, 4 ),
 ( 3.130098698723542800, 3.141592653589800200 ),
 .UNSPECIFIED. ) 
 CURVE ( )  GEOMETRIC_REPRESENTATION_ITEM ( )  RATIONAL_B_SPLINE_CURVE ( ( 1.000000000000000000, 0.9999889907804284700, 0.9999889907804284700, 1.000000000000000000 ) ) 
 REPRESENTATION_ITEM ( '' )  );
#855 = DIRECTION ( 'NONE',  ( 1.000000000000000000, 0.0000000000000000000, 1.047444401652940000E-014 ) ) ;
#856 = EDGE_CURVE ( 'NONE', #2517, #2729, #1078, .T. ) ;
#857 = CARTESIAN_POINT ( 'NONE',  ( 4.054953162736900700, 0.02249190618430249900, 0.8362547223010319300 ) ) ;
#858 = ADVANCED_FACE ( 'NONE', ( #838 ), #707, .F. ) ;
#859 = CARTESIAN_POINT ( 'NONE',  ( -4.081455452129677800, 0.01224017809789291700, 0.01666666667983696800 ) ) ;
#860 = ORIENTED_EDGE ( 'NONE', *, *, #971, .T. ) ;
#861 = B_SPLINE_CURVE_WITH_KNOTS ( 'NONE', 3,
 ( #741, #728, #574, #708 ),
 .UNSPECIFIED., .F., .F.,
 ( 4, 4 ),
 ( 4.121924608215869500E-006, 0.0009236327365096239800 ),
 .UNSPECIFIED. ) ;
#862 = CARTESIAN_POINT ( 'NONE',  ( 0.0000000000000000000, 0.001931744220632757700, 0.0000000000000000000 ) ) ;
#863 = VECTOR ( 'NONE', #1046, 1000.000000000000000 ) ;
#864 = VERTEX_POINT ( 'NONE', #1738 ) ;
#865 = DIRECTION ( 'NONE',  ( 0.0000000000000000000, 0.0000000000000000000, 1.000000000000000000 ) ) ;
#866 = ORIENTED_EDGE ( 'NONE', *, *, #2620, .T. ) ;
#867 = CARTESIAN_POINT ( 'NONE',  ( -1.194980839384838200, 0.1647965241532272400, 2.707568545509662100 ) ) ;
#868 = DIRECTION ( 'NONE',  ( 1.047444401652940000E-014, 0.0000000000000000000, -1.000000000000000000 ) ) ;
#869 = CARTESIAN_POINT ( 'NONE',  ( 4.184781053398891600, 0.1109789604686253300, 0.05000000000000000300 ) ) ;
#870 = CONICAL_SURFACE ( 'NONE', #2743, 4.022327603132236400, 1.398189730188844200 ) ;
#871 = VECTOR ( 'NONE', #2079, 1000.000000000000100 ) ;
#872 = ORIENTED_EDGE ( 'NONE', *, *, #2371, .T. ) ;
#873 = B_SPLINE_CURVE_WITH_KNOTS ( 'NONE', 3,
 ( #2614, #626, #2622, #1272, #2825, #1507, #191 ),
 .UNSPECIFIED., .F., .F.,
 ( 4, 3, 4 ),
 ( 0.0003071717482055240300, 0.0003313061597034025400, 0.0004843776209941825900 ),
 .UNSPECIFIED. ) ;
#874 = VERTEX_POINT ( 'NONE', #1769 ) ;
#875 = DIRECTION ( 'NONE',  ( -0.0000000000000000000, -1.000000000000000000, -0.0000000000000000000 ) ) ;
#876 = VERTEX_POINT ( 'NONE', #1762 ) ;
#877 = ADVANCED_FACE ( 'NONE', ( #769 ), #1041, .T. ) ;
#878 = ORIENTED_EDGE ( 'NONE', *, *, #794, .F. ) ;
#879 = PRODUCT_CONTEXT ( 'NONE', #665, 'mechanical' ) ;
#880 = VERTEX_POINT ( 'NONE', #1628 ) ;
#881 = LINE ( 'NONE', #2725, #940 ) ;
#882 = DIRECTION ( 'NONE',  ( 1.000000000000000000, 0.0000000000000000000, 1.047444401652940000E-014 ) ) ;
#883 = CARTESIAN_POINT ( 'NONE',  ( -4.116519250091140100, 0.03290740435339244200, -0.8332282182147016100 ) ) ;
#884 = CARTESIAN_POINT ( 'NONE',  ( 3.932084542710758700, 0.001931744220632676800, -0.8472487804031589900 ) ) ;
#885 = CARTESIAN_POINT ( 'NONE',  ( 4.143164210601103300, 0.1251769282002746500, -0.05000000000000000300 ) ) ;
#886 = EDGE_CURVE ( 'NONE', #429, #1845, #1249, .T. ) ;
#887 = ORIENTED_EDGE ( 'NONE', *, *, #1199, .F. ) ;
#888 = CARTESIAN_POINT ( 'NONE',  ( -4.184969952073514900, 0.1104886192091032300, 0.04127146974580423600 ) ) ;
#889 = EDGE_CURVE ( 'NONE', #446, #724, #912, .T. ) ;
#890 = CARTESIAN_POINT ( 'NONE',  ( -0.04999999908440726200, 0.03290740378530646000, -4.199702367158963900 ) ) ;
#891 = DIRECTION ( 'NONE',  ( 0.0000000000000000000, 0.0000000000000000000, 1.000000000000000000 ) ) ;
#892 = CARTESIAN_POINT ( 'NONE',  ( 0.0000000000000000000, 0.2878633091074646600, -2.687551094385841400 ) ) ;
#893 = CARTESIAN_POINT ( 'NONE',  ( -4.184910196864195500, 0.1108243434341086000, 0.04082447667456774700 ) ) ;
#894 = PLANE ( 'NONE',  #466 ) ;
#895 = CARTESIAN_POINT ( 'NONE',  ( 3.581761325500449000, 0.04732109790747896600, -0.8980833510002778100 ) ) ;
#896 = ORIENTED_EDGE ( 'NONE', *, *, #324, .T. ) ;
#897 = CARTESIAN_POINT ( 'NONE',  ( 0.0000000000000000000, 0.001931744220632757700, 0.0000000000000000000 ) ) ;
#898 = CARTESIAN_POINT ( 'NONE',  ( 4.855501079736768700E-028, -16.63030600689261400, 0.0000000000000000000 ) ) ;
#899 = CARTESIAN_POINT ( 'NONE',  ( 4.184910196864195500, 0.1108243434341085900, -0.04082447667456777500 ) ) ;
#900 = ORIENTED_EDGE ( 'NONE', *, *, #437, .T. ) ;
#901 = AXIS2_PLACEMENT_3D ( 'NONE', #433, #428, #419 ) ;
#902 = LINE ( 'NONE', #829, #863 ) ;
#903 = ORIENTED_EDGE ( 'NONE', *, *, #2371, .F. ) ;
#904 = CARTESIAN_POINT ( 'NONE',  ( 0.04982041766164326700, 0.07215159023128706100, 4.192204019208627800 ) ) ;
#905 = FACE_OUTER_BOUND ( 'NONE', #354, .T. ) ;
#906 = EDGE_CURVE ( 'NONE', #1932, #1918, #492, .T. ) ;
#907 = B_SPLINE_CURVE_WITH_KNOTS ( 'NONE', 3,
 ( #341, #820, #279, #1421 ),
 .UNSPECIFIED., .F., .F.,
 ( 4, 4 ),
 ( 1.225099366706824200E-006, 0.0001877049748519485900 ),
 .UNSPECIFIED. ) ;
#908 = DIRECTION ( 'NONE',  ( -1.000000000000000000, -0.0000000000000000000, -1.047444401652940000E-014 ) ) ;
#909 = PRODUCT_DEFINITION_CONTEXT ( 'detailed design', #2440, 'design' ) ;
#910 = ORIENTED_EDGE ( 'NONE', *, *, #1479, .T. ) ;
#911 = B_SPLINE_CURVE_WITH_KNOTS ( 'NONE', 3,
 ( #1873, #395, #238, #2094 ),
 .UNSPECIFIED., .F., .F.,
 ( 4, 4 ),
 ( 0.0000000000000000000, 1.000000000000000000 ),
 .UNSPECIFIED. ) ;
#912 = LINE ( 'NONE', #1652, #654 ) ;
#913 = ORIENTED_EDGE ( 'NONE', *, *, #703, .T. ) ;
#914 = FACE_OUTER_BOUND ( 'NONE', #1334, .T. ) ;
#915 = ORIENTED_EDGE ( 'NONE', *, *, #2353, .F. ) ;
#916 = ADVANCED_FACE ( 'NONE', ( #812 ), #468, .F. ) ;
#917 = CARTESIAN_POINT ( 'NONE',  ( 0.8487666993463335300, -0.0005244193976575969900, 3.917345906351213700 ) ) ;
#918 = ORIENTED_EDGE ( 'NONE', *, *, #2472, .F. ) ;
#919 = VERTEX_POINT ( 'NONE', #892 ) ;
#920 = CARTESIAN_POINT ( 'NONE',  ( 0.04988027852929446900, 0.05907019501694046200, 4.194703469916770900 ) ) ;
#921 = CARTESIAN_POINT ( 'NONE',  ( -0.8494710224456899500, 0.07979726994761633700, -3.911096738047515700 ) ) ;
#922 = PRESENTATION_STYLE_ASSIGNMENT (( #988 ) ) ;
#923 = AXIS2_PLACEMENT_3D ( 'NONE', #1900, #2150, #2130 ) ;
#924 = PLANE ( 'NONE',  #565 ) ;
#925 = DIRECTION ( 'NONE',  ( 0.0000000000000000000, 0.0000000000000000000, -1.000000000000000000 ) ) ;
#926 = EDGE_LOOP ( 'NONE', ( #2084, #810, #1893, #719, #2283, #2653, #710, #288, #2134, #2104, #448, #1618, #575, #2494, #694, #796 ) ) ;
#927 = CARTESIAN_POINT ( 'NONE',  ( -4.143164210601103300, 0.1251769282002746500, 0.05000000000000000300 ) ) ;
#928 = DIRECTION ( 'NONE',  ( 1.224646799147353200E-016, -0.0000000000000000000, 1.000000000000000000 ) ) ;
#929 = FACE_OUTER_BOUND ( 'NONE', #1444, .T. ) ;
#930 = DIRECTION ( 'NONE',  ( 0.0000000000000000000, 0.0000000000000000000, 1.000000000000000000 ) ) ;
#931 = CARTESIAN_POINT ( 'NONE',  ( 4.184851051630985800, 0.1111566406146968400, -0.04037480492287721200 ) ) ;
#932 = FACE_OUTER_BOUND ( 'NONE', #558, .T. ) ;
#933 = AXIS2_PLACEMENT_3D ( 'NONE', #2640, #425, #1522 ) ;
#934 = EDGE_LOOP ( 'NONE', ( #866, #1308, #2022, #1798 ) ) ;
#935 = CIRCLE ( 'NONE', #2736, 4.008584642453308300 ) ;
#936 = PLANE ( 'NONE',  #2657 ) ;
#937 = ORIENTED_EDGE ( 'NONE', *, *, #549, .T. ) ;
#938 = ADVANCED_FACE ( 'NONE', ( #539 ), #1566, .T. ) ;
#939 = CARTESIAN_POINT ( 'NONE',  ( 0.0000000000000000000, 0.03290740435338894400, 0.0000000000000000000 ) ) ;
#940 = VECTOR ( 'NONE', #2307, 1000.000000000000000 ) ;
#941 = CARTESIAN_POINT ( 'NONE',  ( 0.0000000000000000000, 0.1299999999999995000, 0.0000000000000000000 ) ) ;
#942 = EDGE_CURVE ( 'NONE', #2281, #424, #571, .T. ) ;
#943 = CARTESIAN_POINT ( 'NONE',  ( -0.04127146974578963000, 0.1104886192091032300, -4.184969952073514900 ) ) ;
#944 = DIRECTION ( 'NONE',  ( 0.0000000000000000000, 0.0000000000000000000, -1.000000000000000000 ) ) ;
#945 = CARTESIAN_POINT ( 'NONE',  ( -0.03992244300950224100, 0.1114853205891337000, 4.184792550220575600 ) ) ;
#946 = B_SPLINE_CURVE_WITH_KNOTS ( 'NONE', 3,
 ( #247, #998, #1408, #1409 ),
 .UNSPECIFIED., .F., .F.,
 ( 4, 4 ),
 ( 0.0000000000000000000, 1.000000000000000000 ),
 .UNSPECIFIED. ) ;
#947 = EDGE_LOOP ( 'NONE', ( #1531, #1166, #1123, #1846, #690 ) ) ;
#948 = CARTESIAN_POINT ( 'NONE',  ( -0.04999999999998553500, 0.1251769282002746500, -4.143164210601103300 ) ) ;
#949 = CARTESIAN_POINT ( 'NONE',  ( 0.0000000000000000000, 0.08061918535140881500, 0.0000000000000000000 ) ) ;
#950 = AXIS2_PLACEMENT_3D ( 'NONE', #2765, #2664, #2711 ) ;
#951 = CARTESIAN_POINT ( 'NONE',  ( -0.04982041766165226600, 0.07215159023128729600, 4.192204019208629600 ) ) ;
#952 = DIRECTION ( 'NONE',  ( 0.0000000000000000000, 0.0000000000000000000, -1.000000000000000000 ) ) ;
#953 = DIRECTION ( 'NONE',  ( -0.0000000000000000000, -1.000000000000000000, -0.0000000000000000000 ) ) ;
#954 = VERTEX_POINT ( 'NONE', #1947 ) ;
#955 = CARTESIAN_POINT ( 'NONE',  ( 4.184969952073514900, 0.1104886192091032300, 0.04127146974580426400 ) ) ;
#956 = EDGE_CURVE ( 'NONE', #2281, #1309, #621, .T. ) ;
#957 = CARTESIAN_POINT ( 'NONE',  ( 0.04418104336897431300, 0.1104832795211453700, 4.184942278865280600 ) ) ;
#958 = DIRECTION ( 'NONE',  ( 1.000000000000000000, 0.0000000000000000000, -0.0000000000000000000 ) ) ;
#959 = ORIENTED_EDGE ( 'NONE', *, *, #784, .T. ) ;
#960 = CARTESIAN_POINT ( 'NONE',  ( -3.906777831798502500, 1.294547575199844200E-005, -0.8499492684540245200 ) ) ;
#961 = CARTESIAN_POINT ( 'NONE',  ( 4.022327603132236400, 0.001931744220632695100, 3.166857824944420100E-014 ) ) ;
#962 =( NAMED_UNIT ( * ) SI_UNIT ( $, .STERADIAN. ) SOLID_ANGLE_UNIT ( ) );
#963 = CARTESIAN_POINT ( 'NONE',  ( 4.184792550220577400, 0.1114853205891295600, -0.03992244300944604300 ) ) ;
#964 = ORIENTED_EDGE ( 'NONE', *, *, #2659, .F. ) ;
#965 = VECTOR ( 'NONE', #1984, 1000.000000000000100 ) ;
#966 = EDGE_LOOP ( 'NONE', ( #2330, #1961, #1487, #2559, #809 ) ) ;
#967 = TOROIDAL_SURFACE ( 'NONE', #2214, 4.000000000000000000, 0.1299999999999997500 ) ;
#968 = FACE_OUTER_BOUND ( 'NONE', #2045, .T. ) ;
#969 = CARTESIAN_POINT ( 'NONE',  ( 7.365043034691624200E-014, 0.001931744220632649300, -4.022327603132236400 ) ) ;
#970 = DIRECTION ( 'NONE',  ( 0.0000000000000000000, 0.0000000000000000000, 1.000000000000000000 ) ) ;
#971 = EDGE_CURVE ( 'NONE', #609, #841, #2061, .T. ) ;
#972 = ORIENTED_EDGE ( 'NONE', *, *, #2246, .T. ) ;
#973 = ORIENTED_EDGE ( 'NONE', *, *, #632, .F. ) ;
#974 = DIRECTION ( 'NONE',  ( -0.0000000000000000000, -1.000000000000000000, -0.0000000000000000000 ) ) ;
#975 = DIRECTION ( 'NONE',  ( 1.000000000000000000, 0.0000000000000000000, -1.224646799147353200E-016 ) ) ;
#976 = CARTESIAN_POINT ( 'NONE',  ( -0.04709058919694510100, 0.1104779398331872200, -4.184911571362234500 ) ) ;
#977 = CARTESIAN_POINT ( 'NONE',  ( 1.330009389462906600, 0.2719128999619411200, 2.467527031462561000 ) ) ;
#978 = DIRECTION ( 'NONE',  ( -0.0000000000000000000, -1.000000000000000000, -0.0000000000000000000 ) ) ;
#979 = ORIENTED_EDGE ( 'NONE', *, *, #473, .F. ) ;
#980 = CARTESIAN_POINT ( 'NONE',  ( -0.04127146974591296100, 0.1104886192091032300, 4.184969952073514000 ) ) ;
#981 = CARTESIAN_POINT ( 'NONE',  ( -4.176767199849425800, 0.1101056244894136100, -0.05000000000000000300 ) ) ;
#982 = CARTESIAN_POINT ( 'NONE',  ( -3.917697766902401100, 0.08074247352993646500, -0.8487608867758080800 ) ) ;
#983 =( NAMED_UNIT ( * ) PLANE_ANGLE_UNIT ( ) SI_UNIT ( $, .RADIAN. ) );
#984 = B_SPLINE_CURVE_WITH_KNOTS ( 'NONE', 3,
 ( #1021, #2322, #2273, #253 ),
 .UNSPECIFIED., .F., .F.,
 ( 4, 4 ),
 ( 1.222604722022867100E-006, 0.0001887652085320623000 ),
 .UNSPECIFIED. ) ;
#985 = CARTESIAN_POINT ( 'NONE',  ( 4.286265824457928800, 0.5000000000000004400, 4.286265824457924400 ) ) ;
#986 =( LENGTH_UNIT ( ) NAMED_UNIT ( * ) SI_UNIT ( .MILLI., .METRE. ) );
#987 = EDGE_CURVE ( 'NONE', #724, #2133, #611, .T. ) ;
#988 = SURFACE_STYLE_USAGE ( .BOTH. , #1018 ) ;
#989 = ORIENTED_EDGE ( 'NONE', *, *, #552, .F. ) ;
#990 = DIRECTION ( 'NONE',  ( -0.2675622391896964600, -0.1654888589135054000, 0.9492227798232097900 ) ) ;
#991 = CIRCLE ( 'NONE', #316, 0.03874031597854085700 ) ;
#992 = AXIS2_PLACEMENT_3D ( 'NONE', #1991, #2362, #68 ) ;
#993 = CARTESIAN_POINT ( 'NONE',  ( 3.748761468850974900, 0.1035895046802104000, 0.8676873714334684100 ) ) ;
#994 = CARTESIAN_POINT ( 'NONE',  ( 0.03992244300947577600, 0.1114853205891259700, 4.184792550220577400 ) ) ;
#995 = CARTESIAN_POINT ( 'NONE',  ( 1.942649130556172800, 0.2236582168230219500, 1.725918353732991200 ) ) ;
#996 = FACE_OUTER_BOUND ( 'NONE', #1028, .T. ) ;
#997 = DIRECTION ( 'NONE',  ( -1.000000000000000000, 0.0000000000000000000, 0.0000000000000000000 ) ) ;
#998 = CARTESIAN_POINT ( 'NONE',  ( -0.04418104336906249900, 0.1104832795211453100, 4.184942278865279700 ) ) ;
#999 = VERTEX_POINT ( 'NONE', #2562 ) ;
#1000 = LINE ( 'NONE', #2318, #871 ) ;
#1001 = CARTESIAN_POINT ( 'NONE',  ( -0.8334818103297810800, 0.05910072046348341400, -4.111360600420153100 ) ) ;
#1002 = ORIENTED_EDGE ( 'NONE', *, *, #1226, .T. ) ;
#1003 = CARTESIAN_POINT ( 'NONE',  ( 3.599084704675883800, 0.1257797841200316600, 0.8946245184233220200 ) ) ;
#1004 = CARTESIAN_POINT ( 'NONE',  ( -4.081455452129677800, 0.01224017809789293800, -0.01666666667987211700 ) ) ;
#1005 = ORIENTED_EDGE ( 'NONE', *, *, #2552, .F. ) ;
#1006 = FACE_OUTER_BOUND ( 'NONE', #39, .T. ) ;
#1007 = CARTESIAN_POINT ( 'NONE',  ( -0.05000000000004380100, 0.1285260496614448700, 4.181759488389395200 ) ) ;
#1008 = DIRECTION ( 'NONE',  ( 0.0000000000000000000, 0.0000000000000000000, -1.000000000000000000 ) ) ;
#1009 = CARTESIAN_POINT ( 'NONE',  ( 3.893738007423126500, 0.0006359368622862134900, 0.8514082489722396600 ) ) ;
#1010 = EDGE_LOOP ( 'NONE', ( #737, #2774, #201, #2253, #2814, #2142, #1002, #1468 ) ) ;
#1011 = DIRECTION ( 'NONE',  ( -0.0000000000000000000, -1.000000000000000000, -0.0000000000000000000 ) ) ;
#1012 = ORIENTED_EDGE ( 'NONE', *, *, #1544, .T. ) ;
#1013 = CARTESIAN_POINT ( 'NONE',  ( 0.02661536568635012500, 0.1114853205891339900, -4.184919498218517800 ) ) ;
#1014 = DIRECTION ( 'NONE',  ( 0.0000000000000000000, 0.0000000000000000000, -1.000000000000000000 ) ) ;
#1015 = AXIS2_PLACEMENT_3D ( 'NONE', #1871, #1916, #1488 ) ;
#1016 = CARTESIAN_POINT ( 'NONE',  ( 3.303686331902848200, 0.1680424454307618300, 0.9681359021982176600 ) ) ;
#1017 = CARTESIAN_POINT ( 'NONE',  ( 4.184910196864196400, 0.1108243434341094800, 0.04082447667458511500 ) ) ;
#1018 = SURFACE_SIDE_STYLE ('',( #1185 ) ) ;
#1019 = ADVANCED_FACE ( 'NONE', ( #331 ), #171, .T. ) ;
#1020 = CARTESIAN_POINT ( 'NONE',  ( 0.0000000000000000000, 0.03290740435338894400, 0.0000000000000000000 ) ) ;
#1021 = CARTESIAN_POINT ( 'NONE',  ( 0.8472487804031709800, 0.001931744220632668800, 3.932084542710756500 ) ) ;
#1022 = CARTESIAN_POINT ( 'NONE',  ( 4.081455452129677800, 0.01224017809789293800, 0.01666666667987211700 ) ) ;
#1023 = CARTESIAN_POINT ( 'NONE',  ( -0.8700312656774610300, 0.02487595335309955200, -3.733440925081181700 ) ) ;
#1024 = AXIS2_PLACEMENT_3D ( 'NONE', #2073, #2493, #2403 ) ;
#1025 = EDGE_CURVE ( 'NONE', #1430, #1360, #682, .T. ) ;
#1026 = CARTESIAN_POINT ( 'NONE',  ( -0.03992244300950224100, 0.1114853205891337000, 4.184792550220575600 ) ) ;
#1027 = CARTESIAN_POINT ( 'NONE',  ( 4.111360600420153900, 0.05910072046348358000, 0.8334818103297776400 ) ) ;
#1028 = EDGE_LOOP ( 'NONE', ( #280, #355, #398, #533 ) ) ;
#1029 = FILL_AREA_STYLE ('',( #1039 ) ) ;
#1030 = ADVANCED_FACE ( 'NONE', ( #409 ), #31, .F. ) ;
#1031 = AXIS2_PLACEMENT_3D ( 'NONE', #2763, #2070, #1463 ) ;
#1032 = MECHANICAL_DESIGN_GEOMETRIC_PRESENTATION_REPRESENTATION (  '', ( #2211 ), #758 ) ;
#1033 = B_SPLINE_CURVE_WITH_KNOTS ( 'NONE', 3,
 ( #2136, #2029, #1867, #1842 ),
 .UNSPECIFIED., .F., .F.,
 ( 4, 4 ),
 ( 1.225099366705938400E-006, 0.0001877049748519476900 ),
 .UNSPECIFIED. ) ;
#1034 = CARTESIAN_POINT ( 'NONE',  ( -4.569808805528771500E-014, 0.04133736138351488300, 4.015457571399240400 ) ) ;
#1035 = ORIENTED_EDGE ( 'NONE', *, *, #154, .F. ) ;
#1036 = CARTESIAN_POINT ( 'NONE',  ( 7.365043034691624200E-014, 0.001931744220632649300, -4.022327603132236400 ) ) ;
#1037 = DIRECTION ( 'NONE',  ( 1.000000000000000000, 0.0000000000000000000, -1.224646799147353200E-016 ) ) ;
#1038 = CIRCLE ( 'NONE', #851, 3.992155566008849000 ) ;
#1039 = FILL_AREA_STYLE_COLOUR ( '', #1977 ) ;
#1040 = B_SPLINE_CURVE_WITH_KNOTS ( 'NONE', 3,
 ( #378, #2795, #602, #2166, #821, #2374, #1023, #2604 ),
 .UNSPECIFIED., .F., .F.,
 ( 4, 2, 2, 4 ),
 ( 4.141743585374634700E-006, 0.0009312427614405510100, 0.001394793270368138800, 0.001858343779295726600 ),
 .UNSPECIFIED. ) ;
#1041 = CYLINDRICAL_SURFACE ( 'NONE', #1805, 0.03874031597854085700 ) ;
#1042 = LINE ( 'NONE', #1667, #1567 ) ;
#1043 = AXIS2_PLACEMENT_3D ( 'NONE', #66, #122, #2785 ) ;
#1044 = ORIENTED_EDGE ( 'NONE', *, *, #464, .F. ) ;
#1045 = CARTESIAN_POINT ( 'NONE',  ( 0.04127146974581887700, 0.1104886192091032300, -4.184969952073514900 ) ) ;
#1046 = DIRECTION ( 'NONE',  ( -1.000000000000000000, -0.0000000000000000000, -1.047444401652940000E-014 ) ) ;
#1047 = CARTESIAN_POINT ( 'NONE',  ( -2.188460054374511200, 0.2088540056699245400, -1.538267723904740400 ) ) ;
#1048 = ORIENTED_EDGE ( 'NONE', *, *, #80, .F. ) ;
#1049 = ADVANCED_FACE ( 'NONE', ( #254 ), #198, .T. ) ;
#1050 = DIRECTION ( 'NONE',  ( -3.439599424244993700E-015, 0.1717507933248913800, 0.9851404290720539000 ) ) ;
#1051 = ORIENTED_EDGE ( 'NONE', *, *, #2734, .F. ) ;
#1052 = EDGE_CURVE ( 'NONE', #142, #2230, #293, .T. ) ;
#1053 = DIRECTION ( 'NONE',  ( -0.0000000000000000000, -1.000000000000000000, -0.0000000000000000000 ) ) ;
#1054 = FACE_OUTER_BOUND ( 'NONE', #1317, .T. ) ;
#1055 = CARTESIAN_POINT ( 'NONE',  ( 2.188460054374550700, 0.2088540056697230100, -1.538267723904697800 ) ) ;
#1056 = ORIENTED_EDGE ( 'NONE', *, *, #283, .F. ) ;
#1057 = ORIENTED_EDGE ( 'NONE', *, *, #2302, .T. ) ;
#1058 = CARTESIAN_POINT ( 'NONE',  ( 0.04127146974581887700, 0.1104886192091032300, -4.184969952073514900 ) ) ;
#1059 = CARTESIAN_POINT ( 'NONE',  ( -0.05000000000004339900, 0.1251769282002746500, 4.143164210601102400 ) ) ;
#1060 = CARTESIAN_POINT ( 'NONE',  ( -3.916333839086651100, 0.08053321815192403300, 0.8489074003423207100 ) ) ;
#1061 = ORIENTED_EDGE ( 'NONE', *, *, #2224, .F. ) ;
#1062 = ORIENTED_EDGE ( 'NONE', *, *, #2704, .T. ) ;
#1063 = ORIENTED_EDGE ( 'NONE', *, *, #2023, .F. ) ;
#1064 = CARTESIAN_POINT ( 'NONE',  ( 0.8332282182146920600, 0.03290740435339236500, -4.116519250091141800 ) ) ;
#1065 = ORIENTED_EDGE ( 'NONE', *, *, #2850, .F. ) ;
#1066 = B_SPLINE_CURVE_WITH_KNOTS ( 'NONE', 3,
 ( #2665, #2456, #403, #2695 ),
 .UNSPECIFIED., .F., .F.,
 ( 4, 4 ),
 ( 3.167032895052205700E-007, 4.027122294972098300E-005 ),
 .UNSPECIFIED. ) ;
#1067 = CARTESIAN_POINT ( 'NONE',  ( 2.188460054374550700, 0.2088540056697230100, -1.538267723904697800 ) ) ;
#1068 = CARTESIAN_POINT ( 'NONE',  ( -4.010117716611905100, 0.08106398219740319800, 0.05000000000000000300 ) ) ;
#1069 = EDGE_CURVE ( 'NONE', #1642, #876, #1327, .T. ) ;
#1070 = VERTEX_POINT ( 'NONE', #1222 ) ;
#1071 = PLANE ( 'NONE',  #2762 ) ;
#1072 = CARTESIAN_POINT ( 'NONE',  ( 0.0000000000000000000, 0.2088540056697230100, 0.0000000000000000000 ) ) ;
#1073 = COLOUR_RGB ( '',0.8000000000000000400, 0.8039215686274510100, 0.8000000000000000400 ) ;
#1074 = B_SPLINE_CURVE_WITH_KNOTS ( 'NONE', 3,
 ( #1405, #976, #1152, #943 ),
 .UNSPECIFIED., .F., .F.,
 ( 4, 4 ),
 ( 0.0000000000000000000, 1.000000000000000000 ),
 .UNSPECIFIED. ) ;
#1075 = B_SPLINE_CURVE_WITH_KNOTS ( 'NONE', 3,
 ( #74, #7, #2249, #793, #2352, #1009, #2582 ),
 .UNSPECIFIED., .F., .F.,
 ( 4, 3, 4 ),
 ( 0.0001098825857807906700, 0.0001353204681029239600, 0.0001548977301564171300 ),
 .UNSPECIFIED. ) ;
#1076 = CLOSED_SHELL ( 'NONE', ( #1997, #2446, #1774, #2037, #2236, #2354, #1682, #2677, #1923, #1676, #2581, #2686, #1569, #1113, #1698, #1333, #721, #1750, #344, #1819, #47, #1030, #858, #1019, #1578, #377, #1230, #2069, #1467, #1791, #584, #2261, #792, #1934, #800, #1341, #2477, #281, #2830, #2154, #2655, #251, #1692, #916, #1082, #2248, #1537, #1760, #877, #158, #601, #147, #2701, #2373, #938, #35, #2285, #822, #1049, #2806, #1485, #232, #1124, #692, #494, #1959, #1490, #266, #813, #2727, #627, #2786, #135, #686, #1252, #606, #2460, #730 ) ) ;
#1077 = CARTESIAN_POINT ( 'NONE',  ( 1.942649130556264500, 0.2236582168230207000, -1.725918353732903300 ) ) ;
#1078 = LINE ( 'NONE', #2066, #965 ) ;
#1079 = VERTEX_POINT ( 'NONE', #1184 ) ;
#1080 = DIRECTION ( 'NONE',  ( 0.0000000000000000000, 0.0000000000000000000, -1.000000000000000000 ) ) ;
#1081 = CIRCLE ( 'NONE', #1176, 17.05030600689261200 ) ;
#1082 = ADVANCED_FACE ( 'NONE', ( #2790 ), #2702, .F. ) ;
#1083 = VERTEX_POINT ( 'NONE', #1624 ) ;
#1084 = FILL_AREA_STYLE ('',( #652 ) ) ;
#1085 = AXIS2_PLACEMENT_3D ( 'NONE', #1514, #2206, #844 ) ;
#1086 = ORIENTED_EDGE ( 'NONE', *, *, #2302, .F. ) ;
#1087 = CARTESIAN_POINT ( 'NONE',  ( 4.199702367158963100, 0.03290740378530646700, 0.04999999908443020900 ) ) ;
#1088 = CARTESIAN_POINT ( 'NONE',  ( -0.8521565073312545900, 0.001609881913664683300, -3.887297395051584100 ) ) ;
#1089 = EDGE_LOOP ( 'NONE', ( #98, #1778, #2116, #2482 ) ) ;
#1090 = APPLICATION_PROTOCOL_DEFINITION ( 'draft international standard', 'automotive_design', 1998, #2440 ) ;
#1091 = CARTESIAN_POINT ( 'NONE',  ( 0.8504425372923678500, -0.0006210489105432762200, 3.902050343019364000 ) ) ;
#1092 = CARTESIAN_POINT ( 'NONE',  ( -4.054953162736914900, 0.02249190618430483100, -0.8362547223010315900 ) ) ;
#1093 = CARTESIAN_POINT ( 'NONE',  ( 4.081455452129677800, 0.01224017809789291700, -0.01666666667983696800 ) ) ;
#1094 = DIRECTION ( 'NONE',  ( 0.0000000000000000000, -0.9845266551315357000, -0.1752348861828323400 ) ) ;
#1095 = AXIS2_PLACEMENT_3D ( 'NONE', #401, #17, #2851 ) ;
#1096 = ORIENTED_EDGE ( 'NONE', *, *, #2704, .F. ) ;
#1097 = EDGE_CURVE ( 'NONE', #841, #1928, #513, .T. ) ;
#1098 = CARTESIAN_POINT ( 'NONE',  ( 4.140580252647929200, 0.02256610854476389200, 0.03333333387887942000 ) ) ;
#1099 = CARTESIAN_POINT ( 'NONE',  ( -4.184792550220576500, 0.1114853205891335600, -0.03992244300933110000 ) ) ;
#1100 = CARTESIAN_POINT ( 'NONE',  ( -0.8340242249366419700, 0.1114853205891336600, -4.101034757479666800 ) ) ;
#1101 = ORIENTED_EDGE ( 'NONE', *, *, #154, .T. ) ;
#1102 = CARTESIAN_POINT ( 'NONE',  ( -0.01666711065357218800, 0.08096681325962051800, -4.009975740809831100 ) ) ;
#1103 = EDGE_CURVE ( 'NONE', #2518, #1928, #2755, .T. ) ;
#1104 = EDGE_LOOP ( 'NONE', ( #563, #675, #1734, #2059 ) ) ;
#1105 = ORIENTED_EDGE ( 'NONE', *, *, #663, .T. ) ;
#1106 = CONICAL_SURFACE ( 'NONE', #2759, 4.184982973661599100, 1.398248548160331100 ) ;
#1107 = ORIENTED_EDGE ( 'NONE', *, *, #956, .T. ) ;
#1108 = VECTOR ( 'NONE', #325, 1000.000000000000000 ) ;
#1109 = CARTESIAN_POINT ( 'NONE',  ( -4.184851051630985800, 0.1111566406146969900, 0.04037480492287724000 ) ) ;
#1110 = CARTESIAN_POINT ( 'NONE',  ( -0.8487608867757982000, 0.08074247352993647900, 3.917697766902402900 ) ) ;
#1111 = CARTESIAN_POINT ( 'NONE',  ( 3.887297395051586300, 0.001609881913664705200, -0.8521565073312427100 ) ) ;
#1112 = ORIENTED_EDGE ( 'NONE', *, *, #639, .F. ) ;
#1113 = ADVANCED_FACE ( 'NONE', ( #2797 ), #2607, .T. ) ;
#1114 = CARTESIAN_POINT ( 'NONE',  ( 0.04982041766168154200, 0.07215159023128729600, -4.192204019208628700 ) ) ;
#1115 = B_SPLINE_CURVE_WITH_KNOTS ( 'NONE', 3,
 ( #2196, #2201, #1673, #194 ),
 .UNSPECIFIED., .F., .F.,
 ( 4, 4 ),
 ( 2.038510064939861600E-007, 8.029687228854634400E-005 ),
 .UNSPECIFIED. ) ;
#1116 = VERTEX_POINT ( 'NONE', #2324 ) ;
#1117 = ORIENTED_EDGE ( 'NONE', *, *, #631, .T. ) ;
#1118 = AXIS2_PLACEMENT_3D ( 'NONE', #243, #930, #215 ) ;
#1119 = EDGE_CURVE ( 'NONE', #1691, #876, #827, .T. ) ;
#1120 = ORIENTED_EDGE ( 'NONE', *, *, #481, .T. ) ;
#1121 = CARTESIAN_POINT ( 'NONE',  ( -0.04999999999998553500, 0.1251769282002746500, -4.143164210601103300 ) ) ;
#1122 = CONICAL_SURFACE ( 'NONE', #2042, 4.200000000000000200, 0.1888330626518987500 ) ;
#1123 = ORIENTED_EDGE ( 'NONE', *, *, #1799, .F. ) ;
#1124 = ADVANCED_FACE ( 'NONE', ( #2470 ), #2340, .F. ) ;
#1125 = FACE_OUTER_BOUND ( 'NONE', #2189, .T. ) ;
#1126 = CARTESIAN_POINT ( 'NONE',  ( 4.015457571399240400, 0.04133736138351488300, 3.167819287783089800E-014 ) ) ;
#1127 = CARTESIAN_POINT ( 'NONE',  ( -0.8488095371647163000, 0.08066698269404085100, -3.917244021797109600 ) ) ;
#1128 = ORIENTED_EDGE ( 'NONE', *, *, #250, .T. ) ;
#1129 = CARTESIAN_POINT ( 'NONE',  ( -4.184792550220577400, 0.1114853205891294400, 0.03992244300944593900 ) ) ;
#1130 = CARTESIAN_POINT ( 'NONE',  ( -0.04982041766161399800, 0.07215159023128706100, -4.192204019208628700 ) ) ;
#1131 = AXIS2_PLACEMENT_3D ( 'NONE', #2717, #2067, #2289 ) ;
#1132 = CARTESIAN_POINT ( 'NONE',  ( -4.185046446216461800, 0.1114853205891338700, 0.01330828836314339700 ) ) ;
#1133 = CARTESIAN_POINT ( 'NONE',  ( -0.8506512677018106500, 0.08061918535140880100, -3.900474135790767500 ) ) ;
#1134 = ORIENTED_EDGE ( 'NONE', *, *, #2499, .T. ) ;
#1135 = CIRCLE ( 'NONE', #2716, 2.687551094385840900 ) ;
#1136 = VERTEX_POINT ( 'NONE', #1234 ) ;
#1137 = ORIENTED_EDGE ( 'NONE', *, *, #886, .T. ) ;
#1138 = EDGE_CURVE ( 'NONE', #416, #2083, #108, .T. ) ;
#1139 = CARTESIAN_POINT ( 'NONE',  ( 1.538267723904712400, 0.2088540056699267600, -2.188460054374531200 ) ) ;
#1140 = CARTESIAN_POINT ( 'NONE',  ( 0.8472487804023528500, 0.001931744208480833900, -3.932084542713828700 ) ) ;
#1141 = PLANE ( 'NONE',  #747 ) ;
#1142 = CARTESIAN_POINT ( 'NONE',  ( 1.514167571008306200, 0.2878633091076154800, 2.220411550105363400 ) ) ;
#1143 = EDGE_LOOP ( 'NONE', ( #616, #2521, #2218, #2479, #1574 ) ) ;
#1144 = ORIENTED_EDGE ( 'NONE', *, *, #693, .F. ) ;
#1145 = DIRECTION ( 'NONE',  ( 0.0000000000000000000, 0.0000000000000000000, 1.000000000000000000 ) ) ;
#1146 = CARTESIAN_POINT ( 'NONE',  ( -0.04999999999998539600, 0.1285260496614448700, -4.181759488389396000 ) ) ;
#1147 = EDGE_CURVE ( 'NONE', #1188, #1644, #984, .T. ) ;
#1148 = CARTESIAN_POINT ( 'NONE',  ( 1.514167571008300200, 0.2878633091074835900, -2.220411550105354500 ) ) ;
#1149 = B_SPLINE_CURVE_WITH_KNOTS ( 'NONE', 3,
 ( #231, #1093, #2217, #26 ),
 .UNSPECIFIED., .F., .F.,
 ( 4, 4 ),
 ( 9.118877240721024000E-019, 0.0001868724084196389900 ),
 .UNSPECIFIED. ) ;
#1150 = CIRCLE ( 'NONE', #303, 2.687551094385840900 ) ;
#1151 = CARTESIAN_POINT ( 'NONE',  ( -4.039828707302981500, 0.1011463160630056700, 0.8373082540675373900 ) ) ;
#1152 = CARTESIAN_POINT ( 'NONE',  ( -0.04418104336895996300, 0.1104832795211454200, -4.184942278865280600 ) ) ;
#1153 = CARTESIAN_POINT ( 'NONE',  ( 1.048928720988271400E-015, 0.5000000000000004400, 0.0000000000000000000 ) ) ;
#1154 = CARTESIAN_POINT ( 'NONE',  ( 0.0000000000000000000, 0.08074247352993745000, 4.008584642453308300 ) ) ;
#1155 = CARTESIAN_POINT ( 'NONE',  ( 4.010117716611905100, 0.08106398219740319800, -0.05000000000000000300 ) ) ;
#1156 = CARTESIAN_POINT ( 'NONE',  ( 0.8700312656774618100, 0.02487595335309968400, 3.733440925081181300 ) ) ;
#1157 = CARTESIAN_POINT ( 'NONE',  ( 0.0000000000000000000, 0.1299999999999995000, 0.0000000000000000000 ) ) ;
#1158 = CYLINDRICAL_SURFACE ( 'NONE', #2832, 3.457207342587250500 ) ;
#1159 = PLANE ( 'NONE',  #2017 ) ;
#1160 = LINE ( 'NONE', #443, #1240 ) ;
#1161 = CARTESIAN_POINT ( 'NONE',  ( 1.725918353732976300, 0.2236582168230240900, -1.942649130556172400 ) ) ;
#1162 = ORIENTED_EDGE ( 'NONE', *, *, #1323, .T. ) ;
#1163 = AXIS2_PLACEMENT_3D ( 'NONE', #1937, #2159, #1890 ) ;
#1164 = ORIENTED_EDGE ( 'NONE', *, *, #213, .T. ) ;
#1165 = DIRECTION ( 'NONE',  ( -0.0000000000000000000, -1.000000000000000000, -0.0000000000000000000 ) ) ;
#1166 = ORIENTED_EDGE ( 'NONE', *, *, #2296, .T. ) ;
#1167 = CARTESIAN_POINT ( 'NONE',  ( -4.184792550220577400, 0.1114853205891294400, 0.03992244300944593900 ) ) ;
#1168 = CARTESIAN_POINT ( 'NONE',  ( -2.220411550105380700, 0.2878633091076170400, 1.514167571008280700 ) ) ;
#1169 = EDGE_CURVE ( 'NONE', #1691, #2180, #2135, .T. ) ;
#1170 = EDGE_LOOP ( 'NONE', ( #214, #797, #2710, #2723, #1456 ) ) ;
#1171 = VECTOR ( 'NONE', #2208, 1000.000000000000000 ) ;
#1172 = DIRECTION ( 'NONE',  ( -0.9645595829059935300, 0.0000000000000000000, 0.2638651379478079700 ) ) ;
#1173 = ORIENTED_EDGE ( 'NONE', *, *, #631, .F. ) ;
#1174 = CARTESIAN_POINT ( 'NONE',  ( -4.199702367158963100, 0.03290740378530646700, -0.04999999908443020900 ) ) ;
#1175 = FACE_OUTER_BOUND ( 'NONE', #2013, .T. ) ;
#1176 = AXIS2_PLACEMENT_3D ( 'NONE', #1379, #2275, #776 ) ;
#1177 = CARTESIAN_POINT ( 'NONE',  ( 4.009975740809831100, 0.08096681325962051800, -0.01666711065358619100 ) ) ;
#1178 = VECTOR ( 'NONE', #1869, 1000.000000000000000 ) ;
#1179 = CARTESIAN_POINT ( 'NONE',  ( -2.467527031462577900, 0.2719128999619405100, 1.330009389462885000 ) ) ;
#1180 = ORIENTED_EDGE ( 'NONE', *, *, #2040, .T. ) ;
#1181 = VERTEX_POINT ( 'NONE', #2724 ) ;
#1182 = ORIENTED_EDGE ( 'NONE', *, *, #1905, .F. ) ;
#1183 = CARTESIAN_POINT ( 'NONE',  ( -3.893738007423125600, 0.0006359368622863094400, -0.8514082489722398800 ) ) ;
#1184 = CARTESIAN_POINT ( 'NONE',  ( 0.05000000000001460900, 0.1109789604686252500, -4.184781053398891600 ) ) ;
#1185 = SURFACE_STYLE_FILL_AREA ( #1029 ) ;
#1186 = CARTESIAN_POINT ( 'NONE',  ( 7.373787841020134700E-014, 0.04133736138351488300, -4.015457571399240400 ) ) ;
#1187 = AXIS2_PLACEMENT_3D ( 'NONE', #294, #328, #285 ) ;
#1188 = VERTEX_POINT ( 'NONE', #1635 ) ;
#1189 = B_SPLINE_CURVE_WITH_KNOTS ( 'NONE', 3,
 ( #546, #260, #337, #323, #277, #2535, #1419 ),
 .UNSPECIFIED., .F., .F.,
 ( 4, 3, 4 ),
 ( 9.756312006377312000E-005, 9.893553580136940500E-005, 0.0001148993959031681200 ),
 .UNSPECIFIED. ) ;
#1190 = ORIENTED_EDGE ( 'NONE', *, *, #2389, .F. ) ;
#1191 = TOROIDAL_SURFACE ( 'NONE', #2398, 4.000000000000000000, 0.04999999999999995400 ) ;
#1192 = CARTESIAN_POINT ( 'NONE',  ( -4.569808805528771500E-014, 0.04133736138351488300, 4.015457571399240400 ) ) ;
#1193 = DIRECTION ( 'NONE',  ( 0.0000000000000000000, 1.000000000000000000, 0.0000000000000000000 ) ) ;
#1194 = EDGE_CURVE ( 'NONE', #2180, #2662, #1150, .T. ) ;
#1195 = B_SPLINE_CURVE_WITH_KNOTS ( 'NONE', 3,
 ( #1782, #1627, #211, #1214, #1179, #1168 ),
 .UNSPECIFIED., .F., .F.,
 ( 4, 2, 4 ),
 ( 1.329991956052886600E-006, 0.0009171492846033897100, 0.001832968577250726500 ),
 .UNSPECIFIED. ) ;
#1196 = ORIENTED_EDGE ( 'NONE', *, *, #1995, .F. ) ;
#1197 = EDGE_LOOP ( 'NONE', ( #2075, #2341, #407, #255 ) ) ;
#1198 = CARTESIAN_POINT ( 'NONE',  ( 0.0000000000000000000, 0.001931744220632757700, 0.0000000000000000000 ) ) ;
#1199 = EDGE_CURVE ( 'NONE', #1644, #2663, #2835, .T. ) ;
#1200 = ORIENTED_EDGE ( 'NONE', *, *, #239, .T. ) ;
#1201 = DIRECTION ( 'NONE',  ( 0.1752348861828323100, -0.9845266551315357000, -0.0000000000000000000 ) ) ;
#1202 = VECTOR ( 'NONE', #1646, 1000.000000000000000 ) ;
#1203 = PLANE ( 'NONE',  #550 ) ;
#1204 = ORIENTED_EDGE ( 'NONE', *, *, #499, .F. ) ;
#1205 = ORIENTED_EDGE ( 'NONE', *, *, #1493, .T. ) ;
#1206 = DIRECTION ( 'NONE',  ( -0.0000000000000000000, -1.000000000000000000, -0.0000000000000000000 ) ) ;
#1207 = ORIENTED_EDGE ( 'NONE', *, *, #22, .T. ) ;
#1208 = ORIENTED_EDGE ( 'NONE', *, *, #856, .T. ) ;
#1209 = VERTEX_POINT ( 'NONE', #1192 ) ;
#1210 = B_SPLINE_CURVE_WITH_KNOTS ( 'NONE', 3,
 ( #2164, #1572, #2264, #867, #456, #1917 ),
 .UNSPECIFIED., .F., .F.,
 ( 4, 2, 4 ),
 ( 1.332256669120018600E-006, 0.0009305990477319449700, 0.001859865838794769800 ),
 .UNSPECIFIED. ) ;
#1211 = CARTESIAN_POINT ( 'NONE',  ( 4.116519250091139200, 0.03290740435339194200, -0.8332282182146929500 ) ) ;
#1212 = DIRECTION ( 'NONE',  ( 0.2638651379474035200, 0.0000000000000000000, -0.9645595829061042200 ) ) ;
#1213 = DIRECTION ( 'NONE',  ( -0.0000000000000000000, -1.000000000000000000, -0.0000000000000000000 ) ) ;
#1214 = CARTESIAN_POINT ( 'NONE',  ( -2.735917408740835100, 0.2424776005148890900, 1.181131720256621200 ) ) ;
#1215 = EDGE_LOOP ( 'NONE', ( #2692, #2726, #2817, #1205 ) ) ;
#1216 = ORIENTED_EDGE ( 'NONE', *, *, #1492, .F. ) ;
#1217 = DIRECTION ( 'NONE',  ( -0.0000000000000000000, -1.000000000000000000, -0.0000000000000000000 ) ) ;
#1218 = ORIENTED_EDGE ( 'NONE', *, *, #1689, .F. ) ;
#1219 = CIRCLE ( 'NONE', #2567, 2.687551094385840900 ) ;
#1220 = CARTESIAN_POINT ( 'NONE',  ( -0.04999999999998561800, 0.1571466956719614300, -4.121283944379609200 ) ) ;
#1221 = VERTEX_POINT ( 'NONE', #155 ) ;
#1222 = CARTESIAN_POINT ( 'NONE',  ( 0.04127146974582528200, 0.1104886192091032300, 4.184969952073514900 ) ) ;
#1223 = CARTESIAN_POINT ( 'NONE',  ( -0.8481086200087518700, 0.0005404270053839313700, 3.923735702127704200 ) ) ;
#1224 = AXIS2_PLACEMENT_3D ( 'NONE', #1295, #3, #1529 ) ;
#1225 = CARTESIAN_POINT ( 'NONE',  ( 0.0000000000000000000, 0.1114853205891338500, 0.0000000000000000000 ) ) ;
#1226 = EDGE_CURVE ( 'NONE', #497, #2267, #2466, .T. ) ;
#1227 = CARTESIAN_POINT ( 'NONE',  ( 0.0000000000000000000, 0.001931744220632757700, 0.0000000000000000000 ) ) ;
#1228 = CARTESIAN_POINT ( 'NONE',  ( 4.181759488389396000, 0.1285260496614448700, 0.05000000000000000300 ) ) ;
#1229 = ORIENTED_EDGE ( 'NONE', *, *, #734, .F. ) ;
#1230 = ADVANCED_FACE ( 'NONE', ( #2675 ), #2733, .T. ) ;
#1231 = PRESENTATION_LAYER_ASSIGNMENT (  '', '', ( #2211 ) ) ;
#1232 = DIRECTION ( 'NONE',  ( 0.0000000000000000000, 1.000000000000000000, 0.0000000000000000000 ) ) ;
#1233 = EDGE_LOOP ( 'NONE', ( #2768, #469, #1057, #423 ) ) ;
#1234 = CARTESIAN_POINT ( 'NONE',  ( 0.0000000000000000000, 0.07220153539475146500, -4.192490498233341100 ) ) ;
#1235 = CARTESIAN_POINT ( 'NONE',  ( 4.101034757479667700, 0.1114853205891338000, 0.8340242249366388600 ) ) ;
#1236 = CARTESIAN_POINT ( 'NONE',  ( 4.010117716611905100, 0.08106398219740319800, 0.05000000000000000300 ) ) ;
#1237 = CARTESIAN_POINT ( 'NONE',  ( -3.887297395051585900, 0.001609881913664841100, 0.8521565073312437100 ) ) ;
#1238 = ORIENTED_EDGE ( 'NONE', *, *, #2651, .F. ) ;
#1239 = DIRECTION ( 'NONE',  ( 0.1752348861828323400, 0.9845266551315357000, 0.0000000000000000000 ) ) ;
#1240 = VECTOR ( 'NONE', #635, 1000.000000000000100 ) ;
#1241 = DIRECTION ( 'NONE',  ( 0.9845266551315357000, -0.1752348861828323400, 0.0000000000000000000 ) ) ;
#1242 = B_SPLINE_CURVE_WITH_KNOTS ( 'NONE', 3,
 ( #2088, #2096, #1886, #1803 ),
 .UNSPECIFIED., .F., .F.,
 ( 4, 4 ),
 ( 3.167032895051939400E-007, 4.027122294972122700E-005 ),
 .UNSPECIFIED. ) ;
#1243 = CIRCLE ( 'NONE', #562, 4.200000000000000200 ) ;
#1244 = DIRECTION ( 'NONE',  ( 0.0000000000000000000, 0.0000000000000000000, -1.000000000000000000 ) ) ;
#1245 = ORIENTED_EDGE ( 'NONE', *, *, #1609, .T. ) ;
#1246 = CARTESIAN_POINT ( 'NONE',  ( 3.900474135790768000, 0.08061918535140891200, 0.8506512677018074300 ) ) ;
#1247 = EDGE_LOOP ( 'NONE', ( #2563, #2033, #2586, #2625, #896, #2476 ) ) ;
#1248 = CARTESIAN_POINT ( 'NONE',  ( 4.181759488389396000, 0.1285260496614448700, 0.05000000000000000300 ) ) ;
#1249 = LINE ( 'NONE', #1655, #739 ) ;
#1250 = CARTESIAN_POINT ( 'NONE',  ( 4.184792550220576500, 0.1114853205891335600, 0.03992244300933110000 ) ) ;
#1251 = CARTESIAN_POINT ( 'NONE',  ( -4.116519250091140100, 0.03290740435339244200, -0.8332282182147016100 ) ) ;
#1252 = ADVANCED_FACE ( 'NONE', ( #2531 ), #2639, .T. ) ;
#1253 = DIRECTION ( 'NONE',  ( 0.2675622391901024100, 0.1654888589134856100, 0.9492227798230986600 ) ) ;
#1254 = ORIENTED_EDGE ( 'NONE', *, *, #971, .F. ) ;
#1255 = FACE_OUTER_BOUND ( 'NONE', #1170, .T. ) ;
#1256 = EDGE_CURVE ( 'NONE', #1345, #2083, #2291, .T. ) ;
#1257 = AXIS2_PLACEMENT_3D ( 'NONE', #1227, #1011, #1907 ) ;
#1258 = B_SPLINE_CURVE_WITH_KNOTS ( 'NONE', 3,
 ( #170, #321, #64, #38, #1, #2578, #2836, #2824 ),
 .UNSPECIFIED., .F., .F.,
 ( 4, 2, 2, 4 ),
 ( 3.829004078444662500E-006, 0.0009176249883126280500, 0.001374522980429719400, 0.001831420972546810700 ),
 .UNSPECIFIED. ) ;
#1259 = ORIENTED_EDGE ( 'NONE', *, *, #1754, .T. ) ;
#1260 = CARTESIAN_POINT ( 'NONE',  ( 0.8980833510002910200, 0.04732109790747950100, 3.581761325500442400 ) ) ;
#1261 = PLANE ( 'NONE',  #1942 ) ;
#1262 = DIRECTION ( 'NONE',  ( -0.2638651379473968000, 0.0000000000000000000, 0.9645595829061059900 ) ) ;
#1263 = ORIENTED_EDGE ( 'NONE', *, *, #1744, .F. ) ;
#1264 = CARTESIAN_POINT ( 'NONE',  ( 0.03992244300947301500, 0.1114853205891338100, -4.184792550220575600 ) ) ;
#1265 = CARTESIAN_POINT ( 'NONE',  ( 4.009975740809831100, 0.08096681325962051800, 0.01666711065358619800 ) ) ;
#1266 = DIRECTION ( 'NONE',  ( 0.0000000000000000000, 0.0000000000000000000, -1.000000000000000000 ) ) ;
#1267 = VERTEX_POINT ( 'NONE', #1026 ) ;
#1268 = SPHERICAL_SURFACE ( 'NONE', #1118, 17.13030600689261400 ) ;
#1269 = DIRECTION ( 'NONE',  ( -0.0000000000000000000, -1.000000000000000000, -0.0000000000000000000 ) ) ;
#1270 = CARTESIAN_POINT ( 'NONE',  ( 0.8337471296113635500, 0.08529336795367874200, -4.106199117997168600 ) ) ;
#1271 = DIRECTION ( 'NONE',  ( 0.0000000000000000000, 1.000000000000000000, 0.0000000000000000000 ) ) ;
#1272 = CARTESIAN_POINT ( 'NONE',  ( -4.160916480705963300, 0.1073433469043419400, 0.05000000000000000300 ) ) ;
#1273 = AXIS2_PLACEMENT_3D ( 'NONE', #1588, #978, #308 ) ;
#1274 = EDGE_CURVE ( 'NONE', #876, #202, #2272, .T. ) ;
#1275 = ORIENTED_EDGE ( 'NONE', *, *, #302, .F. ) ;
#1276 = CARTESIAN_POINT ( 'NONE',  ( 0.03333333387892279500, 0.02256610854476381500, -4.140580252647929200 ) ) ;
#1277 = ORIENTED_EDGE ( 'NONE', *, *, #534, .F. ) ;
#1278 = DIRECTION ( 'NONE',  ( 0.0000000000000000000, 0.0000000000000000000, -1.000000000000000000 ) ) ;
#1279 = DIRECTION ( 'NONE',  ( 0.0000000000000000000, 1.000000000000000000, 0.0000000000000000000 ) ) ;
#1280 = DIRECTION ( 'NONE',  ( 0.0000000000000000000, 0.1716928490661666900, 0.9851505294012394800 ) ) ;
#1281 = ORIENTED_EDGE ( 'NONE', *, *, #1802, .T. ) ;
#1282 = CARTESIAN_POINT ( 'NONE',  ( 4.010117716611905100, 0.08106398219740319800, -0.05000000000000000300 ) ) ;
#1283 = TOROIDAL_SURFACE ( 'NONE', #2637, 4.000000000000000000, 0.1299999999999997500 ) ;
#1284 = EDGE_CURVE ( 'NONE', #440, #2696, #628, .T. ) ;
#1285 = ORIENTED_EDGE ( 'NONE', *, *, #1284, .F. ) ;
#1286 = FACE_OUTER_BOUND ( 'NONE', #791, .T. ) ;
#1287 = ORIENTED_EDGE ( 'NONE', *, *, #572, .T. ) ;
#1288 = AXIS2_PLACEMENT_3D ( 'NONE', #949, #1165, #1605 ) ;
#1289 = CARTESIAN_POINT ( 'NONE',  ( -3.905700596220407700, 0.07982786405009786900, 0.8500643785261975400 ) ) ;
#1290 = CARTESIAN_POINT ( 'NONE',  ( -0.8506512677017980000, 0.08061918535140887000, 3.900474135790770200 ) ) ;
#1291 = EDGE_CURVE ( 'NONE', #2180, #276, #2599, .T. ) ;
#1292 = B_SPLINE_CURVE_WITH_KNOTS ( 'NONE', 3,
 ( #520, #528, #455, #438 ),
 .UNSPECIFIED., .F., .F.,
 ( 4, 4 ),
 ( 1.201952545003643700E-006, 0.0001876818280302452600 ),
 .UNSPECIFIED. ) ;
#1293 = CARTESIAN_POINT ( 'NONE',  ( 4.017493456064356900, 0.08234933226151938700, -0.05000000000000000300 ) ) ;
#1294 = DIRECTION ( 'NONE',  ( -0.0000000000000000000, -1.000000000000000000, -0.0000000000000000000 ) ) ;
#1295 = CARTESIAN_POINT ( 'NONE',  ( 0.0000000000000000000, 0.001609881913663724400, 0.0000000000000000000 ) ) ;
#1296 = ORIENTED_EDGE ( 'NONE', *, *, #235, .F. ) ;
#1297 = CARTESIAN_POINT ( 'NONE',  ( 1.538267723904725800, 0.2088540056697230100, 2.188460054374530700 ) ) ;
#1298 = ORIENTED_EDGE ( 'NONE', *, *, #334, .T. ) ;
#1299 = DIRECTION ( 'NONE',  ( 0.0000000000000000000, 0.0000000000000000000, -1.000000000000000000 ) ) ;
#1300 = CARTESIAN_POINT ( 'NONE',  ( -0.8676873714334584200, 0.1035895046802101000, 3.748761468850980300 ) ) ;
#1301 = CONICAL_SURFACE ( 'NONE', #1590, 2.674999999999999800, 1.413256800722689800 ) ;
#1302 = CARTESIAN_POINT ( 'NONE',  ( 4.024869195423583800, 0.08363468286058656200, -0.05000000000000000300 ) ) ;
#1303 = SURFACE_STYLE_USAGE ( .BOTH. , #2661 ) ;
#1304 = CARTESIAN_POINT ( 'NONE',  ( -4.185046446216461800, 0.1114853205891338700, -0.01330828836318646000 ) ) ;
#1305 = CARTESIAN_POINT ( 'NONE',  ( -2.188460054374549400, 0.2088540056697230100, 1.538267723904698900 ) ) ;
#1306 = CARTESIAN_POINT ( 'NONE',  ( 1.538267723904725800, 0.2088540056697230100, 2.188460054374530700 ) ) ;
#1307 = ORIENTED_EDGE ( 'NONE', *, *, #330, .F. ) ;
#1308 = ORIENTED_EDGE ( 'NONE', *, *, #1492, .T. ) ;
#1309 = VERTEX_POINT ( 'NONE', #2157 ) ;
#1310 = AXIS2_PLACEMENT_3D ( 'NONE', #1478, #427, #2401 ) ;
#1311 = VERTEX_POINT ( 'NONE', #1599 ) ;
#1312 = EDGE_CURVE ( 'NONE', #717, #2377, #1968, .T. ) ;
#1313 = CARTESIAN_POINT ( 'NONE',  ( -4.184792550220576500, 0.1114853205891335600, -0.03992244300933110000 ) ) ;
#1314 = CARTESIAN_POINT ( 'NONE',  ( 2.707568545509646500, 0.1647965241532284600, 1.194980839384856200 ) ) ;
#1315 = DIRECTION ( 'NONE',  ( -0.0000000000000000000, -1.000000000000000000, -0.0000000000000000000 ) ) ;
#1316 = VERTEX_POINT ( 'NONE', #1429 ) ;
#1317 = EDGE_LOOP ( 'NONE', ( #1285, #2068, #2282, #2381 ) ) ;
#1318 = FACE_OUTER_BOUND ( 'NONE', #1989, .T. ) ;
#1319 = EDGE_LOOP ( 'NONE', ( #1836, #2444, #2577, #872 ) ) ;
#1320 = VECTOR ( 'NONE', #699, 1000.000000000000000 ) ;
#1321 = CARTESIAN_POINT ( 'NONE',  ( -1.015070034319051100, 0.1882045409787686300, 3.157248564269591600 ) ) ;
#1322 = SHAPE_REPRESENTATION ( '5134', ( #1541 ), #1380 ) ;
#1323 = EDGE_CURVE ( 'NONE', #1330, #1781, #2827, .T. ) ;
#1324 = EDGE_LOOP ( 'NONE', ( #1208, #2450, #1137, #292 ) ) ;
#1325 = VERTEX_POINT ( 'NONE', #1390 ) ;
#1326 = CARTESIAN_POINT ( 'NONE',  ( -0.8472487804023528500, 0.001931744208480821100, 3.932084542713828700 ) ) ;
#1327 = B_SPLINE_CURVE_WITH_KNOTS ( 'NONE', 3,
 ( #596, #358, #771, #764, #1016, #1003, #993, #1246 ),
 .UNSPECIFIED., .F., .F.,
 ( 4, 2, 2, 4 ),
 ( 3.829004078460344500E-006, 0.0009176249883126414900, 0.001374522980429732000, 0.001831420972546822600 ),
 .UNSPECIFIED. ) ;
#1328 = CARTESIAN_POINT ( 'NONE',  ( -3.917697766902401100, 0.08074247352993646500, -0.8487608867758080800 ) ) ;
#1329 = CARTESIAN_POINT ( 'NONE',  ( -0.04988027852926508300, 0.05907019501694030200, -4.194703469916770900 ) ) ;
#1330 = VERTEX_POINT ( 'NONE', #1154 ) ;
#1331 = CARTESIAN_POINT ( 'NONE',  ( -3.733440925081184400, 0.02487595335309927100, 0.8700312656774497100 ) ) ;
#1332 = VERTEX_POINT ( 'NONE', #1130 ) ;
#1333 = ADVANCED_FACE ( 'NONE', ( #2044 ), #1122, .T. ) ;
#1334 = EDGE_LOOP ( 'NONE', ( #2583, #1737, #2771, #644 ) ) ;
#1335 = DIRECTION ( 'NONE',  ( 0.0000000000000000000, 0.0000000000000000000, -1.000000000000000000 ) ) ;
#1336 = CARTESIAN_POINT ( 'NONE',  ( 0.01666711065360019000, 0.08096681325962042100, -4.009975740809831100 ) ) ;
#1337 = AXIS2_PLACEMENT_3D ( 'NONE', #2155, #808, #2361 ) ;
#1338 = VERTEX_POINT ( 'NONE', #343 ) ;
#1339 = EDGE_CURVE ( 'NONE', #724, #2193, #2846, .T. ) ;
#1340 = CIRCLE ( 'NONE', #2608, 0.03874031597854085700 ) ;
#1341 = ADVANCED_FACE ( 'NONE', ( #2161 ), #1651, .F. ) ;
#1342 = CARTESIAN_POINT ( 'NONE',  ( 0.8521565073312551400, 0.001609881913664844400, 3.887297395051583200 ) ) ;
#1343 = CARTESIAN_POINT ( 'NONE',  ( 4.032244934691112400, 0.08492003398584678500, -0.05000000000000000300 ) ) ;
#1344 = EDGE_CURVE ( 'NONE', #919, #276, #1683, .T. ) ;
#1345 = VERTEX_POINT ( 'NONE', #2844 ) ;
#1346 = ORIENTED_EDGE ( 'NONE', *, *, #1256, .F. ) ;
#1347 = CIRCLE ( 'NONE', #53, 4.022327603132236400 ) ;
#1348 = FACE_OUTER_BOUND ( 'NONE', #1247, .T. ) ;
#1349 = CARTESIAN_POINT ( 'NONE',  ( -0.8337471296113632100, 0.08529336795367877000, 4.106199117997168600 ) ) ;
#1350 = FACE_OUTER_BOUND ( 'NONE', #1785, .T. ) ;
#1351 = ORIENTED_EDGE ( 'NONE', *, *, #1025, .T. ) ;
#1352 = CARTESIAN_POINT ( 'NONE',  ( -3.581761325500449000, 0.04732109790747905700, 0.8980833510002790300 ) ) ;
#1353 = CARTESIAN_POINT ( 'NONE',  ( 0.0000000000000000000, 0.08074247352993745000, 0.0000000000000000000 ) ) ;
#1354 = VERTEX_POINT ( 'NONE', #348 ) ;
#1355 = CIRCLE ( 'NONE', #262, 4.184982973661599100 ) ;
#1356 = CARTESIAN_POINT ( 'NONE',  ( -0.8487608867757982000, 0.08074247352993647900, 3.917697766902402900 ) ) ;
#1357 = EDGE_LOOP ( 'NONE', ( #2632, #2751, #2821, #99 ) ) ;
#1358 = VERTEX_POINT ( 'NONE', #2840 ) ;
#1359 = CARTESIAN_POINT ( 'NONE',  ( -0.8334818103297694200, 0.05910072046348320600, 4.111360600420155700 ) ) ;
#1360 = VERTEX_POINT ( 'NONE', #2744 ) ;
#1361 = B_SPLINE_CURVE_WITH_KNOTS ( 'NONE', 3,
 ( #751, #2694, #1950, #2611 ),
 .UNSPECIFIED., .F., .F.,
 ( 4, 4 ),
 ( 0.0000000000000000000, 1.000000000000000000 ),
 .UNSPECIFIED. ) ;
#1362 = ORIENTED_EDGE ( 'NONE', *, *, #2850, .T. ) ;
#1363 = FACE_OUTER_BOUND ( 'NONE', #236, .T. ) ;
#1364 = ORIENTED_EDGE ( 'NONE', *, *, #2409, .F. ) ;
#1365 = CARTESIAN_POINT ( 'NONE',  ( -3.912031851657037200, 0.07979981944286271300, -0.8493683841944640300 ) ) ;
#1366 = VECTOR ( 'NONE', #1983, 1000.000000000000100 ) ;
#1367 = EDGE_CURVE ( 'NONE', #1636, #2663, #2553, .T. ) ;
#1368 = B_SPLINE_CURVE_WITH_KNOTS ( 'NONE', 3,
 ( #361, #388, #1938, #2395 ),
 .UNSPECIFIED., .F., .F.,
 ( 4, 4 ),
 ( 9.859985263738086100E-005, 0.0001159460901110461200 ),
 .UNSPECIFIED. ) ;
#1369 = CARTESIAN_POINT ( 'NONE',  ( 4.083060813747689400, 0.09377558662366949900, -0.05000000000000000300 ) ) ;
#1370 = CARTESIAN_POINT ( 'NONE',  ( -0.04082447667469362600, 0.1108243434341114100, 4.184910196864194600 ) ) ;
#1371 = CARTESIAN_POINT ( 'NONE',  ( 0.0000000000000000000, 0.2878633091074646600, 0.0000000000000000000 ) ) ;
#1372 = ORIENTED_EDGE ( 'NONE', *, *, #311, .T. ) ;
#1373 = DIRECTION ( 'NONE',  ( 0.0000000000000000000, 0.0000000000000000000, 1.000000000000000000 ) ) ;
#1374 = CARTESIAN_POINT ( 'NONE',  ( 0.05000000000001400500, 0.08106398219740319800, -4.010117716611905100 ) ) ;
#1375 = ORIENTED_EDGE ( 'NONE', *, *, #322, .F. ) ;
#1376 = ORIENTED_EDGE ( 'NONE', *, *, #1513, .T. ) ;
#1377 = DIRECTION ( 'NONE',  ( 1.049490187192266900E-014, 0.0000000000000000000, -1.000000000000000000 ) ) ;
#1378 = VERTEX_POINT ( 'NONE', #2693 ) ;
#1379 = CARTESIAN_POINT ( 'NONE',  ( 4.855501079736768700E-028, -16.63030600689261400, 0.0000000000000000000 ) ) ;
#1380 =( GEOMETRIC_REPRESENTATION_CONTEXT ( 3 ) GLOBAL_UNCERTAINTY_ASSIGNED_CONTEXT ( ( #1800 ) ) GLOBAL_UNIT_ASSIGNED_CONTEXT ( ( #1751, #441, #1985 ) ) REPRESENTATION_CONTEXT ( 'NONE', 'WORKASPACE' ) );
#1381 = LINE ( 'NONE', #1662, #1202 ) ;
#1382 = EDGE_CURVE ( 'NONE', #1616, #202, #1902, .T. ) ;
#1383 = DIRECTION ( 'NONE',  ( -0.0000000000000000000, -1.000000000000000000, -0.0000000000000000000 ) ) ;
#1384 = CARTESIAN_POINT ( 'NONE',  ( -0.8340242249366298700, 0.1114853205891338200, 4.101034757479669500 ) ) ;
#1385 = PLANE ( 'NONE',  #1443 ) ;
#1386 = AXIS2_PLACEMENT_3D ( 'NONE', #1489, #855, #789 ) ;
#1387 = AXIS2_PLACEMENT_3D ( 'NONE', #313, #23, #2807 ) ;
#1388 = DIRECTION ( 'NONE',  ( 1.000000000000000000, 0.0000000000000000000, 1.047444401652940000E-014 ) ) ;
#1389 = CARTESIAN_POINT ( 'NONE',  ( -0.04999999999998600000, 0.08106398219740146300, -4.010117716611902400 ) ) ;
#1390 = CARTESIAN_POINT ( 'NONE',  ( -0.8506512677018106500, 0.08061918535140880100, -3.900474135790767500 ) ) ;
#1391 = DIRECTION ( 'NONE',  ( -3.498300623974223200E-015, 0.0000000000000000000, 1.000000000000000000 ) ) ;
#1392 = ORIENTED_EDGE ( 'NONE', *, *, #461, .F. ) ;
#1393 = CIRCLE ( 'NONE', #2658, 2.687551094385840900 ) ;
#1394 = DIRECTION ( 'NONE',  ( -0.8252324913765745100, 0.5647931791164017000, 0.0000000000000000000 ) ) ;
#1395 = VERTEX_POINT ( 'NONE', #2678 ) ;
#1396 = VECTOR ( 'NONE', #2265, 1000.000000000000100 ) ;
#1397 = CARTESIAN_POINT ( 'NONE',  ( 4.133876688457309700, 0.1026311642056875600, -0.05000000000000000300 ) ) ;
#1398 = CARTESIAN_POINT ( 'NONE',  ( -4.008197674376418700, 0.07974989584046786300, 0.05000000000000000300 ) ) ;
#1399 = CARTESIAN_POINT ( 'NONE',  ( 4.192204019208627800, 0.07215159023128706100, -0.04982041766165790800 ) ) ;
#1400 = CARTESIAN_POINT ( 'NONE',  ( -0.05000000000004339900, 0.1251769282002746500, 4.143164210601102400 ) ) ;
#1401 = CARTESIAN_POINT ( 'NONE',  ( 4.010117716611905100, 0.08106398219740319800, 0.05000000000000000300 ) ) ;
#1403 = ORIENTED_EDGE ( 'NONE', *, *, #437, .F. ) ;
#1402 = CARTESIAN_POINT ( 'NONE',  ( 4.184782840622305300, 0.1109743212122548800, -0.05000000000000000300 ) ) ;
#1404 = ORIENTED_EDGE ( 'NONE', *, *, #671, .F. ) ;
#1405 = CARTESIAN_POINT ( 'NONE',  ( -0.04999999999998538900, 0.1109743212122548800, -4.184782840622305300 ) ) ;
#1406 = AXIS2_PLACEMENT_3D ( 'NONE', #1714, #1861, #1722 ) ;
#1407 = ORIENTED_EDGE ( 'NONE', *, *, #603, .F. ) ;
#1408 = CARTESIAN_POINT ( 'NONE',  ( -0.04709058919702535000, 0.1104779398331872500, 4.184911571362233600 ) ) ;
#1409 = CARTESIAN_POINT ( 'NONE',  ( -0.05000000000004382900, 0.1109789604686254200, 4.184781053398891600 ) ) ;
#1410 = AXIS2_PLACEMENT_3D ( 'NONE', #1225, #1213, #1278 ) ;
#1411 = CARTESIAN_POINT ( 'NONE',  ( -0.04999999999998547300, 0.1073433469043419400, -4.160916480705963300 ) ) ;
#1412 = CARTESIAN_POINT ( 'NONE',  ( 0.0000000000000000000, 0.001931744220632757700, 0.0000000000000000000 ) ) ;
#1413 = FACE_OUTER_BOUND ( 'NONE', #2735, .T. ) ;
#1414 = CARTESIAN_POINT ( 'NONE',  ( -3.887297395051585900, 0.001609881913664841100, 0.8521565073312437100 ) ) ;
#1415 = EDGE_CURVE ( 'NONE', #874, #2160, #2231, .T. ) ;
#1416 = DIRECTION ( 'NONE',  ( 0.0000000000000000000, 0.0000000000000000000, -1.000000000000000000 ) ) ;
#1417 = AXIS2_PLACEMENT_3D ( 'NONE', #802, #1294, #1266 ) ;
#1418 = ORIENTED_EDGE ( 'NONE', *, *, #756, .T. ) ;
#1419 = CARTESIAN_POINT ( 'NONE',  ( 0.8506512677018112100, 0.08061918535140867600, 3.900474135790767500 ) ) ;
#1420 = CARTESIAN_POINT ( 'NONE',  ( -4.569808805528771500E-014, 0.04133736138351488300, 4.015457571399240400 ) ) ;
#1421 = CARTESIAN_POINT ( 'NONE',  ( 4.101034757479667700, 0.1114853205891338000, 0.8340242249366388600 ) ) ;
#1422 = DIRECTION ( 'NONE',  ( -0.0000000000000000000, -1.000000000000000000, -0.0000000000000000000 ) ) ;
#1423 = EDGE_LOOP ( 'NONE', ( #217, #19, #2593, #2451, #2342, #2310, #1884, #1809, #2555, #1196, #2543, #1974, #1473, #287, #1557, #2210 ) ) ;
#1424 = B_SPLINE_CURVE_WITH_KNOTS ( 'NONE', 3,
 ( #1532, #2355, #1504, #2349 ),
 .UNSPECIFIED., .F., .F.,
 ( 4, 4 ),
 ( 3.167032895052205700E-007, 4.027122294972130100E-005 ),
 .UNSPECIFIED. ) ;
#1425 = VECTOR ( 'NONE', #2120, 1000.000000000000200 ) ;
#1426 = AXIS2_PLACEMENT_3D ( 'NONE', #948, #568, #1793 ) ;
#1427 = CIRCLE ( 'NONE', #604, 0.03874031597854085700 ) ;
#1428 = EDGE_CURVE ( 'NONE', #1616, #1691, #2339, .T. ) ;
#1429 = CARTESIAN_POINT ( 'NONE',  ( -0.8472487804031702000, 0.001931744220632686600, -3.932084542710756500 ) ) ;
#1430 = VERTEX_POINT ( 'NONE', #2490 ) ;
#1431 = CARTESIAN_POINT ( 'NONE',  ( -0.8487608867758108500, 0.08074247352993652000, -3.917697766902400700 ) ) ;
#1432 = LINE ( 'NONE', #2348, #1710 ) ;
#1433 = CARTESIAN_POINT ( 'NONE',  ( -3.906150007206998300, 0.07975982017870578100, -0.8500139133119730700 ) ) ;
#1434 = CONICAL_SURFACE ( 'NONE', #2051, 4.200000000000000200, 0.1888330626518987500 ) ;
#1435 = CARTESIAN_POINT ( 'NONE',  ( 0.8472487804031709800, 0.001931744220632668800, 3.932084542710756500 ) ) ;
#1436 = CARTESIAN_POINT ( 'NONE',  ( -0.03992244300945671500, 0.1114853205891216900, -4.184792550220578300 ) ) ;
#1437 = CARTESIAN_POINT ( 'NONE',  ( -3.282626146741519900, 0.08997742699251247400, 0.9743457680842501100 ) ) ;
#1438 = ORIENTED_EDGE ( 'NONE', *, *, #2117, .T. ) ;
#1439 = CARTESIAN_POINT ( 'NONE',  ( 0.0000000000000000000, 0.08074247352993745000, 0.0000000000000000000 ) ) ;
#1440 = CARTESIAN_POINT ( 'NONE',  ( -4.101034757479669500, 0.1114853205891338200, 0.8340242249366313100 ) ) ;
#1441 = CYLINDRICAL_SURFACE ( 'NONE', #845, 0.03874031597854085700 ) ;
#1442 = CARTESIAN_POINT ( 'NONE',  ( 1.348488737609025100, 0.1938818833371123700, -2.437058995850760900 ) ) ;
#1443 = AXIS2_PLACEMENT_3D ( 'NONE', #2504, #723, #84 ) ;
#1444 = EDGE_LOOP ( 'NONE', ( #2576, #2842, #625, #2528 ) ) ;
#1445 = CARTESIAN_POINT ( 'NONE',  ( -3.134352307466531200, 0.1102919814847758100, 1.022953645172417900 ) ) ;
#1446 = EDGE_CURVE ( 'NONE', #1316, #1345, #2308, .T. ) ;
#1447 = CARTESIAN_POINT ( 'NONE',  ( 0.0000000000000000000, 0.2878633091074646600, 0.0000000000000000000 ) ) ;
#1448 = CARTESIAN_POINT ( 'NONE',  ( -0.8332282182147055000, 0.03290740435338857000, -4.116519250091117000 ) ) ;
#1449 = DIRECTION ( 'NONE',  ( 0.0000000000000000000, -1.000000000000000000, 0.0000000000000000000 ) ) ;
#1450 = CARTESIAN_POINT ( 'NONE',  ( -4.143164210601103300, 0.1251769282002746500, -0.05000000000000000300 ) ) ;
#1451 = CARTESIAN_POINT ( 'NONE',  ( 0.01330768284409482500, 0.1114853205891339600, -4.184982973661599100 ) ) ;
#1452 = CARTESIAN_POINT ( 'NONE',  ( -4.015457571399240400, 0.04133736138351488300, -3.167819287783089800E-014 ) ) ;
#1453 = ORIENTED_EDGE ( 'NONE', *, *, #549, .F. ) ;
#1454 = EDGE_CURVE ( 'NONE', #2764, #446, #2235, .T. ) ;
#1455 = CIRCLE ( 'NONE', #2311, 4.022327603132236400 ) ;
#1456 = ORIENTED_EDGE ( 'NONE', *, *, #1169, .T. ) ;
#1457 = ORIENTED_EDGE ( 'NONE', *, *, #37, .T. ) ;
#1458 = CIRCLE ( 'NONE', #2458, 3.992155566008849000 ) ;
#1459 = CARTESIAN_POINT ( 'NONE',  ( -2.704975497759198400, 0.1650778205255921400, 1.196424793891186300 ) ) ;
#1460 = CARTESIAN_POINT ( 'NONE',  ( -0.8337471296113755400, 0.08529336795367870000, -4.106199117997166900 ) ) ;
#1461 = LINE ( 'NONE', #2114, #1425 ) ;
#1462 = FACE_OUTER_BOUND ( 'NONE', #241, .T. ) ;
#1463 = DIRECTION ( 'NONE',  ( 0.0000000000000000000, 0.0000000000000000000, -1.000000000000000000 ) ) ;
#1464 = EDGE_LOOP ( 'NONE', ( #1988, #1481, #493, #1671 ) ) ;
#1465 = CARTESIAN_POINT ( 'NONE',  ( -0.8472487804023528500, 0.001931744208480821100, 3.932084542713828700 ) ) ;
#1466 = CARTESIAN_POINT ( 'NONE',  ( -0.04037480492287848900, 0.1111566406146957500, -4.184851051630985800 ) ) ;
#1467 = ADVANCED_FACE ( 'NONE', ( #1523 ), #1301, .F. ) ;
#1468 = ORIENTED_EDGE ( 'NONE', *, *, #422, .F. ) ;
#1469 = CARTESIAN_POINT ( 'NONE',  ( -4.181759488389396000, 0.1285260496614448700, -0.05000000000000000300 ) ) ;
#1470 = CARTESIAN_POINT ( 'NONE',  ( 0.04999999908443666200, 0.03290740378530653700, 4.199702367158963100 ) ) ;
#1471 = CARTESIAN_POINT ( 'NONE',  ( -4.181759488389396000, 0.1285260496614448700, 0.05000000000000000300 ) ) ;
#1472 = ORIENTED_EDGE ( 'NONE', *, *, #1829, .F. ) ;
#1473 = ORIENTED_EDGE ( 'NONE', *, *, #1274, .F. ) ;
#1474 = EDGE_CURVE ( 'NONE', #1849, #2244, #2259, .T. ) ;
#1475 = DIRECTION ( 'NONE',  ( 0.0000000000000000000, 0.0000000000000000000, 1.000000000000000000 ) ) ;
#1476 = TOROIDAL_SURFACE ( 'NONE', #178, 4.000000000000000000, 0.04999999999999995400 ) ;
#1477 = CARTESIAN_POINT ( 'NONE',  ( -4.106199117997166900, 0.08529336795367877000, -0.8337471296113729800 ) ) ;
#1478 = CARTESIAN_POINT ( 'NONE',  ( 0.0000000000000000000, 0.03290740435338894400, 0.0000000000000000000 ) ) ;
#1479 = EDGE_CURVE ( 'NONE', #687, #2601, #1863, .T. ) ;
#1480 = CARTESIAN_POINT ( 'NONE',  ( 0.05000000000001400500, 0.08106398219740319800, -4.010117716611905100 ) ) ;
#1481 = ORIENTED_EDGE ( 'NONE', *, *, #1344, .T. ) ;
#1482 = B_SPLINE_CURVE_WITH_KNOTS ( 'NONE', 3,
 ( #773, #799, #740, #714 ),
 .UNSPECIFIED., .F., .F.,
 ( 4, 4 ),
 ( 5.020000002146922300E-005, 0.0001002000000000011600 ),
 .UNSPECIFIED. ) ;
#1483 = B_SPLINE_CURVE_WITH_KNOTS ( 'NONE', 3,
 ( #89, #95, #304, #78 ),
 .UNSPECIFIED., .F., .F.,
 ( 4, 4 ),
 ( 1.999999999999980600E-007, 0.0001001999999999999800 ),
 .UNSPECIFIED. ) ;
#1484 = VERTEX_POINT ( 'NONE', #1962 ) ;
#1485 = ADVANCED_FACE ( 'NONE', ( #1413 ), #1982, .F. ) ;
#1486 = DIRECTION ( 'NONE',  ( 0.0000000000000000000, 0.5647931791164017000, -0.8252324913765745100 ) ) ;
#1487 = ORIENTED_EDGE ( 'NONE', *, *, #2515, .T. ) ;
#1488 = DIRECTION ( 'NONE',  ( 0.0000000000000000000, 0.0000000000000000000, -1.000000000000000000 ) ) ;
#1489 = CARTESIAN_POINT ( 'NONE',  ( 0.04999999999995660700, 0.1251769282002746500, 4.143164210601103300 ) ) ;
#1490 = ADVANCED_FACE ( 'NONE', ( #1519 ), #1915, .F. ) ;
#1491 = CARTESIAN_POINT ( 'NONE',  ( 7.373787841020134700E-014, 0.04133736138351488300, -4.015457571399240400 ) ) ;
#1492 = EDGE_CURVE ( 'NONE', #2588, #1999, #2039, .T. ) ;
#1493 = EDGE_CURVE ( 'NONE', #2276, #1316, #2005, .T. ) ;
#1494 = AXIS2_PLACEMENT_3D ( 'NONE', #2685, #2407, #1945 ) ;
#1495 = CARTESIAN_POINT ( 'NONE',  ( 4.184782840622305300, 0.1109743212122548800, -0.05000000000000000300 ) ) ;
#1496 = ORIENTED_EDGE ( 'NONE', *, *, #2549, .T. ) ;
#1497 = VERTEX_POINT ( 'NONE', #1592 ) ;
#1498 = CARTESIAN_POINT ( 'NONE',  ( 0.0000000000000000000, 0.2088540056697230100, -2.675000000000000300 ) ) ;
#1499 = DIRECTION ( 'NONE',  ( -1.000000000000000000, 0.0000000000000000000, -3.491481338843133400E-015 ) ) ;
#1500 = CARTESIAN_POINT ( 'NONE',  ( -3.910540168756767600E-017, -0.6392920230856864400, 0.1114550869003170500 ) ) ;
#1501 = AXIS2_PLACEMENT_3D ( 'NONE', #165, #1694, #389 ) ;
#1502 = ORIENTED_EDGE ( 'NONE', *, *, #1799, .T. ) ;
#1503 = LINE ( 'NONE', #1830, #1171 ) ;
#1504 = CARTESIAN_POINT ( 'NONE',  ( 0.04994013930854064600, 0.04598879974242028200, -4.197202920312100200 ) ) ;
#1505 = FACE_OUTER_BOUND ( 'NONE', #1731, .T. ) ;
#1506 = DIRECTION ( 'NONE',  ( 0.0000000000000000000, -1.000000000000000000, 0.0000000000000000000 ) ) ;
#1507 = CARTESIAN_POINT ( 'NONE',  ( -4.060383975482992900, 0.08982374648671620500, 0.05000000000000000300 ) ) ;
#1508 = DIRECTION ( 'NONE',  ( 0.0000000000000000000, 0.0000000000000000000, -1.000000000000000000 ) ) ;
#1509 = VECTOR ( 'NONE', #2356, 1000.000000000000000 ) ;
#1510 = VERTEX_POINT ( 'NONE', #1687 ) ;
#1511 = B_SPLINE_CURVE_WITH_KNOTS ( 'NONE', 3,
 ( #762, #2486, #1370, #980 ),
 .UNSPECIFIED., .F., .F.,
 ( 4, 4 ),
 ( 3.428555827887902800E-007, 2.029496677836883300E-006 ),
 .UNSPECIFIED. ) ;
#1512 = ORIENTED_EDGE ( 'NONE', *, *, #1138, .T. ) ;
#1513 = EDGE_CURVE ( 'NONE', #2672, #2244, #1219, .T. ) ;
#1514 = CARTESIAN_POINT ( 'NONE',  ( 4.143164210601103300, 0.1251769282002746500, -0.05000000000000000300 ) ) ;
#1515 = ORIENTED_EDGE ( 'NONE', *, *, #2525, .T. ) ;
#1516 = VERTEX_POINT ( 'NONE', #1564 ) ;
#1517 = EDGE_CURVE ( 'NONE', #2729, #429, #1814, .T. ) ;
#1518 = CARTESIAN_POINT ( 'NONE',  ( 0.0000000000000000000, 0.1299999999999995000, 0.0000000000000000000 ) ) ;
#1519 = FACE_OUTER_BOUND ( 'NONE', #760, .T. ) ;
#1520 = UNCERTAINTY_MEASURE_WITH_UNIT (LENGTH_MEASURE( 1.000000000000000100E-005 ), #986, 'distance_accuracy_value', 'NONE');
#1521 = ORIENTED_EDGE ( 'NONE', *, *, #2409, .T. ) ;
#1522 = DIRECTION ( 'NONE',  ( 0.0000000000000000000, 0.0000000000000000000, 1.000000000000000000 ) ) ;
#1523 = FACE_OUTER_BOUND ( 'NONE', #1143, .T. ) ;
#1524 = CARTESIAN_POINT ( 'NONE',  ( -0.04999999999998553500, 0.1251769282002746500, -4.143164210601103300 ) ) ;
#1525 = DIRECTION ( 'NONE',  ( -0.0000000000000000000, -1.000000000000000000, -0.0000000000000000000 ) ) ;
#1526 = CARTESIAN_POINT ( 'NONE',  ( -0.03992244300945671500, 0.1114853205891216900, -4.184792550220578300 ) ) ;
#1527 = AXIS2_PLACEMENT_3D ( 'NONE', #589, #585, #579 ) ;
#1528 = CARTESIAN_POINT ( 'NONE',  ( -2.437279227434775200, 0.1938686196675325200, 1.348320614098461200 ) ) ;
#1529 = DIRECTION ( 'NONE',  ( 0.0000000000000000000, 0.0000000000000000000, -1.000000000000000000 ) ) ;
#1530 = TOROIDAL_SURFACE ( 'NONE', #2171, 4.000000000000000000, 0.04999999999999995400 ) ;
#1531 = ORIENTED_EDGE ( 'NONE', *, *, #2200, .T. ) ;
#1532 = CARTESIAN_POINT ( 'NONE',  ( 0.04982041766168154200, 0.07215159023128729600, -4.192204019208628700 ) ) ;
#1533 = CARTESIAN_POINT ( 'NONE',  ( -3.900474135790768400, 0.08061918535140881500, -0.8506512677018083200 ) ) ;
#1534 = CARTESIAN_POINT ( 'NONE',  ( -2.188460054374549400, 0.2088540056697230100, 1.538267723904698900 ) ) ;
#1535 = VECTOR ( 'NONE', #908, 1000.000000000000000 ) ;
#1536 = EDGE_LOOP ( 'NONE', ( #1238, #2438, #1821, #1808 ) ) ;
#1537 = ADVANCED_FACE ( 'NONE', ( #1363 ), #1261, .F. ) ;
#1538 = ORIENTED_EDGE ( 'NONE', *, *, #2334, .F. ) ;
#1539 = VERTEX_POINT ( 'NONE', #1526 ) ;
#1540 =( NAMED_UNIT ( * ) PLANE_ANGLE_UNIT ( ) SI_UNIT ( $, .RADIAN. ) );
#1541 = AXIS2_PLACEMENT_3D ( 'NONE', #2222, #865, #2433 ) ;
#1542 = AXIS2_PLACEMENT_3D ( 'NONE', #2633, #2580, #2822 ) ;
#1543 = ORIENTED_EDGE ( 'NONE', *, *, #1771, .T. ) ;
#1544 = EDGE_CURVE ( 'NONE', #2377, #2809, #1773, .T. ) ;
#1545 = DIRECTION ( 'NONE',  ( 0.1752348861828323400, -0.9845266551315357000, 0.0000000000000000000 ) ) ;
#1546 = DIRECTION ( 'NONE',  ( -0.9645595829061068800, 0.0000000000000000000, -0.2638651379473934100 ) ) ;
#1547 = DIRECTION ( 'NONE',  ( 0.0000000000000000000, 0.0000000000000000000, -1.000000000000000000 ) ) ;
#1548 = EDGE_LOOP ( 'NONE', ( #1639, #1570, #1051, #1604 ) ) ;
#1549 = ORIENTED_EDGE ( 'NONE', *, *, #186, .T. ) ;
#1550 = VECTOR ( 'NONE', #2250, 1000.000000000000000 ) ;
#1551 = CARTESIAN_POINT ( 'NONE',  ( 2.188460054374512500, 0.2088540056699264000, 1.538267723904738900 ) ) ;
#1552 = AXIS2_PLACEMENT_3D ( 'NONE', #2312, #2303, #2299 ) ;
#1553 = MANIFOLD_SOLID_BREP ( 'CirPattern4', #1076 ) ;
#1554 = CARTESIAN_POINT ( 'NONE',  ( -0.04127146974578963000, 0.1104886192091032300, -4.184969952073514900 ) ) ;
#1555 = CIRCLE ( 'NONE', #2113, 3.979604471623006600 ) ;
#1556 = CARTESIAN_POINT ( 'NONE',  ( 2.188460054374550700, 0.2088540056697230100, -1.538267723904697800 ) ) ;
#1557 = ORIENTED_EDGE ( 'NONE', *, *, #2445, .F. ) ;
#1558 = PLANE ( 'NONE',  #1668 ) ;
#1559 = CARTESIAN_POINT ( 'NONE',  ( -0.9681359021982055600, 0.1680424454307613000, 3.303686331902856200 ) ) ;
#1560 = B_SPLINE_CURVE_WITH_KNOTS ( 'NONE', 3,
 ( #342, #221, #117, #114 ),
 .UNSPECIFIED., .F., .F.,
 ( 4, 4 ),
 ( 1.201952545003650100E-006, 0.0001876818280302452600 ),
 .UNSPECIFIED. ) ;
#1561 = FACE_OUTER_BOUND ( 'NONE', #1888, .T. ) ;
#1562 = DIRECTION ( 'NONE',  ( -0.1717507933248915700, -0.9851404290720539000, 4.471193416278177100E-016 ) ) ;
#1563 = DIRECTION ( 'NONE',  ( -0.0000000000000000000, -1.000000000000000000, -0.0000000000000000000 ) ) ;
#1564 = CARTESIAN_POINT ( 'NONE',  ( 0.04999999999995619800, 0.1285260496614448700, 4.181759488389396000 ) ) ;
#1565 = FACE_OUTER_BOUND ( 'NONE', #2669, .T. ) ;
#1566 = PLANE ( 'NONE',  #1426 ) ;
#1567 = VECTOR ( 'NONE', #1897, 1000.000000000000000 ) ;
#1568 = VERTEX_POINT ( 'NONE', #1114 ) ;
#1569 = ADVANCED_FACE ( 'NONE', ( #1125 ), #207, .T. ) ;
#1570 = ORIENTED_EDGE ( 'NONE', *, *, #2472, .T. ) ;
#1571 = CARTESIAN_POINT ( 'NONE',  ( -4.181759488389396000, 0.1285260496614448700, 0.05000000000000000300 ) ) ;
#1572 = CARTESIAN_POINT ( 'NONE',  ( -0.8878780529410080800, 0.04810561718385651000, 3.579825215402695300 ) ) ;
#1573 = EDGE_LOOP ( 'NONE', ( #1707, #225, #878, #57, #705, #2592, #1741 ) ) ;
#1574 = ORIENTED_EDGE ( 'NONE', *, *, #906, .T. ) ;
#1575 = DIRECTION ( 'NONE',  ( -0.2635863791192204500, -0.04595402684468463700, -0.9635405794047164900 ) ) ;
#1576 = CARTESIAN_POINT ( 'NONE',  ( 1.196424793891206900, 0.1650778205255935000, 2.704975497759180200 ) ) ;
#1577 = DIRECTION ( 'NONE',  ( 0.0000000000000000000, 0.0000000000000000000, -1.000000000000000000 ) ) ;
#1578 = ADVANCED_FACE ( 'NONE', ( #454 ), #42, .T. ) ;
#1579 = CARTESIAN_POINT ( 'NONE',  ( -0.8493683841944541500, 0.07979981944286274100, 3.912031851657038900 ) ) ;
#1580 = AXIS2_PLACEMENT_3D ( 'NONE', #746, #2309, #952 ) ;
#1581 = VERTEX_POINT ( 'NONE', #826 ) ;
#1582 = B_SPLINE_CURVE_WITH_KNOTS ( 'NONE', 3,
 ( #1470, #1717, #920, #904 ),
 .UNSPECIFIED., .F., .F.,
 ( 4, 4 ),
 ( 2.036201264321496200E-007, 4.015813978664818300E-005 ),
 .UNSPECIFIED. ) ;
#1583 = EDGE_LOOP ( 'NONE', ( #959, #1457, #2076, #2666 ) ) ;
#1584 = CARTESIAN_POINT ( 'NONE',  ( -4.015457571399240400, 0.04133736138351488300, -3.167819287783089800E-014 ) ) ;
#1585 = CARTESIAN_POINT ( 'NONE',  ( -1.715216414786608700, 0.3052766615286787200, 1.950631074485611900 ) ) ;
#1586 = CARTESIAN_POINT ( 'NONE',  ( -0.04082447667456163400, 0.1108243434341084900, -4.184910196864196400 ) ) ;
#1587 = FACE_OUTER_BOUND ( 'NONE', #2617, .T. ) ;
#1588 = CARTESIAN_POINT ( 'NONE',  ( 0.0000000000000000000, 0.2088540056697230100, 0.0000000000000000000 ) ) ;
#1589 = ORIENTED_EDGE ( 'NONE', *, *, #2034, .T. ) ;
#1590 = AXIS2_PLACEMENT_3D ( 'NONE', #2178, #2429, #2203 ) ;
#1591 = EDGE_CURVE ( 'NONE', #1781, #1999, #1482, .T. ) ;
#1592 = CARTESIAN_POINT ( 'NONE',  ( -4.121283944379609200, 0.1571466956719614300, 0.05000000000000000300 ) ) ;
#1593 = ORIENTED_EDGE ( 'NONE', *, *, #2014, .T. ) ;
#1594 = ORIENTED_EDGE ( 'NONE', *, *, #1879, .T. ) ;
#1595 = DIRECTION ( 'NONE',  ( 0.2635863791192204500, -0.04595402684468463700, 0.9635405794047164900 ) ) ;
#1596 = DIRECTION ( 'NONE',  ( 0.0000000000000000000, 0.0000000000000000000, -1.000000000000000000 ) ) ;
#1597 = DIRECTION ( 'NONE',  ( 0.0000000000000000000, 0.0000000000000000000, -1.000000000000000000 ) ) ;
#1598 = CARTESIAN_POINT ( 'NONE',  ( -4.101034757479669500, 0.1114853205891338200, 0.8340242249366313100 ) ) ;
#1599 = CARTESIAN_POINT ( 'NONE',  ( -3.917697766902402900, 0.08074247352993650700, 0.8487608867757998600 ) ) ;
#1600 = CIRCLE ( 'NONE', #992, 4.022327603132236400 ) ;
#1601 = ORIENTED_EDGE ( 'NONE', *, *, #483, .T. ) ;
#1602 = ORIENTED_EDGE ( 'NONE', *, *, #2439, .T. ) ;
#1603 = ORIENTED_EDGE ( 'NONE', *, *, #2515, .F. ) ;
#1604 = ORIENTED_EDGE ( 'NONE', *, *, #267, .F. ) ;
#1605 = DIRECTION ( 'NONE',  ( 0.0000000000000000000, 0.0000000000000000000, -1.000000000000000000 ) ) ;
#1606 = DIRECTION ( 'NONE',  ( -0.0000000000000000000, -1.000000000000000000, -0.0000000000000000000 ) ) ;
#1607 = CARTESIAN_POINT ( 'NONE',  ( 0.8521565073312420400, 0.001609881913664823600, -3.887297395051586300 ) ) ;
#1608 = ORIENTED_EDGE ( 'NONE', *, *, #1428, .T. ) ;
#1609 = EDGE_CURVE ( 'NONE', #46, #1332, #116, .T. ) ;
#1610 = CARTESIAN_POINT ( 'NONE',  ( -0.8332282182146920600, 0.03290740435339187300, 4.116519250091139200 ) ) ;
#1611 = CARTESIAN_POINT ( 'NONE',  ( 0.8878780529410078600, 0.04810561718385644000, -3.579825215402694800 ) ) ;
#1612 = DIRECTION ( 'NONE',  ( -0.0000000000000000000, -1.000000000000000000, -0.0000000000000000000 ) ) ;
#1613 = CARTESIAN_POINT ( 'NONE',  ( -3.923735702127702400, 0.0005404270053843081300, -0.8481086200087619700 ) ) ;
#1614 = CARTESIAN_POINT ( 'NONE',  ( -4.111360600420154800, 0.05910072046348297000, 0.8334818103297708700 ) ) ;
#1615 = UNCERTAINTY_MEASURE_WITH_UNIT (LENGTH_MEASURE( 1.000000000000000100E-005 ), #11, 'distance_accuracy_value', 'NONE');
#1616 = VERTEX_POINT ( 'NONE', #561 ) ;
#1617 = CARTESIAN_POINT ( 'NONE',  ( 0.8521565073312420400, 0.001609881913664823600, -3.887297395051586300 ) ) ;
#1618 = ORIENTED_EDGE ( 'NONE', *, *, #301, .F. ) ;
#1619 = VERTEX_POINT ( 'NONE', #524 ) ;
#1620 = EDGE_CURVE ( 'NONE', #2420, #1616, #1292, .T. ) ;
#1621 = CARTESIAN_POINT ( 'NONE',  ( -0.04999999999998582700, 0.08982374648671591400, -4.060383975482991100 ) ) ;
#1622 = AXIS2_PLACEMENT_3D ( 'NONE', #941, #2126, #77 ) ;
#1623 = CARTESIAN_POINT ( 'NONE',  ( 0.0000000000000000000, 0.08061918535140881500, 0.0000000000000000000 ) ) ;
#1624 = CARTESIAN_POINT ( 'NONE',  ( -0.05000000000004201100, 0.08106398219740146300, 4.010117716611901500 ) ) ;
#1625 = ORIENTED_EDGE ( 'NONE', *, *, #1591, .F. ) ;
#1626 = CARTESIAN_POINT ( 'NONE',  ( -0.8472487804031702000, 0.001931744220632686600, -3.932084542710756500 ) ) ;
#1627 = CARTESIAN_POINT ( 'NONE',  ( -3.597310611474741300, 0.1265201842781998600, 0.8846940760716061100 ) ) ;
#1628 = CARTESIAN_POINT ( 'NONE',  ( -0.8506512677017980000, 0.08061918535140887000, 3.900474135790770200 ) ) ;
#1629 = EDGE_LOOP ( 'NONE', ( #679, #2819, #2100, #2212, #1796, #1908, #1696, #2002, #436, #34, #2805, #1096, #1307, #640, #529, #396 ) ) ;
#1630 =( BOUNDED_CURVE ( )  B_SPLINE_CURVE ( 3, ( #1978, #2173, #1728, #1966 ),
 .UNSPECIFIED., .F., .F. ) 
 B_SPLINE_CURVE_WITH_KNOTS ( ( 4, 4 ),
 ( 3.130098698723542800, 3.153086608456042500 ),
 .UNSPECIFIED. ) 
 CURVE ( )  GEOMETRIC_REPRESENTATION_ITEM ( )  RATIONAL_B_SPLINE_CURVE ( ( 1.000000000000000000, 0.9999559634853231200, 0.9999559634853231200, 1.000000000000000000 ) ) 
 REPRESENTATION_ITEM ( '' )  );
#1631 = CIRCLE ( 'NONE', #1273, 2.674999999999999800 ) ;
#1632 = CARTESIAN_POINT ( 'NONE',  ( 0.01666666667978590800, 0.01224017809787014900, 4.081455452129547200 ) ) ;
#1633 = ORIENTED_EDGE ( 'NONE', *, *, #182, .F. ) ;
#1634 = LINE ( 'NONE', #2769, #2317 ) ;
#1635 = CARTESIAN_POINT ( 'NONE',  ( 0.8472487804031709800, 0.001931744220632668800, 3.932084542710756500 ) ) ;
#1636 = VERTEX_POINT ( 'NONE', #397 ) ;
#1637 = CARTESIAN_POINT ( 'NONE',  ( -4.039828707302979700, 0.1011463160630057000, -0.8373082540675456100 ) ) ;
#1638 = CARTESIAN_POINT ( 'NONE',  ( 2.467527031462577000, 0.2719128999619406200, -1.330009389462885300 ) ) ;
#1639 = ORIENTED_EDGE ( 'NONE', *, *, #2052, .F. ) ;
#1640 = AXIS2_PLACEMENT_3D ( 'NONE', #830, #2387, #1037 ) ;
#1641 = CARTESIAN_POINT ( 'NONE',  ( -1.514167571008299600, 0.2878633091074834800, 2.220411550105355400 ) ) ;
#1642 = VERTEX_POINT ( 'NONE', #406 ) ;
#1643 = CARTESIAN_POINT ( 'NONE',  ( 1.194980839384837800, 0.1647965241532270700, -2.707568545509662500 ) ) ;
#1644 = VERTEX_POINT ( 'NONE', #392 ) ;
#1645 = AXIS2_PLACEMENT_3D ( 'NONE', #2772, #2191, #2804 ) ;
#1646 = DIRECTION ( 'NONE',  ( 0.0000000000000000000, -0.1568886798230241500, -0.9876162929718143000 ) ) ;
#1647 = ORIENTED_EDGE ( 'NONE', *, *, #2734, .T. ) ;
#1648 = CARTESIAN_POINT ( 'NONE',  ( -0.04999999999998539600, 0.1285260496614448700, -4.181759488389396000 ) ) ;
#1649 = CARTESIAN_POINT ( 'NONE',  ( -0.8487666993463326400, -0.0005244193976575474400, -3.917345906351213700 ) ) ;
#1650 = PRODUCT ( '5134', '5134', '', ( #879 ) ) ;
#1651 = CONICAL_SURFACE ( 'NONE', #2103, 2.674999999999999800, 1.413256800722689800 ) ;
#1652 = CARTESIAN_POINT ( 'NONE',  ( -4.015457571399240400, 0.04133736138351488300, -3.167819287783089800E-014 ) ) ;
#1653 = VERTEX_POINT ( 'NONE', #487 ) ;
#1654 = CARTESIAN_POINT ( 'NONE',  ( 0.0000000000000000000, 0.1299999999999995000, 0.0000000000000000000 ) ) ;
#1655 = CARTESIAN_POINT ( 'NONE',  ( 4.008197674376418700, 0.07974989584046786300, -0.05000000000000000300 ) ) ;
#1656 = CARTESIAN_POINT ( 'NONE',  ( -4.160916480705963300, 0.1073433469043419400, -0.05000000000000000300 ) ) ;
#1657 = ADVANCED_BREP_SHAPE_REPRESENTATION ( '', ( #1553, #1541 ), #1380 ) ;
#1658 = ORIENTED_EDGE ( 'NONE', *, *, #1367, .T. ) ;
#1659 = CARTESIAN_POINT ( 'NONE',  ( -4.111360600420153100, 0.05910072046348306000, -0.8334818103297791900 ) ) ;
#1660 = DIRECTION ( 'NONE',  ( 0.9645595829059935300, 0.0000000000000000000, -0.2638651379478079700 ) ) ;
#1661 = CARTESIAN_POINT ( 'NONE',  ( -0.04999999908440726200, 0.03290740378530646000, -4.199702367158963900 ) ) ;
#1662 = CARTESIAN_POINT ( 'NONE',  ( 0.0000000000000000000, 0.08061918535140881500, -3.992155566008849000 ) ) ;
#1663 = VECTOR ( 'NONE', #2386, 1000.000000000000100 ) ;
#1664 = CARTESIAN_POINT ( 'NONE',  ( 0.8499492684540149700, 1.294547575209524300E-005, -3.906777831798498500 ) ) ;
#1665 = EDGE_LOOP ( 'NONE', ( #1925, #1749, #143, #973 ) ) ;
#1666 = ORIENTED_EDGE ( 'NONE', *, *, #1705, .T. ) ;
#1667 = CARTESIAN_POINT ( 'NONE',  ( 0.0000000000000000000, 0.2088540056697230100, -2.674999999999999800 ) ) ;
#1668 = AXIS2_PLACEMENT_3D ( 'NONE', #1146, #379, #1094 ) ;
#1669 = CARTESIAN_POINT ( 'NONE',  ( 0.04999999999995801600, 0.07974989584046786300, 4.008197674376418700 ) ) ;
#1670 = DIRECTION ( 'NONE',  ( 0.0000000000000000000, 0.0000000000000000000, 1.000000000000000000 ) ) ;
#1671 = ORIENTED_EDGE ( 'NONE', *, *, #1816, .F. ) ;
#1672 = SPHERICAL_SURFACE ( 'NONE', #9, 17.13030600689261400 ) ;
#1673 = CARTESIAN_POINT ( 'NONE',  ( 4.106199117997168600, 0.08529336795367856200, -0.8337471296113642100 ) ) ;
#1674 = ORIENTED_EDGE ( 'NONE', *, *, #1936, .T. ) ;
#1675 = CARTESIAN_POINT ( 'NONE',  ( 0.0000000000000000000, 0.1114853205891338500, 4.184982973661599100 ) ) ;
#1676 = ADVANCED_FACE ( 'NONE', ( #390 ), #2714, .T. ) ;
#1677 = B_SPLINE_CURVE_WITH_KNOTS ( 'NONE', 3,
 ( #1384, #1349, #1359, #1610 ),
 .UNSPECIFIED., .F., .F.,
 ( 4, 4 ),
 ( 2.038616453035796900E-007, 8.029688292735617800E-005 ),
 .UNSPECIFIED. ) ;
#1678 = VERTEX_POINT ( 'NONE', #320 ) ;
#1679 = CARTESIAN_POINT ( 'NONE',  ( -4.101034757479667700, 0.1114853205891338100, -0.8340242249366395200 ) ) ;
#1680 = STYLED_ITEM ( 'NONE', ( #506 ), #1657 ) ;
#1681 = VERTEX_POINT ( 'NONE', #296 ) ;
#1682 = ADVANCED_FACE ( 'NONE', ( #2708 ), #1268, .T. ) ;
#1683 = CIRCLE ( 'NONE', #840, 2.687551094385840900 ) ;
#1684 = EDGE_CURVE ( 'NONE', #1845, #2601, #14, .T. ) ;
#1685 = DIRECTION ( 'NONE',  ( -0.0000000000000000000, -1.000000000000000000, -0.0000000000000000000 ) ) ;
#1686 = B_SPLINE_CURVE_WITH_KNOTS ( 'NONE', 3,
 ( #540, #452, #326, #319, #315, #307 ),
 .UNSPECIFIED., .F., .F.,
 ( 4, 2, 4 ),
 ( 1.329991956052884700E-006, 0.0009171492846034007700, 0.001832968577250748600 ),
 .UNSPECIFIED. ) ;
#1687 = CARTESIAN_POINT ( 'NONE',  ( 0.0000000000000000000, 0.08061918535140881500, -3.992155566008849000 ) ) ;
#1688 = AXIS2_PLACEMENT_3D ( 'NONE', #985, #1506, #1547 ) ;
#1689 = EDGE_CURVE ( 'NONE', #2244, #2739, #1258, .T. ) ;
#1690 = CARTESIAN_POINT ( 'NONE',  ( -0.8332282182146920600, 0.03290740435339187300, 4.116519250091139200 ) ) ;
#1691 = VERTEX_POINT ( 'NONE', #205 ) ;
#1692 = ADVANCED_FACE ( 'NONE', ( #555 ), #2585, .F. ) ;
#1693 = DIRECTION ( 'NONE',  ( -1.000000000000000000, 0.0000000000000000000, 0.0000000000000000000 ) ) ;
#1694 = DIRECTION ( 'NONE',  ( -0.0000000000000000000, -1.000000000000000000, -0.0000000000000000000 ) ) ;
#1695 = EDGE_CURVE ( 'NONE', #2601, #497, #2619, .T. ) ;
#1696 = ORIENTED_EDGE ( 'NONE', *, *, #1544, .F. ) ;
#1697 = CARTESIAN_POINT ( 'NONE',  ( 0.9634865979487062800, 0.09133395887903837700, -3.282539681839450600 ) ) ;
#1698 = ADVANCED_FACE ( 'NONE', ( #2624 ), #2336, .T. ) ;
#1699 = CARTESIAN_POINT ( 'NONE',  ( 0.8487608867757979700, 0.08074247352993646500, -3.917697766902402900 ) ) ;
#1700 = AXIS2_PLACEMENT_3D ( 'NONE', #2538, #2612, #2416 ) ;
#1701 = CARTESIAN_POINT ( 'NONE',  ( -0.8362547223010214900, 0.02249190618430466400, 4.054953162736914900 ) ) ;
#1702 = DIRECTION ( 'NONE',  ( 0.0000000000000000000, 0.0000000000000000000, -1.000000000000000000 ) ) ;
#1703 = CARTESIAN_POINT ( 'NONE',  ( -4.143164210601103300, 0.1251769282002746500, 0.05000000000000000300 ) ) ;
#1704 = CARTESIAN_POINT ( 'NONE',  ( -3.932084542713826000, 0.001931744208480682100, -0.8472487804023627300 ) ) ;
#1705 = EDGE_CURVE ( 'NONE', #578, #2739, #2368, .T. ) ;
#1706 = AXIS2_PLACEMENT_3D ( 'NONE', #1921, #2072, #1933 ) ;
#1707 = ORIENTED_EDGE ( 'NONE', *, *, #2078, .F. ) ;
#1708 = ORIENTED_EDGE ( 'NONE', *, *, #223, .T. ) ;
#1709 = ORIENTED_EDGE ( 'NONE', *, *, #410, .T. ) ;
#1710 = VECTOR ( 'NONE', #2650, 1000.000000000000100 ) ;
#1711 = CONICAL_SURFACE ( 'NONE', #1288, 3.992155566008849000, 1.413256800722692700 ) ;
#1712 = DIRECTION ( 'NONE',  ( -1.835488005064978600E-015, -0.9845266551315357000, 0.1752348861828323100 ) ) ;
#1713 = EDGE_CURVE ( 'NONE', #1360, #1581, #2511, .T. ) ;
#1714 = CARTESIAN_POINT ( 'NONE',  ( 0.0000000000000000000, 0.08061918535140881500, 0.0000000000000000000 ) ) ;
#1715 = DIRECTION ( 'NONE',  ( 0.8252324913765745100, 0.5647931791164017000, 0.0000000000000000000 ) ) ;
#1716 = CARTESIAN_POINT ( 'NONE',  ( 2.220411550105379800, 0.2878633091076159300, -1.514167571008281800 ) ) ;
#1717 = CARTESIAN_POINT ( 'NONE',  ( 0.04994013930850280100, 0.04598879974242020600, 4.197202920312100200 ) ) ;
#1718 = CARTESIAN_POINT ( 'NONE',  ( 0.8409305978915306800, 0.01215527432988699300, -3.993432610677011500 ) ) ;
#1719 = ORIENTED_EDGE ( 'NONE', *, *, #458, .T. ) ;
#1720 = CARTESIAN_POINT ( 'NONE',  ( 0.05000000000001453300, 0.1073433469043419400, -4.160916480705963300 ) ) ;
#1721 = CARTESIAN_POINT ( 'NONE',  ( 0.8340242249366297500, 0.1114853205891338200, -4.101034757479669500 ) ) ;
#1722 = DIRECTION ( 'NONE',  ( 0.0000000000000000000, 0.0000000000000000000, -1.000000000000000000 ) ) ;
#1723 = EDGE_LOOP ( 'NONE', ( #137, #333, #1543, #1538, #1346, #2223, #2030, #228, #20 ) ) ;
#1724 = CARTESIAN_POINT ( 'NONE',  ( -4.116519250091139200, 0.03290740435339194200, 0.8332282182146938400 ) ) ;
#1725 = EDGE_CURVE ( 'NONE', #578, #1653, #1195, .T. ) ;
#1726 = CARTESIAN_POINT ( 'NONE',  ( 1.348320614098485800, 0.1938686196675334900, 2.437279227434756100 ) ) ;
#1727 = AXIS2_PLACEMENT_3D ( 'NONE', #790, #87, #97 ) ;
#1728 = CARTESIAN_POINT ( 'NONE',  ( -4.192585995446943800, 0.07221818451574228700, 0.01660753722528254100 ) ) ;
#1729 = CARTESIAN_POINT ( 'NONE',  ( 7.365043034691624200E-014, 0.001931744220632649300, -4.022327603132236400 ) ) ;
#1730 = ORIENTED_EDGE ( 'NONE', *, *, #2139, .F. ) ;
#1731 = EDGE_LOOP ( 'NONE', ( #2364, #2758, #1860 ) ) ;
#1732 = CARTESIAN_POINT ( 'NONE',  ( 0.8334818103297693100, 0.05910072046348319200, -4.111360600420155700 ) ) ;
#1733 = CARTESIAN_POINT ( 'NONE',  ( -1.538267723904727300, 0.2088540056697230100, -2.188460054374529800 ) ) ;
#1734 = ORIENTED_EDGE ( 'NONE', *, *, #12, .T. ) ;
#1735 = DIRECTION ( 'NONE',  ( -0.0000000000000000000, -1.000000000000000000, -0.0000000000000000000 ) ) ;
#1736 = CARTESIAN_POINT ( 'NONE',  ( 0.0000000000000000000, 0.1299999999999995000, 0.0000000000000000000 ) ) ;
#1737 = ORIENTED_EDGE ( 'NONE', *, *, #22, .F. ) ;
#1738 = CARTESIAN_POINT ( 'NONE',  ( -4.184969952073514900, 0.1104886192091032300, 0.04127146974580423600 ) ) ;
#1739 = CONICAL_SURFACE ( 'NONE', #950, 2.674999999999999800, 1.413256800722689800 ) ;
#1740 = AXIS2_PLACEMENT_3D ( 'NONE', #554, #2119, #768 ) ;
#1741 = ORIENTED_EDGE ( 'NONE', *, *, #2181, .F. ) ;
#1742 = CARTESIAN_POINT ( 'NONE',  ( -0.04127146974578963000, 0.1104886192091032300, -4.184969952073514900 ) ) ;
#1743 = DIRECTION ( 'NONE',  ( -0.0000000000000000000, -1.000000000000000000, -0.0000000000000000000 ) ) ;
#1744 = EDGE_CURVE ( 'NONE', #713, #536, #1074, .T. ) ;
#1745 = DIRECTION ( 'NONE',  ( 0.0000000000000000000, 0.0000000000000000000, -1.000000000000000000 ) ) ;
#1746 = ORIENTED_EDGE ( 'NONE', *, *, #1479, .F. ) ;
#1747 = ORIENTED_EDGE ( 'NONE', *, *, #464, .T. ) ;
#1748 = CARTESIAN_POINT ( 'NONE',  ( 0.04999999999995799500, 0.08106398219740146300, 4.010117716611902400 ) ) ;
#1749 = ORIENTED_EDGE ( 'NONE', *, *, #514, .T. ) ;
#1750 = ADVANCED_FACE ( 'NONE', ( #2848 ), #1956, .T. ) ;
#1751 =( LENGTH_UNIT ( ) NAMED_UNIT ( * ) SI_UNIT ( .MILLI., .METRE. ) );
#1752 = ORIENTED_EDGE ( 'NONE', *, *, #113, .F. ) ;
#1753 = ORIENTED_EDGE ( 'NONE', *, *, #2404, .F. ) ;
#1754 = EDGE_CURVE ( 'NONE', #202, #504, #907, .T. ) ;
#1755 = DIRECTION ( 'NONE',  ( -0.0000000000000000000, -0.0000000000000000000, -1.000000000000000000 ) ) ;
#1756 = ORIENTED_EDGE ( 'NONE', *, *, #1382, .T. ) ;
#1757 = CARTESIAN_POINT ( 'NONE',  ( 0.04999999999995792500, 0.08234933226151892900, 4.017493456064355200 ) ) ;
#1758 = EDGE_CURVE ( 'NONE', #2314, #2588, #2505, .T. ) ;
#1759 = CARTESIAN_POINT ( 'NONE',  ( 0.0000000000000000000, 0.001931744220632757700, 0.0000000000000000000 ) ) ;
#1760 = ADVANCED_FACE ( 'NONE', ( #2057 ), #263, .F. ) ;
#1761 = DIRECTION ( 'NONE',  ( -1.049490187192266900E-014, 0.0000000000000000000, 1.000000000000000000 ) ) ;
#1762 = CARTESIAN_POINT ( 'NONE',  ( 3.900474135790768000, 0.08061918535140891200, 0.8506512677018074300 ) ) ;
#1763 = CARTESIAN_POINT ( 'NONE',  ( 1.715216414786608200, 0.3052766615286772200, -1.950631074485612300 ) ) ;
#1764 = SPHERICAL_SURFACE ( 'NONE', #1700, 17.05030600689261200 ) ;
#1765 = ORIENTED_EDGE ( 'NONE', *, *, #1052, .F. ) ;
#1766 = B_SPLINE_CURVE_WITH_KNOTS ( 'NONE', 3,
 ( #2688, #779, #786, #2316 ),
 .UNSPECIFIED., .F., .F.,
 ( 4, 4 ),
 ( 2.038510064939662000E-007, 8.029687228854618200E-005 ),
 .UNSPECIFIED. ) ;
#1767 = CARTESIAN_POINT ( 'NONE',  ( -4.184782840622305300, 0.1109743212122548800, 0.05000000000000000300 ) ) ;
#1768 = CARTESIAN_POINT ( 'NONE',  ( 2.691081501931089400E-015, 0.1114853205891338700, -4.184887761941087800 ) ) ;
#1769 = CARTESIAN_POINT ( 'NONE',  ( 0.05000000000001438700, 0.1571466956719614300, -4.121283944379609200 ) ) ;
#1770 = CARTESIAN_POINT ( 'NONE',  ( 4.015457571399240400, 0.04133736138351488300, 3.167819287783089800E-014 ) ) ;
#1771 = EDGE_CURVE ( 'NONE', #1136, #1332, #697, .T. ) ;
#1772 = VERTEX_POINT ( 'NONE', #2812 ) ;
#1773 = B_SPLINE_CURVE_WITH_KNOTS ( 'NONE', 3,
 ( #1139, #1161, #1077, #1067 ),
 .UNSPECIFIED., .F., .F.,
 ( 4, 4 ),
 ( 4.121924601387345700E-006, 0.0009236327365027982800 ),
 .UNSPECIFIED. ) ;
#1774 = ADVANCED_FACE ( 'NONE', ( #1877 ), #1739, .F. ) ;
#1775 = B_SPLINE_CURVE_WITH_KNOTS ( 'NONE', 3,
 ( #775, #857, #660, #646 ),
 .UNSPECIFIED., .F., .F.,
 ( 4, 4 ),
 ( 2.030079286873249800E-007, 0.0001877456117376348400 ),
 .UNSPECIFIED. ) ;
#1776 = ORIENTED_EDGE ( 'NONE', *, *, #745, .T. ) ;
#1777 = CYLINDRICAL_SURFACE ( 'NONE', #204, 0.03874031597854085700 ) ;
#1778 = ORIENTED_EDGE ( 'NONE', *, *, #461, .T. ) ;
#1779 = LINE ( 'NONE', #1420, #1108 ) ;
#1780 = CARTESIAN_POINT ( 'NONE',  ( 0.04999999999995660700, 0.1251769282002746500, 4.143164210601103300 ) ) ;
#1781 = VERTEX_POINT ( 'NONE', #2561 ) ;
#1782 = CARTESIAN_POINT ( 'NONE',  ( -3.900474135790770200, 0.08061918535140880100, 0.8506512677018000000 ) ) ;
#1783 = EDGE_CURVE ( 'NONE', #2267, #687, #489, .T. ) ;
#1784 = CARTESIAN_POINT ( 'NONE',  ( 2.437279227434775700, 0.1938686196675324100, -1.348320614098459600 ) ) ;
#1785 = EDGE_LOOP ( 'NONE', ( #2767, #1940, #2730 ) ) ;
#1786 = ORIENTED_EDGE ( 'NONE', *, *, #67, .T. ) ;
#1787 = ORIENTED_EDGE ( 'NONE', *, *, #483, .F. ) ;
#1788 = ORIENTED_EDGE ( 'NONE', *, *, #1274, .T. ) ;
#1789 = DIRECTION ( 'NONE',  ( 0.0000000000000000000, 0.0000000000000000000, 1.000000000000000000 ) ) ;
#1790 = CARTESIAN_POINT ( 'NONE',  ( 0.0000000000000000000, 0.2088540056697230100, 0.0000000000000000000 ) ) ;
#1791 = ADVANCED_FACE ( 'NONE', ( #1801 ), #1764, .F. ) ;
#1792 = CARTESIAN_POINT ( 'NONE',  ( 1.514167571008300200, 0.2878633091074835900, -2.220411550105354500 ) ) ;
#1793 = DIRECTION ( 'NONE',  ( -3.491481338843133400E-015, 0.0000000000000000000, 1.000000000000000000 ) ) ;
#1794 = AXIS2_PLACEMENT_3D ( 'NONE', #2175, #394, #2597 ) ;
#1795 = CARTESIAN_POINT ( 'NONE',  ( 0.8481086200087518700, 0.0005404270053838691400, -3.923735702127702400 ) ) ;
#1796 = ORIENTED_EDGE ( 'NONE', *, *, #2293, .F. ) ;
#1797 = DIRECTION ( 'NONE',  ( -1.000000000000000000, -0.0000000000000000000, -1.047444401652940000E-014 ) ) ;
#1798 = ORIENTED_EDGE ( 'NONE', *, *, #1976, .T. ) ;
#1799 = EDGE_CURVE ( 'NONE', #1772, #2449, #2271, .T. ) ;
#1800 = UNCERTAINTY_MEASURE_WITH_UNIT (LENGTH_MEASURE( 1.000000000000000100E-005 ), #1751, 'distance_accuracy_value', 'NONE');
#1801 = FACE_OUTER_BOUND ( 'NONE', #174, .T. ) ;
#1802 = EDGE_CURVE ( 'NONE', #446, #1378, #1804, .T. ) ;
#1803 = CARTESIAN_POINT ( 'NONE',  ( 4.199702367158963100, 0.03290740378530646700, 0.04999999908443020900 ) ) ;
#1804 = LINE ( 'NONE', #2360, #1663 ) ;
#1805 = AXIS2_PLACEMENT_3D ( 'NONE', #1703, #1755, #1693 ) ;
#1806 = CARTESIAN_POINT ( 'NONE',  ( -4.184851051630992900, 0.1111566406146571300, -0.04037480492287992600 ) ) ;
#1807 = CARTESIAN_POINT ( 'NONE',  ( -2.220411550105380700, 0.2878633091076170400, 1.514167571008280700 ) ) ;
#1808 = ORIENTED_EDGE ( 'NONE', *, *, #2775, .T. ) ;
#1809 = ORIENTED_EDGE ( 'NONE', *, *, #2296, .F. ) ;
#1810 = CARTESIAN_POINT ( 'NONE',  ( 0.04999999999995784200, 0.08363468286058627100, 4.024869195423582900 ) ) ;
#1811 = CARTESIAN_POINT ( 'NONE',  ( -0.8340242249366298700, 0.1114853205891338200, 4.101034757479669500 ) ) ;
#1812 = ORIENTED_EDGE ( 'NONE', *, *, #1879, .F. ) ;
#1813 = CONICAL_SURFACE ( 'NONE', #933, 4.184982973661599100, 1.398248548160331100 ) ;
#1814 = B_SPLINE_CURVE_WITH_KNOTS ( 'NONE', 3,
 ( #1402, #1397, #1369, #1343, #1302, #1293, #1282 ),
 .UNSPECIFIED., .F., .F.,
 ( 4, 3, 4 ),
 ( 0.0001765609840393114100, 0.0003313061597034297500, 0.0003537668568279532500 ),
 .UNSPECIFIED. ) ;
#1815 = CIRCLE ( 'NONE', #2496, 3.979604471623006600 ) ;
#1816 = EDGE_CURVE ( 'NONE', #1510, #2546, #2437, .T. ) ;
#1817 = VERTEX_POINT ( 'NONE', #2245 ) ;
#1818 = CARTESIAN_POINT ( 'NONE',  ( 0.8506689116232938300, 0.0001006543143247841900, -3.900261362806481300 ) ) ;
#1819 = ADVANCED_FACE ( 'NONE', ( #1587 ), #1530, .F. ) ;
#1821 = ORIENTED_EDGE ( 'NONE', *, *, #2121, .T. ) ;
#1820 = CARTESIAN_POINT ( 'NONE',  ( 0.04999999999995776600, 0.08492003398584664600, 4.032244934691112400 ) ) ;
#1822 = ORIENTED_EDGE ( 'NONE', *, *, #2389, .T. ) ;
#1823 = ORIENTED_EDGE ( 'NONE', *, *, #1291, .T. ) ;
#1824 = EDGE_CURVE ( 'NONE', #1678, #1330, #2062, .T. ) ;
#1825 = CARTESIAN_POINT ( 'NONE',  ( -4.184792550220576500, 0.1114853205891335600, -0.03992244300933110000 ) ) ;
#1826 = CARTESIAN_POINT ( 'NONE',  ( 1.950631074485614300, 0.3052766615286775000, 1.715216414786622000 ) ) ;
#1827 = DIRECTION ( 'NONE',  ( -0.0000000000000000000, -1.000000000000000000, -0.0000000000000000000 ) ) ;
#1828 = DIRECTION ( 'NONE',  ( 0.0000000000000000000, 0.0000000000000000000, -1.000000000000000000 ) ) ;
#1829 = EDGE_CURVE ( 'NONE', #40, #1136, #1461, .T. ) ;
#1830 = CARTESIAN_POINT ( 'NONE',  ( 7.373787841020134700E-014, 0.04133736138351488300, -4.015457571399240400 ) ) ;
#1831 = PRESENTATION_LAYER_ASSIGNMENT (  '', '', ( #1680 ) ) ;
#1832 = B_SPLINE_CURVE_WITH_KNOTS ( 'NONE', 3,
 ( #1167, #1132, #1304, #1313 ),
 .UNSPECIFIED., .F., .F.,
 ( 4, 4 ),
 ( 0.0000000000000000000, 1.000000000000000000 ),
 .UNSPECIFIED. ) ;
#1833 = VERTEX_POINT ( 'NONE', #2274 ) ;
#1834 = CARTESIAN_POINT ( 'NONE',  ( -0.05000000000004382900, 0.1109789604686254200, 4.184781053398891600 ) ) ;
#1835 = ORIENTED_EDGE ( 'NONE', *, *, #2441, .F. ) ;
#1836 = ORIENTED_EDGE ( 'NONE', *, *, #1910, .T. ) ;
#1837 = CARTESIAN_POINT ( 'NONE',  ( -4.101034757479669500, 0.1114853205891338200, 0.8340242249366313100 ) ) ;
#1838 = CARTESIAN_POINT ( 'NONE',  ( 0.8506512677017980000, 0.08061918535140882900, -3.900474135790770200 ) ) ;
#1839 = CARTESIAN_POINT ( 'NONE',  ( 0.04999999999995723100, 0.09377558662366934600, 4.083060813747689400 ) ) ;
#1840 = B_SPLINE_CURVE_WITH_KNOTS ( 'NONE', 3,
 ( #2392, #1276, #197, #1729 ),
 .UNSPECIFIED., .F., .F.,
 ( 4, 4 ),
 ( 0.0000000000000000000, 0.0001868724084196151900 ),
 .UNSPECIFIED. ) ;
#1841 = CARTESIAN_POINT ( 'NONE',  ( 0.8676873714334585300, 0.1035895046802100400, -3.748761468850977600 ) ) ;
#1842 = CARTESIAN_POINT ( 'NONE',  ( -0.8340242249366298700, 0.1114853205891338200, 4.101034757479669500 ) ) ;
#1843 = CARTESIAN_POINT ( 'NONE',  ( -0.8504425372923673000, -0.0006210489105431605300, -3.902050343019364500 ) ) ;
#1844 = ORIENTED_EDGE ( 'NONE', *, *, #187, .T. ) ;
#1845 = VERTEX_POINT ( 'NONE', #2050 ) ;
#1846 = ORIENTED_EDGE ( 'NONE', *, *, #2246, .F. ) ;
#1847 = CIRCLE ( 'NONE', #284, 2.674999999999999800 ) ;
#1848 = CARTESIAN_POINT ( 'NONE',  ( 0.8946245184233121400, 0.1257797841200312400, -3.599084704675887400 ) ) ;
#1849 = VERTEX_POINT ( 'NONE', #2109 ) ;
#1850 = FACE_OUTER_BOUND ( 'NONE', #582, .T. ) ;
#1851 = DIRECTION ( 'NONE',  ( 0.9635405794048300700, -0.04595402684461347100, 0.2635863791188172200 ) ) ;
#1852 = B_SPLINE_CURVE_WITH_KNOTS ( 'NONE', 3,
 ( #1342, #1091, #917, #1435 ),
 .UNSPECIFIED., .F., .F.,
 ( 4, 4 ),
 ( 0.0002567370076382205100, 0.0003018589985237340800 ),
 .UNSPECIFIED. ) ;
#1853 = AXIS2_PLACEMENT_3D ( 'NONE', #2225, #2207, #2197 ) ;
#1854 = CARTESIAN_POINT ( 'NONE',  ( 0.9681359021982063300, 0.1680424454307612200, -3.303686331902856200 ) ) ;
#1855 = VERTEX_POINT ( 'NONE', #1972 ) ;
#1856 = B_SPLINE_CURVE_WITH_KNOTS ( 'NONE', 3,
 ( #2621, #995, #2101, #2402 ),
 .UNSPECIFIED., .F., .F.,
 ( 4, 4 ),
 ( 4.121924601380337300E-006, 0.0009236327365027255300 ),
 .UNSPECIFIED. ) ;
#1857 = EDGE_CURVE ( 'NONE', #276, #2546, #460, .T. ) ;
#1858 = ORIENTED_EDGE ( 'NONE', *, *, #1446, .F. ) ;
#1859 = ORIENTED_EDGE ( 'NONE', *, *, #1474, .F. ) ;
#1860 = ORIENTED_EDGE ( 'NONE', *, *, #311, .F. ) ;
#1861 = DIRECTION ( 'NONE',  ( -0.0000000000000000000, -1.000000000000000000, -0.0000000000000000000 ) ) ;
#1862 = AXIS2_PLACEMENT_3D ( 'NONE', #720, #2556, #753 ) ;
#1863 = LINE ( 'NONE', #2020, #1366 ) ;
#1864 = EDGE_CURVE ( 'NONE', #2256, #724, #1455, .T. ) ;
#1865 = VERTEX_POINT ( 'NONE', #1986 ) ;
#1866 = CARTESIAN_POINT ( 'NONE',  ( 0.04999999999995617000, 0.1109743212122548500, 4.184782840622305300 ) ) ;
#1867 = CARTESIAN_POINT ( 'NONE',  ( -0.8373082540675356200, 0.1011463160630056400, 4.039828707302981500 ) ) ;
#1868 = DIRECTION ( 'NONE',  ( 0.0000000000000000000, 1.000000000000000000, 0.0000000000000000000 ) ) ;
#1869 = DIRECTION ( 'NONE',  ( 1.000000000000000000, -0.0000000000000000000, 3.491481338843133400E-015 ) ) ;
#1870 = CARTESIAN_POINT ( 'NONE',  ( 1.015070034319050400, 0.1882045409787684600, -3.157248564269590700 ) ) ;
#1871 = CARTESIAN_POINT ( 'NONE',  ( 0.0000000000000000000, 0.03290740435338894400, 0.0000000000000000000 ) ) ;
#1872 = VERTEX_POINT ( 'NONE', #1811 ) ;
#1873 = CARTESIAN_POINT ( 'NONE',  ( 4.184782840622305300, 0.1109743212122548800, -0.05000000000000000300 ) ) ;
#1874 = CARTESIAN_POINT ( 'NONE',  ( -0.04982041766165226600, 0.07215159023128729600, 4.192204019208629600 ) ) ;
#1875 = DIRECTION ( 'NONE',  ( 0.0000000000000000000, 0.0000000000000000000, 1.000000000000000000 ) ) ;
#1876 = AXIS2_PLACEMENT_3D ( 'NONE', #1654, #1612, #2257 ) ;
#1877 = FACE_OUTER_BOUND ( 'NONE', #376, .T. ) ;
#1878 = CARTESIAN_POINT ( 'NONE',  ( -4.184969952073514900, 0.1104886192091032300, -0.04127146974580426400 ) ) ;
#1879 = EDGE_CURVE ( 'NONE', #1325, #1510, #1458, .T. ) ;
#1880 = ORIENTED_EDGE ( 'NONE', *, *, #1474, .T. ) ;
#1881 = FACE_OUTER_BOUND ( 'NONE', #1319, .T. ) ;
#1882 = LINE ( 'NONE', #2213, #133 ) ;
#1883 = ORIENTED_EDGE ( 'NONE', *, *, #2052, .T. ) ;
#1884 = ORIENTED_EDGE ( 'NONE', *, *, #371, .F. ) ;
#1885 = CARTESIAN_POINT ( 'NONE',  ( 0.04999999999995671100, 0.1026311642056875500, 4.133876688457309700 ) ) ;
#1886 = CARTESIAN_POINT ( 'NONE',  ( 4.197202920312100200, 0.04598879974242017800, 0.04994013930849656300 ) ) ;
#1887 = CARTESIAN_POINT ( 'NONE',  ( -4.060383975482992900, 0.08982374648671620500, -0.05000000000000000300 ) ) ;
#1888 = EDGE_LOOP ( 'NONE', ( #338, #2058, #1521, #1594 ) ) ;
#1889 = CARTESIAN_POINT ( 'NONE',  ( -4.116519250091140100, 0.03290740435339244200, -0.8332282182147016100 ) ) ;
#1890 = DIRECTION ( 'NONE',  ( 0.9645595829061068800, 0.0000000000000000000, 0.2638651379473934100 ) ) ;
#1891 = B_SPLINE_CURVE_WITH_KNOTS ( 'NONE', 3,
 ( #850, #899, #931, #963 ),
 .UNSPECIFIED., .F., .F.,
 ( 4, 4 ),
 ( 3.342344092778386700E-007, 2.020875504361977900E-006 ),
 .UNSPECIFIED. ) ;
#1892 = AXIS2_PLACEMENT_3D ( 'NONE', #340, #1193, #1875 ) ;
#1893 = ORIENTED_EDGE ( 'NONE', *, *, #615, .F. ) ;
#1894 = ORIENTED_EDGE ( 'NONE', *, *, #302, .T. ) ;
#1895 = ORIENTED_EDGE ( 'NONE', *, *, #676, .F. ) ;
#1896 = EDGE_LOOP ( 'NONE', ( #2301, #2828, #2400, #743, #1200 ) ) ;
#1897 = DIRECTION ( 'NONE',  ( 0.0000000000000000000, -0.1568886798230270100, -0.9876162929718138600 ) ) ;
#1898 = VERTEX_POINT ( 'NONE', #1767 ) ;
#1899 = EDGE_CURVE ( 'NONE', #919, #1510, #1381, .T. ) ;
#1900 = CARTESIAN_POINT ( 'NONE',  ( 0.0000000000000000000, 0.03290740435338894400, 0.0000000000000000000 ) ) ;
#1901 = CARTESIAN_POINT ( 'NONE',  ( -4.116519250091139200, 0.03290740435339194200, 0.8332282182146938400 ) ) ;
#1902 = CIRCLE ( 'NONE', #104, 4.008584642453308300 ) ;
#1903 = CARTESIAN_POINT ( 'NONE',  ( -0.8409305978915309100, 0.01215527432988685800, 3.993432610677010600 ) ) ;
#1904 = CARTESIAN_POINT ( 'NONE',  ( 0.8472487804023528500, 0.001931744208480833900, -3.932084542713828700 ) ) ;
#1905 = EDGE_CURVE ( 'NONE', #536, #1539, #414, .T. ) ;
#1906 = CARTESIAN_POINT ( 'NONE',  ( -0.8521565073312545900, 0.001609881913664683300, -3.887297395051584100 ) ) ;
#1907 = DIRECTION ( 'NONE',  ( 0.0000000000000000000, 0.0000000000000000000, -1.000000000000000000 ) ) ;
#1908 = ORIENTED_EDGE ( 'NONE', *, *, #2346, .F. ) ;
#1909 = CARTESIAN_POINT ( 'NONE',  ( 1.182692899981158300, 0.2428009866234364900, -2.733012864235782500 ) ) ;
#1910 = EDGE_CURVE ( 'NONE', #1221, #1865, #1340, .T. ) ;
#1911 = CARTESIAN_POINT ( 'NONE',  ( -0.04999999908440726200, 0.03290740378530646000, -4.199702367158963900 ) ) ;
#1912 = ORIENTED_EDGE ( 'NONE', *, *, #2078, .T. ) ;
#1913 = EDGE_CURVE ( 'NONE', #2739, #609, #2648, .T. ) ;
#1914 = ORIENTED_EDGE ( 'NONE', *, *, #349, .T. ) ;
#1915 = PLANE ( 'NONE',  #1163 ) ;
#1916 = DIRECTION ( 'NONE',  ( -0.0000000000000000000, -1.000000000000000000, -0.0000000000000000000 ) ) ;
#1917 = CARTESIAN_POINT ( 'NONE',  ( -1.538267723904712900, 0.2088540056699248500, 2.188460054374529800 ) ) ;
#1918 = VERTEX_POINT ( 'NONE', #1414 ) ;
#1919 = CARTESIAN_POINT ( 'NONE',  ( 0.04982041766168154200, 0.07215159023128729600, -4.192204019208628700 ) ) ;
#1920 = FACE_OUTER_BOUND ( 'NONE', #594, .T. ) ;
#1921 = CARTESIAN_POINT ( 'NONE',  ( 0.0000000000000000000, 0.1299999999999995000, -4.000000000000000000 ) ) ;
#1922 = CARTESIAN_POINT ( 'NONE',  ( -4.569808805528771500E-014, 0.04133736138351488300, 4.015457571399240400 ) ) ;
#1923 = ADVANCED_FACE ( 'NONE', ( #996 ), #870, .T. ) ;
#1924 = DIRECTION ( 'NONE',  ( 0.2635863791188071700, -0.04595402684461346400, -0.9635405794048328400 ) ) ;
#1925 = ORIENTED_EDGE ( 'NONE', *, *, #2796, .F. ) ;
#1926 = LINE ( 'NONE', #2700, #1320 ) ;
#1927 = EDGE_LOOP ( 'NONE', ( #1472, #1747, #412, #1601, #505, #2777, #630, #2778, #937 ) ) ;
#1928 = VERTEX_POINT ( 'NONE', #1251 ) ;
#1929 = CARTESIAN_POINT ( 'NONE',  ( -4.184781053398891600, 0.1109789604686253300, -0.05000000000000000300 ) ) ;
#1930 = EDGE_CURVE ( 'NONE', #687, #429, #2609, .T. ) ;
#1931 = CARTESIAN_POINT ( 'NONE',  ( 0.03321425168392993400, 0.07218488682364215800, -4.192395004173787900 ) ) ;
#1932 = VERTEX_POINT ( 'NONE', #1305 ) ;
#1933 = DIRECTION ( 'NONE',  ( 0.0000000000000000000, 0.0000000000000000000, 1.000000000000000000 ) ) ;
#1934 = ADVANCED_FACE ( 'NONE', ( #929 ), #804, .T. ) ;
#1935 = CARTESIAN_POINT ( 'NONE',  ( 4.184969952073514900, 0.1104886192091032300, 0.04127146974580426400 ) ) ;
#1936 = EDGE_CURVE ( 'NONE', #2424, #2230, #2554, .T. ) ;
#1937 = CARTESIAN_POINT ( 'NONE',  ( 4.015457571399240400, 0.04133736138351488300, 3.167819287783089800E-014 ) ) ;
#1938 = CARTESIAN_POINT ( 'NONE',  ( 0.8493683841944541500, 0.07979981944286272700, -3.912031851657039800 ) ) ;
#1939 = B_SPLINE_CURVE_WITH_KNOTS ( 'NONE', 3,
 ( #2185, #620, #188, #1720, #415, #1954, #633 ),
 .UNSPECIFIED., .F., .F.,
 ( 4, 3, 4 ),
 ( 0.0003071717482055248400, 0.0003313061597034025400, 0.0004843776209941825400 ),
 .UNSPECIFIED. ) ;
#1940 = ORIENTED_EDGE ( 'NONE', *, *, #2124, .T. ) ;
#1941 = DIRECTION ( 'NONE',  ( -1.000000000000000000, 0.0000000000000000000, 0.0000000000000000000 ) ) ;
#1942 = AXIS2_PLACEMENT_3D ( 'NONE', #1471, #1241, #1239 ) ;
#1943 = CARTESIAN_POINT ( 'NONE',  ( -4.192204019208628700, 0.07215159023128715800, -0.04982041766163739600 ) ) ;
#1944 = CARTESIAN_POINT ( 'NONE',  ( -4.194703469916770900, 0.05907019501694040600, -0.04988027852928831500 ) ) ;
#1945 = DIRECTION ( 'NONE',  ( 0.0000000000000000000, 0.0000000000000000000, -1.000000000000000000 ) ) ;
#1946 = CARTESIAN_POINT ( 'NONE',  ( 1.514167571008300200, 0.2878633091074835900, -2.220411550105354500 ) ) ;
#1947 = CARTESIAN_POINT ( 'NONE',  ( -4.121283944379609200, 0.1571466956719614300, -0.05000000000000000300 ) ) ;
#1948 = CARTESIAN_POINT ( 'NONE',  ( 1.181131720256640300, 0.2424776005148901200, 2.735917408740820500 ) ) ;
#1949 = DIRECTION ( 'NONE',  ( 0.0000000000000000000, 0.0000000000000000000, -1.000000000000000000 ) ) ;
#1950 = CARTESIAN_POINT ( 'NONE',  ( 4.184911571362234500, 0.1104779398331871300, 0.04709058919696086600 ) ) ;
#1951 = VERTEX_POINT ( 'NONE', #1110 ) ;
#1952 = B_SPLINE_CURVE_WITH_KNOTS ( 'NONE', 3,
 ( #1064, #2372, #1718, #1904 ),
 .UNSPECIFIED., .F., .F.,
 ( 4, 4 ),
 ( 2.030079286873238700E-007, 0.0001877456117376568300 ),
 .UNSPECIFIED. ) ;
#1953 = DIRECTION ( 'NONE',  ( -0.0000000000000000000, -1.000000000000000000, -0.0000000000000000000 ) ) ;
#1954 = CARTESIAN_POINT ( 'NONE',  ( 0.05000000000001417900, 0.08982374648671634400, -4.060383975482992900 ) ) ;
#1955 = AXIS2_PLACEMENT_3D ( 'NONE', #2188, #834, #2394 ) ;
#1956 = CONICAL_SURFACE ( 'NONE', #525, 3.992155566008849000, 1.413256800722692700 ) ;
#1957 = CARTESIAN_POINT ( 'NONE',  ( 0.0000000000000000000, 0.07220153539475146500, -4.192490498233341100 ) ) ;
#1958 = CARTESIAN_POINT ( 'NONE',  ( 4.184969952073514900, 0.1104886192091032300, -0.04127146974580423600 ) ) ;
#1959 = ADVANCED_FACE ( 'NONE', ( #932 ), #894, .F. ) ;
#1960 = ORIENTED_EDGE ( 'NONE', *, *, #1713, .T. ) ;
#1961 = ORIENTED_EDGE ( 'NONE', *, *, #987, .T. ) ;
#1962 = CARTESIAN_POINT ( 'NONE',  ( -4.184792550220577400, 0.1114853205891294400, 0.03992244300944593900 ) ) ;
#1963 = CIRCLE ( 'NONE', #368, 17.05030600689261200 ) ;
#1964 = ORIENTED_EDGE ( 'NONE', *, *, #371, .T. ) ;
#1965 = SURFACE_STYLE_FILL_AREA ( #1084 ) ;
#1966 = CARTESIAN_POINT ( 'NONE',  ( -4.192204019208627800, 0.07215159023128706100, 0.04982041766165790800 ) ) ;
#1967 = ORIENTED_EDGE ( 'NONE', *, *, #572, .F. ) ;
#1968 = B_SPLINE_CURVE_WITH_KNOTS ( 'NONE', 3,
 ( #1607, #1611, #1697, #1643, #1442, #2071 ),
 .UNSPECIFIED., .F., .F.,
 ( 4, 2, 4 ),
 ( 1.332256669127718600E-006, 0.0009305990477319520200, 0.001859865838794776300 ),
 .UNSPECIFIED. ) ;
#1969 = CARTESIAN_POINT ( 'NONE',  ( -4.192204019208628700, 0.07215159023128715800, -0.04982041766163739600 ) ) ;
#1970 = EDGE_CURVE ( 'NONE', #1516, #1865, #902, .T. ) ;
#1971 = ORIENTED_EDGE ( 'NONE', *, *, #1052, .T. ) ;
#1972 = CARTESIAN_POINT ( 'NONE',  ( 0.8472487804023528500, 0.001931744208480833900, -3.932084542713828700 ) ) ;
#1973 = CARTESIAN_POINT ( 'NONE',  ( -3.917697766902402900, 0.08074247352993650700, 0.8487608867757998600 ) ) ;
#1974 = ORIENTED_EDGE ( 'NONE', *, *, #1754, .F. ) ;
#1975 = ORIENTED_EDGE ( 'NONE', *, *, #700, .T. ) ;
#1976 = EDGE_CURVE ( 'NONE', #2660, #1516, #991, .T. ) ;
#1977 = COLOUR_RGB ( '',0.8000000000000000400, 0.8039215686274510100, 0.8000000000000000400 ) ;
#1978 = CARTESIAN_POINT ( 'NONE',  ( -4.192204019208628700, 0.07215159023128715800, -0.04982041766163739600 ) ) ;
#1979 = CARTESIAN_POINT ( 'NONE',  ( 1.329829876821967000, 0.2718973519149015000, -2.467767913253965200 ) ) ;
#1980 = B_SPLINE_CURVE_WITH_KNOTS ( 'NONE', 3,
 ( #1699, #176, #607, #2170 ),
 .UNSPECIFIED., .F., .F.,
 ( 4, 4 ),
 ( 1.225099366705938400E-006, 0.0001877049748519476900 ),
 .UNSPECIFIED. ) ;
#1981 = DIRECTION ( 'NONE',  ( 0.0000000000000000000, 0.0000000000000000000, -1.000000000000000000 ) ) ;
#1982 = PLANE ( 'NONE',  #766 ) ;
#1983 = DIRECTION ( 'NONE',  ( 0.8252324913765745100, 0.5647931791164017000, 0.0000000000000000000 ) ) ;
#1984 = DIRECTION ( 'NONE',  ( 0.1752348861828323100, -0.9845266551315357000, -0.0000000000000000000 ) ) ;
#1985 =( NAMED_UNIT ( * ) SI_UNIT ( $, .STERADIAN. ) SOLID_ANGLE_UNIT ( ) );
#1986 = CARTESIAN_POINT ( 'NONE',  ( -0.05000000000004380100, 0.1285260496614448700, 4.181759488389395200 ) ) ;
#1987 = DIRECTION ( 'NONE',  ( -0.9845266551315357000, -0.1752348861828323400, 0.0000000000000000000 ) ) ;
#1988 = ORIENTED_EDGE ( 'NONE', *, *, #1899, .F. ) ;
#1989 = EDGE_LOOP ( 'NONE', ( #1786, #107, #2262, #618, #843 ) ) ;
#1990 = AXIS2_PLACEMENT_3D ( 'NONE', #526, #811, #2752 ) ;
#1991 = CARTESIAN_POINT ( 'NONE',  ( 0.0000000000000000000, 0.001931744220632757700, 0.0000000000000000000 ) ) ;
#1992 = ORIENTED_EDGE ( 'NONE', *, *, #1910, .F. ) ;
#1993 = B_SPLINE_CURVE_WITH_KNOTS ( 'NONE', 3,
 ( #1690, #1701, #1903, #1465 ),
 .UNSPECIFIED., .F., .F.,
 ( 4, 4 ),
 ( 2.030079286873238700E-007, 0.0001877456117376542000 ),
 .UNSPECIFIED. ) ;
#1994 = CARTESIAN_POINT ( 'NONE',  ( -2.188460054374511200, 0.2088540056699245400, -1.538267723904740400 ) ) ;
#1995 = EDGE_CURVE ( 'NONE', #783, #451, #1775, .T. ) ;
#1996 = ORIENTED_EDGE ( 'NONE', *, *, #382, .T. ) ;
#1997 = ADVANCED_FACE ( 'NONE', ( #795 ), #439, .F. ) ;
#1998 = MECHANICAL_DESIGN_GEOMETRIC_PRESENTATION_REPRESENTATION (  '', ( #1680 ), #2151 ) ;
#1999 = VERTEX_POINT ( 'NONE', #580 ) ;
#2000 = CARTESIAN_POINT ( 'NONE',  ( 3.579825215402688200, 0.04810561718385727300, 0.8878780529410182900 ) ) ;
#2001 = DIRECTION ( 'NONE',  ( -3.491481338843133400E-015, 0.0000000000000000000, 1.000000000000000000 ) ) ;
#2002 = ORIENTED_EDGE ( 'NONE', *, *, #1312, .F. ) ;
#2003 = ORIENTED_EDGE ( 'NONE', *, *, #450, .T. ) ;
#2004 = FACE_OUTER_BOUND ( 'NONE', #52, .T. ) ;
#2005 = B_SPLINE_CURVE_WITH_KNOTS ( 'NONE', 3,
 ( #1906, #1843, #1649, #1626 ),
 .UNSPECIFIED., .F., .F.,
 ( 4, 4 ),
 ( 0.0002567370076382215400, 0.0003018589985237341900 ),
 .UNSPECIFIED. ) ;
#2006 = ORIENTED_EDGE ( 'NONE', *, *, #2224, .T. ) ;
#2007 = CARTESIAN_POINT ( 'NONE',  ( -2.437058995850742300, 0.1938818833371133700, -1.348488737609048900 ) ) ;
#2008 = CARTESIAN_POINT ( 'NONE',  ( -3.993432610677008800, 0.01215527432988685800, -0.8409305978915405700 ) ) ;
#2009 = CARTESIAN_POINT ( 'NONE',  ( 0.8846940760716185400, 0.1265201842782002500, 3.597310611474736000 ) ) ;
#2010 = CARTESIAN_POINT ( 'NONE',  ( -4.184910196864196400, 0.1108243434341094800, -0.04082447667458511500 ) ) ;
#2011 = CARTESIAN_POINT ( 'NONE',  ( 0.04982041766164326700, 0.07215159023128706100, 4.192204019208627800 ) ) ;
#2012 = AXIS2_PLACEMENT_3D ( 'NONE', #2099, #2095, #2091 ) ;
#2013 = EDGE_LOOP ( 'NONE', ( #329, #910, #2484, #2598 ) ) ;
#2014 = EDGE_CURVE ( 'NONE', #1311, #609, #643, .T. ) ;
#2015 = DIRECTION ( 'NONE',  ( 1.000000000000000000, 0.0000000000000000000, -0.0000000000000000000 ) ) ;
#2016 = CARTESIAN_POINT ( 'NONE',  ( 2.704975497759198400, 0.1650778205255920300, -1.196424793891185600 ) ) ;
#2017 = AXIS2_PLACEMENT_3D ( 'NONE', #1126, #1575, #1172 ) ;
#2018 = CARTESIAN_POINT ( 'NONE',  ( -4.184969952073514900, 0.1104886192091032300, -0.04127146974580426400 ) ) ;
#2019 = EDGE_CURVE ( 'NONE', #2230, #451, #566, .T. ) ;
#2020 = CARTESIAN_POINT ( 'NONE',  ( 4.008197674376418700, 0.07974989584046786300, 0.05000000000000000300 ) ) ;
#2021 = EDGE_LOOP ( 'NONE', ( #76, #545, #608, #1065 ) ) ;
#2022 = ORIENTED_EDGE ( 'NONE', *, *, #734, .T. ) ;
#2023 = EDGE_CURVE ( 'NONE', #1083, #1221, #1160, .T. ) ;
#2024 = ORIENTED_EDGE ( 'NONE', *, *, #138, .T. ) ;
#2025 = DIRECTION ( 'NONE',  ( 0.0000000000000000000, 0.0000000000000000000, -1.000000000000000000 ) ) ;
#2026 = ORIENTED_EDGE ( 'NONE', *, *, #889, .T. ) ;
#2027 =( BOUNDED_CURVE ( )  B_SPLINE_CURVE ( 3, ( #1874, #689, #669, #2011 ),
 .UNSPECIFIED., .F., .F. ) 
 B_SPLINE_CURVE_WITH_KNOTS ( ( 4, 4 ),
 ( 3.130098698723542800, 3.153086608456042500 ),
 .UNSPECIFIED. ) 
 CURVE ( )  GEOMETRIC_REPRESENTATION_ITEM ( )  RATIONAL_B_SPLINE_CURVE ( ( 1.000000000000000000, 0.9999559634853231200, 0.9999559634853231200, 1.000000000000000000 ) ) 
 REPRESENTATION_ITEM ( '' )  );
#2028 = CIRCLE ( 'NONE', #496, 4.022327603132236400 ) ;
#2029 = CARTESIAN_POINT ( 'NONE',  ( -0.8422229527424354200, 0.09088738945602103900, 3.978674783388806500 ) ) ;
#2030 = ORIENTED_EDGE ( 'NONE', *, *, #54, .T. ) ;
#2031 = FACE_OUTER_BOUND ( 'NONE', #442, .T. ) ;
#2032 = CARTESIAN_POINT ( 'NONE',  ( -3.887297395051585900, 0.001609881913664841100, 0.8521565073312437100 ) ) ;
#2033 = ORIENTED_EDGE ( 'NONE', *, *, #167, .T. ) ;
#2034 = EDGE_CURVE ( 'NONE', #1325, #1849, #1686, .T. ) ;
#2035 = CARTESIAN_POINT ( 'NONE',  ( -0.8487608867758108500, 0.08074247352993652000, -3.917697766902400700 ) ) ;
#2036 = ORIENTED_EDGE ( 'NONE', *, *, #2353, .T. ) ;
#2037 = ADVANCED_FACE ( 'NONE', ( #434 ), #648, .T. ) ;
#2038 = CARTESIAN_POINT ( 'NONE',  ( -4.184942278865279700, 0.1104832795211453300, -0.04418104336897303600 ) ) ;
#2039 = B_SPLINE_CURVE_WITH_KNOTS ( 'NONE', 3,
 ( #1866, #1885, #1839, #1820, #1810, #1757, #1748 ),
 .UNSPECIFIED., .F., .F.,
 ( 4, 3, 4 ),
 ( 0.0001765609840393114100, 0.0003313061597034297500, 0.0003537668568279560700 ),
 .UNSPECIFIED. ) ;
#2040 = EDGE_CURVE ( 'NONE', #2314, #1678, #1560, .T. ) ;
#2041 = ORIENTED_EDGE ( 'NONE', *, *, #595, .T. ) ;
#2042 = AXIS2_PLACEMENT_3D ( 'NONE', #381, #1685, #925 ) ;
#2043 = DIRECTION ( 'NONE',  ( 0.0000000000000000000, 0.0000000000000000000, -1.000000000000000000 ) ) ;
#2044 = FACE_OUTER_BOUND ( 'NONE', #2419, .T. ) ;
#2045 = EDGE_LOOP ( 'NONE', ( #179, #2491, #2527, #2670 ) ) ;
#2046 = ORIENTED_EDGE ( 'NONE', *, *, #1913, .F. ) ;
#2047 = CARTESIAN_POINT ( 'NONE',  ( -1.950631074485635400, 0.3052766615286745500, 1.715216414786587200 ) ) ;
#2048 = VECTOR ( 'NONE', #1280, 1000.000000000000200 ) ;
#2049 = CARTESIAN_POINT ( 'NONE',  ( -3.902050343019366300, -0.0006210489105430494000, 0.8504425372923561900 ) ) ;
#2050 = CARTESIAN_POINT ( 'NONE',  ( 4.121283944379609200, 0.1571466956719614300, -0.05000000000000000300 ) ) ;
#2051 = AXIS2_PLACEMENT_3D ( 'NONE', #803, #587, #1014 ) ;
#2052 = EDGE_CURVE ( 'NONE', #2384, #2854, #1483, .T. ) ;
#2053 = CARTESIAN_POINT ( 'NONE',  ( -4.184911571362234500, 0.1104779398331871300, -0.04709058919695818100 ) ) ;
#2054 = CARTESIAN_POINT ( 'NONE',  ( -4.181759488389396000, 0.1285260496614448700, -0.05000000000000000300 ) ) ;
#2055 = ORIENTED_EDGE ( 'NONE', *, *, #2642, .F. ) ;
#2056 = DIRECTION ( 'NONE',  ( 1.264948372774474800E-015, -0.9851404290720539000, -0.1717507933248913800 ) ) ;
#2057 = FACE_OUTER_BOUND ( 'NONE', #1548, .T. ) ;
#2058 = ORIENTED_EDGE ( 'NONE', *, *, #2390, .F. ) ;
#2059 = ORIENTED_EDGE ( 'NONE', *, *, #2698, .T. ) ;
#2060 = CARTESIAN_POINT ( 'NONE',  ( -2.707568545509647000, 0.1647965241532283200, -1.194980839384856400 ) ) ;
#2061 = B_SPLINE_CURVE_WITH_KNOTS ( 'NONE', 3,
 ( #181, #636, #1637, #183 ),
 .UNSPECIFIED., .F., .F.,
 ( 4, 4 ),
 ( 1.225099366706824200E-006, 0.0001877049748519486400 ),
 .UNSPECIFIED. ) ;
#2062 = CIRCLE ( 'NONE', #2012, 4.008584642453308300 ) ;
#2063 = EDGE_CURVE ( 'NONE', #451, #2220, #1075, .T. ) ;
#2064 = CARTESIAN_POINT ( 'NONE',  ( 0.8490155031752442100, -0.0001008601873830946300, -3.915233206273919500 ) ) ;
#2065 = CARTESIAN_POINT ( 'NONE',  ( -0.8499492684540150800, 1.294547575206342500E-005, 3.906777831798500700 ) ) ;
#2066 = CARTESIAN_POINT ( 'NONE',  ( 4.181759488389396000, 0.1285260496614448700, -0.05000000000000000300 ) ) ;
#2067 = DIRECTION ( 'NONE',  ( 0.0000000000000000000, 0.0000000000000000000, 1.000000000000000000 ) ) ;
#2068 = ORIENTED_EDGE ( 'NONE', *, *, #356, .T. ) ;
#2069 = ADVANCED_FACE ( 'NONE', ( #248 ), #92, .F. ) ;
#2070 = DIRECTION ( 'NONE',  ( -0.0000000000000000000, -1.000000000000000000, -0.0000000000000000000 ) ) ;
#2071 = CARTESIAN_POINT ( 'NONE',  ( 1.538267723904712400, 0.2088540056699267600, -2.188460054374531200 ) ) ;
#2072 = DIRECTION ( 'NONE',  ( -1.000000000000000000, 0.0000000000000000000, 0.0000000000000000000 ) ) ;
#2073 = CARTESIAN_POINT ( 'NONE',  ( 4.143164210601103300, 0.1251769282002746500, 0.05000000000000000300 ) ) ;
#2074 = SHAPE_REPRESENTATION_RELATIONSHIP ( 'NONE' , 'NONE' ,  #1322, #1657 ) ;
#2075 = ORIENTED_EDGE ( 'NONE', *, *, #1695, .T. ) ;
#2076 = ORIENTED_EDGE ( 'NONE', *, *, #93, .F. ) ;
#2077 = CARTESIAN_POINT ( 'NONE',  ( 0.0000000000000000000, 0.03290740435338894400, 0.0000000000000000000 ) ) ;
#2078 = EDGE_CURVE ( 'NONE', #774, #2662, #216, .T. ) ;
#2079 = DIRECTION ( 'NONE',  ( 6.118293350216594000E-016, -0.9845266551315357000, -0.1752348861828323100 ) ) ;
#2080 = EDGE_LOOP ( 'NONE', ( #685, #818, #846, #918 ) ) ;
#2081 = CARTESIAN_POINT ( 'NONE',  ( -3.978674783388806500, 0.09088738945602113700, 0.8422229527424365300 ) ) ;
#2083 = VERTEX_POINT ( 'NONE', #1911 ) ;
#2082 = CARTESIAN_POINT ( 'NONE',  ( -2.220411550105337200, 0.2878633091074835900, -1.514167571008325600 ) ) ;
#2084 = ORIENTED_EDGE ( 'NONE', *, *, #2232, .F. ) ;
#2085 = B_SPLINE_CURVE_WITH_KNOTS ( 'NONE', 3,
 ( #2209, #2823, #2826, #1250 ),
 .UNSPECIFIED., .F., .F.,
 ( 4, 4 ),
 ( 0.0000000000000000000, 1.000000000000000000 ),
 .UNSPECIFIED. ) ;
#2086 = CARTESIAN_POINT ( 'NONE',  ( -0.01330828836324681300, 0.1114853205891339600, 4.185046446216460900 ) ) ;
#2087 = EDGE_LOOP ( 'NONE', ( #1275, #1372, #1375, #1752, #1298, #569, #1914, #770, #1996, #1709, #2331, #900, #2003, #1392 ) ) ;
#2088 = CARTESIAN_POINT ( 'NONE',  ( 4.192204019208628700, 0.07215159023128715800, 0.04982041766163739600 ) ) ;
#2089 = CARTESIAN_POINT ( 'NONE',  ( -3.887297395051584100, 0.001609881913664820700, -0.8521565073312523700 ) ) ;
#2090 = CARTESIAN_POINT ( 'NONE',  ( -0.04999999999998541700, 0.1101056244894136100, -4.176767199849425800 ) ) ;
#2091 = DIRECTION ( 'NONE',  ( 0.0000000000000000000, 0.0000000000000000000, -1.000000000000000000 ) ) ;
#2092 = PLANE ( 'NONE',  #515 ) ;
#2093 = CARTESIAN_POINT ( 'NONE',  ( -1.715216414786604000, 0.3052766615286724400, -1.950631074485635700 ) ) ;
#2094 = CARTESIAN_POINT ( 'NONE',  ( 4.184969952073514900, 0.1104886192091032300, -0.04127146974580423600 ) ) ;
#2095 = DIRECTION ( 'NONE',  ( -0.0000000000000000000, -1.000000000000000000, -0.0000000000000000000 ) ) ;
#2096 = CARTESIAN_POINT ( 'NONE',  ( 4.194703469916770900, 0.05907019501694042000, 0.04988027852928831500 ) ) ;
#2097 = VERTEX_POINT ( 'NONE', #1469 ) ;
#2098 = CARTESIAN_POINT ( 'NONE',  ( -3.932084542713826000, 0.001931744208480682100, -0.8472487804023627300 ) ) ;
#2099 = CARTESIAN_POINT ( 'NONE',  ( 0.0000000000000000000, 0.08074247352993745000, 0.0000000000000000000 ) ) ;
#2100 = ORIENTED_EDGE ( 'NONE', *, *, #334, .F. ) ;
#2101 = CARTESIAN_POINT ( 'NONE',  ( 1.725918353732919500, 0.2236582168230186500, 1.942649130556264500 ) ) ;
#2102 = ORIENTED_EDGE ( 'NONE', *, *, #715, .T. ) ;
#2103 = AXIS2_PLACEMENT_3D ( 'NONE', #532, #1206, #465 ) ;
#2104 = ORIENTED_EDGE ( 'NONE', *, *, #508, .F. ) ;
#2105 = VERTEX_POINT ( 'NONE', #590 ) ;
#2106 = CARTESIAN_POINT ( 'NONE',  ( -0.8373082540675476100, 0.1011463160630056700, -4.039828707302978800 ) ) ;
#2107 = FACE_OUTER_BOUND ( 'NONE', #2410, .T. ) ;
#2108 = B_SPLINE_CURVE_WITH_KNOTS ( 'NONE', 3,
 ( #1448, #1001, #1460, #148 ),
 .UNSPECIFIED., .F., .F.,
 ( 4, 4 ),
 ( 2.038510064945379200E-007, 8.029687228854620900E-005 ),
 .UNSPECIFIED. ) ;
#2109 = CARTESIAN_POINT ( 'NONE',  ( -1.514167571008308200, 0.2878633091076156500, -2.220411550105361600 ) ) ;
#2110 = CIRCLE ( 'NONE', #208, 3.979604471623006600 ) ;
#2111 = CARTESIAN_POINT ( 'NONE',  ( -4.184781053398891600, 0.1109789604686253300, -0.05000000000000000300 ) ) ;
#2112 = CARTESIAN_POINT ( 'NONE',  ( -1.950631074485613700, 0.3052766615286743300, -1.715216414786624000 ) ) ;
#2113 = AXIS2_PLACEMENT_3D ( 'NONE', #2405, #1053, #2636 ) ;
#2114 = CARTESIAN_POINT ( 'NONE',  ( 0.0000000000000000000, 0.03290740435338894400, -4.200000000000000200 ) ) ;
#2115 = ORIENTED_EDGE ( 'NONE', *, *, #718, .T. ) ;
#2116 = ORIENTED_EDGE ( 'NONE', *, *, #1995, .T. ) ;
#2117 = EDGE_CURVE ( 'NONE', #1681, #462, #156, .T. ) ;
#2118 = ORIENTED_EDGE ( 'NONE', *, *, #2034, .F. ) ;
#2119 = DIRECTION ( 'NONE',  ( -0.0000000000000000000, -1.000000000000000000, -0.0000000000000000000 ) ) ;
#2120 = DIRECTION ( 'NONE',  ( 0.0000000000000000000, -0.9822239529468113100, -0.1877128292300241100 ) ) ;
#2121 = EDGE_CURVE ( 'NONE', #1681, #2276, #1040, .T. ) ;
#2122 = PLANE ( 'NONE',  #836 ) ;
#2123 = VERTEX_POINT ( 'NONE', #1480 ) ;
#2124 = EDGE_CURVE ( 'NONE', #1209, #1354, #2656, .T. ) ;
#2125 = DIRECTION ( 'NONE',  ( -0.0000000000000000000, -1.000000000000000000, -0.0000000000000000000 ) ) ;
#2126 = DIRECTION ( 'NONE',  ( -0.0000000000000000000, -1.000000000000000000, -0.0000000000000000000 ) ) ;
#2127 = ORIENTED_EDGE ( 'NONE', *, *, #700, .F. ) ;
#2128 = DIRECTION ( 'NONE',  ( -0.0000000000000000000, -1.000000000000000000, -0.0000000000000000000 ) ) ;
#2129 = CARTESIAN_POINT ( 'NONE',  ( 0.04999999999995619800, 0.1285260496614448700, 4.181759488389396000 ) ) ;
#2130 = DIRECTION ( 'NONE',  ( 0.0000000000000000000, 0.0000000000000000000, -1.000000000000000000 ) ) ;
#2131 = ORIENTED_EDGE ( 'NONE', *, *, #1367, .F. ) ;
#2132 = EDGE_LOOP ( 'NONE', ( #2689, #2668, #1812, #1589 ) ) ;
#2133 = VERTEX_POINT ( 'NONE', #1704 ) ;
#2134 = ORIENTED_EDGE ( 'NONE', *, *, #617, .F. ) ;
#2135 = B_SPLINE_CURVE_WITH_KNOTS ( 'NONE', 3,
 ( #501, #2573, #2169, #2684, #1638, #544 ),
 .UNSPECIFIED., .F., .F.,
 ( 4, 2, 4 ),
 ( 1.329991956053333200E-006, 0.0009171492846033905700, 0.001832968577250727800 ),
 .UNSPECIFIED. ) ;
#2136 = CARTESIAN_POINT ( 'NONE',  ( -0.8487608867757982000, 0.08074247352993647900, 3.917697766902402900 ) ) ;
#2137 = DIRECTION ( 'NONE',  ( 1.031879827273498100E-014, 0.1717507933248913800, -0.9851404290720539000 ) ) ;
#2138 = CARTESIAN_POINT ( 'NONE',  ( 4.015457571399240400, 0.04133736138351488300, 3.167819287783089800E-014 ) ) ;
#2139 = EDGE_CURVE ( 'NONE', #774, #2672, #364, .T. ) ;
#2140 = ORIENTED_EDGE ( 'NONE', *, *, #223, .F. ) ;
#2141 = CARTESIAN_POINT ( 'NONE',  ( 2.220411550105379800, 0.2878633091076159300, -1.514167571008281800 ) ) ;
#2142 = ORIENTED_EDGE ( 'NONE', *, *, #190, .T. ) ;
#2143 = CARTESIAN_POINT ( 'NONE',  ( -3.900474135790770200, 0.08061918535140880100, 0.8506512677018000000 ) ) ;
#2144 = ORIENTED_EDGE ( 'NONE', *, *, #2780, .F. ) ;
#2145 = CARTESIAN_POINT ( 'NONE',  ( 4.143164210601103300, 0.1251769282002746500, 0.05000000000000000300 ) ) ;
#2146 = FACE_OUTER_BOUND ( 'NONE', #2487, .T. ) ;
#2147 = B_SPLINE_CURVE_WITH_KNOTS ( 'NONE', 3,
 ( #2557, #981, #130, #1656, #345, #1887, #564 ),
 .UNSPECIFIED., .F., .F.,
 ( 4, 3, 4 ),
 ( 0.0003071717482055240300, 0.0003313061597034025400, 0.0004843776209941825900 ),
 .UNSPECIFIED. ) ;
#2148 = ORIENTED_EDGE ( 'NONE', *, *, #942, .T. ) ;
#2149 = CARTESIAN_POINT ( 'NONE',  ( -2.687551094385847200, 0.2878633091074646000, 3.291300845284594000E-016 ) ) ;
#2150 = DIRECTION ( 'NONE',  ( -0.0000000000000000000, -1.000000000000000000, -0.0000000000000000000 ) ) ;
#2151 =( GEOMETRIC_REPRESENTATION_CONTEXT ( 3 ) GLOBAL_UNCERTAINTY_ASSIGNED_CONTEXT ( ( #1615 ) ) GLOBAL_UNIT_ASSIGNED_CONTEXT ( ( #11, #1540, #219 ) ) REPRESENTATION_CONTEXT ( 'NONE', 'WORKASPACE' ) );
#2152 = CARTESIAN_POINT ( 'NONE',  ( 0.8332282182146920600, 0.03290740435339236500, -4.116519250091141800 ) ) ;
#2153 = DIRECTION ( 'NONE',  ( 0.0000000000000000000, 0.0000000000000000000, -1.000000000000000000 ) ) ;
#2154 = ADVANCED_FACE ( 'NONE', ( #2443 ), #353, .T. ) ;
#2155 = CARTESIAN_POINT ( 'NONE',  ( 4.855501079736768700E-028, -16.63030600689261400, 0.0000000000000000000 ) ) ;
#2156 = CARTESIAN_POINT ( 'NONE',  ( 1.514167571008306200, 0.2878633091076154800, 2.220411550105363400 ) ) ;
#2157 = CARTESIAN_POINT ( 'NONE',  ( 0.8521565073312551400, 0.001609881913664844400, 3.887297395051583200 ) ) ;
#2158 = ORIENTED_EDGE ( 'NONE', *, *, #1591, .T. ) ;
#2159 = DIRECTION ( 'NONE',  ( -0.2635863791188071700, -0.04595402684461346400, 0.9635405794048328400 ) ) ;
#2160 = VERTEX_POINT ( 'NONE', #2813 ) ;
#2161 = FACE_OUTER_BOUND ( 'NONE', #824, .T. ) ;
#2162 = DIRECTION ( 'NONE',  ( -0.0000000000000000000, -0.0000000000000000000, -1.000000000000000000 ) ) ;
#2163 = ORIENTED_EDGE ( 'NONE', *, *, #2404, .T. ) ;
#2164 = CARTESIAN_POINT ( 'NONE',  ( -0.8521565073312421500, 0.001609881913664841800, 3.887297395051586300 ) ) ;
#2165 = CARTESIAN_POINT ( 'NONE',  ( 4.192585995446943800, 0.07221818451574228700, -0.01660753722528254100 ) ) ;
#2166 = CARTESIAN_POINT ( 'NONE',  ( -1.022953645172433500, 0.1102919814847766600, -3.134352307466519600 ) ) ;
#2167 = CARTESIAN_POINT ( 'NONE',  ( -4.054953162736563100, 0.02249190618424510800, 0.8362547223010403700 ) ) ;
#2168 = B_SPLINE_CURVE_WITH_KNOTS ( 'NONE', 3,
 ( #763, #2106, #2754, #1431 ),
 .UNSPECIFIED., .F., .F.,
 ( 4, 4 ),
 ( 1.201952545004527400E-006, 0.0001876818280302461800 ),
 .UNSPECIFIED. ) ;
#2169 = CARTESIAN_POINT ( 'NONE',  ( 3.303920109947583200, 0.1692777018252929500, -0.9575371013004352300 ) ) ;
#2170 = CARTESIAN_POINT ( 'NONE',  ( 0.8340242249366297500, 0.1114853205891338200, -4.101034757479669500 ) ) ;
#2171 = AXIS2_PLACEMENT_3D ( 'NONE', #2326, #2290, #2153 ) ;
#2172 = ORIENTED_EDGE ( 'NONE', *, *, #615, .T. ) ;
#2173 = CARTESIAN_POINT ( 'NONE',  ( -4.192585995446943800, 0.07221818451574228700, -0.01660753722526137100 ) ) ;
#2174 = CARTESIAN_POINT ( 'NONE',  ( -3.282539681839439900, 0.09133395887903943100, -0.9634865979487190500 ) ) ;
#2175 = CARTESIAN_POINT ( 'NONE',  ( 0.0000000000000000000, 0.001931744220632757700, 0.0000000000000000000 ) ) ;
#2176 = VERTEX_POINT ( 'NONE', #1935 ) ;
#2177 = DIRECTION ( 'NONE',  ( 0.0000000000000000000, 0.0000000000000000000, -1.000000000000000000 ) ) ;
#2178 = CARTESIAN_POINT ( 'NONE',  ( 0.0000000000000000000, 0.2088540056697230100, 0.0000000000000000000 ) ) ;
#2179 = CARTESIAN_POINT ( 'NONE',  ( 4.192204019208627800, 0.07215159023128706100, -0.04982041766165790800 ) ) ;
#2180 = VERTEX_POINT ( 'NONE', #1716 ) ;
#2181 = EDGE_CURVE ( 'NONE', #2662, #1642, #82, .T. ) ;
#2182 = B_SPLINE_CURVE_WITH_KNOTS ( 'NONE', 3,
 ( #418, #2560, #1017, #955 ),
 .UNSPECIFIED., .F., .F.,
 ( 4, 4 ),
 ( 3.428555827605946700E-007, 2.029496677805900500E-006 ),
 .UNSPECIFIED. ) ;
#2183 = EDGE_CURVE ( 'NONE', #1898, #2854, #873, .T. ) ;
#2184 = CARTESIAN_POINT ( 'NONE',  ( -4.101034757479667700, 0.1114853205891338100, -0.8340242249366395200 ) ) ;
#2185 = CARTESIAN_POINT ( 'NONE',  ( 0.05000000000001460900, 0.1109789604686252500, -4.184781053398891600 ) ) ;
#2186 = ORIENTED_EDGE ( 'NONE', *, *, #650, .T. ) ;
#2187 = CIRCLE ( 'NONE', #658, 4.184982973661599100 ) ;
#2188 = CARTESIAN_POINT ( 'NONE',  ( 0.0000000000000000000, 0.2878633091074646600, 0.0000000000000000000 ) ) ;
#2189 = EDGE_LOOP ( 'NONE', ( #2241, #2024, #1035, #887, #806, #2461, #696, #2480, #1164, #1708, #449, #1128, #593, #1056 ) ) ;
#2190 = FACE_OUTER_BOUND ( 'NONE', #1723, .T. ) ;
#2191 = DIRECTION ( 'NONE',  ( -0.0000000000000000000, -1.000000000000000000, -0.0000000000000000000 ) ) ;
#2192 = VERTEX_POINT ( 'NONE', #402 ) ;
#2193 = VERTEX_POINT ( 'NONE', #420 ) ;
#2194 = CARTESIAN_POINT ( 'NONE',  ( -0.8521565073312421500, 0.001609881913664841800, 3.887297395051586300 ) ) ;
#2195 = ORIENTED_EDGE ( 'NONE', *, *, #2676, .F. ) ;
#2196 = CARTESIAN_POINT ( 'NONE',  ( 4.116519250091139200, 0.03290740435339194200, -0.8332282182146929500 ) ) ;
#2197 = DIRECTION ( 'NONE',  ( 0.0000000000000000000, 0.0000000000000000000, -1.000000000000000000 ) ) ;
#2198 = CARTESIAN_POINT ( 'NONE',  ( 3.887297395051584100, 0.001609881913664826600, 0.8521565073312511500 ) ) ;
#2199 = AXIS2_PLACEMENT_3D ( 'NONE', #2417, #471, #2215 ) ;
#2200 = EDGE_CURVE ( 'NONE', #798, #2220, #1555, .T. ) ;
#2201 = CARTESIAN_POINT ( 'NONE',  ( 4.111360600420155700, 0.05910072046348314300, -0.8334818103297702000 ) ) ;
#2202 = ORIENTED_EDGE ( 'NONE', *, *, #2232, .T. ) ;
#2203 = DIRECTION ( 'NONE',  ( 0.0000000000000000000, 0.0000000000000000000, -1.000000000000000000 ) ) ;
#2204 = AXIS2_PLACEMENT_3D ( 'NONE', #2077, #2128, #2043 ) ;
#2205 = VERTEX_POINT ( 'NONE', #1958 ) ;
#2206 = DIRECTION ( 'NONE',  ( 0.0000000000000000000, 0.0000000000000000000, -1.000000000000000000 ) ) ;
#2207 = DIRECTION ( 'NONE',  ( -0.0000000000000000000, -1.000000000000000000, -0.0000000000000000000 ) ) ;
#2208 = DIRECTION ( 'NONE',  ( 1.351874727848270200E-015, -0.9851404290720539000, -0.1717507933248915700 ) ) ;
#2209 = CARTESIAN_POINT ( 'NONE',  ( 4.184792550220577400, 0.1114853205891295600, -0.03992244300944604300 ) ) ;
#2210 = ORIENTED_EDGE ( 'NONE', *, *, #109, .F. ) ;
#2211 = STYLED_ITEM ( 'NONE', ( #922 ), #1553 ) ;
#2212 = ORIENTED_EDGE ( 'NONE', *, *, #81, .F. ) ;
#2213 = CARTESIAN_POINT ( 'NONE',  ( 4.015457571399240400, 0.04133736138351488300, 3.167819287783089800E-014 ) ) ;
#2214 = AXIS2_PLACEMENT_3D ( 'NONE', #787, #974, #2347 ) ;
#2215 = DIRECTION ( 'NONE',  ( 0.8252324913765745100, 0.5647931791164017000, 0.0000000000000000000 ) ) ;
#2216 = DIRECTION ( 'NONE',  ( 0.0000000000000000000, 0.0000000000000000000, -1.000000000000000000 ) ) ;
#2217 = CARTESIAN_POINT ( 'NONE',  ( 4.140580252647929200, 0.02256610854476375300, -0.03333333387887225200 ) ) ;
#2218 = ORIENTED_EDGE ( 'NONE', *, *, #756, .F. ) ;
#2219 = CARTESIAN_POINT ( 'NONE',  ( 3.917697766902401100, 0.08074247352993647900, 0.8487608867758071900 ) ) ;
#2220 = VERTEX_POINT ( 'NONE', #2198 ) ;
#2221 = EDGE_LOOP ( 'NONE', ( #480, #1719, #651, #372 ) ) ;
#2222 = CARTESIAN_POINT ( 'NONE',  ( 0.0000000000000000000, 0.0000000000000000000, 0.0000000000000000000 ) ) ;
#2223 = ORIENTED_EDGE ( 'NONE', *, *, #2659, .T. ) ;
#2224 = EDGE_CURVE ( 'NONE', #2192, #1681, #781, .T. ) ;
#2225 = CARTESIAN_POINT ( 'NONE',  ( 0.0000000000000000000, 0.08061918535140881500, 0.0000000000000000000 ) ) ;
#2226 = PLANE ( 'NONE',  #259 ) ;
#2227 = VERTEX_POINT ( 'NONE', #839 ) ;
#2228 = CARTESIAN_POINT ( 'NONE',  ( 0.9575371013004495600, 0.1692777018252936100, 3.303920109947575200 ) ) ;
#2229 = APPLICATION_PROTOCOL_DEFINITION ( 'draft international standard', 'automotive_design', 1998, #665 ) ;
#2230 = VERTEX_POINT ( 'NONE', #637 ) ;
#2231 = CIRCLE ( 'NONE', #479, 0.03874031597854085700 ) ;
#2232 = EDGE_CURVE ( 'NONE', #1311, #578, #754, .T. ) ;
#2233 = CARTESIAN_POINT ( 'NONE',  ( 3.932084542710758700, 0.001931744220632676800, -0.8472487804031589900 ) ) ;
#2234 = DIRECTION ( 'NONE',  ( -0.0000000000000000000, -1.000000000000000000, -0.0000000000000000000 ) ) ;
#2235 = LINE ( 'NONE', #2306, #1550 ) ;
#2236 = ADVANCED_FACE ( 'NONE', ( #1054 ), #1191, .F. ) ;
#2237 = PLANE ( 'NONE',  #2199 ) ;
#2238 = CARTESIAN_POINT ( 'NONE',  ( -0.04127146974591296100, 0.1104886192091032300, 4.184969952073514000 ) ) ;
#2239 = ORIENTED_EDGE ( 'NONE', *, *, #676, .T. ) ;
#2240 = EDGE_LOOP ( 'NONE', ( #507, #1376, #2587, #129, #833 ) ) ;
#2241 = ORIENTED_EDGE ( 'NONE', *, *, #120, .F. ) ;
#2242 = DIRECTION ( 'NONE',  ( 2.881283843848336300E-015, 0.5647931791164017000, -0.8252324913765745100 ) ) ;
#2243 = CARTESIAN_POINT ( 'NONE',  ( -0.8500139133119629700, 0.07975982017870569800, 3.906150007207000100 ) ) ;
#2244 = VERTEX_POINT ( 'NONE', #655 ) ;
#2245 = CARTESIAN_POINT ( 'NONE',  ( 3.932084542710758700, 0.001931744220632676800, -0.8472487804031589900 ) ) ;
#2246 = EDGE_CURVE ( 'NONE', #2809, #1772, #351, .T. ) ;
#2247 = CARTESIAN_POINT ( 'NONE',  ( 3.282626146741520800, 0.08997742699251236300, -0.9743457680842492200 ) ) ;
#2248 = ADVANCED_FACE ( 'NONE', ( #309 ), #1158, .F. ) ;
#2249 = CARTESIAN_POINT ( 'NONE',  ( 3.915233206273923000, -0.0001008601873827925200, 0.8490155031752528700 ) ) ;
#2250 = DIRECTION ( 'NONE',  ( 0.9492227798232124600, -0.1654888589135053700, 0.2675622391896864700 ) ) ;
#2251 = LINE ( 'NONE', #1648, #2344 ) ;
#2252 = AXIS2_PLACEMENT_3D ( 'NONE', #2442, #1868, #1789 ) ;
#2253 = ORIENTED_EDGE ( 'NONE', *, *, #349, .F. ) ;
#2254 = VECTOR ( 'NONE', #2568, 1000.000000000000100 ) ;
#2255 = DIRECTION ( 'NONE',  ( 0.0000000000000000000, 0.0000000000000000000, -1.000000000000000000 ) ) ;
#2256 = VERTEX_POINT ( 'NONE', #212 ) ;
#2257 = DIRECTION ( 'NONE',  ( 0.0000000000000000000, 0.0000000000000000000, -1.000000000000000000 ) ) ;
#2258 = CARTESIAN_POINT ( 'NONE',  ( -4.192204019208627800, 0.07215159023128706100, 0.04982041766165790800 ) ) ;
#2259 = B_SPLINE_CURVE_WITH_KNOTS ( 'NONE', 3,
 ( #2468, #2093, #2112, #2082 ),
 .UNSPECIFIED., .F., .F.,
 ( 4, 4 ),
 ( 3.808947897243311100E-006, 0.001002588761480607300 ),
 .UNSPECIFIED. ) ;
#2260 = AXIS2_PLACEMENT_3D ( 'NONE', #1072, #2652, #1299 ) ;
#2261 = ADVANCED_FACE ( 'NONE', ( #48 ), #274, .F. ) ;
#2262 = ORIENTED_EDGE ( 'NONE', *, *, #617, .T. ) ;
#2263 = CARTESIAN_POINT ( 'NONE',  ( -0.8332282182146920600, 0.03290740435339187300, 4.116519250091139200 ) ) ;
#2264 = CARTESIAN_POINT ( 'NONE',  ( -0.9634865979487066100, 0.09133395887903855700, 3.282539681839450100 ) ) ;
#2265 = DIRECTION ( 'NONE',  ( -0.1752348861828323100, -0.9845266551315357000, 0.0000000000000000000 ) ) ;
#2266 = ORIENTED_EDGE ( 'NONE', *, *, #495, .F. ) ;
#2267 = VERTEX_POINT ( 'NONE', #869 ) ;
#2268 = VERTEX_POINT ( 'NONE', #2435 ) ;
#2269 = CARTESIAN_POINT ( 'NONE',  ( 0.0000000000000000000, 0.2088540056697230100, 0.0000000000000000000 ) ) ;
#2270 = CARTESIAN_POINT ( 'NONE',  ( -0.8489074003423315900, 0.08053321815192417100, -3.916333839086649300 ) ) ;
#2271 = CIRCLE ( 'NONE', #1552, 2.674999999999999800 ) ;
#2272 = B_SPLINE_CURVE_WITH_KNOTS ( 'NONE', 3,
 ( #2363, #2703, #2335, #2219 ),
 .UNSPECIFIED., .F., .F.,
 ( 4, 4 ),
 ( 9.859985267275078800E-005, 0.0001159460901464888800 ),
 .UNSPECIFIED. ) ;
#2273 = CARTESIAN_POINT ( 'NONE',  ( 0.8362547223010522400, 0.02249190618424513200, 4.054953162736561400 ) ) ;
#2274 = CARTESIAN_POINT ( 'NONE',  ( 0.8332282182146920600, 0.03290740435339236500, -4.116519250091141800 ) ) ;
#2275 = DIRECTION ( 'NONE',  ( 0.0000000000000000000, 0.0000000000000000000, -1.000000000000000000 ) ) ;
#2276 = VERTEX_POINT ( 'NONE', #1088 ) ;
#2277 = CARTESIAN_POINT ( 'NONE',  ( -0.8332282182147055000, 0.03290740435338857000, -4.116519250091117000 ) ) ;
#2278 = DIRECTION ( 'NONE',  ( -0.0000000000000000000, -1.000000000000000000, -0.0000000000000000000 ) ) ;
#2279 = ORIENTED_EDGE ( 'NONE', *, *, #1339, .T. ) ;
#2280 = DIRECTION ( 'NONE',  ( 6.118293350216594000E-016, -0.9845266551315357000, -0.1752348861828323100 ) ) ;
#2281 = VERTEX_POINT ( 'NONE', #1306 ) ;
#2282 = ORIENTED_EDGE ( 'NONE', *, *, #1816, .T. ) ;
#2283 = ORIENTED_EDGE ( 'NONE', *, *, #709, .F. ) ;
#2284 = CARTESIAN_POINT ( 'NONE',  ( -3.932084542710758200, 0.001931744220632541700, 0.8472487804031597600 ) ) ;
#2285 = ADVANCED_FACE ( 'NONE', ( #51 ), #2226, .F. ) ;
#2286 = ORIENTED_EDGE ( 'NONE', *, *, #1783, .T. ) ;
#2287 = CARTESIAN_POINT ( 'NONE',  ( -0.8362547223010523600, 0.02249190618424287000, -4.054953162736547200 ) ) ;
#2288 = ORIENTED_EDGE ( 'NONE', *, *, #1382, .F. ) ;
#2289 = DIRECTION ( 'NONE',  ( 1.000000000000000000, 0.0000000000000000000, 0.0000000000000000000 ) ) ;
#2290 = DIRECTION ( 'NONE',  ( -0.0000000000000000000, -1.000000000000000000, -0.0000000000000000000 ) ) ;
#2291 = CIRCLE ( 'NONE', #2843, 4.200000000000000200 ) ;
#2292 = CARTESIAN_POINT ( 'NONE',  ( 0.0000000000000000000, 0.08074247352993745000, -4.008584642453308300 ) ) ;
#2293 = EDGE_CURVE ( 'NONE', #798, #1817, #698, .T. ) ;
#2294 = PRODUCT_DEFINITION ( 'UNKNOWN', '', #2732, #909 ) ;
#2295 = DIRECTION ( 'NONE',  ( 0.0000000000000000000, 0.0000000000000000000, -1.000000000000000000 ) ) ;
#2296 = EDGE_CURVE ( 'NONE', #2220, #2449, #672, .T. ) ;
#2297 = DIRECTION ( 'NONE',  ( -0.0000000000000000000, -1.000000000000000000, -0.0000000000000000000 ) ) ;
#2298 = CARTESIAN_POINT ( 'NONE',  ( -4.008197674376418700, 0.07974989584046786300, -0.05000000000000000300 ) ) ;
#2299 = DIRECTION ( 'NONE',  ( 0.0000000000000000000, 0.0000000000000000000, -1.000000000000000000 ) ) ;
#2300 = B_SPLINE_CURVE_WITH_KNOTS ( 'NONE', 3,
 ( #1834, #2721, #2385, #2358, #2351, #2627, #2646 ),
 .UNSPECIFIED., .F., .F.,
 ( 4, 3, 4 ),
 ( 0.0001765609840393122500, 0.0003313061597034297500, 0.0003537668568279570400 ),
 .UNSPECIFIED. ) ;
#2301 = ORIENTED_EDGE ( 'NONE', *, *, #93, .T. ) ;
#2302 = EDGE_CURVE ( 'NONE', #1928, #2133, #490, .T. ) ;
#2303 = DIRECTION ( 'NONE',  ( -0.0000000000000000000, -1.000000000000000000, -0.0000000000000000000 ) ) ;
#2304 = CARTESIAN_POINT ( 'NONE',  ( 0.04127146974582528200, 0.1104886192091032300, 4.184969952073514900 ) ) ;
#2305 = VERTEX_POINT ( 'NONE', #230 ) ;
#2306 = CARTESIAN_POINT ( 'NONE',  ( -4.015457571399240400, 0.04133736138351488300, -3.167819287783089800E-014 ) ) ;
#2307 = DIRECTION ( 'NONE',  ( -0.0000000000000000000, -0.0000000000000000000, 1.000000000000000000 ) ) ;
#2308 = B_SPLINE_CURVE_WITH_KNOTS ( 'NONE', 3,
 ( #2325, #2328, #2287, #2277 ),
 .UNSPECIFIED., .F., .F.,
 ( 4, 4 ),
 ( 1.222604722022868100E-006, 0.0001887652085320411900 ),
 .UNSPECIFIED. ) ;
#2309 = DIRECTION ( 'NONE',  ( -0.0000000000000000000, -1.000000000000000000, -0.0000000000000000000 ) ) ;
#2310 = ORIENTED_EDGE ( 'NONE', *, *, #956, .F. ) ;
#2311 = AXIS2_PLACEMENT_3D ( 'NONE', #1759, #1743, #1702 ) ;
#2312 = CARTESIAN_POINT ( 'NONE',  ( 0.0000000000000000000, 0.2088540056697230100, 0.0000000000000000000 ) ) ;
#2313 = ORIENTED_EDGE ( 'NONE', *, *, #186, .F. ) ;
#2314 = VERTEX_POINT ( 'NONE', #2455 ) ;
#2315 = CONICAL_SURFACE ( 'NONE', #1031, 3.992155566008849000, 1.413256800722692700 ) ;
#2316 = CARTESIAN_POINT ( 'NONE',  ( 0.8340242249366424100, 0.1114853205891336600, 4.101034757479666800 ) ) ;
#2317 = VECTOR ( 'NONE', #990, 999.9999999999998900 ) ;
#2318 = CARTESIAN_POINT ( 'NONE',  ( 0.05000000000001460200, 0.1285260496614448700, -4.181759488389396000 ) ) ;
#2319 = ORIENTED_EDGE ( 'NONE', *, *, #1025, .F. ) ;
#2320 = CARTESIAN_POINT ( 'NONE',  ( -3.915233206273922100, -0.0001008601873827787500, -0.8490155031752539800 ) ) ;
#2321 = B_SPLINE_CURVE_WITH_KNOTS ( 'NONE', 3,
 ( #2098, #1613, #2320, #960, #2536, #1183, #2745 ),
 .UNSPECIFIED., .F., .F.,
 ( 4, 3, 4 ),
 ( 0.0001098825857807911200, 0.0001353204681029243400, 0.0001548977301564166200 ),
 .UNSPECIFIED. ) ;
#2322 = CARTESIAN_POINT ( 'NONE',  ( 0.8409305978915970800, 0.01215527432976877200, 3.993432610676304500 ) ) ;
#2323 = AXIS2_PLACEMENT_3D ( 'NONE', #2613, #2773, #2454 ) ;
#2324 = CARTESIAN_POINT ( 'NONE',  ( 0.04999999908447409100, 0.03290740378530639100, -4.199702367158962200 ) ) ;
#2325 = CARTESIAN_POINT ( 'NONE',  ( -0.8472487804031702000, 0.001931744220632686600, -3.932084542710756500 ) ) ;
#2326 = CARTESIAN_POINT ( 'NONE',  ( 0.0000000000000000000, 0.1299999999999995000, 0.0000000000000000000 ) ) ;
#2327 = CARTESIAN_POINT ( 'NONE',  ( 4.054953162736563100, 0.02249190618424517000, -0.8362547223010400300 ) ) ;
#2328 = CARTESIAN_POINT ( 'NONE',  ( -0.8409305978915975200, 0.01215527432976751800, -3.993432610676297400 ) ) ;
#2329 = CARTESIAN_POINT ( 'NONE',  ( -4.140580252647929200, 0.02256610854476375300, 0.03333333387887225200 ) ) ;
#2330 = ORIENTED_EDGE ( 'NONE', *, *, #1864, .T. ) ;
#2331 = ORIENTED_EDGE ( 'NONE', *, *, #422, .T. ) ;
#2332 = B_SPLINE_CURVE_WITH_KNOTS ( 'NONE', 3,
 ( #264, #430, #2623, #1321, #1559, #193, #1300, #1290 ),
 .UNSPECIFIED., .F., .F.,
 ( 4, 2, 2, 4 ),
 ( 3.829004078423519700E-006, 0.0009176249883125954100, 0.001374522980429681400, 0.001831420972546767300 ),
 .UNSPECIFIED. ) ;
#2333 = CARTESIAN_POINT ( 'NONE',  ( 4.121283944379609200, 0.1571466956719614300, 0.05000000000000000300 ) ) ;
#2334 = EDGE_CURVE ( 'NONE', #2083, #1332, #375, .T. ) ;
#2335 = CARTESIAN_POINT ( 'NONE',  ( 3.912031851657037200, 0.07979981944286271300, 0.8493683841944630300 ) ) ;
#2336 = CONICAL_SURFACE ( 'NONE', #58, 4.200000000000000200, 0.1888330626518987500 ) ;
#2337 = ORIENTED_EDGE ( 'NONE', *, *, #1824, .T. ) ;
#2338 = VERTEX_POINT ( 'NONE', #2238 ) ;
#2339 = B_SPLINE_CURVE_WITH_KNOTS ( 'NONE', 3,
 ( #2574, #2533, #2421, #2406, #2396, #2379, #2367 ),
 .UNSPECIFIED., .F., .F.,
 ( 4, 3, 4 ),
 ( 9.756312006377454300E-005, 9.893553580136993400E-005, 0.0001148993959031699900 ),
 .UNSPECIFIED. ) ;
#2340 = PLANE ( 'NONE',  #173 ) ;
#2341 = ORIENTED_EDGE ( 'NONE', *, *, #190, .F. ) ;
#2342 = ORIENTED_EDGE ( 'NONE', *, *, #727, .F. ) ;
#2343 = AXIS2_PLACEMENT_3D ( 'NONE', #160, #1232, #1475 ) ;
#2344 = VECTOR ( 'NONE', #2280, 1000.000000000000100 ) ;
#2345 = CARTESIAN_POINT ( 'NONE',  ( -0.05000000000004201100, 0.08106398219740146300, 4.010117716611901500 ) ) ;
#2346 = EDGE_CURVE ( 'NONE', #2809, #798, #269, .T. ) ;
#2347 = DIRECTION ( 'NONE',  ( 0.0000000000000000000, 0.0000000000000000000, -1.000000000000000000 ) ) ;
#2348 = CARTESIAN_POINT ( 'NONE',  ( 0.04999999999995801600, 0.07974989584046786300, 4.008197674376418700 ) ) ;
#2349 = CARTESIAN_POINT ( 'NONE',  ( 0.04999999908447409100, 0.03290740378530639100, -4.199702367158962200 ) ) ;
#2350 = VERTEX_POINT ( 'NONE', #1099 ) ;
#2351 = CARTESIAN_POINT ( 'NONE',  ( -0.05000000000004216300, 0.08363468286058650700, 4.024869195423582000 ) ) ;
#2352 = CARTESIAN_POINT ( 'NONE',  ( 3.900261362806484400, 0.0001006543143244096300, 0.8506689116233023800 ) ) ;
#2353 = EDGE_CURVE ( 'NONE', #462, #2377, #127, .T. ) ;
#2354 = ADVANCED_FACE ( 'NONE', ( #16 ), #44, .T. ) ;
#2355 = CARTESIAN_POINT ( 'NONE',  ( 0.04988027852933214800, 0.05907019501694037900, -4.194703469916770000 ) ) ;
#2356 = DIRECTION ( 'NONE',  ( 1.000000000000000000, -0.0000000000000000000, 3.491481338843133400E-015 ) ) ;
#2357 = CARTESIAN_POINT ( 'NONE',  ( 0.04037480492291195500, 0.1111566406146711900, -4.184851051630990200 ) ) ;
#2358 = CARTESIAN_POINT ( 'NONE',  ( -0.05000000000004224000, 0.08492003398584693800, 4.032244934691112400 ) ) ;
#2359 = ORIENTED_EDGE ( 'NONE', *, *, #2334, .T. ) ;
#2360 = CARTESIAN_POINT ( 'NONE',  ( -4.015457571399240400, 0.04133736138351488300, -3.167819287783089800E-014 ) ) ;
#2361 = DIRECTION ( 'NONE',  ( -1.000000000000000000, 0.0000000000000000000, 0.0000000000000000000 ) ) ;
#2362 = DIRECTION ( 'NONE',  ( -0.0000000000000000000, -1.000000000000000000, -0.0000000000000000000 ) ) ;
#2363 = CARTESIAN_POINT ( 'NONE',  ( 3.900474135790768000, 0.08061918535140891200, 0.8506512677018074300 ) ) ;
#2364 = ORIENTED_EDGE ( 'NONE', *, *, #2837, .T. ) ;
#2365 = ORIENTED_EDGE ( 'NONE', *, *, #67, .F. ) ;
#2366 = ORIENTED_EDGE ( 'NONE', *, *, #1147, .T. ) ;
#2367 = CARTESIAN_POINT ( 'NONE',  ( 3.900474135790769700, 0.08061918535140889800, -0.8506512677017988900 ) ) ;
#2368 = CIRCLE ( 'NONE', #1406, 3.992155566008849000 ) ;
#2369 = DIRECTION ( 'NONE',  ( 0.0000000000000000000, 0.0000000000000000000, -1.000000000000000000 ) ) ;
#2370 = CARTESIAN_POINT ( 'NONE',  ( 0.04127146974581887700, 0.1104886192091032300, -4.184969952073514900 ) ) ;
#2371 = EDGE_CURVE ( 'NONE', #2660, #1221, #246, .T. ) ;
#2372 = CARTESIAN_POINT ( 'NONE',  ( 0.8362547223010221600, 0.02249190618430490000, -4.054953162736916600 ) ) ;
#2373 = ADVANCED_FACE ( 'NONE', ( #2408 ), #1441, .T. ) ;
#2374 = CARTESIAN_POINT ( 'NONE',  ( -0.8980833510002902400, 0.04732109790747957000, -3.581761325500441500 ) ) ;
#2375 = CARTESIAN_POINT ( 'NONE',  ( 0.0000000000000000000, 0.2878633091074646600, 0.0000000000000000000 ) ) ;
#2376 = ORIENTED_EDGE ( 'NONE', *, *, #1454, .T. ) ;
#2377 = VERTEX_POINT ( 'NONE', #249 ) ;
#2378 = B_SPLINE_CURVE_WITH_KNOTS ( 'NONE', 3,
 ( #1901, #1614, #2579, #1598 ),
 .UNSPECIFIED., .F., .F.,
 ( 4, 4 ),
 ( 2.038510064939861600E-007, 8.029687228854634400E-005 ),
 .UNSPECIFIED. ) ;
#2379 = CARTESIAN_POINT ( 'NONE',  ( 3.905700596232718300, 0.07982786404823402600, -0.8500643785248142000 ) ) ;
#2380 = LINE ( 'NONE', #2457, #2414 ) ;
#2381 = ORIENTED_EDGE ( 'NONE', *, *, #330, .T. ) ;
#2382 = CIRCLE ( 'NONE', #1740, 3.979604471623006600 ) ;
#2383 = PLANE ( 'NONE',  #359 ) ;
#2384 = VERTEX_POINT ( 'NONE', #485 ) ;
#2385 = CARTESIAN_POINT ( 'NONE',  ( -0.05000000000004277400, 0.09377558662366959600, 4.083060813747689400 ) ) ;
#2386 = DIRECTION ( 'NONE',  ( -0.9492227798230977700, 0.1654888589134856100, 0.2675622391901057400 ) ) ;
#2387 = DIRECTION ( 'NONE',  ( 1.224646799147353200E-016, -0.0000000000000000000, 1.000000000000000000 ) ) ;
#2388 = VERTEX_POINT ( 'NONE', #2035 ) ;
#2389 = EDGE_CURVE ( 'NONE', #366, #1898, #134, .T. ) ;
#2390 = EDGE_CURVE ( 'NONE', #2388, #440, #229, .T. ) ;
#2391 = AXIS2_PLACEMENT_3D ( 'NONE', #2792, #2590, #140 ) ;
#2392 = CARTESIAN_POINT ( 'NONE',  ( 0.04999999908447409100, 0.03290740378530639100, -4.199702367158962200 ) ) ;
#2393 = EDGE_LOOP ( 'NONE', ( #2738, #1788, #2288, #1608 ) ) ;
#2394 = DIRECTION ( 'NONE',  ( 0.0000000000000000000, 0.0000000000000000000, -1.000000000000000000 ) ) ;
#2395 = CARTESIAN_POINT ( 'NONE',  ( 0.8487608867757979700, 0.08074247352993646500, -3.917697766902402900 ) ) ;
#2396 = CARTESIAN_POINT ( 'NONE',  ( 3.911096738073074300, 0.07979726994751965000, -0.8494710224428707600 ) ) ;
#2397 = DIRECTION ( 'NONE',  ( -6.561899312375059500E-017, -0.9851404290720539000, 0.1717507933248913800 ) ) ;
#2398 = AXIS2_PLACEMENT_3D ( 'NONE', #1518, #1525, #1745 ) ;
#2399 = AXIS2_PLACEMENT_3D ( 'NONE', #2269, #2278, #482 ) ;
#2400 = ORIENTED_EDGE ( 'NONE', *, *, #167, .F. ) ;
#2401 = DIRECTION ( 'NONE',  ( 0.0000000000000000000, 0.0000000000000000000, -1.000000000000000000 ) ) ;
#2402 = CARTESIAN_POINT ( 'NONE',  ( 1.538267723904725800, 0.2088540056697230100, 2.188460054374530700 ) ) ;
#2403 = DIRECTION ( 'NONE',  ( -1.000000000000000000, 0.0000000000000000000, 0.0000000000000000000 ) ) ;
#2404 = EDGE_CURVE ( 'NONE', #366, #2097, #1926, .T. ) ;
#2405 = CARTESIAN_POINT ( 'NONE',  ( 0.0000000000000000000, 0.001609881913663724400, 0.0000000000000000000 ) ) ;
#2406 = CARTESIAN_POINT ( 'NONE',  ( 3.916333839124048300, 0.08053321815717912100, -0.8489074003382958100 ) ) ;
#2407 = DIRECTION ( 'NONE',  ( -0.0000000000000000000, -1.000000000000000000, -0.0000000000000000000 ) ) ;
#2408 = FACE_OUTER_BOUND ( 'NONE', #1357, .T. ) ;
#2409 = EDGE_CURVE ( 'NONE', #2388, #1325, #196, .T. ) ;
#2410 = EDGE_LOOP ( 'NONE', ( #1101, #2628, #1496, #1658 ) ) ;
#2411 = CARTESIAN_POINT ( 'NONE',  ( -4.569808805528771500E-014, 0.04133736138351488300, 4.015457571399240400 ) ) ;
#2412 = CARTESIAN_POINT ( 'NONE',  ( 0.01660726296671863300, 0.07220153539475136800, -4.192490498233340200 ) ) ;
#2413 = EDGE_CURVE ( 'NONE', #1653, #119, #72, .T. ) ;
#2414 = VECTOR ( 'NONE', #2242, 1000.000000000000100 ) ;
#2415 = B_SPLINE_CURVE_WITH_KNOTS ( 'NONE', 3,
 ( #722, #681, #659, #725 ),
 .UNSPECIFIED., .F., .F.,
 ( 4, 4 ),
 ( 0.0000000000000000000, 1.000000000000000000 ),
 .UNSPECIFIED. ) ;
#2416 = DIRECTION ( 'NONE',  ( 1.000000000000000000, 0.0000000000000000000, 0.0000000000000000000 ) ) ;
#2417 = CARTESIAN_POINT ( 'NONE',  ( 4.008197674376418700, 0.07974989584046786300, -0.05000000000000000300 ) ) ;
#2418 = CARTESIAN_POINT ( 'NONE',  ( -3.916789306922814800, 0.08059722316798922900, 0.8488583824337654300 ) ) ;
#2419 = EDGE_LOOP ( 'NONE', ( #989, #1287, #169, #220, #2172, #1117, #2186, #1105, #537, #2683, #1975, #2115, #192, #2782 ) ) ;
#2420 = VERTEX_POINT ( 'NONE', #61 ) ;
#2421 = CARTESIAN_POINT ( 'NONE',  ( 3.916789306947703800, 0.08059722317180732800, -0.8488583824310918000 ) ) ;
#2422 = CIRCLE ( 'NONE', #144, 4.184982973661599100 ) ;
#2423 = ORIENTED_EDGE ( 'NONE', *, *, #595, .F. ) ;
#2424 = VERTEX_POINT ( 'NONE', #2706 ) ;
#2425 = CARTESIAN_POINT ( 'NONE',  ( -0.04999999908444479500, 0.03290740378530655100, 4.199702367158962200 ) ) ;
#2426 = CARTESIAN_POINT ( 'NONE',  ( 0.0000000000000000000, 0.001609881913663724400, 0.0000000000000000000 ) ) ;
#2427 = ORIENTED_EDGE ( 'NONE', *, *, #2390, .T. ) ;
#2428 = CARTESIAN_POINT ( 'NONE',  ( -4.286265824457928800, 0.5000000000000004400, -4.286265824457926100 ) ) ;
#2429 = DIRECTION ( 'NONE',  ( -0.0000000000000000000, -1.000000000000000000, -0.0000000000000000000 ) ) ;
#2430 = VECTOR ( 'NONE', #1201, 1000.000000000000100 ) ;
#2431 = DIRECTION ( 'NONE',  ( -3.498300623974223200E-015, 0.0000000000000000000, 1.000000000000000000 ) ) ;
#2432 = AXIS2_PLACEMENT_3D ( 'NONE', #2575, #2297, #2295 ) ;
#2433 = DIRECTION ( 'NONE',  ( 1.000000000000000000, 0.0000000000000000000, 0.0000000000000000000 ) ) ;
#2434 = DIRECTION ( 'NONE',  ( -0.0000000000000000000, -1.000000000000000000, -0.0000000000000000000 ) ) ;
#2435 = CARTESIAN_POINT ( 'NONE',  ( 1.514167571008306200, 0.2878633091076154800, 2.220411550105363400 ) ) ;
#2436 = DIRECTION ( 'NONE',  ( -1.000000000000000000, 0.0000000000000000000, -3.491481338843133400E-015 ) ) ;
#2437 = CIRCLE ( 'NONE', #1853, 3.992155566008849000 ) ;
#2438 = ORIENTED_EDGE ( 'NONE', *, *, #2117, .F. ) ;
#2439 = EDGE_CURVE ( 'NONE', #2097, #2709, #2522, .T. ) ;
#2440 = APPLICATION_CONTEXT ( 'automotive_design' ) ;
#2441 = EDGE_CURVE ( 'NONE', #1849, #919, #815, .T. ) ;
#2442 = CARTESIAN_POINT ( 'NONE',  ( 0.0000000000000000000, 0.1114853205891338500, 0.0000000000000000000 ) ) ;
#2443 = FACE_OUTER_BOUND ( 'NONE', #1089, .T. ) ;
#2444 = ORIENTED_EDGE ( 'NONE', *, *, #1970, .F. ) ;
#2445 = EDGE_CURVE ( 'NONE', #2268, #1642, #2833, .T. ) ;
#2446 = ADVANCED_FACE ( 'NONE', ( #2453 ), #744, .F. ) ;
#2447 = AXIS2_PLACEMENT_3D ( 'NONE', #535, #110, #91 ) ;
#2448 = CARTESIAN_POINT ( 'NONE',  ( 0.05000000000001447000, 0.1251769282002746500, -4.143164210601103300 ) ) ;
#2449 = VERTEX_POINT ( 'NONE', #278 ) ;
#2450 = ORIENTED_EDGE ( 'NONE', *, *, #1517, .T. ) ;
#2451 = ORIENTED_EDGE ( 'NONE', *, *, #1147, .F. ) ;
#2452 = CIRCLE ( 'NONE', #411, 0.1299999999999998900 ) ;
#2453 = FACE_OUTER_BOUND ( 'NONE', #2569, .T. ) ;
#2454 = DIRECTION ( 'NONE',  ( 0.9851404290720539000, 0.1717507933248913800, 0.0000000000000000000 ) ) ;
#2455 = CARTESIAN_POINT ( 'NONE',  ( 0.8340242249366424100, 0.1114853205891336600, 4.101034757479666800 ) ) ;
#2456 = CARTESIAN_POINT ( 'NONE',  ( -0.04988027852930278200, 0.05907019501694030200, 4.194703469916770000 ) ) ;
#2457 = CARTESIAN_POINT ( 'NONE',  ( 0.05000000000001399900, 0.07974989584046786300, -4.008197674376418700 ) ) ;
#2458 = AXIS2_PLACEMENT_3D ( 'NONE', #1623, #1606, #1597 ) ;
#2459 = B_SPLINE_CURVE_WITH_KNOTS ( 'NONE', 3,
 ( #2529, #2090, #2740, #1411, #106, #1621, #314 ),
 .UNSPECIFIED., .F., .F.,
 ( 4, 3, 4 ),
 ( 0.0003071717482055240300, 0.0003313061597034025400, 0.0004843776209941854600 ),
 .UNSPECIFIED. ) ;
#2460 = ADVANCED_FACE ( 'NONE', ( #1850 ), #1385, .F. ) ;
#2461 = ORIENTED_EDGE ( 'NONE', *, *, #1758, .T. ) ;
#2462 = CARTESIAN_POINT ( 'NONE',  ( 4.010117716611905100, 0.08106398219740319800, 0.05000000000000000300 ) ) ;
#2463 = ORIENTED_EDGE ( 'NONE', *, *, #1517, .F. ) ;
#2464 = CARTESIAN_POINT ( 'NONE',  ( 3.733440925081185300, 0.02487595335309926800, -0.8700312656774492600 ) ) ;
#2465 = DIRECTION ( 'NONE',  ( 0.0000000000000000000, 0.0000000000000000000, -1.000000000000000000 ) ) ;
#2466 = LINE ( 'NONE', #1228, #2430 ) ;
#2467 = DIRECTION ( 'NONE',  ( 0.0000000000000000000, 0.0000000000000000000, -1.000000000000000000 ) ) ;
#2468 = CARTESIAN_POINT ( 'NONE',  ( -1.514167571008308200, 0.2878633091076156500, -2.220411550105361600 ) ) ;
#2469 = EDGE_CURVE ( 'NONE', #2616, #1311, #2492, .T. ) ;
#2470 = FACE_OUTER_BOUND ( 'NONE', #152, .T. ) ;
#2471 = B_SPLINE_CURVE_WITH_KNOTS ( 'NONE', 3,
 ( #1045, #5, #610, #598 ),
 .UNSPECIFIED., .F., .F.,
 ( 4, 4 ),
 ( 0.0000000000000000000, 1.000000000000000000 ),
 .UNSPECIFIED. ) ;
#2472 = EDGE_CURVE ( 'NONE', #2384, #954, #102, .T. ) ;
#2473 = CARTESIAN_POINT ( 'NONE',  ( 0.8521565073312420400, 0.001609881913664823600, -3.887297395051586300 ) ) ;
#2474 = CARTESIAN_POINT ( 'NONE',  ( -3.579825215402688200, 0.04810561718385710600, -0.8878780529410189600 ) ) ;
#2475 = CARTESIAN_POINT ( 'NONE',  ( 0.04999999999995683600, 0.1571466956719614300, 4.121283944379609200 ) ) ;
#2476 = ORIENTED_EDGE ( 'NONE', *, *, #432, .T. ) ;
#2477 = ADVANCED_FACE ( 'NONE', ( #1255 ), #1711, .T. ) ;
#2478 = DIRECTION ( 'NONE',  ( 1.000000000000000000, 0.0000000000000000000, 0.0000000000000000000 ) ) ;
#2479 = ORIENTED_EDGE ( 'NONE', *, *, #715, .F. ) ;
#2480 = ORIENTED_EDGE ( 'NONE', *, *, #203, .T. ) ;
#2481 = FACE_OUTER_BOUND ( 'NONE', #2080, .T. ) ;
#2482 = ORIENTED_EDGE ( 'NONE', *, *, #2019, .F. ) ;
#2483 = CIRCLE ( 'NONE', #1224, 3.979604471623006600 ) ;
#2484 = ORIENTED_EDGE ( 'NONE', *, *, #1684, .F. ) ;
#2485 = VERTEX_POINT ( 'NONE', #1399 ) ;
#2486 = CARTESIAN_POINT ( 'NONE',  ( -0.04037480492298425900, 0.1111566406146552700, 4.184851051630992900 ) ) ;
#2487 = EDGE_LOOP ( 'NONE', ( #218, #318, #670, #2055 ) ) ;
#2488 = CARTESIAN_POINT ( 'NONE',  ( -0.8500643785262083100, 0.07982786405009796600, -3.905700596220405400 ) ) ;
#2489 = CARTESIAN_POINT ( 'NONE',  ( -3.917345906351215500, -0.0005244193976576621500, 0.8487666993463216500 ) ) ;
#2491 = ORIENTED_EDGE ( 'NONE', *, *, #662, .T. ) ;
#2490 = CARTESIAN_POINT ( 'NONE',  ( -0.04999999999998600000, 0.08106398219740146300, -4.010117716611902400 ) ) ;
#2492 = B_SPLINE_CURVE_WITH_KNOTS ( 'NONE', 3,
 ( #1837, #1151, #2081, #731 ),
 .UNSPECIFIED., .F., .F.,
 ( 4, 4 ),
 ( 1.201952545003641600E-006, 0.0001876818280302452600 ),
 .UNSPECIFIED. ) ;
#2493 = DIRECTION ( 'NONE',  ( 0.0000000000000000000, 0.0000000000000000000, -1.000000000000000000 ) ) ;
#2494 = ORIENTED_EDGE ( 'NONE', *, *, #37, .F. ) ;
#2495 = AXIS2_PLACEMENT_3D ( 'NONE', #1020, #2602, #1244 ) ;
#2496 = AXIS2_PLACEMENT_3D ( 'NONE', #2426, #2434, #2467 ) ;
#2497 = EDGE_CURVE ( 'NONE', #1316, #416, #32, .T. ) ;
#2498 = VERTEX_POINT ( 'NONE', #531 ) ;
#2499 = EDGE_CURVE ( 'NONE', #713, #1430, #2459, .T. ) ;
#2500 = CARTESIAN_POINT ( 'NONE',  ( 1.715216414786603400, 0.3052766615286754400, 1.950631074485635900 ) ) ;
#2501 = CARTESIAN_POINT ( 'NONE',  ( -3.932084542710758200, 0.001931744220632541700, 0.8472487804031597600 ) ) ;
#2502 = B_SPLINE_CURVE_WITH_KNOTS ( 'NONE', 3,
 ( #2793, #327, #1027, #2783 ),
 .UNSPECIFIED., .F., .F.,
 ( 4, 4 ),
 ( 2.038616453034467600E-007, 8.029688292735546000E-005 ),
 .UNSPECIFIED. ) ;
#2503 = ORIENTED_EDGE ( 'NONE', *, *, #2121, .F. ) ;
#2504 = CARTESIAN_POINT ( 'NONE',  ( 7.373787841020134700E-014, 0.04133736138351488300, -4.015457571399240400 ) ) ;
#2505 = CIRCLE ( 'NONE', #673, 4.184982973661599100 ) ;
#2506 = CARTESIAN_POINT ( 'NONE',  ( 4.017493456064356900, 0.08234933226151938700, 0.05000000000000000300 ) ) ;
#2507 = ORIENTED_EDGE ( 'NONE', *, *, #1194, .F. ) ;
#2508 = CARTESIAN_POINT ( 'NONE',  ( 0.0000000000000000000, 0.03290740435338894400, 0.0000000000000000000 ) ) ;
#2509 = CARTESIAN_POINT ( 'NONE',  ( -0.03333349981377572300, 0.08101539756668481300, 4.010046728474417700 ) ) ;
#2510 = CARTESIAN_POINT ( 'NONE',  ( 4.024869195423583800, 0.08363468286058656200, 0.05000000000000000300 ) ) ;
#2511 = CIRCLE ( 'NONE', #385, 0.03874031597854085700 ) ;
#2512 = VERTEX_POINT ( 'NONE', #538 ) ;
#2513 = CARTESIAN_POINT ( 'NONE',  ( 0.8506512677018112100, 0.08061918535140867600, 3.900474135790767500 ) ) ;
#2514 = DIRECTION ( 'NONE',  ( 0.0000000000000000000, 0.0000000000000000000, 1.000000000000000000 ) ) ;
#2515 = EDGE_CURVE ( 'NONE', #2133, #2512, #2321, .T. ) ;
#2516 = AXIS2_PLACEMENT_3D ( 'NONE', #139, #2514, #2478 ) ;
#2517 = VERTEX_POINT ( 'NONE', #94 ) ;
#2518 = VERTEX_POINT ( 'NONE', #1174 ) ;
#2519 = DIRECTION ( 'NONE',  ( -0.8252324913765745100, 0.5647931791164017000, 0.0000000000000000000 ) ) ;
#2520 = CIRCLE ( 'NONE', #1257, 4.022327603132236400 ) ;
#2521 = ORIENTED_EDGE ( 'NONE', *, *, #849, .T. ) ;
#2522 = LINE ( 'NONE', #2054, #175 ) ;
#2523 = CARTESIAN_POINT ( 'NONE',  ( 4.032244934691112400, 0.08492003398584678500, 0.05000000000000000300 ) ) ;
#2524 = ORIENTED_EDGE ( 'NONE', *, *, #80, .T. ) ;
#2525 = EDGE_CURVE ( 'NONE', #1581, #2160, #613, .T. ) ;
#2526 = EDGE_LOOP ( 'NONE', ( #2667, #1277, #1971, #726 ) ) ;
#2527 = ORIENTED_EDGE ( 'NONE', *, *, #889, .F. ) ;
#2528 = ORIENTED_EDGE ( 'NONE', *, *, #556, .F. ) ;
#2529 = CARTESIAN_POINT ( 'NONE',  ( -0.04999999999998538900, 0.1109743212122548800, -4.184782840622305300 ) ) ;
#2530 = DIRECTION ( 'NONE',  ( 0.0000000000000000000, 0.0000000000000000000, -1.000000000000000000 ) ) ;
#2531 = FACE_OUTER_BOUND ( 'NONE', #10, .T. ) ;
#2532 = CARTESIAN_POINT ( 'NONE',  ( -4.197202920312100200, 0.04598879974242027500, 0.04994013930851752500 ) ) ;
#2533 = CARTESIAN_POINT ( 'NONE',  ( 3.917244021809529500, 0.08066698269610662900, -0.8488095371633730400 ) ) ;
#2534 = CARTESIAN_POINT ( 'NONE',  ( 4.083060813747689400, 0.09377558662366949900, 0.05000000000000000300 ) ) ;
#2535 = CARTESIAN_POINT ( 'NONE',  ( 0.8500643785248263000, 0.07982786404823406800, 3.905700596232715600 ) ) ;
#2536 = CARTESIAN_POINT ( 'NONE',  ( -3.900261362806483500, 0.0001006543143244210300, -0.8506689116233036000 ) ) ;
#2537 = B_SPLINE_CURVE_WITH_KNOTS ( 'NONE', 3,
 ( #1374, #1336, #1102, #1389 ),
 .UNSPECIFIED., .F., .F.,
 ( 4, 4 ),
 ( 2.000000000003843300E-007, 0.0001002000000000003800 ),
 .UNSPECIFIED. ) ;
#2538 = CARTESIAN_POINT ( 'NONE',  ( 4.855501079736768700E-028, -16.63030600689261400, 0.0000000000000000000 ) ) ;
#2539 = CARTESIAN_POINT ( 'NONE',  ( 4.143164210601103300, 0.1251769282002746500, -0.05000000000000000300 ) ) ;
#2540 = EDGE_LOOP ( 'NONE', ( #298, #467, #2845, #2427, #475, #1062, #2266, #832, #2239 ) ) ;
#2541 = DIRECTION ( 'NONE',  ( 0.0000000000000000000, 0.0000000000000000000, -1.000000000000000000 ) ) ;
#2542 = PRODUCT_DEFINITION_SHAPE ( 'NONE', 'NONE',  #2294 ) ;
#2543 = ORIENTED_EDGE ( 'NONE', *, *, #450, .F. ) ;
#2544 = CARTESIAN_POINT ( 'NONE',  ( 4.184781053398891600, 0.1109789604686253300, 0.05000000000000000300 ) ) ;
#2545 = AXIS2_PLACEMENT_3D ( 'NONE', #444, #8, #1981 ) ;
#2546 = VERTEX_POINT ( 'NONE', #548 ) ;
#2547 = DIRECTION ( 'NONE',  ( -1.000000000000000000, 0.0000000000000000000, -3.491481338843133400E-015 ) ) ;
#2548 = FACE_OUTER_BOUND ( 'NONE', #1583, .T. ) ;
#2549 = EDGE_CURVE ( 'NONE', #1209, #1636, #1779, .T. ) ;
#2550 = DIRECTION ( 'NONE',  ( -0.0000000000000000000, -1.000000000000000000, -0.0000000000000000000 ) ) ;
#2551 = FACE_OUTER_BOUND ( 'NONE', #1324, .T. ) ;
#2552 = EDGE_CURVE ( 'NONE', #162, #2388, #2168, .T. ) ;
#2553 = B_SPLINE_CURVE_WITH_KNOTS ( 'NONE', 3,
 ( #2756, #1632, #2720, #2715 ),
 .UNSPECIFIED., .F., .F.,
 ( 4, 4 ),
 ( 9.096954532116527800E-019, 0.0001868724084192266700 ),
 .UNSPECIFIED. ) ;
#2554 = B_SPLINE_CURVE_WITH_KNOTS ( 'NONE', 3,
 ( #1087, #1098, #1022, #961 ),
 .UNSPECIFIED., .F., .F.,
 ( 4, 4 ),
 ( 0.0000000000000000000, 0.0001868724084196155700 ),
 .UNSPECIFIED. ) ;
#2555 = ORIENTED_EDGE ( 'NONE', *, *, #2063, .F. ) ;
#2556 = DIRECTION ( 'NONE',  ( -0.0000000000000000000, -1.000000000000000000, -0.0000000000000000000 ) ) ;
#2557 = CARTESIAN_POINT ( 'NONE',  ( -4.184781053398891600, 0.1109789604686253300, -0.05000000000000000300 ) ) ;
#2558 = EDGE_CURVE ( 'NONE', #1918, #2512, #2382, .T. ) ;
#2559 = ORIENTED_EDGE ( 'NONE', *, *, #2558, .F. ) ;
#2560 = CARTESIAN_POINT ( 'NONE',  ( 4.184851051630992900, 0.1111566406146571300, 0.04037480492287992600 ) ) ;
#2561 = CARTESIAN_POINT ( 'NONE',  ( 2.142605853953527500E-011, 0.08099109975592704000, 4.010011226376219500 ) ) ;
#2562 = CARTESIAN_POINT ( 'NONE',  ( 4.184792550220576500, 0.1114853205891335600, 0.03992244300933110000 ) ) ;
#2563 = ORIENTED_EDGE ( 'NONE', *, *, #1323, .F. ) ;
#2564 = ORIENTED_EDGE ( 'NONE', *, *, #1312, .T. ) ;
#2565 = CARTESIAN_POINT ( 'NONE',  ( 0.0000000000000000000, 0.08074247352993745000, 0.0000000000000000000 ) ) ;
#2566 = ORIENTED_EDGE ( 'NONE', *, *, #663, .F. ) ;
#2567 = AXIS2_PLACEMENT_3D ( 'NONE', #1447, #1422, #1416 ) ;
#2568 = DIRECTION ( 'NONE',  ( -1.835488005064978600E-015, -0.9845266551315357000, 0.1752348861828323100 ) ) ;
#2569 = EDGE_LOOP ( 'NONE', ( #1048, #300, #1418, #2006, #1438, #2036, #1012, #972 ) ) ;
#2570 = CARTESIAN_POINT ( 'NONE',  ( -4.583902858243372300E-014, 0.001931744220632684400, 4.022327603132236400 ) ) ;
#2571 = CARTESIAN_POINT ( 'NONE',  ( 0.8514082489722304400, 0.0006359368622864557000, -3.893738007423126000 ) ) ;
#2572 = CARTESIAN_POINT ( 'NONE',  ( 4.133876688457309700, 0.1026311642056875600, 0.05000000000000000300 ) ) ;
#2573 = CARTESIAN_POINT ( 'NONE',  ( 3.597310611474740800, 0.1265201842782000000, -0.8846940760716054400 ) ) ;
#2574 = CARTESIAN_POINT ( 'NONE',  ( 3.917697766902402900, 0.08074247352993652000, -0.8487608867757990800 ) ) ;
#2575 = CARTESIAN_POINT ( 'NONE',  ( 0.0000000000000000000, 0.1114853205891338500, 0.0000000000000000000 ) ) ;
#2576 = ORIENTED_EDGE ( 'NONE', *, *, #458, .F. ) ;
#2577 = ORIENTED_EDGE ( 'NONE', *, *, #1976, .F. ) ;
#2578 = CARTESIAN_POINT ( 'NONE',  ( -3.599084704675882000, 0.1257797841200316800, -0.8946245184233231300 ) ) ;
#2579 = CARTESIAN_POINT ( 'NONE',  ( -4.106199117997168600, 0.08529336795367854800, 0.8337471296113648800 ) ) ;
#2580 = DIRECTION ( 'NONE',  ( -0.0000000000000000000, -1.000000000000000000, -0.0000000000000000000 ) ) ;
#2581 = ADVANCED_FACE ( 'NONE', ( #2815 ), #2750, .T. ) ;
#2582 = CARTESIAN_POINT ( 'NONE',  ( 3.887297395051584100, 0.001609881913664826600, 0.8521565073312511500 ) ) ;
#2583 = ORIENTED_EDGE ( 'NONE', *, *, #27, .F. ) ;
#2584 = DIRECTION ( 'NONE',  ( -0.0000000000000000000, -1.000000000000000000, -0.0000000000000000000 ) ) ;
#2585 = CYLINDRICAL_SURFACE ( 'NONE', #121, 3.457207342587261100 ) ;
#2586 = ORIENTED_EDGE ( 'NONE', *, *, #301, .T. ) ;
#2587 = ORIENTED_EDGE ( 'NONE', *, *, #1689, .T. ) ;
#2588 = VERTEX_POINT ( 'NONE', #2761 ) ;
#2589 = CARTESIAN_POINT ( 'NONE',  ( -0.01666666667988638300, 0.01224017809789294800, 4.081455452129677800 ) ) ;
#2590 = DIRECTION ( 'NONE',  ( 0.0000000000000000000, 1.000000000000000000, 0.0000000000000000000 ) ) ;
#2591 = SHAPE_DEFINITION_REPRESENTATION ( #2542, #1322 ) ;
#2592 = ORIENTED_EDGE ( 'NONE', *, *, #2445, .T. ) ;
#2593 = ORIENTED_EDGE ( 'NONE', *, *, #172, .F. ) ;
#2594 = CARTESIAN_POINT ( 'NONE',  ( -4.197202920312100200, 0.04598879974242014300, -0.04994013930849656300 ) ) ;
#2595 = CARTESIAN_POINT ( 'NONE',  ( 4.010117716611905100, 0.08106398219740319800, -0.05000000000000000300 ) ) ;
#2596 = CARTESIAN_POINT ( 'NONE',  ( 0.0000000000000000000, 0.03290740435338894400, 0.0000000000000000000 ) ) ;
#2597 = DIRECTION ( 'NONE',  ( 0.0000000000000000000, 0.0000000000000000000, 1.000000000000000000 ) ) ;
#2598 = ORIENTED_EDGE ( 'NONE', *, *, #886, .F. ) ;
#2599 = B_SPLINE_CURVE_WITH_KNOTS ( 'NONE', 3,
 ( #2141, #2707, #1763, #1792 ),
 .UNSPECIFIED., .F., .F.,
 ( 4, 4 ),
 ( 3.808947891406361400E-006, 0.001002588761474832600 ),
 .UNSPECIFIED. ) ;
#2600 = EDGE_CURVE ( 'NONE', #2709, #2384, #2147, .T. ) ;
#2601 = VERTEX_POINT ( 'NONE', #2333 ) ;
#2602 = DIRECTION ( 'NONE',  ( -0.0000000000000000000, -1.000000000000000000, -0.0000000000000000000 ) ) ;
#2603 = CARTESIAN_POINT ( 'NONE',  ( -0.04999999999998600700, 0.07974989584046786300, -4.008197674376418700 ) ) ;
#2604 = CARTESIAN_POINT ( 'NONE',  ( -0.8521565073312545900, 0.001609881913664683300, -3.887297395051584100 ) ) ;
#2605 = B_SPLINE_CURVE_WITH_KNOTS ( 'NONE', 3,
 ( #884, #647, #2327, #136 ),
 .UNSPECIFIED., .F., .F.,
 ( 4, 4 ),
 ( 1.222604722022866600E-006, 0.0001887652085320614100 ),
 .UNSPECIFIED. ) ;
#2606 = DIRECTION ( 'NONE',  ( -0.9635405794048319500, -0.04595402684461346400, -0.2635863791188105500 ) ) ;
#2607 = CONICAL_SURFACE ( 'NONE', #1015, 4.200000000000000200, 0.1888330626518987500 ) ;
#2608 = AXIS2_PLACEMENT_3D ( 'NONE', #1400, #1388, #1377 ) ;
#2609 = B_SPLINE_CURVE_WITH_KNOTS ( 'NONE', 3,
 ( #1236, #1265, #1177, #1155 ),
 .UNSPECIFIED., .F., .F.,
 ( 4, 4 ),
 ( 1.999999999999980600E-007, 0.0001001999999999999800 ),
 .UNSPECIFIED. ) ;
#2610 = CARTESIAN_POINT ( 'NONE',  ( 2.691081501931089400E-015, 0.1114853205891338700, -4.184887761941087800 ) ) ;
#2611 = CARTESIAN_POINT ( 'NONE',  ( 4.184781053398891600, 0.1109789604686253300, 0.05000000000000000300 ) ) ;
#2612 = DIRECTION ( 'NONE',  ( 0.0000000000000000000, 0.0000000000000000000, 1.000000000000000000 ) ) ;
#2613 = CARTESIAN_POINT ( 'NONE',  ( 0.1114550869003170500, -0.6392920230856864400, -3.500379543440290600E-016 ) ) ;
#2614 = CARTESIAN_POINT ( 'NONE',  ( -4.184782840622305300, 0.1109743212122548800, 0.05000000000000000300 ) ) ;
#2615 = DIRECTION ( 'NONE',  ( 0.0000000000000000000, 0.0000000000000000000, -1.000000000000000000 ) ) ;
#2616 = VERTEX_POINT ( 'NONE', #1440 ) ;
#2617 = EDGE_LOOP ( 'NONE', ( #1666, #736, #2681, #2202 ) ) ;
#2618 = CARTESIAN_POINT ( 'NONE',  ( 0.0000000000000000000, 0.001609881913663724400, 0.0000000000000000000 ) ) ;
#2619 = CIRCLE ( 'NONE', #1024, 0.03874031597854085700 ) ;
#2620 = EDGE_CURVE ( 'NONE', #1516, #2588, #470, .T. ) ;
#2621 = CARTESIAN_POINT ( 'NONE',  ( 2.188460054374512500, 0.2088540056699264000, 1.538267723904738900 ) ) ;
#2622 = CARTESIAN_POINT ( 'NONE',  ( -4.168841840325871600, 0.1087244854204250800, 0.05000000000000000300 ) ) ;
#2623 = CARTESIAN_POINT ( 'NONE',  ( -1.182692899981158100, 0.2428009866234364900, 2.733012864235783400 ) ) ;
#2624 = FACE_OUTER_BOUND ( 'NONE', #1927, .T. ) ;
#2625 = ORIENTED_EDGE ( 'NONE', *, *, #250, .F. ) ;
#2626 = ORIENTED_EDGE ( 'NONE', *, *, #2600, .T. ) ;
#2627 = CARTESIAN_POINT ( 'NONE',  ( -0.05000000000004207300, 0.08234933226151912300, 4.017493456064354300 ) ) ;
#2628 = ORIENTED_EDGE ( 'NONE', *, *, #2124, .F. ) ;
#2629 = CARTESIAN_POINT ( 'NONE',  ( 0.0000000000000000000, 0.03290740435338894400, 0.0000000000000000000 ) ) ;
#2630 = EDGE_LOOP ( 'NONE', ( #2131, #2365, #2366, #88 ) ) ;
#2631 = VECTOR ( 'NONE', #2162, 1000.000000000000000 ) ;
#2632 = ORIENTED_EDGE ( 'NONE', *, *, #1415, .T. ) ;
#2633 = CARTESIAN_POINT ( 'NONE',  ( 0.0000000000000000000, 0.03290740435338894400, 0.0000000000000000000 ) ) ;
#2634 = B_SPLINE_CURVE_WITH_KNOTS ( 'NONE', 3,
 ( #1878, #2038, #2053, #2111 ),
 .UNSPECIFIED., .F., .F.,
 ( 4, 4 ),
 ( 0.0000000000000000000, 1.000000000000000000 ),
 .UNSPECIFIED. ) ;
#2635 = DIRECTION ( 'NONE',  ( 0.0000000000000000000, 0.0000000000000000000, -1.000000000000000000 ) ) ;
#2636 = DIRECTION ( 'NONE',  ( 0.0000000000000000000, 0.0000000000000000000, -1.000000000000000000 ) ) ;
#2637 = AXIS2_PLACEMENT_3D ( 'NONE', #2699, #852, #2649 ) ;
#2638 = CARTESIAN_POINT ( 'NONE',  ( -1.538267723904712900, 0.2088540056699248500, 2.188460054374529800 ) ) ;
#2639 = PLANE ( 'NONE',  #1990 ) ;
#2640 = CARTESIAN_POINT ( 'NONE',  ( 0.0000000000000000000, 0.1114853205891338500, 0.0000000000000000000 ) ) ;
#2641 = VERTEX_POINT ( 'NONE', #1211 ) ;
#2642 = EDGE_CURVE ( 'NONE', #1568, #46, #1634, .T. ) ;
#2643 = B_SPLINE_CURVE_WITH_KNOTS ( 'NONE', 3,
 ( #289, #105, #519, #90 ),
 .UNSPECIFIED., .F., .F.,
 ( 4, 4 ),
 ( 3.342344092587912800E-007, 2.020875504336507600E-006 ),
 .UNSPECIFIED. ) ;
#2644 = CARTESIAN_POINT ( 'NONE',  ( -0.04999999999998538900, 0.1109743212122548800, -4.184782840622305300 ) ) ;
#2645 = CARTESIAN_POINT ( 'NONE',  ( -3.911096738047517500, 0.07979726994761633700, 0.8494710224456790700 ) ) ;
#2646 = CARTESIAN_POINT ( 'NONE',  ( -0.05000000000004201100, 0.08106398219740146300, 4.010117716611901500 ) ) ;
#2647 = PLANE ( 'NONE',  #2323 ) ;
#2648 = B_SPLINE_CURVE_WITH_KNOTS ( 'NONE', 3,
 ( #1533, #1433, #1365, #1328 ),
 .UNSPECIFIED., .F., .F.,
 ( 4, 4 ),
 ( 9.859985263738162000E-005, 0.0001159460901110461400 ),
 .UNSPECIFIED. ) ;
#2649 = DIRECTION ( 'NONE',  ( 0.0000000000000000000, 0.0000000000000000000, -1.000000000000000000 ) ) ;
#2650 = DIRECTION ( 'NONE',  ( -8.643851531545008500E-015, 0.5647931791164017000, 0.8252324913765745100 ) ) ;
#2651 = EDGE_CURVE ( 'NONE', #462, #2227, #1042, .T. ) ;
#2652 = DIRECTION ( 'NONE',  ( -0.0000000000000000000, -1.000000000000000000, -0.0000000000000000000 ) ) ;
#2653 = ORIENTED_EDGE ( 'NONE', *, *, #906, .F. ) ;
#2654 = VERTEX_POINT ( 'NONE', #352 ) ;
#2655 = ADVANCED_FACE ( 'NONE', ( #541 ), #967, .T. ) ;
#2656 = LINE ( 'NONE', #1922, #674 ) ;
#2657 = AXIS2_PLACEMENT_3D ( 'NONE', #927, #970, #958 ) ;
#2658 = AXIS2_PLACEMENT_3D ( 'NONE', #164, #2799, #2831 ) ;
#2659 = EDGE_CURVE ( 'NONE', #1345, #162, #2108, .T. ) ;
#2660 = VERTEX_POINT ( 'NONE', #576 ) ;
#2661 = SURFACE_SIDE_STYLE ('',( #1965 ) ) ;
#2662 = VERTEX_POINT ( 'NONE', #2779 ) ;
#2663 = VERTEX_POINT ( 'NONE', #370 ) ;
#2664 = DIRECTION ( 'NONE',  ( -0.0000000000000000000, -1.000000000000000000, -0.0000000000000000000 ) ) ;
#2665 = CARTESIAN_POINT ( 'NONE',  ( -0.04982041766165226600, 0.07215159023128729600, 4.192204019208629600 ) ) ;
#2666 = ORIENTED_EDGE ( 'NONE', *, *, #109, .T. ) ;
#2667 = ORIENTED_EDGE ( 'NONE', *, *, #322, .T. ) ;
#2668 = ORIENTED_EDGE ( 'NONE', *, *, #1899, .T. ) ;
#2669 = EDGE_LOOP ( 'NONE', ( #761, #1245, #2679, #1453 ) ) ;
#2670 = ORIENTED_EDGE ( 'NONE', *, *, #1454, .F. ) ;
#2671 = CARTESIAN_POINT ( 'NONE',  ( 3.282539681839440300, 0.09133395887903950100, 0.9634865979487183800 ) ) ;
#2672 = VERTEX_POINT ( 'NONE', #2149 ) ;
#2673 = CARTESIAN_POINT ( 'NONE',  ( -3.993432610676306300, 0.01215527432976863700, 0.8409305978915859700 ) ) ;
#2674 = ORIENTED_EDGE ( 'NONE', *, *, #650, .F. ) ;
#2675 = FACE_OUTER_BOUND ( 'NONE', #966, .T. ) ;
#2676 = EDGE_CURVE ( 'NONE', #1360, #874, #2690, .T. ) ;
#2677 = ADVANCED_FACE ( 'NONE', ( #2190 ), #1434, .T. ) ;
#2678 = CARTESIAN_POINT ( 'NONE',  ( -0.04999999908444479500, 0.03290740378530655100, 4.199702367158962200 ) ) ;
#2679 = ORIENTED_EDGE ( 'NONE', *, *, #1771, .F. ) ;
#2680 = B_SPLINE_CURVE_WITH_KNOTS ( 'NONE', 3,
 ( #1326, #1223, #282, #2065, #6, #21, #24 ),
 .UNSPECIFIED., .F., .F.,
 ( 4, 3, 4 ),
 ( 0.0001098825857807875400, 0.0001353204681029252400, 0.0001548977301564132300 ),
 .UNSPECIFIED. ) ;
#2681 = ORIENTED_EDGE ( 'NONE', *, *, #2014, .F. ) ;
#2682 = CARTESIAN_POINT ( 'NONE',  ( 4.855501079736768700E-028, -16.63030600689261400, 0.0000000000000000000 ) ) ;
#2683 = ORIENTED_EDGE ( 'NONE', *, *, #693, .T. ) ;
#2684 = CARTESIAN_POINT ( 'NONE',  ( 2.735917408740833800, 0.2424776005148892600, -1.181131720256621400 ) ) ;
#2685 = CARTESIAN_POINT ( 'NONE',  ( 0.0000000000000000000, 0.08061918535140881500, 0.0000000000000000000 ) ) ;
#2686 = ADVANCED_FACE ( 'NONE', ( #914 ), #256, .T. ) ;
#2687 = VECTOR ( 'NONE', #801, 1000.000000000000100 ) ;
#2688 = CARTESIAN_POINT ( 'NONE',  ( 0.8332282182147050500, 0.03290740435339208800, 4.116519250091137400 ) ) ;
#2689 = ORIENTED_EDGE ( 'NONE', *, *, #2441, .T. ) ;
#2690 = LINE ( 'NONE', #1220, #1509 ) ;
#2691 = DIRECTION ( 'NONE',  ( 3.498300623974223200E-015, 0.0000000000000000000, -1.000000000000000000 ) ) ;
#2692 = ORIENTED_EDGE ( 'NONE', *, *, #2497, .T. ) ;
#2693 = CARTESIAN_POINT ( 'NONE',  ( -4.192204019208627800, 0.07215159023128706100, 0.04982041766165790800 ) ) ;
#2694 = CARTESIAN_POINT ( 'NONE',  ( 4.184942278865279700, 0.1104832795211453300, 0.04418104336897602700 ) ) ;
#2695 = CARTESIAN_POINT ( 'NONE',  ( -0.04999999908444479500, 0.03290740378530655100, 4.199702367158962200 ) ) ;
#2696 = VERTEX_POINT ( 'NONE', #592 ) ;
#2697 = ORIENTED_EDGE ( 'NONE', *, *, #1930, .T. ) ;
#2698 = EDGE_CURVE ( 'NONE', #1181, #2193, #413, .T. ) ;
#2699 = CARTESIAN_POINT ( 'NONE',  ( 0.0000000000000000000, 0.1299999999999995000, 0.0000000000000000000 ) ) ;
#2700 = CARTESIAN_POINT ( 'NONE',  ( -4.181759488389396000, 0.1285260496614448700, 0.05000000000000000300 ) ) ;
#2701 = ADVANCED_FACE ( 'NONE', ( #2031 ), #384, .F. ) ;
#2702 = CYLINDRICAL_SURFACE ( 'NONE', #666, 3.457207342587259400 ) ;
#2703 = CARTESIAN_POINT ( 'NONE',  ( 3.906150007206997900, 0.07975982017870567000, 0.8500139133119722900 ) ) ;
#2704 = EDGE_CURVE ( 'NONE', #2696, #1619, #1980, .T. ) ;
#2705 = CARTESIAN_POINT ( 'NONE',  ( 0.01330828836312703200, 0.1114853205891339200, 4.185046446216461800 ) ) ;
#2706 = CARTESIAN_POINT ( 'NONE',  ( 4.199702367158963100, 0.03290740378530646700, 0.04999999908443020900 ) ) ;
#2707 = CARTESIAN_POINT ( 'NONE',  ( 1.950631074485634800, 0.3052766615286776100, -1.715216414786588000 ) ) ;
#2708 = FACE_OUTER_BOUND ( 'NONE', #1573, .T. ) ;
#2709 = VERTEX_POINT ( 'NONE', #1929 ) ;
#2710 = ORIENTED_EDGE ( 'NONE', *, *, #1069, .T. ) ;
#2711 = DIRECTION ( 'NONE',  ( 0.0000000000000000000, 0.0000000000000000000, -1.000000000000000000 ) ) ;
#2712 = DIRECTION ( 'NONE',  ( 0.0000000000000000000, 0.0000000000000000000, -1.000000000000000000 ) ) ;
#2713 = B_SPLINE_CURVE_WITH_KNOTS ( 'NONE', 3,
 ( #2610, #1451, #1013, #1264 ),
 .UNSPECIFIED., .F., .F.,
 ( 4, 4 ),
 ( 0.4999999999996508300, 1.000000000000000000 ),
 .UNSPECIFIED. ) ;
#2714 = CONICAL_SURFACE ( 'NONE', #118, 4.022327603132236400, 1.398189730188844200 ) ;
#2715 = CARTESIAN_POINT ( 'NONE',  ( 0.04999999908443666200, 0.03290740378530653700, 4.199702367158963100 ) ) ;
#2716 = AXIS2_PLACEMENT_3D ( 'NONE', #511, #619, #2712 ) ;
#2717 = CARTESIAN_POINT ( 'NONE',  ( 4.855501079736768700E-028, -16.63030600689261400, 0.0000000000000000000 ) ) ;
#2718 = ORIENTED_EDGE ( 'NONE', *, *, #1493, .F. ) ;
#2719 = CARTESIAN_POINT ( 'NONE',  ( 0.0000000000000000000, 0.2088540056697230100, 0.0000000000000000000 ) ) ;
#2720 = CARTESIAN_POINT ( 'NONE',  ( 0.03333333387878422600, 0.02256610854471813700, 4.140580252647668900 ) ) ;
#2721 = CARTESIAN_POINT ( 'NONE',  ( -0.05000000000004329500, 0.1026311642056876000, 4.133876688457308800 ) ) ;
#2722 = EDGE_LOOP ( 'NONE', ( #1364, #1005, #964, #1858, #2718, #2503, #1061, #835, #1603, #1086, #683, #1254, #2046, #1218, #1859, #2118 ) ) ;
#2723 = ORIENTED_EDGE ( 'NONE', *, *, #1119, .F. ) ;
#2724 = CARTESIAN_POINT ( 'NONE',  ( -4.116519250091139200, 0.03290740435339194200, 0.8332282182146938400 ) ) ;
#2725 = CARTESIAN_POINT ( 'NONE',  ( 4.181759488389396000, 0.1285260496614448700, -0.05000000000000000300 ) ) ;
#2726 = ORIENTED_EDGE ( 'NONE', *, *, #634, .T. ) ;
#2727 = ADVANCED_FACE ( 'NONE', ( #335 ), #2383, .F. ) ;
#2728 = DIRECTION ( 'NONE',  ( -0.0000000000000000000, -1.000000000000000000, -0.0000000000000000000 ) ) ;
#2729 = VERTEX_POINT ( 'NONE', #1495 ) ;
#2730 = ORIENTED_EDGE ( 'NONE', *, *, #138, .F. ) ;
#2731 = CARTESIAN_POINT ( 'NONE',  ( 4.194703469916770000, 0.05907019501694035800, -0.04988027852930894400 ) ) ;
#2732 = PRODUCT_DEFINITION_FORMATION_WITH_SPECIFIED_SOURCE ( 'ANY', '', #1650, .NOT_KNOWN. ) ;
#2733 = TOROIDAL_SURFACE ( 'NONE', #145, 4.000000000000000000, 0.1299999999999997500 ) ;
#2734 = EDGE_CURVE ( 'NONE', #1497, #954, #842, .T. ) ;
#2735 = EDGE_LOOP ( 'NONE', ( #60, #2776, #573, #1746 ) ) ;
#2736 = AXIS2_PLACEMENT_3D ( 'NONE', #488, #79, #527 ) ;
#2737 = CARTESIAN_POINT ( 'NONE',  ( -0.04982041766161399800, 0.07215159023128706100, -4.192204019208628700 ) ) ;
#2738 = ORIENTED_EDGE ( 'NONE', *, *, #1119, .T. ) ;
#2739 = VERTEX_POINT ( 'NONE', #399 ) ;
#2740 = CARTESIAN_POINT ( 'NONE',  ( -0.04999999999998544500, 0.1087244854204250800, -4.168841840325871600 ) ) ;
#2741 = CARTESIAN_POINT ( 'NONE',  ( -0.03321425168388508800, 0.07218488682364213000, -4.192395004173788700 ) ) ;
#2742 = DIRECTION ( 'NONE',  ( 0.0000000000000000000, 0.0000000000000000000, -1.000000000000000000 ) ) ;
#2743 = AXIS2_PLACEMENT_3D ( 'NONE', #1412, #1279, #1373 ) ;
#2744 = CARTESIAN_POINT ( 'NONE',  ( -0.04999999999998561800, 0.1571466956719614300, -4.121283944379609200 ) ) ;
#2745 = CARTESIAN_POINT ( 'NONE',  ( -3.887297395051584100, 0.001609881913664820700, -0.8521565073312523700 ) ) ;
#2746 = LINE ( 'NONE', #2138, #2687 ) ;
#2747 = DIRECTION ( 'NONE',  ( -0.0000000000000000000, -1.000000000000000000, -0.0000000000000000000 ) ) ;
#2748 = EDGE_LOOP ( 'NONE', ( #778, #1134, #1351, #1960 ) ) ;
#2749 = DIRECTION ( 'NONE',  ( 1.000000000000000000, 0.0000000000000000000, 0.0000000000000000000 ) ) ;
#2750 = CONICAL_SURFACE ( 'NONE', #1892, 4.022327603132236400, 1.398189730188844200 ) ;
#2751 = ORIENTED_EDGE ( 'NONE', *, *, #2525, .F. ) ;
#2752 = DIRECTION ( 'NONE',  ( -0.9851404290720539000, 0.1717507933248913800, 0.0000000000000000000 ) ) ;
#2753 = B_SPLINE_CURVE_WITH_KNOTS ( 'NONE', 3,
 ( #387, #2357, #360, #1058 ),
 .UNSPECIFIED., .F., .F.,
 ( 4, 4 ),
 ( 3.428555827617647900E-007, 2.029496677798531300E-006 ),
 .UNSPECIFIED. ) ;
#2754 = CARTESIAN_POINT ( 'NONE',  ( -0.8422229527424477400, 0.09088738945602102500, -3.978674783388804300 ) ) ;
#2755 = CIRCLE ( 'NONE', #923, 4.200000000000000200 ) ;
#2756 = CARTESIAN_POINT ( 'NONE',  ( -4.583902858243372300E-014, 0.001931744220632684400, 4.022327603132236400 ) ) ;
#2757 = CARTESIAN_POINT ( 'NONE',  ( -0.8472487804023528500, 0.001931744208480821100, 3.932084542713828700 ) ) ;
#2758 = ORIENTED_EDGE ( 'NONE', *, *, #534, .T. ) ;
#2759 = AXIS2_PLACEMENT_3D ( 'NONE', #2791, #83, #126 ) ;
#2760 = DIRECTION ( 'NONE',  ( 0.0000000000000000000, 0.0000000000000000000, -1.000000000000000000 ) ) ;
#2761 = CARTESIAN_POINT ( 'NONE',  ( 0.04999999999995617000, 0.1109743212122548500, 4.184782840622305300 ) ) ;
#2762 = AXIS2_PLACEMENT_3D ( 'NONE', #1584, #1595, #1660 ) ;
#2763 = CARTESIAN_POINT ( 'NONE',  ( 0.0000000000000000000, 0.08061918535140881500, 0.0000000000000000000 ) ) ;
#2764 = VERTEX_POINT ( 'NONE', #1943 ) ;
#2765 = CARTESIAN_POINT ( 'NONE',  ( 0.0000000000000000000, 0.2088540056697230100, 0.0000000000000000000 ) ) ;
#2766 = B_SPLINE_CURVE_WITH_KNOTS ( 'NONE', 3,
 ( #491, #750, #1004, #242 ),
 .UNSPECIFIED., .F., .F.,
 ( 4, 4 ),
 ( 0.0000000000000000000, 0.0001868724084196155700 ),
 .UNSPECIFIED. ) ;
#2767 = ORIENTED_EDGE ( 'NONE', *, *, #2829, .T. ) ;
#2768 = ORIENTED_EDGE ( 'NONE', *, *, #662, .F. ) ;
#2769 = CARTESIAN_POINT ( 'NONE',  ( 7.373787841020134700E-014, 0.04133736138351488300, -4.015457571399240400 ) ) ;
#2770 = DIRECTION ( 'NONE',  ( 2.881283843848336300E-015, 0.5647931791164017000, -0.8252324913765745100 ) ) ;
#2771 = ORIENTED_EDGE ( 'NONE', *, *, #81, .T. ) ;
#2772 = CARTESIAN_POINT ( 'NONE',  ( 0.0000000000000000000, 0.1114853205891338500, 0.0000000000000000000 ) ) ;
#2773 = DIRECTION ( 'NONE',  ( 0.1717507933248913800, -0.9851404290720539000, -5.340456967016114900E-016 ) ) ;
#2774 = ORIENTED_EDGE ( 'NONE', *, *, #382, .F. ) ;
#2775 = EDGE_CURVE ( 'NONE', #2276, #2227, #2110, .T. ) ;
#2776 = ORIENTED_EDGE ( 'NONE', *, *, #1226, .F. ) ;
#2777 = ORIENTED_EDGE ( 'NONE', *, *, #500, .T. ) ;
#2778 = ORIENTED_EDGE ( 'NONE', *, *, #522, .F. ) ;
#2779 = CARTESIAN_POINT ( 'NONE',  ( 2.687551094385847200, 0.2878633091074646000, 0.0000000000000000000 ) ) ;
#2780 = EDGE_CURVE ( 'NONE', #1079, #2123, #1939, .T. ) ;
#2781 = CARTESIAN_POINT ( 'NONE',  ( 4.015457571399240400, 0.04133736138351488300, 3.167819287783089800E-014 ) ) ;
#2782 = ORIENTED_EDGE ( 'NONE', *, *, #1103, .F. ) ;
#2783 = CARTESIAN_POINT ( 'NONE',  ( 4.116519250091118700, 0.03290740435338870800, 0.8332282182147020500 ) ) ;
#2784 = CARTESIAN_POINT ( 'NONE',  ( -0.01660726296669560000, 0.07220153539475134000, -4.192490498233341100 ) ) ;
#2785 = DIRECTION ( 'NONE',  ( 0.0000000000000000000, 0.0000000000000000000, -1.000000000000000000 ) ) ;
#2786 = ADVANCED_FACE ( 'NONE', ( #1350 ), #837, .T. ) ;
#2787 = ORIENTED_EDGE ( 'NONE', *, *, #2837, .F. ) ;
#2788 = B_SPLINE_CURVE_WITH_KNOTS ( 'NONE', 3,
 ( #2089, #2474, #2174, #2060, #2007, #1994 ),
 .UNSPECIFIED., .F., .F.,
 ( 4, 2, 4 ),
 ( 1.332256669120469500E-006, 0.0009305990477319564600, 0.001859865838794792600 ),
 .UNSPECIFIED. ) ;
#2789 = DIRECTION ( 'NONE',  ( -0.0000000000000000000, -1.000000000000000000, -0.0000000000000000000 ) ) ;
#2790 = FACE_OUTER_BOUND ( 'NONE', #926, .T. ) ;
#2791 = CARTESIAN_POINT ( 'NONE',  ( 0.0000000000000000000, 0.1114853205891338500, 0.0000000000000000000 ) ) ;
#2792 = CARTESIAN_POINT ( 'NONE',  ( 0.0000000000000000000, 0.1114853205891338500, 0.0000000000000000000 ) ) ;
#2793 = CARTESIAN_POINT ( 'NONE',  ( 4.101034757479667700, 0.1114853205891338000, 0.8340242249366388600 ) ) ;
#2794 = CARTESIAN_POINT ( 'NONE',  ( 4.199702367158962200, 0.03290740378530646700, -0.04999999908445116500 ) ) ;
#2795 = CARTESIAN_POINT ( 'NONE',  ( -1.348320614098485400, 0.1938686196675334100, -2.437279227434757400 ) ) ;
#2796 = EDGE_CURVE ( 'NONE', #1116, #416, #1840, .T. ) ;
#2797 = FACE_OUTER_BOUND ( 'NONE', #2087, .T. ) ;
#2798 = CARTESIAN_POINT ( 'NONE',  ( -0.01666666667979439500, 0.01224017809789302400, -4.081455452129678600 ) ) ;
#2799 = DIRECTION ( 'NONE',  ( -0.0000000000000000000, -1.000000000000000000, -0.0000000000000000000 ) ) ;
#2800 = CARTESIAN_POINT ( 'NONE',  ( 1.022953645172433000, 0.1102919814847766100, 3.134352307466521800 ) ) ;
#2801 = DIRECTION ( 'NONE',  ( 1.971964845190804300E-015, -0.8252324913765745100, -0.5647931791164017000 ) ) ;
#2802 = VERTEX_POINT ( 'NONE', #2194 ) ;
#2803 = DIRECTION ( 'NONE',  ( 0.1717507933248915700, -0.9851404290720539000, -4.471193416278177100E-016 ) ) ;
#2804 = DIRECTION ( 'NONE',  ( 0.0000000000000000000, 0.0000000000000000000, -1.000000000000000000 ) ) ;
#2805 = ORIENTED_EDGE ( 'NONE', *, *, #500, .F. ) ;
#2806 = ADVANCED_FACE ( 'NONE', ( #2551 ), #642, .T. ) ;
#2807 = DIRECTION ( 'NONE',  ( 0.0000000000000000000, 0.0000000000000000000, 1.000000000000000000 ) ) ;
#2808 = CARTESIAN_POINT ( 'NONE',  ( -4.121283944379609200, 0.1571466956719614300, 0.05000000000000000300 ) ) ;
#2809 = VERTEX_POINT ( 'NONE', #1055 ) ;
#2810 = ORIENTED_EDGE ( 'NONE', *, *, #1415, .F. ) ;
#2811 = VECTOR ( 'NONE', #1712, 1000.000000000000100 ) ;
#2812 = CARTESIAN_POINT ( 'NONE',  ( 2.674999999999994900, 0.2088540056697230100, 0.0000000000000000000 ) ) ;
#2813 = CARTESIAN_POINT ( 'NONE',  ( 0.05000000000001460200, 0.1285260496614448700, -4.181759488389396000 ) ) ;
#2814 = ORIENTED_EDGE ( 'NONE', *, *, #856, .F. ) ;
#2815 = FACE_OUTER_BOUND ( 'NONE', #2630, .T. ) ;
#2816 = CARTESIAN_POINT ( 'NONE',  ( 3.932084542713826900, 0.001931744208480699500, 0.8472487804023619600 ) ) ;
#2817 = ORIENTED_EDGE ( 'NONE', *, *, #2775, .F. ) ;
#2818 = CARTESIAN_POINT ( 'NONE',  ( 0.0000000000000000000, 0.2878633091074646600, 0.0000000000000000000 ) ) ;
#2819 = ORIENTED_EDGE ( 'NONE', *, *, #1620, .F. ) ;
#2820 = DIRECTION ( 'NONE',  ( 0.0000000000000000000, 0.0000000000000000000, -1.000000000000000000 ) ) ;
#2821 = ORIENTED_EDGE ( 'NONE', *, *, #1713, .F. ) ;
#2822 = DIRECTION ( 'NONE',  ( 0.0000000000000000000, 0.0000000000000000000, -1.000000000000000000 ) ) ;
#2823 = CARTESIAN_POINT ( 'NONE',  ( 4.185046446216461800, 0.1114853205891339200, -0.01330828836314009800 ) ) ;
#2824 = CARTESIAN_POINT ( 'NONE',  ( -3.900474135790768400, 0.08061918535140881500, -0.8506512677018083200 ) ) ;
#2825 = CARTESIAN_POINT ( 'NONE',  ( -4.110650230029805600, 0.09858353559009694300, 0.05000000000000000300 ) ) ;
#2826 = CARTESIAN_POINT ( 'NONE',  ( 4.185046446216460900, 0.1114853205891339600, 0.01330828836318976400 ) ) ;
#2827 = LINE ( 'NONE', #1675, #2048 ) ;
#2828 = ORIENTED_EDGE ( 'NONE', *, *, #150, .T. ) ;
#2829 = EDGE_CURVE ( 'NONE', #157, #1209, #200, .T. ) ;
#2830 = ADVANCED_FACE ( 'NONE', ( #1286 ), #1813, .F. ) ;
#2831 = DIRECTION ( 'NONE',  ( 0.0000000000000000000, 0.0000000000000000000, -1.000000000000000000 ) ) ;
#2832 = AXIS2_PLACEMENT_3D ( 'NONE', #2428, #435, #2216 ) ;
#2833 = B_SPLINE_CURVE_WITH_KNOTS ( 'NONE', 3,
 ( #1142, #2500, #1826, #512 ),
 .UNSPECIFIED., .F., .F.,
 ( 4, 4 ),
 ( 3.808947891397620000E-006, 0.001002588761474767400 ),
 .UNSPECIFIED. ) ;
#2834 = B_SPLINE_CURVE_WITH_KNOTS ( 'NONE', 3,
 ( #2284, #2673, #2167, #1724 ),
 .UNSPECIFIED., .F., .F.,
 ( 4, 4 ),
 ( 1.222604722021982300E-006, 0.0001887652085320614100 ),
 .UNSPECIFIED. ) ;
#2835 = CIRCLE ( 'NONE', #128, 4.200000000000000200 ) ;
#2836 = CARTESIAN_POINT ( 'NONE',  ( -3.748761468850975400, 0.1035895046802101400, -0.8676873714334690800 ) ) ;
#2837 = EDGE_CURVE ( 'NONE', #2, #142, #1882, .T. ) ;
#2838 = CARTESIAN_POINT ( 'NONE',  ( -1.942649130556247700, 0.2236582168230172900, -1.725918353732935200 ) ) ;
#2839 = CARTESIAN_POINT ( 'NONE',  ( 0.05000000000001447000, 0.1251769282002746500, -4.143164210601103300 ) ) ;
#2840 = CARTESIAN_POINT ( 'NONE',  ( -2.674999999999994900, 0.2088540056697230100, 3.275930187719164400E-016 ) ) ;
#2841 = CARTESIAN_POINT ( 'NONE',  ( -0.01666672215903941500, 0.08099109975590618200, 4.010011226376189300 ) ) ;
#2842 = ORIENTED_EDGE ( 'NONE', *, *, #283, .T. ) ;
#2843 = AXIS2_PLACEMENT_3D ( 'NONE', #2508, #2584, #310 ) ;
#2844 = CARTESIAN_POINT ( 'NONE',  ( -0.8332282182147055000, 0.03290740435338857000, -4.116519250091117000 ) ) ;
#2845 = ORIENTED_EDGE ( 'NONE', *, *, #2552, .T. ) ;
#2846 = B_SPLINE_CURVE_WITH_KNOTS ( 'NONE', 3,
 ( #825, #859, #2329, #477 ),
 .UNSPECIFIED., .F., .F.,
 ( 4, 4 ),
 ( 9.118877240721024000E-019, 0.0001868724084196389900 ),
 .UNSPECIFIED. ) ;
#2847 = DIRECTION ( 'NONE',  ( 0.2675622391896898000, -0.1654888589135053700, -0.9492227798232115700 ) ) ;
#2848 = FACE_OUTER_BOUND ( 'NONE', #2240, .T. ) ;
#2849 = CARTESIAN_POINT ( 'NONE',  ( 8.173921137507612200E-016, -0.6392920230856864400, -0.1114550869003170500 ) ) ;
#2850 = EDGE_CURVE ( 'NONE', #2227, #717, #2483, .T. ) ;
#2851 = DIRECTION ( 'NONE',  ( 0.8252324913765745100, -0.5647931791164017000, 0.0000000000000000000 ) ) ;
#2852 = CARTESIAN_POINT ( 'NONE',  ( -3.900474135790770200, 0.08061918535140880100, 0.8506512677018000000 ) ) ;
#2853 = CARTESIAN_POINT ( 'NONE',  ( 4.192585995446943800, 0.07221818451574228700, 0.01660753722526137100 ) ) ;
#2854 = VERTEX_POINT ( 'NONE', #1068 ) ;
ENDSEC;
END-ISO-10303-21;
