ISO-10303-21;
HEADER;
FILE_DESCRIPTION (( 'STEP AP214' ),
    '1' );
FILE_NAME ('5154TR.STEP',
    '2021-09-03T16:38:25',
    ( '' ),
    ( '' ),
    'SwSTEP 2.0',
    'SolidWorks 2013',
    '' );
FILE_SCHEMA (( 'AUTOMOTIVE_DESIGN' ));
ENDSEC;

DATA;
#1 = DIRECTION ( 'NONE',  ( 0.0000000000000000000, 0.0000000000000000000, -1.000000000000000000 ) ) ;
#2 = MECHANICAL_DESIGN_GEOMETRIC_PRESENTATION_REPRESENTATION (  '', ( #10 ), #1140 ) ;
#3 = CARTESIAN_POINT ( 'NONE',  ( 3.007533949434514100, 0.1771635216156361200, -1.948579938818097800 ) ) ;
#4 = CARTESIAN_POINT ( 'NONE',  ( 4.869343598905929900, 0.1402485286954751900, 1.056478241623071400 ) ) ;
#5 = CARTESIAN_POINT ( 'NONE',  ( -4.623013056584981400, 0.1007596123493890300, -1.128188170147427400 ) ) ;
#6 = B_SPLINE_CURVE_WITH_KNOTS ( 'NONE', 3,
 ( #19, #297, #500, #407 ),
 .UNSPECIFIED., .F., .F.,
 ( 4, 4 ),
 ( 2.038646833692189000E-007, 0.0001005928048209107200 ),
 .UNSPECIFIED. ) ;
#7 = PRESENTATION_LAYER_ASSIGNMENT (  '', '', ( #10 ) ) ;
#8 = VERTEX_POINT ( 'NONE', #736 ) ;
#9 = CARTESIAN_POINT ( 'NONE',  ( 2.184835988560578800, 0.1871285919169693700, -2.734317410815819000 ) ) ;
#10 = STYLED_ITEM ( 'NONE', ( #329 ), #68 ) ;
#11 = ORIENTED_EDGE ( 'NONE', *, *, #812, .F. ) ;
#12 = DIRECTION ( 'NONE',  ( 0.0000000000000000000, 0.0000000000000000000, -1.000000000000000000 ) ) ;
#13 = CLOSED_SHELL ( 'NONE', ( #539, #549, #574, #768, #655, #639, #705, #664, #479, #514, #734, #601, #683, #473, #613, #713, #555, #591, #759, #631, #677, #552, #741, #646, #748, #563, #489, #499, #695, #622, #547, #470, #658, #533 ) ) ;
#14 = EDGE_LOOP ( 'NONE', ( #469, #1238, #1188, #1133 ) ) ;
#15 = DIRECTION ( 'NONE',  ( 0.0000000000000000000, 0.0000000000000000000, -1.000000000000000000 ) ) ;
#16 = VERTEX_POINT ( 'NONE', #264 ) ;
#17 = ORIENTED_EDGE ( 'NONE', *, *, #538, .F. ) ;
#18 = CARTESIAN_POINT ( 'NONE',  ( 4.609908683214815300, 0.1000440462548413400, -1.132362886490732500 ) ) ;
#19 = CARTESIAN_POINT ( 'NONE',  ( -4.888181090308575200, 0.04176775339425101200, 1.051515871658368100 ) ) ;
#20 =( GEOMETRIC_REPRESENTATION_CONTEXT ( 3 ) GLOBAL_UNCERTAINTY_ASSIGNED_CONTEXT ( ( #652 ) ) GLOBAL_UNIT_ASSIGNED_CONTEXT ( ( #459, #400, #449 ) ) REPRESENTATION_CONTEXT ( 'NONE', 'WORKASPACE' ) );
#21 = CARTESIAN_POINT ( 'NONE',  ( 0.0000000000000000000, 0.04176775339425476500, 0.0000000000000000000 ) ) ;
#22 = SHAPE_DEFINITION_REPRESENTATION ( #1113, #68 ) ;
#23 = DIRECTION ( 'NONE',  ( 0.0000000000000000000, 0.0000000000000000000, -1.000000000000000000 ) ) ;
#24 = CARTESIAN_POINT ( 'NONE',  ( 2.554025301304953600, 0.2961531417291157200, -2.335721439393993600 ) ) ;
#25 = CIRCLE ( 'NONE', #83, 4.758682408883347000 ) ;
#26 = AXIS2_PLACEMENT_3D ( 'NONE', #516, #641, #510 ) ;
#27 = DIRECTION ( 'NONE',  ( -0.0000000000000000000, -1.000000000000000000, -0.0000000000000000000 ) ) ;
#28 = CIRCLE ( 'NONE', #80, 3.500000000000000400 ) ;
#29 = AXIS2_PLACEMENT_3D ( 'NONE', #800, #792, #844 ) ;
#30 = CARTESIAN_POINT ( 'NONE',  ( -2.734317410815987300, 0.1871285919169685100, 2.184835988560368300 ) ) ;
#31 = AXIS2_PLACEMENT_3D ( 'NONE', #869, #901, #889 ) ;
#32 = DIRECTION ( 'NONE',  ( 0.0000000000000000000, 1.000000000000000000, 0.0000000000000000000 ) ) ;
#33 = CARTESIAN_POINT ( 'NONE',  ( 2.136314415077767800, 0.2860067344848346000, -2.791226000810516500 ) ) ;
#34 = CARTESIAN_POINT ( 'NONE',  ( 4.888181090308705700, 0.04176775339427735200, 1.051515871658469600 ) ) ;
#35 = AXIS2_PLACEMENT_3D ( 'NONE', #829, #934, #872 ) ;
#36 = CARTESIAN_POINT ( 'NONE',  ( 4.588250413719906700, 0.001682786148238191400, -1.139345599165765700 ) ) ;
#37 = CARTESIAN_POINT ( 'NONE',  ( 1.122090062630184200, 0.002278837048168517100, 4.642363730098937300 ) ) ;
#38 = ORIENTED_EDGE ( 'NONE', *, *, #932, .F. ) ;
#39 = ORIENTED_EDGE ( 'NONE', *, *, #618, .T. ) ;
#40 = CARTESIAN_POINT ( 'NONE',  ( 1.133945927672338900, 0.1005609287122182500, -4.604972511076605100 ) ) ;
#41 = ORIENTED_EDGE ( 'NONE', *, *, #587, .T. ) ;
#42 = B_SPLINE_CURVE_WITH_KNOTS ( 'NONE', 3,
 ( #923, #304, #596, #1207 ),
 .UNSPECIFIED., .F., .F.,
 ( 4, 4 ),
 ( 0.0003175375634191951500, 0.0003744068372996297300 ),
 .UNSPECIFIED. ) ;
#43 = CIRCLE ( 'NONE', #92, 4.727594552554109900 ) ;
#44 = CARTESIAN_POINT ( 'NONE',  ( 4.604972511076582000, 0.1005609287122183800, 1.133945927672436600 ) ) ;
#45 = CARTESIAN_POINT ( 'NONE',  ( -1.122090062630027400, 0.002278837048162770300, 4.642363730098974600 ) ) ;
#46 = EDGE_LOOP ( 'NONE', ( #189, #1183, #791, #834 ) ) ;
#47 = CARTESIAN_POINT ( 'NONE',  ( -3.299164630669215300, 0.1537422511874457800, 1.744059048281493500 ) ) ;
#48 = DIRECTION ( 'NONE',  ( 0.0000000000000000000, 0.0000000000000000000, -1.000000000000000000 ) ) ;
#49 = CARTESIAN_POINT ( 'NONE',  ( -2.791226000810689300, 0.2860067344850928900, 2.136314415077559000 ) ) ;
#50 = CARTESIAN_POINT ( 'NONE',  ( 2.734317410815819000, 0.1871285919169685100, -2.184835988560578400 ) ) ;
#51 = CARTESIAN_POINT ( 'NONE',  ( 4.888181090308696900, 0.04176775339427269600, -1.051515871658383700 ) ) ;
#52 = CARTESIAN_POINT ( 'NONE',  ( 0.0000000000000000000, 0.1871285919169685100, 0.0000000000000000000 ) ) ;
#53 = AXIS2_PLACEMENT_3D ( 'NONE', #1064, #1019, #1043 ) ;
#54 = DIRECTION ( 'NONE',  ( -0.0000000000000000000, -1.000000000000000000, -0.0000000000000000000 ) ) ;
#55 = CARTESIAN_POINT ( 'NONE',  ( -1.948386577794636100, 0.1771553658194393600, 3.007757560341326000 ) ) ;
#56 = AXIS2_PLACEMENT_3D ( 'NONE', #558, #1189, #1198 ) ;
#57 = ORIENTED_EDGE ( 'NONE', *, *, #951, .F. ) ;
#58 = DIRECTION ( 'NONE',  ( 0.0000000000000000000, 0.0000000000000000000, -1.000000000000000000 ) ) ;
#59 = CARTESIAN_POINT ( 'NONE',  ( -4.704568560033076000, 0.1136485796802077400, 1.102317565100264600 ) ) ;
#60 = CIRCLE ( 'NONE', #86, 4.742531517518036900 ) ;
#61 = DIRECTION ( 'NONE',  ( 0.0000000000000000000, 0.0000000000000000000, -1.000000000000000000 ) ) ;
#62 = CIRCLE ( 'NONE', #90, 3.514936964963929700 ) ;
#63 = DIRECTION ( 'NONE',  ( -0.0000000000000000000, -1.000000000000000000, -0.0000000000000000000 ) ) ;
#64 = CARTESIAN_POINT ( 'NONE',  ( -1.073072875439906600, 0.02835607114628353700, -4.805742515983280500 ) ) ;
#65 = AXIS2_PLACEMENT_3D ( 'NONE', #1157, #445, #259 ) ;
#66 = CARTESIAN_POINT ( 'NONE',  ( 0.0000000000000000000, 0.1007596123493893600, 0.0000000000000000000 ) ) ;
#67 = CARTESIAN_POINT ( 'NONE',  ( 4.869343598905950400, 0.1402485286954751600, -1.056478241622977700 ) ) ;
#68 = ADVANCED_BREP_SHAPE_REPRESENTATION ( '5154TR', ( #424, #284 ), #20 ) ;
#69 = DIRECTION ( 'NONE',  ( -0.0000000000000000000, -1.000000000000000000, -0.0000000000000000000 ) ) ;
#70 = CARTESIAN_POINT ( 'NONE',  ( -1.051515871658330800, 0.04176775339424754200, -4.888181090308562700 ) ) ;
#71 = CARTESIAN_POINT ( 'NONE',  ( -1.130252892650876600, 0.09999657816924464900, 4.616514852592716000 ) ) ;
#72 = ORIENTED_EDGE ( 'NONE', *, *, #715, .F. ) ;
#73 = AXIS2_PLACEMENT_3D ( 'NONE', #1084, #422, #321 ) ;
#74 = DIRECTION ( 'NONE',  ( 0.0000000000000000000, 0.0000000000000000000, 1.000000000000000000 ) ) ;
#75 = CIRCLE ( 'NONE', #124, 4.727594552554109900 ) ;
#76 = EDGE_LOOP ( 'NONE', ( #1151, #522, #900, #524 ) ) ;
#77 = CARTESIAN_POINT ( 'NONE',  ( 0.0000000000000000000, 0.1871285919169685100, 0.0000000000000000000 ) ) ;
#78 = CIRCLE ( 'NONE', #108, 4.776047226650039300 ) ;
#79 = ORIENTED_EDGE ( 'NONE', *, *, #776, .F. ) ;
#80 = AXIS2_PLACEMENT_3D ( 'NONE', #681, #1179, #914 ) ;
#81 = DIRECTION ( 'NONE',  ( 0.0000000000000000000, 0.0000000000000000000, -1.000000000000000000 ) ) ;
#82 = EDGE_LOOP ( 'NONE', ( #1205, #426, #1201, #1059 ) ) ;
#83 = AXIS2_PLACEMENT_3D ( 'NONE', #141, #749, #1000 ) ;
#84 = B_SPLINE_CURVE_WITH_KNOTS ( 'NONE', 3,
 ( #67, #1173, #1148, #1129 ),
 .UNSPECIFIED., .F., .F.,
 ( 4, 4 ),
 ( 1.289299277113062300E-006, 0.0002608666951373131700 ),
 .UNSPECIFIED. ) ;
#85 = EDGE_LOOP ( 'NONE', ( #166, #292, #354, #585, #710, #750, #880, #953, #983, #1008, #1137, #1192, #1219, #1079, #785, #674 ) ) ;
#86 = AXIS2_PLACEMENT_3D ( 'NONE', #455, #964, #255 ) ;
#87 = CARTESIAN_POINT ( 'NONE',  ( 4.588250413719882700, 0.001682786148238231300, 1.139345599165863200 ) ) ;
#88 = CIRCLE ( 'NONE', #102, 5.000000000000000000 ) ;
#89 = CIRCLE ( 'NONE', #127, 4.776047226650039300 ) ;
#90 = AXIS2_PLACEMENT_3D ( 'NONE', #1242, #357, #425 ) ;
#91 = CARTESIAN_POINT ( 'NONE',  ( 1.133542612024869500, -0.0007260573541946720800, 4.606121478763761900 ) ) ;
#92 = AXIS2_PLACEMENT_3D ( 'NONE', #789, #1013, #402 ) ;
#93 = DIRECTION ( 'NONE',  ( -0.0000000000000000000, -1.000000000000000000, -0.0000000000000000000 ) ) ;
#94 = VERTEX_POINT ( 'NONE', #34 ) ;
#95 = CARTESIAN_POINT ( 'NONE',  ( -1.122090062630027400, 0.002278837048162770300, 4.642363730098974600 ) ) ;
#96 = VERTEX_POINT ( 'NONE', #1224 ) ;
#97 = CONICAL_SURFACE ( 'NONE', #192, 4.982635182233305900, 1.396263401595462300 ) ;
#98 = EDGE_LOOP ( 'NONE', ( #440, #672, #882, #840 ) ) ;
#99 = EDGE_LOOP ( 'NONE', ( #267, #294, #109, #709 ) ) ;
#100 = CARTESIAN_POINT ( 'NONE',  ( 2.791226000810275800, 0.2860067344848346000, 2.136314415078081700 ) ) ;
#101 = CARTESIAN_POINT ( 'NONE',  ( -4.613253838403219100, 0.1000000350583244200, -1.131294183840374900 ) ) ;
#102 = AXIS2_PLACEMENT_3D ( 'NONE', #675, #972, #81 ) ;
#103 = CARTESIAN_POINT ( 'NONE',  ( -2.791226000810754100, 0.2860067344848345500, -2.136314415077456900 ) ) ;
#104 = CARTESIAN_POINT ( 'NONE',  ( 1.133539261119114000, -0.0007274483287294452500, -4.606131798320173900 ) ) ;
#105 = ORIENTED_EDGE ( 'NONE', *, *, #1185, .F. ) ;
#106 = CARTESIAN_POINT ( 'NONE',  ( -4.607429318041026200, 0.1002290518329606900, 1.133157045730603500 ) ) ;
#107 = CARTESIAN_POINT ( 'NONE',  ( -4.588250413719930700, 0.001682786148238217200, -1.139345599165668500 ) ) ;
#108 = AXIS2_PLACEMENT_3D ( 'NONE', #506, #410, #312 ) ;
#109 = ORIENTED_EDGE ( 'NONE', *, *, #911, .F. ) ;
#110 = FACE_OUTER_BOUND ( 'NONE', #1190, .T. ) ;
#111 = CIRCLE ( 'NONE', #137, 4.727594552554109900 ) ;
#112 = B_SPLINE_CURVE_WITH_KNOTS ( 'NONE', 3,
 ( #200, #497, #104, #702 ),
 .UNSPECIFIED., .F., .F.,
 ( 4, 4 ),
 ( 0.0001942820231617105800, 0.0002510511851919637800 ),
 .UNSPECIFIED. ) ;
#113 = DIRECTION ( 'NONE',  ( -0.0000000000000000000, -1.000000000000000000, -0.0000000000000000000 ) ) ;
#114 = CARTESIAN_POINT ( 'NONE',  ( -1.128188170147463400, 0.1007596123493889200, 4.623013056584972500 ) ) ;
#115 = DIRECTION ( 'NONE',  ( 0.0000000000000000000, 0.0000000000000000000, -1.000000000000000000 ) ) ;
#116 = DIRECTION ( 'NONE',  ( 0.0000000000000000000, 1.000000000000000000, 0.0000000000000000000 ) ) ;
#117 = CARTESIAN_POINT ( 'NONE',  ( 4.272875946350754200, 0.1454220734359589200, 1.240582300256598100 ) ) ;
#118 = VERTEX_POINT ( 'NONE', #114 ) ;
#119 = DIRECTION ( 'NONE',  ( 0.0000000000000000000, 1.000000000000000000, 0.0000000000000000000 ) ) ;
#120 = CARTESIAN_POINT ( 'NONE',  ( -1.051515871658330800, 0.04176775339424754200, -4.888181090308562700 ) ) ;
#121 = CARTESIAN_POINT ( 'NONE',  ( -2.537869272547000700, 0.1942936761330144300, -2.354708798461702600 ) ) ;
#122 = ORIENTED_EDGE ( 'NONE', *, *, #947, .F. ) ;
#123 = CIRCLE ( 'NONE', #181, 3.500000000000000400 ) ;
#124 = AXIS2_PLACEMENT_3D ( 'NONE', #819, #113, #714 ) ;
#125 = EDGE_LOOP ( 'NONE', ( #1107, #1039, #1253, #1052 ) ) ;
#126 = CONICAL_SURFACE ( 'NONE', #193, 3.500000000000000400, 1.420865586988163700 ) ;
#127 = AXIS2_PLACEMENT_3D ( 'NONE', #1014, #298, #920 ) ;
#128 = ORIENTED_EDGE ( 'NONE', *, *, #812, .T. ) ;
#129 = B_SPLINE_CURVE_WITH_KNOTS ( 'NONE', 3,
 ( #1197, #1220, #1105, #1063, #1128, #481 ),
 .UNSPECIFIED., .F., .F.,
 ( 4, 2, 4 ),
 ( 6.065386135931780100E-006, 0.001046949021219568600, 0.002087832656303205300 ),
 .UNSPECIFIED. ) ;
#130 = CARTESIAN_POINT ( 'NONE',  ( 4.642363730098936400, 0.002278837048162776000, 1.122090062630185100 ) ) ;
#131 = CARTESIAN_POINT ( 'NONE',  ( 0.0000000000000000000, 0.1402485286954751600, 0.0000000000000000000 ) ) ;
#132 = ORIENTED_EDGE ( 'NONE', *, *, #650, .F. ) ;
#133 = CARTESIAN_POINT ( 'NONE',  ( -1.139345599165704700, 0.001682786148238116800, 4.588250413719922700 ) ) ;
#134 = AXIS2_PLACEMENT_3D ( 'NONE', #1003, #293, #913 ) ;
#135 = DIRECTION ( 'NONE',  ( 0.0000000000000000000, 0.0000000000000000000, -1.000000000000000000 ) ) ;
#136 = CARTESIAN_POINT ( 'NONE',  ( -2.136314415077583500, 0.2860067344848345500, 2.791226000810657300 ) ) ;
#137 = AXIS2_PLACEMENT_3D ( 'NONE', #1072, #280, #1006 ) ;
#138 = CARTESIAN_POINT ( 'NONE',  ( -4.642363730098982600, 0.002278837048162743000, -1.122090062629990800 ) ) ;
#139 = VERTEX_POINT ( 'NONE', #37 ) ;
#140 = CARTESIAN_POINT ( 'NONE',  ( 0.0000000000000000000, 0.002278837048168822800, 0.0000000000000000000 ) ) ;
#141 = CARTESIAN_POINT ( 'NONE',  ( 0.0000000000000000000, 0.1007596123493893600, 0.0000000000000000000 ) ) ;
#142 = ORIENTED_EDGE ( 'NONE', *, *, #637, .F. ) ;
#143 = DIRECTION ( 'NONE',  ( -0.0000000000000000000, -1.000000000000000000, -0.0000000000000000000 ) ) ;
#144 = VERTEX_POINT ( 'NONE', #355 ) ;
#145 = ORIENTED_EDGE ( 'NONE', *, *, #752, .T. ) ;
#146 = FACE_OUTER_BOUND ( 'NONE', #14, .T. ) ;
#147 = ORIENTED_EDGE ( 'NONE', *, *, #910, .T. ) ;
#148 = CARTESIAN_POINT ( 'NONE',  ( -2.791226000810754100, 0.2860067344848345500, -2.136314415077456900 ) ) ;
#149 = VERTEX_POINT ( 'NONE', #328 ) ;
#150 = AXIS2_PLACEMENT_3D ( 'NONE', #1112, #975, #330 ) ;
#151 = CONICAL_SURFACE ( 'NONE', #194, 4.776047226650039300, 1.396263401595462900 ) ;
#152 = ORIENTED_EDGE ( 'NONE', *, *, #778, .T. ) ;
#153 = DIRECTION ( 'NONE',  ( -0.0000000000000000000, -1.000000000000000000, -0.0000000000000000000 ) ) ;
#154 = CARTESIAN_POINT ( 'NONE',  ( 1.250056930135970300, 0.04763950874191114100, -4.247300253260818600 ) ) ;
#155 = CARTESIAN_POINT ( 'NONE',  ( 0.0000000000000000000, 0.1499999999999996300, 0.0000000000000000000 ) ) ;
#156 = CARTESIAN_POINT ( 'NONE',  ( -2.734317410815987300, 0.1871285919169685100, 2.184835988560368300 ) ) ;
#157 = CARTESIAN_POINT ( 'NONE',  ( -2.335721439393931000, 0.2961531417291258800, 2.554025301304935900 ) ) ;
#158 = ORIENTED_EDGE ( 'NONE', *, *, #1110, .T. ) ;
#159 = CARTESIAN_POINT ( 'NONE',  ( 0.0000000000000000000, -22.98180163073600100, 0.0000000000000000000 ) ) ;
#160 = CARTESIAN_POINT ( 'NONE',  ( -1.711615010576417900, 0.2501093255323247900, -3.350502938954130100 ) ) ;
#161 = ORIENTED_EDGE ( 'NONE', *, *, #599, .T. ) ;
#162 = TOROIDAL_SURFACE ( 'NONE', #168, 4.750000000000000000, 0.04999999999999991300 ) ;
#163 = ORIENTED_EDGE ( 'NONE', *, *, #1186, .T. ) ;
#164 = CARTESIAN_POINT ( 'NONE',  ( -1.130437373233566000, 0.09995389884384747700, -4.615935291668400900 ) ) ;
#165 = FACE_OUTER_BOUND ( 'NONE', #1017, .T. ) ;
#166 = ORIENTED_EDGE ( 'NONE', *, *, #1110, .F. ) ;
#167 = CARTESIAN_POINT ( 'NONE',  ( 4.881907194737338300, 0.07459636579967948700, 1.053156443340647500 ) ) ;
#168 = AXIS2_PLACEMENT_3D ( 'NONE', #938, #1278, #258 ) ;
#169 = DIRECTION ( 'NONE',  ( 0.0000000000000000000, 0.0000000000000000000, -1.000000000000000000 ) ) ;
#170 = CARTESIAN_POINT ( 'NONE',  ( -4.623013056584970700, 0.1007596123493889700, 1.128188170147471400 ) ) ;
#171 = DIRECTION ( 'NONE',  ( 0.0000000000000000000, 0.0000000000000000000, 1.000000000000000000 ) ) ;
#172 = B_SPLINE_CURVE_WITH_KNOTS ( 'NONE', 3,
 ( #1108, #490, #1109, #398 ),
 .UNSPECIFIED., .F., .F.,
 ( 4, 4 ),
 ( 1.337673661638380100E-006, 0.0002601160823567671500 ),
 .UNSPECIFIED. ) ;
#173 = CARTESIAN_POINT ( 'NONE',  ( 4.869343598905929900, 0.1402485286954751900, 1.056478241623071400 ) ) ;
#174 = ORIENTED_EDGE ( 'NONE', *, *, #587, .F. ) ;
#175 = ORIENTED_EDGE ( 'NONE', *, *, #1249, .F. ) ;
#176 = VERTEX_POINT ( 'NONE', #309 ) ;
#177 = EDGE_LOOP ( 'NONE', ( #494, #659, #633, #1042 ) ) ;
#178 = CARTESIAN_POINT ( 'NONE',  ( 4.613253838340175300, 0.1000000350583911800, 1.131294183860685100 ) ) ;
#179 = TOROIDAL_SURFACE ( 'NONE', #184, 4.750000000000000000, 0.04999999999999991300 ) ;
#180 = VERTEX_POINT ( 'NONE', #44 ) ;
#181 = AXIS2_PLACEMENT_3D ( 'NONE', #77, #1247, #460 ) ;
#182 = CARTESIAN_POINT ( 'NONE',  ( 1.139345599165765500, 0.001682786148238351200, -4.588250413719905800 ) ) ;
#183 = ORIENTED_EDGE ( 'NONE', *, *, #885, .F. ) ;
#184 = AXIS2_PLACEMENT_3D ( 'NONE', #660, #676, #23 ) ;
#185 = CARTESIAN_POINT ( 'NONE',  ( -3.303767477575925600, 0.1533302419493439700, -1.741065905686457500 ) ) ;
#186 = CARTESIAN_POINT ( 'NONE',  ( 0.0000000000000000000, 0.1871285919169685100, 0.0000000000000000000 ) ) ;
#187 = VERTEX_POINT ( 'NONE', #1029 ) ;
#188 = CIRCLE ( 'NONE', #150, 3.500000000000000400 ) ;
#189 = ORIENTED_EDGE ( 'NONE', *, *, #1210, .T. ) ;
#190 = VERTEX_POINT ( 'NONE', #884 ) ;
#191 = CARTESIAN_POINT ( 'NONE',  ( -4.604972511076294200, 0.1005609287147084500, 1.133945927672422900 ) ) ;
#192 = AXIS2_PLACEMENT_3D ( 'NONE', #1150, #1232, #74 ) ;
#193 = AXIS2_PLACEMENT_3D ( 'NONE', #186, #1025, #58 ) ;
#194 = AXIS2_PLACEMENT_3D ( 'NONE', #1071, #1145, #1239 ) ;
#195 = ORIENTED_EDGE ( 'NONE', *, *, #1127, .T. ) ;
#196 = CARTESIAN_POINT ( 'NONE',  ( 4.588250413719882700, 0.001682786148238231300, 1.139345599165863200 ) ) ;
#197 = AXIS2_PLACEMENT_3D ( 'NONE', #212, #849, #235 ) ;
#198 = VERTEX_POINT ( 'NONE', #963 ) ;
#199 = ORIENTED_EDGE ( 'NONE', *, *, #640, .F. ) ;
#200 = CARTESIAN_POINT ( 'NONE',  ( 1.122090062630088300, 0.002278837048162815900, -4.642363730098960400 ) ) ;
#201 = FACE_OUTER_BOUND ( 'NONE', #1097, .T. ) ;
#202 = VERTEX_POINT ( 'NONE', #948 ) ;
#203 = VERTEX_POINT ( 'NONE', #955 ) ;
#204 = B_SPLINE_CURVE_WITH_KNOTS ( 'NONE', 3,
 ( #50, #3, #927, #531, #565, #754 ),
 .UNSPECIFIED., .F., .F.,
 ( 4, 2, 4 ),
 ( 7.217660194222772000E-006, 0.001076293397845234300, 0.002145369135496246900 ),
 .UNSPECIFIED. ) ;
#205 = CARTESIAN_POINT ( 'NONE',  ( -1.053156443340495600, 0.07459636579968238800, 4.881907194737371100 ) ) ;
#206 = B_SPLINE_CURVE_WITH_KNOTS ( 'NONE', 3,
 ( #783, #483, #809, #100 ),
 .UNSPECIFIED., .F., .F.,
 ( 4, 4 ),
 ( 6.045680958007714900E-006, 0.0009322305276557941000 ),
 .UNSPECIFIED. ) ;
#207 = VERTEX_POINT ( 'NONE', #148 ) ;
#208 = CARTESIAN_POINT ( 'NONE',  ( 3.060384725435833600, 0.2744933028672165700, 1.910041303496963700 ) ) ;
#209 = DIRECTION ( 'NONE',  ( 0.0000000000000000000, 0.0000000000000000000, 1.000000000000000000 ) ) ;
#210 = AXIS2_PLACEMENT_3D ( 'NONE', #159, #1101, #833 ) ;
#211 = CARTESIAN_POINT ( 'NONE',  ( 2.184835988560943900, 0.1871285919169685100, 2.734317410815526400 ) ) ;
#212 = CARTESIAN_POINT ( 'NONE',  ( 0.0000000000000000000, 0.04176775339425476500, 0.0000000000000000000 ) ) ;
#213 = CARTESIAN_POINT ( 'NONE',  ( 1.073072875440078500, 0.02835607114629255100, 4.805742515983294700 ) ) ;
#214 = AXIS2_PLACEMENT_3D ( 'NONE', #643, #63, #764 ) ;
#215 = CONICAL_SURFACE ( 'NONE', #233, 4.982635182233305900, 1.396263401595462300 ) ;
#216 = ORIENTED_EDGE ( 'NONE', *, *, #969, .T. ) ;
#217 = EDGE_LOOP ( 'NONE', ( #399, #1011, #142, #428 ) ) ;
#218 = SPHERICAL_SURFACE ( 'NONE', #210, 23.43180163073599700 ) ;
#219 = CARTESIAN_POINT ( 'NONE',  ( 3.346541733300617800, 0.2504751420865542500, 1.714134655364273600 ) ) ;
#220 = CARTESIAN_POINT ( 'NONE',  ( -1.056478241622918800, 0.1402485286954752200, 4.869343598905962800 ) ) ;
#221 = CARTESIAN_POINT ( 'NONE',  ( 1.133945927672573400, 0.1005609287147085400, 4.604972511076256900 ) ) ;
#222 = B_SPLINE_CURVE_WITH_KNOTS ( 'NONE', 3,
 ( #1090, #154, #1098, #387, #1001, #9 ),
 .UNSPECIFIED., .F., .F.,
 ( 4, 2, 4 ),
 ( 1.550300271242230700E-006, 0.001070429777095275800, 0.002139309253919309500 ),
 .UNSPECIFIED. ) ;
#223 = AXIS2_PLACEMENT_3D ( 'NONE', #155, #251, #511 ) ;
#224 = CARTESIAN_POINT ( 'NONE',  ( 2.791226000810551600, 0.2860067344850924500, -2.136314415077737100 ) ) ;
#225 = AXIS2_PLACEMENT_3D ( 'NONE', #757, #1123, #626 ) ;
#226 = DIRECTION ( 'NONE',  ( -0.0000000000000000000, -1.000000000000000000, -0.0000000000000000000 ) ) ;
#227 = CARTESIAN_POINT ( 'NONE',  ( -2.354708798461702600, 0.1942936761330152900, -2.537869272547001600 ) ) ;
#228 = CARTESIAN_POINT ( 'NONE',  ( -1.129302148993000200, 0.1002046181031518300, -4.619501306263896500 ) ) ;
#229 = ORIENTED_EDGE ( 'NONE', *, *, #1221, .F. ) ;
#230 = CARTESIAN_POINT ( 'NONE',  ( 2.537869272546918100, 0.1942936761329825100, 2.354708798462058300 ) ) ;
#231 = CARTESIAN_POINT ( 'NONE',  ( -1.133157045730520700, 0.1002290518329443500, -4.607429318041159400 ) ) ;
#232 = ORIENTED_EDGE ( 'NONE', *, *, #1057, .F. ) ;
#233 = AXIS2_PLACEMENT_3D ( 'NONE', #961, #119, #1048 ) ;
#234 = CIRCLE ( 'NONE', #197, 5.000000000000000000 ) ;
#235 = DIRECTION ( 'NONE',  ( 0.0000000000000000000, 0.0000000000000000000, -1.000000000000000000 ) ) ;
#236 = ORIENTED_EDGE ( 'NONE', *, *, #685, .T. ) ;
#237 = CARTESIAN_POINT ( 'NONE',  ( -2.734317410816108600, 0.1871285919169637400, -2.184835988560214700 ) ) ;
#238 = CARTESIAN_POINT ( 'NONE',  ( 3.955609893352787200, 0.1855549118517139100, -1.377835273030555200 ) ) ;
#239 = ORIENTED_EDGE ( 'NONE', *, *, #1068, .T. ) ;
#240 = B_SPLINE_CURVE_WITH_KNOTS ( 'NONE', 3,
 ( #361, #1051, #59, #761 ),
 .UNSPECIFIED., .F., .F.,
 ( 4, 4 ),
 ( 1.289299277112994100E-006, 0.0002608666951373103000 ),
 .UNSPECIFIED. ) ;
#241 = CARTESIAN_POINT ( 'NONE',  ( 2.537869272546958900, 0.1942936761329943900, -2.354708798461878900 ) ) ;
#242 = AXIS2_PLACEMENT_3D ( 'NONE', #1262, #772, #619 ) ;
#243 = CARTESIAN_POINT ( 'NONE',  ( -1.056478241622884400, 0.1402485286954751900, -4.869343598905969900 ) ) ;
#244 = CARTESIAN_POINT ( 'NONE',  ( 1.102317565100317000, 0.1136485796802075400, -4.704568560033062700 ) ) ;
#245 = AXIS2_PLACEMENT_3D ( 'NONE', #742, #845, #817 ) ;
#246 = DIRECTION ( 'NONE',  ( -0.0000000000000000000, -1.000000000000000000, -0.0000000000000000000 ) ) ;
#247 = ORIENTED_EDGE ( 'NONE', *, *, #997, .F. ) ;
#248 = CARTESIAN_POINT ( 'NONE',  ( 1.133945927672573400, 0.1005609287147085400, 4.604972511076256900 ) ) ;
#249 = B_SPLINE_CURVE_WITH_KNOTS ( 'NONE', 3,
 ( #1266, #665, #518, #1263 ),
 .UNSPECIFIED., .F., .F.,
 ( 4, 4 ),
 ( 0.0003175375634168835700, 0.0003744068372973129500 ),
 .UNSPECIFIED. ) ;
#250 = EDGE_LOOP ( 'NONE', ( #1203, #581, #962, #147 ) ) ;
#251 = DIRECTION ( 'NONE',  ( -0.0000000000000000000, -1.000000000000000000, -0.0000000000000000000 ) ) ;
#252 = AXIS2_PLACEMENT_3D ( 'NONE', #621, #610, #517 ) ;
#253 = CIRCLE ( 'NONE', #214, 4.776047226650039300 ) ;
#254 = ORIENTED_EDGE ( 'NONE', *, *, #718, .T. ) ;
#255 = DIRECTION ( 'NONE',  ( 0.0000000000000000000, 0.0000000000000000000, -1.000000000000000000 ) ) ;
#256 = AXIS2_PLACEMENT_3D ( 'NONE', #942, #1031, #135 ) ;
#257 = FACE_OUTER_BOUND ( 'NONE', #403, .T. ) ;
#258 = DIRECTION ( 'NONE',  ( 0.0000000000000000000, 0.0000000000000000000, -1.000000000000000000 ) ) ;
#259 = DIRECTION ( 'NONE',  ( 0.0000000000000000000, 0.0000000000000000000, -1.000000000000000000 ) ) ;
#260 = AXIS2_PLACEMENT_3D ( 'NONE', #140, #32, #1258 ) ;
#261 = CARTESIAN_POINT ( 'NONE',  ( -2.791226000810689300, 0.2860067344850928900, 2.136314415077559000 ) ) ;
#262 = CARTESIAN_POINT ( 'NONE',  ( 4.624404714847653300, -0.0005662750297479875800, 1.127712333128175800 ) ) ;
#263 = AXIS2_PLACEMENT_3D ( 'NONE', #1138, #994, #169 ) ;
#264 = CARTESIAN_POINT ( 'NONE',  ( -2.184835988560363000, 0.1871285919169663500, 2.734317410815990000 ) ) ;
#265 = ORIENTED_EDGE ( 'NONE', *, *, #1225, .F. ) ;
#266 = B_SPLINE_CURVE_WITH_KNOTS ( 'NONE', 3,
 ( #224, #24, #735, #33 ),
 .UNSPECIFIED., .F., .F.,
 ( 4, 4 ),
 ( 6.045680957880758200E-006, 0.0009322305276564505800 ),
 .UNSPECIFIED. ) ;
#267 = ORIENTED_EDGE ( 'NONE', *, *, #1225, .T. ) ;
#268 = VERTEX_POINT ( 'NONE', #261 ) ;
#269 = FACE_OUTER_BOUND ( 'NONE', #366, .T. ) ;
#270 = AXIS2_PLACEMENT_3D ( 'NONE', #498, #795, #801 ) ;
#271 = ORIENTED_EDGE ( 'NONE', *, *, #1229, .F. ) ;
#272 = AXIS2_PLACEMENT_3D ( 'NONE', #526, #1158, #320 ) ;
#273 = DIRECTION ( 'NONE',  ( 0.0000000000000000000, 0.0000000000000000000, -1.000000000000000000 ) ) ;
#274 = CARTESIAN_POINT ( 'NONE',  ( -1.133945927672379800, 0.1005609287147085500, -4.604972511076304000 ) ) ;
#275 = CARTESIAN_POINT ( 'NONE',  ( 2.734317410815819000, 0.1871285919169685100, -2.184835988560578400 ) ) ;
#276 = AXIS2_PLACEMENT_3D ( 'NONE', #985, #505, #395 ) ;
#277 = ORIENTED_EDGE ( 'NONE', *, *, #997, .T. ) ;
#278 = CARTESIAN_POINT ( 'NONE',  ( -1.078403096431163900, 0.1268314090650300400, 4.786724016060870400 ) ) ;
#279 = B_SPLINE_CURVE_WITH_KNOTS ( 'NONE', 3,
 ( #130, #262, #1131, #87 ),
 .UNSPECIFIED., .F., .F.,
 ( 4, 4 ),
 ( 0.0001942820231618142000, 0.0002510511851920674800 ),
 .UNSPECIFIED. ) ;
#280 = DIRECTION ( 'NONE',  ( -0.0000000000000000000, -1.000000000000000000, -0.0000000000000000000 ) ) ;
#281 = TOROIDAL_SURFACE ( 'NONE', #223, 4.750000000000000000, 0.1499999999999996900 ) ;
#282 = CONICAL_SURFACE ( 'NONE', #260, 4.776047226650039300, 1.396263401595462900 ) ;
#283 = CARTESIAN_POINT ( 'NONE',  ( -1.056478241622918800, 0.1402485286954752200, 4.869343598905962800 ) ) ;
#284 = AXIS2_PLACEMENT_3D ( 'NONE', #588, #363, #314 ) ;
#285 = B_SPLINE_CURVE_WITH_KNOTS ( 'NONE', 3,
 ( #803, #463, #815, #1171 ),
 .UNSPECIFIED., .F., .F.,
 ( 4, 4 ),
 ( 2.092092613948683900E-007, 0.0002589876179565518900 ),
 .UNSPECIFIED. ) ;
#286 = CARTESIAN_POINT ( 'NONE',  ( -4.616514852634797000, 0.09999657817249248100, -1.130252892637449500 ) ) ;
#287 = CARTESIAN_POINT ( 'NONE',  ( 2.136314415078050600, 0.2860067344850939500, 2.791226000810311800 ) ) ;
#288 = AXIS2_PLACEMENT_3D ( 'NONE', #21, #534, #115 ) ;
#289 = ORIENTED_EDGE ( 'NONE', *, *, #762, .F. ) ;
#290 = ORIENTED_EDGE ( 'NONE', *, *, #999, .F. ) ;
#291 = CARTESIAN_POINT ( 'NONE',  ( 4.642363730098960400, 0.002278837048168628900, -1.122090062630087600 ) ) ;
#292 = ORIENTED_EDGE ( 'NONE', *, *, #861, .F. ) ;
#293 = DIRECTION ( 'NONE',  ( -0.0000000000000000000, -1.000000000000000000, -0.0000000000000000000 ) ) ;
#294 = ORIENTED_EDGE ( 'NONE', *, *, #694, .T. ) ;
#295 = DIRECTION ( 'NONE',  ( -0.0000000000000000000, -1.000000000000000000, -0.0000000000000000000 ) ) ;
#296 = B_SPLINE_CURVE_WITH_KNOTS ( 'NONE', 3,
 ( #627, #835, #1273, #662 ),
 .UNSPECIFIED., .F., .F.,
 ( 4, 4 ),
 ( 1.337673661638381600E-006, 0.0002601160823569089600 ),
 .UNSPECIFIED. ) ;
#297 = CARTESIAN_POINT ( 'NONE',  ( -4.881907194737369300, 0.07459636579968392800, 1.053156443340503800 ) ) ;
#298 = DIRECTION ( 'NONE',  ( -0.0000000000000000000, -1.000000000000000000, -0.0000000000000000000 ) ) ;
#299 = AXIS2_PLACEMENT_3D ( 'NONE', #66, #327, #12 ) ;
#300 = EDGE_LOOP ( 'NONE', ( #853, #824, #670, #1149 ) ) ;
#301 = DIRECTION ( 'NONE',  ( 0.0000000000000000000, -1.000000000000000000, 0.0000000000000000000 ) ) ;
#302 = AXIS2_PLACEMENT_3D ( 'NONE', #896, #93, #447 ) ;
#303 = VERTEX_POINT ( 'NONE', #1050 ) ;
#304 = CARTESIAN_POINT ( 'NONE',  ( -1.133542612024600600, -0.0007260573542262660500, -4.606121478764044300 ) ) ;
#305 = CIRCLE ( 'NONE', #242, 3.500000000000000400 ) ;
#306 = CONICAL_SURFACE ( 'NONE', #252, 5.000000000000000000, 0.1745329251994470200 ) ;
#307 = CARTESIAN_POINT ( 'NONE',  ( 1.096608513661967000, 0.01517360309676106500, 4.723758520105928200 ) ) ;
#308 = AXIS2_PLACEMENT_3D ( 'NONE', #846, #226, #374 ) ;
#309 = CARTESIAN_POINT ( 'NONE',  ( -4.588250413719930700, 0.001682786148238217200, -1.139345599165668500 ) ) ;
#310 = B_SPLINE_CURVE_WITH_KNOTS ( 'NONE', 3,
 ( #1156, #1162, #576, #185, #722, #989 ),
 .UNSPECIFIED., .F., .F.,
 ( 4, 2, 4 ),
 ( 1.550300271236389600E-006, 0.001070429777095087400, 0.002139309253918937800 ),
 .UNSPECIFIED. ) ;
#311 = CARTESIAN_POINT ( 'NONE',  ( -1.133945927672379800, 0.1005609287147085500, -4.604972511076304000 ) ) ;
#312 = DIRECTION ( 'NONE',  ( 0.0000000000000000000, 0.0000000000000000000, -1.000000000000000000 ) ) ;
#313 = CARTESIAN_POINT ( 'NONE',  ( 0.0000000000000000000, 0.1402485286954751600, 0.0000000000000000000 ) ) ;
#314 = DIRECTION ( 'NONE',  ( 1.000000000000000000, 0.0000000000000000000, 0.0000000000000000000 ) ) ;
#315 = ORIENTED_EDGE ( 'NONE', *, *, #778, .F. ) ;
#316 = CARTESIAN_POINT ( 'NONE',  ( 2.791226000810551600, 0.2860067344850924500, -2.136314415077737100 ) ) ;
#317 = CARTESIAN_POINT ( 'NONE',  ( -4.623013056584981400, 0.1007596123493890300, -1.128188170147427400 ) ) ;
#318 = AXIS2_PLACEMENT_3D ( 'NONE', #52, #54, #1248 ) ;
#319 = CIRCLE ( 'NONE', #134, 5.000000000000000000 ) ;
#320 = DIRECTION ( 'NONE',  ( 0.0000000000000000000, 0.0000000000000000000, 1.000000000000000000 ) ) ;
#321 = DIRECTION ( 'NONE',  ( 0.0000000000000000000, 0.0000000000000000000, -1.000000000000000000 ) ) ;
#322 = ORIENTED_EDGE ( 'NONE', *, *, #1075, .T. ) ;
#323 = ORIENTED_EDGE ( 'NONE', *, *, #836, .F. ) ;
#324 = AXIS2_PLACEMENT_3D ( 'NONE', #890, #408, #515 ) ;
#325 = CARTESIAN_POINT ( 'NONE',  ( 1.130437373233837100, 0.09995389884383018600, 4.615935291668107800 ) ) ;
#326 = AXIS2_PLACEMENT_3D ( 'NONE', #131, #625, #852 ) ;
#327 = DIRECTION ( 'NONE',  ( -0.0000000000000000000, -1.000000000000000000, -0.0000000000000000000 ) ) ;
#328 = CARTESIAN_POINT ( 'NONE',  ( -1.051515871658345700, 0.04176775339425973400, 4.888181090308630200 ) ) ;
#329 = PRESENTATION_STYLE_ASSIGNMENT (( #359 ) ) ;
#330 = DIRECTION ( 'NONE',  ( 0.0000000000000000000, 0.0000000000000000000, -1.000000000000000000 ) ) ;
#331 = AXIS2_PLACEMENT_3D ( 'NONE', #1020, #69, #635 ) ;
#332 = ORIENTED_EDGE ( 'NONE', *, *, #685, .F. ) ;
#333 = B_SPLINE_CURVE_WITH_KNOTS ( 'NONE', 3,
 ( #173, #548, #167, #649 ),
 .UNSPECIFIED., .F., .F.,
 ( 4, 4 ),
 ( 2.038857879804383300E-007, 0.0001005928259255287500 ),
 .UNSPECIFIED. ) ;
#334 = FACE_OUTER_BOUND ( 'NONE', #82, .T. ) ;
#335 = VERTEX_POINT ( 'NONE', #243 ) ;
#336 = FACE_OUTER_BOUND ( 'NONE', #99, .T. ) ;
#337 = ORIENTED_EDGE ( 'NONE', *, *, #579, .T. ) ;
#338 = DIRECTION ( 'NONE',  ( 0.0000000000000000000, 0.0000000000000000000, -1.000000000000000000 ) ) ;
#339 = CARTESIAN_POINT ( 'NONE',  ( 1.128188170147525800, 0.1007596123493889100, -4.623013056584956500 ) ) ;
#340 = AXIS2_PLACEMENT_3D ( 'NONE', #1035, #246, #922 ) ;
#341 = CARTESIAN_POINT ( 'NONE',  ( -6.246671120845990200, 0.5500000000000018200, -6.246671120845989300 ) ) ;
#342 = CARTESIAN_POINT ( 'NONE',  ( -1.128188170147463400, 0.1007596123493889200, 4.623013056584972500 ) ) ;
#343 = PRODUCT_DEFINITION ( 'UNKNOWN', '', #412, #897 ) ;
#344 = CARTESIAN_POINT ( 'NONE',  ( 1.122090062630088300, 0.002278837048162815900, -4.642363730098960400 ) ) ;
#345 = PRODUCT ( '5154TR', '5154TR', '', ( #566 ) ) ;
#346 = CARTESIAN_POINT ( 'NONE',  ( 1.131294183840472600, 0.1000000350583244200, -4.613253838403194300 ) ) ;
#347 = CYLINDRICAL_SURFACE ( 'NONE', #245, 5.369835493404923300 ) ;
#348 = SURFACE_SIDE_STYLE ('',( #724 ) ) ;
#349 = ORIENTED_EDGE ( 'NONE', *, *, #1194, .T. ) ;
#350 = B_SPLINE_CURVE_WITH_KNOTS ( 'NONE', 3,
 ( #775, #228, #164, #550, #773, #231, #311 ),
 .UNSPECIFIED., .F., .F.,
 ( 4, 3, 4 ),
 ( 0.0001034876550867446200, 0.0001146477827436121400, 0.0001224310787483917000 ),
 .UNSPECIFIED. ) ;
#351 = CARTESIAN_POINT ( 'NONE',  ( 4.604972511076280900, 0.1005609287147085500, -1.133945927672476200 ) ) ;
#352 = AXIS2_PLACEMENT_3D ( 'NONE', #939, #612, #273 ) ;
#353 = TOROIDAL_SURFACE ( 'NONE', #225, 4.750000000000000000, 0.1499999999999996900 ) ;
#354 = ORIENTED_EDGE ( 'NONE', *, *, #924, .F. ) ;
#355 = CARTESIAN_POINT ( 'NONE',  ( -1.128188170147427400, 0.1007596123493889700, -4.623013056584981400 ) ) ;
#356 = APPLICATION_CONTEXT ( 'automotive_design' ) ;
#357 = DIRECTION ( 'NONE',  ( -0.0000000000000000000, -1.000000000000000000, -0.0000000000000000000 ) ) ;
#358 = ORIENTED_EDGE ( 'NONE', *, *, #1010, .F. ) ;
#359 = SURFACE_STYLE_USAGE ( .BOTH. , #348 ) ;
#360 = CARTESIAN_POINT ( 'NONE',  ( -4.888181090308474800, 0.04176775339423308800, -1.051515871658353500 ) ) ;
#361 = CARTESIAN_POINT ( 'NONE',  ( -4.869343598905961000, 0.1402485286954751900, 1.056478241622927000 ) ) ;
#362 = CARTESIAN_POINT ( 'NONE',  ( -2.184835988560214700, 0.1871285919169685100, -2.734317410816109900 ) ) ;
#363 = DIRECTION ( 'NONE',  ( 0.0000000000000000000, 0.0000000000000000000, 1.000000000000000000 ) ) ;
#364 = B_SPLINE_CURVE_WITH_KNOTS ( 'NONE', 3,
 ( #977, #787, #278, #220 ),
 .UNSPECIFIED., .F., .F.,
 ( 4, 4 ),
 ( 1.342405051394430100E-006, 0.0002609198009115925500 ),
 .UNSPECIFIED. ) ;
#365 = VERTEX_POINT ( 'NONE', #868 ) ;
#366 = EDGE_LOOP ( 'NONE', ( #888, #1102, #174, #856 ) ) ;
#367 = CONICAL_SURFACE ( 'NONE', #263, 4.742531517518036900, 1.420865586988156600 ) ;
#368 = AXIS2_PLACEMENT_3D ( 'NONE', #698, #295, #1 ) ;
#369 = ORIENTED_EDGE ( 'NONE', *, *, #1037, .F. ) ;
#370 = FACE_OUTER_BOUND ( 'NONE', #1167, .T. ) ;
#371 = CARTESIAN_POINT ( 'NONE',  ( -4.619501306263765100, 0.1002046181031328000, 1.129302148993082800 ) ) ;
#372 = AXIS2_PLACEMENT_3D ( 'NONE', #313, #693, #1021 ) ;
#373 =( NAMED_UNIT ( * ) SI_UNIT ( $, .STERADIAN. ) SOLID_ANGLE_UNIT ( ) );
#374 = DIRECTION ( 'NONE',  ( 0.0000000000000000000, 0.0000000000000000000, -1.000000000000000000 ) ) ;
#375 = CARTESIAN_POINT ( 'NONE',  ( 4.607715378636193300, 0.1001904094406182700, 1.133065191530946200 ) ) ;
#376 = B_SPLINE_CURVE_WITH_KNOTS ( 'NONE', 3,
 ( #362, #663, #1170, #1261, #642, #604 ),
 .UNSPECIFIED., .F., .F.,
 ( 4, 2, 4 ),
 ( 7.217660192810570700E-006, 0.001076293397843639800, 0.002145369135494468300 ),
 .UNSPECIFIED. ) ;
#377 = CARTESIAN_POINT ( 'NONE',  ( 6.246671120845990200, 0.5500000000000018200, -6.246671120845989300 ) ) ;
#378 = DIRECTION ( 'NONE',  ( -0.0000000000000000000, -1.000000000000000000, -0.0000000000000000000 ) ) ;
#379 =( NAMED_UNIT ( * ) PLANE_ANGLE_UNIT ( ) SI_UNIT ( $, .RADIAN. ) );
#380 = FACE_OUTER_BOUND ( 'NONE', #1160, .T. ) ;
#381 = VERTEX_POINT ( 'NONE', #854 ) ;
#382 = CONICAL_SURFACE ( 'NONE', #272, 4.982635182233305900, 1.396263401595462300 ) ;
#383 = AXIS2_PLACEMENT_3D ( 'NONE', #1005, #27, #553 ) ;
#384 = VERTEX_POINT ( 'NONE', #648 ) ;
#385 = AXIS2_PLACEMENT_3D ( 'NONE', #377, #828, #1226 ) ;
#386 = ORIENTED_EDGE ( 'NONE', *, *, #1204, .F. ) ;
#387 = CARTESIAN_POINT ( 'NONE',  ( 1.741065905686701500, 0.1533302419493577400, -3.303767477575701800 ) ) ;
#388 = CARTESIAN_POINT ( 'NONE',  ( -4.272875946350893600, 0.1454220734359481000, -1.240582300256367000 ) ) ;
#389 = B_SPLINE_CURVE_WITH_KNOTS ( 'NONE', 3,
 ( #1016, #485, #970, #711 ),
 .UNSPECIFIED., .F., .F.,
 ( 4, 4 ),
 ( 1.289299277113058000E-006, 0.0002608666951373172300 ),
 .UNSPECIFIED. ) ;
#390 = CARTESIAN_POINT ( 'NONE',  ( 4.604972511076582000, 0.1005609287122183800, 1.133945927672436600 ) ) ;
#391 = B_SPLINE_CURVE_WITH_KNOTS ( 'NONE', 3,
 ( #987, #991, #958, #965 ),
 .UNSPECIFIED., .F., .F.,
 ( 4, 4 ),
 ( 2.092092613948694500E-007, 0.0002589876179567012900 ),
 .UNSPECIFIED. ) ;
#392 = AXIS2_PLACEMENT_3D ( 'NONE', #1142, #739, #48 ) ;
#393 =( LENGTH_UNIT ( ) NAMED_UNIT ( * ) SI_UNIT ( .MILLI., .METRE. ) );
#394 = AXIS2_PLACEMENT_3D ( 'NONE', #341, #301, #542 ) ;
#395 = DIRECTION ( 'NONE',  ( 0.0000000000000000000, 0.0000000000000000000, -1.000000000000000000 ) ) ;
#396 = ORIENTED_EDGE ( 'NONE', *, *, #694, .F. ) ;
#397 = CARTESIAN_POINT ( 'NONE',  ( -2.791226000810754100, 0.2860067344848345500, -2.136314415077456900 ) ) ;
#398 = CARTESIAN_POINT ( 'NONE',  ( -4.888181090308575200, 0.04176775339425101200, 1.051515871658368100 ) ) ;
#399 = ORIENTED_EDGE ( 'NONE', *, *, #1037, .T. ) ;
#400 =( NAMED_UNIT ( * ) PLANE_ANGLE_UNIT ( ) SI_UNIT ( $, .RADIAN. ) );
#401 = CIRCLE ( 'NONE', #270, 4.758682408883347000 ) ;
#402 = DIRECTION ( 'NONE',  ( 0.0000000000000000000, 0.0000000000000000000, -1.000000000000000000 ) ) ;
#403 = EDGE_LOOP ( 'NONE', ( #949, #1178, #1269, #1036, #1009, #337, #567, #163 ) ) ;
#404 = FACE_OUTER_BOUND ( 'NONE', #98, .T. ) ;
#405 = CARTESIAN_POINT ( 'NONE',  ( -4.624404714847703900, -0.0005662750297475078200, -1.127712333127981700 ) ) ;
#406 = SURFACE_STYLE_USAGE ( .BOTH. , #630 ) ;
#407 = CARTESIAN_POINT ( 'NONE',  ( -4.869343598905961000, 0.1402485286954751900, 1.056478241622927000 ) ) ;
#408 = DIRECTION ( 'NONE',  ( -0.0000000000000000000, -1.000000000000000000, -0.0000000000000000000 ) ) ;
#409 = B_SPLINE_CURVE_WITH_KNOTS ( 'NONE', 3,
 ( #1228, #458, #584, #703 ),
 .UNSPECIFIED., .F., .F.,
 ( 4, 4 ),
 ( 2.092092613948642600E-007, 0.0002589876179565814300 ),
 .UNSPECIFIED. ) ;
#410 = DIRECTION ( 'NONE',  ( -0.0000000000000000000, -1.000000000000000000, -0.0000000000000000000 ) ) ;
#411 = EDGE_LOOP ( 'NONE', ( #1144, #608, #419, #239 ) ) ;
#412 = PRODUCT_DEFINITION_FORMATION_WITH_SPECIFIED_SOURCE ( 'ANY', '', #345, .NOT_KNOWN. ) ;
#413 = CARTESIAN_POINT ( 'NONE',  ( 4.786724016060834900, 0.1268314090650299900, 1.078403096431316700 ) ) ;
#414 = CONICAL_SURFACE ( 'NONE', #288, 5.000000000000000000, 0.1745329251994470200 ) ;
#415 = ORIENTED_EDGE ( 'NONE', *, *, #1104, .F. ) ;
#416 = CIRCLE ( 'NONE', #276, 4.742531517518036900 ) ;
#417 = B_SPLINE_CURVE_WITH_KNOTS ( 'NONE', 3,
 ( #1241, #874, #651, #716 ),
 .UNSPECIFIED., .F., .F.,
 ( 4, 4 ),
 ( 2.038646833667320900E-007, 0.0001005928048209111300 ),
 .UNSPECIFIED. ) ;
#418 = CARTESIAN_POINT ( 'NONE',  ( -4.623013056584981400, 0.1007596123493890300, -1.128188170147427400 ) ) ;
#419 = ORIENTED_EDGE ( 'NONE', *, *, #629, .F. ) ;
#420 = AXIS2_PLACEMENT_3D ( 'NONE', #905, #607, #15 ) ;
#421 = CARTESIAN_POINT ( 'NONE',  ( -1.133945927672278300, 0.1005609287122181500, 4.604972511076621100 ) ) ;
#422 = DIRECTION ( 'NONE',  ( -0.0000000000000000000, -1.000000000000000000, -0.0000000000000000000 ) ) ;
#423 = AXIS2_PLACEMENT_3D ( 'NONE', #1208, #171, #1245 ) ;
#424 = MANIFOLD_SOLID_BREP ( 'Cut-Extrude2', #13 ) ;
#425 = DIRECTION ( 'NONE',  ( 0.0000000000000000000, 0.0000000000000000000, -1.000000000000000000 ) ) ;
#426 = ORIENTED_EDGE ( 'NONE', *, *, #916, .T. ) ;
#427 = CARTESIAN_POINT ( 'NONE',  ( 1.909856753125032300, 0.2744839124094969300, 3.060604253697020400 ) ) ;
#428 = ORIENTED_EDGE ( 'NONE', *, *, #650, .T. ) ;
#429 = CARTESIAN_POINT ( 'NONE',  ( 1.129302148993230200, 0.1002046181031326200, 4.619501306263728700 ) ) ;
#430 = FILL_AREA_STYLE ('',( #1163 ) ) ;
#431 = COLOUR_RGB ( '',0.8000000000000000400, 0.8039215686274510100, 0.8000000000000000400 ) ;
#432 = CARTESIAN_POINT ( 'NONE',  ( -1.133945927672379800, 0.1005609287147085500, -4.604972511076304000 ) ) ;
#433 = APPLICATION_CONTEXT ( 'automotive_design' ) ;
#434 = CARTESIAN_POINT ( 'NONE',  ( 4.624553784729593000, -0.0005426590065837650200, -1.127665665134987000 ) ) ;
#435 = VERTEX_POINT ( 'NONE', #432 ) ;
#436 = CARTESIAN_POINT ( 'NONE',  ( -1.054810523545844500, 0.1074233075813931000, 4.875628072533550600 ) ) ;
#437 = FACE_OUTER_BOUND ( 'NONE', #1244, .T. ) ;
#438 = EDGE_LOOP ( 'NONE', ( #509, #152, #536, #254 ) ) ;
#439 = B_SPLINE_CURVE_WITH_KNOTS ( 'NONE', 3,
 ( #418, #974, #851, #848 ),
 .UNSPECIFIED., .F., .F.,
 ( 4, 4 ),
 ( 1.342405051394365900E-006, 0.0002609198009115902800 ),
 .UNSPECIFIED. ) ;
#440 = ORIENTED_EDGE ( 'NONE', *, *, #1243, .T. ) ;
#441 = AXIS2_PLACEMENT_3D ( 'NONE', #546, #959, #338 ) ;
#442 = FILL_AREA_STYLE ('',( #467 ) ) ;
#443 = AXIS2_PLACEMENT_3D ( 'NONE', #680, #116, #209 ) ;
#444 = CARTESIAN_POINT ( 'NONE',  ( 4.606121478763785900, -0.0007260573541946691500, -1.133542612024773100 ) ) ;
#445 = DIRECTION ( 'NONE',  ( -0.0000000000000000000, -1.000000000000000000, -0.0000000000000000000 ) ) ;
#446 = APPLICATION_PROTOCOL_DEFINITION ( 'draft international standard', 'automotive_design', 1998, #433 ) ;
#447 = DIRECTION ( 'NONE',  ( 0.0000000000000000000, 0.0000000000000000000, -1.000000000000000000 ) ) ;
#448 = AXIS2_PLACEMENT_3D ( 'NONE', #1236, #638, #1004 ) ;
#449 =( NAMED_UNIT ( * ) SI_UNIT ( $, .STERADIAN. ) SOLID_ANGLE_UNIT ( ) );
#450 = CARTESIAN_POINT ( 'NONE',  ( 4.247300253260737800, 0.04763950874191819100, 1.250056930136090400 ) ) ;
#451 = CARTESIAN_POINT ( 'NONE',  ( -3.955609893352852500, 0.1855549118517082500, 1.377835273030476600 ) ) ;
#452 = CONICAL_SURFACE ( 'NONE', #302, 3.500000000000000400, 1.420865586988163700 ) ;
#453 = CIRCLE ( 'NONE', #299, 4.758682408883347000 ) ;
#454 = B_SPLINE_CURVE_WITH_KNOTS ( 'NONE', 3,
 ( #45, #468, #708, #457 ),
 .UNSPECIFIED., .F., .F.,
 ( 4, 4 ),
 ( 0.0001942820231616392100, 0.0002510511851918891900 ),
 .UNSPECIFIED. ) ;
#455 = CARTESIAN_POINT ( 'NONE',  ( 0.0000000000000000000, 0.1005609287160790000, 0.0000000000000000000 ) ) ;
#456 = CARTESIAN_POINT ( 'NONE',  ( 1.133065191524178900, 0.1001904094378120400, -4.607715378656991800 ) ) ;
#457 = CARTESIAN_POINT ( 'NONE',  ( -1.139345599165704700, 0.001682786148238116800, 4.588250413719922700 ) ) ;
#458 = CARTESIAN_POINT ( 'NONE',  ( -1.073072875439927700, 0.02835607114629147900, 4.805742515983321400 ) ) ;
#459 =( LENGTH_UNIT ( ) NAMED_UNIT ( * ) SI_UNIT ( .MILLI., .METRE. ) );
#460 = DIRECTION ( 'NONE',  ( 0.0000000000000000000, 0.0000000000000000000, -1.000000000000000000 ) ) ;
#461 = ORIENTED_EDGE ( 'NONE', *, *, #999, .T. ) ;
#462 = AXIS2_PLACEMENT_3D ( 'NONE', #873, #153, #537 ) ;
#463 = CARTESIAN_POINT ( 'NONE',  ( 1.073072875439992700, 0.02835607114628847100, -4.805742515983289400 ) ) ;
#464 = AXIS2_PLACEMENT_3D ( 'NONE', #732, #598, #61 ) ;
#465 = CONICAL_SURFACE ( 'NONE', #318, 3.500000000000000400, 1.420865586988163700 ) ;
#466 = VERTEX_POINT ( 'NONE', #133 ) ;
#467 = FILL_AREA_STYLE_COLOUR ( '', #431 ) ;
#468 = CARTESIAN_POINT ( 'NONE',  ( -1.127712333128018100, -0.0005662750297475556400, 4.624404714847695000 ) ) ;
#469 = ORIENTED_EDGE ( 'NONE', *, *, #1046, .T. ) ;
#470 = ADVANCED_FACE ( 'NONE', ( #906 ), #879, .F. ) ;
#471 = CARTESIAN_POINT ( 'NONE',  ( -2.554025301304943000, 0.2961531417291382600, -2.335721439393865700 ) ) ;
#472 = B_SPLINE_CURVE_WITH_KNOTS ( 'NONE', 3,
 ( #156, #760, #47, #866, #862, #616 ),
 .UNSPECIFIED., .F., .F.,
 ( 4, 2, 4 ),
 ( 7.217660194215543400E-006, 0.001076293397845121300, 0.002145369135496027000 ),
 .UNSPECIFIED. ) ;
#473 = ADVANCED_FACE ( 'NONE', ( #908 ), #842, .F. ) ;
#474 = CARTESIAN_POINT ( 'NONE',  ( 3.350502938953947100, 0.2501093255323356100, -1.711615010576630300 ) ) ;
#475 = FACE_OUTER_BOUND ( 'NONE', #1237, .T. ) ;
#476 = AXIS2_PLACEMENT_3D ( 'NONE', #569, #378, #1255 ) ;
#477 = FACE_OUTER_BOUND ( 'NONE', #46, .T. ) ;
#478 = PRODUCT_RELATED_PRODUCT_CATEGORY ( 'part', '', ( #345 ) ) ;
#479 = ADVANCED_FACE ( 'NONE', ( #893 ), #810, .T. ) ;
#480 = AXIS2_PLACEMENT_3D ( 'NONE', #1153, #143, #763 ) ;
#481 = CARTESIAN_POINT ( 'NONE',  ( 1.133945927672338900, 0.1005609287122182500, -4.604972511076605100 ) ) ;
#482 = B_SPLINE_CURVE_WITH_KNOTS ( 'NONE', 3,
 ( #40, #456, #1070, #346, #813, #1060, #339 ),
 .UNSPECIFIED., .F., .F.,
 ( 4, 3, 4 ),
 ( 0.0001054390890648532900, 0.0001141283184171579900, 0.0001243915344627597800 ),
 .UNSPECIFIED. ) ;
#483 = CARTESIAN_POINT ( 'NONE',  ( 2.335721439394153900, 0.2961531417291014000, 2.554025301304930100 ) ) ;
#484 = ORIENTED_EDGE ( 'NONE', *, *, #1099, .T. ) ;
#485 = CARTESIAN_POINT ( 'NONE',  ( 1.078403096431316000, 0.1268314090650299300, 4.786724016060834900 ) ) ;
#486 = CIRCLE ( 'NONE', #31, 3.514936964963929700 ) ;
#487 = ORIENTED_EDGE ( 'NONE', *, *, #776, .T. ) ;
#488 = EDGE_LOOP ( 'NONE', ( #1058, #1061, #1077, #1116, #1117, #1135, #1154, #1168, #1257, #11, #232, #290, #557, #780, #806, #838 ) ) ;
#489 = ADVANCED_FACE ( 'NONE', ( #894 ), #796, .T. ) ;
#490 = CARTESIAN_POINT ( 'NONE',  ( -4.723758520105942400, 0.01517360309675803800, 1.096608513661827800 ) ) ;
#491 = ORIENTED_EDGE ( 'NONE', *, *, #871, .T. ) ;
#492 =( NAMED_UNIT ( * ) PLANE_ANGLE_UNIT ( ) SI_UNIT ( $, .RADIAN. ) );
#493 =( GEOMETRIC_REPRESENTATION_CONTEXT ( 3 ) GLOBAL_UNCERTAINTY_ASSIGNED_CONTEXT ( ( #1174 ) ) GLOBAL_UNIT_ASSIGNED_CONTEXT ( ( #519, #492, #770 ) ) REPRESENTATION_CONTEXT ( 'NONE', 'WORKASPACE' ) );
#494 = ORIENTED_EDGE ( 'NONE', *, *, #1119, .F. ) ;
#495 = CARTESIAN_POINT ( 'NONE',  ( 4.623013056584934300, 0.1007596123493889500, 1.128188170147620900 ) ) ;
#496 = ORIENTED_EDGE ( 'NONE', *, *, #556, .T. ) ;
#497 = CARTESIAN_POINT ( 'NONE',  ( 1.127712333128078700, -0.0005662750297478016400, -4.624404714847679900 ) ) ;
#498 = CARTESIAN_POINT ( 'NONE',  ( 0.0000000000000000000, 0.1007596123493893600, 0.0000000000000000000 ) ) ;
#499 = ADVANCED_FACE ( 'NONE', ( #921 ), #769, .T. ) ;
#500 = CARTESIAN_POINT ( 'NONE',  ( -4.875628072533548800, 0.1074233075813939100, 1.054810523545852700 ) ) ;
#501 = MECHANICAL_DESIGN_GEOMETRIC_PRESENTATION_REPRESENTATION (  '', ( #513 ), #493 ) ;
#502 = B_SPLINE_CURVE_WITH_KNOTS ( 'NONE', 3,
 ( #120, #737, #899, #952 ),
 .UNSPECIFIED., .F., .F.,
 ( 4, 4 ),
 ( 2.038646833700830600E-007, 0.0001005928048209108500 ),
 .UNSPECIFIED. ) ;
#503 = PRESENTATION_LAYER_ASSIGNMENT (  '', '', ( #513 ) ) ;
#504 = ORIENTED_EDGE ( 'NONE', *, *, #571, .T. ) ;
#505 = DIRECTION ( 'NONE',  ( -0.0000000000000000000, -1.000000000000000000, -0.0000000000000000000 ) ) ;
#506 = CARTESIAN_POINT ( 'NONE',  ( 0.0000000000000000000, 0.002278837048168822800, 0.0000000000000000000 ) ) ;
#507 = FACE_OUTER_BOUND ( 'NONE', #85, .T. ) ;
#508 = TOROIDAL_SURFACE ( 'NONE', #256, 4.750000000000000000, 0.04999999999999991300 ) ;
#509 = ORIENTED_EDGE ( 'NONE', *, *, #814, .T. ) ;
#510 = DIRECTION ( 'NONE',  ( 0.0000000000000000000, 0.0000000000000000000, -1.000000000000000000 ) ) ;
#511 = DIRECTION ( 'NONE',  ( 0.0000000000000000000, 0.0000000000000000000, -1.000000000000000000 ) ) ;
#512 = CARTESIAN_POINT ( 'NONE',  ( 1.744059048281879900, 0.1537422511874680700, 3.299164630668852900 ) ) ;
#513 = STYLED_ITEM ( 'NONE', ( #996 ), #424 ) ;
#514 = ADVANCED_FACE ( 'NONE', ( #823 ), #746, .T. ) ;
#515 = DIRECTION ( 'NONE',  ( 0.0000000000000000000, 0.0000000000000000000, -1.000000000000000000 ) ) ;
#516 = CARTESIAN_POINT ( 'NONE',  ( 0.0000000000000000000, 0.002278837048168822800, 0.0000000000000000000 ) ) ;
#517 = DIRECTION ( 'NONE',  ( 0.0000000000000000000, 0.0000000000000000000, -1.000000000000000000 ) ) ;
#518 = CARTESIAN_POINT ( 'NONE',  ( -4.624553784729561900, -0.0005426590065909660800, 1.127665665134949000 ) ) ;
#519 =( LENGTH_UNIT ( ) NAMED_UNIT ( * ) SI_UNIT ( .MILLI., .METRE. ) );
#520 = ORIENTED_EDGE ( 'NONE', *, *, #1204, .T. ) ;
#521 = CARTESIAN_POINT ( 'NONE',  ( -1.910041303496549500, 0.2744933028672040800, 3.060384725436176000 ) ) ;
#522 = ORIENTED_EDGE ( 'NONE', *, *, #1028, .T. ) ;
#523 = CARTESIAN_POINT ( 'NONE',  ( 4.604972511076280900, 0.1005609287147085500, -1.133945927672476200 ) ) ;
#524 = ORIENTED_EDGE ( 'NONE', *, *, #1143, .T. ) ;
#525 = FACE_OUTER_BOUND ( 'NONE', #1230, .T. ) ;
#526 = CARTESIAN_POINT ( 'NONE',  ( 0.0000000000000000000, 0.1402485286954751600, 0.0000000000000000000 ) ) ;
#527 = VERTEX_POINT ( 'NONE', #1246 ) ;
#528 = EDGE_CURVE ( 'NONE', #620, #1078, #798, .T. ) ;
#529 = CARTESIAN_POINT ( 'NONE',  ( 4.888181090308696900, 0.04176775339427269600, -1.051515871658383700 ) ) ;
#530 = B_SPLINE_CURVE_WITH_KNOTS ( 'NONE', 3,
 ( #1066, #654, #745, #138 ),
 .UNSPECIFIED., .F., .F.,
 ( 4, 4 ),
 ( 2.092092613948673800E-007, 0.0002589876179564089400 ),
 .UNSPECIFIED. ) ;
#531 = CARTESIAN_POINT ( 'NONE',  ( 3.917946366911500400, 0.08905325308490863500, -1.395037271713303900 ) ) ;
#532 = EDGE_CURVE ( 'NONE', #620, #1086, #1065, .T. ) ;
#533 = ADVANCED_FACE ( 'NONE', ( #864 ), #730, .F. ) ;
#534 = DIRECTION ( 'NONE',  ( -0.0000000000000000000, -1.000000000000000000, -0.0000000000000000000 ) ) ;
#535 = CARTESIAN_POINT ( 'NONE',  ( 2.791226000810551600, 0.2860067344850924500, -2.136314415077737100 ) ) ;
#536 = ORIENTED_EDGE ( 'NONE', *, *, #678, .F. ) ;
#537 = DIRECTION ( 'NONE',  ( 0.0000000000000000000, 0.0000000000000000000, -1.000000000000000000 ) ) ;
#538 = EDGE_CURVE ( 'NONE', #1078, #365, #686, .T. ) ;
#539 = ADVANCED_FACE ( 'NONE', ( #860 ), #767, .T. ) ;
#540 = ORIENTED_EDGE ( 'NONE', *, *, #1143, .F. ) ;
#541 = FACE_OUTER_BOUND ( 'NONE', #438, .T. ) ;
#542 = DIRECTION ( 'NONE',  ( 0.0000000000000000000, 0.0000000000000000000, -1.000000000000000000 ) ) ;
#543 = CARTESIAN_POINT ( 'NONE',  ( -1.250056930135896400, 0.04763950874190709500, 4.247300253260867500 ) ) ;
#544 = CIRCLE ( 'NONE', #326, 4.982635182233305900 ) ;
#545 = CARTESIAN_POINT ( 'NONE',  ( 2.354708798461879300, 0.1942936761329935600, -2.537869272546959400 ) ) ;
#546 = CARTESIAN_POINT ( 'NONE',  ( 0.0000000000000000000, 0.001682786148237411800, 0.0000000000000000000 ) ) ;
#547 = ADVANCED_FACE ( 'NONE', ( #784 ), #687, .F. ) ;
#548 = CARTESIAN_POINT ( 'NONE',  ( 4.875628072533518600, 0.1074233075813917100, 1.054810523545996100 ) ) ;
#549 = ADVANCED_FACE ( 'NONE', ( #876 ), #653, .T. ) ;
#550 = CARTESIAN_POINT ( 'NONE',  ( -1.131571178766022300, 0.1000069806042281100, -4.612386626406552300 ) ) ;
#551 = CARTESIAN_POINT ( 'NONE',  ( -1.392858254486597500, 0.08850450003125341600, 3.922523778957212900 ) ) ;
#552 = ADVANCED_FACE ( 'NONE', ( #690 ), #726, .T. ) ;
#553 = DIRECTION ( 'NONE',  ( 0.0000000000000000000, 0.0000000000000000000, -1.000000000000000000 ) ) ;
#554 = ORIENTED_EDGE ( 'NONE', *, *, #1104, .T. ) ;
#555 = ADVANCED_FACE ( 'NONE', ( #657 ), #614, .T. ) ;
#556 = EDGE_CURVE ( 'NONE', #190, #822, #389, .T. ) ;
#557 = ORIENTED_EDGE ( 'NONE', *, *, #704, .F. ) ;
#558 = CARTESIAN_POINT ( 'NONE',  ( 0.0000000000000000000, 0.1402485286954751600, 0.0000000000000000000 ) ) ;
#559 = CARTESIAN_POINT ( 'NONE',  ( 4.604972511076280900, 0.1005609287147085500, -1.133945927672476200 ) ) ;
#560 = FACE_OUTER_BOUND ( 'NONE', #808, .T. ) ;
#561 = ORIENTED_EDGE ( 'NONE', *, *, #1172, .T. ) ;
#562 = CARTESIAN_POINT ( 'NONE',  ( 1.128188170147525800, 0.1007596123493889100, -4.623013056584956500 ) ) ;
#563 = ADVANCED_FACE ( 'NONE', ( #707 ), #597, .F. ) ;
#564 = ORIENTED_EDGE ( 'NONE', *, *, #885, .T. ) ;
#565 = CARTESIAN_POINT ( 'NONE',  ( 4.247505146105131000, 0.04761189120509955900, -1.249990398536543900 ) ) ;
#566 = PRODUCT_CONTEXT ( 'NONE', #433, 'mechanical' ) ;
#567 = ORIENTED_EDGE ( 'NONE', *, *, #802, .T. ) ;
#568 = B_SPLINE_CURVE_WITH_KNOTS ( 'NONE', 3,
 ( #580, #684, #697, #101, #286, #878, #317 ),
 .UNSPECIFIED., .F., .F.,
 ( 4, 3, 4 ),
 ( 0.0001054390890648522000, 0.0001141283184171586500, 0.0001243915344627595700 ),
 .UNSPECIFIED. ) ;
#569 = CARTESIAN_POINT ( 'NONE',  ( 0.0000000000000000000, 0.1871285919169685100, 0.0000000000000000000 ) ) ;
#570 = EDGE_CURVE ( 'NONE', #950, #811, #671, .T. ) ;
#571 = EDGE_CURVE ( 'NONE', #979, #620, #204, .T. ) ;
#572 = CONICAL_SURFACE ( 'NONE', #352, 4.742531517518036900, 1.420865586988156600 ) ;
#573 = VERTEX_POINT ( 'NONE', #930 ) ;
#574 = ADVANCED_FACE ( 'NONE', ( #673 ), #572, .T. ) ;
#575 = CIRCLE ( 'NONE', #340, 4.742531517518036900 ) ;
#576 = CARTESIAN_POINT ( 'NONE',  ( -3.922523778957266700, 0.08850450003124842000, -1.392858254486536700 ) ) ;
#577 = CARTESIAN_POINT ( 'NONE',  ( 4.616514852592677800, 0.09999657816924470400, 1.130252892651034000 ) ) ;
#578 = EDGE_CURVE ( 'NONE', #527, #594, #575, .T. ) ;
#579 = EDGE_CURVE ( 'NONE', #365, #937, #1047, .T. ) ;
#580 = CARTESIAN_POINT ( 'NONE',  ( -4.604972511076629100, 0.1005609287122183200, -1.133945927672242300 ) ) ;
#581 = ORIENTED_EDGE ( 'NONE', *, *, #932, .T. ) ;
#582 = B_SPLINE_CURVE_WITH_KNOTS ( 'NONE', 3,
 ( #605, #928, #512, #1122, #1027, #936 ),
 .UNSPECIFIED., .F., .F.,
 ( 4, 2, 4 ),
 ( 7.217660194230453700E-006, 0.001076293397845426200, 0.002145369135496622900 ),
 .UNSPECIFIED. ) ;
#583 = CIRCLE ( 'NONE', #331, 4.982635182233305900 ) ;
#584 = CARTESIAN_POINT ( 'NONE',  ( -1.096608513661814900, 0.01517360309676065400, 4.723758520105961100 ) ) ;
#585 = ORIENTED_EDGE ( 'NONE', *, *, #887, .F. ) ;
#586 = ORIENTED_EDGE ( 'NONE', *, *, #947, .T. ) ;
#587 = EDGE_CURVE ( 'NONE', #187, #96, #583, .T. ) ;
#588 = CARTESIAN_POINT ( 'NONE',  ( 0.0000000000000000000, 0.0000000000000000000, 0.0000000000000000000 ) ) ;
#589 = EDGE_CURVE ( 'NONE', #381, #979, #1274, .T. ) ;
#590 = CARTESIAN_POINT ( 'NONE',  ( -4.888181090308474800, 0.04176775339423308800, -1.051515871658353500 ) ) ;
#591 = ADVANCED_FACE ( 'NONE', ( #615 ), #600, .F. ) ;
#592 = B_SPLINE_CURVE_WITH_KNOTS ( 'NONE', 3,
 ( #221, #1209, #1095, #1187, #427, #287 ),
 .UNSPECIFIED., .F., .F.,
 ( 4, 2, 4 ),
 ( 1.545374120446384700E-006, 0.001042270797813777800, 0.002082996221507107900 ),
 .UNSPECIFIED. ) ;
#593 = B_SPLINE_CURVE_WITH_KNOTS ( 'NONE', 3,
 ( #720, #208, #219, #827, #117, #725 ),
 .UNSPECIFIED., .F., .F.,
 ( 4, 2, 4 ),
 ( 6.065386134925502400E-006, 0.001046949021218709900, 0.002087832656302494500 ),
 .UNSPECIFIED. ) ;
#594 = VERTEX_POINT ( 'NONE', #946 ) ;
#595 = EDGE_LOOP ( 'NONE', ( #821, #904, #1038, #122, #540, #788, #1044, #17, #323, #386, #358, #847, #755, #712, #183, #132 ) ) ;
#596 = CARTESIAN_POINT ( 'NONE',  ( -1.127665665134906200, -0.0005426590065915377800, -4.624553784729570800 ) ) ;
#597 = CONICAL_SURFACE ( 'NONE', #372, 4.982635182233305900, 1.396263401595462300 ) ;
#598 = DIRECTION ( 'NONE',  ( 0.0000000000000000000, -1.000000000000000000, 0.0000000000000000000 ) ) ;
#599 = EDGE_CURVE ( 'NONE', #190, #1275, #544, .T. ) ;
#600 = TOROIDAL_SURFACE ( 'NONE', #324, 4.750000000000000000, 0.04999999999999991300 ) ;
#601 = ADVANCED_FACE ( 'NONE', ( #636 ), #634, .T. ) ;
#602 = CARTESIAN_POINT ( 'NONE',  ( -4.881907194737377300, 0.07459636579968695300, -1.053156443340460100 ) ) ;
#603 = B_SPLINE_CURVE_WITH_KNOTS ( 'NONE', 3,
 ( #274, #691, #777, #160, #1251, #1271 ),
 .UNSPECIFIED., .F., .F.,
 ( 4, 2, 4 ),
 ( 1.545374120445617900E-006, 0.001042270797813483800, 0.002082996221506522500 ),
 .UNSPECIFIED. ) ;
#604 = CARTESIAN_POINT ( 'NONE',  ( -1.139345599165668500, 0.001682786148238225900, -4.588250413719930700 ) ) ;
#605 = CARTESIAN_POINT ( 'NONE',  ( 2.184835988560943900, 0.1871285919169685100, 2.734317410815526400 ) ) ;
#606 = EDGE_CURVE ( 'NONE', #728, #335, #502, .T. ) ;
#607 = DIRECTION ( 'NONE',  ( -0.0000000000000000000, -1.000000000000000000, -0.0000000000000000000 ) ) ;
#608 = ORIENTED_EDGE ( 'NONE', *, *, #993, .T. ) ;
#609 = CARTESIAN_POINT ( 'NONE',  ( -4.869343598905969900, 0.1402485286954751900, -1.056478241622884000 ) ) ;
#610 = DIRECTION ( 'NONE',  ( -0.0000000000000000000, -1.000000000000000000, -0.0000000000000000000 ) ) ;
#611 = CARTESIAN_POINT ( 'NONE',  ( 2.734317410815819000, 0.1871285919169685100, -2.184835988560578400 ) ) ;
#612 = DIRECTION ( 'NONE',  ( -0.0000000000000000000, -1.000000000000000000, -0.0000000000000000000 ) ) ;
#613 = ADVANCED_FACE ( 'NONE', ( #541 ), #465, .F. ) ;
#614 = CONICAL_SURFACE ( 'NONE', #420, 4.742531517518036900, 1.420865586988156600 ) ;
#615 = FACE_OUTER_BOUND ( 'NONE', #411, .T. ) ;
#616 = CARTESIAN_POINT ( 'NONE',  ( -4.588250413719920900, 0.001682786148238075400, 1.139345599165712400 ) ) ;
#617 = VERTEX_POINT ( 'NONE', #360 ) ;
#618 = EDGE_CURVE ( 'NONE', #118, #1275, #364, .T. ) ;
#619 = DIRECTION ( 'NONE',  ( 0.0000000000000000000, 0.0000000000000000000, -1.000000000000000000 ) ) ;
#620 = VERTEX_POINT ( 'NONE', #36 ) ;
#621 = CARTESIAN_POINT ( 'NONE',  ( 0.0000000000000000000, 0.04176775339425476500, 0.0000000000000000000 ) ) ;
#622 = ADVANCED_FACE ( 'NONE', ( #475 ), #452, .F. ) ;
#623 = CARTESIAN_POINT ( 'NONE',  ( 1.053156443340553600, 0.07459636579968356700, -4.881907194737359600 ) ) ;
#624 = B_SPLINE_CURVE_WITH_KNOTS ( 'NONE', 3,
 ( #855, #881, #64, #645 ),
 .UNSPECIFIED., .F., .F.,
 ( 4, 4 ),
 ( 1.337673661639283700E-006, 0.0002601160823567443800 ),
 .UNSPECIFIED. ) ;
#625 = DIRECTION ( 'NONE',  ( -0.0000000000000000000, -1.000000000000000000, -0.0000000000000000000 ) ) ;
#626 = DIRECTION ( 'NONE',  ( 0.0000000000000000000, 0.0000000000000000000, -1.000000000000000000 ) ) ;
#627 = CARTESIAN_POINT ( 'NONE',  ( 4.642363730098960400, 0.002278837048168628900, -1.122090062630087600 ) ) ;
#628 = CARTESIAN_POINT ( 'NONE',  ( -4.612386626406171300, 0.1000069806042336400, 1.131571178766184000 ) ) ;
#629 = EDGE_CURVE ( 'NONE', #822, #118, #453, .T. ) ;
#630 = SURFACE_SIDE_STYLE ('',( #1040 ) ) ;
#631 = ADVANCED_FACE ( 'NONE', ( #525 ), #414, .T. ) ;
#632 = CARTESIAN_POINT ( 'NONE',  ( -1.741065905686555800, 0.1533302419493497200, 3.303767477575833700 ) ) ;
#633 = ORIENTED_EDGE ( 'NONE', *, *, #570, .T. ) ;
#634 = TOROIDAL_SURFACE ( 'NONE', #308, 4.750000000000000000, 0.1499999999999996900 ) ;
#635 = DIRECTION ( 'NONE',  ( 0.0000000000000000000, 0.0000000000000000000, -1.000000000000000000 ) ) ;
#636 = FACE_OUTER_BOUND ( 'NONE', #250, .T. ) ;
#637 = EDGE_CURVE ( 'NONE', #909, #202, #416, .T. ) ;
#638 = DIRECTION ( 'NONE',  ( 0.0000000000000000000, 1.000000000000000000, 0.0000000000000000000 ) ) ;
#639 = ADVANCED_FACE ( 'NONE', ( #437 ), #382, .F. ) ;
#640 = EDGE_CURVE ( 'NONE', #1155, #699, #401, .T. ) ;
#641 = DIRECTION ( 'NONE',  ( -0.0000000000000000000, -1.000000000000000000, -0.0000000000000000000 ) ) ;
#642 = CARTESIAN_POINT ( 'NONE',  ( -1.249990398536424500, 0.04761189120509237700, -4.247505146105211800 ) ) ;
#643 = CARTESIAN_POINT ( 'NONE',  ( 0.0000000000000000000, 0.002278837048168822800, 0.0000000000000000000 ) ) ;
#644 = B_SPLINE_CURVE_WITH_KNOTS ( 'NONE', 3,
 ( #1034, #1026, #980, #1030 ),
 .UNSPECIFIED., .F., .F.,
 ( 4, 4 ),
 ( 7.163857488381013300E-006, 0.0007842479371143407300 ),
 .UNSPECIFIED. ) ;
#645 = CARTESIAN_POINT ( 'NONE',  ( -1.051515871658330800, 0.04176775339424754200, -4.888181090308562700 ) ) ;
#646 = ADVANCED_FACE ( 'NONE', ( #477 ), #367, .T. ) ;
#647 = VERTEX_POINT ( 'NONE', #1092 ) ;
#648 = CARTESIAN_POINT ( 'NONE',  ( 4.869343598905929900, 0.1402485286954751900, 1.056478241623071400 ) ) ;
#649 = CARTESIAN_POINT ( 'NONE',  ( 4.888181090308705700, 0.04176775339427735200, 1.051515871658469600 ) ) ;
#650 = EDGE_CURVE ( 'NONE', #909, #198, #592, .T. ) ;
#651 = CARTESIAN_POINT ( 'NONE',  ( 1.054810523545995200, 0.1074233075813930400, 4.875628072533518600 ) ) ;
#652 = UNCERTAINTY_MEASURE_WITH_UNIT (LENGTH_MEASURE( 1.000000000000000100E-005 ), #459, 'distance_accuracy_value', 'NONE');
#653 = CONICAL_SURFACE ( 'NONE', #392, 4.742531517518036900, 1.420865586988156600 ) ;
#654 = CARTESIAN_POINT ( 'NONE',  ( -4.805742515983221000, 0.02835607114627406900, -1.073072875439923500 ) ) ;
#655 = ADVANCED_FACE ( 'NONE', ( #370 ), #508, .F. ) ;
#656 = CARTESIAN_POINT ( 'NONE',  ( -1.139345599165704700, 0.001682786148238116800, 4.588250413719922700 ) ) ;
#657 = FACE_OUTER_BOUND ( 'NONE', #217, .T. ) ;
#658 = ADVANCED_FACE ( 'NONE', ( #507 ), #347, .F. ) ;
#659 = ORIENTED_EDGE ( 'NONE', *, *, #1147, .T. ) ;
#660 = CARTESIAN_POINT ( 'NONE',  ( 0.0000000000000000000, 0.1499999999999996300, 0.0000000000000000000 ) ) ;
#661 = CARTESIAN_POINT ( 'NONE',  ( -1.102317565100221700, 0.1136485796802075400, -4.704568560033085800 ) ) ;
#662 = CARTESIAN_POINT ( 'NONE',  ( 4.888181090308696900, 0.04176775339427269600, -1.051515871658383700 ) ) ;
#663 = CARTESIAN_POINT ( 'NONE',  ( -1.948579938817787600, 0.1771635216156255700, -3.007533949434793000 ) ) ;
#664 = ADVANCED_FACE ( 'NONE', ( #560 ), #306, .T. ) ;
#665 = CARTESIAN_POINT ( 'NONE',  ( -4.606121478764020300, -0.0007260573542243062500, 1.133542612024647900 ) ) ;
#666 = EDGE_CURVE ( 'NONE', #573, #202, #1265, .T. ) ;
#667 = ORIENTED_EDGE ( 'NONE', *, *, #599, .F. ) ;
#668 = EDGE_LOOP ( 'NONE', ( #72, #944, #491, #128 ) ) ;
#669 = EDGE_CURVE ( 'NONE', #1200, #203, #986, .T. ) ;
#670 = ORIENTED_EDGE ( 'NONE', *, *, #1172, .F. ) ;
#671 = CIRCLE ( 'NONE', #368, 3.514936964963929700 ) ;
#672 = ORIENTED_EDGE ( 'NONE', *, *, #836, .T. ) ;
#673 = FACE_OUTER_BOUND ( 'NONE', #177, .T. ) ;
#674 = ORIENTED_EDGE ( 'NONE', *, *, #1075, .F. ) ;
#675 = CARTESIAN_POINT ( 'NONE',  ( 0.0000000000000000000, 0.04176775339425476500, 0.0000000000000000000 ) ) ;
#676 = DIRECTION ( 'NONE',  ( -0.0000000000000000000, -1.000000000000000000, -0.0000000000000000000 ) ) ;
#677 = ADVANCED_FACE ( 'NONE', ( #380 ), #282, .T. ) ;
#678 = EDGE_CURVE ( 'NONE', #779, #1200, #305, .T. ) ;
#679 = CARTESIAN_POINT ( 'NONE',  ( -1.056478241622918800, 0.1402485286954752200, 4.869343598905962800 ) ) ;
#680 = CARTESIAN_POINT ( 'NONE',  ( 0.0000000000000000000, 0.002278837048168822800, 0.0000000000000000000 ) ) ;
#681 = CARTESIAN_POINT ( 'NONE',  ( 0.0000000000000000000, 0.1871285919169685100, 0.0000000000000000000 ) ) ;
#682 = ORIENTED_EDGE ( 'NONE', *, *, #729, .T. ) ;
#683 = ADVANCED_FACE ( 'NONE', ( #334 ), #353, .T. ) ;
#684 = CARTESIAN_POINT ( 'NONE',  ( -4.607715378657015700, 0.1001904094378120400, -1.133065191524081000 ) ) ;
#685 = EDGE_CURVE ( 'NONE', #207, #594, #758, .T. ) ;
#686 = B_SPLINE_CURVE_WITH_KNOTS ( 'NONE', 3,
 ( #196, #450, #1053, #1041, #957, #1213 ),
 .UNSPECIFIED., .F., .F.,
 ( 4, 2, 4 ),
 ( 1.550300271236285000E-006, 0.001070429777095453700, 0.002139309253919671600 ),
 .UNSPECIFIED. ) ;
#687 = CYLINDRICAL_SURFACE ( 'NONE', #385, 5.369835493404871800 ) ;
#688 = VERTEX_POINT ( 'NONE', #826 ) ;
#689 = B_SPLINE_CURVE_WITH_KNOTS ( 'NONE', 3,
 ( #892, #883, #1045, #1080, #18, #839, #523 ),
 .UNSPECIFIED., .F., .F.,
 ( 4, 3, 4 ),
 ( 0.0001034876550867435400, 0.0001146477827436090500, 0.0001224310787483904000 ),
 .UNSPECIFIED. ) ;
#690 = FACE_OUTER_BOUND ( 'NONE', #76, .T. ) ;
#691 = CARTESIAN_POINT ( 'NONE',  ( -1.240648502274815700, 0.1454499241425679100, -4.272669774081935000 ) ) ;
#692 = EDGE_CURVE ( 'NONE', #594, #699, #568, .T. ) ;
#693 = DIRECTION ( 'NONE',  ( 0.0000000000000000000, 1.000000000000000000, 0.0000000000000000000 ) ) ;
#694 = EDGE_CURVE ( 'NONE', #617, #1087, #530, .T. ) ;
#695 = ADVANCED_FACE ( 'NONE', ( #404 ), #281, .T. ) ;
#696 = CARTESIAN_POINT ( 'NONE',  ( -4.588250413719920900, 0.001682786148238075400, 1.139345599165712400 ) ) ;
#697 = CARTESIAN_POINT ( 'NONE',  ( -4.610486944350045100, 0.1000029681448342100, -1.132177694991322300 ) ) ;
#698 = CARTESIAN_POINT ( 'NONE',  ( 0.0000000000000000000, 0.2860067344848185600, 0.0000000000000000000 ) ) ;
#699 = VERTEX_POINT ( 'NONE', #5 ) ;
#700 = ORIENTED_EDGE ( 'NONE', *, *, #578, .F. ) ;
#701 = CARTESIAN_POINT ( 'NONE',  ( 4.642363730098936400, 0.002278837048162776000, 1.122090062630185100 ) ) ;
#702 = CARTESIAN_POINT ( 'NONE',  ( 1.139345599165765500, 0.001682786148238351200, -4.588250413719905800 ) ) ;
#703 = CARTESIAN_POINT ( 'NONE',  ( -1.122090062630027400, 0.002278837048162770300, 4.642363730098974600 ) ) ;
#704 = EDGE_CURVE ( 'NONE', #843, #1176, #482, .T. ) ;
#705 = ADVANCED_FACE ( 'NONE', ( #269 ), #215, .F. ) ;
#706 = CARTESIAN_POINT ( 'NONE',  ( -4.875628072533557700, 0.1074233075813954600, -1.054810523545809600 ) ) ;
#707 = FACE_OUTER_BOUND ( 'NONE', #300, .T. ) ;
#708 = CARTESIAN_POINT ( 'NONE',  ( -1.133539261119053600, -0.0007274483287293090800, 4.606131798320189000 ) ) ;
#709 = ORIENTED_EDGE ( 'NONE', *, *, #887, .T. ) ;
#710 = ORIENTED_EDGE ( 'NONE', *, *, #841, .F. ) ;
#711 = CARTESIAN_POINT ( 'NONE',  ( 1.128188170147620400, 0.1007596123493890000, 4.623013056584934300 ) ) ;
#712 = ORIENTED_EDGE ( 'NONE', *, *, #960, .F. ) ;
#713 = ADVANCED_FACE ( 'NONE', ( #257 ), #218, .F. ) ;
#714 = DIRECTION ( 'NONE',  ( 0.0000000000000000000, 0.0000000000000000000, -1.000000000000000000 ) ) ;
#715 = EDGE_CURVE ( 'NONE', #797, #731, #253, .T. ) ;
#716 = CARTESIAN_POINT ( 'NONE',  ( 1.056478241623070500, 0.1402485286954752200, 4.869343598905929900 ) ) ;
#717 = B_SPLINE_CURVE_WITH_KNOTS ( 'NONE', 3,
 ( #51, #926, #1015, #988 ),
 .UNSPECIFIED., .F., .F.,
 ( 4, 4 ),
 ( 2.038646833639468400E-007, 0.0001005928048209109000 ),
 .UNSPECIFIED. ) ;
#718 = EDGE_CURVE ( 'NONE', #779, #907, #472, .T. ) ;
#719 = CARTESIAN_POINT ( 'NONE',  ( 1.051515871658412300, 0.04176775339425482800, -4.888181090308587600 ) ) ;
#720 = CARTESIAN_POINT ( 'NONE',  ( 2.791226000810275800, 0.2860067344848346000, 2.136314415078081700 ) ) ;
#721 = ORIENTED_EDGE ( 'NONE', *, *, #1054, .T. ) ;
#722 = CARTESIAN_POINT ( 'NONE',  ( -3.007757560341433900, 0.1771553658194352000, -1.948386577794511100 ) ) ;
#723 = CARTESIAN_POINT ( 'NONE',  ( -2.184835988560214700, 0.1871285919169685100, -2.734317410816109900 ) ) ;
#724 = SURFACE_STYLE_FILL_AREA ( #442 ) ;
#725 = CARTESIAN_POINT ( 'NONE',  ( 4.604972511076582000, 0.1005609287122183800, 1.133945927672436600 ) ) ;
#726 = TOROIDAL_SURFACE ( 'NONE', #383, 4.750000000000000000, 0.1499999999999996900 ) ;
#727 = EDGE_LOOP ( 'NONE', ( #79, #271, #1272, #1073, #38, #289, #1094, #315, #804, #396, #175, #229, #945, #332, #415, #877 ) ) ;
#728 = VERTEX_POINT ( 'NONE', #70 ) ;
#729 = EDGE_CURVE ( 'NONE', #1125, #149, #234, .T. ) ;
#730 = CYLINDRICAL_SURFACE ( 'NONE', #394, 5.369835493404957900 ) ;
#731 = VERTEX_POINT ( 'NONE', #344 ) ;
#732 = CARTESIAN_POINT ( 'NONE',  ( 6.246671120845989300, 0.5500000000000018200, 6.246671120845990200 ) ) ;
#733 = CARTESIAN_POINT ( 'NONE',  ( -1.714134655363928700, 0.2504751420865373200, 3.346541733300912600 ) ) ;
#734 = ADVANCED_FACE ( 'NONE', ( #336 ), #151, .T. ) ;
#735 = CARTESIAN_POINT ( 'NONE',  ( 2.335721439394025100, 0.2961531417291178300, -2.554025301304919900 ) ) ;
#736 = CARTESIAN_POINT ( 'NONE',  ( 2.791226000810275800, 0.2860067344848346000, 2.136314415078081700 ) ) ;
#737 = CARTESIAN_POINT ( 'NONE',  ( -1.053156443340461200, 0.07459636579968458000, -4.881907194737378200 ) ) ;
#738 = CARTESIAN_POINT ( 'NONE',  ( -1.128188170147427400, 0.1007596123493889700, -4.623013056584981400 ) ) ;
#739 = DIRECTION ( 'NONE',  ( -0.0000000000000000000, -1.000000000000000000, -0.0000000000000000000 ) ) ;
#740 = CARTESIAN_POINT ( 'NONE',  ( 4.588250413719882700, 0.001682786148238231300, 1.139345599165863200 ) ) ;
#741 = ADVANCED_FACE ( 'NONE', ( #201 ), #126, .F. ) ;
#742 = CARTESIAN_POINT ( 'NONE',  ( -6.246671120845985700, 0.5500000000000018200, 6.246671120845996400 ) ) ;
#743 = CARTESIAN_POINT ( 'NONE',  ( -4.615935291668143300, 0.09995389884383011600, 1.130437373233688300 ) ) ;
#744 = VERTEX_POINT ( 'NONE', #967 ) ;
#745 = CARTESIAN_POINT ( 'NONE',  ( -4.723758520105915800, 0.01517360309675219000, -1.096608513661795800 ) ) ;
#746 = CONICAL_SURFACE ( 'NONE', #443, 4.776047226650039300, 1.396263401595462900 ) ;
#747 = EDGE_CURVE ( 'NONE', #1125, #190, #417, .T. ) ;
#748 = ADVANCED_FACE ( 'NONE', ( #146 ), #179, .F. ) ;
#749 = DIRECTION ( 'NONE',  ( -0.0000000000000000000, -1.000000000000000000, -0.0000000000000000000 ) ) ;
#750 = ORIENTED_EDGE ( 'NONE', *, *, #718, .F. ) ;
#751 = ORIENTED_EDGE ( 'NONE', *, *, #729, .F. ) ;
#752 = EDGE_CURVE ( 'NONE', #149, #1100, #409, .T. ) ;
#753 = CARTESIAN_POINT ( 'NONE',  ( -1.056478241622884400, 0.1402485286954751900, -4.869343598905969900 ) ) ;
#754 = CARTESIAN_POINT ( 'NONE',  ( 4.588250413719906700, 0.001682786148238191400, -1.139345599165765700 ) ) ;
#755 = ORIENTED_EDGE ( 'NONE', *, *, #1093, .F. ) ;
#756 = CARTESIAN_POINT ( 'NONE',  ( -1.078403096431129300, 0.1268314090650298500, -4.786724016060877500 ) ) ;
#757 = CARTESIAN_POINT ( 'NONE',  ( 0.0000000000000000000, 0.1499999999999996300, 0.0000000000000000000 ) ) ;
#758 = B_SPLINE_CURVE_WITH_KNOTS ( 'NONE', 3,
 ( #103, #1074, #1091, #998, #388, #1085 ),
 .UNSPECIFIED., .F., .F.,
 ( 4, 2, 4 ),
 ( 6.065386135897016100E-006, 0.001046949021219388400, 0.002087832656302879600 ),
 .UNSPECIFIED. ) ;
#759 = ADVANCED_FACE ( 'NONE', ( #165 ), #97, .F. ) ;
#760 = CARTESIAN_POINT ( 'NONE',  ( -3.007533949434667800, 0.1771635216156302000, 1.948579938817924800 ) ) ;
#761 = CARTESIAN_POINT ( 'NONE',  ( -4.623013056584970700, 0.1007596123493889700, 1.128188170147471400 ) ) ;
#762 = EDGE_CURVE ( 'NONE', #203, #1211, #376, .T. ) ;
#763 = DIRECTION ( 'NONE',  ( 0.0000000000000000000, 0.0000000000000000000, -1.000000000000000000 ) ) ;
#764 = DIRECTION ( 'NONE',  ( 0.0000000000000000000, 0.0000000000000000000, -1.000000000000000000 ) ) ;
#765 = ORIENTED_EDGE ( 'NONE', *, *, #528, .T. ) ;
#766 = CARTESIAN_POINT ( 'NONE',  ( -3.060604253697362800, 0.2744839124094844400, 1.909856753124623100 ) ) ;
#767 = SPHERICAL_SURFACE ( 'NONE', #423, 23.53180163073600200 ) ;
#768 = ADVANCED_FACE ( 'NONE', ( #110 ), #162, .F. ) ;
#769 = CONICAL_SURFACE ( 'NONE', #448, 4.776047226650039300, 1.396263401595462900 ) ;
#770 =( NAMED_UNIT ( * ) SI_UNIT ( $, .STERADIAN. ) SOLID_ANGLE_UNIT ( ) );
#771 = CARTESIAN_POINT ( 'NONE',  ( 1.122090062630184200, 0.002278837048168517100, 4.642363730098937300 ) ) ;
#772 = DIRECTION ( 'NONE',  ( -0.0000000000000000000, -1.000000000000000000, -0.0000000000000000000 ) ) ;
#773 = CARTESIAN_POINT ( 'NONE',  ( -1.132362886490636500, 0.1000440462548414400, -4.609908683214838400 ) ) ;
#774 = CARTESIAN_POINT ( 'NONE',  ( 2.136314415077767800, 0.2860067344848346000, -2.791226000810516500 ) ) ;
#775 = CARTESIAN_POINT ( 'NONE',  ( -1.128188170147427400, 0.1007596123493889700, -4.623013056584981400 ) ) ;
#776 = EDGE_CURVE ( 'NONE', #144, #435, #350, .T. ) ;
#777 = CARTESIAN_POINT ( 'NONE',  ( -1.377835273030413500, 0.1855549118517044700, -3.955609893352896500 ) ) ;
#778 = EDGE_CURVE ( 'NONE', #176, #1200, #310, .T. ) ;
#779 = VERTEX_POINT ( 'NONE', #30 ) ;
#780 = ORIENTED_EDGE ( 'NONE', *, *, #1177, .F. ) ;
#781 = VERTEX_POINT ( 'NONE', #529 ) ;
#782 = VERTEX_POINT ( 'NONE', #559 ) ;
#783 = CARTESIAN_POINT ( 'NONE',  ( 2.136314415078050600, 0.2860067344850939500, 2.791226000810311800 ) ) ;
#784 = FACE_OUTER_BOUND ( 'NONE', #488, .T. ) ;
#785 = ORIENTED_EDGE ( 'NONE', *, *, #1054, .F. ) ;
#786 = B_SPLINE_CURVE_WITH_KNOTS ( 'NONE', 3,
 ( #753, #756, #661, #738 ),
 .UNSPECIFIED., .F., .F.,
 ( 4, 4 ),
 ( 1.289299277113897900E-006, 0.0002608666951373094300 ),
 .UNSPECIFIED. ) ;
#787 = CARTESIAN_POINT ( 'NONE',  ( -1.102317565100257900, 0.1136485796802077500, 4.704568560033077800 ) ) ;
#788 = ORIENTED_EDGE ( 'NONE', *, *, #969, .F. ) ;
#789 = CARTESIAN_POINT ( 'NONE',  ( 0.0000000000000000000, 0.001682786148237411800, 0.0000000000000000000 ) ) ;
#790 = EDGE_CURVE ( 'NONE', #1086, #781, #296, .T. ) ;
#791 = ORIENTED_EDGE ( 'NONE', *, *, #1046, .F. ) ;
#792 = DIRECTION ( 'NONE',  ( -0.0000000000000000000, -1.000000000000000000, -0.0000000000000000000 ) ) ;
#793 = EDGE_CURVE ( 'NONE', #203, #381, #123, .T. ) ;
#794 = CIRCLE ( 'NONE', #53, 4.758682408883347000 ) ;
#795 = DIRECTION ( 'NONE',  ( -0.0000000000000000000, -1.000000000000000000, -0.0000000000000000000 ) ) ;
#796 = CONICAL_SURFACE ( 'NONE', #462, 5.000000000000000000, 0.1745329251994470200 ) ;
#797 = VERTEX_POINT ( 'NONE', #1126 ) ;
#798 = CIRCLE ( 'NONE', #441, 4.727594552554109900 ) ;
#799 = CARTESIAN_POINT ( 'NONE',  ( -4.642363730098982600, 0.002278837048162743000, -1.122090062629990800 ) ) ;
#800 = CARTESIAN_POINT ( 'NONE',  ( 0.0000000000000000000, 0.04176775339425476500, 0.0000000000000000000 ) ) ;
#801 = DIRECTION ( 'NONE',  ( 0.0000000000000000000, 0.0000000000000000000, -1.000000000000000000 ) ) ;
#802 = EDGE_CURVE ( 'NONE', #937, #16, #188, .T. ) ;
#803 = CARTESIAN_POINT ( 'NONE',  ( 1.051515871658412300, 0.04176775339425482800, -4.888181090308587600 ) ) ;
#804 = ORIENTED_EDGE ( 'NONE', *, *, #916, .F. ) ;
#805 = CARTESIAN_POINT ( 'NONE',  ( 4.610486944307971200, 0.1000029681476722300, 1.132177695004974000 ) ) ;
#806 = ORIENTED_EDGE ( 'NONE', *, *, #976, .F. ) ;
#807 = EDGE_LOOP ( 'NONE', ( #277, #520, #1216, #1191 ) ) ;
#808 = EDGE_LOOP ( 'NONE', ( #41, #1166, #265, #929 ) ) ;
#809 = CARTESIAN_POINT ( 'NONE',  ( 2.554025301304895000, 0.2961531417291015100, 2.335721439394186300 ) ) ;
#810 = CONICAL_SURFACE ( 'NONE', #480, 5.000000000000000000, 0.1745329251994470200 ) ;
#811 = VERTEX_POINT ( 'NONE', #774 ) ;
#812 = EDGE_CURVE ( 'NONE', #1254, #731, #285, .T. ) ;
#813 = CARTESIAN_POINT ( 'NONE',  ( 1.130252892637547500, 0.09999657817249242600, -4.616514852634772100 ) ) ;
#814 = EDGE_CURVE ( 'NONE', #907, #176, #111, .T. ) ;
#815 = CARTESIAN_POINT ( 'NONE',  ( 1.096608513661876600, 0.01517360309675914800, -4.723758520105938000 ) ) ;
#816 = CARTESIAN_POINT ( 'NONE',  ( -4.606131798320197900, -0.0007274483287291822300, -1.133539261119017400 ) ) ;
#817 = DIRECTION ( 'NONE',  ( 0.0000000000000000000, 0.0000000000000000000, -1.000000000000000000 ) ) ;
#818 = B_SPLINE_CURVE_WITH_KNOTS ( 'NONE', 3,
 ( #1062, #867, #623, #1067 ),
 .UNSPECIFIED., .F., .F.,
 ( 4, 4 ),
 ( 2.038857879802148500E-007, 0.0001005928259255230200 ),
 .UNSPECIFIED. ) ;
#819 = CARTESIAN_POINT ( 'NONE',  ( 0.0000000000000000000, 0.001682786148237411800, 0.0000000000000000000 ) ) ;
#820 = CIRCLE ( 'NONE', #35, 4.982635182233305900 ) ;
#821 = ORIENTED_EDGE ( 'NONE', *, *, #1068, .F. ) ;
#822 = VERTEX_POINT ( 'NONE', #875 ) ;
#823 = FACE_OUTER_BOUND ( 'NONE', #668, .T. ) ;
#824 = ORIENTED_EDGE ( 'NONE', *, *, #982, .T. ) ;
#825 = CARTESIAN_POINT ( 'NONE',  ( 1.051515871658493800, 0.04176775339426133700, 4.888181090308608000 ) ) ;
#826 = CARTESIAN_POINT ( 'NONE',  ( 4.623013056584934300, 0.1007596123493889500, 1.128188170147620900 ) ) ;
#827 = CARTESIAN_POINT ( 'NONE',  ( 3.951654103754190600, 0.1860329638382472500, 1.379687027314878500 ) ) ;
#828 = DIRECTION ( 'NONE',  ( 0.0000000000000000000, -1.000000000000000000, 0.0000000000000000000 ) ) ;
#829 = CARTESIAN_POINT ( 'NONE',  ( 0.0000000000000000000, 0.1402485286954751600, 0.0000000000000000000 ) ) ;
#830 = CARTESIAN_POINT ( 'NONE',  ( -1.379687027314647300, 0.1860329638382321700, 3.951654103754372200 ) ) ;
#831 = ORIENTED_EDGE ( 'NONE', *, *, #692, .T. ) ;
#832 = B_SPLINE_CURVE_WITH_KNOTS ( 'NONE', 3,
 ( #562, #244, #956, #1256 ),
 .UNSPECIFIED., .F., .F.,
 ( 4, 4 ),
 ( 1.342405051393456000E-006, 0.0002609198009115945600 ),
 .UNSPECIFIED. ) ;
#833 = DIRECTION ( 'NONE',  ( -1.000000000000000000, 0.0000000000000000000, 0.0000000000000000000 ) ) ;
#834 = ORIENTED_EDGE ( 'NONE', *, *, #1033, .T. ) ;
#835 = CARTESIAN_POINT ( 'NONE',  ( 4.723758520105973500, 0.01517360309676466500, -1.096608513661865100 ) ) ;
#836 = EDGE_CURVE ( 'NONE', #1134, #1078, #279, .T. ) ;
#837 = CIRCLE ( 'NONE', #56, 4.982635182233305900 ) ;
#838 = ORIENTED_EDGE ( 'NONE', *, *, #1033, .F. ) ;
#839 = CARTESIAN_POINT ( 'NONE',  ( 4.607429318041136300, 0.1002290518329441900, -1.133157045730616600 ) ) ;
#840 = ORIENTED_EDGE ( 'NONE', *, *, #532, .T. ) ;
#841 = EDGE_CURVE ( 'NONE', #907, #1181, #249, .T. ) ;
#842 = CONICAL_SURFACE ( 'NONE', #476, 3.500000000000000400, 1.420865586988163700 ) ;
#843 = VERTEX_POINT ( 'NONE', #863 ) ;
#844 = DIRECTION ( 'NONE',  ( 0.0000000000000000000, 0.0000000000000000000, -1.000000000000000000 ) ) ;
#845 = DIRECTION ( 'NONE',  ( 0.0000000000000000000, -1.000000000000000000, 0.0000000000000000000 ) ) ;
#846 = CARTESIAN_POINT ( 'NONE',  ( 0.0000000000000000000, 0.1499999999999996300, 0.0000000000000000000 ) ) ;
#847 = ORIENTED_EDGE ( 'NONE', *, *, #982, .F. ) ;
#848 = CARTESIAN_POINT ( 'NONE',  ( -4.869343598905969900, 0.1402485286954751900, -1.056478241622884000 ) ) ;
#849 = DIRECTION ( 'NONE',  ( -0.0000000000000000000, -1.000000000000000000, -0.0000000000000000000 ) ) ;
#850 = CARTESIAN_POINT ( 'NONE',  ( -4.604972511076294200, 0.1005609287147084500, 1.133945927672422900 ) ) ;
#851 = CARTESIAN_POINT ( 'NONE',  ( -4.786724016060877500, 0.1268314090650300700, -1.078403096431128400 ) ) ;
#852 = DIRECTION ( 'NONE',  ( 0.0000000000000000000, 0.0000000000000000000, -1.000000000000000000 ) ) ;
#853 = ORIENTED_EDGE ( 'NONE', *, *, #1081, .T. ) ;
#854 = CARTESIAN_POINT ( 'NONE',  ( 2.184835988560578800, 0.1871285919169693700, -2.734317410815819000 ) ) ;
#855 = CARTESIAN_POINT ( 'NONE',  ( -1.122090062629991700, 0.002278837048168694900, -4.642363730098983500 ) ) ;
#856 = ORIENTED_EDGE ( 'NONE', *, *, #861, .T. ) ;
#857 = CARTESIAN_POINT ( 'NONE',  ( -1.139345599165668500, 0.001682786148238225900, -4.588250413719930700 ) ) ;
#858 = ORIENTED_EDGE ( 'NONE', *, *, #1229, .T. ) ;
#859 = ORIENTED_EDGE ( 'NONE', *, *, #976, .T. ) ;
#860 = FACE_OUTER_BOUND ( 'NONE', #1182, .T. ) ;
#861 = EDGE_CURVE ( 'NONE', #187, #1155, #240, .T. ) ;
#862 = CARTESIAN_POINT ( 'NONE',  ( -4.247505146105177200, 0.04761189120509526400, 1.249990398536478200 ) ) ;
#863 = CARTESIAN_POINT ( 'NONE',  ( 1.133945927672338900, 0.1005609287122182500, -4.604972511076605100 ) ) ;
#864 = FACE_OUTER_BOUND ( 'NONE', #727, .T. ) ;
#865 = EDGE_CURVE ( 'NONE', #1023, #381, #222, .T. ) ;
#866 = CARTESIAN_POINT ( 'NONE',  ( -3.917946366911581300, 0.08905325308490118200, 1.395037271713217300 ) ) ;
#867 = CARTESIAN_POINT ( 'NONE',  ( 1.054810523545904200, 0.1074233075813936400, -4.875628072533537200 ) ) ;
#868 = CARTESIAN_POINT ( 'NONE',  ( 2.734317410815525000, 0.1871285919169643800, 2.184835988560944300 ) ) ;
#869 = CARTESIAN_POINT ( 'NONE',  ( 0.0000000000000000000, 0.2860067344848185600, 0.0000000000000000000 ) ) ;
#870 = CARTESIAN_POINT ( 'NONE',  ( -1.129211692255457600, 0.1002496844606363800, 4.619786465608242100 ) ) ;
#871 = EDGE_CURVE ( 'NONE', #728, #1254, #319, .T. ) ;
#872 = DIRECTION ( 'NONE',  ( 0.0000000000000000000, 0.0000000000000000000, -1.000000000000000000 ) ) ;
#873 = CARTESIAN_POINT ( 'NONE',  ( 0.0000000000000000000, 0.04176775339425476500, 0.0000000000000000000 ) ) ;
#874 = CARTESIAN_POINT ( 'NONE',  ( 1.053156443340646800, 0.07459636579968220700, 4.881907194737338300 ) ) ;
#875 = CARTESIAN_POINT ( 'NONE',  ( 1.128188170147620400, 0.1007596123493890000, 4.623013056584934300 ) ) ;
#876 = FACE_OUTER_BOUND ( 'NONE', #1270, .T. ) ;
#877 = ORIENTED_EDGE ( 'NONE', *, *, #1147, .F. ) ;
#878 = CARTESIAN_POINT ( 'NONE',  ( -4.619786465628969600, 0.1002496844639110100, -1.129211692248849300 ) ) ;
#879 = CYLINDRICAL_SURFACE ( 'NONE', #464, 5.369835493404787400 ) ;
#880 = ORIENTED_EDGE ( 'NONE', *, *, #1186, .F. ) ;
#881 = CARTESIAN_POINT ( 'NONE',  ( -1.096608513661786500, 0.01517360309675691100, -4.723758520105945100 ) ) ;
#882 = ORIENTED_EDGE ( 'NONE', *, *, #528, .F. ) ;
#883 = CARTESIAN_POINT ( 'NONE',  ( 4.619501306263874300, 0.1002046181031521200, -1.129302148993096100 ) ) ;
#884 = CARTESIAN_POINT ( 'NONE',  ( 1.056478241623070500, 0.1402485286954752200, 4.869343598905929900 ) ) ;
#885 = EDGE_CURVE ( 'NONE', #198, #8, #206, .T. ) ;
#886 = CARTESIAN_POINT ( 'NONE',  ( 1.139345599165863000, 0.001682786148238191200, 4.588250413719882700 ) ) ;
#887 = EDGE_CURVE ( 'NONE', #1181, #647, #172, .T. ) ;
#888 = ORIENTED_EDGE ( 'NONE', *, *, #640, .T. ) ;
#889 = DIRECTION ( 'NONE',  ( 0.0000000000000000000, 0.0000000000000000000, -1.000000000000000000 ) ) ;
#890 = CARTESIAN_POINT ( 'NONE',  ( 0.0000000000000000000, 0.1499999999999996300, 0.0000000000000000000 ) ) ;
#891 = ORIENTED_EDGE ( 'NONE', *, *, #1121, .F. ) ;
#892 = CARTESIAN_POINT ( 'NONE',  ( 4.623013056584957400, 0.1007596123493890600, -1.128188170147524900 ) ) ;
#893 = FACE_OUTER_BOUND ( 'NONE', #1250, .T. ) ;
#894 = FACE_OUTER_BOUND ( 'NONE', #1180, .T. ) ;
#895 = ORIENTED_EDGE ( 'NONE', *, *, #1010, .T. ) ;
#896 = CARTESIAN_POINT ( 'NONE',  ( 0.0000000000000000000, 0.1871285919169685100, 0.0000000000000000000 ) ) ;
#897 = PRODUCT_DEFINITION_CONTEXT ( 'detailed design', #356, 'design' ) ;
#898 = CARTESIAN_POINT ( 'NONE',  ( -1.132177695004816100, 0.1000029681476722900, 4.610486944308008500 ) ) ;
#899 = CARTESIAN_POINT ( 'NONE',  ( -1.054810523545810300, 0.1074233075813941000, -4.875628072533556800 ) ) ;
#900 = ORIENTED_EDGE ( 'NONE', *, *, #1018, .F. ) ;
#901 = DIRECTION ( 'NONE',  ( -0.0000000000000000000, -1.000000000000000000, -0.0000000000000000000 ) ) ;
#902 = B_SPLINE_CURVE_WITH_KNOTS ( 'NONE', 3,
 ( #1141, #429, #325, #1146, #1106, #1056, #248 ),
 .UNSPECIFIED., .F., .F.,
 ( 4, 3, 4 ),
 ( 0.0001034876550864216700, 0.0001146477827436777100, 0.0001224310787480703100 ),
 .UNSPECIFIED. ) ;
#903 = CIRCLE ( 'NONE', #26, 4.776047226650039300 ) ;
#904 = ORIENTED_EDGE ( 'NONE', *, *, #556, .F. ) ;
#905 = CARTESIAN_POINT ( 'NONE',  ( 0.0000000000000000000, 0.1005609287160790000, 0.0000000000000000000 ) ) ;
#906 = FACE_OUTER_BOUND ( 'NONE', #595, .T. ) ;
#907 = VERTEX_POINT ( 'NONE', #696 ) ;
#908 = FACE_OUTER_BOUND ( 'NONE', #125, .T. ) ;
#909 = VERTEX_POINT ( 'NONE', #915 ) ;
#910 = EDGE_CURVE ( 'NONE', #731, #1023, #112, .T. ) ;
#911 = EDGE_CURVE ( 'NONE', #1181, #1087, #89, .T. ) ;
#912 = CARTESIAN_POINT ( 'NONE',  ( -2.136314415077427600, 0.2860067344850926200, -2.791226000810789600 ) ) ;
#913 = DIRECTION ( 'NONE',  ( 0.0000000000000000000, 0.0000000000000000000, -1.000000000000000000 ) ) ;
#914 = DIRECTION ( 'NONE',  ( 0.0000000000000000000, 0.0000000000000000000, -1.000000000000000000 ) ) ;
#915 = CARTESIAN_POINT ( 'NONE',  ( 1.133945927672573400, 0.1005609287147085400, 4.604972511076256900 ) ) ;
#916 = EDGE_CURVE ( 'NONE', #1087, #176, #1260, .T. ) ;
#917 = CIRCLE ( 'NONE', #29, 5.000000000000000000 ) ;
#918 = ORIENTED_EDGE ( 'NONE', *, *, #1119, .T. ) ;
#919 = ORIENTED_EDGE ( 'NONE', *, *, #629, .T. ) ;
#920 = DIRECTION ( 'NONE',  ( 0.0000000000000000000, 0.0000000000000000000, -1.000000000000000000 ) ) ;
#921 = FACE_OUTER_BOUND ( 'NONE', #807, .T. ) ;
#922 = DIRECTION ( 'NONE',  ( 0.0000000000000000000, 0.0000000000000000000, -1.000000000000000000 ) ) ;
#923 = CARTESIAN_POINT ( 'NONE',  ( -1.139345599165668500, 0.001682786148238225900, -4.588250413719930700 ) ) ;
#924 = EDGE_CURVE ( 'NONE', #647, #187, #6, .T. ) ;
#925 = EDGE_CURVE ( 'NONE', #1211, #1023, #75, .T. ) ;
#926 = CARTESIAN_POINT ( 'NONE',  ( 4.881907194737359600, 0.07459636579968058300, -1.053156443340553100 ) ) ;
#927 = CARTESIAN_POINT ( 'NONE',  ( 3.299164630669082100, 0.1537422511874540500, -1.744059048281633800 ) ) ;
#928 = CARTESIAN_POINT ( 'NONE',  ( 1.948579938818398600, 0.1771635216156461900, 3.007533949434249000 ) ) ;
#929 = ORIENTED_EDGE ( 'NONE', *, *, #924, .T. ) ;
#930 = CARTESIAN_POINT ( 'NONE',  ( -2.136314415077583500, 0.2860067344848345500, 2.791226000810657300 ) ) ;
#931 = CARTESIAN_POINT ( 'NONE',  ( 4.704568560033041400, 0.1136485796802076500, 1.102317565100412700 ) ) ;
#932 = EDGE_CURVE ( 'NONE', #1211, #797, #42, .T. ) ;
#933 = ORIENTED_EDGE ( 'NONE', *, *, #1206, .T. ) ;
#934 = DIRECTION ( 'NONE',  ( -0.0000000000000000000, -1.000000000000000000, -0.0000000000000000000 ) ) ;
#935 = CARTESIAN_POINT ( 'NONE',  ( -2.136314415077583500, 0.2860067344848345500, 2.791226000810657300 ) ) ;
#936 = CARTESIAN_POINT ( 'NONE',  ( 1.139345599165863000, 0.001682786148238191200, 4.588250413719882700 ) ) ;
#937 = VERTEX_POINT ( 'NONE', #211 ) ;
#938 = CARTESIAN_POINT ( 'NONE',  ( 0.0000000000000000000, 0.1499999999999996300, 0.0000000000000000000 ) ) ;
#939 = CARTESIAN_POINT ( 'NONE',  ( 0.0000000000000000000, 0.1005609287160790000, 0.0000000000000000000 ) ) ;
#940 = CARTESIAN_POINT ( 'NONE',  ( -2.791226000810689300, 0.2860067344850928900, 2.136314415077559000 ) ) ;
#941 = CARTESIAN_POINT ( 'NONE',  ( 2.354708798462057400, 0.1942936761329783500, 2.537869272546919000 ) ) ;
#942 = CARTESIAN_POINT ( 'NONE',  ( 0.0000000000000000000, 0.1499999999999996300, 0.0000000000000000000 ) ) ;
#943 = CARTESIAN_POINT ( 'NONE',  ( -2.554025301304965600, 0.2961531417291258200, 2.335721439393903000 ) ) ;
#944 = ORIENTED_EDGE ( 'NONE', *, *, #1012, .T. ) ;
#945 = ORIENTED_EDGE ( 'NONE', *, *, #692, .F. ) ;
#946 = CARTESIAN_POINT ( 'NONE',  ( -4.604972511076629100, 0.1005609287122183200, -1.133945927672242300 ) ) ;
#947 = EDGE_CURVE ( 'NONE', #139, #1125, #1049, .T. ) ;
#948 = CARTESIAN_POINT ( 'NONE',  ( -1.133945927672278300, 0.1005609287122181500, 4.604972511076621100 ) ) ;
#949 = ORIENTED_EDGE ( 'NONE', *, *, #678, .T. ) ;
#950 = VERTEX_POINT ( 'NONE', #1022 ) ;
#951 = EDGE_CURVE ( 'NONE', #139, #1100, #78, .T. ) ;
#952 = CARTESIAN_POINT ( 'NONE',  ( -1.056478241622884400, 0.1402485286954751900, -4.869343598905969900 ) ) ;
#953 = ORIENTED_EDGE ( 'NONE', *, *, #1127, .F. ) ;
#954 = ORIENTED_EDGE ( 'NONE', *, *, #1082, .F. ) ;
#955 = CARTESIAN_POINT ( 'NONE',  ( -2.184835988560214700, 0.1871285919169685100, -2.734317410816109900 ) ) ;
#956 = CARTESIAN_POINT ( 'NONE',  ( 1.078403096431222800, 0.1268314090650299300, -4.786724016060856200 ) ) ;
#957 = CARTESIAN_POINT ( 'NONE',  ( 3.007757560340903700, 0.1771553658194555700, 1.948386577795115500 ) ) ;
#958 = CARTESIAN_POINT ( 'NONE',  ( 4.723758520105960200, 0.01517360309676603500, 1.096608513661957900 ) ) ;
#959 = DIRECTION ( 'NONE',  ( -0.0000000000000000000, -1.000000000000000000, -0.0000000000000000000 ) ) ;
#960 = EDGE_CURVE ( 'NONE', #8, #180, #593, .T. ) ;
#961 = CARTESIAN_POINT ( 'NONE',  ( 0.0000000000000000000, 0.1402485286954751600, 0.0000000000000000000 ) ) ;
#962 = ORIENTED_EDGE ( 'NONE', *, *, #715, .T. ) ;
#963 = CARTESIAN_POINT ( 'NONE',  ( 2.136314415078050600, 0.2860067344850939500, 2.791226000810311800 ) ) ;
#964 = DIRECTION ( 'NONE',  ( -0.0000000000000000000, -1.000000000000000000, -0.0000000000000000000 ) ) ;
#965 = CARTESIAN_POINT ( 'NONE',  ( 4.642363730098936400, 0.002278837048162776000, 1.122090062630185100 ) ) ;
#966 = CARTESIAN_POINT ( 'NONE',  ( 2.184835988560578800, 0.1871285919169693700, -2.734317410815819000 ) ) ;
#967 = CARTESIAN_POINT ( 'NONE',  ( 1.056478241622977000, 0.1402485286954754700, -4.869343598905950400 ) ) ;
#968 = CARTESIAN_POINT ( 'NONE',  ( -1.133945927672278300, 0.1005609287122181500, 4.604972511076621100 ) ) ;
#969 = EDGE_CURVE ( 'NONE', #937, #1215, #582, .T. ) ;
#970 = CARTESIAN_POINT ( 'NONE',  ( 1.102317565100412200, 0.1136485796802076700, 4.704568560033041400 ) ) ;
#971 = CARTESIAN_POINT ( 'NONE',  ( 4.642363730098960400, 0.002278837048168628900, -1.122090062630087600 ) ) ;
#972 = DIRECTION ( 'NONE',  ( -0.0000000000000000000, -1.000000000000000000, -0.0000000000000000000 ) ) ;
#973 = B_SPLINE_CURVE_WITH_KNOTS ( 'NONE', 3,
 ( #390, #375, #805, #178, #577, #1277, #495 ),
 .UNSPECIFIED., .F., .F.,
 ( 4, 3, 4 ),
 ( 0.0001054390891200972500, 0.0001141283184061711100, 0.0001243915345180801200 ),
 .UNSPECIFIED. ) ;
#974 = CARTESIAN_POINT ( 'NONE',  ( -4.704568560033085800, 0.1136485796802075400, -1.102317565100220800 ) ) ;
#975 = DIRECTION ( 'NONE',  ( -0.0000000000000000000, -1.000000000000000000, -0.0000000000000000000 ) ) ;
#976 = EDGE_CURVE ( 'NONE', #1267, #811, #266, .T. ) ;
#977 = CARTESIAN_POINT ( 'NONE',  ( -1.128188170147463400, 0.1007596123493889200, 4.623013056584972500 ) ) ;
#978 = ORIENTED_EDGE ( 'NONE', *, *, #538, .T. ) ;
#979 = VERTEX_POINT ( 'NONE', #611 ) ;
#980 = CARTESIAN_POINT ( 'NONE',  ( -2.537869272546982500, 0.1942936761330097100, 2.354708798461777200 ) ) ;
#981 = CIRCLE ( 'NONE', #73, 4.742531517518036900 ) ;
#982 = EDGE_CURVE ( 'NONE', #688, #384, #1120, .T. ) ;
#983 = ORIENTED_EDGE ( 'NONE', *, *, #1028, .F. ) ;
#984 = ORIENTED_EDGE ( 'NONE', *, *, #1121, .T. ) ;
#985 = CARTESIAN_POINT ( 'NONE',  ( 0.0000000000000000000, 0.1005609287160790000, 0.0000000000000000000 ) ) ;
#986 = B_SPLINE_CURVE_WITH_KNOTS ( 'NONE', 3,
 ( #237, #121, #227, #723 ),
 .UNSPECIFIED., .F., .F.,
 ( 4, 4 ),
 ( 7.163857488526370100E-006, 0.0007842479371148699300 ),
 .UNSPECIFIED. ) ;
#987 = CARTESIAN_POINT ( 'NONE',  ( 4.888181090308705700, 0.04176775339427735200, 1.051515871658469600 ) ) ;
#988 = CARTESIAN_POINT ( 'NONE',  ( 4.869343598905950400, 0.1402485286954751600, -1.056478241622977700 ) ) ;
#989 = CARTESIAN_POINT ( 'NONE',  ( -2.734317410816108600, 0.1871285919169637400, -2.184835988560214700 ) ) ;
#990 = EDGE_CURVE ( 'NONE', #1195, #782, #689, .T. ) ;
#991 = CARTESIAN_POINT ( 'NONE',  ( 4.805742515983358700, 0.02835607114630294900, 1.073072875440060000 ) ) ;
#992 = CARTESIAN_POINT ( 'NONE',  ( 4.272669774081864900, 0.1454499241425733500, -1.240648502274931000 ) ) ;
#993 = EDGE_CURVE ( 'NONE', #202, #118, #1089, .T. ) ;
#994 = DIRECTION ( 'NONE',  ( -0.0000000000000000000, -1.000000000000000000, -0.0000000000000000000 ) ) ;
#995 = CARTESIAN_POINT ( 'NONE',  ( -1.051515871658345700, 0.04176775339425973400, 4.888181090308630200 ) ) ;
#996 = PRESENTATION_STYLE_ASSIGNMENT (( #406 ) ) ;
#997 = EDGE_CURVE ( 'NONE', #781, #94, #88, .T. ) ;
#998 = CARTESIAN_POINT ( 'NONE',  ( -3.951654103754411300, 0.1860329638382288700, -1.379687027314593100 ) ) ;
#999 = EDGE_CURVE ( 'NONE', #1176, #744, #832, .T. ) ;
#1000 = DIRECTION ( 'NONE',  ( 0.0000000000000000000, 0.0000000000000000000, -1.000000000000000000 ) ) ;
#1001 = CARTESIAN_POINT ( 'NONE',  ( 1.948386577794813900, 0.1771553658194452200, -3.007757560341168400 ) ) ;
#1002 = CARTESIAN_POINT ( 'NONE',  ( -2.335721439393834600, 0.2961531417291328700, -2.554025301304976700 ) ) ;
#1003 = CARTESIAN_POINT ( 'NONE',  ( 0.0000000000000000000, 0.04176775339425476500, 0.0000000000000000000 ) ) ;
#1004 = DIRECTION ( 'NONE',  ( 0.0000000000000000000, 0.0000000000000000000, 1.000000000000000000 ) ) ;
#1005 = CARTESIAN_POINT ( 'NONE',  ( 0.0000000000000000000, 0.1499999999999996300, 0.0000000000000000000 ) ) ;
#1006 = DIRECTION ( 'NONE',  ( 0.0000000000000000000, 0.0000000000000000000, -1.000000000000000000 ) ) ;
#1007 = ORIENTED_EDGE ( 'NONE', *, *, #1018, .T. ) ;
#1008 = ORIENTED_EDGE ( 'NONE', *, *, #752, .F. ) ;
#1009 = ORIENTED_EDGE ( 'NONE', *, *, #1082, .T. ) ;
#1010 = EDGE_CURVE ( 'NONE', #384, #94, #333, .T. ) ;
#1011 = ORIENTED_EDGE ( 'NONE', *, *, #666, .T. ) ;
#1012 = EDGE_CURVE ( 'NONE', #797, #728, #624, .T. ) ;
#1013 = DIRECTION ( 'NONE',  ( -0.0000000000000000000, -1.000000000000000000, -0.0000000000000000000 ) ) ;
#1014 = CARTESIAN_POINT ( 'NONE',  ( 0.0000000000000000000, 0.002278837048168822800, 0.0000000000000000000 ) ) ;
#1015 = CARTESIAN_POINT ( 'NONE',  ( 4.875628072533539000, 0.1074233075813922600, -1.054810523545902200 ) ) ;
#1016 = CARTESIAN_POINT ( 'NONE',  ( 1.056478241623070500, 0.1402485286954752200, 4.869343598905929900 ) ) ;
#1017 = EDGE_LOOP ( 'NONE', ( #919, #39, #667, #496 ) ) ;
#1018 = EDGE_CURVE ( 'NONE', #1215, #466, #43, .T. ) ;
#1019 = DIRECTION ( 'NONE',  ( -0.0000000000000000000, -1.000000000000000000, -0.0000000000000000000 ) ) ;
#1020 = CARTESIAN_POINT ( 'NONE',  ( 0.0000000000000000000, 0.1402485286954751600, 0.0000000000000000000 ) ) ;
#1021 = DIRECTION ( 'NONE',  ( 0.0000000000000000000, 0.0000000000000000000, 1.000000000000000000 ) ) ;
#1022 = CARTESIAN_POINT ( 'NONE',  ( -2.136314415077427600, 0.2860067344850926200, -2.791226000810789600 ) ) ;
#1023 = VERTEX_POINT ( 'NONE', #182 ) ;
#1024 = COLOUR_RGB ( '',0.8000000000000000400, 0.8039215686274510100, 0.8000000000000000400 ) ;
#1025 = DIRECTION ( 'NONE',  ( -0.0000000000000000000, -1.000000000000000000, -0.0000000000000000000 ) ) ;
#1026 = CARTESIAN_POINT ( 'NONE',  ( -2.354708798461774100, 0.1942936761330090500, 2.537869272546985600 ) ) ;
#1027 = CARTESIAN_POINT ( 'NONE',  ( 1.249990398536663800, 0.04761189120510668500, 4.247505146105048400 ) ) ;
#1028 = EDGE_CURVE ( 'NONE', #1100, #466, #454, .T. ) ;
#1029 = CARTESIAN_POINT ( 'NONE',  ( -4.869343598905961000, 0.1402485286954751900, 1.056478241622927000 ) ) ;
#1030 = CARTESIAN_POINT ( 'NONE',  ( -2.734317410815987300, 0.1871285919169685100, 2.184835988560368300 ) ) ;
#1031 = DIRECTION ( 'NONE',  ( -0.0000000000000000000, -1.000000000000000000, -0.0000000000000000000 ) ) ;
#1032 = CARTESIAN_POINT ( 'NONE',  ( 3.060604253697238900, 0.2744839124094888300, -1.909856753124771000 ) ) ;
#1033 = EDGE_CURVE ( 'NONE', #782, #1267, #1161, .T. ) ;
#1034 = CARTESIAN_POINT ( 'NONE',  ( -2.184835988560363000, 0.1871285919169663500, 2.734317410815990000 ) ) ;
#1035 = CARTESIAN_POINT ( 'NONE',  ( 0.0000000000000000000, 0.1005609287160790000, 0.0000000000000000000 ) ) ;
#1036 = ORIENTED_EDGE ( 'NONE', *, *, #589, .T. ) ;
#1037 = EDGE_CURVE ( 'NONE', #198, #573, #62, .T. ) ;
#1038 = ORIENTED_EDGE ( 'NONE', *, *, #747, .F. ) ;
#1039 = ORIENTED_EDGE ( 'NONE', *, *, #762, .T. ) ;
#1040 = SURFACE_STYLE_FILL_AREA ( #430 ) ;
#1041 = CARTESIAN_POINT ( 'NONE',  ( 3.303767477575475300, 0.1533302419493716400, 1.741065905686943500 ) ) ;
#1042 = ORIENTED_EDGE ( 'NONE', *, *, #1177, .T. ) ;
#1043 = DIRECTION ( 'NONE',  ( 0.0000000000000000000, 0.0000000000000000000, -1.000000000000000000 ) ) ;
#1044 = ORIENTED_EDGE ( 'NONE', *, *, #579, .F. ) ;
#1045 = CARTESIAN_POINT ( 'NONE',  ( 4.615935291668379600, 0.09995389884384757500, -1.130437373233661900 ) ) ;
#1046 = EDGE_CURVE ( 'NONE', #782, #180, #60, .T. ) ;
#1047 = B_SPLINE_CURVE_WITH_KNOTS ( 'NONE', 3,
 ( #1136, #230, #941, #1264 ),
 .UNSPECIFIED., .F., .F.,
 ( 4, 4 ),
 ( 7.163857488453078000E-006, 0.0007842479371129398300 ),
 .UNSPECIFIED. ) ;
#1048 = DIRECTION ( 'NONE',  ( 0.0000000000000000000, 0.0000000000000000000, 1.000000000000000000 ) ) ;
#1049 = B_SPLINE_CURVE_WITH_KNOTS ( 'NONE', 3,
 ( #1118, #307, #213, #825 ),
 .UNSPECIFIED., .F., .F.,
 ( 4, 4 ),
 ( 1.337673661638377800E-006, 0.0002601160823568408200 ),
 .UNSPECIFIED. ) ;
#1050 = CARTESIAN_POINT ( 'NONE',  ( 4.869343598905950400, 0.1402485286954751600, -1.056478241622977700 ) ) ;
#1051 = CARTESIAN_POINT ( 'NONE',  ( -4.786724016060867700, 0.1268314090650299300, 1.078403096431171300 ) ) ;
#1052 = ORIENTED_EDGE ( 'NONE', *, *, #865, .T. ) ;
#1053 = CARTESIAN_POINT ( 'NONE',  ( 3.922523778956998400, 0.08850450003127260900, 1.392858254486843500 ) ) ;
#1054 = EDGE_CURVE ( 'NONE', #268, #573, #1083, .T. ) ;
#1055 = CARTESIAN_POINT ( 'NONE',  ( 4.588250413719906700, 0.001682786148238191400, -1.139345599165765700 ) ) ;
#1056 = CARTESIAN_POINT ( 'NONE',  ( 1.133157045730752900, 0.1002290518329608500, 4.607429318040988900 ) ) ;
#1057 = EDGE_CURVE ( 'NONE', #744, #1254, #818, .T. ) ;
#1058 = ORIENTED_EDGE ( 'NONE', *, *, #990, .F. ) ;
#1059 = ORIENTED_EDGE ( 'NONE', *, *, #841, .T. ) ;
#1060 = CARTESIAN_POINT ( 'NONE',  ( 1.129211692248946800, 0.1002496844639107900, -4.619786465628944700 ) ) ;
#1061 = ORIENTED_EDGE ( 'NONE', *, *, #1165, .F. ) ;
#1062 = CARTESIAN_POINT ( 'NONE',  ( 1.056478241622977000, 0.1402485286954754700, -4.869343598905950400 ) ) ;
#1063 = CARTESIAN_POINT ( 'NONE',  ( 1.379687027314737200, 0.1860329638382385600, -3.951654103754295800 ) ) ;
#1064 = CARTESIAN_POINT ( 'NONE',  ( 0.0000000000000000000, 0.1007596123493893600, 0.0000000000000000000 ) ) ;
#1065 = B_SPLINE_CURVE_WITH_KNOTS ( 'NONE', 3,
 ( #1055, #444, #434, #971 ),
 .UNSPECIFIED., .F., .F.,
 ( 4, 4 ),
 ( 0.0003175375633797098100, 0.0003744068372600609600 ),
 .UNSPECIFIED. ) ;
#1066 = CARTESIAN_POINT ( 'NONE',  ( -4.888181090308474800, 0.04176775339423308800, -1.051515871658353500 ) ) ;
#1067 = CARTESIAN_POINT ( 'NONE',  ( 1.051515871658412300, 0.04176775339425482800, -4.888181090308587600 ) ) ;
#1068 = EDGE_CURVE ( 'NONE', #822, #909, #902, .T. ) ;
#1069 = CARTESIAN_POINT ( 'NONE',  ( 4.623013056584957400, 0.1007596123493890600, -1.128188170147524900 ) ) ;
#1070 = CARTESIAN_POINT ( 'NONE',  ( 1.132177694991420000, 0.1000029681448342500, -4.610486944350020300 ) ) ;
#1071 = CARTESIAN_POINT ( 'NONE',  ( 0.0000000000000000000, 0.002278837048168822800, 0.0000000000000000000 ) ) ;
#1072 = CARTESIAN_POINT ( 'NONE',  ( 0.0000000000000000000, 0.001682786148237411800, 0.0000000000000000000 ) ) ;
#1073 = ORIENTED_EDGE ( 'NONE', *, *, #1012, .F. ) ;
#1074 = CARTESIAN_POINT ( 'NONE',  ( -3.060384725436258200, 0.2744933028672012500, -1.910041303496448700 ) ) ;
#1075 = EDGE_CURVE ( 'NONE', #527, #268, #1276, .T. ) ;
#1076 = ORIENTED_EDGE ( 'NONE', *, *, #606, .T. ) ;
#1077 = ORIENTED_EDGE ( 'NONE', *, *, #1194, .F. ) ;
#1078 = VERTEX_POINT ( 'NONE', #740 ) ;
#1079 = ORIENTED_EDGE ( 'NONE', *, *, #666, .F. ) ;
#1080 = CARTESIAN_POINT ( 'NONE',  ( 4.612386626406530100, 0.1000069806042280800, -1.131571178766117800 ) ) ;
#1081 = EDGE_CURVE ( 'NONE', #1195, #688, #25, .T. ) ;
#1082 = EDGE_CURVE ( 'NONE', #979, #365, #28, .T. ) ;
#1083 = B_SPLINE_CURVE_WITH_KNOTS ( 'NONE', 3,
 ( #49, #943, #157, #136 ),
 .UNSPECIFIED., .F., .F.,
 ( 4, 4 ),
 ( 6.045680957899464100E-006, 0.0009322305276569219900 ),
 .UNSPECIFIED. ) ;
#1084 = CARTESIAN_POINT ( 'NONE',  ( 0.0000000000000000000, 0.1005609287160790000, 0.0000000000000000000 ) ) ;
#1085 = CARTESIAN_POINT ( 'NONE',  ( -4.604972511076629100, 0.1005609287122183200, -1.133945927672242300 ) ) ;
#1086 = VERTEX_POINT ( 'NONE', #291 ) ;
#1087 = VERTEX_POINT ( 'NONE', #799 ) ;
#1088 = ORIENTED_EDGE ( 'NONE', *, *, #570, .F. ) ;
#1089 = B_SPLINE_CURVE_WITH_KNOTS ( 'NONE', 3,
 ( #968, #1214, #898, #1223, #71, #870, #342 ),
 .UNSPECIFIED., .F., .F.,
 ( 4, 3, 4 ),
 ( 0.0001054390891200964800, 0.0001141283184061693700, 0.0001243915345180783000 ),
 .UNSPECIFIED. ) ;
#1090 = CARTESIAN_POINT ( 'NONE',  ( 1.139345599165765500, 0.001682786148238351200, -4.588250413719905800 ) ) ;
#1091 = CARTESIAN_POINT ( 'NONE',  ( -3.346541733300981500, 0.2504751420865335400, -1.714134655363846600 ) ) ;
#1092 = CARTESIAN_POINT ( 'NONE',  ( -4.888181090308575200, 0.04176775339425101200, 1.051515871658368100 ) ) ;
#1093 = EDGE_CURVE ( 'NONE', #180, #688, #973, .T. ) ;
#1094 = ORIENTED_EDGE ( 'NONE', *, *, #669, .F. ) ;
#1095 = CARTESIAN_POINT ( 'NONE',  ( 1.377835273030698600, 0.1855549118517232600, 3.955609893352677100 ) ) ;
#1096 = CARTESIAN_POINT ( 'NONE',  ( 1.127665665135083800, -0.0005426590065839776400, 4.624553784729570800 ) ) ;
#1097 = EDGE_LOOP ( 'NONE', ( #1007, #195, #1196, #216 ) ) ;
#1098 = CARTESIAN_POINT ( 'NONE',  ( 1.392858254486691900, 0.08850450003126038300, -3.922523778957133900 ) ) ;
#1099 = EDGE_CURVE ( 'NONE', #1275, #149, #1103, .T. ) ;
#1100 = VERTEX_POINT ( 'NONE', #95 ) ;
#1101 = DIRECTION ( 'NONE',  ( 0.0000000000000000000, 0.0000000000000000000, -1.000000000000000000 ) ) ;
#1102 = ORIENTED_EDGE ( 'NONE', *, *, #1221, .T. ) ;
#1103 = B_SPLINE_CURVE_WITH_KNOTS ( 'NONE', 3,
 ( #283, #436, #205, #995 ),
 .UNSPECIFIED., .F., .F.,
 ( 4, 4 ),
 ( 2.038857879805446600E-007, 0.0001005928259255243400 ),
 .UNSPECIFIED. ) ;
#1104 = EDGE_CURVE ( 'NONE', #950, #207, #1233, .T. ) ;
#1105 = CARTESIAN_POINT ( 'NONE',  ( 1.714134655364062600, 0.2504751420865445300, -3.346541733300793600 ) ) ;
#1106 = CARTESIAN_POINT ( 'NONE',  ( 1.132362886490908300, 0.1000440462548598000, 4.609908683214545300 ) ) ;
#1107 = ORIENTED_EDGE ( 'NONE', *, *, #793, .F. ) ;
#1108 = CARTESIAN_POINT ( 'NONE',  ( -4.642363730098973700, 0.002278837048168683200, 1.122090062630035400 ) ) ;
#1109 = CARTESIAN_POINT ( 'NONE',  ( -4.805742515983284100, 0.02835607114628582700, 1.073072875439944800 ) ) ;
#1110 = EDGE_CURVE ( 'NONE', #1155, #527, #1184, .T. ) ;
#1111 = APPLICATION_PROTOCOL_DEFINITION ( 'draft international standard', 'automotive_design', 1998, #356 ) ;
#1112 = CARTESIAN_POINT ( 'NONE',  ( 0.0000000000000000000, 0.1871285919169685100, 0.0000000000000000000 ) ) ;
#1113 = PRODUCT_DEFINITION_SHAPE ( 'NONE', 'NONE',  #343 ) ;
#1114 = ORIENTED_EDGE ( 'NONE', *, *, #1057, .T. ) ;
#1115 = CARTESIAN_POINT ( 'NONE',  ( -2.734317410816108600, 0.1871285919169637400, -2.184835988560214700 ) ) ;
#1116 = ORIENTED_EDGE ( 'NONE', *, *, #790, .F. ) ;
#1117 = ORIENTED_EDGE ( 'NONE', *, *, #532, .F. ) ;
#1118 = CARTESIAN_POINT ( 'NONE',  ( 1.122090062630184200, 0.002278837048168517100, 4.642363730098937300 ) ) ;
#1119 = EDGE_CURVE ( 'NONE', #435, #843, #981, .T. ) ;
#1120 = B_SPLINE_CURVE_WITH_KNOTS ( 'NONE', 3,
 ( #1218, #931, #413, #4 ),
 .UNSPECIFIED., .F., .F.,
 ( 4, 4 ),
 ( 1.342405051394430100E-006, 0.0002609198009115989000 ),
 .UNSPECIFIED. ) ;
#1121 = EDGE_CURVE ( 'NONE', #268, #207, #1130, .T. ) ;
#1122 = CARTESIAN_POINT ( 'NONE',  ( 1.395037271713459100, 0.08905325308492102700, 3.917946366911362800 ) ) ;
#1123 = DIRECTION ( 'NONE',  ( -0.0000000000000000000, -1.000000000000000000, -0.0000000000000000000 ) ) ;
#1124 = B_SPLINE_CURVE_WITH_KNOTS ( 'NONE', 3,
 ( #609, #706, #602, #590 ),
 .UNSPECIFIED., .F., .F.,
 ( 4, 4 ),
 ( 2.038857879802946500E-007, 0.0001005928259255174700 ),
 .UNSPECIFIED. ) ;
#1125 = VERTEX_POINT ( 'NONE', #1139 ) ;
#1126 = CARTESIAN_POINT ( 'NONE',  ( -1.122090062629991700, 0.002278837048168694900, -4.642363730098983500 ) ) ;
#1127 = EDGE_CURVE ( 'NONE', #466, #16, #1193, .T. ) ;
#1128 = CARTESIAN_POINT ( 'NONE',  ( 1.240582300256482400, 0.1454220734359536700, -4.272875946350823500 ) ) ;
#1129 = CARTESIAN_POINT ( 'NONE',  ( 4.623013056584957400, 0.1007596123493890600, -1.128188170147524900 ) ) ;
#1130 = CIRCLE ( 'NONE', #65, 3.514936964963929700 ) ;
#1131 = CARTESIAN_POINT ( 'NONE',  ( 4.606131798320151700, -0.0007274483287294558800, 1.133539261119209700 ) ) ;
#1132 = ORIENTED_EDGE ( 'NONE', *, *, #704, .T. ) ;
#1133 = ORIENTED_EDGE ( 'NONE', *, *, #990, .T. ) ;
#1134 = VERTEX_POINT ( 'NONE', #701 ) ;
#1135 = ORIENTED_EDGE ( 'NONE', *, *, #571, .F. ) ;
#1136 = CARTESIAN_POINT ( 'NONE',  ( 2.734317410815525000, 0.1871285919169643800, 2.184835988560944300 ) ) ;
#1137 = ORIENTED_EDGE ( 'NONE', *, *, #1099, .F. ) ;
#1138 = CARTESIAN_POINT ( 'NONE',  ( 0.0000000000000000000, 0.1005609287160790000, 0.0000000000000000000 ) ) ;
#1139 = CARTESIAN_POINT ( 'NONE',  ( 1.051515871658493800, 0.04176775339426133700, 4.888181090308608000 ) ) ;
#1140 =( GEOMETRIC_REPRESENTATION_CONTEXT ( 3 ) GLOBAL_UNCERTAINTY_ASSIGNED_CONTEXT ( ( #1252 ) ) GLOBAL_UNIT_ASSIGNED_CONTEXT ( ( #393, #379, #373 ) ) REPRESENTATION_CONTEXT ( 'NONE', 'WORKASPACE' ) );
#1141 = CARTESIAN_POINT ( 'NONE',  ( 1.128188170147620400, 0.1007596123493890000, 4.623013056584934300 ) ) ;
#1142 = CARTESIAN_POINT ( 'NONE',  ( 0.0000000000000000000, 0.1005609287160790000, 0.0000000000000000000 ) ) ;
#1143 = EDGE_CURVE ( 'NONE', #1215, #139, #1212, .T. ) ;
#1144 = ORIENTED_EDGE ( 'NONE', *, *, #637, .T. ) ;
#1145 = DIRECTION ( 'NONE',  ( 0.0000000000000000000, 1.000000000000000000, 0.0000000000000000000 ) ) ;
#1146 = CARTESIAN_POINT ( 'NONE',  ( 1.131571178766332700, 0.1000069806042336400, 4.612386626406135700 ) ) ;
#1147 = EDGE_CURVE ( 'NONE', #435, #950, #603, .T. ) ;
#1148 = CARTESIAN_POINT ( 'NONE',  ( 4.704568560033063600, 0.1136485796802076400, -1.102317565100316100 ) ) ;
#1149 = ORIENTED_EDGE ( 'NONE', *, *, #1165, .T. ) ;
#1150 = CARTESIAN_POINT ( 'NONE',  ( 0.0000000000000000000, 0.1402485286954751600, 0.0000000000000000000 ) ) ;
#1151 = ORIENTED_EDGE ( 'NONE', *, *, #951, .T. ) ;
#1152 = ORIENTED_EDGE ( 'NONE', *, *, #1185, .T. ) ;
#1153 = CARTESIAN_POINT ( 'NONE',  ( 0.0000000000000000000, 0.04176775339425476500, 0.0000000000000000000 ) ) ;
#1154 = ORIENTED_EDGE ( 'NONE', *, *, #589, .F. ) ;
#1155 = VERTEX_POINT ( 'NONE', #170 ) ;
#1156 = CARTESIAN_POINT ( 'NONE',  ( -4.588250413719930700, 0.001682786148238217200, -1.139345599165668500 ) ) ;
#1157 = CARTESIAN_POINT ( 'NONE',  ( 0.0000000000000000000, 0.2860067344848185600, 0.0000000000000000000 ) ) ;
#1158 = DIRECTION ( 'NONE',  ( 0.0000000000000000000, 1.000000000000000000, 0.0000000000000000000 ) ) ;
#1159 = CARTESIAN_POINT ( 'NONE',  ( -3.350502938954053700, 0.2501093255323292300, 1.711615010576510700 ) ) ;
#1160 = EDGE_LOOP ( 'NONE', ( #682, #145, #57, #586 ) ) ;
#1161 = B_SPLINE_CURVE_WITH_KNOTS ( 'NONE', 3,
 ( #351, #992, #238, #474, #1032, #316 ),
 .UNSPECIFIED., .F., .F.,
 ( 4, 2, 4 ),
 ( 1.545374120445512200E-006, 0.001042270797813629100, 0.002082996221506812600 ),
 .UNSPECIFIED. ) ;
#1162 = CARTESIAN_POINT ( 'NONE',  ( -4.247300253260903000, 0.04763950874190416000, -1.250056930135850600 ) ) ;
#1163 = FILL_AREA_STYLE_COLOUR ( '', #1024 ) ;
#1164 = ORIENTED_EDGE ( 'NONE', *, *, #1206, .F. ) ;
#1165 = EDGE_CURVE ( 'NONE', #303, #1195, #84, .T. ) ;
#1166 = ORIENTED_EDGE ( 'NONE', *, *, #1249, .T. ) ;
#1167 = EDGE_LOOP ( 'NONE', ( #1231, #831, #199, #158 ) ) ;
#1168 = ORIENTED_EDGE ( 'NONE', *, *, #865, .F. ) ;
#1169 = ORIENTED_EDGE ( 'NONE', *, *, #871, .F. ) ;
#1170 = CARTESIAN_POINT ( 'NONE',  ( -1.744059048281377100, 0.1537422511874382300, -3.299164630669329400 ) ) ;
#1171 = CARTESIAN_POINT ( 'NONE',  ( 1.122090062630088300, 0.002278837048162815900, -4.642363730098960400 ) ) ;
#1172 = EDGE_CURVE ( 'NONE', #303, #384, #837, .T. ) ;
#1173 = CARTESIAN_POINT ( 'NONE',  ( 4.786724016060857100, 0.1268314090650298500, -1.078403096431222300 ) ) ;
#1174 = UNCERTAINTY_MEASURE_WITH_UNIT (LENGTH_MEASURE( 1.000000000000000100E-005 ), #519, 'distance_accuracy_value', 'NONE');
#1175 = CARTESIAN_POINT ( 'NONE',  ( -4.623013056584970700, 0.1007596123493889700, 1.128188170147471400 ) ) ;
#1176 = VERTEX_POINT ( 'NONE', #1222 ) ;
#1177 = EDGE_CURVE ( 'NONE', #811, #843, #129, .T. ) ;
#1178 = ORIENTED_EDGE ( 'NONE', *, *, #669, .T. ) ;
#1179 = DIRECTION ( 'NONE',  ( -0.0000000000000000000, -1.000000000000000000, -0.0000000000000000000 ) ) ;
#1180 = EDGE_LOOP ( 'NONE', ( #561, #895, #247, #349 ) ) ;
#1181 = VERTEX_POINT ( 'NONE', #1234 ) ;
#1182 = EDGE_LOOP ( 'NONE', ( #1088, #554, #891, #721, #369, #564, #1268, #859 ) ) ;
#1183 = ORIENTED_EDGE ( 'NONE', *, *, #960, .T. ) ;
#1184 = B_SPLINE_CURVE_WITH_KNOTS ( 'NONE', 3,
 ( #1175, #371, #743, #628, #1235, #106, #191 ),
 .UNSPECIFIED., .F., .F.,
 ( 4, 3, 4 ),
 ( 0.0001034876550864217300, 0.0001146477827436786200, 0.0001224310787480685800 ),
 .UNSPECIFIED. ) ;
#1185 = EDGE_CURVE ( 'NONE', #144, #1176, #794, .T. ) ;
#1186 = EDGE_CURVE ( 'NONE', #16, #779, #644, .T. ) ;
#1187 = CARTESIAN_POINT ( 'NONE',  ( 1.711615010576846800, 0.2501093255323463300, 3.350502938953763300 ) ) ;
#1188 = ORIENTED_EDGE ( 'NONE', *, *, #1081, .F. ) ;
#1189 = DIRECTION ( 'NONE',  ( -0.0000000000000000000, -1.000000000000000000, -0.0000000000000000000 ) ) ;
#1190 = EDGE_LOOP ( 'NONE', ( #105, #487, #918, #1132 ) ) ;
#1191 = ORIENTED_EDGE ( 'NONE', *, *, #790, .T. ) ;
#1192 = ORIENTED_EDGE ( 'NONE', *, *, #618, .F. ) ;
#1193 = B_SPLINE_CURVE_WITH_KNOTS ( 'NONE', 3,
 ( #656, #543, #551, #632, #55, #1199 ),
 .UNSPECIFIED., .F., .F.,
 ( 4, 2, 4 ),
 ( 1.550300271235312800E-006, 0.001070429777095162000, 0.002139309253919089600 ),
 .UNSPECIFIED. ) ;
#1194 = EDGE_CURVE ( 'NONE', #781, #303, #717, .T. ) ;
#1195 = VERTEX_POINT ( 'NONE', #1069 ) ;
#1196 = ORIENTED_EDGE ( 'NONE', *, *, #802, .F. ) ;
#1197 = CARTESIAN_POINT ( 'NONE',  ( 2.136314415077767800, 0.2860067344848346000, -2.791226000810516500 ) ) ;
#1198 = DIRECTION ( 'NONE',  ( 0.0000000000000000000, 0.0000000000000000000, -1.000000000000000000 ) ) ;
#1199 = CARTESIAN_POINT ( 'NONE',  ( -2.184835988560363000, 0.1871285919169663500, 2.734317410815990000 ) ) ;
#1200 = VERTEX_POINT ( 'NONE', #1115 ) ;
#1201 = ORIENTED_EDGE ( 'NONE', *, *, #814, .F. ) ;
#1202 = CARTESIAN_POINT ( 'NONE',  ( -4.642363730098982600, 0.002278837048162743000, -1.122090062629990800 ) ) ;
#1203 = ORIENTED_EDGE ( 'NONE', *, *, #925, .F. ) ;
#1204 = EDGE_CURVE ( 'NONE', #94, #1134, #391, .T. ) ;
#1205 = ORIENTED_EDGE ( 'NONE', *, *, #911, .T. ) ;
#1206 = EDGE_CURVE ( 'NONE', #335, #744, #820, .T. ) ;
#1207 = CARTESIAN_POINT ( 'NONE',  ( -1.122090062629991700, 0.002278837048168694900, -4.642363730098983500 ) ) ;
#1208 = CARTESIAN_POINT ( 'NONE',  ( 0.0000000000000000000, -22.98180163073600100, 0.0000000000000000000 ) ) ;
#1209 = CARTESIAN_POINT ( 'NONE',  ( 1.240648502275046400, 0.1454499241425791000, 4.272669774081795600 ) ) ;
#1210 = EDGE_CURVE ( 'NONE', #1267, #8, #486, .T. ) ;
#1211 = VERTEX_POINT ( 'NONE', #857 ) ;
#1212 = B_SPLINE_CURVE_WITH_KNOTS ( 'NONE', 3,
 ( #1259, #91, #1096, #771 ),
 .UNSPECIFIED., .F., .F.,
 ( 4, 4 ),
 ( 0.0003175375633797142500, 0.0003744068372600672500 ),
 .UNSPECIFIED. ) ;
#1213 = CARTESIAN_POINT ( 'NONE',  ( 2.734317410815525000, 0.1871285919169643800, 2.184835988560944300 ) ) ;
#1214 = CARTESIAN_POINT ( 'NONE',  ( -1.133065191530788100, 0.1001904094406183100, 4.607715378636232400 ) ) ;
#1215 = VERTEX_POINT ( 'NONE', #886 ) ;
#1216 = ORIENTED_EDGE ( 'NONE', *, *, #1243, .F. ) ;
#1217 = CARTESIAN_POINT ( 'NONE',  ( -1.240582300256412300, 0.1454220734359502600, 4.272875946350864300 ) ) ;
#1218 = CARTESIAN_POINT ( 'NONE',  ( 4.623013056584934300, 0.1007596123493889500, 1.128188170147620900 ) ) ;
#1219 = ORIENTED_EDGE ( 'NONE', *, *, #993, .F. ) ;
#1220 = CARTESIAN_POINT ( 'NONE',  ( 1.910041303496708800, 0.2744933028672089700, -3.060384725436042300 ) ) ;
#1221 = EDGE_CURVE ( 'NONE', #699, #96, #439, .T. ) ;
#1222 = CARTESIAN_POINT ( 'NONE',  ( 1.128188170147525800, 0.1007596123493889100, -4.623013056584956500 ) ) ;
#1223 = CARTESIAN_POINT ( 'NONE',  ( -1.131294183860527500, 0.1000000350583911800, 4.613253838340213500 ) ) ;
#1224 = CARTESIAN_POINT ( 'NONE',  ( -4.869343598905969900, 0.1402485286954751900, -1.056478241622884000 ) ) ;
#1225 = EDGE_CURVE ( 'NONE', #647, #617, #917, .T. ) ;
#1226 = DIRECTION ( 'NONE',  ( 0.0000000000000000000, 0.0000000000000000000, -1.000000000000000000 ) ) ;
#1227 = CARTESIAN_POINT ( 'NONE',  ( -4.272669774081906600, 0.1454499241425703500, 1.240648502274866300 ) ) ;
#1228 = CARTESIAN_POINT ( 'NONE',  ( -1.051515871658345700, 0.04176775339425973400, 4.888181090308630200 ) ) ;
#1229 = EDGE_CURVE ( 'NONE', #335, #144, #786, .T. ) ;
#1230 = EDGE_LOOP ( 'NONE', ( #161, #484, #751, #1240 ) ) ;
#1231 = ORIENTED_EDGE ( 'NONE', *, *, #578, .T. ) ;
#1232 = DIRECTION ( 'NONE',  ( 0.0000000000000000000, 1.000000000000000000, 0.0000000000000000000 ) ) ;
#1233 = B_SPLINE_CURVE_WITH_KNOTS ( 'NONE', 3,
 ( #912, #1002, #471, #397 ),
 .UNSPECIFIED., .F., .F.,
 ( 4, 4 ),
 ( 6.045680957887811500E-006, 0.0009322305276572326200 ),
 .UNSPECIFIED. ) ;
#1234 = CARTESIAN_POINT ( 'NONE',  ( -4.642363730098973700, 0.002278837048168683200, 1.122090062630035400 ) ) ;
#1235 = CARTESIAN_POINT ( 'NONE',  ( -4.609908683214581700, 0.1000440462548598300, 1.132362886490759100 ) ) ;
#1236 = CARTESIAN_POINT ( 'NONE',  ( 0.0000000000000000000, 0.002278837048168822800, 0.0000000000000000000 ) ) ;
#1237 = EDGE_LOOP ( 'NONE', ( #765, #978, #954, #504 ) ) ;
#1238 = ORIENTED_EDGE ( 'NONE', *, *, #1093, .T. ) ;
#1239 = DIRECTION ( 'NONE',  ( 0.0000000000000000000, 0.0000000000000000000, 1.000000000000000000 ) ) ;
#1240 = ORIENTED_EDGE ( 'NONE', *, *, #747, .T. ) ;
#1241 = CARTESIAN_POINT ( 'NONE',  ( 1.051515871658493800, 0.04176775339426133700, 4.888181090308608000 ) ) ;
#1242 = CARTESIAN_POINT ( 'NONE',  ( 0.0000000000000000000, 0.2860067344848185600, 0.0000000000000000000 ) ) ;
#1243 = EDGE_CURVE ( 'NONE', #1086, #1134, #903, .T. ) ;
#1244 = EDGE_LOOP ( 'NONE', ( #1164, #858, #1152, #461 ) ) ;
#1245 = DIRECTION ( 'NONE',  ( 1.000000000000000000, 0.0000000000000000000, 0.0000000000000000000 ) ) ;
#1246 = CARTESIAN_POINT ( 'NONE',  ( -4.604972511076294200, 0.1005609287147084500, 1.133945927672422900 ) ) ;
#1247 = DIRECTION ( 'NONE',  ( -0.0000000000000000000, -1.000000000000000000, -0.0000000000000000000 ) ) ;
#1248 = DIRECTION ( 'NONE',  ( 0.0000000000000000000, 0.0000000000000000000, -1.000000000000000000 ) ) ;
#1249 = EDGE_CURVE ( 'NONE', #96, #617, #1124, .T. ) ;
#1250 = EDGE_LOOP ( 'NONE', ( #1169, #1076, #933, #1114 ) ) ;
#1251 = CARTESIAN_POINT ( 'NONE',  ( -1.909856753124513200, 0.2744839124094810000, -3.060604253697454300 ) ) ;
#1252 = UNCERTAINTY_MEASURE_WITH_UNIT (LENGTH_MEASURE( 1.000000000000000100E-005 ), #393, 'distance_accuracy_value', 'NONE');
#1253 = ORIENTED_EDGE ( 'NONE', *, *, #925, .T. ) ;
#1254 = VERTEX_POINT ( 'NONE', #719 ) ;
#1255 = DIRECTION ( 'NONE',  ( 0.0000000000000000000, 0.0000000000000000000, -1.000000000000000000 ) ) ;
#1256 = CARTESIAN_POINT ( 'NONE',  ( 1.056478241622977000, 0.1402485286954754700, -4.869343598905950400 ) ) ;
#1257 = ORIENTED_EDGE ( 'NONE', *, *, #910, .F. ) ;
#1258 = DIRECTION ( 'NONE',  ( 0.0000000000000000000, 0.0000000000000000000, 1.000000000000000000 ) ) ;
#1259 = CARTESIAN_POINT ( 'NONE',  ( 1.139345599165863000, 0.001682786148238191200, 4.588250413719882700 ) ) ;
#1260 = B_SPLINE_CURVE_WITH_KNOTS ( 'NONE', 3,
 ( #1202, #405, #816, #107 ),
 .UNSPECIFIED., .F., .F.,
 ( 4, 4 ),
 ( 0.0001942820231616036500, 0.0002510511851918540600 ),
 .UNSPECIFIED. ) ;
#1261 = CARTESIAN_POINT ( 'NONE',  ( -1.395037271713144100, 0.08905325308489456200, -3.917946366911649700 ) ) ;
#1262 = CARTESIAN_POINT ( 'NONE',  ( 0.0000000000000000000, 0.1871285919169685100, 0.0000000000000000000 ) ) ;
#1263 = CARTESIAN_POINT ( 'NONE',  ( -4.642363730098973700, 0.002278837048168683200, 1.122090062630035400 ) ) ;
#1264 = CARTESIAN_POINT ( 'NONE',  ( 2.184835988560943900, 0.1871285919169685100, 2.734317410815526400 ) ) ;
#1265 = B_SPLINE_CURVE_WITH_KNOTS ( 'NONE', 3,
 ( #935, #521, #733, #830, #1217, #421 ),
 .UNSPECIFIED., .F., .F.,
 ( 4, 2, 4 ),
 ( 6.065386135295714200E-006, 0.001046949021218847600, 0.002087832656302399100 ),
 .UNSPECIFIED. ) ;
#1266 = CARTESIAN_POINT ( 'NONE',  ( -4.588250413719920900, 0.001682786148238075400, 1.139345599165712400 ) ) ;
#1267 = VERTEX_POINT ( 'NONE', #535 ) ;
#1268 = ORIENTED_EDGE ( 'NONE', *, *, #1210, .F. ) ;
#1269 = ORIENTED_EDGE ( 'NONE', *, *, #793, .T. ) ;
#1270 = EDGE_LOOP ( 'NONE', ( #984, #236, #700, #322 ) ) ;
#1271 = CARTESIAN_POINT ( 'NONE',  ( -2.136314415077427600, 0.2860067344850926200, -2.791226000810789600 ) ) ;
#1272 = ORIENTED_EDGE ( 'NONE', *, *, #606, .F. ) ;
#1273 = CARTESIAN_POINT ( 'NONE',  ( 4.805742515983361300, 0.02835607114630005200, -1.073072875439970800 ) ) ;
#1274 = B_SPLINE_CURVE_WITH_KNOTS ( 'NONE', 3,
 ( #966, #545, #241, #275 ),
 .UNSPECIFIED., .F., .F.,
 ( 4, 4 ),
 ( 7.163857488486503600E-006, 0.0007842479371139046700 ),
 .UNSPECIFIED. ) ;
#1275 = VERTEX_POINT ( 'NONE', #679 ) ;
#1276 = B_SPLINE_CURVE_WITH_KNOTS ( 'NONE', 3,
 ( #850, #1227, #451, #1159, #766, #940 ),
 .UNSPECIFIED., .F., .F.,
 ( 4, 2, 4 ),
 ( 1.545374120444541900E-006, 0.001042270797813543800, 0.002082996221506643000 ),
 .UNSPECIFIED. ) ;
#1277 = CARTESIAN_POINT ( 'NONE',  ( 4.619786465608204800, 0.1002496844606365800, 1.129211692255616100 ) ) ;
#1278 = DIRECTION ( 'NONE',  ( -0.0000000000000000000, -1.000000000000000000, -0.0000000000000000000 ) ) ;
ENDSEC;
END-ISO-10303-21;
