ISO-10303-21;
HEADER;
FILE_DESCRIPTION (( 'STEP AP214' ),
    '1' );
FILE_NAME ('PKLCS1212E4001-R1.STEP',
    '2021-05-25T13:38:01',
    ( '' ),
    ( '' ),
    'SwSTEP 2.0',
    'SolidWorks 2018',
    '' );
FILE_SCHEMA (( 'AUTOMOTIVE_DESIGN' ));
ENDSEC;

DATA;
#1 = SURFACE_STYLE_USAGE ( .BOTH. , #1365 ) ;
#2 = LINE ( 'NONE', #77, #1283 ) ;
#3 = SURFACE_STYLE_FILL_AREA ( #1370 ) ;
#4 = MECHANICAL_DESIGN_GEOMETRIC_PRESENTATION_REPRESENTATION (  '', ( #265 ), #347 ) ;
#5 = LINE ( 'NONE', #637, #974 ) ;
#6 = SURFACE_SIDE_STYLE ('',( #653 ) ) ;
#7 = EDGE_CURVE ( 'NONE', #803, #1046, #1520, .T. ) ;
#8 = ORIENTED_EDGE ( 'NONE', *, *, #1173, .T. ) ;
#9 = CARTESIAN_POINT ( 'NONE',  ( 6.000000000000000888, 1.199999999999999956, -2.000000000000000000 ) ) ;
#10 = ADVANCED_FACE ( 'NONE', ( #802 ), #235, .F. ) ;
#11 = DIRECTION ( 'NONE',  ( -0.0000000000000000000, 1.000000000000000000, 0.0000000000000000000 ) ) ;
#12 =( NAMED_UNIT ( * ) PLANE_ANGLE_UNIT ( ) SI_UNIT ( $, .RADIAN. ) );
#13 = DIRECTION ( 'NONE',  ( 0.0000000000000000000, 0.0000000000000000000, 1.000000000000000000 ) ) ;
#14 = AXIS2_PLACEMENT_3D ( 'NONE', #428, #1297, #57 ) ;
#15 =( LENGTH_UNIT ( ) NAMED_UNIT ( * ) SI_UNIT ( .MILLI., .METRE. ) );
#16 = SURFACE_STYLE_USAGE ( .BOTH. , #395 ) ;
#17 =( LENGTH_UNIT ( ) NAMED_UNIT ( * ) SI_UNIT ( .MILLI., .METRE. ) );
#18 = FACE_OUTER_BOUND ( 'NONE', #206, .T. ) ;
#19 = SURFACE_STYLE_USAGE ( .BOTH. , #1266 ) ;
#20 = COLOUR_RGB ( '',0.2509803921568627416, 0.2509803921568627416, 0.2509803921568627416 ) ;
#21 = SURFACE_STYLE_FILL_AREA ( #131 ) ;
#22 =( GEOMETRIC_REPRESENTATION_CONTEXT ( 3 ) GLOBAL_UNCERTAINTY_ASSIGNED_CONTEXT ( ( #1415 ) ) GLOBAL_UNIT_ASSIGNED_CONTEXT ( ( #140, #1011, #1490 ) ) REPRESENTATION_CONTEXT ( 'NONE', 'WORKASPACE' ) );
#23 = LINE ( 'NONE', #1544, #838 ) ;
#24 = COLOUR_RGB ( '',0.2509803921568627416, 0.2509803921568627416, 0.2509803921568627416 ) ;
#25 = PRESENTATION_LAYER_ASSIGNMENT (  '', '', ( #1142 ) ) ;
#26 = FACE_OUTER_BOUND ( 'NONE', #277, .T. ) ;
#27 = EDGE_CURVE ( 'NONE', #1357, #1255, #781, .T. ) ;
#28 = VERTEX_POINT ( 'NONE', #720 ) ;
#29 = CARTESIAN_POINT ( 'NONE',  ( -4.999999999999999112, 0.0000000000000000000, 2.000000000000000000 ) ) ;
#30 = FILL_AREA_STYLE_COLOUR ( '', #1316 ) ;
#31 = PLANE ( 'NONE',  #14 ) ;
#32 = AXIS2_PLACEMENT_3D ( 'NONE', #1237, #1484, #1606 ) ;
#33 = ORIENTED_EDGE ( 'NONE', *, *, #546, .T. ) ;
#34 = EDGE_CURVE ( 'NONE', #125, #368, #161, .T. ) ;
#35 = COLOUR_RGB ( '',0.9882352941176471006, 0.7372549019607843590, 0.5176470588235293491 ) ;
#36 = DIRECTION ( 'NONE',  ( 1.000000000000000000, 0.0000000000000000000, 0.0000000000000000000 ) ) ;
#37 = LINE ( 'NONE', #286, #215 ) ;
#38 = PLANE ( 'NONE',  #1235 ) ;
#39 = LINE ( 'NONE', #208, #701 ) ;
#40 = COLOUR_RGB ( '',0.2509803921568627416, 0.2509803921568627416, 0.2509803921568627416 ) ;
#41 = PRODUCT_CONTEXT ( 'NONE', #1279, 'mechanical' ) ;
#42 = UNCERTAINTY_MEASURE_WITH_UNIT (LENGTH_MEASURE( 1.000000000000000082E-05 ), #1439, 'distance_accuracy_value', 'NONE');
#43 = DIRECTION ( 'NONE',  ( 1.000000000000000000, 0.0000000000000000000, -2.710505431213761085E-16 ) ) ;
#44 = LINE ( 'NONE', #1568, #1521 ) ;
#45 = SURFACE_STYLE_USAGE ( .BOTH. , #791 ) ;
#46 = STYLED_ITEM ( 'NONE', ( #1117 ), #103 ) ;
#47 =( NAMED_UNIT ( * ) PLANE_ANGLE_UNIT ( ) SI_UNIT ( $, .RADIAN. ) );
#48 =( NAMED_UNIT ( * ) SI_UNIT ( $, .STERADIAN. ) SOLID_ANGLE_UNIT ( ) );
#49 = AXIS2_PLACEMENT_3D ( 'NONE', #1097, #1229, #731 ) ;
#50 = DIRECTION ( 'NONE',  ( 1.000000000000000000, 0.0000000000000000000, 0.0000000000000000000 ) ) ;
#51 = DIRECTION ( 'NONE',  ( -1.000000000000000000, 0.0000000000000000000, 0.0000000000000000000 ) ) ;
#52 =( GEOMETRIC_REPRESENTATION_CONTEXT ( 3 ) GLOBAL_UNCERTAINTY_ASSIGNED_CONTEXT ( ( #87 ) ) GLOBAL_UNIT_ASSIGNED_CONTEXT ( ( #1410, #166, #309 ) ) REPRESENTATION_CONTEXT ( 'NONE', 'WORKASPACE' ) );
#53 = ORIENTED_EDGE ( 'NONE', *, *, #457, .F. ) ;
#54 = FACE_OUTER_BOUND ( 'NONE', #913, .T. ) ;
#55 = EDGE_CURVE ( 'NONE', #1298, #389, #120, .T. ) ;
#56 = VECTOR ( 'NONE', #1548, 1000.000000000000000 ) ;
#57 = DIRECTION ( 'NONE',  ( 1.000000000000000000, 0.0000000000000000000, -0.0000000000000000000 ) ) ;
#58 = CARTESIAN_POINT ( 'NONE',  ( -3.199999999999999734, 0.6999999999999999556, -3.899999999999999023 ) ) ;
#59 = LINE ( 'NONE', #830, #1251 ) ;
#60 = ORIENTED_EDGE ( 'NONE', *, *, #405, .F. ) ;
#61 = EDGE_LOOP ( 'NONE', ( #889, #33, #1057, #1600 ) ) ;
#62 =( GEOMETRIC_REPRESENTATION_CONTEXT ( 3 ) GLOBAL_UNCERTAINTY_ASSIGNED_CONTEXT ( ( #67 ) ) GLOBAL_UNIT_ASSIGNED_CONTEXT ( ( #1287, #550, #1411 ) ) REPRESENTATION_CONTEXT ( 'NONE', 'WORKASPACE' ) );
#63 = APPLICATION_PROTOCOL_DEFINITION ( 'draft international standard', 'automotive_design', 1998, #1162 ) ;
#64 = EDGE_CURVE ( 'NONE', #182, #1278, #1445, .T. ) ;
#65 = DIRECTION ( 'NONE',  ( -0.0000000000000000000, -0.0000000000000000000, 1.000000000000000000 ) ) ;
#66 = CARTESIAN_POINT ( 'NONE',  ( -1.322726650432315409E-15, -9.757819552369539906E-16, -3.899999999999999911 ) ) ;
#67 = UNCERTAINTY_MEASURE_WITH_UNIT (LENGTH_MEASURE( 1.000000000000000082E-05 ), #1287, 'distance_accuracy_value', 'NONE');
#68 = SURFACE_STYLE_USAGE ( .BOTH. , #818 ) ;
#69 = STYLED_ITEM ( 'NONE', ( #342 ), #494 ) ;
#70 = EDGE_LOOP ( 'NONE', ( #861, #1348, #826, #565 ) ) ;
#71 = PRESENTATION_STYLE_ASSIGNMENT (( #1424 ) ) ;
#72 = DIRECTION ( 'NONE',  ( 1.000000000000000000, -0.0000000000000000000, -1.445602896647339163E-16 ) ) ;
#73 = CARTESIAN_POINT ( 'NONE',  ( -3.199999999999999734, 0.6999999999999999556, -4.599999999999992539 ) ) ;
#74 = LINE ( 'NONE', #1373, #1129 ) ;
#75 = AXIS2_PLACEMENT_3D ( 'NONE', #127, #745, #388 ) ;
#76 = VECTOR ( 'NONE', #899, 1000.000000000000000 ) ;
#77 = CARTESIAN_POINT ( 'NONE',  ( -3.199999999999999734, 0.6999999999999999556, -4.599999999999992539 ) ) ;
#78 = LINE ( 'NONE', #758, #1401 ) ;
#79 = FILL_AREA_STYLE ('',( #1446 ) ) ;
#80 = VECTOR ( 'NONE', #971, 1000.000000000000000 ) ;
#81 = PLANE ( 'NONE',  #1466 ) ;
#82 = DIRECTION ( 'NONE',  ( 1.000000000000000000, 1.212594535016682604E-16, -0.0000000000000000000 ) ) ;
#83 = DIRECTION ( 'NONE',  ( -0.0000000000000000000, -0.0000000000000000000, 1.000000000000000000 ) ) ;
#84 = EDGE_CURVE ( 'NONE', #1255, #724, #1402, .T. ) ;
#85 = CARTESIAN_POINT ( 'NONE',  ( -5.999999999999999112, 1.199999999999999956, 2.000000000000000000 ) ) ;
#86 = CARTESIAN_POINT ( 'NONE',  ( 6.000000000000000888, 0.0000000000000000000, -6.000000000000000888 ) ) ;
#87 = UNCERTAINTY_MEASURE_WITH_UNIT (LENGTH_MEASURE( 1.000000000000000082E-05 ), #1410, 'distance_accuracy_value', 'NONE');
#88 = FILL_AREA_STYLE_COLOUR ( '', #1153 ) ;
#89 = CARTESIAN_POINT ( 'NONE',  ( 6.000000000000000888, 0.0000000000000000000, -6.000000000000000888 ) ) ;
#90 = STYLED_ITEM ( 'NONE', ( #1420 ), #1212 ) ;
#91 = VECTOR ( 'NONE', #1145, 1000.000000000000000 ) ;
#92 = DIRECTION ( 'NONE',  ( -0.0000000000000000000, -0.0000000000000000000, 1.000000000000000000 ) ) ;
#93 = ADVANCED_FACE ( 'NONE', ( #1429 ), #1375, .F. ) ;
#94 = VECTOR ( 'NONE', #1257, 1000.000000000000000 ) ;
#95 = CARTESIAN_POINT ( 'NONE',  ( -4.999999999999999112, 1.199999999999999956, 2.000000000000000000 ) ) ;
#96 = SURFACE_SIDE_STYLE ('',( #285 ) ) ;
#97 = CARTESIAN_POINT ( 'NONE',  ( -5.999999999999999112, 3.000000000000000000, 6.000000000000000888 ) ) ;
#98 = LINE ( 'NONE', #1571, #401 ) ;
#99 = EDGE_LOOP ( 'NONE', ( #930, #1289, #225, #1304 ) ) ;
#100 = VERTEX_POINT ( 'NONE', #230 ) ;
#101 =( NAMED_UNIT ( * ) PLANE_ANGLE_UNIT ( ) SI_UNIT ( $, .RADIAN. ) );
#102 = AXIS2_PLACEMENT_3D ( 'NONE', #1408, #666, #1404 ) ;
#103 = ADVANCED_FACE ( 'NONE', ( #1095 ), #381, .F. ) ;
#104 = CARTESIAN_POINT ( 'NONE',  ( -5.999999999999999112, 0.0000000000000000000, 6.000000000000000888 ) ) ;
#105 = AXIS2_PLACEMENT_3D ( 'NONE', #864, #910, #36 ) ;
#106 = DIRECTION ( 'NONE',  ( 0.0000000000000000000, 0.0000000000000000000, 1.000000000000000000 ) ) ;
#107 = DIRECTION ( 'NONE',  ( -0.0000000000000000000, -1.000000000000000000, -0.0000000000000000000 ) ) ;
#108 = PRESENTATION_LAYER_ASSIGNMENT (  '', '', ( #46 ) ) ;
#109 = ADVANCED_FACE ( 'NONE', ( #26 ), #1245, .F. ) ;
#110 = ORIENTED_EDGE ( 'NONE', *, *, #1259, .T. ) ;
#111 = FILL_AREA_STYLE ('',( #630 ) ) ;
#112 = LINE ( 'NONE', #744, #176 ) ;
#113 = VECTOR ( 'NONE', #92, 1000.000000000000000 ) ;
#114 = LINE ( 'NONE', #1463, #1267 ) ;
#115 = LINE ( 'NONE', #58, #1269 ) ;
#116 = DIRECTION ( 'NONE',  ( 1.445602896647339163E-16, -0.0000000000000000000, 1.000000000000000000 ) ) ;
#117 = EDGE_CURVE ( 'NONE', #28, #1278, #612, .T. ) ;
#118 = LINE ( 'NONE', #719, #160 ) ;
#119 = CARTESIAN_POINT ( 'NONE',  ( 5.000000000000000888, 1.199999999999999956, 2.000000000000000000 ) ) ;
#120 = LINE ( 'NONE', #851, #1114 ) ;
#121 = VECTOR ( 'NONE', #1327, 1000.000000000000000 ) ;
#122 = FILL_AREA_STYLE_COLOUR ( '', #296 ) ;
#123 = CARTESIAN_POINT ( 'NONE',  ( 6.000000000000000888, -1.199999999999999734, 2.000000000000000000 ) ) ;
#124 = DIRECTION ( 'NONE',  ( 1.000000000000000000, -0.0000000000000000000, -0.0000000000000000000 ) ) ;
#125 = VERTEX_POINT ( 'NONE', #1331 ) ;
#126 = MECHANICAL_DESIGN_GEOMETRIC_PRESENTATION_REPRESENTATION (  '', ( #1206 ), #1431 ) ;
#127 = CARTESIAN_POINT ( 'NONE',  ( -0.9499999999999995115, 0.1000000000000006578, 5.000000000000000000 ) ) ;
#128 =( GEOMETRIC_REPRESENTATION_CONTEXT ( 3 ) GLOBAL_UNCERTAINTY_ASSIGNED_CONTEXT ( ( #1232 ) ) GLOBAL_UNIT_ASSIGNED_CONTEXT ( ( #1231, #605, #1481 ) ) REPRESENTATION_CONTEXT ( 'NONE', 'WORKASPACE' ) );
#129 = VECTOR ( 'NONE', #1101, 1000.000000000000000 ) ;
#130 = SURFACE_SIDE_STYLE ('',( #134 ) ) ;
#131 = FILL_AREA_STYLE ('',( #996 ) ) ;
#132 =( LENGTH_UNIT ( ) NAMED_UNIT ( * ) SI_UNIT ( .MILLI., .METRE. ) );
#133 = AXIS2_PLACEMENT_3D ( 'NONE', #271, #1483, #1130 ) ;
#134 = SURFACE_STYLE_FILL_AREA ( #385 ) ;
#135 = CARTESIAN_POINT ( 'NONE',  ( 6.000000000000000888, -1.199999999999999734, -2.000000000000000000 ) ) ;
#136 = LINE ( 'NONE', #349, #585 ) ;
#137 = PRESENTATION_LAYER_ASSIGNMENT (  '', '', ( #1051 ) ) ;
#138 = VECTOR ( 'NONE', #643, 1000.000000000000000 ) ;
#139 = LINE ( 'NONE', #936, #1087 ) ;
#140 =( LENGTH_UNIT ( ) NAMED_UNIT ( * ) SI_UNIT ( .MILLI., .METRE. ) );
#141 = EDGE_CURVE ( 'NONE', #803, #318, #458, .T. ) ;
#142 = ORIENTED_EDGE ( 'NONE', *, *, #897, .F. ) ;
#143 = ORIENTED_EDGE ( 'NONE', *, *, #1511, .F. ) ;
#144 = SURFACE_STYLE_FILL_AREA ( #1066 ) ;
#145 = ADVANCED_BREP_SHAPE_REPRESENTATION ( 'PKLCS1212E4001-R1', ( #213, #602, #1296, #105 ), #398 ) ;
#146 = ORIENTED_EDGE ( 'NONE', *, *, #231, .T. ) ;
#147 =( NAMED_UNIT ( * ) SI_UNIT ( $, .STERADIAN. ) SOLID_ANGLE_UNIT ( ) );
#148 = EDGE_CURVE ( 'NONE', #1054, #227, #1138, .T. ) ;
#149 = DIRECTION ( 'NONE',  ( -1.000000000000000000, -2.282530889443167515E-16, 0.0000000000000000000 ) ) ;
#150 = COLOUR_RGB ( '',0.2509803921568627416, 0.2509803921568627416, 0.2509803921568627416 ) ;
#151 = VERTEX_POINT ( 'NONE', #595 ) ;
#152 = PRESENTATION_STYLE_ASSIGNMENT (( #978 ) ) ;
#153 = DIRECTION ( 'NONE',  ( 0.0000000000000000000, 0.0000000000000000000, -1.000000000000000000 ) ) ;
#154 = PRESENTATION_STYLE_ASSIGNMENT (( #68 ) ) ;
#155 = COLOUR_RGB ( '',0.9882352941176471006, 0.7372549019607843590, 0.5176470588235293491 ) ;
#156 = PRESENTATION_LAYER_ASSIGNMENT (  '', '', ( #69 ) ) ;
#157 = FACE_OUTER_BOUND ( 'NONE', #557, .T. ) ;
#158 = DIRECTION ( 'NONE',  ( 0.0000000000000000000, -0.0000000000000000000, 1.000000000000000000 ) ) ;
#159 =( LENGTH_UNIT ( ) NAMED_UNIT ( * ) SI_UNIT ( .MILLI., .METRE. ) );
#160 = VECTOR ( 'NONE', #702, 1000.000000000000000 ) ;
#161 = LINE ( 'NONE', #470, #455 ) ;
#162 = SURFACE_STYLE_FILL_AREA ( #874 ) ;
#163 = CARTESIAN_POINT ( 'NONE',  ( 5.000000000000000888, 1.199999999999999956, -2.000000000000000000 ) ) ;
#164 = EDGE_CURVE ( 'NONE', #677, #615, #44, .T. ) ;
#165 = ORIENTED_EDGE ( 'NONE', *, *, #1161, .F. ) ;
#166 =( NAMED_UNIT ( * ) PLANE_ANGLE_UNIT ( ) SI_UNIT ( $, .RADIAN. ) );
#167 = EDGE_LOOP ( 'NONE', ( #1471, #578, #480, #1558 ) ) ;
#168 = CARTESIAN_POINT ( 'NONE',  ( 0.9500000000000005107, 0.1000000000000008799, 5.000000000000000000 ) ) ;
#169 = APPLICATION_PROTOCOL_DEFINITION ( 'draft international standard', 'automotive_design', 1998, #906 ) ;
#170 =( LENGTH_UNIT ( ) NAMED_UNIT ( * ) SI_UNIT ( .MILLI., .METRE. ) );
#171 = STYLED_ITEM ( 'NONE', ( #1557 ), #1361 ) ;
#172 = EDGE_CURVE ( 'NONE', #1549, #531, #804, .T. ) ;
#173 =( NAMED_UNIT ( * ) SI_UNIT ( $, .STERADIAN. ) SOLID_ANGLE_UNIT ( ) );
#174 = ORIENTED_EDGE ( 'NONE', *, *, #785, .F. ) ;
#175 = SURFACE_SIDE_STYLE ('',( #1249 ) ) ;
#176 = VECTOR ( 'NONE', #863, 1000.000000000000000 ) ;
#177 = VECTOR ( 'NONE', #1505, 1000.000000000000000 ) ;
#178 = PLANE ( 'NONE',  #1141 ) ;
#179 =( GEOMETRIC_REPRESENTATION_CONTEXT ( 3 ) GLOBAL_UNCERTAINTY_ASSIGNED_CONTEXT ( ( #841 ) ) GLOBAL_UNIT_ASSIGNED_CONTEXT ( ( #1258, #521, #1381 ) ) REPRESENTATION_CONTEXT ( 'NONE', 'WORKASPACE' ) );
#180 = VECTOR ( 'NONE', #344, 1000.000000000000000 ) ;
#181 = FILL_AREA_STYLE_COLOUR ( '', #892 ) ;
#182 = VERTEX_POINT ( 'NONE', #207 ) ;
#183 = VERTEX_POINT ( 'NONE', #341 ) ;
#184 = SURFACE_SIDE_STYLE ('',( #1497 ) ) ;
#185 = CARTESIAN_POINT ( 'NONE',  ( -5.999999999999999112, 0.0000000000000000000, 6.000000000000000888 ) ) ;
#186 = MECHANICAL_DESIGN_GEOMETRIC_PRESENTATION_REPRESENTATION (  '', ( #1605 ), #1318 ) ;
#187 = DIRECTION ( 'NONE',  ( 0.0000000000000000000, -0.0000000000000000000, 1.000000000000000000 ) ) ;
#188 = MECHANICAL_DESIGN_GEOMETRIC_PRESENTATION_REPRESENTATION (  '', ( #171 ), #226 ) ;
#189 = SURFACE_SIDE_STYLE ('',( #245 ) ) ;
#190 = VECTOR ( 'NONE', #250, 1000.000000000000000 ) ;
#191 = EDGE_LOOP ( 'NONE', ( #1478, #221, #1292, #253 ) ) ;
#192 = UNCERTAINTY_MEASURE_WITH_UNIT (LENGTH_MEASURE( 1.000000000000000082E-05 ), #1559, 'distance_accuracy_value', 'NONE');
#193 = VECTOR ( 'NONE', #1028, 1000.000000000000000 ) ;
#194 =( GEOMETRIC_REPRESENTATION_CONTEXT ( 3 ) GLOBAL_UNCERTAINTY_ASSIGNED_CONTEXT ( ( #1588 ) ) GLOBAL_UNIT_ASSIGNED_CONTEXT ( ( #942, #580, #1449 ) ) REPRESENTATION_CONTEXT ( 'NONE', 'WORKASPACE' ) );
#195 =( LENGTH_UNIT ( ) NAMED_UNIT ( * ) SI_UNIT ( .MILLI., .METRE. ) );
#196 = FACE_OUTER_BOUND ( 'NONE', #1577, .T. ) ;
#197 =( LENGTH_UNIT ( ) NAMED_UNIT ( * ) SI_UNIT ( .MILLI., .METRE. ) );
#198 = FILL_AREA_STYLE_COLOUR ( '', #800 ) ;
#199 = ORIENTED_EDGE ( 'NONE', *, *, #537, .F. ) ;
#200 = PRODUCT_DEFINITION_CONTEXT ( 'detailed design', #1162, 'design' ) ;
#201 = PRESENTATION_LAYER_ASSIGNMENT (  '', '', ( #90 ) ) ;
#202 = DIRECTION ( 'NONE',  ( -1.000000000000000000, -0.0000000000000000000, -0.0000000000000000000 ) ) ;
#203 = ORIENTED_EDGE ( 'NONE', *, *, #1372, .T. ) ;
#204 =( NAMED_UNIT ( * ) SI_UNIT ( $, .STERADIAN. ) SOLID_ANGLE_UNIT ( ) );
#205 = EDGE_CURVE ( 'NONE', #1096, #634, #1509, .T. ) ;
#206 = EDGE_LOOP ( 'NONE', ( #1486, #1137, #212, #1174 ) ) ;
#207 = CARTESIAN_POINT ( 'NONE',  ( 6.000000000000000888, 0.0000000000000000000, 5.999999999999999112 ) ) ;
#208 = CARTESIAN_POINT ( 'NONE',  ( -0.9499999999999995115, 1.000000000000000666, 5.000000000000000000 ) ) ;
#209 = DIRECTION ( 'NONE',  ( 0.0000000000000000000, 0.0000000000000000000, -1.000000000000000000 ) ) ;
#210 = SURFACE_STYLE_USAGE ( .BOTH. , #1076 ) ;
#211 = CARTESIAN_POINT ( 'NONE',  ( -4.999999999999999112, 0.0000000000000000000, 2.000000000000000000 ) ) ;
#212 = ORIENTED_EDGE ( 'NONE', *, *, #1033, .F. ) ;
#213 = MANIFOLD_SOLID_BREP ( 'Boss-Extrude2', #522 ) ;
#214 = CARTESIAN_POINT ( 'NONE',  ( -0.9499999999999995115, 0.1000000000000002831, 6.000000000000000000 ) ) ;
#215 = VECTOR ( 'NONE', #279, 1000.000000000000000 ) ;
#216 = LINE ( 'NONE', #621, #759 ) ;
#217 = DIRECTION ( 'NONE',  ( -1.000000000000000000, -2.282530889443167515E-16, 0.0000000000000000000 ) ) ;
#218 = LINE ( 'NONE', #1197, #56 ) ;
#219 = CARTESIAN_POINT ( 'NONE',  ( 0.9500000000000005107, 0.1000000000000008799, 5.000000000000000000 ) ) ;
#220 = SURFACE_STYLE_USAGE ( .BOTH. , #96 ) ;
#221 = ORIENTED_EDGE ( 'NONE', *, *, #27, .F. ) ;
#222 = AXIS2_PLACEMENT_3D ( 'NONE', #1385, #645, #866 ) ;
#223 = VERTEX_POINT ( 'NONE', #346 ) ;
#224 =( NAMED_UNIT ( * ) PLANE_ANGLE_UNIT ( ) SI_UNIT ( $, .RADIAN. ) );
#225 = ORIENTED_EDGE ( 'NONE', *, *, #625, .F. ) ;
#226 =( GEOMETRIC_REPRESENTATION_CONTEXT ( 3 ) GLOBAL_UNCERTAINTY_ASSIGNED_CONTEXT ( ( #506 ) ) GLOBAL_UNIT_ASSIGNED_CONTEXT ( ( #1450, #953, #848 ) ) REPRESENTATION_CONTEXT ( 'NONE', 'WORKASPACE' ) );
#227 = VERTEX_POINT ( 'NONE', #333 ) ;
#228 = PLANE ( 'NONE',  #222 ) ;
#229 = CARTESIAN_POINT ( 'NONE',  ( -4.999999999999999112, 0.0000000000000000000, -2.000000000000000000 ) ) ;
#230 = CARTESIAN_POINT ( 'NONE',  ( -4.999999999999999112, 0.0000000000000000000, -2.000000000000000000 ) ) ;
#231 = EDGE_CURVE ( 'NONE', #624, #183, #682, .T. ) ;
#232 = FILL_AREA_STYLE_COLOUR ( '', #696 ) ;
#233 = ADVANCED_FACE ( 'NONE', ( #1248 ), #1456, .T. ) ;
#234 =( LENGTH_UNIT ( ) NAMED_UNIT ( * ) SI_UNIT ( .MILLI., .METRE. ) );
#235 = PLANE ( 'NONE',  #1607 ) ;
#236 = DIRECTION ( 'NONE',  ( 0.0000000000000000000, -0.0000000000000000000, -1.000000000000000000 ) ) ;
#237 = EDGE_LOOP ( 'NONE', ( #327, #1010, #735, #1207 ) ) ;
#238 = DIRECTION ( 'NONE',  ( 0.0000000000000000000, -1.000000000000000000, 0.0000000000000000000 ) ) ;
#239 = STYLED_ITEM ( 'NONE', ( #1019 ), #1234 ) ;
#240 = SURFACE_STYLE_FILL_AREA ( #1395 ) ;
#241 = EDGE_CURVE ( 'NONE', #433, #1261, #2, .T. ) ;
#242 = DIRECTION ( 'NONE',  ( -1.000000000000000000, 0.0000000000000000000, 1.445602896647339163E-16 ) ) ;
#243 = ADVANCED_FACE ( 'NONE', ( #1474, #1342 ), #81, .F. ) ;
#244 = SURFACE_STYLE_FILL_AREA ( #1209 ) ;
#245 = SURFACE_STYLE_FILL_AREA ( #941 ) ;
#246 = VERTEX_POINT ( 'NONE', #85 ) ;
#247 = DIRECTION ( 'NONE',  ( -1.000000000000000000, 0.0000000000000000000, -0.0000000000000000000 ) ) ;
#248 =( NAMED_UNIT ( * ) SI_UNIT ( $, .STERADIAN. ) SOLID_ANGLE_UNIT ( ) );
#249 = FILL_AREA_STYLE_COLOUR ( '', #1092 ) ;
#250 = DIRECTION ( 'NONE',  ( -0.0000000000000000000, -0.0000000000000000000, 1.000000000000000000 ) ) ;
#251 = ORIENTED_EDGE ( 'NONE', *, *, #148, .F. ) ;
#252 = UNCERTAINTY_MEASURE_WITH_UNIT (LENGTH_MEASURE( 1.000000000000000082E-05 ), #234, 'distance_accuracy_value', 'NONE');
#253 = ORIENTED_EDGE ( 'NONE', *, *, #1065, .T. ) ;
#254 = CARTESIAN_POINT ( 'NONE',  ( 5.000000000000000888, 1.199999999999999956, -2.000000000000000000 ) ) ;
#255 = FILL_AREA_STYLE ('',( #1224 ) ) ;
#256 = DIRECTION ( 'NONE',  ( -1.000000000000000000, 0.0000000000000000000, 2.710505431213761085E-16 ) ) ;
#257 = PRESENTATION_LAYER_ASSIGNMENT (  '', '', ( #937 ) ) ;
#258 = PLANE ( 'NONE',  #102 ) ;
#259 = LINE ( 'NONE', #986, #190 ) ;
#260 = CARTESIAN_POINT ( 'NONE',  ( 6.000000000000000888, 0.0000000000000000000, -2.000000000000000000 ) ) ;
#261 = CARTESIAN_POINT ( 'NONE',  ( -5.999999999999999112, 1.199999999999999956, 2.000000000000000000 ) ) ;
#262 = PRESENTATION_STYLE_ASSIGNMENT (( #422 ) ) ;
#263 = ORIENTED_EDGE ( 'NONE', *, *, #985, .F. ) ;
#264 = LINE ( 'NONE', #1519, #566 ) ;
#265 = STYLED_ITEM ( 'NONE', ( #1185 ), #1480 ) ;
#266 = CARTESIAN_POINT ( 'NONE',  ( -5.999999999999999112, 3.000000000000000000, -5.999999999999999112 ) ) ;
#267 = SURFACE_STYLE_USAGE ( .BOTH. , #1254 ) ;
#268 = EDGE_CURVE ( 'NONE', #634, #541, #538, .T. ) ;
#269 = ORIENTED_EDGE ( 'NONE', *, *, #546, .F. ) ;
#270 = ORIENTED_EDGE ( 'NONE', *, *, #1325, .F. ) ;
#271 = CARTESIAN_POINT ( 'NONE',  ( 5.000000000000000888, -1.199999999999999734, -2.000000000000000000 ) ) ;
#272 = CARTESIAN_POINT ( 'NONE',  ( 5.000000000000000888, -1.199999999999999734, 2.000000000000000000 ) ) ;
#273 = AXIS2_PLACEMENT_3D ( 'NONE', #1160, #51, #918 ) ;
#274 = UNCERTAINTY_MEASURE_WITH_UNIT (LENGTH_MEASURE( 1.000000000000000082E-05 ), #917, 'distance_accuracy_value', 'NONE');
#275 = CARTESIAN_POINT ( 'NONE',  ( 3.200000000000000622, 0.6999999999999999556, -4.599999999999994316 ) ) ;
#276 = DIRECTION ( 'NONE',  ( 1.000000000000000000, -0.0000000000000000000, 0.0000000000000000000 ) ) ;
#277 = EDGE_LOOP ( 'NONE', ( #1536, #270, #1105, #1263 ) ) ;
#278 = ORIENTED_EDGE ( 'NONE', *, *, #1284, .F. ) ;
#279 = DIRECTION ( 'NONE',  ( 0.0000000000000000000, 0.0000000000000000000, 1.000000000000000000 ) ) ;
#280 = LINE ( 'NONE', #168, #646 ) ;
#281 = ORIENTED_EDGE ( 'NONE', *, *, #1110, .F. ) ;
#282 = PRESENTATION_LAYER_ASSIGNMENT (  '', '', ( #1299 ) ) ;
#283 = PRESENTATION_LAYER_ASSIGNMENT (  '', '', ( #1467 ) ) ;
#284 = VECTOR ( 'NONE', #415, 1000.000000000000000 ) ;
#285 = SURFACE_STYLE_FILL_AREA ( #360 ) ;
#286 = CARTESIAN_POINT ( 'NONE',  ( -5.999999999999999112, 0.0000000000000000000, -2.000000000000000000 ) ) ;
#287 = ORIENTED_EDGE ( 'NONE', *, *, #1121, .F. ) ;
#288 = FILL_AREA_STYLE_COLOUR ( '', #1532 ) ;
#289 = VECTOR ( 'NONE', #1004, 1000.000000000000000 ) ;
#290 = ORIENTED_EDGE ( 'NONE', *, *, #579, .T. ) ;
#291 = DIRECTION ( 'NONE',  ( 0.0000000000000000000, 1.000000000000000000, 0.0000000000000000000 ) ) ;
#292 = PRESENTATION_LAYER_ASSIGNMENT (  '', '', ( #993 ) ) ;
#293 = EDGE_CURVE ( 'NONE', #389, #1276, #973, .T. ) ;
#294 =( NAMED_UNIT ( * ) SI_UNIT ( $, .STERADIAN. ) SOLID_ANGLE_UNIT ( ) );
#295 = CARTESIAN_POINT ( 'NONE',  ( -5.999999999999999112, 0.0000000000000000000, 2.000000000000000000 ) ) ;
#296 = COLOUR_RGB ( '',0.2509803921568627416, 0.2509803921568627416, 0.2509803921568627416 ) ;
#297 = VECTOR ( 'NONE', #449, 1000.000000000000000 ) ;
#298 = SURFACE_STYLE_FILL_AREA ( #1281 ) ;
#299 = PRESENTATION_LAYER_ASSIGNMENT (  '', '', ( #1310 ) ) ;
#300 = PRODUCT_CONTEXT ( 'NONE', #418, 'mechanical' ) ;
#301 = SURFACE_STYLE_USAGE ( .BOTH. , #907 ) ;
#302 = VECTOR ( 'NONE', #445, 1000.000000000000000 ) ;
#303 = LINE ( 'NONE', #582, #1460 ) ;
#304 = ORIENTED_EDGE ( 'NONE', *, *, #1372, .F. ) ;
#305 = VERTEX_POINT ( 'NONE', #1344 ) ;
#306 =( NAMED_UNIT ( * ) SI_UNIT ( $, .STERADIAN. ) SOLID_ANGLE_UNIT ( ) );
#307 = AXIS2_PLACEMENT_3D ( 'NONE', #1242, #1371, #629 ) ;
#308 = VERTEX_POINT ( 'NONE', #97 ) ;
#309 =( NAMED_UNIT ( * ) SI_UNIT ( $, .STERADIAN. ) SOLID_ANGLE_UNIT ( ) );
#310 = ORIENTED_EDGE ( 'NONE', *, *, #205, .F. ) ;
#311 = CARTESIAN_POINT ( 'NONE',  ( -5.999999999999999112, 1.199999999999999956, 2.000000000000000000 ) ) ;
#312 = CARTESIAN_POINT ( 'NONE',  ( 5.000000000000000888, 1.199999999999999956, -2.000000000000000000 ) ) ;
#313 = PRESENTATION_LAYER_ASSIGNMENT (  '', '', ( #410 ) ) ;
#314 = AXIS2_PLACEMENT_3D ( 'NONE', #1246, #242, #738 ) ;
#315 = VERTEX_POINT ( 'NONE', #104 ) ;
#316 = SURFACE_STYLE_USAGE ( .BOTH. , #332 ) ;
#317 = EDGE_CURVE ( 'NONE', #1298, #444, #114, .T. ) ;
#318 = VERTEX_POINT ( 'NONE', #1093 ) ;
#319 = CARTESIAN_POINT ( 'NONE',  ( -5.999999999999999112, 0.0000000000000000000, 2.000000000000000000 ) ) ;
#320 = PLANE ( 'NONE',  #1282 ) ;
#321 = FACE_OUTER_BOUND ( 'NONE', #1515, .T. ) ;
#322 = VECTOR ( 'NONE', #1134, 1000.000000000000000 ) ;
#323 = DIRECTION ( 'NONE',  ( 0.0000000000000000000, 0.0000000000000000000, 1.000000000000000000 ) ) ;
#324 = PRESENTATION_STYLE_ASSIGNMENT (( #434 ) ) ;
#325 = AXIS2_PLACEMENT_3D ( 'NONE', #1306, #1311, #569 ) ;
#326 = FILL_AREA_STYLE ('',( #1058 ) ) ;
#327 = ORIENTED_EDGE ( 'NONE', *, *, #467, .F. ) ;
#328 = EDGE_CURVE ( 'NONE', #305, #644, #606, .T. ) ;
#329 =( NAMED_UNIT ( * ) SI_UNIT ( $, .STERADIAN. ) SOLID_ANGLE_UNIT ( ) );
#330 =( NAMED_UNIT ( * ) SI_UNIT ( $, .STERADIAN. ) SOLID_ANGLE_UNIT ( ) );
#331 = ORIENTED_EDGE ( 'NONE', *, *, #671, .T. ) ;
#332 = SURFACE_SIDE_STYLE ('',( #1425 ) ) ;
#333 = CARTESIAN_POINT ( 'NONE',  ( 5.000000000000000888, 0.0000000000000000000, -2.000000000000000000 ) ) ;
#334 =( GEOMETRIC_REPRESENTATION_CONTEXT ( 3 ) GLOBAL_UNCERTAINTY_ASSIGNED_CONTEXT ( ( #1516 ) ) GLOBAL_UNIT_ASSIGNED_CONTEXT ( ( #916, #909, #173 ) ) REPRESENTATION_CONTEXT ( 'NONE', 'WORKASPACE' ) );
#335 = ORIENTED_EDGE ( 'NONE', *, *, #700, .T. ) ;
#336 = SURFACE_SIDE_STYLE ('',( #760 ) ) ;
#337 = DIRECTION ( 'NONE',  ( 1.000000000000000000, -0.0000000000000000000, -1.445602896647339163E-16 ) ) ;
#338 = LINE ( 'NONE', #1604, #1080 ) ;
#339 = ORIENTED_EDGE ( 'NONE', *, *, #148, .T. ) ;
#340 = EDGE_CURVE ( 'NONE', #426, #615, #817, .T. ) ;
#341 = CARTESIAN_POINT ( 'NONE',  ( 6.000000000000000888, 0.0000000000000000000, 2.000000000000000000 ) ) ;
#342 = PRESENTATION_STYLE_ASSIGNMENT (( #1380 ) ) ;
#343 = COLOUR_RGB ( '',0.2509803921568627416, 0.2509803921568627416, 0.2509803921568627416 ) ;
#344 = DIRECTION ( 'NONE',  ( 0.0000000000000000000, 0.0000000000000000000, -1.000000000000000000 ) ) ;
#345 = FACE_OUTER_BOUND ( 'NONE', #591, .T. ) ;
#346 = CARTESIAN_POINT ( 'NONE',  ( -3.199999999999999734, 0.0000000000000000000, -3.899999999999999023 ) ) ;
#347 =( GEOMETRIC_REPRESENTATION_CONTEXT ( 3 ) GLOBAL_UNCERTAINTY_ASSIGNED_CONTEXT ( ( #670 ) ) GLOBAL_UNIT_ASSIGNED_CONTEXT ( ( #626, #504, #747 ) ) REPRESENTATION_CONTEXT ( 'NONE', 'WORKASPACE' ) );
#348 = ORIENTED_EDGE ( 'NONE', *, *, #1200, .T. ) ;
#349 = CARTESIAN_POINT ( 'NONE',  ( 6.000000000000000888, 1.199999999999999956, -2.000000000000000000 ) ) ;
#350 = CARTESIAN_POINT ( 'NONE',  ( 6.000000000000000888, 0.0000000000000000000, 5.999999999999999112 ) ) ;
#351 = EDGE_CURVE ( 'NONE', #444, #318, #492, .T. ) ;
#352 = DIRECTION ( 'NONE',  ( -1.445602896647339163E-16, 0.0000000000000000000, -1.000000000000000000 ) ) ;
#353 =( LENGTH_UNIT ( ) NAMED_UNIT ( * ) SI_UNIT ( .MILLI., .METRE. ) );
#354 = CARTESIAN_POINT ( 'NONE',  ( -4.999999999999999112, 0.0000000000000000000, 2.000000000000000000 ) ) ;
#355 = DIRECTION ( 'NONE',  ( 0.0000000000000000000, 1.000000000000000000, 0.0000000000000000000 ) ) ;
#356 = MECHANICAL_DESIGN_GEOMETRIC_PRESENTATION_REPRESENTATION (  '', ( #1016 ), #981 ) ;
#357 =( NAMED_UNIT ( * ) PLANE_ANGLE_UNIT ( ) SI_UNIT ( $, .RADIAN. ) );
#358 = CARTESIAN_POINT ( 'NONE',  ( -5.999999999999999112, 1.199999999999999956, -2.000000000000000000 ) ) ;
#359 = ORIENTED_EDGE ( 'NONE', *, *, #34, .F. ) ;
#360 = FILL_AREA_STYLE ('',( #88 ) ) ;
#361 = VECTOR ( 'NONE', #379, 1000.000000000000000 ) ;
#362 = FACE_OUTER_BOUND ( 'NONE', #545, .T. ) ;
#363 = PLANE ( 'NONE',  #1191 ) ;
#364 = COLOUR_RGB ( '',0.2509803921568627416, 0.2509803921568627416, 0.2509803921568627416 ) ;
#365 =( LENGTH_UNIT ( ) NAMED_UNIT ( * ) SI_UNIT ( .MILLI., .METRE. ) );
#366 = DIRECTION ( 'NONE',  ( 1.000000000000000000, 0.0000000000000000000, -1.445602896647339163E-16 ) ) ;
#367 = AXIS2_PLACEMENT_3D ( 'NONE', #1305, #1036, #1546 ) ;
#368 = VERTEX_POINT ( 'NONE', #1220 ) ;
#369 = PRESENTATION_LAYER_ASSIGNMENT (  '', '', ( #1528 ) ) ;
#370 = ADVANCED_FACE ( 'NONE', ( #321 ), #363, .F. ) ;
#371 = PLANE ( 'NONE',  #32 ) ;
#372 = DIRECTION ( 'NONE',  ( -0.0000000000000000000, -1.000000000000000000, -0.0000000000000000000 ) ) ;
#373 =( GEOMETRIC_REPRESENTATION_CONTEXT ( 3 ) GLOBAL_UNCERTAINTY_ASSIGNED_CONTEXT ( ( #1350 ) ) GLOBAL_UNIT_ASSIGNED_CONTEXT ( ( #132, #503, #1126 ) ) REPRESENTATION_CONTEXT ( 'NONE', 'WORKASPACE' ) );
#374 = UNCERTAINTY_MEASURE_WITH_UNIT (LENGTH_MEASURE( 1.000000000000000082E-05 ), #991, 'distance_accuracy_value', 'NONE');
#375 =( NAMED_UNIT ( * ) SI_UNIT ( $, .STERADIAN. ) SOLID_ANGLE_UNIT ( ) );
#376 = ADVANCED_FACE ( 'NONE', ( #796 ), #983, .F. ) ;
#377 = ORIENTED_EDGE ( 'NONE', *, *, #84, .F. ) ;
#378 = ORIENTED_EDGE ( 'NONE', *, *, #1531, .T. ) ;
#379 = DIRECTION ( 'NONE',  ( -1.445602896647339163E-16, 0.0000000000000000000, -1.000000000000000000 ) ) ;
#380 = SURFACE_STYLE_USAGE ( .BOTH. , #1492 ) ;
#381 = PLANE ( 'NONE',  #75 ) ;
#382 = EDGE_CURVE ( 'NONE', #498, #1430, #514, .T. ) ;
#383 = DIRECTION ( 'NONE',  ( 0.0000000000000000000, -1.000000000000000000, 0.0000000000000000000 ) ) ;
#384 = LINE ( 'NONE', #1078, #998 ) ;
#385 = FILL_AREA_STYLE ('',( #878 ) ) ;
#386 = ADVANCED_FACE ( 'NONE', ( #1067 ), #228, .F. ) ;
#387 = DIRECTION ( 'NONE',  ( 0.0000000000000000000, 0.0000000000000000000, 1.000000000000000000 ) ) ;
#388 = DIRECTION ( 'NONE',  ( 0.0000000000000000000, 0.0000000000000000000, 1.000000000000000000 ) ) ;
#389 = VERTEX_POINT ( 'NONE', #86 ) ;
#390 = ORIENTED_EDGE ( 'NONE', *, *, #400, .F. ) ;
#391 = AXIS2_PLACEMENT_3D ( 'NONE', #1374, #11, #989 ) ;
#392 =( NAMED_UNIT ( * ) SI_UNIT ( $, .STERADIAN. ) SOLID_ANGLE_UNIT ( ) );
#393 = MECHANICAL_DESIGN_GEOMETRIC_PRESENTATION_REPRESENTATION (  '', ( #46 ), #373 ) ;
#394 = UNCERTAINTY_MEASURE_WITH_UNIT (LENGTH_MEASURE( 1.000000000000000082E-05 ), #1358, 'distance_accuracy_value', 'NONE');
#395 = SURFACE_SIDE_STYLE ('',( #21 ) ) ;
#396 =( GEOMETRIC_REPRESENTATION_CONTEXT ( 3 ) GLOBAL_UNCERTAINTY_ASSIGNED_CONTEXT ( ( #655 ) ) GLOBAL_UNIT_ASSIGNED_CONTEXT ( ( #15, #509, #754 ) ) REPRESENTATION_CONTEXT ( 'NONE', 'WORKASPACE' ) );
#397 = ORIENTED_EDGE ( 'NONE', *, *, #1389, .F. ) ;
#398 =( GEOMETRIC_REPRESENTATION_CONTEXT ( 3 ) GLOBAL_UNCERTAINTY_ASSIGNED_CONTEXT ( ( #274 ) ) GLOBAL_UNIT_ASSIGNED_CONTEXT ( ( #917, #1398, #1178 ) ) REPRESENTATION_CONTEXT ( 'NONE', 'WORKASPACE' ) );
#399 = DIRECTION ( 'NONE',  ( 0.0000000000000000000, -1.000000000000000000, 0.0000000000000000000 ) ) ;
#400 = EDGE_CURVE ( 'NONE', #541, #100, #737, .T. ) ;
#401 = VECTOR ( 'NONE', #1591, 1000.000000000000000 ) ;
#402 = ORIENTED_EDGE ( 'NONE', *, *, #1074, .F. ) ;
#403 =( NAMED_UNIT ( * ) SI_UNIT ( $, .STERADIAN. ) SOLID_ANGLE_UNIT ( ) );
#404 = AXIS2_PLACEMENT_3D ( 'NONE', #1013, #276, #1140 ) ;
#405 = EDGE_CURVE ( 'NONE', #803, #223, #74, .T. ) ;
#406 = SURFACE_STYLE_USAGE ( .BOTH. , #661 ) ;
#407 = VERTEX_POINT ( 'NONE', #1512 ) ;
#408 = FACE_OUTER_BOUND ( 'NONE', #61, .T. ) ;
#409 = ORIENTED_EDGE ( 'NONE', *, *, #639, .F. ) ;
#410 = STYLED_ITEM ( 'NONE', ( #1043 ), #502 ) ;
#411 = FILL_AREA_STYLE_COLOUR ( '', #763 ) ;
#412 = LINE ( 'NONE', #229, #451 ) ;
#413 = MECHANICAL_DESIGN_GEOMETRIC_PRESENTATION_REPRESENTATION (  '', ( #937 ), #809 ) ;
#414 = FILL_AREA_STYLE_COLOUR ( '', #659 ) ;
#415 = DIRECTION ( 'NONE',  ( 0.0000000000000000000, 0.0000000000000000000, 1.000000000000000000 ) ) ;
#416 = VERTEX_POINT ( 'NONE', #527 ) ;
#417 = ORIENTED_EDGE ( 'NONE', *, *, #897, .T. ) ;
#418 = APPLICATION_CONTEXT ( 'automotive_design' ) ;
#419 = FILL_AREA_STYLE ('',( #288 ) ) ;
#420 = AXIS2_PLACEMENT_3D ( 'NONE', #1447, #1341, #1091 ) ;
#421 = EDGE_CURVE ( 'NONE', #990, #227, #1014, .T. ) ;
#422 = SURFACE_STYLE_USAGE ( .BOTH. , #1437 ) ;
#423 = FACE_OUTER_BOUND ( 'NONE', #1103, .T. ) ;
#424 = DIRECTION ( 'NONE',  ( 0.0000000000000000000, 0.0000000000000000000, 1.000000000000000000 ) ) ;
#425 = CARTESIAN_POINT ( 'NONE',  ( 6.000000000000000888, 0.0000000000000000000, 2.000000000000000000 ) ) ;
#426 = VERTEX_POINT ( 'NONE', #1241 ) ;
#427 = PRESENTATION_STYLE_ASSIGNMENT (( #1007 ) ) ;
#428 = CARTESIAN_POINT ( 'NONE',  ( -5.999999999999999112, 1.199999999999999956, -2.000000000000000000 ) ) ;
#429 = VECTOR ( 'NONE', #691, 1000.000000000000000 ) ;
#430 = CARTESIAN_POINT ( 'NONE',  ( -5.999999999999999112, 1.199999999999999956, -2.000000000000000000 ) ) ;
#431 = UNCERTAINTY_MEASURE_WITH_UNIT (LENGTH_MEASURE( 1.000000000000000082E-05 ), #17, 'distance_accuracy_value', 'NONE');
#432 = PRESENTATION_STYLE_ASSIGNMENT (( #482 ) ) ;
#433 = VERTEX_POINT ( 'NONE', #275 ) ;
#434 = SURFACE_STYLE_USAGE ( .BOTH. , #1050 ) ;
#435 = CARTESIAN_POINT ( 'NONE',  ( 6.000000000000000888, 3.000000000000000000, 5.999999999999999112 ) ) ;
#436 = SURFACE_STYLE_USAGE ( .BOTH. , #442 ) ;
#437 = MECHANICAL_DESIGN_GEOMETRIC_PRESENTATION_REPRESENTATION (  '', ( #883 ), #966 ) ;
#438 = CARTESIAN_POINT ( 'NONE',  ( 0.9500000000000005107, 0.1000000000000008799, 6.000000000000000000 ) ) ;
#439 =( GEOMETRIC_REPRESENTATION_CONTEXT ( 3 ) GLOBAL_UNCERTAINTY_ASSIGNED_CONTEXT ( ( #192 ) ) GLOBAL_UNIT_ASSIGNED_CONTEXT ( ( #1559, #808, #1564 ) ) REPRESENTATION_CONTEXT ( 'NONE', 'WORKASPACE' ) );
#440 = ORIENTED_EDGE ( 'NONE', *, *, #27, .T. ) ;
#441 = EDGE_CURVE ( 'NONE', #246, #634, #216, .T. ) ;
#442 = SURFACE_SIDE_STYLE ('',( #549 ) ) ;
#443 = COLOUR_RGB ( '',0.9882352941176471006, 0.7372549019607843590, 0.5176470588235293491 ) ;
#444 = VERTEX_POINT ( 'NONE', #266 ) ;
#445 = DIRECTION ( 'NONE',  ( 0.0000000000000000000, 1.000000000000000000, 0.0000000000000000000 ) ) ;
#446 = EDGE_LOOP ( 'NONE', ( #1072, #359, #1052, #787 ) ) ;
#447 = CARTESIAN_POINT ( 'NONE',  ( 6.000000000000000888, 0.0000000000000000000, -2.000000000000000000 ) ) ;
#448 = SURFACE_STYLE_FILL_AREA ( #832 ) ;
#449 = DIRECTION ( 'NONE',  ( 0.0000000000000000000, -1.000000000000000000, 0.0000000000000000000 ) ) ;
#450 = PRESENTATION_STYLE_ASSIGNMENT (( #1545 ) ) ;
#451 = VECTOR ( 'NONE', #1468, 1000.000000000000000 ) ;
#452 =( GEOMETRIC_REPRESENTATION_CONTEXT ( 3 ) GLOBAL_UNCERTAINTY_ASSIGNED_CONTEXT ( ( #1393 ) ) GLOBAL_UNIT_ASSIGNED_CONTEXT ( ( #159, #782, #48 ) ) REPRESENTATION_CONTEXT ( 'NONE', 'WORKASPACE' ) );
#453 = SURFACE_STYLE_FILL_AREA ( #1230 ) ;
#454 =( NAMED_UNIT ( * ) PLANE_ANGLE_UNIT ( ) SI_UNIT ( $, .RADIAN. ) );
#455 = VECTOR ( 'NONE', #479, 1000.000000000000000 ) ;
#456 = CARTESIAN_POINT ( 'NONE',  ( -4.999999999999999112, 1.199999999999999956, 2.000000000000000000 ) ) ;
#457 = EDGE_CURVE ( 'NONE', #1508, #1244, #1419, .T. ) ;
#458 = LINE ( 'NONE', #689, #121 ) ;
#459 = ORIENTED_EDGE ( 'NONE', *, *, #317, .T. ) ;
#460 =( LENGTH_UNIT ( ) NAMED_UNIT ( * ) SI_UNIT ( .MILLI., .METRE. ) );
#461 = DIRECTION ( 'NONE',  ( 0.0000000000000000000, 1.000000000000000000, 0.0000000000000000000 ) ) ;
#462 = ORIENTED_EDGE ( 'NONE', *, *, #587, .T. ) ;
#463 = CARTESIAN_POINT ( 'NONE',  ( -5.999999999999999112, 3.000000000000000000, 6.000000000000000888 ) ) ;
#464 = CARTESIAN_POINT ( 'NONE',  ( 6.000000000000000888, 1.199999999999999956, 2.000000000000000000 ) ) ;
#465 = PRESENTATION_LAYER_ASSIGNMENT (  '', '', ( #548 ) ) ;
#466 = DIRECTION ( 'NONE',  ( 0.0000000000000000000, 0.0000000000000000000, 1.000000000000000000 ) ) ;
#467 = EDGE_CURVE ( 'NONE', #938, #1276, #1382, .T. ) ;
#468 = FILL_AREA_STYLE ('',( #1213 ) ) ;
#469 = SURFACE_SIDE_STYLE ('',( #244 ) ) ;
#470 = CARTESIAN_POINT ( 'NONE',  ( -4.999999999999999112, 0.0000000000000000000, -2.000000000000000000 ) ) ;
#471 = FILL_AREA_STYLE ('',( #1211 ) ) ;
#472 = VECTOR ( 'NONE', #951, 1000.000000000000000 ) ;
#473 = LINE ( 'NONE', #135, #1423 ) ;
#474 = VECTOR ( 'NONE', #1183, 1000.000000000000000 ) ;
#475 =( GEOMETRIC_REPRESENTATION_CONTEXT ( 3 ) GLOBAL_UNCERTAINTY_ASSIGNED_CONTEXT ( ( #1534 ) ) GLOBAL_UNIT_ASSIGNED_CONTEXT ( ( #964, #101, #204 ) ) REPRESENTATION_CONTEXT ( 'NONE', 'WORKASPACE' ) );
#476 = VECTOR ( 'NONE', #1334, 1000.000000000000000 ) ;
#477 =( NAMED_UNIT ( * ) SI_UNIT ( $, .STERADIAN. ) SOLID_ANGLE_UNIT ( ) );
#478 = CARTESIAN_POINT ( 'NONE',  ( -5.999999999999999112, 1.199999999999999956, 2.000000000000000000 ) ) ;
#479 = DIRECTION ( 'NONE',  ( -1.000000000000000000, -0.0000000000000000000, -0.0000000000000000000 ) ) ;
#480 = ORIENTED_EDGE ( 'NONE', *, *, #491, .F. ) ;
#481 = FILL_AREA_STYLE ('',( #835 ) ) ;
#482 = SURFACE_STYLE_USAGE ( .BOTH. , #1597 ) ;
#483 = CARTESIAN_POINT ( 'NONE',  ( -0.9499999999999995115, 0.1000000000000006578, 5.000000000000000000 ) ) ;
#484 = ADVANCED_FACE ( 'NONE', ( #196 ), #749, .F. ) ;
#485 = PRESENTATION_LAYER_ASSIGNMENT (  '', '', ( #239 ) ) ;
#486 = UNCERTAINTY_MEASURE_WITH_UNIT (LENGTH_MEASURE( 1.000000000000000082E-05 ), #984, 'distance_accuracy_value', 'NONE');
#487 = VECTOR ( 'NONE', #256, 1000.000000000000000 ) ;
#488 = SURFACE_SIDE_STYLE ('',( #453 ) ) ;
#489 = ORIENTED_EDGE ( 'NONE', *, *, #1009, .F. ) ;
#490 = CARTESIAN_POINT ( 'NONE',  ( -5.999999999999999112, 1.199999999999999956, 2.000000000000000000 ) ) ;
#491 = EDGE_CURVE ( 'NONE', #938, #433, #1187, .T. ) ;
#492 = LINE ( 'NONE', #1595, #1440 ) ;
#493 = DIRECTION ( 'NONE',  ( -0.0000000000000000000, -1.000000000000000000, -0.0000000000000000000 ) ) ;
#494 = ADVANCED_FACE ( 'NONE', ( #853 ), #258, .F. ) ;
#495 =( NAMED_UNIT ( * ) PLANE_ANGLE_UNIT ( ) SI_UNIT ( $, .RADIAN. ) );
#496 = VECTOR ( 'NONE', #106, 1000.000000000000000 ) ;
#497 = MECHANICAL_DESIGN_GEOMETRIC_PRESENTATION_REPRESENTATION (  '', ( #852 ), #334 ) ;
#498 = VERTEX_POINT ( 'NONE', #1610 ) ;
#499 = FILL_AREA_STYLE ('',( #1500 ) ) ;
#500 = FILL_AREA_STYLE ('',( #734 ) ) ;
#501 =( GEOMETRIC_REPRESENTATION_CONTEXT ( 3 ) GLOBAL_UNCERTAINTY_ASSIGNED_CONTEXT ( ( #374 ) ) GLOBAL_UNIT_ASSIGNED_CONTEXT ( ( #991, #1116, #1362 ) ) REPRESENTATION_CONTEXT ( 'NONE', 'WORKASPACE' ) );
#502 = ADVANCED_FACE ( 'NONE', ( #54 ), #891, .F. ) ;
#503 =( NAMED_UNIT ( * ) PLANE_ANGLE_UNIT ( ) SI_UNIT ( $, .RADIAN. ) );
#504 =( NAMED_UNIT ( * ) PLANE_ANGLE_UNIT ( ) SI_UNIT ( $, .RADIAN. ) );
#505 = PLANE ( 'NONE',  #1264 ) ;
#506 = UNCERTAINTY_MEASURE_WITH_UNIT (LENGTH_MEASURE( 1.000000000000000082E-05 ), #1450, 'distance_accuracy_value', 'NONE');
#507 = AXIS2_PLACEMENT_3D ( 'NONE', #9, #383, #236 ) ;
#508 = ORIENTED_EDGE ( 'NONE', *, *, #268, .F. ) ;
#509 =( NAMED_UNIT ( * ) PLANE_ANGLE_UNIT ( ) SI_UNIT ( $, .RADIAN. ) );
#510 =( NAMED_UNIT ( * ) SI_UNIT ( $, .STERADIAN. ) SOLID_ANGLE_UNIT ( ) );
#511 = LINE ( 'NONE', #185, #1128 ) ;
#512 = FILL_AREA_STYLE_COLOUR ( '', #575 ) ;
#513 = EDGE_CURVE ( 'NONE', #657, #685, #280, .T. ) ;
#514 = LINE ( 'NONE', #1099, #113 ) ;
#515 = FACE_OUTER_BOUND ( 'NONE', #237, .T. ) ;
#516 = PRESENTATION_STYLE_ASSIGNMENT (( #1339 ) ) ;
#517 = SURFACE_STYLE_FILL_AREA ( #762 ) ;
#518 = LINE ( 'NONE', #435, #1459 ) ;
#519 = VECTOR ( 'NONE', #337, 1000.000000000000000 ) ;
#520 = CARTESIAN_POINT ( 'NONE',  ( 3.200000000000000622, -1.178166360767581616E-15, -3.900000000000000799 ) ) ;
#521 =( NAMED_UNIT ( * ) PLANE_ANGLE_UNIT ( ) SI_UNIT ( $, .RADIAN. ) );
#522 = CLOSED_SHELL ( 'NONE', ( #1098, #370, #109, #1124, #616, #1088 ) ) ;
#523 = ORIENTED_EDGE ( 'NONE', *, *, #757, .F. ) ;
#524 = ORIENTED_EDGE ( 'NONE', *, *, #700, .F. ) ;
#525 = DIRECTION ( 'NONE',  ( 0.0000000000000000000, 1.000000000000000000, 0.0000000000000000000 ) ) ;
#526 = MECHANICAL_DESIGN_GEOMETRIC_PRESENTATION_REPRESENTATION (  '', ( #90 ), #596 ) ;
#527 = CARTESIAN_POINT ( 'NONE',  ( 3.200000000000000178, 0.6999999999999999556, -6.000000000000000888 ) ) ;
#528 = CARTESIAN_POINT ( 'NONE',  ( 6.000000000000000888, 3.000000000000000000, 5.999999999999999112 ) ) ;
#529 = PRESENTATION_LAYER_ASSIGNMENT (  '', '', ( #1359 ) ) ;
#530 = COLOUR_RGB ( '',0.9882352941176471006, 0.7372549019607843590, 0.5176470588235293491 ) ;
#531 = VERTEX_POINT ( 'NONE', #1388 ) ;
#532 = DIRECTION ( 'NONE',  ( 0.0000000000000000000, -0.0000000000000000000, 1.000000000000000000 ) ) ;
#533 = LINE ( 'NONE', #886, #193 ) ;
#534 = ORIENTED_EDGE ( 'NONE', *, *, #1336, .F. ) ;
#535 = PRESENTATION_LAYER_ASSIGNMENT (  '', '', ( #171 ) ) ;
#536 = CARTESIAN_POINT ( 'NONE',  ( 6.000000000000000888, 0.0000000000000000000, 2.000000000000000000 ) ) ;
#537 = EDGE_CURVE ( 'NONE', #644, #1175, #37, .T. ) ;
#538 = LINE ( 'NONE', #1593, #1300 ) ;
#539 = SURFACE_STYLE_FILL_AREA ( #1441 ) ;
#540 = CARTESIAN_POINT ( 'NONE',  ( -5.999999999999999112, 0.0000000000000000000, -2.000000000000000000 ) ) ;
#541 = VERTEX_POINT ( 'NONE', #1021 ) ;
#542 = COLOUR_RGB ( '',0.9882352941176471006, 0.7372549019607843590, 0.5176470588235293491 ) ;
#543 = SURFACE_SIDE_STYLE ('',( #965 ) ) ;
#544 =( GEOMETRIC_REPRESENTATION_CONTEXT ( 3 ) GLOBAL_UNCERTAINTY_ASSIGNED_CONTEXT ( ( #556 ) ) GLOBAL_UNIT_ASSIGNED_CONTEXT ( ( #857, #1353, #752 ) ) REPRESENTATION_CONTEXT ( 'NONE', 'WORKASPACE' ) );
#545 = EDGE_LOOP ( 'NONE', ( #859, #203, #944, #459 ) ) ;
#546 = EDGE_CURVE ( 'NONE', #1175, #246, #264, .T. ) ;
#547 = ORIENTED_EDGE ( 'NONE', *, *, #34, .T. ) ;
#548 = STYLED_ITEM ( 'NONE', ( #1018 ), #995 ) ;
#549 = SURFACE_STYLE_FILL_AREA ( #1309 ) ;
#550 =( NAMED_UNIT ( * ) PLANE_ANGLE_UNIT ( ) SI_UNIT ( $, .RADIAN. ) );
#551 = PRESENTATION_STYLE_ASSIGNMENT (( #732 ) ) ;
#552 = LINE ( 'NONE', #697, #429 ) ;
#553 = EDGE_CURVE ( 'NONE', #498, #657, #533, .T. ) ;
#554 = ORIENTED_EDGE ( 'NONE', *, *, #1238, .F. ) ;
#555 = DIRECTION ( 'NONE',  ( -1.445602896647339163E-16, -0.0000000000000000000, -1.000000000000000000 ) ) ;
#556 = UNCERTAINTY_MEASURE_WITH_UNIT (LENGTH_MEASURE( 1.000000000000000082E-05 ), #857, 'distance_accuracy_value', 'NONE');
#557 = EDGE_LOOP ( 'NONE', ( #610, #281, #523, #440 ) ) ;
#558 = PRESENTATION_LAYER_ASSIGNMENT (  '', '', ( #1605 ) ) ;
#559 = CARTESIAN_POINT ( 'NONE',  ( 6.000000000000000888, 0.0000000000000000000, 2.000000000000000000 ) ) ;
#560 = CARTESIAN_POINT ( 'NONE',  ( 6.000000000000000888, 0.0000000000000000000, 2.000000000000000000 ) ) ;
#561 = AXIS2_PLACEMENT_3D ( 'NONE', #559, #1286, #158 ) ;
#562 = CARTESIAN_POINT ( 'NONE',  ( 0.9500000000000005107, 0.1000000000000008799, 6.000000000000000000 ) ) ;
#563 = AXIS2_PLACEMENT_3D ( 'NONE', #261, #1008, #751 ) ;
#564 =( NAMED_UNIT ( * ) PLANE_ANGLE_UNIT ( ) SI_UNIT ( $, .RADIAN. ) );
#565 = ORIENTED_EDGE ( 'NONE', *, *, #1009, .T. ) ;
#566 = VECTOR ( 'NONE', #780, 1000.000000000000000 ) ;
#567 =( NAMED_UNIT ( * ) SI_UNIT ( $, .STERADIAN. ) SOLID_ANGLE_UNIT ( ) );
#568 = MECHANICAL_DESIGN_GEOMETRIC_PRESENTATION_REPRESENTATION (  '', ( #239 ), #652 ) ;
#569 = DIRECTION ( 'NONE',  ( 0.0000000000000000000, 0.0000000000000000000, 1.000000000000000000 ) ) ;
#570 = PRESENTATION_STYLE_ASSIGNMENT (( #948 ) ) ;
#571 = PRESENTATION_STYLE_ASSIGNMENT (( #1275 ) ) ;
#572 = PLANE ( 'NONE',  #1006 ) ;
#573 = EDGE_CURVE ( 'NONE', #615, #588, #1280, .T. ) ;
#574 = FILL_AREA_STYLE ('',( #1176 ) ) ;
#575 = COLOUR_RGB ( '',0.2509803921568627416, 0.2509803921568627416, 0.2509803921568627416 ) ;
#576 = DIRECTION ( 'NONE',  ( 1.916616770854227164E-16, 0.7071067811865441310, 0.7071067811865510144 ) ) ;
#577 = CARTESIAN_POINT ( 'NONE',  ( 6.000000000000000888, 3.000000000000000000, -6.000000000000000888 ) ) ;
#578 = ORIENTED_EDGE ( 'NONE', *, *, #241, .F. ) ;
#579 = EDGE_CURVE ( 'NONE', #183, #990, #583, .T. ) ;
#580 =( NAMED_UNIT ( * ) PLANE_ANGLE_UNIT ( ) SI_UNIT ( $, .RADIAN. ) );
#581 = CARTESIAN_POINT ( 'NONE',  ( 0.9500000000000005107, 1.000000000000001110, 5.000000000000000000 ) ) ;
#582 = CARTESIAN_POINT ( 'NONE',  ( -4.999999999999999112, 1.199999999999999956, -2.000000000000000000 ) ) ;
#583 = LINE ( 'NONE', #536, #873 ) ;
#584 =( NAMED_UNIT ( * ) PLANE_ANGLE_UNIT ( ) SI_UNIT ( $, .RADIAN. ) );
#585 = VECTOR ( 'NONE', #466, 1000.000000000000000 ) ;
#586 = MECHANICAL_DESIGN_GEOMETRIC_PRESENTATION_REPRESENTATION (  '', ( #620 ), #1550 ) ;
#587 = EDGE_CURVE ( 'NONE', #318, #368, #511, .T. ) ;
#588 = VERTEX_POINT ( 'NONE', #163 ) ;
#589 = ORIENTED_EDGE ( 'NONE', *, *, #328, .F. ) ;
#590 = FILL_AREA_STYLE_COLOUR ( '', #746 ) ;
#591 = EDGE_LOOP ( 'NONE', ( #811, #784, #716, #8 ) ) ;
#592 = CARTESIAN_POINT ( 'NONE',  ( 0.9500000000000005107, 0.1000000000000008799, 5.000000000000000000 ) ) ;
#593 = VERTEX_POINT ( 'NONE', #1040 ) ;
#594 = ADVANCED_FACE ( 'NONE', ( #1165 ), #1055, .F. ) ;
#595 = CARTESIAN_POINT ( 'NONE',  ( -0.9499999999999995115, 1.000000000000000666, 5.000000000000000000 ) ) ;
#596 =( GEOMETRIC_REPRESENTATION_CONTEXT ( 3 ) GLOBAL_UNCERTAINTY_ASSIGNED_CONTEXT ( ( #887 ) ) GLOBAL_UNIT_ASSIGNED_CONTEXT ( ( #1044, #1427, #926 ) ) REPRESENTATION_CONTEXT ( 'NONE', 'WORKASPACE' ) );
#597 = FILL_AREA_STYLE_COLOUR ( '', #1396 ) ;
#598 =( NAMED_UNIT ( * ) PLANE_ANGLE_UNIT ( ) SI_UNIT ( $, .RADIAN. ) );
#599 = FILL_AREA_STYLE ('',( #1461 ) ) ;
#600 = PRESENTATION_STYLE_ASSIGNMENT (( #1524 ) ) ;
#601 = ORIENTED_EDGE ( 'NONE', *, *, #946, .T. ) ;
#602 = MANIFOLD_SOLID_BREP ( 'Boss-Extrude3', #1314 ) ;
#603 = ORIENTED_EDGE ( 'NONE', *, *, #117, .F. ) ;
#604 = ADVANCED_FACE ( 'NONE', ( #18 ), #178, .F. ) ;
#605 =( NAMED_UNIT ( * ) PLANE_ANGLE_UNIT ( ) SI_UNIT ( $, .RADIAN. ) );
#606 = LINE ( 'NONE', #726, #1553 ) ;
#607 =( GEOMETRIC_REPRESENTATION_CONTEXT ( 3 ) GLOBAL_UNCERTAINTY_ASSIGNED_CONTEXT ( ( #1012 ) ) GLOBAL_UNIT_ASSIGNED_CONTEXT ( ( #795, #1060, #329 ) ) REPRESENTATION_CONTEXT ( 'NONE', 'WORKASPACE' ) );
#608 = VECTOR ( 'NONE', #919, 1000.000000000000000 ) ;
#609 = PRESENTATION_LAYER_ASSIGNMENT (  '', '', ( #753 ) ) ;
#610 = ORIENTED_EDGE ( 'NONE', *, *, #84, .T. ) ;
#611 = CARTESIAN_POINT ( 'NONE',  ( -5.999999999999999112, 0.0000000000000000000, 2.000000000000000000 ) ) ;
#612 = LINE ( 'NONE', #123, #289 ) ;
#613 = CARTESIAN_POINT ( 'NONE',  ( 0.9500000000000005107, 1.000000000000001110, 6.000000000000000000 ) ) ;
#614 = PRESENTATION_LAYER_ASSIGNMENT (  '', '', ( #1247 ) ) ;
#615 = VERTEX_POINT ( 'NONE', #1048 ) ;
#616 = ADVANCED_FACE ( 'NONE', ( #408 ), #813, .T. ) ;
#617 = EDGE_LOOP ( 'NONE', ( #1566, #1448, #304, #110 ) ) ;
#618 =( NAMED_UNIT ( * ) PLANE_ANGLE_UNIT ( ) SI_UNIT ( $, .RADIAN. ) );
#619 = SURFACE_SIDE_STYLE ('',( #1491 ) ) ;
#620 = STYLED_ITEM ( 'NONE', ( #692 ), #1489 ) ;
#621 = CARTESIAN_POINT ( 'NONE',  ( -5.999999999999999112, 1.199999999999999956, 2.000000000000000000 ) ) ;
#622 = FACE_OUTER_BOUND ( 'NONE', #99, .T. ) ;
#623 = PLANE ( 'NONE',  #391 ) ;
#624 = VERTEX_POINT ( 'NONE', #1290 ) ;
#625 = EDGE_CURVE ( 'NONE', #407, #624, #1112, .T. ) ;
#626 =( LENGTH_UNIT ( ) NAMED_UNIT ( * ) SI_UNIT ( .MILLI., .METRE. ) );
#627 = FILL_AREA_STYLE ('',( #122 ) ) ;
#628 = CARTESIAN_POINT ( 'NONE',  ( 3.200000000000000622, 0.0000000000000000000, -3.900000000000000799 ) ) ;
#629 = DIRECTION ( 'NONE',  ( 1.000000000000000000, 0.0000000000000000000, -0.0000000000000000000 ) ) ;
#630 = FILL_AREA_STYLE_COLOUR ( '', #150 ) ;
#631 = SURFACE_SIDE_STYLE ('',( #517 ) ) ;
#632 = AXIS2_PLACEMENT_3D ( 'NONE', #1253, #1499, #387 ) ;
#633 = ORIENTED_EDGE ( 'NONE', *, *, #723, .T. ) ;
#634 = VERTEX_POINT ( 'NONE', #1222 ) ;
#635 = ORIENTED_EDGE ( 'NONE', *, *, #733, .F. ) ;
#636 = SURFACE_SIDE_STYLE ('',( #1530 ) ) ;
#637 = CARTESIAN_POINT ( 'NONE',  ( -5.999999999999999112, 0.0000000000000000000, 2.000000000000000000 ) ) ;
#638 = ORIENTED_EDGE ( 'NONE', *, *, #317, .F. ) ;
#639 = EDGE_CURVE ( 'NONE', #227, #1508, #384, .T. ) ;
#640 = EDGE_LOOP ( 'NONE', ( #534, #53, #409, #251 ) ) ;
#641 =( LENGTH_UNIT ( ) NAMED_UNIT ( * ) SI_UNIT ( .MILLI., .METRE. ) );
#642 =( GEOMETRIC_REPRESENTATION_CONTEXT ( 3 ) GLOBAL_UNCERTAINTY_ASSIGNED_CONTEXT ( ( #715 ) ) GLOBAL_UNIT_ASSIGNED_CONTEXT ( ( #786, #1522, #403 ) ) REPRESENTATION_CONTEXT ( 'NONE', 'WORKASPACE' ) );
#643 = DIRECTION ( 'NONE',  ( -0.0000000000000000000, -1.000000000000000000, -0.0000000000000000000 ) ) ;
#644 = VERTEX_POINT ( 'NONE', #1586 ) ;
#645 = DIRECTION ( 'NONE',  ( 0.0000000000000000000, 1.000000000000000000, 0.0000000000000000000 ) ) ;
#646 = VECTOR ( 'NONE', #291, 1000.000000000000000 ) ;
#647 = MECHANICAL_DESIGN_GEOMETRIC_PRESENTATION_REPRESENTATION (  '', ( #688 ), #501 ) ;
#648 = VECTOR ( 'NONE', #1218, 1000.000000000000000 ) ;
#649 = LINE ( 'NONE', #438, #302 ) ;
#650 = EDGE_LOOP ( 'NONE', ( #331, #748, #850, #923 ) ) ;
#651 = DIRECTION ( 'NONE',  ( -1.000000000000000000, -2.282530889443167515E-16, 0.0000000000000000000 ) ) ;
#652 =( GEOMETRIC_REPRESENTATION_CONTEXT ( 3 ) GLOBAL_UNCERTAINTY_ASSIGNED_CONTEXT ( ( #790 ) ) GLOBAL_UNIT_ASSIGNED_CONTEXT ( ( #197, #1062, #330 ) ) REPRESENTATION_CONTEXT ( 'NONE', 'WORKASPACE' ) );
#653 = SURFACE_STYLE_FILL_AREA ( #499 ) ;
#654 = EDGE_CURVE ( 'NONE', #100, #1096, #412, .T. ) ;
#655 = UNCERTAINTY_MEASURE_WITH_UNIT (LENGTH_MEASURE( 1.000000000000000082E-05 ), #15, 'distance_accuracy_value', 'NONE');
#656 = ORIENTED_EDGE ( 'NONE', *, *, #654, .F. ) ;
#657 = VERTEX_POINT ( 'NONE', #592 ) ;
#658 = MECHANICAL_DESIGN_GEOMETRIC_PRESENTATION_REPRESENTATION (  '', ( #1022 ), #739 ) ;
#659 = COLOUR_RGB ( '',0.7921568627450980005, 0.8196078431372548767, 0.9333333333333333481 ) ;
#660 = ORIENTED_EDGE ( 'NONE', *, *, #1033, .T. ) ;
#661 = SURFACE_SIDE_STYLE ('',( #1443 ) ) ;
#662 = PRESENTATION_LAYER_ASSIGNMENT (  '', '', ( #1024 ) ) ;
#663 = APPLICATION_PROTOCOL_DEFINITION ( 'draft international standard', 'automotive_design', 1998, #418 ) ;
#664 = PLANE ( 'NONE',  #678 ) ;
#665 = EDGE_LOOP ( 'NONE', ( #1323, #603, #1155, #402, #1529, #955, #554, #729 ) ) ;
#666 = DIRECTION ( 'NONE',  ( 0.0000000000000000000, 0.0000000000000000000, -1.000000000000000000 ) ) ;
#667 = ORIENTED_EDGE ( 'NONE', *, *, #141, .T. ) ;
#668 =( NAMED_UNIT ( * ) PLANE_ANGLE_UNIT ( ) SI_UNIT ( $, .RADIAN. ) );
#669 = PRESENTATION_LAYER_ASSIGNMENT (  '', '', ( #783 ) ) ;
#670 = UNCERTAINTY_MEASURE_WITH_UNIT (LENGTH_MEASURE( 1.000000000000000082E-05 ), #626, 'distance_accuracy_value', 'NONE');
#671 = EDGE_CURVE ( 'NONE', #1435, #1357, #1363, .T. ) ;
#672 =( NAMED_UNIT ( * ) PLANE_ANGLE_UNIT ( ) SI_UNIT ( $, .RADIAN. ) );
#673 = EDGE_LOOP ( 'NONE', ( #1609, #1462, #60, #1157 ) ) ;
#674 = SURFACE_STYLE_USAGE ( .BOTH. , #1391 ) ;
#675 = DIRECTION ( 'NONE',  ( 1.000000000000000000, -0.0000000000000000000, -0.0000000000000000000 ) ) ;
#676 = DIRECTION ( 'NONE',  ( 0.0000000000000000000, 1.000000000000000000, -0.0000000000000000000 ) ) ;
#677 = VERTEX_POINT ( 'NONE', #960 ) ;
#678 = AXIS2_PLACEMENT_3D ( 'NONE', #789, #902, #1169 ) ;
#679 = COLOUR_RGB ( '',0.7921568627450980005, 0.8196078431372548767, 0.9333333333333333481 ) ;
#680 = DIRECTION ( 'NONE',  ( 0.0000000000000000000, 1.000000000000000000, 0.0000000000000000000 ) ) ;
#681 = DIRECTION ( 'NONE',  ( 0.0000000000000000000, 0.0000000000000000000, -1.000000000000000000 ) ) ;
#682 = LINE ( 'NONE', #464, #297 ) ;
#683 = FACE_OUTER_BOUND ( 'NONE', #673, .T. ) ;
#684 = DIRECTION ( 'NONE',  ( 0.0000000000000000000, 0.0000000000000000000, 1.000000000000000000 ) ) ;
#685 = VERTEX_POINT ( 'NONE', #728 ) ;
#686 = AXIS2_PLACEMENT_3D ( 'NONE', #1203, #1068, #209 ) ;
#687 = CARTESIAN_POINT ( 'NONE',  ( 5.000000000000000888, 1.199999999999999956, 2.000000000000000000 ) ) ;
#688 = STYLED_ITEM ( 'NONE', ( #1601 ), #109 ) ;
#689 = CARTESIAN_POINT ( 'NONE',  ( 6.000000000000000888, 0.0000000000000000000, -6.000000000000000888 ) ) ;
#690 = ORIENTED_EDGE ( 'NONE', *, *, #1325, .T. ) ;
#691 = DIRECTION ( 'NONE',  ( -1.445602896647339163E-16, -0.0000000000000000000, -1.000000000000000000 ) ) ;
#692 = PRESENTATION_STYLE_ASSIGNMENT (( #972 ) ) ;
#693 = ORIENTED_EDGE ( 'NONE', *, *, #1444, .F. ) ;
#694 = EDGE_LOOP ( 'NONE', ( #977, #693, #1201, #925 ) ) ;
#695 = DIRECTION ( 'NONE',  ( -1.000000000000000000, 0.0000000000000000000, 2.710505431213761085E-16 ) ) ;
#696 = COLOUR_RGB ( '',0.2509803921568627416, 0.2509803921568627416, 0.2509803921568627416 ) ;
#697 = CARTESIAN_POINT ( 'NONE',  ( 3.200000000000000622, 0.6999999999999999556, -3.900000000000000799 ) ) ;
#698 = LINE ( 'NONE', #778, #284 ) ;
#699 = DIRECTION ( 'NONE',  ( -0.0000000000000000000, -0.0000000000000000000, 1.000000000000000000 ) ) ;
#700 = EDGE_CURVE ( 'NONE', #151, #531, #39, .T. ) ;
#701 = VECTOR ( 'NONE', #1089, 1000.000000000000000 ) ;
#702 = DIRECTION ( 'NONE',  ( 0.0000000000000000000, 0.0000000000000000000, -1.000000000000000000 ) ) ;
#703 = CARTESIAN_POINT ( 'NONE',  ( 6.000000000000000888, 3.000000000000000000, 5.999999999999999112 ) ) ;
#704 =( NAMED_UNIT ( * ) SI_UNIT ( $, .STERADIAN. ) SOLID_ANGLE_UNIT ( ) );
#705 = PLANE ( 'NONE',  #632 ) ;
#706 =( NAMED_UNIT ( * ) SI_UNIT ( $, .STERADIAN. ) SOLID_ANGLE_UNIT ( ) );
#707 =( GEOMETRIC_REPRESENTATION_CONTEXT ( 3 ) GLOBAL_UNCERTAINTY_ASSIGNED_CONTEXT ( ( #1108 ) ) GLOBAL_UNIT_ASSIGNED_CONTEXT ( ( #997, #12, #879 ) ) REPRESENTATION_CONTEXT ( 'NONE', 'WORKASPACE' ) );
#708 =( LENGTH_UNIT ( ) NAMED_UNIT ( * ) SI_UNIT ( .MILLI., .METRE. ) );
#709 = SURFACE_STYLE_FILL_AREA ( #500 ) ;
#710 = CARTESIAN_POINT ( 'NONE',  ( 5.000000000000000888, 1.199999999999999956, -2.000000000000000000 ) ) ;
#711 =( LENGTH_UNIT ( ) NAMED_UNIT ( * ) SI_UNIT ( .MILLI., .METRE. ) );
#712 = MECHANICAL_DESIGN_GEOMETRIC_PRESENTATION_REPRESENTATION (  '', ( #69 ), #1569 ) ;
#713 = LINE ( 'NONE', #560, #764 ) ;
#714 = DIRECTION ( 'NONE',  ( -1.000000000000000000, 0.0000000000000000000, 1.445602896647339163E-16 ) ) ;
#715 = UNCERTAINTY_MEASURE_WITH_UNIT (LENGTH_MEASURE( 1.000000000000000082E-05 ), #786, 'distance_accuracy_value', 'NONE');
#716 = ORIENTED_EDGE ( 'NONE', *, *, #1313, .T. ) ;
#717 = AXIS2_PLACEMENT_3D ( 'NONE', #1426, #1540, #50 ) ;
#718 = COLOUR_RGB ( '',0.2509803921568627416, 0.2509803921568627416, 0.2509803921568627416 ) ;
#719 = CARTESIAN_POINT ( 'NONE',  ( -4.999999999999999112, 1.199999999999999956, 2.000000000000000000 ) ) ;
#720 = CARTESIAN_POINT ( 'NONE',  ( 6.000000000000000888, 1.199999999999999956, 2.000000000000000000 ) ) ;
#721 = PRESENTATION_STYLE_ASSIGNMENT (( #1453 ) ) ;
#722 = CARTESIAN_POINT ( 'NONE',  ( 6.000000000000000888, 1.199999999999999956, 2.000000000000000000 ) ) ;
#723 = EDGE_CURVE ( 'NONE', #685, #1549, #1422, .T. ) ;
#724 = VERTEX_POINT ( 'NONE', #358 ) ;
#725 = EDGE_LOOP ( 'NONE', ( #417, #881, #143, #335 ) ) ;
#726 = CARTESIAN_POINT ( 'NONE',  ( -5.999999999999999112, 1.199999999999999956, -2.000000000000000000 ) ) ;
#727 = FILL_AREA_STYLE ('',( #232 ) ) ;
#728 = CARTESIAN_POINT ( 'NONE',  ( 0.9500000000000005107, 1.000000000000001110, 5.000000000000000000 ) ) ;
#729 = ORIENTED_EDGE ( 'NONE', *, *, #1394, .T. ) ;
#730 = AXIS2_PLACEMENT_3D ( 'NONE', #1562, #680, #187 ) ;
#731 = DIRECTION ( 'NONE',  ( 1.000000000000000000, 1.212594535016682604E-16, 0.0000000000000000000 ) ) ;
#732 = SURFACE_STYLE_USAGE ( .BOTH. , #488 ) ;
#733 = EDGE_CURVE ( 'NONE', #588, #1240, #1319, .T. ) ;
#734 = FILL_AREA_STYLE_COLOUR ( '', #530 ) ;
#735 = ORIENTED_EDGE ( 'NONE', *, *, #1151, .T. ) ;
#736 = FILL_AREA_STYLE_COLOUR ( '', #718 ) ;
#737 = LINE ( 'NONE', #871, #1084 ) ;
#738 = DIRECTION ( 'NONE',  ( 1.445602896647339163E-16, 0.0000000000000000000, 1.000000000000000000 ) ) ;
#739 =( GEOMETRIC_REPRESENTATION_CONTEXT ( 3 ) GLOBAL_UNCERTAINTY_ASSIGNED_CONTEXT ( ( #252 ) ) GLOBAL_UNIT_ASSIGNED_CONTEXT ( ( #234, #598, #392 ) ) REPRESENTATION_CONTEXT ( 'NONE', 'WORKASPACE' ) );
#740 = VECTOR ( 'NONE', #970, 1000.000000000000000 ) ;
#741 = VECTOR ( 'NONE', #750, 1000.000000000000000 ) ;
#742 = VECTOR ( 'NONE', #963, 1000.000000000000000 ) ;
#743 = DIRECTION ( 'NONE',  ( -1.022195611122244372E-16, 0.7071067811865510144, -0.7071067811865441310 ) ) ;
#744 = CARTESIAN_POINT ( 'NONE',  ( 6.000000000000000888, 1.199999999999999956, -2.000000000000000000 ) ) ;
#745 = DIRECTION ( 'NONE',  ( -1.000000000000000000, 0.0000000000000000000, 0.0000000000000000000 ) ) ;
#746 = COLOUR_RGB ( '',0.7921568627450980005, 0.8196078431372548767, 0.9333333333333333481 ) ;
#747 =( NAMED_UNIT ( * ) SI_UNIT ( $, .STERADIAN. ) SOLID_ANGLE_UNIT ( ) );
#748 = ORIENTED_EDGE ( 'NONE', *, *, #757, .T. ) ;
#749 = PLANE ( 'NONE',  #133 ) ;
#750 = DIRECTION ( 'NONE',  ( 0.0000000000000000000, 1.000000000000000000, 0.0000000000000000000 ) ) ;
#751 = DIRECTION ( 'NONE',  ( 0.0000000000000000000, 0.0000000000000000000, -1.000000000000000000 ) ) ;
#752 =( NAMED_UNIT ( * ) SI_UNIT ( $, .STERADIAN. ) SOLID_ANGLE_UNIT ( ) );
#753 = STYLED_ITEM ( 'NONE', ( #721 ), #1454 ) ;
#754 =( NAMED_UNIT ( * ) SI_UNIT ( $, .STERADIAN. ) SOLID_ANGLE_UNIT ( ) );
#755 = LINE ( 'NONE', #1233, #1378 ) ;
#756 = SURFACE_STYLE_USAGE ( .BOTH. , #1485 ) ;
#757 = EDGE_CURVE ( 'NONE', #1357, #593, #118, .T. ) ;
#758 = CARTESIAN_POINT ( 'NONE',  ( 0.9500000000000005107, 1.000000000000001110, 5.000000000000000000 ) ) ;
#759 = VECTOR ( 'NONE', #882, 1000.000000000000000 ) ;
#760 = SURFACE_STYLE_FILL_AREA ( #940 ) ;
#761 =( NAMED_UNIT ( * ) PLANE_ANGLE_UNIT ( ) SI_UNIT ( $, .RADIAN. ) );
#762 = FILL_AREA_STYLE ('',( #1510 ) ) ;
#763 = COLOUR_RGB ( '',0.9882352941176471006, 0.7372549019607843590, 0.5176470588235293491 ) ;
#764 = VECTOR ( 'NONE', #202, 1000.000000000000000 ) ;
#765 = PRESENTATION_LAYER_ASSIGNMENT (  '', '', ( #1513 ) ) ;
#766 = FACE_OUTER_BOUND ( 'NONE', #903, .T. ) ;
#767 = SURFACE_STYLE_FILL_AREA ( #1340 ) ;
#768 = PRODUCT_DEFINITION_FORMATION_WITH_SPECIFIED_SOURCE ( 'ANY', '', #1189, .NOT_KNOWN. ) ;
#769 = ORIENTED_EDGE ( 'NONE', *, *, #205, .T. ) ;
#770 = DIRECTION ( 'NONE',  ( -2.282530889443167515E-16, 1.000000000000000000, 0.0000000000000000000 ) ) ;
#771 = UNCERTAINTY_MEASURE_WITH_UNIT (LENGTH_MEASURE( 1.000000000000000082E-05 ), #1053, 'distance_accuracy_value', 'NONE');
#772 = CARTESIAN_POINT ( 'NONE',  ( -3.200000000000000178, 0.6999999999999999556, -5.999999999999999112 ) ) ;
#773 =( GEOMETRIC_REPRESENTATION_CONTEXT ( 3 ) GLOBAL_UNCERTAINTY_ASSIGNED_CONTEXT ( ( #958 ) ) GLOBAL_UNIT_ASSIGNED_CONTEXT ( ( #711, #1315, #706 ) ) REPRESENTATION_CONTEXT ( 'NONE', 'WORKASPACE' ) );
#774 = ORIENTED_EDGE ( 'NONE', *, *, #421, .F. ) ;
#775 = SURFACE_STYLE_FILL_AREA ( #1184 ) ;
#776 = MECHANICAL_DESIGN_GEOMETRIC_PRESENTATION_REPRESENTATION (  '', ( #1247 ), #128 ) ;
#777 = SURFACE_STYLE_FILL_AREA ( #481 ) ;
#778 = CARTESIAN_POINT ( 'NONE',  ( -4.999999999999999112, 0.0000000000000000000, -2.000000000000000000 ) ) ;
#779 = PRESENTATION_STYLE_ASSIGNMENT (( #1214 ) ) ;
#780 = DIRECTION ( 'NONE',  ( 0.0000000000000000000, 1.000000000000000000, 0.0000000000000000000 ) ) ;
#781 = LINE ( 'NONE', #95, #1154 ) ;
#782 =( NAMED_UNIT ( * ) PLANE_ANGLE_UNIT ( ) SI_UNIT ( $, .RADIAN. ) );
#783 = STYLED_ITEM ( 'NONE', ( #1039 ), #1596 ) ;
#784 = ORIENTED_EDGE ( 'NONE', *, *, #241, .T. ) ;
#785 = EDGE_CURVE ( 'NONE', #1430, #1256, #1047, .T. ) ;
#786 =( LENGTH_UNIT ( ) NAMED_UNIT ( * ) SI_UNIT ( .MILLI., .METRE. ) );
#787 = ORIENTED_EDGE ( 'NONE', *, *, #1110, .T. ) ;
#788 = ORIENTED_EDGE ( 'NONE', *, *, #1409, .F. ) ;
#789 = CARTESIAN_POINT ( 'NONE',  ( 3.200000000000000622, -0.6999999999999999556, -3.900000000000000799 ) ) ;
#790 = UNCERTAINTY_MEASURE_WITH_UNIT (LENGTH_MEASURE( 1.000000000000000082E-05 ), #197, 'distance_accuracy_value', 'NONE');
#791 = SURFACE_SIDE_STYLE ('',( #775 ) ) ;
#792 =( GEOMETRIC_REPRESENTATION_CONTEXT ( 3 ) GLOBAL_UNCERTAINTY_ASSIGNED_CONTEXT ( ( #431 ) ) GLOBAL_UNIT_ASSIGNED_CONTEXT ( ( #17, #1123, #1143 ) ) REPRESENTATION_CONTEXT ( 'NONE', 'WORKASPACE' ) );
#793 =( LENGTH_UNIT ( ) NAMED_UNIT ( * ) SI_UNIT ( .MILLI., .METRE. ) );
#794 = PRODUCT_DEFINITION_FORMATION_WITH_SPECIFIED_SOURCE ( 'ANY', '', #929, .NOT_KNOWN. ) ;
#795 =( LENGTH_UNIT ( ) NAMED_UNIT ( * ) SI_UNIT ( .MILLI., .METRE. ) );
#796 = FACE_OUTER_BOUND ( 'NONE', #694, .T. ) ;
#797 = FACE_OUTER_BOUND ( 'NONE', #924, .T. ) ;
#798 =( LENGTH_UNIT ( ) NAMED_UNIT ( * ) SI_UNIT ( .MILLI., .METRE. ) );
#799 = LINE ( 'NONE', #1100, #1476 ) ;
#800 = COLOUR_RGB ( '',0.7921568627450980005, 0.8196078431372548767, 0.9333333333333333481 ) ;
#801 = CARTESIAN_POINT ( 'NONE',  ( 5.000000000000000888, 1.199999999999999956, 2.000000000000000000 ) ) ;
#802 = FACE_OUTER_BOUND ( 'NONE', #1379, .T. ) ;
#803 = VERTEX_POINT ( 'NONE', #1333 ) ;
#804 = LINE ( 'NONE', #939, #1403 ) ;
#805 = PLANE ( 'NONE',  #325 ) ;
#806 = MECHANICAL_DESIGN_GEOMETRIC_PRESENTATION_REPRESENTATION (  '', ( #1467 ), #885 ) ;
#807 = ORIENTED_EDGE ( 'NONE', *, *, #1284, .T. ) ;
#808 =( NAMED_UNIT ( * ) PLANE_ANGLE_UNIT ( ) SI_UNIT ( $, .RADIAN. ) );
#809 =( GEOMETRIC_REPRESENTATION_CONTEXT ( 3 ) GLOBAL_UNCERTAINTY_ASSIGNED_CONTEXT ( ( #820 ) ) GLOBAL_UNIT_ASSIGNED_CONTEXT ( ( #460, #224, #824 ) ) REPRESENTATION_CONTEXT ( 'NONE', 'WORKASPACE' ) );
#810 = CARTESIAN_POINT ( 'NONE',  ( -5.999999999999999112, 0.0000000000000000000, 0.0000000000000000000 ) ) ;
#811 = ORIENTED_EDGE ( 'NONE', *, *, #1151, .F. ) ;
#812 = FILL_AREA_STYLE_COLOUR ( '', #840 ) ;
#813 = PLANE ( 'NONE',  #1354 ) ;
#814 = ORIENTED_EDGE ( 'NONE', *, *, #293, .F. ) ;
#815 = PLANE ( 'NONE',  #1584 ) ;
#816 = EDGE_CURVE ( 'NONE', #1495, #28, #1400, .T. ) ;
#817 = LINE ( 'NONE', #1081, #927 ) ;
#818 = SURFACE_SIDE_STYLE ('',( #947 ) ) ;
#819 = COLOUR_RGB ( '',0.2509803921568627416, 0.2509803921568627416, 0.2509803921568627416 ) ;
#820 = UNCERTAINTY_MEASURE_WITH_UNIT (LENGTH_MEASURE( 1.000000000000000082E-05 ), #460, 'distance_accuracy_value', 'NONE');
#821 =( NAMED_UNIT ( * ) SI_UNIT ( $, .STERADIAN. ) SOLID_ANGLE_UNIT ( ) );
#822 = PRESENTATION_STYLE_ASSIGNMENT (( #267 ) ) ;
#823 = ORIENTED_EDGE ( 'NONE', *, *, #1259, .F. ) ;
#824 =( NAMED_UNIT ( * ) SI_UNIT ( $, .STERADIAN. ) SOLID_ANGLE_UNIT ( ) );
#825 = AXIS2_PLACEMENT_3D ( 'NONE', #1034, #770, #149 ) ;
#826 = ORIENTED_EDGE ( 'NONE', *, *, #513, .T. ) ;
#827 = SURFACE_SIDE_STYLE ('',( #1135 ) ) ;
#828 = PRESENTATION_LAYER_ASSIGNMENT (  '', '', ( #1226 ) ) ;
#829 = CARTESIAN_POINT ( 'NONE',  ( 0.9500000000000005107, 0.1000000000000008799, 6.000000000000000000 ) ) ;
#830 = CARTESIAN_POINT ( 'NONE',  ( 0.9500000000000005107, 0.1000000000000008799, 5.000000000000000000 ) ) ;
#831 = EDGE_LOOP ( 'NONE', ( #377, #263, #378, #823, #397, #1288, #462, #1537 ) ) ;
#832 = FILL_AREA_STYLE ('',( #1575 ) ) ;
#833 = COLOUR_RGB ( '',0.9882352941176471006, 0.7372549019607843590, 0.5176470588235293491 ) ;
#834 = MECHANICAL_DESIGN_GEOMETRIC_PRESENTATION_REPRESENTATION (  '', ( #911 ), #544 ) ;
#835 = FILL_AREA_STYLE_COLOUR ( '', #1455 ) ;
#836 = PLANE ( 'NONE',  #686 ) ;
#837 = EDGE_CURVE ( 'NONE', #246, #305, #1204, .T. ) ;
#838 = VECTOR ( 'NONE', #72, 1000.000000000000000 ) ;
#839 = DIRECTION ( 'NONE',  ( 0.0000000000000000000, 0.0000000000000000000, -1.000000000000000000 ) ) ;
#840 = COLOUR_RGB ( '',0.2509803921568627416, 0.2509803921568627416, 0.2509803921568627416 ) ;
#841 = UNCERTAINTY_MEASURE_WITH_UNIT (LENGTH_MEASURE( 1.000000000000000082E-05 ), #1258, 'distance_accuracy_value', 'NONE');
#842 = ORIENTED_EDGE ( 'NONE', *, *, #1065, .F. ) ;
#843 = ORIENTED_EDGE ( 'NONE', *, *, #1421, .T. ) ;
#844 = FILL_AREA_STYLE ('',( #597 ) ) ;
#845 = DIRECTION ( 'NONE',  ( -0.0000000000000000000, 1.000000000000000000, 0.0000000000000000000 ) ) ;
#846 = MECHANICAL_DESIGN_GEOMETRIC_PRESENTATION_REPRESENTATION (  '', ( #1513 ), #921 ) ;
#847 = ADVANCED_FACE ( 'NONE', ( #876 ), #705, .F. ) ;
#848 =( NAMED_UNIT ( * ) SI_UNIT ( $, .STERADIAN. ) SOLID_ANGLE_UNIT ( ) );
#849 = DIRECTION ( 'NONE',  ( 0.0000000000000000000, 0.0000000000000000000, -1.000000000000000000 ) ) ;
#850 = ORIENTED_EDGE ( 'NONE', *, *, #1451, .T. ) ;
#851 = CARTESIAN_POINT ( 'NONE',  ( 6.000000000000000888, 3.000000000000000000, -6.000000000000000888 ) ) ;
#852 = STYLED_ITEM ( 'NONE', ( #71 ), #602 ) ;
#853 = FACE_OUTER_BOUND ( 'NONE', #446, .T. ) ;
#854 = MECHANICAL_DESIGN_GEOMETRIC_PRESENTATION_REPRESENTATION (  '', ( #753 ), #475 ) ;
#855 = DIRECTION ( 'NONE',  ( 0.0000000000000000000, 0.0000000000000000000, -1.000000000000000000 ) ) ;
#856 = PRESENTATION_STYLE_ASSIGNMENT (( #1171 ) ) ;
#857 =( LENGTH_UNIT ( ) NAMED_UNIT ( * ) SI_UNIT ( .MILLI., .METRE. ) );
#858 =( GEOMETRIC_REPRESENTATION_CONTEXT ( 3 ) GLOBAL_UNCERTAINTY_ASSIGNED_CONTEXT ( ( #932 ) ) GLOBAL_UNIT_ASSIGNED_CONTEXT ( ( #708, #584, #704 ) ) REPRESENTATION_CONTEXT ( 'NONE', 'WORKASPACE' ) );
#859 = ORIENTED_EDGE ( 'NONE', *, *, #1389, .T. ) ;
#860 = PRESENTATION_STYLE_ASSIGNMENT (( #210 ) ) ;
#861 = ORIENTED_EDGE ( 'NONE', *, *, #1511, .T. ) ;
#862 = SURFACE_STYLE_USAGE ( .BOTH. , #1139 ) ;
#863 = DIRECTION ( 'NONE',  ( -1.000000000000000000, -0.0000000000000000000, -0.0000000000000000000 ) ) ;
#864 = CARTESIAN_POINT ( 'NONE',  ( 0.0000000000000000000, 0.0000000000000000000, 0.0000000000000000000 ) ) ;
#865 =( GEOMETRIC_REPRESENTATION_CONTEXT ( 3 ) GLOBAL_UNCERTAINTY_ASSIGNED_CONTEXT ( ( #1023 ) ) GLOBAL_UNIT_ASSIGNED_CONTEXT ( ( #793, #47, #294 ) ) REPRESENTATION_CONTEXT ( 'NONE', 'WORKASPACE' ) );
#866 = DIRECTION ( 'NONE',  ( 0.0000000000000000000, -0.0000000000000000000, 1.000000000000000000 ) ) ;
#867 = CARTESIAN_POINT ( 'NONE',  ( 6.000000000000000888, 0.0000000000000000000, -2.000000000000000000 ) ) ;
#868 = EDGE_CURVE ( 'NONE', #1240, #28, #136, .T. ) ;
#869 = ADVANCED_FACE ( 'NONE', ( #345 ), #623, .F. ) ;
#870 = ORIENTED_EDGE ( 'NONE', *, *, #351, .F. ) ;
#871 = CARTESIAN_POINT ( 'NONE',  ( -4.999999999999999112, 1.199999999999999956, -2.000000000000000000 ) ) ;
#872 = FILL_AREA_STYLE_COLOUR ( '', #1517 ) ;
#873 = VECTOR ( 'NONE', #153, 1000.000000000000000 ) ;
#874 = FILL_AREA_STYLE ('',( #512 ) ) ;
#875 = SURFACE_SIDE_STYLE ('',( #1277 ) ) ;
#876 = FACE_OUTER_BOUND ( 'NONE', #665, .T. ) ;
#877 = LINE ( 'NONE', #703, #519 ) ;
#878 = FILL_AREA_STYLE_COLOUR ( '', #1265 ) ;
#879 =( NAMED_UNIT ( * ) SI_UNIT ( $, .STERADIAN. ) SOLID_ANGLE_UNIT ( ) );
#880 = ORIENTED_EDGE ( 'NONE', *, *, #164, .T. ) ;
#881 = ORIENTED_EDGE ( 'NONE', *, *, #382, .F. ) ;
#882 = DIRECTION ( 'NONE',  ( 1.000000000000000000, -0.0000000000000000000, -0.0000000000000000000 ) ) ;
#883 = STYLED_ITEM ( 'NONE', ( #262 ), #604 ) ;
#884 = CARTESIAN_POINT ( 'NONE',  ( 5.000000000000000888, -1.199999999999999734, 2.000000000000000000 ) ) ;
#885 =( GEOMETRIC_REPRESENTATION_CONTEXT ( 3 ) GLOBAL_UNCERTAINTY_ASSIGNED_CONTEXT ( ( #771 ) ) GLOBAL_UNIT_ASSIGNED_CONTEXT ( ( #1053, #564, #1418 ) ) REPRESENTATION_CONTEXT ( 'NONE', 'WORKASPACE' ) );
#886 = CARTESIAN_POINT ( 'NONE',  ( 0.9500000000000005107, 0.1000000000000008799, 5.000000000000000000 ) ) ;
#887 = UNCERTAINTY_MEASURE_WITH_UNIT (LENGTH_MEASURE( 1.000000000000000082E-05 ), #1044, 'distance_accuracy_value', 'NONE');
#888 = MECHANICAL_DESIGN_GEOMETRIC_PRESENTATION_REPRESENTATION (  '', ( #1024 ), #858 ) ;
#889 = ORIENTED_EDGE ( 'NONE', *, *, #537, .T. ) ;
#890 = ORIENTED_EDGE ( 'NONE', *, *, #1336, .T. ) ;
#891 = PLANE ( 'NONE',  #825 ) ;
#892 = COLOUR_RGB ( '',0.9882352941176471006, 0.7372549019607843590, 0.5176470588235293491 ) ;
#893 = FACE_OUTER_BOUND ( 'NONE', #1308, .T. ) ;
#894 =( GEOMETRIC_REPRESENTATION_CONTEXT ( 3 ) GLOBAL_UNCERTAINTY_ASSIGNED_CONTEXT ( ( #486 ) ) GLOBAL_UNIT_ASSIGNED_CONTEXT ( ( #984, #495, #248 ) ) REPRESENTATION_CONTEXT ( 'NONE', 'WORKASPACE' ) );
#895 = LINE ( 'NONE', #463, #1506 ) ;
#896 = EDGE_LOOP ( 'NONE', ( #1324, #1407, #814, #788, #1025, #1179, #969, #1563, #1027, #905, #842, #287, #547, #1003, #1159, #1368 ) ) ;
#897 = EDGE_CURVE ( 'NONE', #531, #1430, #799, .T. ) ;
#898 = PRODUCT_DEFINITION_SHAPE ( 'NONE', 'NONE',  #1347 ) ;
#899 = DIRECTION ( 'NONE',  ( -1.000000000000000000, -0.0000000000000000000, -0.0000000000000000000 ) ) ;
#900 = ORIENTED_EDGE ( 'NONE', *, *, #172, .T. ) ;
#901 =( GEOMETRIC_REPRESENTATION_CONTEXT ( 3 ) GLOBAL_UNCERTAINTY_ASSIGNED_CONTEXT ( ( #1056 ) ) GLOBAL_UNIT_ASSIGNED_CONTEXT ( ( #195, #920, #567 ) ) REPRESENTATION_CONTEXT ( 'NONE', 'WORKASPACE' ) );
#902 = DIRECTION ( 'NONE',  ( 1.000000000000000000, 0.0000000000000000000, -1.445602896647339163E-16 ) ) ;
#903 = EDGE_LOOP ( 'NONE', ( #146, #290, #601, #1177 ) ) ;
#904 = SHAPE_DEFINITION_REPRESENTATION ( #1504, #145 ) ;
#905 = ORIENTED_EDGE ( 'NONE', *, *, #1531, .F. ) ;
#906 = APPLICATION_CONTEXT ( 'automotive_design' ) ;
#907 = SURFACE_SIDE_STYLE ('',( #928 ) ) ;
#908 = FACE_OUTER_BOUND ( 'NONE', #831, .T. ) ;
#909 =( NAMED_UNIT ( * ) PLANE_ANGLE_UNIT ( ) SI_UNIT ( $, .RADIAN. ) );
#910 = DIRECTION ( 'NONE',  ( 0.0000000000000000000, 0.0000000000000000000, 1.000000000000000000 ) ) ;
#911 = STYLED_ITEM ( 'NONE', ( #976 ), #1470 ) ;
#912 = ORIENTED_EDGE ( 'NONE', *, *, #1083, .F. ) ;
#913 = EDGE_LOOP ( 'NONE', ( #900, #524, #489, #633 ) ) ;
#914 = EDGE_LOOP ( 'NONE', ( #1236, #1223, #589, #690 ) ) ;
#915 = EDGE_CURVE ( 'NONE', #407, #1508, #112, .T. ) ;
#916 =( LENGTH_UNIT ( ) NAMED_UNIT ( * ) SI_UNIT ( .MILLI., .METRE. ) );
#917 =( LENGTH_UNIT ( ) NAMED_UNIT ( * ) SI_UNIT ( .MILLI., .METRE. ) );
#918 = DIRECTION ( 'NONE',  ( 0.0000000000000000000, 0.0000000000000000000, 1.000000000000000000 ) ) ;
#919 = DIRECTION ( 'NONE',  ( 0.0000000000000000000, -1.000000000000000000, 0.0000000000000000000 ) ) ;
#920 =( NAMED_UNIT ( * ) PLANE_ANGLE_UNIT ( ) SI_UNIT ( $, .RADIAN. ) );
#921 =( GEOMETRIC_REPRESENTATION_CONTEXT ( 3 ) GLOBAL_UNCERTAINTY_ASSIGNED_CONTEXT ( ( #42 ) ) GLOBAL_UNIT_ASSIGNED_CONTEXT ( ( #1439, #454, #821 ) ) REPRESENTATION_CONTEXT ( 'NONE', 'WORKASPACE' ) );
#922 = PLANE ( 'NONE',  #730 ) ;
#923 = ORIENTED_EDGE ( 'NONE', *, *, #1121, .T. ) ;
#924 = EDGE_LOOP ( 'NONE', ( #656, #390, #508, #310 ) ) ;
#925 = ORIENTED_EDGE ( 'NONE', *, *, #382, .T. ) ;
#926 =( NAMED_UNIT ( * ) SI_UNIT ( $, .STERADIAN. ) SOLID_ANGLE_UNIT ( ) );
#927 = VECTOR ( 'NONE', #1479, 1000.000000000000000 ) ;
#928 = SURFACE_STYLE_FILL_AREA ( #1026 ) ;
#929 = PRODUCT ( 'PKLCS1212E4001-R1', 'PKLCS1212E4001-R1', '', ( #300 ) ) ;
#930 = ORIENTED_EDGE ( 'NONE', *, *, #457, .T. ) ;
#931 = MECHANICAL_DESIGN_GEOMETRIC_PRESENTATION_REPRESENTATION (  '', ( #1049 ), #901 ) ;
#932 = UNCERTAINTY_MEASURE_WITH_UNIT (LENGTH_MEASURE( 1.000000000000000082E-05 ), #708, 'distance_accuracy_value', 'NONE');
#933 = SURFACE_STYLE_USAGE ( .BOTH. , #336 ) ;
#934 = MECHANICAL_DESIGN_GEOMETRIC_PRESENTATION_REPRESENTATION (  '', ( #1528 ), #773 ) ;
#935 = EDGE_LOOP ( 'NONE', ( #1041, #278, #199, #1064 ) ) ;
#936 = CARTESIAN_POINT ( 'NONE',  ( -5.999999999999999112, 3.000000000000000000, 6.000000000000000888 ) ) ;
#937 = STYLED_ITEM ( 'NONE', ( #860 ), #213 ) ;
#938 = VERTEX_POINT ( 'NONE', #628 ) ;
#939 = CARTESIAN_POINT ( 'NONE',  ( 0.9500000000000005107, 1.000000000000001110, 6.000000000000000000 ) ) ;
#940 = FILL_AREA_STYLE ('',( #1432 ) ) ;
#941 = FILL_AREA_STYLE ('',( #812 ) ) ;
#942 =( LENGTH_UNIT ( ) NAMED_UNIT ( * ) SI_UNIT ( .MILLI., .METRE. ) );
#943 = VECTOR ( 'NONE', #1533, 999.9999999999998863 ) ;
#944 = ORIENTED_EDGE ( 'NONE', *, *, #1238, .T. ) ;
#945 = SURFACE_SIDE_STYLE ('',( #1572 ) ) ;
#946 = EDGE_CURVE ( 'NONE', #990, #407, #999, .T. ) ;
#947 = SURFACE_STYLE_FILL_AREA ( #468 ) ;
#948 = SURFACE_STYLE_USAGE ( .BOTH. , #1317 ) ;
#949 = PRESENTATION_STYLE_ASSIGNMENT (( #16 ) ) ;
#950 = LINE ( 'NONE', #1312, #474 ) ;
#951 = DIRECTION ( 'NONE',  ( 0.0000000000000000000, 0.0000000000000000000, -1.000000000000000000 ) ) ;
#952 = LINE ( 'NONE', #350, #180 ) ;
#953 =( NAMED_UNIT ( * ) PLANE_ANGLE_UNIT ( ) SI_UNIT ( $, .RADIAN. ) );
#954 = ORIENTED_EDGE ( 'NONE', *, *, #117, .T. ) ;
#955 = ORIENTED_EDGE ( 'NONE', *, *, #55, .F. ) ;
#956 = CARTESIAN_POINT ( 'NONE',  ( 6.000000000000000888, 3.000000000000000000, 5.999999999999999112 ) ) ;
#957 = STYLED_ITEM ( 'NONE', ( #571 ), #1098 ) ;
#958 = UNCERTAINTY_MEASURE_WITH_UNIT (LENGTH_MEASURE( 1.000000000000000082E-05 ), #711, 'distance_accuracy_value', 'NONE');
#959 = ORIENTED_EDGE ( 'NONE', *, *, #1074, .T. ) ;
#960 = CARTESIAN_POINT ( 'NONE',  ( 5.000000000000000888, 0.0000000000000000000, 2.000000000000000000 ) ) ;
#961 = DIRECTION ( 'NONE',  ( 0.0000000000000000000, -0.0000000000000000000, 1.000000000000000000 ) ) ;
#962 = EDGE_LOOP ( 'NONE', ( #1272, #1017, #1186, #1035, #667, #870, #638, #1002 ) ) ;
#963 = DIRECTION ( 'NONE',  ( 0.0000000000000000000, 0.0000000000000000000, -1.000000000000000000 ) ) ;
#964 =( LENGTH_UNIT ( ) NAMED_UNIT ( * ) SI_UNIT ( .MILLI., .METRE. ) );
#965 = SURFACE_STYLE_FILL_AREA ( #1029 ) ;
#966 =( GEOMETRIC_REPRESENTATION_CONTEXT ( 3 ) GLOBAL_UNCERTAINTY_ASSIGNED_CONTEXT ( ( #1182 ) ) GLOBAL_UNIT_ASSIGNED_CONTEXT ( ( #1543, #672, #306 ) ) REPRESENTATION_CONTEXT ( 'NONE', 'WORKASPACE' ) );
#967 = DIRECTION ( 'NONE',  ( -1.000000000000000000, 0.0000000000000000000, 1.445602896647339163E-16 ) ) ;
#968 = COLOUR_RGB ( '',0.2509803921568627416, 0.2509803921568627416, 0.2509803921568627416 ) ;
#969 = ORIENTED_EDGE ( 'NONE', *, *, #1590, .T. ) ;
#970 = DIRECTION ( 'NONE',  ( -0.0000000000000000000, -0.0000000000000000000, 1.000000000000000000 ) ) ;
#971 = DIRECTION ( 'NONE',  ( 0.0000000000000000000, 0.0000000000000000000, -1.000000000000000000 ) ) ;
#972 = SURFACE_STYLE_USAGE ( .BOTH. , #875 ) ;
#973 = LINE ( 'NONE', #89, #648 ) ;
#974 = VECTOR ( 'NONE', #1356, 1000.000000000000000 ) ;
#975 = PRESENTATION_STYLE_ASSIGNMENT (( #316 ) ) ;
#976 = PRESENTATION_STYLE_ASSIGNMENT (( #1 ) ) ;
#977 = ORIENTED_EDGE ( 'NONE', *, *, #785, .T. ) ;
#978 = SURFACE_STYLE_USAGE ( .BOTH. , #1208 ) ;
#979 = ADVANCED_FACE ( 'NONE', ( #1285 ), #371, .T. ) ;
#980 = CARTESIAN_POINT ( 'NONE',  ( 6.000000000000000888, 3.000000000000000000, -6.000000000000000888 ) ) ;
#981 =( GEOMETRIC_REPRESENTATION_CONTEXT ( 3 ) GLOBAL_UNCERTAINTY_ASSIGNED_CONTEXT ( ( #1567 ) ) GLOBAL_UNIT_ASSIGNED_CONTEXT ( ( #798, #668, #1416 ) ) REPRESENTATION_CONTEXT ( 'NONE', 'WORKASPACE' ) );
#982 = ORIENTED_EDGE ( 'NONE', *, *, #421, .T. ) ;
#983 = PLANE ( 'NONE',  #49 ) ;
#984 =( LENGTH_UNIT ( ) NAMED_UNIT ( * ) SI_UNIT ( .MILLI., .METRE. ) );
#985 = EDGE_CURVE ( 'NONE', #1136, #1255, #5, .T. ) ;
#986 = CARTESIAN_POINT ( 'NONE',  ( -5.999999999999999112, 0.0000000000000000000, 6.000000000000000888 ) ) ;
#987 = ADVANCED_FACE ( 'NONE', ( #908 ), #1132, .F. ) ;
#988 = DIRECTION ( 'NONE',  ( -1.000000000000000000, -0.0000000000000000000, -0.0000000000000000000 ) ) ;
#989 = DIRECTION ( 'NONE',  ( 0.0000000000000000000, -0.0000000000000000000, 1.000000000000000000 ) ) ;
#990 = VERTEX_POINT ( 'NONE', #260 ) ;
#991 =( LENGTH_UNIT ( ) NAMED_UNIT ( * ) SI_UNIT ( .MILLI., .METRE. ) );
#992 = PLANE ( 'NONE',  #561 ) ;
#993 = STYLED_ITEM ( 'NONE', ( #1501 ), #869 ) ;
#994 = VERTEX_POINT ( 'NONE', #528 ) ;
#995 = ADVANCED_FACE ( 'NONE', ( #1458 ), #505, .F. ) ;
#996 = FILL_AREA_STYLE_COLOUR ( '', #1384 ) ;
#997 =( LENGTH_UNIT ( ) NAMED_UNIT ( * ) SI_UNIT ( .MILLI., .METRE. ) );
#998 = VECTOR ( 'NONE', #461, 1000.000000000000000 ) ;
#999 = LINE ( 'NONE', #867, #741 ) ;
#1000 = CARTESIAN_POINT ( 'NONE',  ( 3.200000000000000178, -0.6999999999999999556, -6.000000000000000888 ) ) ;
#1001 = EDGE_CURVE ( 'NONE', #724, #368, #1205, .T. ) ;
#1002 = ORIENTED_EDGE ( 'NONE', *, *, #55, .T. ) ;
#1003 = ORIENTED_EDGE ( 'NONE', *, *, #587, .F. ) ;
#1004 = DIRECTION ( 'NONE',  ( -0.0000000000000000000, -1.000000000000000000, -0.0000000000000000000 ) ) ;
#1005 = ORIENTED_EDGE ( 'NONE', *, *, #1444, .T. ) ;
#1006 = AXIS2_PLACEMENT_3D ( 'NONE', #447, #684, #1551 ) ;
#1007 = SURFACE_STYLE_USAGE ( .BOTH. , #130 ) ;
#1008 = DIRECTION ( 'NONE',  ( 0.0000000000000000000, -1.000000000000000000, -0.0000000000000000000 ) ) ;
#1009 = EDGE_CURVE ( 'NONE', #685, #151, #78, .T. ) ;
#1010 = ORIENTED_EDGE ( 'NONE', *, *, #491, .T. ) ;
#1011 =( NAMED_UNIT ( * ) PLANE_ANGLE_UNIT ( ) SI_UNIT ( $, .RADIAN. ) );
#1012 = UNCERTAINTY_MEASURE_WITH_UNIT (LENGTH_MEASURE( 1.000000000000000082E-05 ), #795, 'distance_accuracy_value', 'NONE');
#1013 = CARTESIAN_POINT ( 'NONE',  ( -5.999999999999999112, 3.000000000000000000, 6.000000000000000888 ) ) ;
#1014 = LINE ( 'NONE', #1262, #1498 ) ;
#1015 = COLOUR_RGB ( '',0.2509803921568627416, 0.2509803921568627416, 0.2509803921568627416 ) ;
#1016 = STYLED_ITEM ( 'NONE', ( #1113 ), #1088 ) ;
#1017 = ORIENTED_EDGE ( 'NONE', *, *, #1523, .F. ) ;
#1018 = PRESENTATION_STYLE_ASSIGNMENT (( #1390 ) ) ;
#1019 = PRESENTATION_STYLE_ASSIGNMENT (( #933 ) ) ;
#1020 = DIRECTION ( 'NONE',  ( 1.000000000000000000, 0.0000000000000000000, -0.0000000000000000000 ) ) ;
#1021 = CARTESIAN_POINT ( 'NONE',  ( -4.999999999999999112, 1.199999999999999956, -2.000000000000000000 ) ) ;
#1022 = STYLED_ITEM ( 'NONE', ( #516 ), #847 ) ;
#1023 = UNCERTAINTY_MEASURE_WITH_UNIT (LENGTH_MEASURE( 1.000000000000000082E-05 ), #793, 'distance_accuracy_value', 'NONE');
#1024 = STYLED_ITEM ( 'NONE', ( #154 ), #233 ) ;
#1025 = ORIENTED_EDGE ( 'NONE', *, *, #340, .T. ) ;
#1026 = FILL_AREA_STYLE ('',( #1163 ) ) ;
#1027 = ORIENTED_EDGE ( 'NONE', *, *, #1195, .F. ) ;
#1028 = DIRECTION ( 'NONE',  ( 1.000000000000000000, 1.212594535016682604E-16, -0.0000000000000000000 ) ) ;
#1029 = FILL_AREA_STYLE ('',( #414 ) ) ;
#1030 = CARTESIAN_POINT ( 'NONE',  ( -4.999999999999999112, 1.199999999999999956, -2.000000000000000000 ) ) ;
#1031 = PRESENTATION_LAYER_ASSIGNMENT (  '', '', ( #911 ) ) ;
#1032 = LINE ( 'NONE', #272, #138 ) ;
#1033 = EDGE_CURVE ( 'NONE', #588, #1495, #1133, .T. ) ;
#1034 = CARTESIAN_POINT ( 'NONE',  ( 0.9500000000000005107, 1.000000000000001110, 5.000000000000000000 ) ) ;
#1035 = ORIENTED_EDGE ( 'NONE', *, *, #7, .F. ) ;
#1036 = DIRECTION ( 'NONE',  ( 1.000000000000000000, 0.0000000000000000000, 0.0000000000000000000 ) ) ;
#1037 = PRESENTATION_LAYER_ASSIGNMENT (  '', '', ( #957 ) ) ;
#1038 = SURFACE_SIDE_STYLE ('',( #539 ) ) ;
#1039 = PRESENTATION_STYLE_ASSIGNMENT (( #674 ) ) ;
#1040 = CARTESIAN_POINT ( 'NONE',  ( -4.999999999999999112, 1.199999999999999956, -2.000000000000000000 ) ) ;
#1041 = ORIENTED_EDGE ( 'NONE', *, *, #654, .T. ) ;
#1042 = CARTESIAN_POINT ( 'NONE',  ( -3.199999999999999734, -7.733975497063266606E-16, -3.899999999999999023 ) ) ;
#1043 = PRESENTATION_STYLE_ASSIGNMENT (( #19 ) ) ;
#1044 =( LENGTH_UNIT ( ) NAMED_UNIT ( * ) SI_UNIT ( .MILLI., .METRE. ) );
#1045 = FILL_AREA_STYLE_COLOUR ( '', #1150 ) ;
#1046 = VERTEX_POINT ( 'NONE', #772 ) ;
#1047 = LINE ( 'NONE', #829, #1442 ) ;
#1048 = CARTESIAN_POINT ( 'NONE',  ( 5.000000000000000888, 0.0000000000000000000, -2.000000000000000000 ) ) ;
#1049 = STYLED_ITEM ( 'NONE', ( #1104 ), #616 ) ;
#1050 = SURFACE_SIDE_STYLE ('',( #1503 ) ) ;
#1051 = STYLED_ITEM ( 'NONE', ( #450 ), #1343 ) ;
#1052 = ORIENTED_EDGE ( 'NONE', *, *, #1451, .F. ) ;
#1053 =( LENGTH_UNIT ( ) NAMED_UNIT ( * ) SI_UNIT ( .MILLI., .METRE. ) );
#1054 = VERTEX_POINT ( 'NONE', #1250 ) ;
#1055 = PLANE ( 'NONE',  #367 ) ;
#1056 = UNCERTAINTY_MEASURE_WITH_UNIT (LENGTH_MEASURE( 1.000000000000000082E-05 ), #195, 'distance_accuracy_value', 'NONE');
#1057 = ORIENTED_EDGE ( 'NONE', *, *, #837, .T. ) ;
#1058 = FILL_AREA_STYLE_COLOUR ( '', #1301 ) ;
#1059 = CARTESIAN_POINT ( 'NONE',  ( -4.999999999999999112, 1.199999999999999956, 2.000000000000000000 ) ) ;
#1060 =( NAMED_UNIT ( * ) PLANE_ANGLE_UNIT ( ) SI_UNIT ( $, .RADIAN. ) );
#1061 = PRESENTATION_LAYER_ASSIGNMENT (  '', '', ( #1291 ) ) ;
#1062 =( NAMED_UNIT ( * ) PLANE_ANGLE_UNIT ( ) SI_UNIT ( $, .RADIAN. ) );
#1063 = FILL_AREA_STYLE ('',( #198 ) ) ;
#1064 = ORIENTED_EDGE ( 'NONE', *, *, #1565, .T. ) ;
#1065 = EDGE_CURVE ( 'NONE', #1435, #1136, #1364, .T. ) ;
#1066 = FILL_AREA_STYLE ('',( #590 ) ) ;
#1067 = FACE_OUTER_BOUND ( 'NONE', #896, .T. ) ;
#1068 = DIRECTION ( 'NONE',  ( 1.000000000000000000, 0.0000000000000000000, 0.0000000000000000000 ) ) ;
#1069 = COLOUR_RGB ( '',0.2509803921568627416, 0.2509803921568627416, 0.2509803921568627416 ) ;
#1070 = CARTESIAN_POINT ( 'NONE',  ( -4.999999999999999112, 0.0000000000000000000, 2.000000000000000000 ) ) ;
#1071 = STYLED_ITEM ( 'NONE', ( #427 ), #484 ) ;
#1072 = ORIENTED_EDGE ( 'NONE', *, *, #1001, .T. ) ;
#1073 = FILL_AREA_STYLE_COLOUR ( '', #24 ) ;
#1074 = EDGE_CURVE ( 'NONE', #426, #1240, #473, .T. ) ;
#1075 = ORIENTED_EDGE ( 'NONE', *, *, #915, .F. ) ;
#1076 = SURFACE_SIDE_STYLE ('',( #144 ) ) ;
#1077 = UNCERTAINTY_MEASURE_WITH_UNIT (LENGTH_MEASURE( 1.000000000000000082E-05 ), #170, 'distance_accuracy_value', 'NONE');
#1078 = CARTESIAN_POINT ( 'NONE',  ( 5.000000000000000888, 0.0000000000000000000, -2.000000000000000000 ) ) ;
#1079 = CARTESIAN_POINT ( 'NONE',  ( 5.000000000000000888, 0.0000000000000000000, 2.000000000000000000 ) ) ;
#1080 = VECTOR ( 'NONE', #124, 1000.000000000000000 ) ;
#1081 = CARTESIAN_POINT ( 'NONE',  ( 0.0000000000000000000, 0.0000000000000000000, -2.000000000000000000 ) ) ;
#1082 = DIRECTION ( 'NONE',  ( 1.000000000000000000, -0.0000000000000000000, 0.0000000000000000000 ) ) ;
#1083 = EDGE_CURVE ( 'NONE', #1495, #677, #1032, .T. ) ;
#1084 = VECTOR ( 'NONE', #399, 1000.000000000000000 ) ;
#1085 = FACE_OUTER_BOUND ( 'NONE', #650, .T. ) ;
#1086 = DIRECTION ( 'NONE',  ( 1.000000000000000000, 0.0000000000000000000, -0.0000000000000000000 ) ) ;
#1087 = VECTOR ( 'NONE', #1307, 1000.000000000000000 ) ;
#1088 = ADVANCED_FACE ( 'NONE', ( #797 ), #1406, .F. ) ;
#1089 = DIRECTION ( 'NONE',  ( -0.0000000000000000000, -0.0000000000000000000, 1.000000000000000000 ) ) ;
#1090 = CARTESIAN_POINT ( 'NONE',  ( -3.200000000000000178, -0.6999999999999999556, -5.999999999999999112 ) ) ;
#1091 = DIRECTION ( 'NONE',  ( -1.000000000000000000, 0.0000000000000000000, -0.0000000000000000000 ) ) ;
#1092 = COLOUR_RGB ( '',0.2509803921568627416, 0.2509803921568627416, 0.2509803921568627416 ) ;
#1093 = CARTESIAN_POINT ( 'NONE',  ( -5.999999999999999112, 0.0000000000000000000, -5.999999999999999112 ) ) ;
#1094 = MECHANICAL_DESIGN_GEOMETRIC_PRESENTATION_REPRESENTATION (  '', ( #993 ), #1477 ) ;
#1095 = FACE_OUTER_BOUND ( 'NONE', #725, .T. ) ;
#1096 = VERTEX_POINT ( 'NONE', #29 ) ;
#1097 = CARTESIAN_POINT ( 'NONE',  ( 0.9500000000000005107, 0.1000000000000008799, 5.000000000000000000 ) ) ;
#1098 = ADVANCED_FACE ( 'NONE', ( #1475 ), #38, .F. ) ;
#1099 = CARTESIAN_POINT ( 'NONE',  ( -0.9499999999999995115, 0.1000000000000006578, 5.000000000000000000 ) ) ;
#1100 = CARTESIAN_POINT ( 'NONE',  ( -0.9499999999999995115, 0.1000000000000006578, 6.000000000000000000 ) ) ;
#1101 = DIRECTION ( 'NONE',  ( -0.0000000000000000000, -1.000000000000000000, -0.0000000000000000000 ) ) ;
#1102 = MECHANICAL_DESIGN_GEOMETRIC_PRESENTATION_REPRESENTATION (  '', ( #1071 ), #22 ) ;
#1103 = EDGE_LOOP ( 'NONE', ( #339, #774, #1581, #348 ) ) ;
#1104 = PRESENTATION_STYLE_ASSIGNMENT (( #45 ) ) ;
#1105 = ORIENTED_EDGE ( 'NONE', *, *, #837, .F. ) ;
#1106 = DIRECTION ( 'NONE',  ( 0.0000000000000000000, 0.0000000000000000000, -1.000000000000000000 ) ) ;
#1107 = ADVANCED_FACE ( 'NONE', ( #515 ), #664, .F. ) ;
#1108 = UNCERTAINTY_MEASURE_WITH_UNIT (LENGTH_MEASURE( 1.000000000000000082E-05 ), #997, 'distance_accuracy_value', 'NONE');
#1109 =( NAMED_UNIT ( * ) SI_UNIT ( $, .STERADIAN. ) SOLID_ANGLE_UNIT ( ) );
#1110 = EDGE_CURVE ( 'NONE', #593, #724, #1268, .T. ) ;
#1111 = SURFACE_STYLE_FILL_AREA ( #844 ) ;
#1112 = LINE ( 'NONE', #1464, #496 ) ;
#1113 = PRESENTATION_STYLE_ASSIGNMENT (( #406 ) ) ;
#1114 = VECTOR ( 'NONE', #107, 1000.000000000000000 ) ;
#1115 = CARTESIAN_POINT ( 'NONE',  ( 3.200000000000001066, 0.0000000000000000000, -4.625929269271486900E-16 ) ) ;
#1116 =( NAMED_UNIT ( * ) PLANE_ANGLE_UNIT ( ) SI_UNIT ( $, .RADIAN. ) );
#1117 = PRESENTATION_STYLE_ASSIGNMENT (( #756 ) ) ;
#1118 =( NAMED_UNIT ( * ) PLANE_ANGLE_UNIT ( ) SI_UNIT ( $, .RADIAN. ) );
#1119 = ORIENTED_EDGE ( 'NONE', *, *, #1161, .T. ) ;
#1120 = SURFACE_STYLE_USAGE ( .BOTH. , #6 ) ;
#1121 = EDGE_CURVE ( 'NONE', #125, #1435, #698, .T. ) ;
#1122 = SURFACE_STYLE_USAGE ( .BOTH. , #619 ) ;
#1123 =( NAMED_UNIT ( * ) PLANE_ANGLE_UNIT ( ) SI_UNIT ( $, .RADIAN. ) );
#1124 = ADVANCED_FACE ( 'NONE', ( #1554 ), #31, .F. ) ;
#1125 =( LENGTH_UNIT ( ) NAMED_UNIT ( * ) SI_UNIT ( .MILLI., .METRE. ) );
#1126 =( NAMED_UNIT ( * ) SI_UNIT ( $, .STERADIAN. ) SOLID_ANGLE_UNIT ( ) );
#1127 = MECHANICAL_DESIGN_GEOMETRIC_PRESENTATION_REPRESENTATION (  '', ( #957 ), #452 ) ;
#1128 = VECTOR ( 'NONE', #65, 1000.000000000000000 ) ;
#1129 = VECTOR ( 'NONE', #116, 1000.000000000000000 ) ;
#1130 = DIRECTION ( 'NONE',  ( -1.000000000000000000, 0.0000000000000000000, -0.0000000000000000000 ) ) ;
#1131 = UNCERTAINTY_MEASURE_WITH_UNIT (LENGTH_MEASURE( 1.000000000000000082E-05 ), #365, 'distance_accuracy_value', 'NONE');
#1132 = PLANE ( 'NONE',  #404 ) ;
#1133 = LINE ( 'NONE', #1260, #1320 ) ;
#1134 = DIRECTION ( 'NONE',  ( -1.000000000000000000, -0.0000000000000000000, -0.0000000000000000000 ) ) ;
#1135 = SURFACE_STYLE_FILL_AREA ( #599 ) ;
#1136 = VERTEX_POINT ( 'NONE', #295 ) ;
#1137 = ORIENTED_EDGE ( 'NONE', *, *, #816, .F. ) ;
#1138 = LINE ( 'NONE', #1079, #1194 ) ;
#1139 = SURFACE_SIDE_STYLE ('',( #777 ) ) ;
#1140 = DIRECTION ( 'NONE',  ( 0.0000000000000000000, 0.0000000000000000000, -1.000000000000000000 ) ) ;
#1141 = AXIS2_PLACEMENT_3D ( 'NONE', #312, #676, #323 ) ;
#1142 = STYLED_ITEM ( 'NONE', ( #600 ), #145 ) ;
#1143 =( NAMED_UNIT ( * ) SI_UNIT ( $, .STERADIAN. ) SOLID_ANGLE_UNIT ( ) );
#1144 = LINE ( 'NONE', #483, #129 ) ;
#1145 = DIRECTION ( 'NONE',  ( 0.0000000000000000000, 1.000000000000000000, 0.0000000000000000000 ) ) ;
#1146 = SURFACE_STYLE_FILL_AREA ( #574 ) ;
#1147 =( NAMED_UNIT ( * ) SI_UNIT ( $, .STERADIAN. ) SOLID_ANGLE_UNIT ( ) );
#1148 = MECHANICAL_DESIGN_GEOMETRIC_PRESENTATION_REPRESENTATION (  '', ( #548 ), #792 ) ;
#1149 = PRESENTATION_STYLE_ASSIGNMENT (( #1541 ) ) ;
#1150 = COLOUR_RGB ( '',0.9882352941176471006, 0.7372549019607843590, 0.5176470588235293491 ) ;
#1151 = EDGE_CURVE ( 'NONE', #433, #416, #552, .T. ) ;
#1152 = VECTOR ( 'NONE', #1321, 1000.000000000000000 ) ;
#1153 = COLOUR_RGB ( '',0.9882352941176471006, 0.7372549019607843590, 0.5176470588235293491 ) ;
#1154 = VECTOR ( 'NONE', #1215, 1000.000000000000000 ) ;
#1155 = ORIENTED_EDGE ( 'NONE', *, *, #868, .F. ) ;
#1156 = CARTESIAN_POINT ( 'NONE',  ( 5.000000000000000888, -1.199999999999999734, -2.000000000000000000 ) ) ;
#1157 = ORIENTED_EDGE ( 'NONE', *, *, #7, .T. ) ;
#1158 = MECHANICAL_DESIGN_GEOMETRIC_PRESENTATION_REPRESENTATION (  '', ( #410 ), #642 ) ;
#1159 = ORIENTED_EDGE ( 'NONE', *, *, #141, .F. ) ;
#1160 = CARTESIAN_POINT ( 'NONE',  ( -4.999999999999999112, 0.0000000000000000000, 0.0000000000000000000 ) ) ;
#1161 = EDGE_CURVE ( 'NONE', #1256, #1549, #649, .T. ) ;
#1162 = APPLICATION_CONTEXT ( 'automotive_design' ) ;
#1163 = FILL_AREA_STYLE_COLOUR ( '', #155 ) ;
#1164 = ORIENTED_EDGE ( 'NONE', *, *, #723, .F. ) ;
#1165 = FACE_OUTER_BOUND ( 'NONE', #640, .T. ) ;
#1166 = FILL_AREA_STYLE_COLOUR ( '', #35 ) ;
#1167 = PRESENTATION_LAYER_ASSIGNMENT (  '', '', ( #1271 ) ) ;
#1168 = SURFACE_STYLE_FILL_AREA ( #727 ) ;
#1169 = DIRECTION ( 'NONE',  ( -1.445602896647339163E-16, 0.0000000000000000000, -1.000000000000000000 ) ) ;
#1170 = PRESENTATION_LAYER_ASSIGNMENT (  '', '', ( #265 ) ) ;
#1171 = SURFACE_STYLE_USAGE ( .BOTH. , #189 ) ;
#1172 = LINE ( 'NONE', #722, #1518 ) ;
#1173 = EDGE_CURVE ( 'NONE', #1046, #416, #218, .T. ) ;
#1174 = ORIENTED_EDGE ( 'NONE', *, *, #733, .T. ) ;
#1175 = VERTEX_POINT ( 'NONE', #319 ) ;
#1176 = FILL_AREA_STYLE_COLOUR ( '', #968 ) ;
#1177 = ORIENTED_EDGE ( 'NONE', *, *, #625, .T. ) ;
#1178 =( NAMED_UNIT ( * ) SI_UNIT ( $, .STERADIAN. ) SOLID_ANGLE_UNIT ( ) );
#1179 = ORIENTED_EDGE ( 'NONE', *, *, #164, .F. ) ;
#1180 = CLOSED_SHELL ( 'NONE', ( #987, #243, #847, #1489, #1212, #386, #995, #484, #979, #604, #93, #494, #1352, #1221, #103, #502, #10, #376, #233, #1107, #1470, #869, #1234 ) ) ;
#1181 = PRESENTATION_LAYER_ASSIGNMENT (  '', '', ( #1016 ) ) ;
#1182 = UNCERTAINTY_MEASURE_WITH_UNIT (LENGTH_MEASURE( 1.000000000000000082E-05 ), #1543, 'distance_accuracy_value', 'NONE');
#1183 = DIRECTION ( 'NONE',  ( 1.000000000000000000, -0.0000000000000000000, -0.0000000000000000000 ) ) ;
#1184 = FILL_AREA_STYLE ('',( #1166 ) ) ;
#1185 = PRESENTATION_STYLE_ASSIGNMENT (( #1122 ) ) ;
#1186 = ORIENTED_EDGE ( 'NONE', *, *, #1173, .F. ) ;
#1187 = LINE ( 'NONE', #520, #1338 ) ;
#1188 = SURFACE_STYLE_USAGE ( .BOTH. , #945 ) ;
#1189 = PRODUCT ( 'PKLCS1212E4001-R1', 'PKLCS1212E4001-R1', '', ( #41 ) ) ;
#1190 = FILL_AREA_STYLE ('',( #1555 ) ) ;
#1191 = AXIS2_PLACEMENT_3D ( 'NONE', #611, #1106, #247 ) ;
#1192 = VECTOR ( 'NONE', #1570, 1000.000000000000000 ) ;
#1193 = ORIENTED_EDGE ( 'NONE', *, *, #172, .F. ) ;
#1194 = VECTOR ( 'NONE', #839, 1000.000000000000000 ) ;
#1195 = EDGE_CURVE ( 'NONE', #315, #182, #23, .T. ) ;
#1196 = EDGE_LOOP ( 'NONE', ( #912, #1579, #954, #1472 ) ) ;
#1197 = CARTESIAN_POINT ( 'NONE',  ( -3.200000000000000178, 0.6999999999999999556, -5.999999999999999112 ) ) ;
#1198 = DIRECTION ( 'NONE',  ( 0.0000000000000000000, -1.000000000000000000, 0.0000000000000000000 ) ) ;
#1199 = PRODUCT_DEFINITION ( 'UNKNOWN', '', #794, #200 ) ;
#1200 = EDGE_CURVE ( 'NONE', #183, #1054, #713, .T. ) ;
#1201 = ORIENTED_EDGE ( 'NONE', *, *, #553, .F. ) ;
#1202 = DIRECTION ( 'NONE',  ( 0.0000000000000000000, 0.0000000000000000000, -1.000000000000000000 ) ) ;
#1203 = CARTESIAN_POINT ( 'NONE',  ( 6.000000000000000888, 0.0000000000000000000, 0.0000000000000000000 ) ) ;
#1204 = LINE ( 'NONE', #478, #472 ) ;
#1205 = LINE ( 'NONE', #1376, #177 ) ;
#1206 = STYLED_ITEM ( 'NONE', ( #1149 ), #1107 ) ;
#1207 = ORIENTED_EDGE ( 'NONE', *, *, #1523, .T. ) ;
#1208 = SURFACE_SIDE_STYLE ('',( #1168 ) ) ;
#1209 = FILL_AREA_STYLE ('',( #1578 ) ) ;
#1210 = ORIENTED_EDGE ( 'NONE', *, *, #1083, .T. ) ;
#1211 = FILL_AREA_STYLE_COLOUR ( '', #443 ) ;
#1212 = ADVANCED_FACE ( 'NONE', ( #362 ), #922, .T. ) ;
#1213 = FILL_AREA_STYLE_COLOUR ( '', #20 ) ;
#1214 = SURFACE_STYLE_USAGE ( .BOTH. , #1602 ) ;
#1215 = DIRECTION ( 'NONE',  ( -1.000000000000000000, -0.0000000000000000000, -0.0000000000000000000 ) ) ;
#1216 = PLANE ( 'NONE',  #420 ) ;
#1217 = PRESENTATION_LAYER_ASSIGNMENT (  '', '', ( #1049 ) ) ;
#1218 = DIRECTION ( 'NONE',  ( -1.000000000000000000, 0.0000000000000000000, 1.445602896647339163E-16 ) ) ;
#1219 = MECHANICAL_DESIGN_GEOMETRIC_PRESENTATION_REPRESENTATION (  '', ( #1142 ), #865 ) ;
#1220 = CARTESIAN_POINT ( 'NONE',  ( -5.999999999999999112, 0.0000000000000000000, -2.000000000000000000 ) ) ;
#1221 = ADVANCED_FACE ( 'NONE', ( #1085 ), #805, .T. ) ;
#1222 = CARTESIAN_POINT ( 'NONE',  ( -4.999999999999999112, 1.199999999999999956, 2.000000000000000000 ) ) ;
#1223 = ORIENTED_EDGE ( 'NONE', *, *, #1565, .F. ) ;
#1224 = FILL_AREA_STYLE_COLOUR ( '', #1069 ) ;
#1225 = CARTESIAN_POINT ( 'NONE',  ( -1.057097118173366823E-15, 0.0000000000000000000, -3.899999999999999911 ) ) ;
#1226 = STYLED_ITEM ( 'NONE', ( #570 ), #243 ) ;
#1227 = PRESENTATION_STYLE_ASSIGNMENT (( #301 ) ) ;
#1228 = VECTOR ( 'NONE', #675, 1000.000000000000000 ) ;
#1229 = DIRECTION ( 'NONE',  ( 1.212594535016682604E-16, -1.000000000000000000, 0.0000000000000000000 ) ) ;
#1230 = FILL_AREA_STYLE ('',( #736 ) ) ;
#1231 =( LENGTH_UNIT ( ) NAMED_UNIT ( * ) SI_UNIT ( .MILLI., .METRE. ) );
#1232 = UNCERTAINTY_MEASURE_WITH_UNIT (LENGTH_MEASURE( 1.000000000000000082E-05 ), #1231, 'distance_accuracy_value', 'NONE');
#1233 = CARTESIAN_POINT ( 'NONE',  ( 0.0000000000000000000, 0.0000000000000000000, 2.000000000000000000 ) ) ;
#1234 = ADVANCED_FACE ( 'NONE', ( #1383 ), #815, .F. ) ;
#1235 = AXIS2_PLACEMENT_3D ( 'NONE', #540, #1535, #424 ) ;
#1236 = ORIENTED_EDGE ( 'NONE', *, *, #400, .T. ) ;
#1237 = CARTESIAN_POINT ( 'NONE',  ( 5.000000000000000888, 0.0000000000000000000, 0.0000000000000000000 ) ) ;
#1238 = EDGE_CURVE ( 'NONE', #994, #1298, #518, .T. ) ;
#1239 = PLANE ( 'NONE',  #1417 ) ;
#1240 = VERTEX_POINT ( 'NONE', #1433 ) ;
#1241 = CARTESIAN_POINT ( 'NONE',  ( 6.000000000000000888, 0.0000000000000000000, -2.000000000000000000 ) ) ;
#1242 = CARTESIAN_POINT ( 'NONE',  ( -4.999999999999999112, 0.0000000000000000000, 2.000000000000000000 ) ) ;
#1243 = PRESENTATION_LAYER_ASSIGNMENT (  '', '', ( #1071 ) ) ;
#1244 = VERTEX_POINT ( 'NONE', #801 ) ;
#1245 = PLANE ( 'NONE',  #563 ) ;
#1246 = CARTESIAN_POINT ( 'NONE',  ( -3.199999999999999734, -0.6999999999999999556, -3.899999999999999023 ) ) ;
#1247 = STYLED_ITEM ( 'NONE', ( #432 ), #10 ) ;
#1248 = FACE_OUTER_BOUND ( 'NONE', #70, .T. ) ;
#1249 = SURFACE_STYLE_FILL_AREA ( #419 ) ;
#1250 = CARTESIAN_POINT ( 'NONE',  ( 5.000000000000000888, 0.0000000000000000000, 2.000000000000000000 ) ) ;
#1251 = VECTOR ( 'NONE', #83, 1000.000000000000000 ) ;
#1252 = UNCERTAINTY_MEASURE_WITH_UNIT (LENGTH_MEASURE( 1.000000000000000082E-05 ), #641, 'distance_accuracy_value', 'NONE');
#1253 = CARTESIAN_POINT ( 'NONE',  ( 6.000000000000000888, 3.000000000000000000, 5.999999999999999112 ) ) ;
#1254 = SURFACE_SIDE_STYLE ('',( #1366 ) ) ;
#1255 = VERTEX_POINT ( 'NONE', #311 ) ;
#1256 = VERTEX_POINT ( 'NONE', #562 ) ;
#1257 = DIRECTION ( 'NONE',  ( 0.0000000000000000000, 0.0000000000000000000, 1.000000000000000000 ) ) ;
#1258 =( LENGTH_UNIT ( ) NAMED_UNIT ( * ) SI_UNIT ( .MILLI., .METRE. ) );
#1259 = EDGE_CURVE ( 'NONE', #308, #315, #139, .T. ) ;
#1260 = CARTESIAN_POINT ( 'NONE',  ( 5.000000000000000888, 1.199999999999999956, -2.000000000000000000 ) ) ;
#1261 = VERTEX_POINT ( 'NONE', #73 ) ;
#1262 = CARTESIAN_POINT ( 'NONE',  ( 6.000000000000000888, 0.0000000000000000000, -2.000000000000000000 ) ) ;
#1263 = ORIENTED_EDGE ( 'NONE', *, *, #441, .T. ) ;
#1264 = AXIS2_PLACEMENT_3D ( 'NONE', #884, #532, #1020 ) ;
#1265 = COLOUR_RGB ( '',0.2509803921568627416, 0.2509803921568627416, 0.2509803921568627416 ) ;
#1266 = SURFACE_SIDE_STYLE ('',( #240 ) ) ;
#1267 = VECTOR ( 'NONE', #967, 1000.000000000000000 ) ;
#1268 = LINE ( 'NONE', #1030, #76 ) ;
#1269 = VECTOR ( 'NONE', #555, 1000.000000000000000 ) ;
#1270 = ORIENTED_EDGE ( 'NONE', *, *, #639, .T. ) ;
#1271 = STYLED_ITEM ( 'NONE', ( #1547 ), #594 ) ;
#1272 = ORIENTED_EDGE ( 'NONE', *, *, #293, .T. ) ;
#1273 = PRODUCT_RELATED_PRODUCT_CATEGORY ( 'part', '', ( #1189 ) ) ;
#1274 = PRESENTATION_LAYER_ASSIGNMENT (  '', '', ( #1494 ) ) ;
#1275 = SURFACE_STYLE_USAGE ( .BOTH. , #1399 ) ;
#1276 = VERTEX_POINT ( 'NONE', #1294 ) ;
#1277 = SURFACE_STYLE_FILL_AREA ( #111 ) ;
#1278 = VERTEX_POINT ( 'NONE', #425 ) ;
#1279 = APPLICATION_CONTEXT ( 'automotive_design' ) ;
#1280 = LINE ( 'NONE', #1156, #91 ) ;
#1281 = FILL_AREA_STYLE ('',( #181 ) ) ;
#1282 = AXIS2_PLACEMENT_3D ( 'NONE', #456, #845, #1589 ) ;
#1283 = VECTOR ( 'NONE', #695, 1000.000000000000000 ) ;
#1284 = EDGE_CURVE ( 'NONE', #1175, #1096, #950, .T. ) ;
#1285 = FACE_OUTER_BOUND ( 'NONE', #1436, .T. ) ;
#1286 = DIRECTION ( 'NONE',  ( -0.0000000000000000000, 1.000000000000000000, 0.0000000000000000000 ) ) ;
#1287 =( LENGTH_UNIT ( ) NAMED_UNIT ( * ) SI_UNIT ( .MILLI., .METRE. ) );
#1288 = ORIENTED_EDGE ( 'NONE', *, *, #351, .T. ) ;
#1289 = ORIENTED_EDGE ( 'NONE', *, *, #1421, .F. ) ;
#1290 = CARTESIAN_POINT ( 'NONE',  ( 6.000000000000000888, 1.199999999999999956, 2.000000000000000000 ) ) ;
#1291 = STYLED_ITEM ( 'NONE', ( #1227 ), #1124 ) ;
#1292 = ORIENTED_EDGE ( 'NONE', *, *, #671, .F. ) ;
#1293 =( NAMED_UNIT ( * ) PLANE_ANGLE_UNIT ( ) SI_UNIT ( $, .RADIAN. ) );
#1294 = CARTESIAN_POINT ( 'NONE',  ( 3.200000000000000178, 0.0000000000000000000, -6.000000000000000888 ) ) ;
#1295 = FILL_AREA_STYLE_COLOUR ( '', #833 ) ;
#1296 = MANIFOLD_SOLID_BREP ( 'Chamfer1', #1180 ) ;
#1297 = DIRECTION ( 'NONE',  ( 0.0000000000000000000, 0.0000000000000000000, 1.000000000000000000 ) ) ;
#1298 = VERTEX_POINT ( 'NONE', #577 ) ;
#1299 = STYLED_ITEM ( 'NONE', ( #1592 ), #386 ) ;
#1300 = VECTOR ( 'NONE', #849, 1000.000000000000000 ) ;
#1301 = COLOUR_RGB ( '',0.2509803921568627416, 0.2509803921568627416, 0.2509803921568627416 ) ;
#1302 = SURFACE_STYLE_FILL_AREA ( #1580 ) ;
#1303 = AXIS2_PLACEMENT_3D ( 'NONE', #1583, #961, #1086 ) ;
#1304 = ORIENTED_EDGE ( 'NONE', *, *, #915, .T. ) ;
#1305 = CARTESIAN_POINT ( 'NONE',  ( 5.000000000000000888, 0.0000000000000000000, 0.0000000000000000000 ) ) ;
#1306 = CARTESIAN_POINT ( 'NONE',  ( -4.999999999999999112, 0.0000000000000000000, 0.0000000000000000000 ) ) ;
#1307 = DIRECTION ( 'NONE',  ( -0.0000000000000000000, -1.000000000000000000, -0.0000000000000000000 ) ) ;
#1308 = EDGE_LOOP ( 'NONE', ( #1270, #1075, #1326, #982 ) ) ;
#1309 = FILL_AREA_STYLE ('',( #1295 ) ) ;
#1310 = STYLED_ITEM ( 'NONE', ( #551 ), #979 ) ;
#1311 = DIRECTION ( 'NONE',  ( -1.000000000000000000, 0.0000000000000000000, 0.0000000000000000000 ) ) ;
#1312 = CARTESIAN_POINT ( 'NONE',  ( -5.999999999999999112, 0.0000000000000000000, 2.000000000000000000 ) ) ;
#1313 = EDGE_CURVE ( 'NONE', #1261, #1046, #115, .T. ) ;
#1314 = CLOSED_SHELL ( 'NONE', ( #1361, #1596, #1343, #1480, #1454, #594 ) ) ;
#1315 =( NAMED_UNIT ( * ) PLANE_ANGLE_UNIT ( ) SI_UNIT ( $, .RADIAN. ) );
#1316 = COLOUR_RGB ( '',0.2509803921568627416, 0.2509803921568627416, 0.2509803921568627416 ) ;
#1317 = SURFACE_SIDE_STYLE ('',( #448 ) ) ;
#1318 =( GEOMETRIC_REPRESENTATION_CONTEXT ( 3 ) GLOBAL_UNCERTAINTY_ASSIGNED_CONTEXT ( ( #1131 ) ) GLOBAL_UNIT_ASSIGNED_CONTEXT ( ( #365, #1585, #375 ) ) REPRESENTATION_CONTEXT ( 'NONE', 'WORKASPACE' ) );
#1319 = LINE ( 'NONE', #710, #1152 ) ;
#1320 = VECTOR ( 'NONE', #13, 1000.000000000000000 ) ;
#1321 = DIRECTION ( 'NONE',  ( 1.000000000000000000, -0.0000000000000000000, -0.0000000000000000000 ) ) ;
#1322 = DIRECTION ( 'NONE',  ( -1.000000000000000000, -0.0000000000000000000, -0.0000000000000000000 ) ) ;
#1323 = ORIENTED_EDGE ( 'NONE', *, *, #64, .T. ) ;
#1324 = ORIENTED_EDGE ( 'NONE', *, *, #1482, .F. ) ;
#1325 = EDGE_CURVE ( 'NONE', #305, #541, #1556, .T. ) ;
#1326 = ORIENTED_EDGE ( 'NONE', *, *, #946, .F. ) ;
#1327 = DIRECTION ( 'NONE',  ( -1.000000000000000000, 0.0000000000000000000, 1.445602896647339163E-16 ) ) ;
#1328 = EDGE_LOOP ( 'NONE', ( #890, #1560, #1360, #843 ) ) ;
#1329 = CARTESIAN_POINT ( 'NONE',  ( 5.000000000000000888, 1.199999999999999956, 2.000000000000000000 ) ) ;
#1330 = MECHANICAL_DESIGN_GEOMETRIC_PRESENTATION_REPRESENTATION (  '', ( #1271 ), #607 ) ;
#1331 = CARTESIAN_POINT ( 'NONE',  ( -4.999999999999999112, 0.0000000000000000000, -2.000000000000000000 ) ) ;
#1332 = PRESENTATION_LAYER_ASSIGNMENT (  '', '', ( #620 ) ) ;
#1333 = CARTESIAN_POINT ( 'NONE',  ( -3.200000000000000178, 0.0000000000000000000, -5.999999999999999112 ) ) ;
#1334 = DIRECTION ( 'NONE',  ( 0.0000000000000000000, 1.000000000000000000, 0.0000000000000000000 ) ) ;
#1335 = PLANE ( 'NONE',  #314 ) ;
#1336 = EDGE_CURVE ( 'NONE', #1244, #1054, #1397, .T. ) ;
#1337 = ORIENTED_EDGE ( 'NONE', *, *, #573, .T. ) ;
#1338 = VECTOR ( 'NONE', #743, 999.9999999999998863 ) ;
#1339 = SURFACE_STYLE_USAGE ( .BOTH. , #469 ) ;
#1340 = FILL_AREA_STYLE ('',( #249 ) ) ;
#1341 = DIRECTION ( 'NONE',  ( 0.0000000000000000000, 0.0000000000000000000, -1.000000000000000000 ) ) ;
#1342 = FACE_OUTER_BOUND ( 'NONE', #617, .T. ) ;
#1343 = ADVANCED_FACE ( 'NONE', ( #893 ), #572, .F. ) ;
#1344 = CARTESIAN_POINT ( 'NONE',  ( -5.999999999999999112, 1.199999999999999956, -2.000000000000000000 ) ) ;
#1345 = PRESENTATION_LAYER_ASSIGNMENT (  '', '', ( #1206 ) ) ;
#1346 = ORIENTED_EDGE ( 'NONE', *, *, #513, .F. ) ;
#1347 = PRODUCT_DEFINITION ( 'UNKNOWN', '', #768, #1573 ) ;
#1348 = ORIENTED_EDGE ( 'NONE', *, *, #553, .T. ) ;
#1349 = VECTOR ( 'NONE', #355, 1000.000000000000000 ) ;
#1350 = UNCERTAINTY_MEASURE_WITH_UNIT (LENGTH_MEASURE( 1.000000000000000082E-05 ), #132, 'distance_accuracy_value', 'NONE');
#1351 = CARTESIAN_POINT ( 'NONE',  ( 5.000000000000000888, 1.199999999999999956, -2.000000000000000000 ) ) ;
#1352 = ADVANCED_FACE ( 'NONE', ( #157 ), #320, .F. ) ;
#1353 =( NAMED_UNIT ( * ) PLANE_ANGLE_UNIT ( ) SI_UNIT ( $, .RADIAN. ) );
#1354 = AXIS2_PLACEMENT_3D ( 'NONE', #810, #1413, #1538 ) ;
#1355 = LINE ( 'NONE', #1000, #1412 ) ;
#1356 = DIRECTION ( 'NONE',  ( 0.0000000000000000000, 1.000000000000000000, 0.0000000000000000000 ) ) ;
#1357 = VERTEX_POINT ( 'NONE', #1059 ) ;
#1358 =( LENGTH_UNIT ( ) NAMED_UNIT ( * ) SI_UNIT ( .MILLI., .METRE. ) );
#1359 = STYLED_ITEM ( 'NONE', ( #779 ), #370 ) ;
#1360 = ORIENTED_EDGE ( 'NONE', *, *, #231, .F. ) ;
#1361 = ADVANCED_FACE ( 'NONE', ( #1599 ), #1216, .F. ) ;
#1362 =( NAMED_UNIT ( * ) SI_UNIT ( $, .STERADIAN. ) SOLID_ANGLE_UNIT ( ) );
#1363 = LINE ( 'NONE', #211, #1457 ) ;
#1364 = LINE ( 'NONE', #1496, #322 ) ;
#1365 = SURFACE_SIDE_STYLE ('',( #1302 ) ) ;
#1366 = SURFACE_STYLE_FILL_AREA ( #255 ) ;
#1367 = MECHANICAL_DESIGN_GEOMETRIC_PRESENTATION_REPRESENTATION (  '', ( #1051 ), #439 ) ;
#1368 = ORIENTED_EDGE ( 'NONE', *, *, #405, .T. ) ;
#1369 = UNCERTAINTY_MEASURE_WITH_UNIT (LENGTH_MEASURE( 1.000000000000000082E-05 ), #353, 'distance_accuracy_value', 'NONE');
#1370 = FILL_AREA_STYLE ('',( #872 ) ) ;
#1371 = DIRECTION ( 'NONE',  ( 0.0000000000000000000, 0.0000000000000000000, 1.000000000000000000 ) ) ;
#1372 = EDGE_CURVE ( 'NONE', #308, #994, #877, .T. ) ;
#1373 = CARTESIAN_POINT ( 'NONE',  ( -3.199999999999999289, 0.0000000000000000000, 4.625929269271484928E-16 ) ) ;
#1374 = CARTESIAN_POINT ( 'NONE',  ( -3.199999999999999734, 0.6999999999999999556, -3.899999999999999023 ) ) ;
#1375 = PLANE ( 'NONE',  #307 ) ;
#1376 = CARTESIAN_POINT ( 'NONE',  ( -5.999999999999999112, 1.199999999999999956, -2.000000000000000000 ) ) ;
#1377 = MECHANICAL_DESIGN_GEOMETRIC_PRESENTATION_REPRESENTATION (  '', ( #1291 ), #62 ) ;
#1378 = VECTOR ( 'NONE', #1473, 1000.000000000000000 ) ;
#1379 = EDGE_LOOP ( 'NONE', ( #1119, #1164, #1346, #1005 ) ) ;
#1380 = SURFACE_STYLE_USAGE ( .BOTH. , #636 ) ;
#1381 =( NAMED_UNIT ( * ) SI_UNIT ( $, .STERADIAN. ) SOLID_ANGLE_UNIT ( ) );
#1382 = LINE ( 'NONE', #1115, #361 ) ;
#1383 = FACE_OUTER_BOUND ( 'NONE', #167, .T. ) ;
#1384 = COLOUR_RGB ( '',0.2509803921568627416, 0.2509803921568627416, 0.2509803921568627416 ) ;
#1385 = CARTESIAN_POINT ( 'NONE',  ( 0.0000000000000000000, 0.0000000000000000000, 0.0000000000000000000 ) ) ;
#1386 = ORIENTED_EDGE ( 'NONE', *, *, #441, .F. ) ;
#1387 = ORIENTED_EDGE ( 'NONE', *, *, #340, .F. ) ;
#1388 = CARTESIAN_POINT ( 'NONE',  ( -0.9499999999999995115, 1.000000000000000666, 6.000000000000000000 ) ) ;
#1389 = EDGE_CURVE ( 'NONE', #444, #308, #895, .T. ) ;
#1390 = SURFACE_STYLE_USAGE ( .BOTH. , #631 ) ;
#1391 = SURFACE_SIDE_STYLE ('',( #709 ) ) ;
#1392 = MECHANICAL_DESIGN_GEOMETRIC_PRESENTATION_REPRESENTATION (  '', ( #1310 ), #894 ) ;
#1393 = UNCERTAINTY_MEASURE_WITH_UNIT (LENGTH_MEASURE( 1.000000000000000082E-05 ), #159, 'distance_accuracy_value', 'NONE');
#1394 = EDGE_CURVE ( 'NONE', #994, #182, #98, .T. ) ;
#1395 = FILL_AREA_STYLE ('',( #30 ) ) ;
#1396 = COLOUR_RGB ( '',0.9882352941176471006, 0.7372549019607843590, 0.5176470588235293491 ) ;
#1397 = LINE ( 'NONE', #687, #608 ) ;
#1398 =( NAMED_UNIT ( * ) PLANE_ANGLE_UNIT ( ) SI_UNIT ( $, .RADIAN. ) );
#1399 = SURFACE_SIDE_STYLE ('',( #298 ) ) ;
#1400 = LINE ( 'NONE', #1329, #1192 ) ;
#1401 = VECTOR ( 'NONE', #651, 1000.000000000000000 ) ;
#1402 = LINE ( 'NONE', #490, #80 ) ;
#1403 = VECTOR ( 'NONE', #217, 1000.000000000000000 ) ;
#1404 = DIRECTION ( 'NONE',  ( -1.000000000000000000, 0.0000000000000000000, -0.0000000000000000000 ) ) ;
#1405 = MECHANICAL_DESIGN_GEOMETRIC_PRESENTATION_REPRESENTATION (  '', ( #1359 ), #1582 ) ;
#1406 = PLANE ( 'NONE',  #273 ) ;
#1407 = ORIENTED_EDGE ( 'NONE', *, *, #467, .T. ) ;
#1408 = CARTESIAN_POINT ( 'NONE',  ( -4.999999999999999112, 1.199999999999999956, -2.000000000000000000 ) ) ;
#1409 = EDGE_CURVE ( 'NONE', #426, #389, #952, .T. ) ;
#1410 =( LENGTH_UNIT ( ) NAMED_UNIT ( * ) SI_UNIT ( .MILLI., .METRE. ) );
#1411 =( NAMED_UNIT ( * ) SI_UNIT ( $, .STERADIAN. ) SOLID_ANGLE_UNIT ( ) );
#1412 = VECTOR ( 'NONE', #372, 1000.000000000000000 ) ;
#1413 = DIRECTION ( 'NONE',  ( -1.000000000000000000, 0.0000000000000000000, 0.0000000000000000000 ) ) ;
#1414 = PRESENTATION_LAYER_ASSIGNMENT (  '', '', ( #852 ) ) ;
#1415 = UNCERTAINTY_MEASURE_WITH_UNIT (LENGTH_MEASURE( 1.000000000000000082E-05 ), #140, 'distance_accuracy_value', 'NONE');
#1416 =( NAMED_UNIT ( * ) SI_UNIT ( $, .STERADIAN. ) SOLID_ANGLE_UNIT ( ) );
#1417 = AXIS2_PLACEMENT_3D ( 'NONE', #980, #1487, #366 ) ;
#1418 =( NAMED_UNIT ( * ) SI_UNIT ( $, .STERADIAN. ) SOLID_ANGLE_UNIT ( ) );
#1419 = LINE ( 'NONE', #254, #94 ) ;
#1420 = PRESENTATION_STYLE_ASSIGNMENT (( #1188 ) ) ;
#1421 = EDGE_CURVE ( 'NONE', #624, #1244, #1172, .T. ) ;
#1422 = LINE ( 'NONE', #581, #740 ) ;
#1423 = VECTOR ( 'NONE', #525, 1000.000000000000000 ) ;
#1424 = SURFACE_STYLE_USAGE ( .BOTH. , #184 ) ;
#1425 = SURFACE_STYLE_FILL_AREA ( #1063 ) ;
#1426 = CARTESIAN_POINT ( 'NONE',  ( 0.0000000000000000000, 0.0000000000000000000, 0.0000000000000000000 ) ) ;
#1427 =( NAMED_UNIT ( * ) PLANE_ANGLE_UNIT ( ) SI_UNIT ( $, .RADIAN. ) );
#1428 = EDGE_LOOP ( 'NONE', ( #174, #142, #1193, #165 ) ) ;
#1429 = FACE_OUTER_BOUND ( 'NONE', #191, .T. ) ;
#1430 = VERTEX_POINT ( 'NONE', #214 ) ;
#1431 =( GEOMETRIC_REPRESENTATION_CONTEXT ( 3 ) GLOBAL_UNCERTAINTY_ASSIGNED_CONTEXT ( ( #1077 ) ) GLOBAL_UNIT_ASSIGNED_CONTEXT ( ( #170, #1293, #1147 ) ) REPRESENTATION_CONTEXT ( 'NONE', 'WORKASPACE' ) );
#1432 = FILL_AREA_STYLE_COLOUR ( '', #1015 ) ;
#1433 = CARTESIAN_POINT ( 'NONE',  ( 6.000000000000000888, 1.199999999999999956, -2.000000000000000000 ) ) ;
#1434 = ORIENTED_EDGE ( 'NONE', *, *, #573, .F. ) ;
#1435 = VERTEX_POINT ( 'NONE', #354 ) ;
#1436 = EDGE_LOOP ( 'NONE', ( #880, #1337, #660, #1210 ) ) ;
#1437 = SURFACE_SIDE_STYLE ('',( #1146 ) ) ;
#1438 = PRESENTATION_LAYER_ASSIGNMENT (  '', '', ( #1022 ) ) ;
#1439 =( LENGTH_UNIT ( ) NAMED_UNIT ( * ) SI_UNIT ( .MILLI., .METRE. ) );
#1440 = VECTOR ( 'NONE', #493, 1000.000000000000000 ) ;
#1441 = FILL_AREA_STYLE ('',( #1045 ) ) ;
#1442 = VECTOR ( 'NONE', #82, 1000.000000000000000 ) ;
#1443 = SURFACE_STYLE_FILL_AREA ( #1525 ) ;
#1444 = EDGE_CURVE ( 'NONE', #657, #1256, #59, .T. ) ;
#1445 = LINE ( 'NONE', #1587, #742 ) ;
#1446 = FILL_AREA_STYLE_COLOUR ( '', #364 ) ;
#1447 = CARTESIAN_POINT ( 'NONE',  ( 6.000000000000000888, 1.199999999999999956, 2.000000000000000000 ) ) ;
#1448 = ORIENTED_EDGE ( 'NONE', *, *, #1394, .F. ) ;
#1449 =( NAMED_UNIT ( * ) SI_UNIT ( $, .STERADIAN. ) SOLID_ANGLE_UNIT ( ) );
#1450 =( LENGTH_UNIT ( ) NAMED_UNIT ( * ) SI_UNIT ( .MILLI., .METRE. ) );
#1451 = EDGE_CURVE ( 'NONE', #593, #125, #303, .T. ) ;
#1452 = DIRECTION ( 'NONE',  ( 0.0000000000000000000, 1.000000000000000000, 0.0000000000000000000 ) ) ;
#1453 = SURFACE_STYLE_USAGE ( .BOTH. , #827 ) ;
#1454 = ADVANCED_FACE ( 'NONE', ( #766 ), #836, .T. ) ;
#1455 = COLOUR_RGB ( '',0.2509803921568627416, 0.2509803921568627416, 0.2509803921568627416 ) ;
#1456 = PLANE ( 'NONE',  #1303 ) ;
#1457 = VECTOR ( 'NONE', #1452, 1000.000000000000000 ) ;
#1458 = FACE_OUTER_BOUND ( 'NONE', #1196, .T. ) ;
#1459 = VECTOR ( 'NONE', #681, 1000.000000000000000 ) ;
#1460 = VECTOR ( 'NONE', #1198, 1000.000000000000000 ) ;
#1461 = FILL_AREA_STYLE_COLOUR ( '', #1576 ) ;
#1462 = ORIENTED_EDGE ( 'NONE', *, *, #1598, .T. ) ;
#1463 = CARTESIAN_POINT ( 'NONE',  ( 6.000000000000000888, 3.000000000000000000, -6.000000000000000888 ) ) ;
#1464 = CARTESIAN_POINT ( 'NONE',  ( 6.000000000000000888, 1.199999999999999956, -2.000000000000000000 ) ) ;
#1465 = UNCERTAINTY_MEASURE_WITH_UNIT (LENGTH_MEASURE( 1.000000000000000082E-05 ), #1125, 'distance_accuracy_value', 'NONE');
#1466 = AXIS2_PLACEMENT_3D ( 'NONE', #956, #352, #714 ) ;
#1467 = STYLED_ITEM ( 'NONE', ( #975 ), #1296 ) ;
#1468 = DIRECTION ( 'NONE',  ( 0.0000000000000000000, 0.0000000000000000000, 1.000000000000000000 ) ) ;
#1469 = MECHANICAL_DESIGN_GEOMETRIC_PRESENTATION_REPRESENTATION (  '', ( #1226 ), #194 ) ;
#1470 = ADVANCED_FACE ( 'NONE', ( #683 ), #1335, .F. ) ;
#1471 = ORIENTED_EDGE ( 'NONE', *, *, #1598, .F. ) ;
#1472 = ORIENTED_EDGE ( 'NONE', *, *, #1590, .F. ) ;
#1473 = DIRECTION ( 'NONE',  ( 1.000000000000000000, 0.0000000000000000000, -0.0000000000000000000 ) ) ;
#1474 = FACE_BOUND ( 'NONE', #1428, .T. ) ;
#1475 = FACE_OUTER_BOUND ( 'NONE', #935, .T. ) ;
#1476 = VECTOR ( 'NONE', #1603, 1000.000000000000000 ) ;
#1477 =( GEOMETRIC_REPRESENTATION_CONTEXT ( 3 ) GLOBAL_UNCERTAINTY_ASSIGNED_CONTEXT ( ( #1465 ) ) GLOBAL_UNIT_ASSIGNED_CONTEXT ( ( #1125, #618, #510 ) ) REPRESENTATION_CONTEXT ( 'NONE', 'WORKASPACE' ) );
#1478 = ORIENTED_EDGE ( 'NONE', *, *, #985, .T. ) ;
#1479 = DIRECTION ( 'NONE',  ( -1.000000000000000000, 0.0000000000000000000, 0.0000000000000000000 ) ) ;
#1480 = ADVANCED_FACE ( 'NONE', ( #622 ), #1493, .F. ) ;
#1481 =( NAMED_UNIT ( * ) SI_UNIT ( $, .STERADIAN. ) SOLID_ANGLE_UNIT ( ) );
#1482 = EDGE_CURVE ( 'NONE', #938, #223, #1514, .T. ) ;
#1483 = DIRECTION ( 'NONE',  ( 0.0000000000000000000, 0.0000000000000000000, -1.000000000000000000 ) ) ;
#1484 = DIRECTION ( 'NONE',  ( 1.000000000000000000, 0.0000000000000000000, 0.0000000000000000000 ) ) ;
#1485 = SURFACE_SIDE_STYLE ('',( #162 ) ) ;
#1486 = ORIENTED_EDGE ( 'NONE', *, *, #868, .T. ) ;
#1487 = DIRECTION ( 'NONE',  ( 1.445602896647339163E-16, -0.0000000000000000000, 1.000000000000000000 ) ) ;
#1488 = MECHANICAL_DESIGN_GEOMETRIC_PRESENTATION_REPRESENTATION (  '', ( #1299 ), #396 ) ;
#1489 = ADVANCED_FACE ( 'NONE', ( #1527 ), #1239, .F. ) ;
#1490 =( NAMED_UNIT ( * ) SI_UNIT ( $, .STERADIAN. ) SOLID_ANGLE_UNIT ( ) );
#1491 = SURFACE_STYLE_FILL_AREA ( #471 ) ;
#1492 = SURFACE_SIDE_STYLE ('',( #3 ) ) ;
#1493 = PLANE ( 'NONE',  #507 ) ;
#1494 = STYLED_ITEM ( 'NONE', ( #822 ), #93 ) ;
#1495 = VERTEX_POINT ( 'NONE', #119 ) ;
#1496 = CARTESIAN_POINT ( 'NONE',  ( -4.999999999999999112, 0.0000000000000000000, 2.000000000000000000 ) ) ;
#1497 = SURFACE_STYLE_FILL_AREA ( #1190 ) ;
#1498 = VECTOR ( 'NONE', #988, 1000.000000000000000 ) ;
#1499 = DIRECTION ( 'NONE',  ( -1.000000000000000000, 0.0000000000000000000, 0.0000000000000000000 ) ) ;
#1500 = FILL_AREA_STYLE_COLOUR ( '', #542 ) ;
#1501 = PRESENTATION_STYLE_ASSIGNMENT (( #380 ) ) ;
#1502 = PRESENTATION_LAYER_ASSIGNMENT (  '', '', ( #883 ) ) ;
#1503 = SURFACE_STYLE_FILL_AREA ( #326 ) ;
#1504 = PRODUCT_DEFINITION_SHAPE ( 'NONE', 'NONE',  #1199 ) ;
#1505 = DIRECTION ( 'NONE',  ( 0.0000000000000000000, -1.000000000000000000, 0.0000000000000000000 ) ) ;
#1506 = VECTOR ( 'NONE', #699, 1000.000000000000000 ) ;
#1507 = MECHANICAL_DESIGN_GEOMETRIC_PRESENTATION_REPRESENTATION (  '', ( #783 ), #52 ) ;
#1508 = VERTEX_POINT ( 'NONE', #1351 ) ;
#1509 = LINE ( 'NONE', #1070, #1349 ) ;
#1510 = FILL_AREA_STYLE_COLOUR ( '', #40 ) ;
#1511 = EDGE_CURVE ( 'NONE', #151, #498, #1144, .T. ) ;
#1512 = CARTESIAN_POINT ( 'NONE',  ( 6.000000000000000888, 1.199999999999999956, -2.000000000000000000 ) ) ;
#1513 = STYLED_ITEM ( 'NONE', ( #324 ), #1221 ) ;
#1514 = LINE ( 'NONE', #1225, #487 ) ;
#1515 = EDGE_LOOP ( 'NONE', ( #769, #1386, #269, #807 ) ) ;
#1516 = UNCERTAINTY_MEASURE_WITH_UNIT (LENGTH_MEASURE( 1.000000000000000082E-05 ), #916, 'distance_accuracy_value', 'NONE');
#1517 = COLOUR_RGB ( '',0.2509803921568627416, 0.2509803921568627416, 0.2509803921568627416 ) ;
#1518 = VECTOR ( 'NONE', #1322, 1000.000000000000000 ) ;
#1519 = CARTESIAN_POINT ( 'NONE',  ( -5.999999999999999112, 0.0000000000000000000, 2.000000000000000000 ) ) ;
#1520 = LINE ( 'NONE', #1090, #476 ) ;
#1521 = VECTOR ( 'NONE', #1202, 1000.000000000000000 ) ;
#1522 =( NAMED_UNIT ( * ) PLANE_ANGLE_UNIT ( ) SI_UNIT ( $, .RADIAN. ) );
#1523 = EDGE_CURVE ( 'NONE', #416, #1276, #1355, .T. ) ;
#1524 = SURFACE_STYLE_USAGE ( .BOTH. , #543 ) ;
#1525 = FILL_AREA_STYLE ('',( #411 ) ) ;
#1526 = APPLICATION_PROTOCOL_DEFINITION ( 'draft international standard', 'automotive_design', 1998, #1279 ) ;
#1527 = FACE_OUTER_BOUND ( 'NONE', #962, .T. ) ;
#1528 = STYLED_ITEM ( 'NONE', ( #856 ), #1352 ) ;
#1529 = ORIENTED_EDGE ( 'NONE', *, *, #1409, .T. ) ;
#1530 = SURFACE_STYLE_FILL_AREA ( #627 ) ;
#1531 = EDGE_CURVE ( 'NONE', #1136, #315, #259, .T. ) ;
#1532 = COLOUR_RGB ( '',0.2509803921568627416, 0.2509803921568627416, 0.2509803921568627416 ) ;
#1533 = DIRECTION ( 'NONE',  ( 1.022195611122244372E-16, -0.7071067811865510144, 0.7071067811865441310 ) ) ;
#1534 = UNCERTAINTY_MEASURE_WITH_UNIT (LENGTH_MEASURE( 1.000000000000000082E-05 ), #964, 'distance_accuracy_value', 'NONE');
#1535 = DIRECTION ( 'NONE',  ( 0.0000000000000000000, 1.000000000000000000, -0.0000000000000000000 ) ) ;
#1536 = ORIENTED_EDGE ( 'NONE', *, *, #268, .T. ) ;
#1537 = ORIENTED_EDGE ( 'NONE', *, *, #1001, .F. ) ;
#1538 = DIRECTION ( 'NONE',  ( 0.0000000000000000000, 0.0000000000000000000, 1.000000000000000000 ) ) ;
#1539 = MECHANICAL_DESIGN_GEOMETRIC_PRESENTATION_REPRESENTATION (  '', ( #1594 ), #179 ) ;
#1540 = DIRECTION ( 'NONE',  ( 0.0000000000000000000, 0.0000000000000000000, 1.000000000000000000 ) ) ;
#1541 = SURFACE_STYLE_USAGE ( .BOTH. , #175 ) ;
#1542 = PRODUCT_RELATED_PRODUCT_CATEGORY ( 'part', '', ( #929 ) ) ;
#1543 =( LENGTH_UNIT ( ) NAMED_UNIT ( * ) SI_UNIT ( .MILLI., .METRE. ) );
#1544 = CARTESIAN_POINT ( 'NONE',  ( 6.000000000000000888, 0.0000000000000000000, 5.999999999999999112 ) ) ;
#1545 = SURFACE_STYLE_USAGE ( .BOTH. , #1038 ) ;
#1546 = DIRECTION ( 'NONE',  ( 0.0000000000000000000, 0.0000000000000000000, -1.000000000000000000 ) ) ;
#1547 = PRESENTATION_STYLE_ASSIGNMENT (( #436 ) ) ;
#1548 = DIRECTION ( 'NONE',  ( 1.000000000000000000, 0.0000000000000000000, -2.710505431213761085E-16 ) ) ;
#1549 = VERTEX_POINT ( 'NONE', #613 ) ;
#1550 =( GEOMETRIC_REPRESENTATION_CONTEXT ( 3 ) GLOBAL_UNCERTAINTY_ASSIGNED_CONTEXT ( ( #394 ) ) GLOBAL_UNIT_ASSIGNED_CONTEXT ( ( #1358, #1118, #1109 ) ) REPRESENTATION_CONTEXT ( 'NONE', 'WORKASPACE' ) );
#1551 = DIRECTION ( 'NONE',  ( 1.000000000000000000, 0.0000000000000000000, -0.0000000000000000000 ) ) ;
#1552 = PRESENTATION_LAYER_ASSIGNMENT (  '', '', ( #688 ) ) ;
#1553 = VECTOR ( 'NONE', #238, 1000.000000000000000 ) ;
#1554 = FACE_OUTER_BOUND ( 'NONE', #914, .T. ) ;
#1555 = FILL_AREA_STYLE_COLOUR ( '', #679 ) ;
#1556 = LINE ( 'NONE', #430, #1228 ) ;
#1557 = PRESENTATION_STYLE_ASSIGNMENT (( #220 ) ) ;
#1558 = ORIENTED_EDGE ( 'NONE', *, *, #1482, .T. ) ;
#1559 =( LENGTH_UNIT ( ) NAMED_UNIT ( * ) SI_UNIT ( .MILLI., .METRE. ) );
#1560 = ORIENTED_EDGE ( 'NONE', *, *, #1200, .F. ) ;
#1561 = PRESENTATION_LAYER_ASSIGNMENT (  '', '', ( #1594 ) ) ;
#1562 = CARTESIAN_POINT ( 'NONE',  ( 0.0000000000000000000, 3.000000000000000000, 0.0000000000000000000 ) ) ;
#1563 = ORIENTED_EDGE ( 'NONE', *, *, #64, .F. ) ;
#1564 =( NAMED_UNIT ( * ) SI_UNIT ( $, .STERADIAN. ) SOLID_ANGLE_UNIT ( ) );
#1565 = EDGE_CURVE ( 'NONE', #644, #100, #338, .T. ) ;
#1566 = ORIENTED_EDGE ( 'NONE', *, *, #1195, .T. ) ;
#1567 = UNCERTAINTY_MEASURE_WITH_UNIT (LENGTH_MEASURE( 1.000000000000000082E-05 ), #798, 'distance_accuracy_value', 'NONE');
#1568 = CARTESIAN_POINT ( 'NONE',  ( 5.000000000000000888, 0.0000000000000000000, 0.0000000000000000000 ) ) ;
#1569 =( GEOMETRIC_REPRESENTATION_CONTEXT ( 3 ) GLOBAL_UNCERTAINTY_ASSIGNED_CONTEXT ( ( #1252 ) ) GLOBAL_UNIT_ASSIGNED_CONTEXT ( ( #641, #761, #147 ) ) REPRESENTATION_CONTEXT ( 'NONE', 'WORKASPACE' ) );
#1570 = DIRECTION ( 'NONE',  ( 1.000000000000000000, -0.0000000000000000000, -0.0000000000000000000 ) ) ;
#1571 = CARTESIAN_POINT ( 'NONE',  ( 6.000000000000000888, 3.000000000000000000, 5.999999999999999112 ) ) ;
#1572 = SURFACE_STYLE_FILL_AREA ( #79 ) ;
#1573 = PRODUCT_DEFINITION_CONTEXT ( 'detailed design', #906, 'design' ) ;
#1574 = MECHANICAL_DESIGN_GEOMETRIC_PRESENTATION_REPRESENTATION (  '', ( #1494 ), #707 ) ;
#1575 = FILL_AREA_STYLE_COLOUR ( '', #343 ) ;
#1576 = COLOUR_RGB ( '',0.9882352941176471006, 0.7372549019607843590, 0.5176470588235293491 ) ;
#1577 = EDGE_LOOP ( 'NONE', ( #959, #635, #1434, #1387 ) ) ;
#1578 = FILL_AREA_STYLE_COLOUR ( '', #819 ) ;
#1579 = ORIENTED_EDGE ( 'NONE', *, *, #816, .T. ) ;
#1580 = FILL_AREA_STYLE ('',( #1073 ) ) ;
#1581 = ORIENTED_EDGE ( 'NONE', *, *, #579, .F. ) ;
#1582 =( GEOMETRIC_REPRESENTATION_CONTEXT ( 3 ) GLOBAL_UNCERTAINTY_ASSIGNED_CONTEXT ( ( #1369 ) ) GLOBAL_UNIT_ASSIGNED_CONTEXT ( ( #353, #357, #477 ) ) REPRESENTATION_CONTEXT ( 'NONE', 'WORKASPACE' ) );
#1583 = CARTESIAN_POINT ( 'NONE',  ( 0.0000000000000000000, 0.0000000000000000000, 5.000000000000000000 ) ) ;
#1584 = AXIS2_PLACEMENT_3D ( 'NONE', #66, #576, #43 ) ;
#1585 =( NAMED_UNIT ( * ) PLANE_ANGLE_UNIT ( ) SI_UNIT ( $, .RADIAN. ) );
#1586 = CARTESIAN_POINT ( 'NONE',  ( -5.999999999999999112, 0.0000000000000000000, -2.000000000000000000 ) ) ;
#1587 = CARTESIAN_POINT ( 'NONE',  ( 6.000000000000000888, 0.0000000000000000000, 5.999999999999999112 ) ) ;
#1588 = UNCERTAINTY_MEASURE_WITH_UNIT (LENGTH_MEASURE( 1.000000000000000082E-05 ), #942, 'distance_accuracy_value', 'NONE');
#1589 = DIRECTION ( 'NONE',  ( 0.0000000000000000000, -0.0000000000000000000, 1.000000000000000000 ) ) ;
#1590 = EDGE_CURVE ( 'NONE', #677, #1278, #755, .T. ) ;
#1591 = DIRECTION ( 'NONE',  ( -0.0000000000000000000, -1.000000000000000000, -0.0000000000000000000 ) ) ;
#1592 = PRESENTATION_STYLE_ASSIGNMENT (( #862 ) ) ;
#1593 = CARTESIAN_POINT ( 'NONE',  ( -4.999999999999999112, 1.199999999999999956, 2.000000000000000000 ) ) ;
#1594 = STYLED_ITEM ( 'NONE', ( #949 ), #987 ) ;
#1595 = CARTESIAN_POINT ( 'NONE',  ( -5.999999999999999112, 3.000000000000000000, -5.999999999999999112 ) ) ;
#1596 = ADVANCED_FACE ( 'NONE', ( #423 ), #992, .F. ) ;
#1597 = SURFACE_SIDE_STYLE ('',( #767 ) ) ;
#1598 = EDGE_CURVE ( 'NONE', #1261, #223, #1608, .T. ) ;
#1599 = FACE_OUTER_BOUND ( 'NONE', #1328, .T. ) ;
#1600 = ORIENTED_EDGE ( 'NONE', *, *, #328, .T. ) ;
#1601 = PRESENTATION_STYLE_ASSIGNMENT (( #1120 ) ) ;
#1602 = SURFACE_SIDE_STYLE ('',( #1111 ) ) ;
#1603 = DIRECTION ( 'NONE',  ( -0.0000000000000000000, -1.000000000000000000, -0.0000000000000000000 ) ) ;
#1604 = CARTESIAN_POINT ( 'NONE',  ( -5.999999999999999112, 0.0000000000000000000, -2.000000000000000000 ) ) ;
#1605 = STYLED_ITEM ( 'NONE', ( #152 ), #376 ) ;
#1606 = DIRECTION ( 'NONE',  ( 0.0000000000000000000, 0.0000000000000000000, -1.000000000000000000 ) ) ;
#1607 = AXIS2_PLACEMENT_3D ( 'NONE', #219, #1082, #855 ) ;
#1608 = LINE ( 'NONE', #1042, #943 ) ;
#1609 = ORIENTED_EDGE ( 'NONE', *, *, #1313, .F. ) ;
#1610 = CARTESIAN_POINT ( 'NONE',  ( -0.9499999999999995115, 0.1000000000000006578, 5.000000000000000000 ) ) ;
ENDSEC;
END-ISO-10303-21;
