ISO-10303-21;
HEADER;
FILE_DESCRIPTION (( 'STEP AP214' ),
    '1' );
FILE_NAME ('VSMB2943SLX01.STEP',
    '2023-04-07T15:33:09',
    ( '' ),
    ( '' ),
    'SwSTEP 2.0',
    'SolidWorks 2013',
    '' );
FILE_SCHEMA (( 'AUTOMOTIVE_DESIGN' ));
ENDSEC;

DATA;
#1 = EDGE_CURVE ( 'NONE', #1910, #1294, #1021, .T. ) ;
#2 = CARTESIAN_POINT ( 'NONE',  ( -0.04235735023702247300, 0.02376716007858967900, 0.04235735023702243100 ) ) ;
#3 =( NAMED_UNIT ( * ) SI_UNIT ( $, .STERADIAN. ) SOLID_ANGLE_UNIT ( ) );
#4 = CARTESIAN_POINT ( 'NONE',  ( 0.05511811023622047200, 0.003937007874015748000, 0.0000000000000000000 ) ) ;
#5 = AXIS2_PLACEMENT_3D ( 'NONE', #2047, #1092, #72 ) ;
#6 = ADVANCED_FACE ( 'NONE', ( #1875 ), #466, .T. ) ;
#7 = DIMENSIONAL_EXPONENTS ( 1.000000000000000000, 0.0000000000000000000, 0.0000000000000000000, 0.0000000000000000000, 0.0000000000000000000, 0.0000000000000000000, 0.0000000000000000000 ) ;
#8 = LINE ( 'NONE', #1890, #916 ) ;
#9 = PLANE ( 'NONE',  #879 ) ;
#10 = CARTESIAN_POINT ( 'NONE',  ( -0.07480314960629921800, -4.268512490100411300E-018, 0.03543307086614175300 ) ) ;
#11 = LINE ( 'NONE', #262, #1773 ) ;
#12 = ORIENTED_EDGE ( 'NONE', *, *, #1812, .F. ) ;
#13 = DIRECTION ( 'NONE',  ( 0.1209742911513546800, -0.9852565360152931700, 0.1209742911513546800 ) ) ;
#14 = ORIENTED_EDGE ( 'NONE', *, *, #119, .F. ) ;
#15 = ADVANCED_FACE ( 'NONE', ( #1469 ), #114, .T. ) ;
#16 = ORIENTED_EDGE ( 'NONE', *, *, #91, .F. ) ;
#17 = SURFACE_STYLE_USAGE ( .BOTH. , #1041 ) ;
#18 = ORIENTED_EDGE ( 'NONE', *, *, #1757, .T. ) ;
#19 = ORIENTED_EDGE ( 'NONE', *, *, #1398, .F. ) ;
#20 = ORIENTED_EDGE ( 'NONE', *, *, #724, .F. ) ;
#21 = VECTOR ( 'NONE', #1044, 39.37007874015748100 ) ;
#22 = LINE ( 'NONE', #966, #84 ) ;
#23 = DIRECTION ( 'NONE',  ( -1.000000000000000000, 1.140401064265093800E-017, 9.287821334205822700E-017 ) ) ;
#24 = FACE_OUTER_BOUND ( 'NONE', #543, .T. ) ;
#25 = AXIS2_PLACEMENT_3D ( 'NONE', #366, #358, #350 ) ;
#26 = CARTESIAN_POINT ( 'NONE',  ( -0.03543307086613126800, 0.03346456692968528800, 4.339299682016898800E-018 ) ) ;
#27 = CARTESIAN_POINT ( 'NONE',  ( -0.04527559055118109100, -1.716413943904015400E-018, 0.04527559055118110500 ) ) ;
#28 = DIRECTION ( 'NONE',  ( -0.1218693434051471700, 0.9925461516413219800, 0.0000000000000000000 ) ) ;
#29 = CARTESIAN_POINT ( 'NONE',  ( -0.04330708661417324200, 0.0000000000000000000, -0.04330708661417327600 ) ) ;
#30 = VECTOR ( 'NONE', #633, 39.37007874015748100 ) ;
#31 = STYLED_ITEM ( 'NONE', ( #1005 ), #2075 ) ;
#32 =( CONVERSION_BASED_UNIT ( 'INCH', #592 ) LENGTH_UNIT ( ) NAMED_UNIT ( #1969 ) );
#33 =( LENGTH_UNIT ( ) NAMED_UNIT ( * ) SI_UNIT ( $, .METRE. ) );
#34 = CARTESIAN_POINT ( 'NONE',  ( -0.02331056774319599900, -0.02952755905511811700, 0.0000000000000000000 ) ) ;
#35 = CARTESIAN_POINT ( 'NONE',  ( 0.05511811023622047200, 0.007874015748031492500, 0.03937007874015749400 ) ) ;
#36 =( LENGTH_UNIT ( ) NAMED_UNIT ( * ) SI_UNIT ( $, .METRE. ) );
#37 = EDGE_CURVE ( 'NONE', #149, #976, #347, .T. ) ;
#38 = VERTEX_POINT ( 'NONE', #272 ) ;
#39 = SURFACE_STYLE_USAGE ( .BOTH. , #1064 ) ;
#40 = ORIENTED_EDGE ( 'NONE', *, *, #91, .T. ) ;
#41 = EDGE_LOOP ( 'NONE', ( #638, #235, #455, #1129 ) ) ;
#42 = CARTESIAN_POINT ( 'NONE',  ( -0.05511811023622047200, 0.03346456692913384700, 0.03937007874015749400 ) ) ;
#43 =( NAMED_UNIT ( * ) PLANE_ANGLE_UNIT ( ) SI_UNIT ( $, .RADIAN. ) );
#44 = VERTEX_POINT ( 'NONE', #2060 ) ;
#45 = CARTESIAN_POINT ( 'NONE',  ( 0.03968155824105595900, -0.02952755905511811700, 0.0000000000000000000 ) ) ;
#46 = COLOUR_RGB ( '',0.7921568627450980000, 0.8196078431372548800, 0.9333333333333333500 ) ;
#47 = ORIENTED_EDGE ( 'NONE', *, *, #1140, .F. ) ;
#48 = STYLED_ITEM ( 'NONE', ( #522 ), #1524 ) ;
#49 = LENGTH_MEASURE_WITH_UNIT ( LENGTH_MEASURE( 0.02539999999999999900 ), #63 );
#50 = CARTESIAN_POINT ( 'NONE',  ( -0.07480314960629921800, 0.03346456692913384700, 0.03937007874015749400 ) ) ;
#51 = LINE ( 'NONE', #1820, #502 ) ;
#52 = DIRECTION ( 'NONE',  ( -1.000000000000000000, 0.0000000000000000000, -0.0000000000000000000 ) ) ;
#53 = LINE ( 'NONE', #1412, #2135 ) ;
#54 = DIRECTION ( 'NONE',  ( 0.0000000000000000000, 0.0000000000000000000, 1.000000000000000000 ) ) ;
#55 = CARTESIAN_POINT ( 'NONE',  ( 0.0000000000000000000, 0.03345449877180443900, 0.0000000000000000000 ) ) ;
#56 = EDGE_CURVE ( 'NONE', #540, #2087, #767, .T. ) ;
#57 = DIRECTION ( 'NONE',  ( 0.0000000000000000000, -0.0000000000000000000, 1.000000000000000000 ) ) ;
#58 = AXIS2_PLACEMENT_3D ( 'NONE', #1741, #1102, #92 ) ;
#59 = DIRECTION ( 'NONE',  ( -0.1218693434051476000, 0.9925461516413219800, -0.0000000000000000000 ) ) ;
#60 = FILL_AREA_STYLE ('',( #2025 ) ) ;
#61 = EDGE_CURVE ( 'NONE', #176, #313, #1194, .T. ) ;
#62 = CARTESIAN_POINT ( 'NONE',  ( 0.05511811023622047200, 0.003937007874015748000, -0.007874015748031496000 ) ) ;
#63 =( LENGTH_UNIT ( ) NAMED_UNIT ( * ) SI_UNIT ( $, .METRE. ) );
#64 = CARTESIAN_POINT ( 'NONE',  ( -0.05511811023622047200, 0.03346456692913385400, 0.03543307086614175300 ) ) ;
#65 = FACE_OUTER_BOUND ( 'NONE', #1395, .T. ) ;
#66 = DIRECTION ( 'NONE',  ( 0.0000000000000000000, 0.0000000000000000000, -1.000000000000000000 ) ) ;
#67 = COLOUR_RGB ( '',0.7921568627450980000, 0.8196078431372548800, 0.9333333333333333500 ) ;
#68 = CARTESIAN_POINT ( 'NONE',  ( -0.01198294790423106700, -7.537003965155795200E-019, 0.04527559055118111200 ) ) ;
#69 =( NAMED_UNIT ( * ) PLANE_ANGLE_UNIT ( ) SI_UNIT ( $, .RADIAN. ) );
#70 = EDGE_CURVE ( 'NONE', #2129, #1886, #1149, .T. ) ;
#71 = CARTESIAN_POINT ( 'NONE',  ( 0.01968503937007874000, 4.821444091131311500E-018, 0.04330708661417323500 ) ) ;
#72 = DIRECTION ( 'NONE',  ( 0.0000000000000000000, 1.204669080539449100E-016, -1.000000000000000000 ) ) ;
#73 = ORIENTED_EDGE ( 'NONE', *, *, #1227, .F. ) ;
#74 = ORIENTED_EDGE ( 'NONE', *, *, #2091, .F. ) ;
#75 = PLANE ( 'NONE',  #518 ) ;
#76 = EDGE_CURVE ( 'NONE', #1364, #926, #1995, .T. ) ;
#77 = PLANE ( 'NONE',  #1663 ) ;
#78 = ORIENTED_EDGE ( 'NONE', *, *, #1357, .F. ) ;
#79 = ORIENTED_EDGE ( 'NONE', *, *, #343, .F. ) ;
#80 = SHAPE_DEFINITION_REPRESENTATION ( #487, #2002 ) ;
#81 = SURFACE_STYLE_FILL_AREA ( #890 ) ;
#82 = VERTEX_POINT ( 'NONE', #1452 ) ;
#83 = PLANE ( 'NONE',  #1968 ) ;
#84 = VECTOR ( 'NONE', #2088, 39.37007874015748100 ) ;
#85 = AXIS2_PLACEMENT_3D ( 'NONE', #1813, #1179, #331 ) ;
#86 = DIRECTION ( 'NONE',  ( 0.0000000000000000000, 1.000000000000000000, 0.0000000000000000000 ) ) ;
#87 = DIRECTION ( 'NONE',  ( -0.9925461516413219800, -0.1218693434051476000, 0.0000000000000000000 ) ) ;
#88 = UNCERTAINTY_MEASURE_WITH_UNIT (LENGTH_MEASURE( 1.000000000000000100E-005 ), #211, 'distance_accuracy_value', 'NONE');
#89 = DIRECTION ( 'NONE',  ( 0.0000000000000000000, 1.000000000000000000, 0.0000000000000000000 ) ) ;
#90 = CARTESIAN_POINT ( 'NONE',  ( 0.0000000000000000000, 0.03346456692913385400, 0.04527559055118111200 ) ) ;
#91 = EDGE_CURVE ( 'NONE', #661, #1059, #1531, .T. ) ;
#92 = DIRECTION ( 'NONE',  ( -0.1218693434051470500, -0.9925461516413222100, 0.0000000000000000000 ) ) ;
#93 = SURFACE_STYLE_USAGE ( .BOTH. , #99 ) ;
#94 = EDGE_CURVE ( 'NONE', #126, #333, #1587, .T. ) ;
#95 = CARTESIAN_POINT ( 'NONE',  ( 0.0000000000000000000, 0.03346456692913385400, -0.04116665839498152800 ) ) ;
#96 = CARTESIAN_POINT ( 'NONE',  ( 0.06962816269412078200, 0.04527559055099622500, -0.03481408134706041200 ) ) ;
#97 = VECTOR ( 'NONE', #2011, 39.37007874015748100 ) ;
#98 = MECHANICAL_DESIGN_GEOMETRIC_PRESENTATION_REPRESENTATION (  '', ( #1686 ), #198 ) ;
#99 = SURFACE_SIDE_STYLE ('',( #993 ) ) ;
#100 = PRESENTATION_STYLE_ASSIGNMENT (( #93 ) ) ;
#101 = CARTESIAN_POINT ( 'NONE',  ( 0.0000000000000000000, 0.04527559055099622500, -0.03481408134706040500 ) ) ;
#102 = ORIENTED_EDGE ( 'NONE', *, *, #436, .T. ) ;
#103 = ORIENTED_EDGE ( 'NONE', *, *, #1210, .F. ) ;
#104 = CARTESIAN_POINT ( 'NONE',  ( 0.04330708661417324200, -2.667879157931232900E-018, -0.04330708661417323500 ) ) ;
#105 = CARTESIAN_POINT ( 'NONE',  ( -0.05511811023622047200, 0.007874015748031492500, 0.04330708661417324200 ) ) ;
#106 = EDGE_LOOP ( 'NONE', ( #1313, #1002, #933, #1636 ) ) ;
#107 = ORIENTED_EDGE ( 'NONE', *, *, #501, .T. ) ;
#108 = ORIENTED_EDGE ( 'NONE', *, *, #627, .T. ) ;
#109 = LENGTH_MEASURE_WITH_UNIT ( LENGTH_MEASURE( 0.02539999999999999900 ), #675 );
#110 = CARTESIAN_POINT ( 'NONE',  ( 0.05511811023622047200, 0.007874015748031492500, 0.03937007874015750100 ) ) ;
#111 = CARTESIAN_POINT ( 'NONE',  ( 0.0000000000000000000, 0.04982600842398178500, -0.03363933264366318600 ) ) ;
#112 = FACE_OUTER_BOUND ( 'NONE', #106, .T. ) ;
#113 = FILL_AREA_STYLE_COLOUR ( '', #694 ) ;
#114 = PLANE ( 'NONE',  #220 ) ;
#115 = PRESENTATION_LAYER_ASSIGNMENT (  '', '', ( #2130 ) ) ;
#116 = AXIS2_PLACEMENT_3D ( 'NONE', #1737, #1722, #1608 ) ;
#117 = CARTESIAN_POINT ( 'NONE',  ( 0.01771653543307086900, 0.03346456692913386100, -0.04527559055118110500 ) ) ;
#118 = DIRECTION ( 'NONE',  ( 1.000000000000000000, 0.0000000000000000000, -0.0000000000000000000 ) ) ;
#119 = EDGE_CURVE ( 'NONE', #866, #1453, #258, .T. ) ;
#120 = CIRCLE ( 'NONE', #834, 0.03481408134724021200 ) ;
#121 = FILL_AREA_STYLE_COLOUR ( '', #830 ) ;
#122 = FACE_OUTER_BOUND ( 'NONE', #2110, .T. ) ;
#123 = CARTESIAN_POINT ( 'NONE',  ( -0.05511811023622047200, 0.003937007874015743600, 0.03543307086614175300 ) ) ;
#124 = ORIENTED_EDGE ( 'NONE', *, *, #1552, .T. ) ;
#125 = ORIENTED_EDGE ( 'NONE', *, *, #1227, .T. ) ;
#126 = VERTEX_POINT ( 'NONE', #1095 ) ;
#127 = ORIENTED_EDGE ( 'NONE', *, *, #1293, .T. ) ;
#128 = EDGE_CURVE ( 'NONE', #1854, #1783, #1052, .T. ) ;
#129 = COLOUR_RGB ( '',0.7921568627450980000, 0.8196078431372548800, 0.9333333333333333500 ) ;
#130 = ORIENTED_EDGE ( 'NONE', *, *, #587, .T. ) ;
#131 = AXIS2_PLACEMENT_3D ( 'NONE', #195, #1380, #373 ) ;
#132 = ORIENTED_EDGE ( 'NONE', *, *, #61, .F. ) ;
#133 = VECTOR ( 'NONE', #2128, 39.37007874015748900 ) ;
#134 = VECTOR ( 'NONE', #1211, 39.37007874015748100 ) ;
#135 = ORIENTED_EDGE ( 'NONE', *, *, #883, .F. ) ;
#136 = ADVANCED_FACE ( 'NONE', ( #145 ), #1576, .T. ) ;
#137 = AXIS2_PLACEMENT_3D ( 'NONE', #241, #1423, #413 ) ;
#138 = DIRECTION ( 'NONE',  ( -0.0000000000000000000, -0.0000000000000000000, -1.000000000000000000 ) ) ;
#139 = STYLED_ITEM ( 'NONE', ( #798 ), #513 ) ;
#140 = DIRECTION ( 'NONE',  ( -0.0000000000000000000, 1.204669080539449100E-016, -1.000000000000000000 ) ) ;
#141 = ADVANCED_FACE ( 'NONE', ( #194 ), #940, .T. ) ;
#142 = SURFACE_STYLE_FILL_AREA ( #2043 ) ;
#143 = CARTESIAN_POINT ( 'NONE',  ( 0.03385591281019813300, 0.04032447971745634800, 0.01436006819611251500 ) ) ;
#144 = FILL_AREA_STYLE_COLOUR ( '', #744 ) ;
#145 = FACE_OUTER_BOUND ( 'NONE', #844, .T. ) ;
#146 = UNCERTAINTY_MEASURE_WITH_UNIT (LENGTH_MEASURE( 1.000000000000000100E-005 ), #187, 'distance_accuracy_value', 'NONE');
#147 = AXIS2_PLACEMENT_3D ( 'NONE', #55, #1233, #218 ) ;
#148 = EDGE_LOOP ( 'NONE', ( #1429, #1259, #125, #1475 ) ) ;
#149 = VERTEX_POINT ( 'NONE', #765 ) ;
#150 = SURFACE_STYLE_USAGE ( .BOTH. , #1162 ) ;
#151 =( NAMED_UNIT ( * ) PLANE_ANGLE_UNIT ( ) SI_UNIT ( $, .RADIAN. ) );
#152 = ORIENTED_EDGE ( 'NONE', *, *, #963, .F. ) ;
#153 = VERTEX_POINT ( 'NONE', #249 ) ;
#154 = DIMENSIONAL_EXPONENTS ( 1.000000000000000000, 0.0000000000000000000, 0.0000000000000000000, 0.0000000000000000000, 0.0000000000000000000, 0.0000000000000000000, 0.0000000000000000000 ) ;
#155 = ORIENTED_EDGE ( 'NONE', *, *, #1506, .F. ) ;
#156 = EDGE_CURVE ( 'NONE', #540, #676, #842, .T. ) ;
#157 = SURFACE_STYLE_FILL_AREA ( #911 ) ;
#158 = CIRCLE ( 'NONE', #1891, 0.007874015748031496000 ) ;
#159 = EDGE_CURVE ( 'NONE', #313, #1320, #385, .T. ) ;
#160 =( CONVERSION_BASED_UNIT ( 'INCH', #275 ) LENGTH_UNIT ( ) NAMED_UNIT ( #1525 ) );
#161 = PLANE ( 'NONE',  #1917 ) ;
#162 = AXIS2_PLACEMENT_3D ( 'NONE', #1846, #376, #1542 ) ;
#163 = DIMENSIONAL_EXPONENTS ( 1.000000000000000000, 0.0000000000000000000, 0.0000000000000000000, 0.0000000000000000000, 0.0000000000000000000, 0.0000000000000000000, 0.0000000000000000000 ) ;
#164 =( NAMED_UNIT ( * ) SI_UNIT ( $, .STERADIAN. ) SOLID_ANGLE_UNIT ( ) );
#165 = EDGE_CURVE ( 'NONE', #712, #423, #1700, .T. ) ;
#166 = LINE ( 'NONE', #1282, #565 ) ;
#167 = PRESENTATION_STYLE_ASSIGNMENT (( #1410 ) ) ;
#168 = CARTESIAN_POINT ( 'NONE',  ( -0.07480314960629921800, 0.007874015748031492500, 0.03543307086614175300 ) ) ;
#169 = DIRECTION ( 'NONE',  ( 0.0000000000000000000, 0.0000000000000000000, 1.000000000000000000 ) ) ;
#170 = DIRECTION ( 'NONE',  ( 0.0000000000000000000, -1.204669080539449100E-016, 1.000000000000000000 ) ) ;
#171 = ORIENTED_EDGE ( 'NONE', *, *, #627, .F. ) ;
#172 = ORIENTED_EDGE ( 'NONE', *, *, #1446, .T. ) ;
#173 = COLOUR_RGB ( '',0.7921568627450980000, 0.8196078431372548800, 0.9333333333333333500 ) ;
#174 = ORIENTED_EDGE ( 'NONE', *, *, #1812, .T. ) ;
#175 = DIRECTION ( 'NONE',  ( -0.1209742911513543400, -0.9852565360152931700, 0.1209742911513547000 ) ) ;
#176 = VERTEX_POINT ( 'NONE', #925 ) ;
#177 = VERTEX_POINT ( 'NONE', #2050 ) ;
#178 = STYLED_ITEM ( 'NONE', ( #167 ), #351 ) ;
#179 = VERTEX_POINT ( 'NONE', #801 ) ;
#180 = CARTESIAN_POINT ( 'NONE',  ( 2.819044387820626600E-018, 0.04465744933571325800, 0.02301924432239038300 ) ) ;
#181 =( NAMED_UNIT ( * ) PLANE_ANGLE_UNIT ( ) SI_UNIT ( $, .RADIAN. ) );
#182 = ADVANCED_FACE ( 'NONE', ( #329 ), #77, .T. ) ;
#183 = DIMENSIONAL_EXPONENTS ( 1.000000000000000000, 0.0000000000000000000, 0.0000000000000000000, 0.0000000000000000000, 0.0000000000000000000, 0.0000000000000000000, 0.0000000000000000000 ) ;
#184 = EDGE_CURVE ( 'NONE', #712, #1738, #1290, .T. ) ;
#185 = DIRECTION ( 'NONE',  ( 0.9925461516413219800, 0.1218693434051477400, -0.0000000000000000000 ) ) ;
#186 = DIRECTION ( 'NONE',  ( 0.1218693434051472400, -0.9925461516413219800, 0.0000000000000000000 ) ) ;
#187 =( CONVERSION_BASED_UNIT ( 'INCH', #1136 ) LENGTH_UNIT ( ) NAMED_UNIT ( #1356 ) );
#188 = STYLED_ITEM ( 'NONE', ( #1007 ), #1912 ) ;
#189 = FACE_OUTER_BOUND ( 'NONE', #579, .T. ) ;
#190 = DIRECTION ( 'NONE',  ( -0.9925461516413220900, -0.1218693434051472500, 0.0000000000000000000 ) ) ;
#191 = DIRECTION ( 'NONE',  ( 1.000000000000000000, 0.0000000000000000000, 0.0000000000000000000 ) ) ;
#192 = FACE_OUTER_BOUND ( 'NONE', #200, .T. ) ;
#193 = EDGE_CURVE ( 'NONE', #1320, #1496, #2019, .T. ) ;
#194 = FACE_OUTER_BOUND ( 'NONE', #148, .T. ) ;
#195 = CARTESIAN_POINT ( 'NONE',  ( -0.05511811023622047200, 0.007874015748031492500, 0.03543307086614175300 ) ) ;
#196 = PLANE ( 'NONE',  #1749 ) ;
#197 = ORIENTED_EDGE ( 'NONE', *, *, #246, .F. ) ;
#198 =( GEOMETRIC_REPRESENTATION_CONTEXT ( 3 ) GLOBAL_UNCERTAINTY_ASSIGNED_CONTEXT ( ( #949 ) ) GLOBAL_UNIT_ASSIGNED_CONTEXT ( ( #1013, #2136, #1173 ) ) REPRESENTATION_CONTEXT ( 'NONE', 'WORKASPACE' ) );
#199 = PLANE ( 'NONE',  #847 ) ;
#200 = EDGE_LOOP ( 'NONE', ( #1343, #197, #47, #1390 ) ) ;
#201 = ORIENTED_EDGE ( 'NONE', *, *, #961, .T. ) ;
#202 = PRESENTATION_STYLE_ASSIGNMENT (( #223 ) ) ;
#203 =( NAMED_UNIT ( * ) SI_UNIT ( $, .STERADIAN. ) SOLID_ANGLE_UNIT ( ) );
#204 = ORIENTED_EDGE ( 'NONE', *, *, #156, .T. ) ;
#205 = LINE ( 'NONE', #728, #1499 ) ;
#206 = DIRECTION ( 'NONE',  ( 0.0000000000000000000, -0.0000000000000000000, 1.000000000000000000 ) ) ;
#207 = PRESENTATION_STYLE_ASSIGNMENT (( #1716 ) ) ;
#208 =( NAMED_UNIT ( * ) PLANE_ANGLE_UNIT ( ) SI_UNIT ( $, .RADIAN. ) );
#209 = DIRECTION ( 'NONE',  ( 0.0000000000000000000, -0.0000000000000000000, 1.000000000000000000 ) ) ;
#210 =( CONVERSION_BASED_UNIT ( 'INCH', #833 ) LENGTH_UNIT ( ) NAMED_UNIT ( #1178 ) );
#211 =( CONVERSION_BASED_UNIT ( 'INCH', #1331 ) LENGTH_UNIT ( ) NAMED_UNIT ( #1009 ) );
#212 = CARTESIAN_POINT ( 'NONE',  ( -0.07480314960629921800, 0.007874015748031492500, 0.03937007874015749400 ) ) ;
#213 = CARTESIAN_POINT ( 'NONE',  ( -0.04479218676809879100, 0.003937007874015748000, 0.007874015748031490700 ) ) ;
#214 = MECHANICAL_DESIGN_GEOMETRIC_PRESENTATION_REPRESENTATION (  '', ( #2130 ), #330 ) ;
#215 = VECTOR ( 'NONE', #1416, 39.37007874015748100 ) ;
#216 = CARTESIAN_POINT ( 'NONE',  ( 0.01771653543307086600, 0.03346456692913386100, -0.04116665839498152800 ) ) ;
#217 = DIRECTION ( 'NONE',  ( -1.000000000000000000, 0.0000000000000000000, -0.0000000000000000000 ) ) ;
#218 = DIRECTION ( 'NONE',  ( -1.000000000000000000, 0.0000000000000000000, 0.0000000000000000000 ) ) ;
#219 = DIRECTION ( 'NONE',  ( -6.023345402758839500E-017, -1.000000000000000000, 0.0000000000000000000 ) ) ;
#220 = AXIS2_PLACEMENT_3D ( 'NONE', #105, #458, #118 ) ;
#221 = FACE_OUTER_BOUND ( 'NONE', #1761, .T. ) ;
#222 = EDGE_CURVE ( 'NONE', #1886, #712, #800, .T. ) ;
#223 = SURFACE_STYLE_USAGE ( .BOTH. , #1239 ) ;
#224 = CARTESIAN_POINT ( 'NONE',  ( 0.0000000000000000000, 0.0000000000000000000, -0.04527559055118110500 ) ) ;
#225 = EDGE_CURVE ( 'NONE', #1653, #1115, #1649, .T. ) ;
#226 = VERTEX_POINT ( 'NONE', #1863 ) ;
#227 = DIRECTION ( 'NONE',  ( -1.000000000000000000, 0.0000000000000000000, -0.0000000000000000000 ) ) ;
#228 = VERTEX_POINT ( 'NONE', #1713 ) ;
#229 = CARTESIAN_POINT ( 'NONE',  ( 0.03385591281019813300, 0.04032447971745634800, -0.01436006819611251500 ) ) ;
#230 =( NAMED_UNIT ( * ) PLANE_ANGLE_UNIT ( ) SI_UNIT ( $, .RADIAN. ) );
#231 = VERTEX_POINT ( 'NONE', #1703 ) ;
#232 = VECTOR ( 'NONE', #1106, 39.37007874015748100 ) ;
#233 = ORIENTED_EDGE ( 'NONE', *, *, #419, .F. ) ;
#234 = STYLED_ITEM ( 'NONE', ( #679 ), #1776 ) ;
#235 = ORIENTED_EDGE ( 'NONE', *, *, #128, .T. ) ;
#236 = CARTESIAN_POINT ( 'NONE',  ( -0.04330708661417324900, -1.782950642375112200E-018, 0.04330708661417324200 ) ) ;
#237 = SURFACE_STYLE_FILL_AREA ( #1377 ) ;
#238 = ORIENTED_EDGE ( 'NONE', *, *, #1921, .F. ) ;
#239 = CARTESIAN_POINT ( 'NONE',  ( -0.04527559055118111200, 0.0000000000000000000, 0.0000000000000000000 ) ) ;
#240 = CONICAL_SURFACE ( 'NONE', #696, 0.03543307086577941100, 0.05235987755378864600 ) ;
#241 = CARTESIAN_POINT ( 'NONE',  ( 0.0000000000000000000, 0.04527559055100564800, 0.0000000000000000000 ) ) ;
#242 = PRESENTATION_STYLE_ASSIGNMENT (( #2010 ) ) ;
#243 = EDGE_CURVE ( 'NONE', #1591, #1615, #1610, .T. ) ;
#244 = AXIS2_PLACEMENT_3D ( 'NONE', #700, #1842, #881 ) ;
#245 = CARTESIAN_POINT ( 'NONE',  ( 0.01968503937007874000, 4.821444091131311500E-018, 0.04330708661417323500 ) ) ;
#246 = EDGE_CURVE ( 'NONE', #1151, #1613, #1553, .T. ) ;
#247 = DIRECTION ( 'NONE',  ( 0.1218693434051477400, 0.9925461516413219800, 0.0000000000000000000 ) ) ;
#248 =( BOUNDED_SURFACE ( )  B_SPLINE_SURFACE ( 3, 3, ( 
 ( #945, #1548, #938, #924 ),
 ( #900, #774, #763, #747 ),
 ( #733, #723, #601, #594 ),
 ( #581, #566, #557, #412 ) ),
 .UNSPECIFIED., .F., .F., .F. ) 
 B_SPLINE_SURFACE_WITH_KNOTS ( ( 4, 4 ),
 ( 4, 4 ),
 ( 0.0000000000000000000, 1.000000000000000000 ),
 ( 0.0000000000000000000, 1.000000000000000000 ),
 .UNSPECIFIED. ) 
 GEOMETRIC_REPRESENTATION_ITEM ( )  RATIONAL_B_SPLINE_SURFACE ( (
 ( 1.000000000000000000, 0.3333333333333334300, 0.3333333333333334300, 1.000000000000000000),
 ( 0.9866730712129424500, 0.3288910237376475600, 0.3288910237376475600, 0.9866730712129424500),
 ( 0.9866730712129424500, 0.3288910237376475600, 0.3288910237376475600, 0.9866730712129424500),
 ( 1.000000000000000000, 0.3333333333333334300, 0.3333333333333334300, 1.000000000000000000) ) ) 
 REPRESENTATION_ITEM ( '' )  SURFACE ( )  );
#249 = CARTESIAN_POINT ( 'NONE',  ( 0.007874015748031489000, 0.03346456692913386100, 0.04116665839498152800 ) ) ;
#250 = AXIS2_PLACEMENT_3D ( 'NONE', #62, #1242, #227 ) ;
#251 = LINE ( 'NONE', #1913, #1941 ) ;
#252 = CARTESIAN_POINT ( 'NONE',  ( -0.07480314960629921800, 0.03346456692913385400, 0.03543307086614175300 ) ) ;
#253 = LENGTH_MEASURE_WITH_UNIT ( LENGTH_MEASURE( 0.02539999999999999900 ), #1565 );
#254 = CARTESIAN_POINT ( 'NONE',  ( 0.05511811023622047200, 0.007874015748031492500, 0.03543307086614175300 ) ) ;
#255 = VECTOR ( 'NONE', #1522, 39.37007874015748100 ) ;
#256 = CARTESIAN_POINT ( 'NONE',  ( -0.05511811023622047200, 0.007874015748031492500, 0.03937007874015749400 ) ) ;
#257 = DIRECTION ( 'NONE',  ( 1.000000000000000000, -0.0000000000000000000, 0.0000000000000000000 ) ) ;
#258 = LINE ( 'NONE', #1252, #1902 ) ;
#259 = FILL_AREA_STYLE_COLOUR ( '', #536 ) ;
#260 = AXIS2_PLACEMENT_3D ( 'NONE', #1051, #190, #186 ) ;
#261 = UNCERTAINTY_MEASURE_WITH_UNIT (LENGTH_MEASURE( 1.000000000000000100E-005 ), #2134, 'distance_accuracy_value', 'NONE');
#262 = CARTESIAN_POINT ( 'NONE',  ( 0.05511811023622047200, -4.268512490100411300E-018, 0.03543307086614175300 ) ) ;
#263 = VERTEX_POINT ( 'NONE', #1574 ) ;
#264 = ORIENTED_EDGE ( 'NONE', *, *, #587, .F. ) ;
#265 = FILL_AREA_STYLE ('',( #1747 ) ) ;
#266 = ORIENTED_EDGE ( 'NONE', *, *, #959, .F. ) ;
#267 = ORIENTED_EDGE ( 'NONE', *, *, #787, .T. ) ;
#268 = LENGTH_MEASURE_WITH_UNIT ( LENGTH_MEASURE( 0.02539999999999999900 ), #851 );
#269 = VECTOR ( 'NONE', #1551, 39.37007874015748100 ) ;
#270 = ORIENTED_EDGE ( 'NONE', *, *, #1923, .T. ) ;
#271 = CARTESIAN_POINT ( 'NONE',  ( -0.01771653543307089700, 0.03346456692913386800, -0.04116665839498152800 ) ) ;
#272 = CARTESIAN_POINT ( 'NONE',  ( 0.02331056774319600900, -0.02952755905511811700, 0.04330708661417323500 ) ) ;
#273 = AXIS2_PLACEMENT_3D ( 'NONE', #545, #1214, #1396 ) ;
#274 = DIRECTION ( 'NONE',  ( 0.0000000000000000000, -0.9925461516413219800, -0.1218693434051477400 ) ) ;
#275 = LENGTH_MEASURE_WITH_UNIT ( LENGTH_MEASURE( 0.02539999999999999900 ), #1166 );
#276 = LINE ( 'NONE', #1545, #1118 ) ;
#277 = DIRECTION ( 'NONE',  ( 1.000000000000000000, 0.0000000000000000000, -0.0000000000000000000 ) ) ;
#278 = PLANE ( 'NONE',  #2007 ) ;
#279 = ADVANCED_FACE ( 'NONE', ( #221 ), #1439, .T. ) ;
#280 = DIRECTION ( 'NONE',  ( 9.357571251318676300E-017, 0.1218693434051477400, 0.9925461516413219800 ) ) ;
#281 = EDGE_CURVE ( 'NONE', #805, #333, #1508, .T. ) ;
#282 = DIRECTION ( 'NONE',  ( 0.0000000000000000000, 0.0000000000000000000, 1.000000000000000000 ) ) ;
#283 = CARTESIAN_POINT ( 'NONE',  ( 0.06727866528732635900, 0.04982600842398178500, 0.03363933264366317900 ) ) ;
#284 = PRESENTATION_STYLE_ASSIGNMENT (( #921 ) ) ;
#285 = PRESENTATION_LAYER_ASSIGNMENT (  '', '', ( #48 ) ) ;
#286 = SURFACE_SIDE_STYLE ('',( #1099 ) ) ;
#287 = LENGTH_MEASURE_WITH_UNIT ( LENGTH_MEASURE( 0.02539999999999999900 ), #1744 );
#288 = VECTOR ( 'NONE', #1745, 39.37007874015747400 ) ;
#289 = DIRECTION ( 'NONE',  ( 0.0000000000000000000, -0.1218693434051477400, -0.9925461516413219800 ) ) ;
#290 = FILL_AREA_STYLE_COLOUR ( '', #1216 ) ;
#291 = AXIS2_PLACEMENT_3D ( 'NONE', #783, #947, #2073 ) ;
#292 = VERTEX_POINT ( 'NONE', #1240 ) ;
#293 = ORIENTED_EDGE ( 'NONE', *, *, #1612, .F. ) ;
#294 = CIRCLE ( 'NONE', #2038, 0.007874015748031496000 ) ;
#295 = ORIENTED_EDGE ( 'NONE', *, *, #184, .F. ) ;
#296 = PRESENTATION_STYLE_ASSIGNMENT (( #996 ) ) ;
#297 = CARTESIAN_POINT ( 'NONE',  ( 0.03968155824105595900, -0.02952755905511812700, 0.03968155824105595900 ) ) ;
#298 = VECTOR ( 'NONE', #695, 39.37007874015748100 ) ;
#299 = FACE_OUTER_BOUND ( 'NONE', #1273, .T. ) ;
#300 = DIRECTION ( 'NONE',  ( 1.000000000000000000, 0.0000000000000000000, 0.0000000000000000000 ) ) ;
#301 = DIRECTION ( 'NONE',  ( 0.0000000000000000000, -0.9925461516413219800, 0.1218693434051477400 ) ) ;
#302 = FACE_OUTER_BOUND ( 'NONE', #542, .T. ) ;
#303 = EDGE_CURVE ( 'NONE', #875, #1314, #730, .T. ) ;
#304 = DIRECTION ( 'NONE',  ( 1.000000000000000000, 0.0000000000000000000, -0.0000000000000000000 ) ) ;
#305 = LINE ( 'NONE', #1287, #1623 ) ;
#306 = EDGE_CURVE ( 'NONE', #2090, #1952, #1075, .T. ) ;
#307 = CYLINDRICAL_SURFACE ( 'NONE', #1191, 0.003937007874015745400 ) ;
#308 = PRESENTATION_LAYER_ASSIGNMENT (  '', '', ( #188 ) ) ;
#309 = CARTESIAN_POINT ( 'NONE',  ( -0.03481408134724021200, 0.04527559055100564800, 4.301397505366164400E-018 ) ) ;
#310 = VECTOR ( 'NONE', #1894, 39.37007874015748100 ) ;
#311 = ADVANCED_FACE ( 'NONE', ( #1924 ), #248, .T. ) ;
#312 = EDGE_LOOP ( 'NONE', ( #1878, #1932, #18, #1999, #1582, #1928, #896, #520 ) ) ;
#313 = VERTEX_POINT ( 'NONE', #1260 ) ;
#314 = UNCERTAINTY_MEASURE_WITH_UNIT (LENGTH_MEASURE( 1.000000000000000100E-005 ), #210, 'distance_accuracy_value', 'NONE');
#315 = ORIENTED_EDGE ( 'NONE', *, *, #1302, .T. ) ;
#316 = CARTESIAN_POINT ( 'NONE',  ( -0.02331056774319602600, -0.02952755905511812400, 0.03968155824105597300 ) ) ;
#317 = ORIENTED_EDGE ( 'NONE', *, *, #1, .F. ) ;
#318 = LINE ( 'NONE', #1069, #1157 ) ;
#319 = EDGE_CURVE ( 'NONE', #177, #231, #568, .T. ) ;
#320 = ORIENTED_EDGE ( 'NONE', *, *, #1, .T. ) ;
#321 = CARTESIAN_POINT ( 'NONE',  ( 0.03385591281019813300, 0.04937329887704548100, 0.006304903975758127700 ) ) ;
#322 = DIRECTION ( 'NONE',  ( -1.000000000000000000, -0.0000000000000000000, 0.0000000000000000000 ) ) ;
#323 = STYLED_ITEM ( 'NONE', ( #620 ), #1445 ) ;
#324 = ADVANCED_FACE ( 'NONE', ( #122 ), #75, .T. ) ;
#325 =( CONVERSION_BASED_UNIT ( 'INCH', #1323 ) LENGTH_UNIT ( ) NAMED_UNIT ( #183 ) );
#326 = MECHANICAL_DESIGN_GEOMETRIC_PRESENTATION_REPRESENTATION (  '', ( #1797 ), #450 ) ;
#327 = LINE ( 'NONE', #2022, #722 ) ;
#328 =( NAMED_UNIT ( * ) SI_UNIT ( $, .STERADIAN. ) SOLID_ANGLE_UNIT ( ) );
#329 = FACE_OUTER_BOUND ( 'NONE', #2131, .T. ) ;
#330 =( GEOMETRIC_REPRESENTATION_CONTEXT ( 3 ) GLOBAL_UNCERTAINTY_ASSIGNED_CONTEXT ( ( #1639 ) ) GLOBAL_UNIT_ASSIGNED_CONTEXT ( ( #1973, #1018, #3 ) ) REPRESENTATION_CONTEXT ( 'NONE', 'WORKASPACE' ) );
#331 = DIRECTION ( 'NONE',  ( 1.000000000000000000, -1.204669080551767900E-016, 0.0000000000000000000 ) ) ;
#332 = APPLICATION_PROTOCOL_DEFINITION ( 'draft international standard', 'automotive_design', 1998, #504 ) ;
#333 = VERTEX_POINT ( 'NONE', #216 ) ;
#334 = EDGE_LOOP ( 'NONE', ( #636, #2104, #1997 ) ) ;
#335 = AXIS2_PLACEMENT_3D ( 'NONE', #1411, #1285, #1278 ) ;
#336 = PLANE ( 'NONE',  #1000 ) ;
#337 = EDGE_LOOP ( 'NONE', ( #1877, #1231, #1392, #660 ) ) ;
#338 = VECTOR ( 'NONE', #1154, 39.37007874015748100 ) ;
#339 = VECTOR ( 'NONE', #1187, 39.37007874015748100 ) ;
#340 = PLANE ( 'NONE',  #897 ) ;
#341 = DIMENSIONAL_EXPONENTS ( 1.000000000000000000, 0.0000000000000000000, 0.0000000000000000000, 0.0000000000000000000, 0.0000000000000000000, 0.0000000000000000000, 0.0000000000000000000 ) ;
#342 = SURFACE_STYLE_FILL_AREA ( #265 ) ;
#343 = EDGE_CURVE ( 'NONE', #1704, #333, #1417, .T. ) ;
#344 = DIRECTION ( 'NONE',  ( 0.0000000000000000000, 0.0000000000000000000, 1.000000000000000000 ) ) ;
#345 = PRODUCT_CONTEXT ( 'NONE', #504, 'mechanical' ) ;
#346 = LINE ( 'NONE', #1629, #751 ) ;
#347 = LINE ( 'NONE', #2082, #1358 ) ;
#348 = AXIS2_PLACEMENT_3D ( 'NONE', #245, #87, #1266 ) ;
#349 = FILL_AREA_STYLE_COLOUR ( '', #962 ) ;
#350 = DIRECTION ( 'NONE',  ( 0.0000000000000000000, -0.9925461516413219800, -0.1218693434051477400 ) ) ;
#351 = ADVANCED_FACE ( 'NONE', ( #1819 ), #307, .F. ) ;
#352 = VECTOR ( 'NONE', #1447, 39.37007874015748100 ) ;
#353 = DIRECTION ( 'NONE',  ( 1.224646799147353500E-016, 0.0000000000000000000, 1.000000000000000000 ) ) ;
#354 = STYLED_ITEM ( 'NONE', ( #242 ), #1148 ) ;
#355 = VECTOR ( 'NONE', #1536, 39.37007874015748100 ) ;
#356 = EDGE_CURVE ( 'NONE', #1738, #2090, #2055, .T. ) ;
#357 = CARTESIAN_POINT ( 'NONE',  ( 0.05511811023622047200, 0.003937007874015748000, 0.0000000000000000000 ) ) ;
#358 = DIRECTION ( 'NONE',  ( 9.782915399105889100E-017, -0.1218693434051477400, 0.9925461516413219800 ) ) ;
#359 =( NAMED_UNIT ( * ) SI_UNIT ( $, .STERADIAN. ) SOLID_ANGLE_UNIT ( ) );
#360 = ORIENTED_EDGE ( 'NONE', *, *, #76, .F. ) ;
#361 = ORIENTED_EDGE ( 'NONE', *, *, #1376, .T. ) ;
#362 = DIMENSIONAL_EXPONENTS ( 1.000000000000000000, 0.0000000000000000000, 0.0000000000000000000, 0.0000000000000000000, 0.0000000000000000000, 0.0000000000000000000, 0.0000000000000000000 ) ;
#363 = VERTEX_POINT ( 'NONE', #1692 ) ;
#364 = SURFACE_SIDE_STYLE ('',( #237 ) ) ;
#365 = ORIENTED_EDGE ( 'NONE', *, *, #1552, .F. ) ;
#366 = CARTESIAN_POINT ( 'NONE',  ( 0.04330708661417322100, 0.0000000000000000000, 0.04330708661417323500 ) ) ;
#367 = ORIENTED_EDGE ( 'NONE', *, *, #819, .F. ) ;
#368 = PRESENTATION_LAYER_ASSIGNMENT (  '', '', ( #139 ) ) ;
#369 = PRESENTATION_STYLE_ASSIGNMENT (( #894 ) ) ;
#370 = VECTOR ( 'NONE', #464, 39.37007874015748900 ) ;
#371 = DIRECTION ( 'NONE',  ( 0.9925461516413220900, -0.1218693434051473700, 0.0000000000000000000 ) ) ;
#372 = DIRECTION ( 'NONE',  ( 0.0000000000000000000, 0.0000000000000000000, 1.000000000000000000 ) ) ;
#373 = DIRECTION ( 'NONE',  ( 0.0000000000000000000, 0.0000000000000000000, 1.000000000000000000 ) ) ;
#374 = CARTESIAN_POINT ( 'NONE',  ( 0.04479218676809879100, 0.003937007874015749700, -0.007874015748031502900 ) ) ;
#375 = CARTESIAN_POINT ( 'NONE',  ( -0.05511811023622047200, 0.003937007874015743600, 0.03543307086614175300 ) ) ;
#376 = DIRECTION ( 'NONE',  ( 0.0000000000000000000, 0.0000000000000000000, 1.000000000000000000 ) ) ;
#377 = PRESENTATION_LAYER_ASSIGNMENT (  '', '', ( #31 ) ) ;
#378 = DIRECTION ( 'NONE',  ( 0.0000000000000000000, 0.0000000000000000000, 1.000000000000000000 ) ) ;
#379 = VECTOR ( 'NONE', #1135, 39.37007874015748100 ) ;
#380 = UNCERTAINTY_MEASURE_WITH_UNIT (LENGTH_MEASURE( 1.000000000000000100E-005 ), #325, 'distance_accuracy_value', 'NONE');
#381 = CARTESIAN_POINT ( 'NONE',  ( 0.03385591281019812600, 0.04601202214925174300, -0.01163909865749995400 ) ) ;
#382 = EDGE_CURVE ( 'NONE', #179, #708, #1627, .T. ) ;
#383 = LINE ( 'NONE', #45, #2081 ) ;
#384 = EDGE_CURVE ( 'NONE', #479, #1316, #1993, .T. ) ;
#385 = CIRCLE ( 'NONE', #1247, 0.03363933264366318600 ) ;
#386 =( NAMED_UNIT ( * ) SI_UNIT ( $, .STERADIAN. ) SOLID_ANGLE_UNIT ( ) );
#387 = CARTESIAN_POINT ( 'NONE',  ( 0.03385591281019812600, 0.04937329887704548100, -0.006304903975758127700 ) ) ;
#388 = CARTESIAN_POINT ( 'NONE',  ( 0.03968155824105597300, -0.02952755905511812400, -0.03968155824105595900 ) ) ;
#389 = PLANE ( 'NONE',  #260 ) ;
#390 = MECHANICAL_DESIGN_GEOMETRIC_PRESENTATION_REPRESENTATION (  '', ( #48 ), #503 ) ;
#391 = DIRECTION ( 'NONE',  ( 9.782915399105889100E-017, -0.1218693434051477400, 0.9925461516413219800 ) ) ;
#392 = ORIENTED_EDGE ( 'NONE', *, *, #1815, .F. ) ;
#393 = EDGE_LOOP ( 'NONE', ( #1831, #360, #1454 ) ) ;
#394 = LINE ( 'NONE', #653, #338 ) ;
#395 = VECTOR ( 'NONE', #1823, 39.37007874015748100 ) ;
#396 = CARTESIAN_POINT ( 'NONE',  ( 0.0000000000000000000, -0.02952755905511811700, 0.04330708661417323500 ) ) ;
#397 = CARTESIAN_POINT ( 'NONE',  ( -0.01198294790423105700, -2.750475583589403700E-019, 0.04527559055118111200 ) ) ;
#398 = EDGE_CURVE ( 'NONE', #494, #899, #764, .T. ) ;
#399 = DIRECTION ( 'NONE',  ( -1.000000000000000000, -0.0000000000000000000, 0.0000000000000000000 ) ) ;
#400 = LENGTH_MEASURE_WITH_UNIT ( LENGTH_MEASURE( 0.02539999999999999900 ), #1832 );
#401 = VECTOR ( 'NONE', #422, 39.37007874015748100 ) ;
#402 = STYLED_ITEM ( 'NONE', ( #1580 ), #954 ) ;
#403 = DIRECTION ( 'NONE',  ( 0.0000000000000000000, 0.0000000000000000000, -1.000000000000000000 ) ) ;
#404 =( CONVERSION_BASED_UNIT ( 'INCH', #1855 ) LENGTH_UNIT ( ) NAMED_UNIT ( #1830 ) );
#405 = FACE_OUTER_BOUND ( 'NONE', #1295, .T. ) ;
#406 = EDGE_CURVE ( 'NONE', #1028, #1155, #698, .T. ) ;
#407 = DIRECTION ( 'NONE',  ( -0.1218693434051477400, 0.9925461516413219800, 0.0000000000000000000 ) ) ;
#408 = DIRECTION ( 'NONE',  ( -0.0000000000000000000, -1.000000000000000000, -0.0000000000000000000 ) ) ;
#409 = DIRECTION ( 'NONE',  ( -0.0000000000000000000, -1.000000000000000000, -0.0000000000000000000 ) ) ;
#410 = SURFACE_SIDE_STYLE ('',( #1766 ) ) ;
#411 = VECTOR ( 'NONE', #588, 39.37007874015748100 ) ;
#412 = CARTESIAN_POINT ( 'NONE',  ( -8.239260209503038400E-018, 0.04982600842398178500, -0.03363933264366318600 ) ) ;
#413 = DIRECTION ( 'NONE',  ( 0.0000000000000000000, 0.0000000000000000000, -1.000000000000000000 ) ) ;
#414 = LINE ( 'NONE', #1850, #355 ) ;
#415 = DIRECTION ( 'NONE',  ( 0.0000000000000000000, 0.0000000000000000000, -1.000000000000000000 ) ) ;
#416 = CARTESIAN_POINT ( 'NONE',  ( 0.0000000000000000000, 0.04527559055100564800, 0.0000000000000000000 ) ) ;
#417 = ORIENTED_EDGE ( 'NONE', *, *, #1172, .T. ) ;
#418 = SURFACE_SIDE_STYLE ('',( #973 ) ) ;
#419 = EDGE_CURVE ( 'NONE', #1631, #976, #1147, .T. ) ;
#420 = ORIENTED_EDGE ( 'NONE', *, *, #567, .T. ) ;
#421 = DIRECTION ( 'NONE',  ( -0.0000000000000000000, -1.000000000000000000, -0.0000000000000000000 ) ) ;
#422 = DIRECTION ( 'NONE',  ( -1.000000000000000000, -0.0000000000000000000, 0.0000000000000000000 ) ) ;
#423 = VERTEX_POINT ( 'NONE', #1066 ) ;
#424 = DIRECTION ( 'NONE',  ( 0.9925461516413220900, -0.1218693434051472500, 0.0000000000000000000 ) ) ;
#425 =( NAMED_UNIT ( * ) PLANE_ANGLE_UNIT ( ) SI_UNIT ( $, .RADIAN. ) );
#426 = ORIENTED_EDGE ( 'NONE', *, *, #303, .F. ) ;
#427 = MECHANICAL_DESIGN_GEOMETRIC_PRESENTATION_REPRESENTATION (  '', ( #188 ), #529 ) ;
#428 = CARTESIAN_POINT ( 'NONE',  ( 0.04330708661417322100, 0.0000000000000000000, 0.04330708661417323500 ) ) ;
#429 = ORIENTED_EDGE ( 'NONE', *, *, #928, .F. ) ;
#430 = CARTESIAN_POINT ( 'NONE',  ( -0.01198294790423105000, 0.0000000000000000000, 0.04527559055118111200 ) ) ;
#431 = ORIENTED_EDGE ( 'NONE', *, *, #1210, .T. ) ;
#432 = SURFACE_STYLE_FILL_AREA ( #719 ) ;
#433 = LINE ( 'NONE', #1130, #1275 ) ;
#434 = CARTESIAN_POINT ( 'NONE',  ( 0.05511811023622047200, 0.007874015748031492500, 0.04330708661417324200 ) ) ;
#435 = CARTESIAN_POINT ( 'NONE',  ( 0.03481408134724021200, 0.04527559055100564800, 0.0000000000000000000 ) ) ;
#436 = EDGE_CURVE ( 'NONE', #1492, #1765, #1104, .T. ) ;
#437 = CARTESIAN_POINT ( 'NONE',  ( -0.05511811023622047200, 0.007874015748031492500, 0.04330708661417324200 ) ) ;
#438 = FILL_AREA_STYLE ('',( #259 ) ) ;
#439 = CARTESIAN_POINT ( 'NONE',  ( 0.04527559055118109100, -2.060473412777468700E-018, -0.007874015748031513300 ) ) ;
#440 = SURFACE_STYLE_USAGE ( .BOTH. , #1444 ) ;
#441 = PRESENTATION_LAYER_ASSIGNMENT (  '', '', ( #323 ) ) ;
#442 = VECTOR ( 'NONE', #1466, 39.37007874015748100 ) ;
#443 = DIRECTION ( 'NONE',  ( 1.000000000000000000, 0.0000000000000000000, -0.0000000000000000000 ) ) ;
#444 =( LENGTH_UNIT ( ) NAMED_UNIT ( * ) SI_UNIT ( $, .METRE. ) );
#445 = ADVANCED_FACE ( 'NONE', ( #192 ), #1223, .F. ) ;
#446 = VECTOR ( 'NONE', #2024, 39.37007874015748100 ) ;
#447 =( NAMED_UNIT ( * ) SI_UNIT ( $, .STERADIAN. ) SOLID_ANGLE_UNIT ( ) );
#448 = CARTESIAN_POINT ( 'NONE',  ( 4.263495328693309600E-018, 0.04527559055099622500, 0.03481408134706040500 ) ) ;
#449 = CARTESIAN_POINT ( 'NONE',  ( -0.05511811023622047200, 0.007874015748031492500, 0.03937007874015750100 ) ) ;
#450 =( GEOMETRIC_REPRESENTATION_CONTEXT ( 3 ) GLOBAL_UNCERTAINTY_ASSIGNED_CONTEXT ( ( #88 ) ) GLOBAL_UNIT_ASSIGNED_CONTEXT ( ( #211, #181, #1824 ) ) REPRESENTATION_CONTEXT ( 'NONE', 'WORKASPACE' ) );
#451 = ORIENTED_EDGE ( 'NONE', *, *, #2117, .T. ) ;
#452 = EDGE_LOOP ( 'NONE', ( #583, #1778, #1957, #1269, #1272 ) ) ;
#453 =( NAMED_UNIT ( * ) PLANE_ANGLE_UNIT ( ) SI_UNIT ( $, .RADIAN. ) );
#454 = ORIENTED_EDGE ( 'NONE', *, *, #2080, .F. ) ;
#455 = ORIENTED_EDGE ( 'NONE', *, *, #1505, .T. ) ;
#456 = ORIENTED_EDGE ( 'NONE', *, *, #2029, .T. ) ;
#457 =( LENGTH_UNIT ( ) NAMED_UNIT ( * ) SI_UNIT ( $, .METRE. ) );
#458 = DIRECTION ( 'NONE',  ( 0.0000000000000000000, 0.0000000000000000000, 1.000000000000000000 ) ) ;
#459 = LINE ( 'NONE', #860, #1238 ) ;
#460 = LINE ( 'NONE', #1723, #849 ) ;
#461 = CARTESIAN_POINT ( 'NONE',  ( 0.05511811023622047200, 0.003937007874015743600, 0.03543307086614175300 ) ) ;
#462 = CARTESIAN_POINT ( 'NONE',  ( 0.0000000000000000000, 0.0000000000000000000, 0.04527559055118111200 ) ) ;
#463 = CARTESIAN_POINT ( 'NONE',  ( -0.02182546758927041100, 0.0000000000000000000, -0.04527559055118110500 ) ) ;
#464 = DIRECTION ( 'NONE',  ( 0.1209742911513546500, 0.9852565360152929500, 0.1209742911513549500 ) ) ;
#465 = VECTOR ( 'NONE', #944, 39.37007874015748100 ) ;
#466 = PLANE ( 'NONE',  #1709 ) ;
#467 = LINE ( 'NONE', #252, #1258 ) ;
#468 = ORIENTED_EDGE ( 'NONE', *, *, #563, .T. ) ;
#469 = PLANE ( 'NONE',  #2045 ) ;
#470 = PRESENTATION_LAYER_ASSIGNMENT (  '', '', ( #354 ) ) ;
#471 = ORIENTED_EDGE ( 'NONE', *, *, #857, .T. ) ;
#472 = ORIENTED_EDGE ( 'NONE', *, *, #782, .F. ) ;
#473 = CLOSED_SHELL ( 'NONE', ( #1445, #1789, #2107, #1912, #1186, #1329, #351, #788, #1480, #141, #1983, #1160 ) ) ;
#474 = ORIENTED_EDGE ( 'NONE', *, *, #1669, .T. ) ;
#475 = COLOUR_RGB ( '',0.7921568627450980000, 0.8196078431372548800, 0.9333333333333333500 ) ;
#476 = VERTEX_POINT ( 'NONE', #375 ) ;
#477 = AXIS2_PLACEMENT_3D ( 'NONE', #1895, #941, #2061 ) ;
#478 = LINE ( 'NONE', #1851, #21 ) ;
#479 = VERTEX_POINT ( 'NONE', #527 ) ;
#480 =( BOUNDED_SURFACE ( )  B_SPLINE_SURFACE ( 3, 3, ( 
 ( #920, #1076, #1858, #902 ),
 ( #893, #752, #738, #727 ),
 ( #718, #571, #559, #555 ),
 ( #544, #387, #381, #229 ) ),
 .UNSPECIFIED., .F., .F., .F. ) 
 B_SPLINE_SURFACE_WITH_KNOTS ( ( 4, 4 ),
 ( 4, 4 ),
 ( 0.0000000000000000000, 1.000000000000000000 ),
 ( 0.0000000000000000000, 1.000000000000000000 ),
 .UNSPECIFIED. ) 
 GEOMETRIC_REPRESENTATION_ITEM ( )  RATIONAL_B_SPLINE_SURFACE ( (
 ( 1.000000000000000000, 0.8973593361877677500, 0.8973593361877677500, 1.000000000000000000),
 ( 0.6170026021410388600, 0.5536730454834080100, 0.5536730454834080100, 0.6170026021410388600),
 ( 0.6170026021410388600, 0.5536730454834080100, 0.5536730454834080100, 0.6170026021410388600),
 ( 1.000000000000000000, 0.8973593361877677500, 0.8973593361877677500, 1.000000000000000000) ) ) 
 REPRESENTATION_ITEM ( '' )  SURFACE ( )  );
#481 = FACE_OUTER_BOUND ( 'NONE', #642, .T. ) ;
#482 = ADVANCED_FACE ( 'NONE', ( #891 ), #516, .T. ) ;
#483 = COLOUR_RGB ( '',0.7921568627450980000, 0.8196078431372548800, 0.9333333333333333500 ) ;
#484 = CARTESIAN_POINT ( 'NONE',  ( -0.07480314960629921800, 0.007874015748031492500, 0.03937007874015750100 ) ) ;
#485 = MECHANICAL_DESIGN_GEOMETRIC_PRESENTATION_REPRESENTATION (  '', ( #139 ), #607 ) ;
#486 = DIRECTION ( 'NONE',  ( -0.1218693434051473400, -0.9925461516413219800, 0.0000000000000000000 ) ) ;
#487 = PRODUCT_DEFINITION_SHAPE ( 'NONE', 'NONE',  #804 ) ;
#488 = ADVANCED_FACE ( 'NONE', ( #1333 ), #389, .F. ) ;
#489 = MECHANICAL_DESIGN_GEOMETRIC_PRESENTATION_REPRESENTATION (  '', ( #31 ), #617 ) ;
#490 =( NAMED_UNIT ( * ) SI_UNIT ( $, .STERADIAN. ) SOLID_ANGLE_UNIT ( ) );
#491 = DIRECTION ( 'NONE',  ( 0.0000000000000000000, -2.710505431213758100E-016, 1.000000000000000000 ) ) ;
#492 = EDGE_CURVE ( 'NONE', #1829, #584, #1288, .T. ) ;
#493 = ORIENTED_EDGE ( 'NONE', *, *, #1925, .T. ) ;
#494 = VERTEX_POINT ( 'NONE', #10 ) ;
#495 = EDGE_LOOP ( 'NONE', ( #1540, #361, #821, #1175 ) ) ;
#496 = EDGE_LOOP ( 'NONE', ( #1933, #102 ) ) ;
#497 = DIMENSIONAL_EXPONENTS ( 1.000000000000000000, 0.0000000000000000000, 0.0000000000000000000, 0.0000000000000000000, 0.0000000000000000000, 0.0000000000000000000, 0.0000000000000000000 ) ;
#498 = EDGE_LOOP ( 'NONE', ( #1764, #1025, #704, #820, #1234, #1091 ) ) ;
#499 = CARTESIAN_POINT ( 'NONE',  ( 0.05511811023622047200, 0.007874015748031492500, 0.03543307086614175300 ) ) ;
#500 = DIRECTION ( 'NONE',  ( 0.0000000000000000000, -0.9925461516413219800, 0.1218693434051477400 ) ) ;
#501 = EDGE_CURVE ( 'NONE', #708, #2064, #383, .T. ) ;
#502 = VECTOR ( 'NONE', #682, 39.37007874015748900 ) ;
#503 =( GEOMETRIC_REPRESENTATION_CONTEXT ( 3 ) GLOBAL_UNCERTAINTY_ASSIGNED_CONTEXT ( ( #1908 ) ) GLOBAL_UNIT_ASSIGNED_CONTEXT ( ( #1217, #208, #1389 ) ) REPRESENTATION_CONTEXT ( 'NONE', 'WORKASPACE' ) );
#504 = APPLICATION_CONTEXT ( 'automotive_design' ) ;
#505 = EDGE_CURVE ( 'NONE', #2129, #423, #1696, .T. ) ;
#506 = SURFACE_SIDE_STYLE ('',( #1061 ) ) ;
#507 = AXIS2_PLACEMENT_3D ( 'NONE', #1903, #1603, #615 ) ;
#508 = CARTESIAN_POINT ( 'NONE',  ( -0.04330708661417324200, -2.667879157931232900E-018, -0.04330708661417324200 ) ) ;
#509 = VECTOR ( 'NONE', #1068, 39.37007874015748100 ) ;
#510 = APPLICATION_PROTOCOL_DEFINITION ( 'draft international standard', 'automotive_design', 1998, #1512 ) ;
#511 = CARTESIAN_POINT ( 'NONE',  ( -0.04479218676809879100, 0.003937007874015748000, -0.007874015748031496000 ) ) ;
#512 = VECTOR ( 'NONE', #553, 39.37007874015748100 ) ;
#513 = ADVANCED_FACE ( 'NONE', ( #839 ), #1897, .T. ) ;
#514 = DIMENSIONAL_EXPONENTS ( 1.000000000000000000, 0.0000000000000000000, 0.0000000000000000000, 0.0000000000000000000, 0.0000000000000000000, 0.0000000000000000000, 0.0000000000000000000 ) ;
#515 = FILL_AREA_STYLE ('',( #349 ) ) ;
#516 = PLANE ( 'NONE',  #25 ) ;
#517 = ORIENTED_EDGE ( 'NONE', *, *, #193, .T. ) ;
#518 = AXIS2_PLACEMENT_3D ( 'NONE', #224, #66, #52 ) ;
#519 = EDGE_CURVE ( 'NONE', #476, #1854, #1871, .T. ) ;
#520 = ORIENTED_EDGE ( 'NONE', *, *, #505, .T. ) ;
#521 = VECTOR ( 'NONE', #1006, 39.37007874015748100 ) ;
#522 = PRESENTATION_STYLE_ASSIGNMENT (( #1062 ) ) ;
#523 = ORIENTED_EDGE ( 'NONE', *, *, #1325, .F. ) ;
#524 = ORIENTED_EDGE ( 'NONE', *, *, #1248, .F. ) ;
#525 = EDGE_CURVE ( 'NONE', #153, #1615, #166, .T. ) ;
#526 = CARTESIAN_POINT ( 'NONE',  ( 0.02182546758927042200, 5.345697804618863900E-018, -0.04527559055118110500 ) ) ;
#527 = CARTESIAN_POINT ( 'NONE',  ( 0.0000000000000000000, 0.04527559055100564800, -0.03481408134715006200 ) ) ;
#528 = CARTESIAN_POINT ( 'NONE',  ( 0.05511811023622047200, 0.03346456692913385400, 0.04330708661417324200 ) ) ;
#529 =( GEOMETRIC_REPRESENTATION_CONTEXT ( 3 ) GLOBAL_UNCERTAINTY_ASSIGNED_CONTEXT ( ( #736 ) ) GLOBAL_UNIT_ASSIGNED_CONTEXT ( ( #862, #1986, #1038 ) ) REPRESENTATION_CONTEXT ( 'NONE', 'WORKASPACE' ) );
#530 =( LENGTH_UNIT ( ) NAMED_UNIT ( * ) SI_UNIT ( $, .METRE. ) );
#531 = DIRECTION ( 'NONE',  ( -0.1218693434051477400, -0.9925461516413219800, 0.0000000000000000000 ) ) ;
#532 = EDGE_CURVE ( 'NONE', #866, #153, #1017, .T. ) ;
#533 = LINE ( 'NONE', #396, #97 ) ;
#534 = DIRECTION ( 'NONE',  ( 0.0000000000000000000, 0.0000000000000000000, 1.000000000000000000 ) ) ;
#535 = UNCERTAINTY_MEASURE_WITH_UNIT (LENGTH_MEASURE( 1.000000000000000100E-005 ), #1816, 'distance_accuracy_value', 'NONE');
#536 = COLOUR_RGB ( '',0.7921568627450980000, 0.8196078431372548800, 0.9333333333333333500 ) ;
#537 = CARTESIAN_POINT ( 'NONE',  ( 0.0000000000000000000, 0.03346456692913385400, 0.0000000000000000000 ) ) ;
#538 = DIRECTION ( 'NONE',  ( -0.9925461516413219800, 0.1218693434051477400, 0.0000000000000000000 ) ) ;
#539 = MECHANICAL_DESIGN_GEOMETRIC_PRESENTATION_REPRESENTATION (  '', ( #323 ), #664 ) ;
#540 = VERTEX_POINT ( 'NONE', #1257 ) ;
#541 = CARTESIAN_POINT ( 'NONE',  ( -0.04527559055118109100, -2.554430354705067600E-018, 0.007874015748031480300 ) ) ;
#542 = EDGE_LOOP ( 'NONE', ( #124, #1564, #739, #979 ) ) ;
#543 = EDGE_LOOP ( 'NONE', ( #1560, #1677, #1198, #155, #1592, #802 ) ) ;
#544 = CARTESIAN_POINT ( 'NONE',  ( 0.03385591281019813300, 0.04937329887704548800, 0.0000000000000000000 ) ) ;
#545 = CARTESIAN_POINT ( 'NONE',  ( 0.05511811023622047200, 0.007874015748031492500, 0.03543307086614175300 ) ) ;
#546 = EDGE_LOOP ( 'NONE', ( #14, #1600, #1735, #1798 ) ) ;
#547 = CARTESIAN_POINT ( 'NONE',  ( -0.04527559055118109100, 0.0000000000000000000, 0.04527559055118110500 ) ) ;
#548 = ORIENTED_EDGE ( 'NONE', *, *, #726, .F. ) ;
#549 = AXIS2_PLACEMENT_3D ( 'NONE', #1235, #219, #1406 ) ;
#550 = COLOUR_RGB ( '',0.7921568627450980000, 0.8196078431372548800, 0.9333333333333333500 ) ;
#551 = DIRECTION ( 'NONE',  ( 0.0000000000000000000, -2.710505431213758100E-016, 1.000000000000000000 ) ) ;
#552 = CIRCLE ( 'NONE', #2105, 0.003937007874015749700 ) ;
#553 = DIRECTION ( 'NONE',  ( -1.000000000000000000, -0.0000000000000000000, 0.0000000000000000000 ) ) ;
#554 = CARTESIAN_POINT ( 'NONE',  ( 0.05511811023622047200, 0.0000000000000000000, 0.0000000000000000000 ) ) ;
#555 = CARTESIAN_POINT ( 'NONE',  ( 0.01829052945790716300, 0.05461109081370685300, -0.04422284529207251600 ) ) ;
#556 = CARTESIAN_POINT ( 'NONE',  ( -0.05511811023622047200, 0.03346456692913385400, 0.04330708661417324200 ) ) ;
#557 = CARTESIAN_POINT ( 'NONE',  ( -0.06727866528732637200, 0.04982600842398178500, -0.03363933264366317200 ) ) ;
#558 = SURFACE_SIDE_STYLE ('',( #1161 ) ) ;
#559 = CARTESIAN_POINT ( 'NONE',  ( 0.01829052945790716000, 0.07212627985170015600, -0.03584342722057060800 ) ) ;
#560 = CARTESIAN_POINT ( 'NONE',  ( -0.01968503937007875700, -5.239361490523717300E-017, 0.04330708661417323500 ) ) ;
#561 = CARTESIAN_POINT ( 'NONE',  ( 0.0000000000000000000, 0.04982600842398178500, 0.0000000000000000000 ) ) ;
#562 = STYLED_ITEM ( 'NONE', ( #1107 ), #141 ) ;
#563 = EDGE_CURVE ( 'NONE', #676, #1559, #1467, .T. ) ;
#564 =( NAMED_UNIT ( * ) SI_UNIT ( $, .STERADIAN. ) SOLID_ANGLE_UNIT ( ) );
#565 = VECTOR ( 'NONE', #1408, 39.37007874015748900 ) ;
#566 = CARTESIAN_POINT ( 'NONE',  ( -0.06727866528732635900, 0.04982600842398178500, 0.03363933264366319300 ) ) ;
#567 = EDGE_CURVE ( 'NONE', #226, #1294, #1413, .T. ) ;
#568 = LINE ( 'NONE', #239, #1020 ) ;
#569 =( CONVERSION_BASED_UNIT ( 'INCH', #1386 ) LENGTH_UNIT ( ) NAMED_UNIT ( #1501 ) );
#570 = DIRECTION ( 'NONE',  ( -0.1209742911513546500, -0.9852565360152929500, 0.1209742911513549500 ) ) ;
#571 = CARTESIAN_POINT ( 'NONE',  ( 0.01829052945790716000, 0.08247756918313291200, -0.01941639756117631900 ) ) ;
#572 = DIRECTION ( 'NONE',  ( -0.0000000000000000000, 1.000000000000000000, 1.204669080539449100E-016 ) ) ;
#573 = VERTEX_POINT ( 'NONE', #932 ) ;
#574 = FILL_AREA_STYLE_COLOUR ( '', #1919 ) ;
#575 = ORIENTED_EDGE ( 'NONE', *, *, #225, .F. ) ;
#576 = PRESENTATION_LAYER_ASSIGNMENT (  '', '', ( #234 ) ) ;
#577 =( LENGTH_UNIT ( ) NAMED_UNIT ( * ) SI_UNIT ( $, .METRE. ) );
#578 = ORIENTED_EDGE ( 'NONE', *, *, #1248, .T. ) ;
#579 = EDGE_LOOP ( 'NONE', ( #784, #468, #586, #293 ) ) ;
#580 = SURFACE_STYLE_FILL_AREA ( #2121 ) ;
#581 = CARTESIAN_POINT ( 'NONE',  ( 4.119630104751519200E-018, 0.04982600842398178500, 0.03363933264366318600 ) ) ;
#582 =( LENGTH_UNIT ( ) NAMED_UNIT ( * ) SI_UNIT ( $, .METRE. ) );
#583 = ORIENTED_EDGE ( 'NONE', *, *, #1970, .F. ) ;
#584 = VERTEX_POINT ( 'NONE', #1074 ) ;
#585 = CIRCLE ( 'NONE', #1647, 0.003937007874015745400 ) ;
#586 = ORIENTED_EDGE ( 'NONE', *, *, #628, .T. ) ;
#587 = EDGE_CURVE ( 'NONE', #899, #82, #1354, .T. ) ;
#588 = DIRECTION ( 'NONE',  ( -1.000000000000000000, -0.0000000000000000000, -0.0000000000000000000 ) ) ;
#589 = EDGE_LOOP ( 'NONE', ( #2067, #1363, #1236 ) ) ;
#590 = MECHANICAL_DESIGN_GEOMETRIC_PRESENTATION_REPRESENTATION (  '', ( #354 ), #691 ) ;
#591 = CARTESIAN_POINT ( 'NONE',  ( 0.07480314960629921800, 0.007874015748031492500, 0.03543307086614175300 ) ) ;
#592 = LENGTH_MEASURE_WITH_UNIT ( LENGTH_MEASURE( 0.02539999999999999900 ), #1055 );
#593 = EDGE_CURVE ( 'NONE', #1059, #479, #120, .T. ) ;
#594 = CARTESIAN_POINT ( 'NONE',  ( -8.409432997976912500E-018, 0.04839840391531079200, -0.03433411577865506900 ) ) ;
#595 = SURFACE_STYLE_USAGE ( .BOTH. , #602 ) ;
#596 = DIRECTION ( 'NONE',  ( -6.023345402758839500E-017, -1.000000000000000000, 0.0000000000000000000 ) ) ;
#597 = AXIS2_PLACEMENT_3D ( 'NONE', #756, #2051, #1096 ) ;
#598 = CARTESIAN_POINT ( 'NONE',  ( -0.03543307086577941100, 0.03346456693639907700, 4.339299681973808800E-018 ) ) ;
#599 = DIRECTION ( 'NONE',  ( 0.1218693434051469800, 0.9925461516413219800, 0.0000000000000000000 ) ) ;
#600 = DIRECTION ( 'NONE',  ( 0.0000000000000000000, -1.204669080539449100E-016, 1.000000000000000000 ) ) ;
#601 = CARTESIAN_POINT ( 'NONE',  ( -0.06866823155731013900, 0.04839840391531077800, -0.03433411577865505500 ) ) ;
#602 = SURFACE_SIDE_STYLE ('',( #1489 ) ) ;
#603 = DIRECTION ( 'NONE',  ( 1.000000000000000000, -1.204669080551767900E-016, 0.0000000000000000000 ) ) ;
#604 = FACE_OUTER_BOUND ( 'NONE', #589, .T. ) ;
#605 = PLANE ( 'NONE',  #291 ) ;
#606 = CARTESIAN_POINT ( 'NONE',  ( 0.04527559055118109100, 0.0000000000000000000, 0.04527559055118110500 ) ) ;
#607 =( GEOMETRIC_REPRESENTATION_CONTEXT ( 3 ) GLOBAL_UNCERTAINTY_ASSIGNED_CONTEXT ( ( #1263 ) ) GLOBAL_UNIT_ASSIGNED_CONTEXT ( ( #1727, #1711, #1596 ) ) REPRESENTATION_CONTEXT ( 'NONE', 'WORKASPACE' ) );
#608 = CARTESIAN_POINT ( 'NONE',  ( -0.03385591281019812600, 0.04601202214925175600, 0.01163909865749995900 ) ) ;
#609 = VECTOR ( 'NONE', #946, 39.37007874015748100 ) ;
#610 = CARTESIAN_POINT ( 'NONE',  ( 0.04527559055118109100, 0.0000000000000000000, 0.04527559055118110500 ) ) ;
#611 =( CONVERSION_BASED_UNIT ( 'INCH', #1887 ) LENGTH_UNIT ( ) NAMED_UNIT ( #1660 ) );
#612 = ORIENTED_EDGE ( 'NONE', *, *, #56, .F. ) ;
#613 = ADVANCED_FACE ( 'NONE', ( #65 ), #770, .T. ) ;
#614 = EDGE_LOOP ( 'NONE', ( #420, #317, #1786 ) ) ;
#615 = DIRECTION ( 'NONE',  ( 0.0000000000000000000, 0.6214964815198554800, -0.7834169537726636300 ) ) ;
#616 = EDGE_LOOP ( 'NONE', ( #429, #1054, #1911, #773 ) ) ;
#617 =( GEOMETRIC_REPRESENTATION_CONTEXT ( 3 ) GLOBAL_UNCERTAINTY_ASSIGNED_CONTEXT ( ( #1048 ) ) GLOBAL_UNIT_ASSIGNED_CONTEXT ( ( #1245, #230, #1415 ) ) REPRESENTATION_CONTEXT ( 'NONE', 'WORKASPACE' ) );
#618 = ORIENTED_EDGE ( 'NONE', *, *, #281, .T. ) ;
#619 = CYLINDRICAL_SURFACE ( 'NONE', #273, 0.007874015748031496000 ) ;
#620 = PRESENTATION_STYLE_ASSIGNMENT (( #1658 ) ) ;
#621 = FILL_AREA_STYLE ('',( #1563 ) ) ;
#622 = CARTESIAN_POINT ( 'NONE',  ( 0.06946197552896027400, 0.04686111055855868300, -0.03473098776448015100 ) ) ;
#623 = EDGE_CURVE ( 'NONE', #957, #803, #11, .T. ) ;
#624 = FACE_OUTER_BOUND ( 'NONE', #998, .T. ) ;
#625 = EDGE_CURVE ( 'NONE', #2087, #1559, #1729, .T. ) ;
#626 = CARTESIAN_POINT ( 'NONE',  ( -0.04116665839498154200, 0.03346456692913385400, 0.03132413870994221700 ) ) ;
#627 = EDGE_CURVE ( 'NONE', #38, #263, #1311, .T. ) ;
#628 = EDGE_CURVE ( 'NONE', #1559, #1631, #467, .T. ) ;
#629 = DIRECTION ( 'NONE',  ( -1.000000000000000000, -0.0000000000000000000, -0.0000000000000000000 ) ) ;
#630 =( NAMED_UNIT ( * ) PLANE_ANGLE_UNIT ( ) SI_UNIT ( $, .RADIAN. ) );
#631 = VECTOR ( 'NONE', #1904, 39.37007874015748100 ) ;
#632 = VECTOR ( 'NONE', #1094, 39.37007874015748100 ) ;
#633 = DIRECTION ( 'NONE',  ( 1.000000000000000000, 0.0000000000000000000, -0.0000000000000000000 ) ) ;
#634 = PRESENTATION_LAYER_ASSIGNMENT (  '', '', ( #402 ) ) ;
#635 = ORIENTED_EDGE ( 'NONE', *, *, #1449, .T. ) ;
#636 = ORIENTED_EDGE ( 'NONE', *, *, #525, .F. ) ;
#637 = LINE ( 'NONE', #1442, #1879 ) ;
#638 = ORIENTED_EDGE ( 'NONE', *, *, #994, .F. ) ;
#639 = FILL_AREA_STYLE ('',( #290 ) ) ;
#640 = EDGE_LOOP ( 'NONE', ( #172, #1201, #130, #1929 ) ) ;
#641 = ORIENTED_EDGE ( 'NONE', *, *, #306, .F. ) ;
#642 = EDGE_LOOP ( 'NONE', ( #2114, #1825, #431, #127 ) ) ;
#643 = PRESENTATION_LAYER_ASSIGNMENT (  '', '', ( #178 ) ) ;
#644 = UNCERTAINTY_MEASURE_WITH_UNIT (LENGTH_MEASURE( 1.000000000000000100E-005 ), #569, 'distance_accuracy_value', 'NONE');
#645 = EDGE_CURVE ( 'NONE', #1056, #899, #414, .T. ) ;
#646 = CARTESIAN_POINT ( 'NONE',  ( 0.05511811023622047200, 0.03346456692913384700, 0.04330708661417324200 ) ) ;
#647 = EDGE_CURVE ( 'NONE', #1785, #1952, #1668, .T. ) ;
#648 = ADVANCED_FACE ( 'NONE', ( #815 ), #1724, .T. ) ;
#649 = VECTOR ( 'NONE', #2086, 39.37007874015748100 ) ;
#650 = CARTESIAN_POINT ( 'NONE',  ( -0.04527559055118109100, -1.994975478001475600E-018, -0.007874015748031504600 ) ) ;
#651 = CARTESIAN_POINT ( 'NONE',  ( -0.01829052945790715300, 0.07212627985170015600, 0.03584342722057060100 ) ) ;
#652 = VECTOR ( 'NONE', #1987, 39.37007874015748100 ) ;
#653 = CARTESIAN_POINT ( 'NONE',  ( -0.04330708661417324200, 0.0000000000000000000, -0.04330708661417323500 ) ) ;
#654 = UNCERTAINTY_MEASURE_WITH_UNIT (LENGTH_MEASURE( 1.000000000000000100E-005 ), #1164, 'distance_accuracy_value', 'NONE');
#655 = VECTOR ( 'NONE', #1440, 39.37007874015748100 ) ;
#656 = ORIENTED_EDGE ( 'NONE', *, *, #159, .T. ) ;
#657 = ADVANCED_FACE ( 'NONE', ( #604 ), #480, .T. ) ;
#658 = ORIENTED_EDGE ( 'NONE', *, *, #1293, .F. ) ;
#659 = EDGE_LOOP ( 'NONE', ( #266, #1451, #1474 ) ) ;
#660 = ORIENTED_EDGE ( 'NONE', *, *, #165, .T. ) ;
#661 = VERTEX_POINT ( 'NONE', #2020 ) ;
#662 = COLOUR_RGB ( '',0.7921568627450980000, 0.8196078431372548800, 0.9333333333333333500 ) ;
#663 = ORIENTED_EDGE ( 'NONE', *, *, #222, .F. ) ;
#664 =( GEOMETRIC_REPRESENTATION_CONTEXT ( 3 ) GLOBAL_UNCERTAINTY_ASSIGNED_CONTEXT ( ( #535 ) ) GLOBAL_UNIT_ASSIGNED_CONTEXT ( ( #1816, #853, #1977 ) ) REPRESENTATION_CONTEXT ( 'NONE', 'WORKASPACE' ) );
#665 = COLOUR_RGB ( '',0.7921568627450980000, 0.8196078431372548800, 0.9333333333333333500 ) ;
#666 = CARTESIAN_POINT ( 'NONE',  ( -0.05511811023622047200, -4.268512490100411300E-018, 0.007874015748031496000 ) ) ;
#667 = DIRECTION ( 'NONE',  ( 0.0000000000000000000, 0.0000000000000000000, 1.000000000000000000 ) ) ;
#668 = FILL_AREA_STYLE_COLOUR ( '', #475 ) ;
#669 = SURFACE_STYLE_FILL_AREA ( #753 ) ;
#670 = AXIS2_PLACEMENT_3D ( 'NONE', #1809, #169, #1350 ) ;
#671 = DIMENSIONAL_EXPONENTS ( 1.000000000000000000, 0.0000000000000000000, 0.0000000000000000000, 0.0000000000000000000, 0.0000000000000000000, 0.0000000000000000000, 0.0000000000000000000 ) ;
#672 = VECTOR ( 'NONE', #1562, 39.37007874015748100 ) ;
#673 = SURFACE_SIDE_STYLE ('',( #1204 ) ) ;
#674 = AXIS2_PLACEMENT_3D ( 'NONE', #918, #789, #775 ) ;
#675 =( LENGTH_UNIT ( ) NAMED_UNIT ( * ) SI_UNIT ( $, .METRE. ) );
#676 = VERTEX_POINT ( 'NONE', #42 ) ;
#677 = ORIENTED_EDGE ( 'NONE', *, *, #306, .T. ) ;
#678 = VERTEX_POINT ( 'NONE', #1057 ) ;
#679 = PRESENTATION_STYLE_ASSIGNMENT (( #150 ) ) ;
#680 = EDGE_CURVE ( 'NONE', #1138, #38, #533, .T. ) ;
#681 = ORIENTED_EDGE ( 'NONE', *, *, #647, .T. ) ;
#682 = DIRECTION ( 'NONE',  ( 0.1209742911513545200, -0.9852565360152931700, -0.1209742911513546800 ) ) ;
#683 =( NAMED_UNIT ( * ) SI_UNIT ( $, .STERADIAN. ) SOLID_ANGLE_UNIT ( ) );
#684 = ADVANCED_FACE ( 'NONE', ( #1845 ), #2018, .T. ) ;
#685 = VECTOR ( 'NONE', #1185, 39.37007874015748100 ) ;
#686 = ORIENTED_EDGE ( 'NONE', *, *, #1267, .F. ) ;
#687 = LINE ( 'NONE', #1732, #1139 ) ;
#688 = CARTESIAN_POINT ( 'NONE',  ( 0.04527559055118109100, -1.384060439588498200E-018, 0.04527559055118110500 ) ) ;
#689 = SURFACE_STYLE_FILL_AREA ( #1849 ) ;
#690 = SURFACE_STYLE_USAGE ( .BOTH. , #1666 ) ;
#691 =( GEOMETRIC_REPRESENTATION_CONTEXT ( 3 ) GLOBAL_UNCERTAINTY_ASSIGNED_CONTEXT ( ( #702 ) ) GLOBAL_UNIT_ASSIGNED_CONTEXT ( ( #32, #1212, #203 ) ) REPRESENTATION_CONTEXT ( 'NONE', 'WORKASPACE' ) );
#692 = ADVANCED_FACE ( 'NONE', ( #1218 ), #340, .T. ) ;
#693 = DIMENSIONAL_EXPONENTS ( 1.000000000000000000, 0.0000000000000000000, 0.0000000000000000000, 0.0000000000000000000, 0.0000000000000000000, 0.0000000000000000000, 0.0000000000000000000 ) ;
#694 = COLOUR_RGB ( '',0.7921568627450980000, 0.8196078431372548800, 0.9333333333333333500 ) ;
#695 = DIRECTION ( 'NONE',  ( -0.0000000000000000000, 0.0000000000000000000, -1.000000000000000000 ) ) ;
#696 = AXIS2_PLACEMENT_3D ( 'NONE', #1590, #596, #603 ) ;
#697 = DIRECTION ( 'NONE',  ( 0.0000000000000000000, -0.0000000000000000000, 1.000000000000000000 ) ) ;
#698 = LINE ( 'NONE', #1662, #1529 ) ;
#699 = VECTOR ( 'NONE', #1901, 39.37007874015748100 ) ;
#700 = CARTESIAN_POINT ( 'NONE',  ( 0.0000000000000000000, 0.0000000000000000000, 0.04527559055118111200 ) ) ;
#701 = VECTOR ( 'NONE', #599, 39.37007874015748900 ) ;
#702 = UNCERTAINTY_MEASURE_WITH_UNIT (LENGTH_MEASURE( 1.000000000000000100E-005 ), #32, 'distance_accuracy_value', 'NONE');
#703 =( NAMED_UNIT ( * ) PLANE_ANGLE_UNIT ( ) SI_UNIT ( $, .RADIAN. ) );
#704 = ORIENTED_EDGE ( 'NONE', *, *, #970, .T. ) ;
#705 = EDGE_LOOP ( 'NONE', ( #1907, #1497, #2000, #1366, #742, #824, #267, #984, #2089, #1371, #1132, #315, #1534 ) ) ;
#706 = DIMENSIONAL_EXPONENTS ( 1.000000000000000000, 0.0000000000000000000, 0.0000000000000000000, 0.0000000000000000000, 0.0000000000000000000, 0.0000000000000000000, 0.0000000000000000000 ) ;
#707 = CARTESIAN_POINT ( 'NONE',  ( 0.0000000000000000000, 0.04982600842398178500, -0.03363933264366318600 ) ) ;
#708 = VERTEX_POINT ( 'NONE', #1841 ) ;
#709 = ORIENTED_EDGE ( 'NONE', *, *, #1717, .T. ) ;
#710 = PRESENTATION_STYLE_ASSIGNMENT (( #1572 ) ) ;
#711 = FILL_AREA_STYLE_COLOUR ( '', #483 ) ;
#712 = VERTEX_POINT ( 'NONE', #1867 ) ;
#713 = LENGTH_MEASURE_WITH_UNIT ( LENGTH_MEASURE( 0.02539999999999999900 ), #1966 );
#714 = DIRECTION ( 'NONE',  ( 0.0000000000000000000, -0.0000000000000000000, 1.000000000000000000 ) ) ;
#715 =( NAMED_UNIT ( * ) PLANE_ANGLE_UNIT ( ) SI_UNIT ( $, .RADIAN. ) );
#716 = VECTOR ( 'NONE', #54, 39.37007874015748100 ) ;
#717 = CARTESIAN_POINT ( 'NONE',  ( -0.05511811023622047200, -4.268512490100412000E-018, 0.03543307086614175300 ) ) ;
#718 = CARTESIAN_POINT ( 'NONE',  ( 0.01829052945790716300, 0.08247756918313292600, 0.0000000000000000000 ) ) ;
#719 = FILL_AREA_STYLE ('',( #1698 ) ) ;
#720 = EDGE_CURVE ( 'NONE', #1765, #1492, #795, .T. ) ;
#721 = EDGE_CURVE ( 'NONE', #1496, #176, #1646, .T. ) ;
#722 = VECTOR ( 'NONE', #57, 39.37007874015748100 ) ;
#723 = CARTESIAN_POINT ( 'NONE',  ( -0.06866823155731011100, 0.04839840391531077800, 0.03433411577865507600 ) ) ;
#724 = EDGE_CURVE ( 'NONE', #871, #44, #327, .T. ) ;
#725 = DIRECTION ( 'NONE',  ( 0.0000000000000000000, 1.204669080539449100E-016, -1.000000000000000000 ) ) ;
#726 = EDGE_CURVE ( 'NONE', #82, #292, #1167, .T. ) ;
#727 = CARTESIAN_POINT ( 'NONE',  ( -0.01829052945790715600, 0.05461109081370685300, -0.04422284529207251600 ) ) ;
#728 = CARTESIAN_POINT ( 'NONE',  ( 0.05511811023622047200, 0.007874015748031492500, 0.04330708661417324200 ) ) ;
#729 =( CONVERSION_BASED_UNIT ( 'INCH', #992 ) LENGTH_UNIT ( ) NAMED_UNIT ( #1336 ) );
#730 = LINE ( 'NONE', #1108, #632 ) ;
#731 = STYLED_ITEM ( 'NONE', ( #202 ), #1624 ) ;
#732 = DIRECTION ( 'NONE',  ( -1.000000000000000000, -0.0000000000000000000, 0.0000000000000000000 ) ) ;
#733 = CARTESIAN_POINT ( 'NONE',  ( 4.204716498988456200E-018, 0.04839840391531079200, 0.03433411577865506900 ) ) ;
#734 = ORIENTED_EDGE ( 'NONE', *, *, #917, .F. ) ;
#735 =( LENGTH_UNIT ( ) NAMED_UNIT ( * ) SI_UNIT ( $, .METRE. ) );
#736 = UNCERTAINTY_MEASURE_WITH_UNIT (LENGTH_MEASURE( 1.000000000000000100E-005 ), #862, 'distance_accuracy_value', 'NONE');
#737 = ORIENTED_EDGE ( 'NONE', *, *, #398, .F. ) ;
#738 = CARTESIAN_POINT ( 'NONE',  ( -0.01829052945790715300, 0.07212627985170015600, -0.03584342722057060800 ) ) ;
#739 = ORIENTED_EDGE ( 'NONE', *, *, #1302, .F. ) ;
#740 = VECTOR ( 'NONE', #600, 39.37007874015748100 ) ;
#741 = DIRECTION ( 'NONE',  ( 0.0000000000000000000, 0.0000000000000000000, -1.000000000000000000 ) ) ;
#742 = ORIENTED_EDGE ( 'NONE', *, *, #782, .T. ) ;
#743 = MECHANICAL_DESIGN_GEOMETRIC_PRESENTATION_REPRESENTATION (  '', ( #402 ), #854 ) ;
#744 = COLOUR_RGB ( '',0.7921568627450980000, 0.8196078431372548800, 0.9333333333333333500 ) ;
#745 = CARTESIAN_POINT ( 'NONE',  ( -0.07480314960629921800, 0.03346456692913384700, 0.04330708661417324200 ) ) ;
#746 = LINE ( 'NONE', #357, #685 ) ;
#747 = CARTESIAN_POINT ( 'NONE',  ( -8.506638599399299300E-018, 0.04686111055855868300, -0.03473098776448014400 ) ) ;
#748 = VECTOR ( 'NONE', #257, 39.37007874015748100 ) ;
#749 = CARTESIAN_POINT ( 'NONE',  ( -0.04527559055118109100, 0.0000000000000000000, 0.007874015748031478600 ) ) ;
#750 = DIRECTION ( 'NONE',  ( 0.0000000000000000000, 1.000000000000000000, -0.0000000000000000000 ) ) ;
#751 = VECTOR ( 'NONE', #140, 39.37007874015748100 ) ;
#752 = CARTESIAN_POINT ( 'NONE',  ( -0.01829052945790715300, 0.08247756918313291200, -0.01941639756117631900 ) ) ;
#753 = FILL_AREA_STYLE ('',( #574 ) ) ;
#754 =( NAMED_UNIT ( * ) PLANE_ANGLE_UNIT ( ) SI_UNIT ( $, .RADIAN. ) );
#755 = FILL_AREA_STYLE_COLOUR ( '', #67 ) ;
#756 = CARTESIAN_POINT ( 'NONE',  ( 0.04527559055118109100, 0.0000000000000000000, -0.04527559055118110500 ) ) ;
#757 = LINE ( 'NONE', #271, #352 ) ;
#758 = CARTESIAN_POINT ( 'NONE',  ( 0.05511811023622047200, -3.734948428837859500E-018, 0.03543307086614175300 ) ) ;
#759 = MECHANICAL_DESIGN_GEOMETRIC_PRESENTATION_REPRESENTATION (  '', ( #178 ), #865 ) ;
#760 = DIRECTION ( 'NONE',  ( 0.0000000000000000000, 1.000000000000000000, 0.0000000000000000000 ) ) ;
#761 = DIRECTION ( 'NONE',  ( 0.0000000000000000000, 0.0000000000000000000, -1.000000000000000000 ) ) ;
#762 = PRESENTATION_STYLE_ASSIGNMENT (( #1697 ) ) ;
#763 = CARTESIAN_POINT ( 'NONE',  ( -0.06946197552896028700, 0.04686111055855868300, -0.03473098776448013000 ) ) ;
#764 = LINE ( 'NONE', #1538, #255 ) ;
#765 = CARTESIAN_POINT ( 'NONE',  ( -0.05511811023622047200, 0.007874015748031492500, 0.04330708661417324200 ) ) ;
#766 = CARTESIAN_POINT ( 'NONE',  ( -0.03132413870994224500, 0.03346456692913386100, 0.04116665839498153500 ) ) ;
#767 = LINE ( 'NONE', #449, #310 ) ;
#768 = EDGE_LOOP ( 'NONE', ( #681, #641, #1803, #417 ) ) ;
#769 = STYLED_ITEM ( 'NONE', ( #1979 ), #1931 ) ;
#770 = PLANE ( 'NONE',  #1281 ) ;
#771 = CARTESIAN_POINT ( 'NONE',  ( 0.05511811023622047200, -3.201384367575308500E-018, 0.03543307086614175300 ) ) ;
#772 = ORIENTED_EDGE ( 'NONE', *, *, #1040, .T. ) ;
#773 = ORIENTED_EDGE ( 'NONE', *, *, #70, .F. ) ;
#774 = CARTESIAN_POINT ( 'NONE',  ( -0.06946197552896027400, 0.04686111055855868300, 0.03473098776448015800 ) ) ;
#775 = DIRECTION ( 'NONE',  ( 0.0000000000000000000, 0.9925461516413219800, 0.1218693434051477400 ) ) ;
#776 = CARTESIAN_POINT ( 'NONE',  ( -0.03363933264366319300, 0.04982600842398178500, 0.0000000000000000000 ) ) ;
#777 = ORIENTED_EDGE ( 'NONE', *, *, #1357, .T. ) ;
#778 = ORIENTED_EDGE ( 'NONE', *, *, #593, .T. ) ;
#779 = PRESENTATION_STYLE_ASSIGNMENT (( #1814 ) ) ;
#780 = LINE ( 'NONE', #717, #1205 ) ;
#781 = EDGE_LOOP ( 'NONE', ( #392, #709, #1767, #1207 ) ) ;
#782 = EDGE_CURVE ( 'NONE', #126, #1294, #1607, .T. ) ;
#783 = CARTESIAN_POINT ( 'NONE',  ( -0.04527559055118111200, 0.0000000000000000000, 0.04527559055118111200 ) ) ;
#784 = ORIENTED_EDGE ( 'NONE', *, *, #1669, .F. ) ;
#785 = CARTESIAN_POINT ( 'NONE',  ( -0.03385591281019812600, 0.04937329887704548100, 0.006304903975758127700 ) ) ;
#786 = PRESENTATION_STYLE_ASSIGNMENT (( #2127 ) ) ;
#787 = EDGE_CURVE ( 'NONE', #226, #1519, #1550, .T. ) ;
#788 = ADVANCED_FACE ( 'NONE', ( #1504 ), #1567, .T. ) ;
#789 = DIRECTION ( 'NONE',  ( 0.0000000000000000000, 0.1218693434051477400, -0.9925461516413219800 ) ) ;
#790 =( NAMED_UNIT ( * ) SI_UNIT ( $, .STERADIAN. ) SOLID_ANGLE_UNIT ( ) );
#791 = DIRECTION ( 'NONE',  ( -1.000000000000000000, -0.0000000000000000000, 0.0000000000000000000 ) ) ;
#792 =( BOUNDED_SURFACE ( )  B_SPLINE_SURFACE ( 3, 3, ( 
 ( #1898, #608, #785, #1905 ),
 ( #1632, #651, #1790, #828 ),
 ( #1948, #989, #2118, #1153 ),
 ( #143, #1327, #321, #1490 ) ),
 .UNSPECIFIED., .F., .F., .F. ) 
 B_SPLINE_SURFACE_WITH_KNOTS ( ( 4, 4 ),
 ( 4, 4 ),
 ( 0.0000000000000000000, 1.000000000000000000 ),
 ( 0.0000000000000000000, 1.000000000000000000 ),
 .UNSPECIFIED. ) 
 GEOMETRIC_REPRESENTATION_ITEM ( )  RATIONAL_B_SPLINE_SURFACE ( (
 ( 1.000000000000000000, 0.8973593361877679800, 0.8973593361877679800, 1.000000000000000000),
 ( 0.6170026021410388600, 0.5536730454834081200, 0.5536730454834081200, 0.6170026021410388600),
 ( 0.6170026021410388600, 0.5536730454834081200, 0.5536730454834081200, 0.6170026021410388600),
 ( 1.000000000000000000, 0.8973593361877679800, 0.8973593361877679800, 1.000000000000000000) ) ) 
 REPRESENTATION_ITEM ( '' )  SURFACE ( )  );
#793 = PRESENTATION_STYLE_ASSIGNMENT (( #813 ) ) ;
#794 = CARTESIAN_POINT ( 'NONE',  ( 4.253319299699650400E-018, 0.04686111055855868300, 0.03473098776448014400 ) ) ;
#795 = CIRCLE ( 'NONE', #549, 0.03543307086613126800 ) ;
#796 = CARTESIAN_POINT ( 'NONE',  ( 0.05511811023622047200, 0.03346456692913385400, 0.03543307086614175300 ) ) ;
#797 = AXIS2_PLACEMENT_3D ( 'NONE', #1546, #1404, #372 ) ;
#798 = PRESENTATION_STYLE_ASSIGNMENT (( #1750 ) ) ;
#799 = EDGE_CURVE ( 'NONE', #1155, #1886, #8, .T. ) ;
#800 = LINE ( 'NONE', #1460, #1169 ) ;
#801 = CARTESIAN_POINT ( 'NONE',  ( 0.02331056774319600200, -0.02952755905511811700, 0.03968155824105596600 ) ) ;
#802 = ORIENTED_EDGE ( 'NONE', *, *, #1172, .F. ) ;
#803 = VERTEX_POINT ( 'NONE', #758 ) ;
#804 = PRODUCT_DEFINITION ( 'UNKNOWN', '', #907, #1443 ) ;
#805 = VERTEX_POINT ( 'NONE', #2054 ) ;
#806 = LINE ( 'NONE', #1484, #1237 ) ;
#807 = SURFACE_STYLE_FILL_AREA ( #1990 ) ;
#808 = CARTESIAN_POINT ( 'NONE',  ( 0.04479218676809879100, 0.003937007874015748000, 0.007874015748031496000 ) ) ;
#809 = PRESENTATION_LAYER_ASSIGNMENT (  '', '', ( #562 ) ) ;
#810 = LINE ( 'NONE', #1434, #401 ) ;
#811 = EDGE_CURVE ( 'NONE', #228, #82, #859, .T. ) ;
#812 = CIRCLE ( 'NONE', #1938, 0.007874015748031490700 ) ;
#813 = SURFACE_STYLE_USAGE ( .BOTH. , #1775 ) ;
#814 = LINE ( 'NONE', #437, #2099 ) ;
#815 = FACE_OUTER_BOUND ( 'NONE', #640, .T. ) ;
#816 = DIRECTION ( 'NONE',  ( 1.000000000000000000, 0.0000000000000000000, 0.0000000000000000000 ) ) ;
#817 = PRESENTATION_LAYER_ASSIGNMENT (  '', '', ( #931 ) ) ;
#818 = ADVANCED_FACE ( 'NONE', ( #1310 ), #83, .F. ) ;
#819 = EDGE_CURVE ( 'NONE', #1910, #177, #1351, .T. ) ;
#820 = ORIENTED_EDGE ( 'NONE', *, *, #519, .T. ) ;
#821 = ORIENTED_EDGE ( 'NONE', *, *, #1506, .T. ) ;
#822 = ORIENTED_EDGE ( 'NONE', *, *, #787, .F. ) ;
#823 = STYLED_ITEM ( 'NONE', ( #1570 ), #1329 ) ;
#824 = ORIENTED_EDGE ( 'NONE', *, *, #567, .F. ) ;
#825 = CARTESIAN_POINT ( 'NONE',  ( -0.07480314960629921800, 0.007874015748031492500, 0.03543307086614175300 ) ) ;
#826 = ORIENTED_EDGE ( 'NONE', *, *, #1300, .T. ) ;
#827 = ORIENTED_EDGE ( 'NONE', *, *, #1296, .T. ) ;
#828 = CARTESIAN_POINT ( 'NONE',  ( -0.01829052945790715600, 0.08247756918313292600, 1.280553747030123400E-017 ) ) ;
#829 = FACE_OUTER_BOUND ( 'NONE', #781, .T. ) ;
#830 = COLOUR_RGB ( '',0.7921568627450980000, 0.8196078431372548800, 0.9333333333333333500 ) ;
#831 = DIRECTION ( 'NONE',  ( 1.000000000000000000, -0.0000000000000000000, -0.0000000000000000000 ) ) ;
#832 = ADVANCED_FACE ( 'NONE', ( #1665 ), #1435, .T. ) ;
#833 = LENGTH_MEASURE_WITH_UNIT ( LENGTH_MEASURE( 0.02539999999999999900 ), #1220 );
#834 = AXIS2_PLACEMENT_3D ( 'NONE', #416, #409, #403 ) ;
#835 = FILL_AREA_STYLE ('',( #144 ) ) ;
#836 = LINE ( 'NONE', #123, #1644 ) ;
#837 = AXIS2_PLACEMENT_3D ( 'NONE', #1791, #831, #1949 ) ;
#838 = FILL_AREA_STYLE_COLOUR ( '', #173 ) ;
#839 = FACE_OUTER_BOUND ( 'NONE', #1340, .T. ) ;
#840 = CARTESIAN_POINT ( 'NONE',  ( 0.04116665839498152200, 0.03346456692913386800, -0.04116665839498152800 ) ) ;
#841 = EDGE_CURVE ( 'NONE', #1680, #149, #814, .T. ) ;
#842 = LINE ( 'NONE', #256, #2084 ) ;
#843 = EDGE_CURVE ( 'NONE', #1059, #1492, #1254, .T. ) ;
#844 = EDGE_LOOP ( 'NONE', ( #1264, #1471, #822, #471 ) ) ;
#845 = LENGTH_MEASURE_WITH_UNIT ( LENGTH_MEASURE( 0.02539999999999999900 ), #577 );
#846 = SURFACE_STYLE_USAGE ( .BOTH. , #1811 ) ;
#847 = AXIS2_PLACEMENT_3D ( 'NONE', #1547, #551, #1701 ) ;
#848 = CIRCLE ( 'NONE', #889, 0.01181102362204725400 ) ;
#849 = VECTOR ( 'NONE', #408, 39.37007874015748100 ) ;
#850 = CARTESIAN_POINT ( 'NONE',  ( 0.05511811023622047200, 0.007874015748031492500, 0.03543307086614175300 ) ) ;
#851 =( LENGTH_UNIT ( ) NAMED_UNIT ( * ) SI_UNIT ( $, .METRE. ) );
#852 = VECTOR ( 'NONE', #816, 39.37007874015748100 ) ;
#853 =( NAMED_UNIT ( * ) PLANE_ANGLE_UNIT ( ) SI_UNIT ( $, .RADIAN. ) );
#854 =( GEOMETRIC_REPRESENTATION_CONTEXT ( 3 ) GLOBAL_UNCERTAINTY_ASSIGNED_CONTEXT ( ( #1483 ) ) GLOBAL_UNIT_ASSIGNED_CONTEXT ( ( #1611, #630, #1770 ) ) REPRESENTATION_CONTEXT ( 'NONE', 'WORKASPACE' ) );
#855 = ADVANCED_FACE ( 'NONE', ( #1188 ), #605, .T. ) ;
#856 = DIMENSIONAL_EXPONENTS ( 1.000000000000000000, 0.0000000000000000000, 0.0000000000000000000, 0.0000000000000000000, 0.0000000000000000000, 0.0000000000000000000, 0.0000000000000000000 ) ;
#857 = EDGE_CURVE ( 'NONE', #226, #1910, #757, .T. ) ;
#858 =( LENGTH_UNIT ( ) NAMED_UNIT ( * ) SI_UNIT ( $, .METRE. ) );
#859 = LINE ( 'NONE', #1733, #411 ) ;
#860 = CARTESIAN_POINT ( 'NONE',  ( 0.0000000000000000000, 0.0000000000000000000, 0.04330708661417323500 ) ) ;
#861 = VECTOR ( 'NONE', #86, 39.37007874015748100 ) ;
#862 =( CONVERSION_BASED_UNIT ( 'INCH', #400 ) LENGTH_UNIT ( ) NAMED_UNIT ( #693 ) );
#863 = SURFACE_STYLE_USAGE ( .BOTH. , #873 ) ;
#864 = ADVANCED_FACE ( 'NONE', ( #1988 ), #1280, .F. ) ;
#865 =( GEOMETRIC_REPRESENTATION_CONTEXT ( 3 ) GLOBAL_UNCERTAINTY_ASSIGNED_CONTEXT ( ( #1989 ) ) GLOBAL_UNIT_ASSIGNED_CONTEXT ( ( #1393, #1270, #2017 ) ) REPRESENTATION_CONTEXT ( 'NONE', 'WORKASPACE' ) );
#866 = VERTEX_POINT ( 'NONE', #1112 ) ;
#867 = ORIENTED_EDGE ( 'NONE', *, *, #1372, .T. ) ;
#868 = UNCERTAINTY_MEASURE_WITH_UNIT (LENGTH_MEASURE( 1.000000000000000100E-005 ), #1555, 'distance_accuracy_value', 'NONE');
#869 = EDGE_CURVE ( 'NONE', #1115, #1110, #1726, .T. ) ;
#870 = ORIENTED_EDGE ( 'NONE', *, *, #720, .F. ) ;
#871 = VERTEX_POINT ( 'NONE', #2078 ) ;
#872 = LENGTH_MEASURE_WITH_UNIT ( LENGTH_MEASURE( 0.02539999999999999900 ), #1011 );
#873 = SURFACE_SIDE_STYLE ('',( #1945 ) ) ;
#874 = LENGTH_MEASURE_WITH_UNIT ( LENGTH_MEASURE( 0.02539999999999999900 ), #36 );
#875 = VERTEX_POINT ( 'NONE', #104 ) ;
#876 = LINE ( 'NONE', #34, #2113 ) ;
#877 = LINE ( 'NONE', #808, #2115 ) ;
#878 = CARTESIAN_POINT ( 'NONE',  ( -0.01968503937007874000, 0.0000000000000000000, 0.04330708661417323500 ) ) ;
#879 = AXIS2_PLACEMENT_3D ( 'NONE', #1189, #185, #1365 ) ;
#880 = SURFACE_STYLE_FILL_AREA ( #2014 ) ;
#881 = DIRECTION ( 'NONE',  ( -1.000000000000000000, 0.0000000000000000000, -0.0000000000000000000 ) ) ;
#882 = FILL_AREA_STYLE ('',( #1045 ) ) ;
#883 = EDGE_CURVE ( 'NONE', #1314, #263, #251, .T. ) ;
#884 = CARTESIAN_POINT ( 'NONE',  ( -0.04116665839498154200, 0.03346456692913386100, -0.04116665839498152800 ) ) ;
#885 = SURFACE_SIDE_STYLE ('',( #689 ) ) ;
#886 = LINE ( 'NONE', #1305, #1284 ) ;
#887 = CARTESIAN_POINT ( 'NONE',  ( -0.04527559055118114700, 0.0000000000000000000, -0.04527559055118110500 ) ) ;
#888 = DIRECTION ( 'NONE',  ( 1.000000000000000000, -1.204669080539805100E-016, 0.0000000000000000000 ) ) ;
#889 = AXIS2_PLACEMENT_3D ( 'NONE', #180, #1359, #353 ) ;
#890 = FILL_AREA_STYLE ('',( #1694 ) ) ;
#891 = FACE_OUTER_BOUND ( 'NONE', #1706, .T. ) ;
#892 = PLANE ( 'NONE',  #1585 ) ;
#893 = CARTESIAN_POINT ( 'NONE',  ( -0.01829052945790715600, 0.08247756918313292600, 0.0000000000000000000 ) ) ;
#894 = SURFACE_STYLE_USAGE ( .BOTH. , #1859 ) ;
#895 = ORIENTED_EDGE ( 'NONE', *, *, #384, .F. ) ;
#896 = ORIENTED_EDGE ( 'NONE', *, *, #928, .T. ) ;
#897 = AXIS2_PLACEMENT_3D ( 'NONE', #1012, #910, #247 ) ;
#898 = CARTESIAN_POINT ( 'NONE',  ( 0.007874015748031496000, 0.03346456692913385400, 0.04527559055118111200 ) ) ;
#899 = VERTEX_POINT ( 'NONE', #1606 ) ;
#900 = CARTESIAN_POINT ( 'NONE',  ( 4.253319299699649700E-018, 0.04686111055855868300, 0.03473098776448014400 ) ) ;
#901 = FILL_AREA_STYLE_COLOUR ( '', #665 ) ;
#902 = CARTESIAN_POINT ( 'NONE',  ( -0.03385591281019812600, 0.04032447971745634800, -0.01436006819611251500 ) ) ;
#903 = DIRECTION ( 'NONE',  ( 0.1209742911513544300, 0.9852565360152931700, 0.1209742911513544300 ) ) ;
#904 = SURFACE_STYLE_FILL_AREA ( #515 ) ;
#905 = CIRCLE ( 'NONE', #137, 0.03481408134724021200 ) ;
#906 = PLANE ( 'NONE',  #1509 ) ;
#907 = PRODUCT_DEFINITION_FORMATION_WITH_SPECIFIED_SOURCE ( 'ANY', '', #1121, .NOT_KNOWN. ) ;
#908 =( LENGTH_UNIT ( ) NAMED_UNIT ( * ) SI_UNIT ( $, .METRE. ) );
#909 =( NAMED_UNIT ( * ) PLANE_ANGLE_UNIT ( ) SI_UNIT ( $, .RADIAN. ) );
#910 = DIRECTION ( 'NONE',  ( 0.9925461516413219800, -0.1218693434051477400, 0.0000000000000000000 ) ) ;
#911 = FILL_AREA_STYLE ('',( #1719 ) ) ;
#912 = CARTESIAN_POINT ( 'NONE',  ( -0.07480314960629921800, 0.003937007874015748000, 0.0000000000000000000 ) ) ;
#913 = MECHANICAL_DESIGN_GEOMETRIC_PRESENTATION_REPRESENTATION (  '', ( #562 ), #1019 ) ;
#914 = DIRECTION ( 'NONE',  ( 0.0000000000000000000, 0.0000000000000000000, 1.000000000000000000 ) ) ;
#915 = DIRECTION ( 'NONE',  ( 0.0000000000000000000, 0.0000000000000000000, -1.000000000000000000 ) ) ;
#916 = VECTOR ( 'NONE', #929, 39.37007874015748100 ) ;
#917 = EDGE_CURVE ( 'NONE', #1388, #1783, #305, .T. ) ;
#918 = CARTESIAN_POINT ( 'NONE',  ( 0.04527559055118109100, 0.0000000000000000000, -0.04527559055118110500 ) ) ;
#919 = VECTOR ( 'NONE', #760, 39.37007874015748100 ) ;
#920 = CARTESIAN_POINT ( 'NONE',  ( -0.03385591281019812600, 0.04937329887704548800, 0.0000000000000000000 ) ) ;
#921 = SURFACE_STYLE_USAGE ( .BOTH. , #1880 ) ;
#922 = MECHANICAL_DESIGN_GEOMETRIC_PRESENTATION_REPRESENTATION (  '', ( #234 ), #1029 ) ;
#923 = CARTESIAN_POINT ( 'NONE',  ( -0.07480314960629921800, 0.007874015748031492500, -0.007874015748031499400 ) ) ;
#924 = CARTESIAN_POINT ( 'NONE',  ( -8.526990657386619300E-018, 0.04527559055099622500, -0.03481408134706040500 ) ) ;
#925 = CARTESIAN_POINT ( 'NONE',  ( 0.03363933264366319300, 0.04982600842398178500, 0.0000000000000000000 ) ) ;
#926 = VERTEX_POINT ( 'NONE', #626 ) ;
#927 = ORIENTED_EDGE ( 'NONE', *, *, #2080, .T. ) ;
#928 = EDGE_CURVE ( 'NONE', #1028, #2129, #1527, .T. ) ;
#929 = DIRECTION ( 'NONE',  ( -0.0000000000000000000, -0.0000000000000000000, -1.000000000000000000 ) ) ;
#930 = ORIENTED_EDGE ( 'NONE', *, *, #356, .T. ) ;
#931 = STYLED_ITEM ( 'NONE', ( #942 ), #1160 ) ;
#932 = CARTESIAN_POINT ( 'NONE',  ( 0.05511811023622047200, 0.007874015748031492500, 0.04330708661417324200 ) ) ;
#933 = ORIENTED_EDGE ( 'NONE', *, *, #1678, .F. ) ;
#934 = DIRECTION ( 'NONE',  ( 0.0000000000000000000, -0.0000000000000000000, 1.000000000000000000 ) ) ;
#935 = ORIENTED_EDGE ( 'NONE', *, *, #1101, .T. ) ;
#936 = FACE_OUTER_BOUND ( 'NONE', #705, .T. ) ;
#937 = EDGE_LOOP ( 'NONE', ( #2006, #524, #895, #827, #977, #2031 ) ) ;
#938 = CARTESIAN_POINT ( 'NONE',  ( -0.06962816269412079600, 0.04527559055099622500, -0.03481408134706039100 ) ) ;
#939 = FACE_OUTER_BOUND ( 'NONE', #937, .T. ) ;
#940 = PLANE ( 'NONE',  #1352 ) ;
#941 = DIRECTION ( 'NONE',  ( 1.000000000000000000, 0.0000000000000000000, 0.0000000000000000000 ) ) ;
#942 = PRESENTATION_STYLE_ASSIGNMENT (( #39 ) ) ;
#943 = PRESENTATION_LAYER_ASSIGNMENT (  '', '', ( #823 ) ) ;
#944 = DIRECTION ( 'NONE',  ( -1.000000000000000000, -0.0000000000000000000, 0.0000000000000000000 ) ) ;
#945 = CARTESIAN_POINT ( 'NONE',  ( 4.263495328693309600E-018, 0.04527559055099622500, 0.03481408134706040500 ) ) ;
#946 = DIRECTION ( 'NONE',  ( 0.0000000000000000000, -1.000000000000000000, -2.710505431213758100E-016 ) ) ;
#947 = DIRECTION ( 'NONE',  ( -0.9925461516413219800, 0.1218693434051477400, 0.0000000000000000000 ) ) ;
#948 = AXIS2_PLACEMENT_3D ( 'NONE', #1571, #1557, #1448 ) ;
#949 = UNCERTAINTY_MEASURE_WITH_UNIT (LENGTH_MEASURE( 1.000000000000000100E-005 ), #1013, 'distance_accuracy_value', 'NONE');
#950 = DIRECTION ( 'NONE',  ( -0.0000000000000000000, -0.0000000000000000000, -1.000000000000000000 ) ) ;
#951 = CARTESIAN_POINT ( 'NONE',  ( 0.07480314960629921800, 0.007874015748031492500, 0.03543307086614175300 ) ) ;
#952 = AXIS2_PLACEMENT_3D ( 'NONE', #1566, #572, #1725 ) ;
#953 = ORIENTED_EDGE ( 'NONE', *, *, #382, .F. ) ;
#954 = ADVANCED_FACE ( 'NONE', ( #189 ), #1457, .T. ) ;
#955 = ORIENTED_EDGE ( 'NONE', *, *, #419, .T. ) ;
#956 = CARTESIAN_POINT ( 'NONE',  ( 0.06866823155731011100, 0.04839840391531077800, -0.03433411577865507600 ) ) ;
#957 = VERTEX_POINT ( 'NONE', #1123 ) ;
#958 = ORIENTED_EDGE ( 'NONE', *, *, #37, .T. ) ;
#959 = EDGE_CURVE ( 'NONE', #126, #805, #1752, .T. ) ;
#960 = EDGE_LOOP ( 'NONE', ( #999, #1852, #1024, #1652 ) ) ;
#961 = EDGE_CURVE ( 'NONE', #231, #2062, #1330, .T. ) ;
#962 = COLOUR_RGB ( '',0.7921568627450980000, 0.8196078431372548800, 0.9333333333333333500 ) ;
#963 = EDGE_CURVE ( 'NONE', #1453, #2058, #886, .T. ) ;
#964 = LENGTH_MEASURE_WITH_UNIT ( LENGTH_MEASURE( 0.02539999999999999900 ), #1937 );
#965 = EDGE_CURVE ( 'NONE', #926, #363, #1693, .T. ) ;
#966 = CARTESIAN_POINT ( 'NONE',  ( 0.0000000000000000000, 0.0000000000000000000, -0.04527559055118110500 ) ) ;
#967 = PRESENTATION_LAYER_ASSIGNMENT (  '', '', ( #731 ) ) ;
#968 = DIRECTION ( 'NONE',  ( 0.0000000000000000000, 1.000000000000000000, 0.0000000000000000000 ) ) ;
#969 = DIRECTION ( 'NONE',  ( 0.1218693434051449600, -0.9925461516413224300, -2.690301734754118400E-016 ) ) ;
#970 = EDGE_CURVE ( 'NONE', #292, #476, #836, .T. ) ;
#971 = CARTESIAN_POINT ( 'NONE',  ( -0.04116665839498154200, 0.03346456692913385400, 0.03132413870994221100 ) ) ;
#972 = VECTOR ( 'NONE', #950, 39.37007874015748100 ) ;
#973 = SURFACE_STYLE_FILL_AREA ( #1736 ) ;
#974 = ORIENTED_EDGE ( 'NONE', *, *, #1544, .F. ) ;
#975 =( CONVERSION_BASED_UNIT ( 'INCH', #964 ) LENGTH_UNIT ( ) NAMED_UNIT ( #671 ) );
#976 = VERTEX_POINT ( 'NONE', #1308 ) ;
#977 = ORIENTED_EDGE ( 'NONE', *, *, #721, .T. ) ;
#978 = ORIENTED_EDGE ( 'NONE', *, *, #2117, .F. ) ;
#979 = ORIENTED_EDGE ( 'NONE', *, *, #1715, .F. ) ;
#980 = LINE ( 'NONE', #840, #133 ) ;
#981 = VECTOR ( 'NONE', #2009, 39.37007874015748100 ) ;
#982 = ORIENTED_EDGE ( 'NONE', *, *, #1962, .F. ) ;
#983 = AXIS2_PLACEMENT_3D ( 'NONE', #1039, #1023, #888 ) ;
#984 = ORIENTED_EDGE ( 'NONE', *, *, #1473, .F. ) ;
#985 = CARTESIAN_POINT ( 'NONE',  ( 0.0000000000000000000, 0.0000000000000000000, 0.0000000000000000000 ) ) ;
#986 = PRESENTATION_LAYER_ASSIGNMENT (  '', '', ( #769 ) ) ;
#987 = DIRECTION ( 'NONE',  ( 0.0000000000000000000, 0.0000000000000000000, 1.000000000000000000 ) ) ;
#988 = ADVANCED_FACE ( 'NONE', ( #2122 ), #1622, .F. ) ;
#989 = CARTESIAN_POINT ( 'NONE',  ( 0.01829052945790716000, 0.07212627985170017000, 0.03584342722057060100 ) ) ;
#990 = CARTESIAN_POINT ( 'NONE',  ( 0.07480314960629921800, 0.007874015748031492500, 0.04330708661417324200 ) ) ;
#991 = PRESENTATION_STYLE_ASSIGNMENT (( #1072 ) ) ;
#992 = LENGTH_MEASURE_WITH_UNIT ( LENGTH_MEASURE( 0.02539999999999999900 ), #858 );
#993 = SURFACE_STYLE_FILL_AREA ( #438 ) ;
#994 = EDGE_CURVE ( 'NONE', #1854, #1613, #2098, .T. ) ;
#995 = PLANE ( 'NONE',  #1991 ) ;
#996 = SURFACE_STYLE_USAGE ( .BOTH. , #1959 ) ;
#997 = DIMENSIONAL_EXPONENTS ( 1.000000000000000000, 0.0000000000000000000, 0.0000000000000000000, 0.0000000000000000000, 0.0000000000000000000, 0.0000000000000000000, 0.0000000000000000000 ) ;
#998 = EDGE_LOOP ( 'NONE', ( #238, #1777, #982, #1975, #12, #658, #1337, #953 ) ) ;
#999 = ORIENTED_EDGE ( 'NONE', *, *, #156, .F. ) ;
#1000 = AXIS2_PLACEMENT_3D ( 'NONE', #4, #1182, #170 ) ;
#1001 = ORIENTED_EDGE ( 'NONE', *, *, #128, .F. ) ;
#1002 = ORIENTED_EDGE ( 'NONE', *, *, #1376, .F. ) ;
#1003 = EDGE_LOOP ( 'NONE', ( #454, #958, #1710, #974 ) ) ;
#1004 = SURFACE_SIDE_STYLE ('',( #1640 ) ) ;
#1005 = PRESENTATION_STYLE_ASSIGNMENT (( #1077 ) ) ;
#1006 = DIRECTION ( 'NONE',  ( 1.000000000000000000, 0.0000000000000000000, -0.0000000000000000000 ) ) ;
#1007 = PRESENTATION_STYLE_ASSIGNMENT (( #690 ) ) ;
#1008 = AXIS2_PLACEMENT_3D ( 'NONE', #561, #1720, #741 ) ;
#1009 = DIMENSIONAL_EXPONENTS ( 1.000000000000000000, 0.0000000000000000000, 0.0000000000000000000, 0.0000000000000000000, 0.0000000000000000000, 0.0000000000000000000, 0.0000000000000000000 ) ;
#1010 = CARTESIAN_POINT ( 'NONE',  ( 0.0000000000000000000, -0.02952755905511811700, 0.0000000000000000000 ) ) ;
#1011 =( LENGTH_UNIT ( ) NAMED_UNIT ( * ) SI_UNIT ( $, .METRE. ) );
#1012 = CARTESIAN_POINT ( 'NONE',  ( 0.04330708661417322100, 0.0000000000000000000, -0.04330708661417323500 ) ) ;
#1013 =( CONVERSION_BASED_UNIT ( 'INCH', #713 ) LENGTH_UNIT ( ) NAMED_UNIT ( #856 ) );
#1014 = PRODUCT_RELATED_PRODUCT_CATEGORY ( 'part', '', ( #1121 ) ) ;
#1015 = LENGTH_MEASURE_WITH_UNIT ( LENGTH_MEASURE( 0.02539999999999999900 ), #2044 );
#1016 = DIRECTION ( 'NONE',  ( 0.0000000000000000000, 0.0000000000000000000, -1.000000000000000000 ) ) ;
#1017 = LINE ( 'NONE', #1400, #1818 ) ;
#1018 =( NAMED_UNIT ( * ) PLANE_ANGLE_UNIT ( ) SI_UNIT ( $, .RADIAN. ) );
#1019 =( GEOMETRIC_REPRESENTATION_CONTEXT ( 3 ) GLOBAL_UNCERTAINTY_ASSIGNED_CONTEXT ( ( #644 ) ) GLOBAL_UNIT_ASSIGNED_CONTEXT ( ( #569, #453, #447 ) ) REPRESENTATION_CONTEXT ( 'NONE', 'WORKASPACE' ) );
#1020 = VECTOR ( 'NONE', #209, 39.37007874015748100 ) ;
#1021 = LINE ( 'NONE', #463, #701 ) ;
#1022 = ORIENTED_EDGE ( 'NONE', *, *, #1822, .F. ) ;
#1023 = DIRECTION ( 'NONE',  ( -6.023345402758839500E-017, -1.000000000000000000, 0.0000000000000000000 ) ) ;
#1024 = ORIENTED_EDGE ( 'NONE', *, *, #625, .T. ) ;
#1025 = ORIENTED_EDGE ( 'NONE', *, *, #726, .T. ) ;
#1026 = FACE_OUTER_BOUND ( 'NONE', #1477, .T. ) ;
#1027 = DIRECTION ( 'NONE',  ( -1.000000000000000000, -0.0000000000000000000, 0.0000000000000000000 ) ) ;
#1028 = VERTEX_POINT ( 'NONE', #646 ) ;
#1029 =( GEOMETRIC_REPRESENTATION_CONTEXT ( 3 ) GLOBAL_UNCERTAINTY_ASSIGNED_CONTEXT ( ( #380 ) ) GLOBAL_UNIT_ASSIGNED_CONTEXT ( ( #325, #1498, #490 ) ) REPRESENTATION_CONTEXT ( 'NONE', 'WORKASPACE' ) );
#1030 = ORIENTED_EDGE ( 'NONE', *, *, #1296, .F. ) ;
#1031 = LINE ( 'NONE', #1053, #134 ) ;
#1032 = ADVANCED_FACE ( 'NONE', ( #405, #1306 ), #469, .F. ) ;
#1033 = ORIENTED_EDGE ( 'NONE', *, *, #1544, .T. ) ;
#1034 = DIMENSIONAL_EXPONENTS ( 1.000000000000000000, 0.0000000000000000000, 0.0000000000000000000, 0.0000000000000000000, 0.0000000000000000000, 0.0000000000000000000, 0.0000000000000000000 ) ;
#1035 = LENGTH_MEASURE_WITH_UNIT ( LENGTH_MEASURE( 0.02539999999999999900 ), #530 );
#1036 = ORIENTED_EDGE ( 'NONE', *, *, #841, .T. ) ;
#1037 = UNCERTAINTY_MEASURE_WITH_UNIT (LENGTH_MEASURE( 1.000000000000000100E-005 ), #1594, 'distance_accuracy_value', 'NONE');
#1038 =( NAMED_UNIT ( * ) SI_UNIT ( $, .STERADIAN. ) SOLID_ANGLE_UNIT ( ) );
#1039 = CARTESIAN_POINT ( 'NONE',  ( -4.043947389830824300E-028, 0.03346456692968528800, 0.0000000000000000000 ) ) ;
#1040 = EDGE_CURVE ( 'NONE', #1653, #1829, #1243, .T. ) ;
#1041 = SURFACE_SIDE_STYLE ('',( #807 ) ) ;
#1042 = AXIS2_PLACEMENT_3D ( 'NONE', #1689, #1206, #378 ) ;
#1043 = EDGE_CURVE ( 'NONE', #976, #494, #812, .T. ) ;
#1044 = DIRECTION ( 'NONE',  ( 0.0000000000000000000, 0.0000000000000000000, 1.000000000000000000 ) ) ;
#1045 = FILL_AREA_STYLE_COLOUR ( '', #1900 ) ;
#1046 = MECHANICAL_DESIGN_GEOMETRIC_PRESENTATION_REPRESENTATION (  '', ( #823 ), #1150 ) ;
#1047 = PLANE ( 'NONE',  #2085 ) ;
#1048 = UNCERTAINTY_MEASURE_WITH_UNIT (LENGTH_MEASURE( 1.000000000000000100E-005 ), #1245, 'distance_accuracy_value', 'NONE');
#1049 = CARTESIAN_POINT ( 'NONE',  ( -0.02331056774319599900, -0.02952755905511812400, 0.04330708661417323500 ) ) ;
#1050 = DIRECTION ( 'NONE',  ( 0.9925461516413220900, 0.1218693434051471800, -0.0000000000000000000 ) ) ;
#1051 = CARTESIAN_POINT ( 'NONE',  ( 0.01198294790423105000, 0.0000000000000000000, 0.04527559055118111200 ) ) ;
#1052 = LINE ( 'NONE', #1087, #609 ) ;
#1053 = CARTESIAN_POINT ( 'NONE',  ( 0.02874023697689957700, -4.268512490100411300E-018, 0.007874015748031496000 ) ) ;
#1054 = ORIENTED_EDGE ( 'NONE', *, *, #406, .T. ) ;
#1055 =( LENGTH_UNIT ( ) NAMED_UNIT ( * ) SI_UNIT ( $, .METRE. ) );
#1056 = VERTEX_POINT ( 'NONE', #650 ) ;
#1057 = CARTESIAN_POINT ( 'NONE',  ( 0.07480314960629921800, -1.600692183787654200E-018, 0.03543307086614175300 ) ) ;
#1058 = ORIENTED_EDGE ( 'NONE', *, *, #382, .T. ) ;
#1059 = VERTEX_POINT ( 'NONE', #309 ) ;
#1060 = CIRCLE ( 'NONE', #147, 0.03741164296047903200 ) ;
#1061 = SURFACE_STYLE_FILL_AREA ( #1507 ) ;
#1062 = SURFACE_STYLE_USAGE ( .BOTH. , #2012 ) ;
#1063 = STYLED_ITEM ( 'NONE', ( #296 ), #2107 ) ;
#1064 = SURFACE_SIDE_STYLE ('',( #880 ) ) ;
#1065 =( CONVERSION_BASED_UNIT ( 'INCH', #2008 ) LENGTH_UNIT ( ) NAMED_UNIT ( #1195 ) );
#1066 = CARTESIAN_POINT ( 'NONE',  ( 0.05511811023622047200, 0.007874015748031492500, 0.03937007874015750100 ) ) ;
#1067 = EDGE_CURVE ( 'NONE', #1613, #228, #346, .T. ) ;
#1068 = DIRECTION ( 'NONE',  ( -1.000000000000000000, -0.0000000000000000000, 0.0000000000000000000 ) ) ;
#1069 = CARTESIAN_POINT ( 'NONE',  ( 0.0000000000000000000, 0.0000000000000000000, 0.04527559055118111200 ) ) ;
#1070 = CARTESIAN_POINT ( 'NONE',  ( 0.07480314960629921800, 0.0000000000000000000, 0.03543307086614175300 ) ) ;
#1071 = EDGE_CURVE ( 'NONE', #1362, #1785, #1184, .T. ) ;
#1072 = SURFACE_STYLE_USAGE ( .BOTH. , #2034 ) ;
#1073 = MECHANICAL_DESIGN_GEOMETRIC_PRESENTATION_REPRESENTATION (  '', ( #731 ), #1174 ) ;
#1074 = CARTESIAN_POINT ( 'NONE',  ( -0.03968155824105597300, -0.02952755905511812400, -0.03968155824105597300 ) ) ;
#1075 = LINE ( 'NONE', #1100, #1873 ) ;
#1076 = CARTESIAN_POINT ( 'NONE',  ( -0.03385591281019812600, 0.04937329887704548100, -0.006304903975758127700 ) ) ;
#1077 = SURFACE_STYLE_USAGE ( .BOTH. , #2035 ) ;
#1078 = DIRECTION ( 'NONE',  ( 0.0000000000000000000, -1.204669080539449100E-016, 1.000000000000000000 ) ) ;
#1079 = ORIENTED_EDGE ( 'NONE', *, *, #184, .T. ) ;
#1080 = STYLED_ITEM ( 'NONE', ( #793 ), #988 ) ;
#1081 = CARTESIAN_POINT ( 'NONE',  ( -0.01771653543307086600, 0.03346456692913385400, -0.04527559055118110500 ) ) ;
#1082 = PLANE ( 'NONE',  #5 ) ;
#1083 = ORIENTED_EDGE ( 'NONE', *, *, #1961, .T. ) ;
#1084 = ORIENTED_EDGE ( 'NONE', *, *, #2096, .F. ) ;
#1085 = VECTOR ( 'NONE', #2066, 39.37007874015748100 ) ;
#1086 = DIRECTION ( 'NONE',  ( -1.000000000000000000, -0.0000000000000000000, -0.0000000000000000000 ) ) ;
#1087 = CARTESIAN_POINT ( 'NONE',  ( -0.05511811023622047200, 0.003937007874015748000, 0.007874015748031496000 ) ) ;
#1088 = EDGE_LOOP ( 'NONE', ( #1856, #1906, #955, #1780 ) ) ;
#1089 = ORIENTED_EDGE ( 'NONE', *, *, #1126, .T. ) ;
#1090 =( CONVERSION_BASED_UNIT ( 'INCH', #1015 ) LENGTH_UNIT ( ) NAMED_UNIT ( #163 ) );
#1091 = ORIENTED_EDGE ( 'NONE', *, *, #1067, .T. ) ;
#1092 = DIRECTION ( 'NONE',  ( 0.0000000000000000000, -1.000000000000000000, -1.204669080539449100E-016 ) ) ;
#1093 = COLOUR_RGB ( '',0.7921568627450980000, 0.8196078431372548800, 0.9333333333333333500 ) ;
#1094 = DIRECTION ( 'NONE',  ( -0.0000000000000000000, 0.0000000000000000000, 1.000000000000000000 ) ) ;
#1095 = CARTESIAN_POINT ( 'NONE',  ( 0.01771653543307086900, 0.03346456692913386100, -0.04527559055118110500 ) ) ;
#1096 = DIRECTION ( 'NONE',  ( 0.0000000000000000000, 0.9925461516413219800, 0.1218693434051477400 ) ) ;
#1097 = AXIS2_PLACEMENT_3D ( 'NONE', #1511, #1397, #1383 ) ;
#1098 = CARTESIAN_POINT ( 'NONE',  ( 0.04116665839498152200, 0.03346456692913386100, -0.04116665839498154200 ) ) ;
#1099 = SURFACE_STYLE_FILL_AREA ( #1297 ) ;
#1100 = CARTESIAN_POINT ( 'NONE',  ( 0.05511811023622047200, 0.003937007874015749700, -0.007874015748031496000 ) ) ;
#1101 = EDGE_CURVE ( 'NONE', #2063, #1138, #2040, .T. ) ;
#1102 = DIRECTION ( 'NONE',  ( -0.9925461516413222100, 0.1218693434051470500, 0.0000000000000000000 ) ) ;
#1103 = UNCERTAINTY_MEASURE_WITH_UNIT (LENGTH_MEASURE( 1.000000000000000100E-005 ), #975, 'distance_accuracy_value', 'NONE');
#1104 = CIRCLE ( 'NONE', #983, 0.03543307086613126800 ) ;
#1105 = MECHANICAL_DESIGN_GEOMETRIC_PRESENTATION_REPRESENTATION (  '', ( #769 ), #1202 ) ;
#1106 = DIRECTION ( 'NONE',  ( 1.000000000000000000, 0.0000000000000000000, 0.0000000000000000000 ) ) ;
#1107 = PRESENTATION_STYLE_ASSIGNMENT (( #595 ) ) ;
#1108 = CARTESIAN_POINT ( 'NONE',  ( 0.04330708661417322100, 0.0000000000000000000, -0.04330708661417323500 ) ) ;
#1109 = DIRECTION ( 'NONE',  ( 1.000000000000000000, 0.0000000000000000000, -0.0000000000000000000 ) ) ;
#1110 = VERTEX_POINT ( 'NONE', #316 ) ;
#1111 = ORIENTED_EDGE ( 'NONE', *, *, #119, .T. ) ;
#1112 = CARTESIAN_POINT ( 'NONE',  ( 0.04116665839498152200, 0.03346456692913386100, 0.04116665839498152800 ) ) ;
#1113 = ORIENTED_EDGE ( 'NONE', *, *, #436, .F. ) ;
#1114 = SURFACE_STYLE_FILL_AREA ( #60 ) ;
#1115 = VERTEX_POINT ( 'NONE', #1792 ) ;
#1116 = DIRECTION ( 'NONE',  ( 0.1209742911513549000, -0.9852565360152929500, 0.1209742911513546300 ) ) ;
#1117 = DIRECTION ( 'NONE',  ( 0.0000000000000000000, 0.0000000000000000000, 1.000000000000000000 ) ) ;
#1118 = VECTOR ( 'NONE', #217, 39.37007874015748100 ) ;
#1119 = ADVANCED_FACE ( 'NONE', ( #302 ), #1679, .F. ) ;
#1120 = STYLED_ITEM ( 'NONE', ( #1618 ), #1480 ) ;
#1121 = PRODUCT ( 'VSMB2943SLX01', 'VSMB2943SLX01', '', ( #345 ) ) ;
#1122 = CARTESIAN_POINT ( 'NONE',  ( 4.204716498988456200E-018, 0.04839840391531079200, 0.03433411577865506900 ) ) ;
#1123 = CARTESIAN_POINT ( 'NONE',  ( 0.05511811023622047200, -4.268512490100411300E-018, 0.007874015748031496000 ) ) ;
#1124 = STYLED_ITEM ( 'NONE', ( #284 ), #788 ) ;
#1125 = VECTOR ( 'NONE', #399, 39.37007874015748100 ) ;
#1126 = EDGE_CURVE ( 'NONE', #476, #540, #1982, .T. ) ;
#1127 = CARTESIAN_POINT ( 'NONE',  ( -0.04330708661417324200, 0.0000000000000000000, -0.04330708661417323500 ) ) ;
#1128 = VECTOR ( 'NONE', #1219, 39.37007874015748100 ) ;
#1129 = ORIENTED_EDGE ( 'NONE', *, *, #246, .T. ) ;
#1130 = CARTESIAN_POINT ( 'NONE',  ( 0.03543307086577941100, 0.03346456693639907100, 0.0000000000000000000 ) ) ;
#1131 = EDGE_LOOP ( 'NONE', ( #1176, #1739, #295, #663, #1199, #73, #2026, #1203 ) ) ;
#1132 = ORIENTED_EDGE ( 'NONE', *, *, #724, .T. ) ;
#1133 = VECTOR ( 'NONE', #934, 39.37007874015748100 ) ;
#1134 = ORIENTED_EDGE ( 'NONE', *, *, #1040, .F. ) ;
#1135 = DIRECTION ( 'NONE',  ( 0.7071067811865479100, 0.0000000000000000000, 0.7071067811865472400 ) ) ;
#1136 = LENGTH_MEASURE_WITH_UNIT ( LENGTH_MEASURE( 0.02539999999999999900 ), #1192 );
#1137 = LINE ( 'NONE', #1994, #1936 ) ;
#1138 = VERTEX_POINT ( 'NONE', #1049 ) ;
#1139 = VECTOR ( 'NONE', #1109, 39.37007874015748100 ) ;
#1140 = EDGE_CURVE ( 'NONE', #1056, #1151, #1939, .T. ) ;
#1141 = FACE_OUTER_BOUND ( 'NONE', #1802, .T. ) ;
#1142 = STYLED_ITEM ( 'NONE', ( #786 ), #1789 ) ;
#1143 =( NAMED_UNIT ( * ) SI_UNIT ( $, .STERADIAN. ) SOLID_ANGLE_UNIT ( ) );
#1144 = VECTOR ( 'NONE', #443, 39.37007874015748100 ) ;
#1145 = DIRECTION ( 'NONE',  ( 0.0000000000000000000, -0.0000000000000000000, 1.000000000000000000 ) ) ;
#1146 = MECHANICAL_DESIGN_GEOMETRIC_PRESENTATION_REPRESENTATION (  '', ( #931 ), #1265 ) ;
#1147 = LINE ( 'NONE', #1378, #652 ) ;
#1148 = ADVANCED_FACE ( 'NONE', ( #1141 ), #1324, .F. ) ;
#1149 = LINE ( 'NONE', #1746, #699 ) ;
#1150 =( GEOMETRIC_REPRESENTATION_CONTEXT ( 3 ) GLOBAL_UNCERTAINTY_ASSIGNED_CONTEXT ( ( #1687 ) ) GLOBAL_UNIT_ASSIGNED_CONTEXT ( ( #611, #1754, #790 ) ) REPRESENTATION_CONTEXT ( 'NONE', 'WORKASPACE' ) );
#1151 = VERTEX_POINT ( 'NONE', #541 ) ;
#1152 = EDGE_LOOP ( 'NONE', ( #686, #1740, #20 ) ) ;
#1153 = CARTESIAN_POINT ( 'NONE',  ( 0.01829052945790716300, 0.08247756918313292600, 4.268512490100411300E-018 ) ) ;
#1154 = DIRECTION ( 'NONE',  ( 1.000000000000000000, 0.0000000000000000000, 0.0000000000000000000 ) ) ;
#1155 = VERTEX_POINT ( 'NONE', #1695 ) ;
#1156 = EDGE_LOOP ( 'NONE', ( #578, #40, #2111, #870, #19 ) ) ;
#1157 = VECTOR ( 'NONE', #1226, 39.37007874015748100 ) ;
#1158 = ORIENTED_EDGE ( 'NONE', *, *, #1101, .F. ) ;
#1159 = STYLED_ITEM ( 'NONE', ( #762 ), #648 ) ;
#1160 = ADVANCED_FACE ( 'NONE', ( #24 ), #892, .T. ) ;
#1161 = SURFACE_STYLE_FILL_AREA ( #1554 ) ;
#1162 = SURFACE_SIDE_STYLE ('',( #580 ) ) ;
#1163 = UNCERTAINTY_MEASURE_WITH_UNIT (LENGTH_MEASURE( 1.000000000000000100E-005 ), #1728, 'distance_accuracy_value', 'NONE');
#1164 =( CONVERSION_BASED_UNIT ( 'INCH', #1934 ) LENGTH_UNIT ( ) NAMED_UNIT ( #1681 ) );
#1165 = PRESENTATION_LAYER_ASSIGNMENT (  '', '', ( #1063 ) ) ;
#1166 =( LENGTH_UNIT ( ) NAMED_UNIT ( * ) SI_UNIT ( $, .METRE. ) );
#1167 = LINE ( 'NONE', #912, #1965 ) ;
#1168 = EDGE_CURVE ( 'NONE', #1954, #678, #1960, .T. ) ;
#1169 = VECTOR ( 'NONE', #2028, 39.37007874015748100 ) ;
#1170 = DIRECTION ( 'NONE',  ( 0.0000000000000000000, -0.0000000000000000000, 1.000000000000000000 ) ) ;
#1171 =( NAMED_UNIT ( * ) PLANE_ANGLE_UNIT ( ) SI_UNIT ( $, .RADIAN. ) );
#1172 = EDGE_CURVE ( 'NONE', #1954, #1785, #276, .T. ) ;
#1173 =( NAMED_UNIT ( * ) SI_UNIT ( $, .STERADIAN. ) SOLID_ANGLE_UNIT ( ) );
#1174 =( GEOMETRIC_REPRESENTATION_CONTEXT ( 3 ) GLOBAL_UNCERTAINTY_ASSIGNED_CONTEXT ( ( #1541 ) ) GLOBAL_UNIT_ASSIGNED_CONTEXT ( ( #404, #1558, #564 ) ) REPRESENTATION_CONTEXT ( 'NONE', 'WORKASPACE' ) );
#1175 = ORIENTED_EDGE ( 'NONE', *, *, #1757, .F. ) ;
#1176 = ORIENTED_EDGE ( 'NONE', *, *, #1251, .F. ) ;
#1177 = FACE_OUTER_BOUND ( 'NONE', #1518, .T. ) ;
#1178 = DIMENSIONAL_EXPONENTS ( 1.000000000000000000, 0.0000000000000000000, 0.0000000000000000000, 0.0000000000000000000, 0.0000000000000000000, 0.0000000000000000000, 0.0000000000000000000 ) ;
#1179 = DIRECTION ( 'NONE',  ( -6.023345402758839500E-017, -1.000000000000000000, 0.0000000000000000000 ) ) ;
#1180 = VECTOR ( 'NONE', #1641, 39.37007874015748100 ) ;
#1181 = COLOUR_RGB ( '',0.7921568627450980000, 0.8196078431372548800, 0.9333333333333333500 ) ;
#1182 = DIRECTION ( 'NONE',  ( -0.0000000000000000000, 1.000000000000000000, 1.204669080539449100E-016 ) ) ;
#1183 = AXIS2_PLACEMENT_3D ( 'NONE', #1922, #968, #2093 ) ;
#1184 = LINE ( 'NONE', #2116, #1620 ) ;
#1185 = DIRECTION ( 'NONE',  ( 0.0000000000000000000, -1.204669080539449100E-016, 1.000000000000000000 ) ) ;
#1186 = ADVANCED_FACE ( 'NONE', ( #1543 ), #1402, .T. ) ;
#1187 = DIRECTION ( 'NONE',  ( -0.0000000000000000000, -0.0000000000000000000, -1.000000000000000000 ) ) ;
#1188 = FACE_OUTER_BOUND ( 'NONE', #452, .T. ) ;
#1189 = CARTESIAN_POINT ( 'NONE',  ( 0.04527559055118109100, 0.0000000000000000000, 0.04527559055118110500 ) ) ;
#1190 = COLOUR_RGB ( '',0.7921568627450980000, 0.8196078431372548800, 0.9333333333333333500 ) ;
#1191 = AXIS2_PLACEMENT_3D ( 'NONE', #254, #2041, #2004 ) ;
#1192 =( LENGTH_UNIT ( ) NAMED_UNIT ( * ) SI_UNIT ( $, .METRE. ) );
#1193 = VECTOR ( 'NONE', #1699, 39.37007874015748100 ) ;
#1194 = CIRCLE ( 'NONE', #116, 0.03363933264366318600 ) ;
#1195 = DIMENSIONAL_EXPONENTS ( 1.000000000000000000, 0.0000000000000000000, 0.0000000000000000000, 0.0000000000000000000, 0.0000000000000000000, 0.0000000000000000000, 0.0000000000000000000 ) ;
#1196 = VERTEX_POINT ( 'NONE', #1230 ) ;
#1197 = FILL_AREA_STYLE_COLOUR ( '', #1520 ) ;
#1198 = ORIENTED_EDGE ( 'NONE', *, *, #623, .F. ) ;
#1199 = ORIENTED_EDGE ( 'NONE', *, *, #799, .F. ) ;
#1200 = CARTESIAN_POINT ( 'NONE',  ( 0.05511811023622047200, 0.007874015748031492500, 0.03543307086614175300 ) ) ;
#1201 = ORIENTED_EDGE ( 'NONE', *, *, #645, .T. ) ;
#1202 =( GEOMETRIC_REPRESENTATION_CONTEXT ( 3 ) GLOBAL_UNCERTAINTY_ASSIGNED_CONTEXT ( ( #1788 ) ) GLOBAL_UNIT_ASSIGNED_CONTEXT ( ( #1684, #703, #1844 ) ) REPRESENTATION_CONTEXT ( 'NONE', 'WORKASPACE' ) );
#1203 = ORIENTED_EDGE ( 'NONE', *, *, #1168, .F. ) ;
#1204 = SURFACE_STYLE_FILL_AREA ( #1656 ) ;
#1205 = VECTOR ( 'NONE', #1862, 39.37007874015748100 ) ;
#1206 = DIRECTION ( 'NONE',  ( -1.000000000000000000, 0.0000000000000000000, 0.0000000000000000000 ) ) ;
#1207 = ORIENTED_EDGE ( 'NONE', *, *, #2112, .F. ) ;
#1208 = PRESENTATION_STYLE_ASSIGNMENT (( #846 ) ) ;
#1209 = FACE_OUTER_BOUND ( 'NONE', #312, .T. ) ;
#1210 = EDGE_CURVE ( 'NONE', #875, #2064, #1346, .T. ) ;
#1211 = DIRECTION ( 'NONE',  ( 1.000000000000000000, 0.0000000000000000000, 0.0000000000000000000 ) ) ;
#1212 =( NAMED_UNIT ( * ) PLANE_ANGLE_UNIT ( ) SI_UNIT ( $, .RADIAN. ) );
#1213 = DIRECTION ( 'NONE',  ( -1.000000000000000000, 0.0000000000000000000, -0.0000000000000000000 ) ) ;
#1214 = DIRECTION ( 'NONE',  ( 1.000000000000000000, 0.0000000000000000000, 0.0000000000000000000 ) ) ;
#1215 = PRESENTATION_LAYER_ASSIGNMENT (  '', '', ( #1120 ) ) ;
#1216 = COLOUR_RGB ( '',0.7921568627450980000, 0.8196078431372548800, 0.9333333333333333500 ) ;
#1217 =( CONVERSION_BASED_UNIT ( 'INCH', #874 ) LENGTH_UNIT ( ) NAMED_UNIT ( #514 ) );
#1218 = FACE_OUTER_BOUND ( 'NONE', #1708, .T. ) ;
#1219 = DIRECTION ( 'NONE',  ( -0.1209742911513541600, 0.9852565360152931700, 0.1209742911513549300 ) ) ;
#1220 =( LENGTH_UNIT ( ) NAMED_UNIT ( * ) SI_UNIT ( $, .METRE. ) );
#1221 = COLOUR_RGB ( '',0.7921568627450980000, 0.8196078431372548800, 0.9333333333333333500 ) ;
#1222 =( NAMED_UNIT ( * ) SI_UNIT ( $, .STERADIAN. ) SOLID_ANGLE_UNIT ( ) );
#1223 = PLANE ( 'NONE',  #1944 ) ;
#1224 = VECTOR ( 'NONE', #629, 39.37007874015748100 ) ;
#1225 = PRESENTATION_LAYER_ASSIGNMENT (  '', '', ( #1124 ) ) ;
#1226 = DIRECTION ( 'NONE',  ( 1.000000000000000000, 0.0000000000000000000, -0.0000000000000000000 ) ) ;
#1227 = EDGE_CURVE ( 'NONE', #2109, #1155, #53, .T. ) ;
#1228 = CARTESIAN_POINT ( 'NONE',  ( 0.02182546758927041100, 0.0000000000000000000, -0.04527559055118110500 ) ) ;
#1229 = ORIENTED_EDGE ( 'NONE', *, *, #593, .F. ) ;
#1230 = CARTESIAN_POINT ( 'NONE',  ( 0.05511811023622047200, 0.003937007874015743600, 0.03543307086614175300 ) ) ;
#1231 = ORIENTED_EDGE ( 'NONE', *, *, #70, .T. ) ;
#1232 = DIRECTION ( 'NONE',  ( 0.0000000000000000000, 0.0000000000000000000, -1.000000000000000000 ) ) ;
#1233 = DIRECTION ( 'NONE',  ( 0.0000000000000000000, -0.0000000000000000000, -1.000000000000000000 ) ) ;
#1234 = ORIENTED_EDGE ( 'NONE', *, *, #994, .T. ) ;
#1235 = CARTESIAN_POINT ( 'NONE',  ( -4.043947389830824300E-028, 0.03346456692968528800, 0.0000000000000000000 ) ) ;
#1236 = ORIENTED_EDGE ( 'NONE', *, *, #721, .F. ) ;
#1237 = VECTOR ( 'NONE', #322, 39.37007874015748100 ) ;
#1238 = VECTOR ( 'NONE', #1027, 39.37007874015748100 ) ;
#1239 = SURFACE_SIDE_STYLE ('',( #1114 ) ) ;
#1240 = CARTESIAN_POINT ( 'NONE',  ( -0.07480314960629921800, 0.003937007874015743600, 0.03543307086614175300 ) ) ;
#1241 = LINE ( 'NONE', #90, #748 ) ;
#1242 = DIRECTION ( 'NONE',  ( 0.0000000000000000000, 0.0000000000000000000, -1.000000000000000000 ) ) ;
#1243 = LINE ( 'NONE', #1317, #1659 ) ;
#1244 = CARTESIAN_POINT ( 'NONE',  ( -0.05511811023622047200, 0.003937007874015748000, -0.007874015748031496000 ) ) ;
#1245 =( CONVERSION_BASED_UNIT ( 'INCH', #49 ) LENGTH_UNIT ( ) NAMED_UNIT ( #362 ) );
#1246 = CARTESIAN_POINT ( 'NONE',  ( 0.0000000000000000000, 0.03346456692913385400, -0.04116665839498152800 ) ) ;
#1247 = AXIS2_PLACEMENT_3D ( 'NONE', #1589, #421, #1291 ) ;
#1248 = EDGE_CURVE ( 'NONE', #1316, #661, #905, .T. ) ;
#1249 = DIRECTION ( 'NONE',  ( -1.000000000000000000, 1.140401064265093800E-017, 9.287821334205822700E-017 ) ) ;
#1250 = FILL_AREA_STYLE_COLOUR ( '', #46 ) ;
#1251 = EDGE_CURVE ( 'NONE', #2090, #1954, #460, .T. ) ;
#1252 = CARTESIAN_POINT ( 'NONE',  ( 0.04116665839498152200, 0.03346456692913386800, 0.04116665839498153500 ) ) ;
#1253 = DIRECTION ( 'NONE',  ( 0.1209742911513544300, 0.9852565360152929500, -0.1209742911513549300 ) ) ;
#1254 = LINE ( 'NONE', #598, #2048 ) ;
#1255 =( NAMED_UNIT ( * ) SI_UNIT ( $, .STERADIAN. ) SOLID_ANGLE_UNIT ( ) );
#1256 = PRESENTATION_LAYER_ASSIGNMENT (  '', '', ( #1142 ) ) ;
#1257 = CARTESIAN_POINT ( 'NONE',  ( -0.05511811023622047200, 0.007874015748031492500, 0.03937007874015750100 ) ) ;
#1258 = VECTOR ( 'NONE', #1381, 39.37007874015748100 ) ;
#1259 = ORIENTED_EDGE ( 'NONE', *, *, #2112, .T. ) ;
#1260 = CARTESIAN_POINT ( 'NONE',  ( 4.191562716722415200E-018, 0.04982600842398178500, 0.03363933264366318600 ) ) ;
#1261 = CARTESIAN_POINT ( 'NONE',  ( -0.01771653543307086600, 0.03346456692913385400, -0.04527559055118110500 ) ) ;
#1262 = CARTESIAN_POINT ( 'NONE',  ( -0.01198294790423105000, 0.0000000000000000000, 0.04527559055118111200 ) ) ;
#1263 = UNCERTAINTY_MEASURE_WITH_UNIT (LENGTH_MEASURE( 1.000000000000000100E-005 ), #1727, 'distance_accuracy_value', 'NONE');
#1264 = ORIENTED_EDGE ( 'NONE', *, *, #819, .T. ) ;
#1265 =( GEOMETRIC_REPRESENTATION_CONTEXT ( 3 ) GLOBAL_UNCERTAINTY_ASSIGNED_CONTEXT ( ( #314 ) ) GLOBAL_UNIT_ASSIGNED_CONTEXT ( ( #210, #1394, #386 ) ) REPRESENTATION_CONTEXT ( 'NONE', 'WORKASPACE' ) );
#1266 = DIRECTION ( 'NONE',  ( 0.1218693434051476000, -0.9925461516413219800, 0.0000000000000000000 ) ) ;
#1267 = EDGE_CURVE ( 'NONE', #2062, #871, #1714, .T. ) ;
#1268 = ORIENTED_EDGE ( 'NONE', *, *, #1470, .T. ) ;
#1269 = ORIENTED_EDGE ( 'NONE', *, *, #76, .T. ) ;
#1270 =( NAMED_UNIT ( * ) PLANE_ANGLE_UNIT ( ) SI_UNIT ( $, .RADIAN. ) );
#1271 = CARTESIAN_POINT ( 'NONE',  ( 0.04330708661417322100, -1.067186974143578900E-018, 0.04330708661417324200 ) ) ;
#1272 = ORIENTED_EDGE ( 'NONE', *, *, #1473, .T. ) ;
#1273 = EDGE_LOOP ( 'NONE', ( #1630, #778, #1455, #1676, #1113 ) ) ;
#1274 = VECTOR ( 'NONE', #1387, 39.37007874015748900 ) ;
#1275 = VECTOR ( 'NONE', #1307, 39.37007874015748100 ) ;
#1276 = CARTESIAN_POINT ( 'NONE',  ( 0.07480314960629921800, 0.003937007874015743600, 0.03543307086614175300 ) ) ;
#1277 = DIRECTION ( 'NONE',  ( 0.1218693434051477400, -0.9925461516413219800, 0.0000000000000000000 ) ) ;
#1278 = DIRECTION ( 'NONE',  ( 0.0000000000000000000, 0.0000000000000000000, -1.000000000000000000 ) ) ;
#1279 = CARTESIAN_POINT ( 'NONE',  ( 0.06962816269412078200, 0.04527559055099622500, 0.03481408134706039100 ) ) ;
#1280 = PLANE ( 'NONE',  #507 ) ;
#1281 = AXIS2_PLACEMENT_3D ( 'NONE', #428, #391, #274 ) ;
#1282 = CARTESIAN_POINT ( 'NONE',  ( 0.007874015748031478600, 0.03346456692913386100, 0.04116665839498152800 ) ) ;
#1283 = ADVANCED_FACE ( 'NONE', ( #1657 ), #1577, .T. ) ;
#1284 = VECTOR ( 'NONE', #1772, 39.37007874015748100 ) ;
#1285 = DIRECTION ( 'NONE',  ( -0.0000000000000000000, -1.000000000000000000, -0.0000000000000000000 ) ) ;
#1286 = CARTESIAN_POINT ( 'NONE',  ( -0.04235735023702244500, 0.02376716007858967900, 0.04235735023702243100 ) ) ;
#1287 = CARTESIAN_POINT ( 'NONE',  ( -0.05511811023622047200, -4.268512490100411300E-018, 0.03543307086614175300 ) ) ;
#1288 = LINE ( 'NONE', #29, #2126 ) ;
#1289 = MECHANICAL_DESIGN_GEOMETRIC_PRESENTATION_REPRESENTATION (  '', ( #1063 ), #1391 ) ;
#1290 = CIRCLE ( 'NONE', #1568, 0.003937007874015745400 ) ;
#1291 = DIRECTION ( 'NONE',  ( 0.0000000000000000000, 0.0000000000000000000, -1.000000000000000000 ) ) ;
#1292 = CARTESIAN_POINT ( 'NONE',  ( 0.06727866528732635900, 0.04982600842398178500, -0.03363933264366319300 ) ) ;
#1293 = EDGE_CURVE ( 'NONE', #2064, #584, #810, .T. ) ;
#1294 = VERTEX_POINT ( 'NONE', #1261 ) ;
#1295 = EDGE_LOOP ( 'NONE', ( #78, #2003, #152, #523, #365, #1883, #1427, #367 ) ) ;
#1296 = EDGE_CURVE ( 'NONE', #479, #1496, #2037, .T. ) ;
#1297 = FILL_AREA_STYLE ('',( #113 ) ) ;
#1298 = CLOSED_SHELL ( 'NONE', ( #311, #657, #1828, #1796, #613, #1670, #1514, #1488, #482, #279, #1370, #692, #1032, #136, #324, #1283, #182, #6, #1119, #2119, #855, #832, #1942, #1956, #488, #818, #864, #1319, #1355, #1758 ) ) ;
#1299 = ORIENTED_EDGE ( 'NONE', *, *, #1140, .T. ) ;
#1300 = EDGE_CURVE ( 'NONE', #363, #1364, #1304, .T. ) ;
#1301 = LINE ( 'NONE', #511, #2133 ) ;
#1302 = EDGE_CURVE ( 'NONE', #44, #1591, #1241, .T. ) ;
#1303 = DIRECTION ( 'NONE',  ( 1.000000000000000000, 0.0000000000000000000, 0.0000000000000000000 ) ) ;
#1304 = LINE ( 'NONE', #766, #1619 ) ;
#1305 = CARTESIAN_POINT ( 'NONE',  ( 0.04527559055118109100, 0.0000000000000000000, 0.0000000000000000000 ) ) ;
#1306 = FACE_BOUND ( 'NONE', #1537, .T. ) ;
#1307 = DIRECTION ( 'NONE',  ( 0.05233595623691080600, -0.9986295347548901400, 0.0000000000000000000 ) ) ;
#1308 = CARTESIAN_POINT ( 'NONE',  ( -0.07480314960629921800, 0.007874015748031492500, 0.04330708661417324200 ) ) ;
#1309 = PRESENTATION_LAYER_ASSIGNMENT (  '', '', ( #1080 ) ) ;
#1310 = FACE_OUTER_BOUND ( 'NONE', #1152, .T. ) ;
#1311 = LINE ( 'NONE', #71, #2103 ) ;
#1312 = CARTESIAN_POINT ( 'NONE',  ( -0.07480314960629921800, 0.007874015748031492500, 0.03543307086614175300 ) ) ;
#1313 = ORIENTED_EDGE ( 'NONE', *, *, #1071, .F. ) ;
#1314 = VERTEX_POINT ( 'NONE', #1271 ) ;
#1315 = STYLED_ITEM ( 'NONE', ( #1486 ), #445 ) ;
#1316 = VERTEX_POINT ( 'NONE', #435 ) ;
#1317 = CARTESIAN_POINT ( 'NONE',  ( -0.04330708661417324200, 0.0000000000000000000, 0.04330708661417324200 ) ) ;
#1318 = ORIENTED_EDGE ( 'NONE', *, *, #1882, .F. ) ;
#1319 = ADVANCED_FACE ( 'NONE', ( #299 ), #240, .T. ) ;
#1320 = VERTEX_POINT ( 'NONE', #776 ) ;
#1321 = FACE_BOUND ( 'NONE', #496, .T. ) ;
#1322 = LINE ( 'NONE', #461, #1787 ) ;
#1323 = LENGTH_MEASURE_WITH_UNIT ( LENGTH_MEASURE( 0.02539999999999999900 ), #1332 );
#1324 = CYLINDRICAL_SURFACE ( 'NONE', #1042, 0.003937007874015749700 ) ;
#1325 = EDGE_CURVE ( 'NONE', #1615, #1453, #687, .T. ) ;
#1326 = CARTESIAN_POINT ( 'NONE',  ( -0.01968503937007874000, 0.0000000000000000000, 0.04330708661417323500 ) ) ;
#1327 = CARTESIAN_POINT ( 'NONE',  ( 0.03385591281019813300, 0.04601202214925174300, 0.01163909865749995600 ) ) ;
#1328 =( BOUNDED_SURFACE ( )  B_SPLINE_SURFACE ( 3, 3, ( 
 ( #101, #96, #1279, #448 ),
 ( #1605, #622, #1759, #794 ),
 ( #1916, #956, #2083, #1122 ),
 ( #111, #1292, #283, #1461 ) ),
 .UNSPECIFIED., .F., .F., .F. ) 
 B_SPLINE_SURFACE_WITH_KNOTS ( ( 4, 4 ),
 ( 4, 4 ),
 ( 0.0000000000000000000, 1.000000000000000000 ),
 ( 0.0000000000000000000, 1.000000000000000000 ),
 .UNSPECIFIED. ) 
 GEOMETRIC_REPRESENTATION_ITEM ( )  RATIONAL_B_SPLINE_SURFACE ( (
 ( 1.000000000000000000, 0.3333333333333334300, 0.3333333333333334300, 1.000000000000000000),
 ( 0.9866730712129424500, 0.3288910237376475600, 0.3288910237376475600, 0.9866730712129424500),
 ( 0.9866730712129424500, 0.3288910237376475600, 0.3288910237376475600, 0.9866730712129424500),
 ( 1.000000000000000000, 0.3333333333333334300, 0.3333333333333334300, 1.000000000000000000) ) ) 
 REPRESENTATION_ITEM ( '' )  SURFACE ( )  );
#1329 = ADVANCED_FACE ( 'NONE', ( #1980 ), #2072, .F. ) ;
#1330 = LINE ( 'NONE', #462, #30 ) ;
#1331 = LENGTH_MEASURE_WITH_UNIT ( LENGTH_MEASURE( 0.02539999999999999900 ), #33 );
#1332 =( LENGTH_UNIT ( ) NAMED_UNIT ( * ) SI_UNIT ( $, .METRE. ) );
#1333 = FACE_OUTER_BOUND ( 'NONE', #334, .T. ) ;
#1334 =( NAMED_UNIT ( * ) SI_UNIT ( $, .STERADIAN. ) SOLID_ANGLE_UNIT ( ) );
#1335 = MECHANICAL_DESIGN_GEOMETRIC_PRESENTATION_REPRESENTATION (  '', ( #1120 ), #1456 ) ;
#1336 = DIMENSIONAL_EXPONENTS ( 1.000000000000000000, 0.0000000000000000000, 0.0000000000000000000, 0.0000000000000000000, 0.0000000000000000000, 0.0000000000000000000, 0.0000000000000000000 ) ;
#1337 = ORIENTED_EDGE ( 'NONE', *, *, #501, .F. ) ;
#1338 =( NAMED_UNIT ( * ) PLANE_ANGLE_UNIT ( ) SI_UNIT ( $, .RADIAN. ) );
#1339 = CARTESIAN_POINT ( 'NONE',  ( 0.04527559055118109100, 0.0000000000000000000, 0.04527559055118110500 ) ) ;
#1340 = EDGE_LOOP ( 'NONE', ( #927, #1651, #1001, #1341, #1089, #204, #474, #1036 ) ) ;
#1341 = ORIENTED_EDGE ( 'NONE', *, *, #519, .F. ) ;
#1342 = FACE_OUTER_BOUND ( 'NONE', #1450, .T. ) ;
#1343 = ORIENTED_EDGE ( 'NONE', *, *, #1067, .F. ) ;
#1344 = MECHANICAL_DESIGN_GEOMETRIC_PRESENTATION_REPRESENTATION (  '', ( #1124 ), #1463 ) ;
#1345 = VECTOR ( 'NONE', #175, 39.37007874015748100 ) ;
#1346 = LINE ( 'NONE', #1864, #1769 ) ;
#1347 = DIRECTION ( 'NONE',  ( 0.0000000000000000000, -0.0000000000000000000, 1.000000000000000000 ) ) ;
#1348 = FILL_AREA_STYLE ('',( #1468 ) ) ;
#1349 = DIRECTION ( 'NONE',  ( -1.000000000000000000, 0.0000000000000000000, 0.0000000000000000000 ) ) ;
#1350 = DIRECTION ( 'NONE',  ( 1.000000000000000000, 0.0000000000000000000, 0.0000000000000000000 ) ) ;
#1351 = LINE ( 'NONE', #1896, #465 ) ;
#1352 = AXIS2_PLACEMENT_3D ( 'NONE', #434, #282, #277 ) ;
#1353 = CARTESIAN_POINT ( 'NONE',  ( -0.04116665839498154200, 0.03346456692913386100, 0.04527559055118111200 ) ) ;
#1354 = LINE ( 'NONE', #923, #919 ) ;
#1355 = ADVANCED_FACE ( 'NONE', ( #939 ), #1328, .T. ) ;
#1356 = DIMENSIONAL_EXPONENTS ( 1.000000000000000000, 0.0000000000000000000, 0.0000000000000000000, 0.0000000000000000000, 0.0000000000000000000, 0.0000000000000000000, 0.0000000000000000000 ) ;
#1357 = EDGE_CURVE ( 'NONE', #805, #1910, #22, .T. ) ;
#1358 = VECTOR ( 'NONE', #2071, 39.37007874015748100 ) ;
#1359 = DIRECTION ( 'NONE',  ( -1.000000000000000000, 0.0000000000000000000, 1.224646799147353200E-016 ) ) ;
#1360 = ORIENTED_EDGE ( 'NONE', *, *, #1575, .T. ) ;
#1361 = MECHANICAL_DESIGN_GEOMETRIC_PRESENTATION_REPRESENTATION (  '', ( #1142 ), #1478 ) ;
#1362 = VERTEX_POINT ( 'NONE', #1918 ) ;
#1363 = ORIENTED_EDGE ( 'NONE', *, *, #1985, .T. ) ;
#1364 = VERTEX_POINT ( 'NONE', #1286 ) ;
#1365 = DIRECTION ( 'NONE',  ( -0.1218693434051477400, 0.9925461516413219800, 0.0000000000000000000 ) ) ;
#1366 = ORIENTED_EDGE ( 'NONE', *, *, #94, .F. ) ;
#1367 = FACE_OUTER_BOUND ( 'NONE', #1674, .T. ) ;
#1368 = DIRECTION ( 'NONE',  ( 1.000000000000000000, 0.0000000000000000000, -0.0000000000000000000 ) ) ;
#1369 = COLOUR_RGB ( '',0.7921568627450980000, 0.8196078431372548800, 0.9333333333333333500 ) ;
#1370 = ADVANCED_FACE ( 'NONE', ( #481 ), #278, .T. ) ;
#1371 = ORIENTED_EDGE ( 'NONE', *, *, #1925, .F. ) ;
#1372 = EDGE_CURVE ( 'NONE', #1196, #1738, #1322, .T. ) ;
#1373 = FACE_OUTER_BOUND ( 'NONE', #659, .T. ) ;
#1374 = EDGE_LOOP ( 'NONE', ( #16, #1804, #656, #517, #1030, #1229 ) ) ;
#1375 =( NAMED_UNIT ( * ) PLANE_ANGLE_UNIT ( ) SI_UNIT ( $, .RADIAN. ) );
#1376 = EDGE_CURVE ( 'NONE', #1673, #1362, #877, .T. ) ;
#1377 = FILL_AREA_STYLE ('',( #1197 ) ) ;
#1378 = CARTESIAN_POINT ( 'NONE',  ( -0.07480314960629921800, 0.007874015748031492500, 0.04330708661417324200 ) ) ;
#1379 = DIRECTION ( 'NONE',  ( 0.0000000000000000000, 0.0000000000000000000, -1.000000000000000000 ) ) ;
#1380 = DIRECTION ( 'NONE',  ( -1.000000000000000000, 0.0000000000000000000, 0.0000000000000000000 ) ) ;
#1381 = DIRECTION ( 'NONE',  ( 0.0000000000000000000, -0.0000000000000000000, 1.000000000000000000 ) ) ;
#1382 = CARTESIAN_POINT ( 'NONE',  ( 0.05511811023622047200, 0.003937007874015747100, 0.007874015748031496000 ) ) ;
#1383 = DIRECTION ( 'NONE',  ( 0.0000000000000000000, 0.0000000000000000000, -1.000000000000000000 ) ) ;
#1384 = PRESENTATION_LAYER_ASSIGNMENT (  '', '', ( #1159 ) ) ;
#1385 = PLANE ( 'NONE',  #162 ) ;
#1386 = LENGTH_MEASURE_WITH_UNIT ( LENGTH_MEASURE( 0.02539999999999999900 ), #582 );
#1387 = DIRECTION ( 'NONE',  ( 0.1209742911513549000, 0.9852565360152929500, 0.1209742911513549000 ) ) ;
#1388 = VERTEX_POINT ( 'NONE', #1926 ) ;
#1389 =( NAMED_UNIT ( * ) SI_UNIT ( $, .STERADIAN. ) SOLID_ANGLE_UNIT ( ) );
#1390 = ORIENTED_EDGE ( 'NONE', *, *, #1446, .F. ) ;
#1391 =( GEOMETRIC_REPRESENTATION_CONTEXT ( 3 ) GLOBAL_UNCERTAINTY_ASSIGNED_CONTEXT ( ( #654 ) ) GLOBAL_UNIT_ASSIGNED_CONTEXT ( ( #1164, #151, #1334 ) ) REPRESENTATION_CONTEXT ( 'NONE', 'WORKASPACE' ) );
#1392 = ORIENTED_EDGE ( 'NONE', *, *, #222, .T. ) ;
#1393 =( CONVERSION_BASED_UNIT ( 'INCH', #1731 ) LENGTH_UNIT ( ) NAMED_UNIT ( #1643 ) );
#1394 =( NAMED_UNIT ( * ) PLANE_ANGLE_UNIT ( ) SI_UNIT ( $, .RADIAN. ) );
#1395 = EDGE_LOOP ( 'NONE', ( #1634, #1760, #2108, #1058 ) ) ;
#1396 = DIRECTION ( 'NONE',  ( 0.0000000000000000000, 0.0000000000000000000, -1.000000000000000000 ) ) ;
#1397 = DIRECTION ( 'NONE',  ( -0.0000000000000000000, -1.000000000000000000, -0.0000000000000000000 ) ) ;
#1398 = EDGE_CURVE ( 'NONE', #1316, #1765, #433, .T. ) ;
#1399 = LINE ( 'NONE', #2, #1345 ) ;
#1400 = CARTESIAN_POINT ( 'NONE',  ( 0.04527559055118109100, 0.03346456692913386100, 0.04116665839498152800 ) ) ;
#1401 = CARTESIAN_POINT ( 'NONE',  ( 0.05511811023622047200, 0.003937007874015747100, 0.007874015748031496000 ) ) ;
#1402 = PLANE ( 'NONE',  #250 ) ;
#1403 = EDGE_CURVE ( 'NONE', #708, #1314, #1743, .T. ) ;
#1404 = DIRECTION ( 'NONE',  ( -1.000000000000000000, 0.0000000000000000000, 0.0000000000000000000 ) ) ;
#1405 = CARTESIAN_POINT ( 'NONE',  ( 0.04527559055118109100, -4.959404491161651100E-020, -0.04527559055118111200 ) ) ;
#1406 = DIRECTION ( 'NONE',  ( 1.000000000000000000, -1.204669080539805100E-016, 0.0000000000000000000 ) ) ;
#1407 = STYLED_ITEM ( 'NONE', ( #710 ), #1635 ) ;
#1408 = DIRECTION ( 'NONE',  ( 0.1209742911513542900, -0.9852565360152929500, 0.1209742911513549300 ) ) ;
#1409 =( LENGTH_UNIT ( ) NAMED_UNIT ( * ) SI_UNIT ( $, .METRE. ) );
#1410 = SURFACE_STYLE_USAGE ( .BOTH. , #418 ) ;
#1411 = CARTESIAN_POINT ( 'NONE',  ( 0.0000000000000000000, 0.04527559055100564800, 0.0000000000000000000 ) ) ;
#1412 = CARTESIAN_POINT ( 'NONE',  ( 0.07480314960629921800, 0.007874015748031492500, 0.04330708661417324200 ) ) ;
#1413 = LINE ( 'NONE', #1081, #972 ) ;
#1414 =( NAMED_UNIT ( * ) SI_UNIT ( $, .STERADIAN. ) SOLID_ANGLE_UNIT ( ) );
#1415 =( NAMED_UNIT ( * ) SI_UNIT ( $, .STERADIAN. ) SOLID_ANGLE_UNIT ( ) );
#1416 = DIRECTION ( 'NONE',  ( -1.000000000000000000, -0.0000000000000000000, 0.0000000000000000000 ) ) ;
#1417 = LINE ( 'NONE', #95, #512 ) ;
#1418 = MECHANICAL_DESIGN_GEOMETRIC_PRESENTATION_REPRESENTATION (  '', ( #1080 ), #1517 ) ;
#1419 = FILL_AREA_STYLE ('',( #1250 ) ) ;
#1420 = DIRECTION ( 'NONE',  ( -0.9925461516413219800, -0.1218693434051477400, 0.0000000000000000000 ) ) ;
#1421 = EDGE_LOOP ( 'NONE', ( #1927, #1472, #1943, #1079 ) ) ;
#1422 = CARTESIAN_POINT ( 'NONE',  ( 0.01771653543307086900, 0.03346456692913386100, -0.04527559055118110500 ) ) ;
#1423 = DIRECTION ( 'NONE',  ( -0.0000000000000000000, -1.000000000000000000, -0.0000000000000000000 ) ) ;
#1424 = ORIENTED_EDGE ( 'NONE', *, *, #2029, .F. ) ;
#1425 = CARTESIAN_POINT ( 'NONE',  ( 0.05511811023622047200, 0.007874015748031494200, 0.03937007874015749400 ) ) ;
#1426 = MANIFOLD_SOLID_BREP ( 'Revolve1', #1298 ) ;
#1427 = ORIENTED_EDGE ( 'NONE', *, *, #319, .F. ) ;
#1428 = CARTESIAN_POINT ( 'NONE',  ( -0.05511811023622047200, 0.03346456692913385400, 0.03937007874015749400 ) ) ;
#1429 = ORIENTED_EDGE ( 'NONE', *, *, #1984, .F. ) ;
#1430 = FACE_OUTER_BOUND ( 'NONE', #1885, .T. ) ;
#1431 = ORIENTED_EDGE ( 'NONE', *, *, #1985, .F. ) ;
#1432 = ORIENTED_EDGE ( 'NONE', *, *, #1962, .T. ) ;
#1433 = CARTESIAN_POINT ( 'NONE',  ( -0.04330708661417324200, 0.0000000000000000000, 0.04330708661417324200 ) ) ;
#1434 = CARTESIAN_POINT ( 'NONE',  ( 0.0000000000000000000, -0.02952755905511811700, -0.03968155824105596600 ) ) ;
#1435 = PLANE ( 'NONE',  #58 ) ;
#1436 = PRESENTATION_LAYER_ASSIGNMENT (  '', '', ( #1315 ) ) ;
#1437 = CARTESIAN_POINT ( 'NONE',  ( -0.05511811023622047200, 0.003937007874015748000, 0.0000000000000000000 ) ) ;
#1438 = CARTESIAN_POINT ( 'NONE',  ( 0.04479218676809879100, 0.003937007874015748000, 0.0000000000000000000 ) ) ;
#1439 = PLANE ( 'NONE',  #2100 ) ;
#1440 = DIRECTION ( 'NONE',  ( 0.0000000000000000000, 0.0000000000000000000, 1.000000000000000000 ) ) ;
#1441 = UNCERTAINTY_MEASURE_WITH_UNIT (LENGTH_MEASURE( 1.000000000000000100E-005 ), #1065, 'distance_accuracy_value', 'NONE');
#1442 = CARTESIAN_POINT ( 'NONE',  ( 0.05511811023622047200, 0.007874015748031492500, 0.007874015748031496000 ) ) ;
#1443 = PRODUCT_DEFINITION_CONTEXT ( 'detailed design', #1512, 'design' ) ;
#1444 = SURFACE_SIDE_STYLE ('',( #342 ) ) ;
#1445 = ADVANCED_FACE ( 'NONE', ( #2070 ), #336, .T. ) ;
#1446 = EDGE_CURVE ( 'NONE', #228, #1056, #1301, .T. ) ;
#1447 = DIRECTION ( 'NONE',  ( -0.1209742911513541600, -0.9852565360152931700, -0.1209742911513549300 ) ) ;
#1448 = DIRECTION ( 'NONE',  ( -0.0000000000000000000, 0.0000000000000000000, -1.000000000000000000 ) ) ;
#1449 = EDGE_CURVE ( 'NONE', #2058, #805, #1712, .T. ) ;
#1450 = EDGE_LOOP ( 'NONE', ( #1299, #1521, #734, #1033, #1614, #1978 ) ) ;
#1451 = ORIENTED_EDGE ( 'NONE', *, *, #94, .T. ) ;
#1452 = CARTESIAN_POINT ( 'NONE',  ( -0.07480314960629921800, 0.003937007874015749700, -0.007874015748031499400 ) ) ;
#1453 = VERTEX_POINT ( 'NONE', #688 ) ;
#1454 = ORIENTED_EDGE ( 'NONE', *, *, #1300, .F. ) ;
#1455 = ORIENTED_EDGE ( 'NONE', *, *, #384, .T. ) ;
#1456 =( GEOMETRIC_REPRESENTATION_CONTEXT ( 3 ) GLOBAL_UNCERTAINTY_ASSIGNED_CONTEXT ( ( #146 ) ) GLOBAL_UNIT_ASSIGNED_CONTEXT ( ( #187, #1375, #359 ) ) REPRESENTATION_CONTEXT ( 'NONE', 'WORKASPACE' ) );
#1457 = PLANE ( 'NONE',  #1183 ) ;
#1458 = VECTOR ( 'NONE', #903, 39.37007874015748100 ) ;
#1459 = VECTOR ( 'NONE', #1347, 39.37007874015748100 ) ;
#1460 = CARTESIAN_POINT ( 'NONE',  ( 0.07480314960629921800, 0.007874015748031492500, 0.03937007874015749400 ) ) ;
#1461 = CARTESIAN_POINT ( 'NONE',  ( 4.119630104751520000E-018, 0.04982600842398178500, 0.03363933264366318600 ) ) ;
#1462 = SURFACE_STYLE_USAGE ( .BOTH. , #286 ) ;
#1463 =( GEOMETRIC_REPRESENTATION_CONTEXT ( 3 ) GLOBAL_UNCERTAINTY_ASSIGNED_CONTEXT ( ( #1840 ) ) GLOBAL_UNIT_ASSIGNED_CONTEXT ( ( #1090, #69, #1255 ) ) REPRESENTATION_CONTEXT ( 'NONE', 'WORKASPACE' ) );
#1464 = EDGE_CURVE ( 'NONE', #661, #313, #848, .T. ) ;
#1465 = DIRECTION ( 'NONE',  ( 0.0000000000000000000, 0.9925461516413219800, -0.1218693434051477400 ) ) ;
#1466 = DIRECTION ( 'NONE',  ( 0.1218693434051471200, -0.9925461516413219800, 0.0000000000000000000 ) ) ;
#1467 = LINE ( 'NONE', #1428, #509 ) ;
#1468 = FILL_AREA_STYLE_COLOUR ( '', #1683 ) ;
#1469 = FACE_OUTER_BOUND ( 'NONE', #1088, .T. ) ;
#1470 = EDGE_CURVE ( 'NONE', #2063, #1653, #459, .T. ) ;
#1471 = ORIENTED_EDGE ( 'NONE', *, *, #1970, .T. ) ;
#1472 = ORIENTED_EDGE ( 'NONE', *, *, #1482, .F. ) ;
#1473 = EDGE_CURVE ( 'NONE', #926, #1519, #2095, .T. ) ;
#1474 = ORIENTED_EDGE ( 'NONE', *, *, #281, .F. ) ;
#1475 = ORIENTED_EDGE ( 'NONE', *, *, #406, .F. ) ;
#1476 = FACE_OUTER_BOUND ( 'NONE', #1493, .T. ) ;
#1477 = EDGE_LOOP ( 'NONE', ( #1431, #1513, #132 ) ) ;
#1478 =( GEOMETRIC_REPRESENTATION_CONTEXT ( 3 ) GLOBAL_UNCERTAINTY_ASSIGNED_CONTEXT ( ( #2125 ) ) GLOBAL_UNIT_ASSIGNED_CONTEXT ( ( #160, #1338, #328 ) ) REPRESENTATION_CONTEXT ( 'NONE', 'WORKASPACE' ) );
#1479 = DIRECTION ( 'NONE',  ( -0.0000000000000000000, 0.0000000000000000000, -1.000000000000000000 ) ) ;
#1480 = ADVANCED_FACE ( 'NONE', ( #1655 ), #1839, .T. ) ;
#1481 = STYLED_ITEM ( 'NONE', ( #207 ), #1186 ) ;
#1482 = EDGE_CURVE ( 'NONE', #423, #1196, #585, .T. ) ;
#1483 = UNCERTAINTY_MEASURE_WITH_UNIT (LENGTH_MEASURE( 1.000000000000000100E-005 ), #1611, 'distance_accuracy_value', 'NONE');
#1484 = CARTESIAN_POINT ( 'NONE',  ( 0.0000000000000000000, 0.0000000000000000000, 0.04330708661417323500 ) ) ;
#1485 = AXIS2_PLACEMENT_3D ( 'NONE', #951, #2076, #1117 ) ;
#1486 = PRESENTATION_STYLE_ASSIGNMENT (( #863 ) ) ;
#1487 = DIRECTION ( 'NONE',  ( -0.0000000000000000000, -0.0000000000000000000, -1.000000000000000000 ) ) ;
#1488 = ADVANCED_FACE ( 'NONE', ( #1476 ), #1047, .F. ) ;
#1489 = SURFACE_STYLE_FILL_AREA ( #621 ) ;
#1490 = CARTESIAN_POINT ( 'NONE',  ( 0.03385591281019813300, 0.04937329887704548800, 4.268512490100411300E-018 ) ) ;
#1491 = CARTESIAN_POINT ( 'NONE',  ( 0.007874015748031496000, 0.03346456692913385400, 0.0000000000000000000 ) ) ;
#1492 = VERTEX_POINT ( 'NONE', #26 ) ;
#1493 = EDGE_LOOP ( 'NONE', ( #1424, #1432, #1158 ) ) ;
#1494 = MECHANICAL_DESIGN_GEOMETRIC_PRESENTATION_REPRESENTATION (  '', ( #1159 ), #1604 ) ;
#1495 = ORIENTED_EDGE ( 'NONE', *, *, #1822, .T. ) ;
#1496 = VERTEX_POINT ( 'NONE', #707 ) ;
#1497 = ORIENTED_EDGE ( 'NONE', *, *, #1961, .F. ) ;
#1498 =( NAMED_UNIT ( * ) PLANE_ANGLE_UNIT ( ) SI_UNIT ( $, .RADIAN. ) );
#1499 = VECTOR ( 'NONE', #1866, 39.37007874015748100 ) ;
#1500 = CARTESIAN_POINT ( 'NONE',  ( 0.02874023697689957700, 0.003937007874015748000, 0.007874015748031496000 ) ) ;
#1501 = DIMENSIONAL_EXPONENTS ( 1.000000000000000000, 0.0000000000000000000, 0.0000000000000000000, 0.0000000000000000000, 0.0000000000000000000, 0.0000000000000000000, 0.0000000000000000000 ) ;
#1502 = DIRECTION ( 'NONE',  ( 9.357571251318676300E-017, 0.1218693434051477400, 0.9925461516413219800 ) ) ;
#1503 = DIMENSIONAL_EXPONENTS ( 1.000000000000000000, 0.0000000000000000000, 0.0000000000000000000, 0.0000000000000000000, 0.0000000000000000000, 0.0000000000000000000, 0.0000000000000000000 ) ;
#1504 = FACE_OUTER_BOUND ( 'NONE', #337, .T. ) ;
#1505 = EDGE_CURVE ( 'NONE', #1783, #1151, #1835, .T. ) ;
#1506 = EDGE_CURVE ( 'NONE', #1362, #957, #1031, .T. ) ;
#1507 = FILL_AREA_STYLE ('',( #121 ) ) ;
#1508 = LINE ( 'NONE', #1228, #1128 ) ;
#1509 = AXIS2_PLACEMENT_3D ( 'NONE', #1874, #915, #2039 ) ;
#1510 = CARTESIAN_POINT ( 'NONE',  ( -0.02182546758927042200, 5.335640612625514100E-019, -0.04527559055118110500 ) ) ;
#1511 = CARTESIAN_POINT ( 'NONE',  ( 0.0000000000000000000, 0.04527559055100564800, 0.0000000000000000000 ) ) ;
#1512 = APPLICATION_CONTEXT ( 'automotive_design' ) ;
#1513 = ORIENTED_EDGE ( 'NONE', *, *, #159, .F. ) ;
#1514 = ADVANCED_FACE ( 'NONE', ( #1430 ), #1385, .T. ) ;
#1515 = ORIENTED_EDGE ( 'NONE', *, *, #680, .T. ) ;
#1516 = LINE ( 'NONE', #430, #1085 ) ;
#1517 =( GEOMETRIC_REPRESENTATION_CONTEXT ( 3 ) GLOBAL_UNCERTAINTY_ASSIGNED_CONTEXT ( ( #1103 ) ) GLOBAL_UNIT_ASSIGNED_CONTEXT ( ( #975, #2102, #1143 ) ) REPRESENTATION_CONTEXT ( 'NONE', 'WORKASPACE' ) );
#1518 = EDGE_LOOP ( 'NONE', ( #1318, #171, #1595 ) ) ;
#1519 = VERTEX_POINT ( 'NONE', #884 ) ;
#1520 = COLOUR_RGB ( '',0.7921568627450980000, 0.8196078431372548800, 0.9333333333333333500 ) ;
#1521 = ORIENTED_EDGE ( 'NONE', *, *, #1505, .F. ) ;
#1522 = DIRECTION ( 'NONE',  ( -0.0000000000000000000, 0.0000000000000000000, -1.000000000000000000 ) ) ;
#1523 = VECTOR ( 'NONE', #534, 39.37007874015748100 ) ;
#1524 = ADVANCED_FACE ( 'NONE', ( #1784 ), #199, .T. ) ;
#1525 = DIMENSIONAL_EXPONENTS ( 1.000000000000000000, 0.0000000000000000000, 0.0000000000000000000, 0.0000000000000000000, 0.0000000000000000000, 0.0000000000000000000, 0.0000000000000000000 ) ;
#1526 = CARTESIAN_POINT ( 'NONE',  ( 0.07480314960629921800, 0.0000000000000000000, -0.007874015748031496000 ) ) ;
#1527 = LINE ( 'NONE', #796, #649 ) ;
#1528 = MECHANICAL_DESIGN_GEOMETRIC_PRESENTATION_REPRESENTATION (  '', ( #1315 ), #1628 ) ;
#1529 = VECTOR ( 'NONE', #1368, 39.37007874015748100 ) ;
#1530 = SURFACE_STYLE_USAGE ( .BOTH. , #364 ) ;
#1531 = CIRCLE ( 'NONE', #335, 0.03481408134724021200 ) ;
#1532 = DIRECTION ( 'NONE',  ( 0.1218693434051473500, 0.9925461516413219800, 0.0000000000000000000 ) ) ;
#1533 = AXIS2_PLACEMENT_3D ( 'NONE', #526, #1050, #28 ) ;
#1534 = ORIENTED_EDGE ( 'NONE', *, *, #2101, .T. ) ;
#1535 = ORIENTED_EDGE ( 'NONE', *, *, #869, .T. ) ;
#1536 = DIRECTION ( 'NONE',  ( -1.000000000000000000, 0.0000000000000000000, -0.0000000000000000000 ) ) ;
#1537 = EDGE_LOOP ( 'NONE', ( #74, #1134, #1827, #1084, #135, #426 ) ) ;
#1538 = CARTESIAN_POINT ( 'NONE',  ( -0.07480314960629921800, -4.268512490100411300E-018, 0.03543307086614175300 ) ) ;
#1539 = VECTOR ( 'NONE', #732, 39.37007874015748100 ) ;
#1540 = ORIENTED_EDGE ( 'NONE', *, *, #1575, .F. ) ;
#1541 = UNCERTAINTY_MEASURE_WITH_UNIT (LENGTH_MEASURE( 1.000000000000000100E-005 ), #404, 'distance_accuracy_value', 'NONE');
#1542 = DIRECTION ( 'NONE',  ( 1.000000000000000000, 0.0000000000000000000, -0.0000000000000000000 ) ) ;
#1543 = FACE_OUTER_BOUND ( 'NONE', #768, .T. ) ;
#1544 = EDGE_CURVE ( 'NONE', #1388, #494, #780, .T. ) ;
#1545 = CARTESIAN_POINT ( 'NONE',  ( 0.05511811023622047200, 0.0000000000000000000, -0.007874015748031496000 ) ) ;
#1546 = CARTESIAN_POINT ( 'NONE',  ( -0.05511811023622047200, 0.007874015748031492500, 0.03543307086614175300 ) ) ;
#1547 = CARTESIAN_POINT ( 'NONE',  ( -0.02874023697689957700, 0.003937007874015748000, 0.007874015748031496000 ) ) ;
#1548 = CARTESIAN_POINT ( 'NONE',  ( -0.06962816269412078200, 0.04527559055099622500, 0.03481408134706041200 ) ) ;
#1549 =( NAMED_UNIT ( * ) PLANE_ANGLE_UNIT ( ) SI_UNIT ( $, .RADIAN. ) );
#1550 = LINE ( 'NONE', #1246, #215 ) ;
#1551 = DIRECTION ( 'NONE',  ( 1.000000000000000000, 0.0000000000000000000, 0.0000000000000000000 ) ) ;
#1552 = EDGE_CURVE ( 'NONE', #2062, #1615, #318, .T. ) ;
#1553 = LINE ( 'NONE', #749, #672 ) ;
#1554 = FILL_AREA_STYLE ('',( #901 ) ) ;
#1555 =( CONVERSION_BASED_UNIT ( 'INCH', #253 ) LENGTH_UNIT ( ) NAMED_UNIT ( #1806 ) );
#1556 = PLANE ( 'NONE',  #952 ) ;
#1557 = DIRECTION ( 'NONE',  ( 1.000000000000000000, 0.0000000000000000000, -0.0000000000000000000 ) ) ;
#1558 =( NAMED_UNIT ( * ) PLANE_ANGLE_UNIT ( ) SI_UNIT ( $, .RADIAN. ) );
#1559 = VERTEX_POINT ( 'NONE', #50 ) ;
#1560 = ORIENTED_EDGE ( 'NONE', *, *, #1168, .T. ) ;
#1561 = LINE ( 'NONE', #64, #1133 ) ;
#1562 = DIRECTION ( 'NONE',  ( 0.1218693434051477400, 0.9925461516413219800, -0.0000000000000000000 ) ) ;
#1563 = FILL_AREA_STYLE_COLOUR ( '', #1848 ) ;
#1564 = ORIENTED_EDGE ( 'NONE', *, *, #243, .F. ) ;
#1565 =( LENGTH_UNIT ( ) NAMED_UNIT ( * ) SI_UNIT ( $, .METRE. ) );
#1566 = CARTESIAN_POINT ( 'NONE',  ( -0.05511811023622047200, 0.003937007874015748000, 0.0000000000000000000 ) ) ;
#1567 = PLANE ( 'NONE',  #1771 ) ;
#1568 = AXIS2_PLACEMENT_3D ( 'NONE', #2042, #2068, #2049 ) ;
#1569 = LINE ( 'NONE', #1672, #298 ) ;
#1570 = PRESENTATION_STYLE_ASSIGNMENT (( #440 ) ) ;
#1571 = CARTESIAN_POINT ( 'NONE',  ( -0.05511811023622047200, 0.007874015748031492500, 0.03543307086614175300 ) ) ;
#1572 = SURFACE_STYLE_USAGE ( .BOTH. , #410 ) ;
#1573 = VECTOR ( 'NONE', #486, 39.37007874015748900 ) ;
#1574 = CARTESIAN_POINT ( 'NONE',  ( 0.01968503937007874000, -5.223982558183118800E-019, 0.04330708661417323500 ) ) ;
#1575 = EDGE_CURVE ( 'NONE', #1673, #1951, #1598, .T. ) ;
#1576 = PLANE ( 'NONE',  #674 ) ;
#1577 = PLANE ( 'NONE',  #597 ) ;
#1578 = DIRECTION ( 'NONE',  ( -1.000000000000000000, 0.0000000000000000000, -0.0000000000000000000 ) ) ;
#1579 = PLANE ( 'NONE',  #348 ) ;
#1580 = PRESENTATION_STYLE_ASSIGNMENT (( #1462 ) ) ;
#1581 = DIRECTION ( 'NONE',  ( -0.7486568944287348400, -0.6580160707443266600, 0.08079421431339739400 ) ) ;
#1582 = ORIENTED_EDGE ( 'NONE', *, *, #1815, .T. ) ;
#1583 = DIRECTION ( 'NONE',  ( 0.1218693434051472400, 0.9925461516413219800, 0.0000000000000000000 ) ) ;
#1584 = VECTOR ( 'NONE', #1667, 39.37007874015748100 ) ;
#1585 = AXIS2_PLACEMENT_3D ( 'NONE', #554, #1705, #725 ) ;
#1586 = CARTESIAN_POINT ( 'NONE',  ( -0.05511811023622047200, 0.03346456692913384700, 0.04330708661417324200 ) ) ;
#1587 = LINE ( 'NONE', #1422, #655 ) ;
#1588 = DIRECTION ( 'NONE',  ( 0.1218693434051472300, -0.9925461516413219800, 0.0000000000000000000 ) ) ;
#1589 = CARTESIAN_POINT ( 'NONE',  ( 0.0000000000000000000, 0.04982600842398178500, 0.0000000000000000000 ) ) ;
#1590 = CARTESIAN_POINT ( 'NONE',  ( 0.0000000000000000000, 0.03346456693639907700, 0.0000000000000000000 ) ) ;
#1591 = VERTEX_POINT ( 'NONE', #898 ) ;
#1592 = ORIENTED_EDGE ( 'NONE', *, *, #1071, .T. ) ;
#1593 = DIRECTION ( 'NONE',  ( -0.0000000000000000000, -1.000000000000000000, -0.0000000000000000000 ) ) ;
#1594 =( CONVERSION_BASED_UNIT ( 'INCH', #1756 ) LENGTH_UNIT ( ) NAMED_UNIT ( #154 ) );
#1595 = ORIENTED_EDGE ( 'NONE', *, *, #1921, .T. ) ;
#1596 =( NAMED_UNIT ( * ) SI_UNIT ( $, .STERADIAN. ) SOLID_ANGLE_UNIT ( ) );
#1597 = ORIENTED_EDGE ( 'NONE', *, *, #492, .T. ) ;
#1598 = LINE ( 'NONE', #1401, #269 ) ;
#1599 = DIRECTION ( 'NONE',  ( -0.0000000000000000000, -1.000000000000000000, 0.0000000000000000000 ) ) ;
#1600 = ORIENTED_EDGE ( 'NONE', *, *, #532, .T. ) ;
#1601 = CARTESIAN_POINT ( 'NONE',  ( -0.04235735023702243100, 0.02376716007858967900, 0.04235735023702243800 ) ) ;
#1602 =( LENGTH_UNIT ( ) NAMED_UNIT ( * ) SI_UNIT ( $, .METRE. ) );
#1603 = DIRECTION ( 'NONE',  ( 0.5278574566949541000, -0.6653818533917719200, -0.5278574566949539900 ) ) ;
#1604 =( GEOMETRIC_REPRESENTATION_CONTEXT ( 3 ) GLOBAL_UNCERTAINTY_ASSIGNED_CONTEXT ( ( #868 ) ) GLOBAL_UNIT_ASSIGNED_CONTEXT ( ( #1555, #1549, #1414 ) ) REPRESENTATION_CONTEXT ( 'NONE', 'WORKASPACE' ) );
#1605 = CARTESIAN_POINT ( 'NONE',  ( 0.0000000000000000000, 0.04686111055855868300, -0.03473098776448014400 ) ) ;
#1606 = CARTESIAN_POINT ( 'NONE',  ( -0.07480314960629921800, -3.379239054662825600E-018, -0.007874015748031499400 ) ) ;
#1607 = LINE ( 'NONE', #2036, #1125 ) ;
#1608 = DIRECTION ( 'NONE',  ( 0.0000000000000000000, 0.0000000000000000000, -1.000000000000000000 ) ) ;
#1609 = STYLED_ITEM ( 'NONE', ( #100 ), #15 ) ;
#1610 = LINE ( 'NONE', #1730, #1967 ) ;
#1611 =( CONVERSION_BASED_UNIT ( 'INCH', #1843 ) LENGTH_UNIT ( ) NAMED_UNIT ( #1503 ) );
#1612 = EDGE_CURVE ( 'NONE', #1680, #1631, #2005, .T. ) ;
#1613 = VERTEX_POINT ( 'NONE', #213 ) ;
#1614 = ORIENTED_EDGE ( 'NONE', *, *, #398, .T. ) ;
#1615 = VERTEX_POINT ( 'NONE', #1869 ) ;
#1616 = PRESENTATION_LAYER_ASSIGNMENT (  '', '', ( #1407 ) ) ;
#1617 = SURFACE_STYLE_FILL_AREA ( #835 ) ;
#1618 = PRESENTATION_STYLE_ASSIGNMENT (( #17 ) ) ;
#1619 = VECTOR ( 'NONE', #1581, 39.37007874015748900 ) ;
#1620 = VECTOR ( 'NONE', #1487, 39.37007874015748100 ) ;
#1621 = CARTESIAN_POINT ( 'NONE',  ( 0.0000000000000000000, 0.0000000000000000000, -0.04527559055118110500 ) ) ;
#1622 = PLANE ( 'NONE',  #1826 ) ;
#1623 = VECTOR ( 'NONE', #1763, 39.37007874015748100 ) ;
#1624 = ADVANCED_FACE ( 'NONE', ( #1955 ), #906, .T. ) ;
#1625 = VECTOR ( 'NONE', #1872, 39.37007874015748100 ) ;
#1626 = UNCERTAINTY_MEASURE_WITH_UNIT (LENGTH_MEASURE( 1.000000000000000100E-005 ), #729, 'distance_accuracy_value', 'NONE');
#1627 = LINE ( 'NONE', #1685, #1584 ) ;
#1628 =( GEOMETRIC_REPRESENTATION_CONTEXT ( 3 ) GLOBAL_UNCERTAINTY_ASSIGNED_CONTEXT ( ( #1626 ) ) GLOBAL_UNIT_ASSIGNED_CONTEXT ( ( #729, #715, #683 ) ) REPRESENTATION_CONTEXT ( 'NONE', 'WORKASPACE' ) );
#1629 = CARTESIAN_POINT ( 'NONE',  ( -0.04479218676809879100, 0.003937007874015748000, 0.0000000000000000000 ) ) ;
#1630 = ORIENTED_EDGE ( 'NONE', *, *, #843, .F. ) ;
#1631 = VERTEX_POINT ( 'NONE', #745 ) ;
#1632 = CARTESIAN_POINT ( 'NONE',  ( -0.01829052945790715600, 0.05461109081370687400, 0.04422284529207251600 ) ) ;
#1633 = ORIENTED_EDGE ( 'NONE', *, *, #225, .T. ) ;
#1634 = ORIENTED_EDGE ( 'NONE', *, *, #1403, .T. ) ;
#1635 = ADVANCED_FACE ( 'NONE', ( #1342 ), #1082, .T. ) ;
#1636 = ORIENTED_EDGE ( 'NONE', *, *, #647, .F. ) ;
#1637 = SURFACE_STYLE_FILL_AREA ( #1348 ) ;
#1638 = STYLED_ITEM ( 'NONE', ( #369 ), #1983 ) ;
#1639 = UNCERTAINTY_MEASURE_WITH_UNIT (LENGTH_MEASURE( 1.000000000000000100E-005 ), #1973, 'distance_accuracy_value', 'NONE');
#1640 = SURFACE_STYLE_FILL_AREA ( #1963 ) ;
#1641 = DIRECTION ( 'NONE',  ( -0.0000000000000000000, 0.0000000000000000000, -1.000000000000000000 ) ) ;
#1642 = EDGE_CURVE ( 'NONE', #678, #2109, #294, .T. ) ;
#1643 = DIMENSIONAL_EXPONENTS ( 1.000000000000000000, 0.0000000000000000000, 0.0000000000000000000, 0.0000000000000000000, 0.0000000000000000000, 0.0000000000000000000, 0.0000000000000000000 ) ;
#1644 = VECTOR ( 'NONE', #300, 39.37007874015748100 ) ;
#1645 = DIRECTION ( 'NONE',  ( 0.0000000000000000000, -1.000000000000000000, -2.710505431213758100E-016 ) ) ;
#1646 = CIRCLE ( 'NONE', #1008, 0.03363933264366318600 ) ;
#1647 = AXIS2_PLACEMENT_3D ( 'NONE', #1200, #191, #1379 ) ;
#1648 = SURFACE_STYLE_FILL_AREA ( #1892 ) ;
#1649 = LINE ( 'NONE', #1876, #288 ) ;
#1650 = DIRECTION ( 'NONE',  ( -1.000000000000000000, 0.0000000000000000000, 0.0000000000000000000 ) ) ;
#1651 = ORIENTED_EDGE ( 'NONE', *, *, #917, .T. ) ;
#1652 = ORIENTED_EDGE ( 'NONE', *, *, #563, .F. ) ;
#1653 = VERTEX_POINT ( 'NONE', #236 ) ;
#1654 = CIRCLE ( 'NONE', #837, 0.007874015748031490700 ) ;
#1655 = FACE_OUTER_BOUND ( 'NONE', #616, .T. ) ;
#1656 = FILL_AREA_STYLE ('',( #668 ) ) ;
#1657 = FACE_OUTER_BOUND ( 'NONE', #1799, .T. ) ;
#1658 = SURFACE_STYLE_USAGE ( .BOTH. , #506 ) ;
#1659 = VECTOR ( 'NONE', #138, 39.37007874015748100 ) ;
#1660 = DIMENSIONAL_EXPONENTS ( 1.000000000000000000, 0.0000000000000000000, 0.0000000000000000000, 0.0000000000000000000, 0.0000000000000000000, 0.0000000000000000000, 0.0000000000000000000 ) ;
#1661 = CARTESIAN_POINT ( 'NONE',  ( -0.05511811023622047200, 0.003937007874015747100, 0.007874015748031496000 ) ) ;
#1662 = CARTESIAN_POINT ( 'NONE',  ( 0.05511811023622047200, 0.03346456692913385400, 0.04330708661417324200 ) ) ;
#1663 = AXIS2_PLACEMENT_3D ( 'NONE', #610, #1753, #407 ) ;
#1664 = DIRECTION ( 'NONE',  ( -0.1218693434051471600, -0.9925461516413219800, 0.0000000000000000000 ) ) ;
#1665 = FACE_OUTER_BOUND ( 'NONE', #614, .T. ) ;
#1666 = SURFACE_SIDE_STYLE ('',( #904 ) ) ;
#1667 = DIRECTION ( 'NONE',  ( 1.000000000000000000, 0.0000000000000000000, -0.0000000000000000000 ) ) ;
#1668 = LINE ( 'NONE', #2015, #1625 ) ;
#1669 = EDGE_CURVE ( 'NONE', #676, #1680, #1561, .T. ) ;
#1670 = ADVANCED_FACE ( 'NONE', ( #1177 ), #1579, .F. ) ;
#1671 = FILL_AREA_STYLE_COLOUR ( '', #2033 ) ;
#1672 = CARTESIAN_POINT ( 'NONE',  ( 0.02331056774319600900, -0.02952755905511811700, 0.0000000000000000000 ) ) ;
#1673 = VERTEX_POINT ( 'NONE', #2057 ) ;
#1674 = EDGE_LOOP ( 'NONE', ( #1974, #201, #1881, #493, #826 ) ) ;
#1675 = DIRECTION ( 'NONE',  ( 0.0000000000000000000, 1.000000000000000000, 0.0000000000000000000 ) ) ;
#1676 = ORIENTED_EDGE ( 'NONE', *, *, #1398, .T. ) ;
#1677 = ORIENTED_EDGE ( 'NONE', *, *, #1717, .F. ) ;
#1678 = EDGE_CURVE ( 'NONE', #1952, #1673, #1976, .T. ) ;
#1679 = PLANE ( 'NONE',  #244 ) ;
#1680 = VERTEX_POINT ( 'NONE', #1586 ) ;
#1681 = DIMENSIONAL_EXPONENTS ( 1.000000000000000000, 0.0000000000000000000, 0.0000000000000000000, 0.0000000000000000000, 0.0000000000000000000, 0.0000000000000000000, 0.0000000000000000000 ) ;
#1682 = COLOUR_RGB ( '',0.7921568627450980000, 0.8196078431372548800, 0.9333333333333333500 ) ;
#1683 = COLOUR_RGB ( '',0.7921568627450980000, 0.8196078431372548800, 0.9333333333333333500 ) ;
#1684 =( CONVERSION_BASED_UNIT ( 'INCH', #1035 ) LENGTH_UNIT ( ) NAMED_UNIT ( #1992 ) );
#1685 = CARTESIAN_POINT ( 'NONE',  ( 0.0000000000000000000, -0.02952755905511811700, 0.03968155824105596600 ) ) ;
#1686 = STYLED_ITEM ( 'NONE', ( #1208 ), #1426 ) ;
#1687 = UNCERTAINTY_MEASURE_WITH_UNIT (LENGTH_MEASURE( 1.000000000000000100E-005 ), #611, 'distance_accuracy_value', 'NONE');
#1688 = CARTESIAN_POINT ( 'NONE',  ( -0.02874023697689957700, -4.268512490100411300E-018, 0.007874015748031496000 ) ) ;
#1689 = CARTESIAN_POINT ( 'NONE',  ( -0.05511811023622047200, 0.007874015748031492500, 0.03543307086614175300 ) ) ;
#1690 = FILL_AREA_STYLE_COLOUR ( '', #1190 ) ;
#1691 = DIRECTION ( 'NONE',  ( 0.0000000000000000000, 1.000000000000000000, 0.0000000000000000000 ) ) ;
#1692 = CARTESIAN_POINT ( 'NONE',  ( -0.03132413870994223100, 0.03346456692913385400, 0.04116665839498154200 ) ) ;
#1693 = LINE ( 'NONE', #971, #379 ) ;
#1694 = FILL_AREA_STYLE_COLOUR ( '', #1369 ) ;
#1695 = CARTESIAN_POINT ( 'NONE',  ( 0.07480314960629921800, 0.03346456692913384700, 0.04330708661417324200 ) ) ;
#1696 = LINE ( 'NONE', #35, #446 ) ;
#1697 = SURFACE_STYLE_USAGE ( .BOTH. , #1707 ) ;
#1698 = FILL_AREA_STYLE_COLOUR ( '', #1682 ) ;
#1699 = DIRECTION ( 'NONE',  ( -0.0000000000000000000, 1.204669080539449100E-016, -1.000000000000000000 ) ) ;
#1700 = LINE ( 'NONE', #110, #1224 ) ;
#1701 = DIRECTION ( 'NONE',  ( 0.0000000000000000000, -1.000000000000000000, -2.710505431213758100E-016 ) ) ;
#1702 = AXIS2_PLACEMENT_3D ( 'NONE', #1500, #491, #1645 ) ;
#1703 = CARTESIAN_POINT ( 'NONE',  ( -0.04527559055118111900, 5.335640612625514100E-019, 0.04527559055118111200 ) ) ;
#1704 = VERTEX_POINT ( 'NONE', #1098 ) ;
#1705 = DIRECTION ( 'NONE',  ( 0.0000000000000000000, -1.000000000000000000, -1.204669080539449100E-016 ) ) ;
#1706 = EDGE_LOOP ( 'NONE', ( #1633, #1535, #456, #1268 ) ) ;
#1707 = SURFACE_SIDE_STYLE ('',( #2052 ) ) ;
#1708 = EDGE_LOOP ( 'NONE', ( #103, #1935, #1971, #107 ) ) ;
#1709 = AXIS2_PLACEMENT_3D ( 'NONE', #606, #280, #301 ) ;
#1710 = ORIENTED_EDGE ( 'NONE', *, *, #1043, .T. ) ;
#1711 =( NAMED_UNIT ( * ) PLANE_ANGLE_UNIT ( ) SI_UNIT ( $, .RADIAN. ) );
#1712 = LINE ( 'NONE', #1621, #395 ) ;
#1713 = CARTESIAN_POINT ( 'NONE',  ( -0.04479218676809879100, 0.003937007874015749700, -0.007874015748031496000 ) ) ;
#1714 = LINE ( 'NONE', #68, #2097 ) ;
#1715 = EDGE_CURVE ( 'NONE', #2062, #44, #1516, .T. ) ;
#1716 = SURFACE_STYLE_USAGE ( .BOTH. , #558 ) ;
#1717 = EDGE_CURVE ( 'NONE', #803, #678, #1930, .T. ) ;
#1718 = FILL_AREA_STYLE ('',( #1690 ) ) ;
#1719 = FILL_AREA_STYLE_COLOUR ( '', #550 ) ;
#1720 = DIRECTION ( 'NONE',  ( -0.0000000000000000000, -1.000000000000000000, -0.0000000000000000000 ) ) ;
#1721 = MECHANICAL_DESIGN_GEOMETRIC_PRESENTATION_REPRESENTATION (  '', ( #1407 ), #1817 ) ;
#1722 = DIRECTION ( 'NONE',  ( -0.0000000000000000000, -1.000000000000000000, -0.0000000000000000000 ) ) ;
#1723 = CARTESIAN_POINT ( 'NONE',  ( 0.07480314960629921800, 0.003937007874015748000, -0.007874015748031496000 ) ) ;
#1724 = PLANE ( 'NONE',  #1914 ) ;
#1725 = DIRECTION ( 'NONE',  ( 0.0000000000000000000, -1.204669080539449100E-016, 1.000000000000000000 ) ) ;
#1726 = LINE ( 'NONE', #1755, #1144 ) ;
#1727 =( CONVERSION_BASED_UNIT ( 'INCH', #287 ) LENGTH_UNIT ( ) NAMED_UNIT ( #497 ) );
#1728 =( CONVERSION_BASED_UNIT ( 'INCH', #845 ) LENGTH_UNIT ( ) NAMED_UNIT ( #1034 ) );
#1729 = LINE ( 'NONE', #212, #861 ) ;
#1730 = CARTESIAN_POINT ( 'NONE',  ( 0.007874015748031496000, 0.03346456692913385400, 0.04527559055118111200 ) ) ;
#1731 = LENGTH_MEASURE_WITH_UNIT ( LENGTH_MEASURE( 0.02539999999999999900 ), #908 );
#1732 = CARTESIAN_POINT ( 'NONE',  ( 0.0000000000000000000, 0.0000000000000000000, 0.04527559055118111200 ) ) ;
#1733 = CARTESIAN_POINT ( 'NONE',  ( -0.05511811023622047200, 0.003937007874015749700, -0.007874015748031496000 ) ) ;
#1734 = DIRECTION ( 'NONE',  ( -1.000000000000000000, -0.0000000000000000000, -0.0000000000000000000 ) ) ;
#1735 = ORIENTED_EDGE ( 'NONE', *, *, #525, .T. ) ;
#1736 = FILL_AREA_STYLE ('',( #755 ) ) ;
#1737 = CARTESIAN_POINT ( 'NONE',  ( 0.0000000000000000000, 0.04982600842398178500, 0.0000000000000000000 ) ) ;
#1738 = VERTEX_POINT ( 'NONE', #1276 ) ;
#1739 = ORIENTED_EDGE ( 'NONE', *, *, #356, .F. ) ;
#1740 = ORIENTED_EDGE ( 'NONE', *, *, #1715, .T. ) ;
#1741 = CARTESIAN_POINT ( 'NONE',  ( -0.02182546758927041100, 0.0000000000000000000, -0.04527559055118110500 ) ) ;
#1742 = LINE ( 'NONE', #887, #1274 ) ;
#1743 = LINE ( 'NONE', #297, #370 ) ;
#1744 =( LENGTH_UNIT ( ) NAMED_UNIT ( * ) SI_UNIT ( $, .METRE. ) );
#1745 = DIRECTION ( 'NONE',  ( 0.1209742911513547000, -0.9852565360152931700, -0.1209742911513547000 ) ) ;
#1746 = CARTESIAN_POINT ( 'NONE',  ( 0.05511811023622047200, 0.03346456692913385400, 0.03937007874015749400 ) ) ;
#1747 = FILL_AREA_STYLE_COLOUR ( '', #1181 ) ;
#1748 = DIRECTION ( 'NONE',  ( -0.05233595623691092400, -0.9986295347548901400, 6.409306128584884200E-018 ) ) ;
#1749 = AXIS2_PLACEMENT_3D ( 'NONE', #537, #1691, #714 ) ;
#1750 = SURFACE_STYLE_USAGE ( .BOTH. , #1868 ) ;
#1751 = CARTESIAN_POINT ( 'NONE',  ( 0.07480314960629921800, 0.003937007874015749700, -0.007874015748031496000 ) ) ;
#1752 = LINE ( 'NONE', #117, #442 ) ;
#1753 = DIRECTION ( 'NONE',  ( 0.9925461516413219800, 0.1218693434051477400, -0.0000000000000000000 ) ) ;
#1754 =( NAMED_UNIT ( * ) PLANE_ANGLE_UNIT ( ) SI_UNIT ( $, .RADIAN. ) );
#1755 = CARTESIAN_POINT ( 'NONE',  ( 0.0000000000000000000, -0.02952755905511811700, 0.03968155824105597300 ) ) ;
#1756 = LENGTH_MEASURE_WITH_UNIT ( LENGTH_MEASURE( 0.02539999999999999900 ), #444 );
#1757 = EDGE_CURVE ( 'NONE', #1951, #957, #637, .T. ) ;
#1758 = ADVANCED_FACE ( 'NONE', ( #1026 ), #792, .T. ) ;
#1759 = CARTESIAN_POINT ( 'NONE',  ( 0.06946197552896027400, 0.04686111055855868300, 0.03473098776448013700 ) ) ;
#1760 = ORIENTED_EDGE ( 'NONE', *, *, #883, .T. ) ;
#1761 = EDGE_LOOP ( 'NONE', ( #575, #772, #1597, #174 ) ) ;
#1762 = AXIS2_PLACEMENT_3D ( 'NONE', #528, #1675, #697 ) ;
#1763 = DIRECTION ( 'NONE',  ( -0.0000000000000000000, 0.0000000000000000000, -1.000000000000000000 ) ) ;
#1764 = ORIENTED_EDGE ( 'NONE', *, *, #811, .T. ) ;
#1765 = VERTEX_POINT ( 'NONE', #1958 ) ;
#1766 = SURFACE_STYLE_FILL_AREA ( #1419 ) ;
#1767 = ORIENTED_EDGE ( 'NONE', *, *, #1642, .T. ) ;
#1768 = CONICAL_SURFACE ( 'NONE', #85, 0.03543307086577941100, 0.05235987755378864600 ) ;
#1769 = VECTOR ( 'NONE', #570, 39.37007874015748900 ) ;
#1770 =( NAMED_UNIT ( * ) SI_UNIT ( $, .STERADIAN. ) SOLID_ANGLE_UNIT ( ) );
#1771 = AXIS2_PLACEMENT_3D ( 'NONE', #1425, #415, #1578 ) ;
#1772 = DIRECTION ( 'NONE',  ( -0.0000000000000000000, 0.0000000000000000000, -1.000000000000000000 ) ) ;
#1773 = VECTOR ( 'NONE', #914, 39.37007874015748100 ) ;
#1774 = AXIS2_PLACEMENT_3D ( 'NONE', #2013, #1899, #1893 ) ;
#1775 = SURFACE_SIDE_STYLE ('',( #2077 ) ) ;
#1776 = MANIFOLD_SOLID_BREP ( 'Boss-Extrude7', #473 ) ;
#1777 = ORIENTED_EDGE ( 'NONE', *, *, #680, .F. ) ;
#1778 = ORIENTED_EDGE ( 'NONE', *, *, #319, .T. ) ;
#1779 = ORIENTED_EDGE ( 'NONE', *, *, #628, .F. ) ;
#1780 = ORIENTED_EDGE ( 'NONE', *, *, #37, .F. ) ;
#1781 = AXIS2_PLACEMENT_3D ( 'NONE', #499, #1650, #667 ) ;
#1782 = CARTESIAN_POINT ( 'NONE',  ( -0.05511811023622047200, 0.003937007874015747100, 0.007874015748031496000 ) ) ;
#1783 = VERTEX_POINT ( 'NONE', #666 ) ;
#1784 = FACE_OUTER_BOUND ( 'NONE', #41, .T. ) ;
#1785 = VERTEX_POINT ( 'NONE', #439 ) ;
#1786 = ORIENTED_EDGE ( 'NONE', *, *, #857, .F. ) ;
#1787 = VECTOR ( 'NONE', #1303, 39.37007874015748100 ) ;
#1788 = UNCERTAINTY_MEASURE_WITH_UNIT (LENGTH_MEASURE( 1.000000000000000100E-005 ), #1684, 'distance_accuracy_value', 'NONE');
#1789 = ADVANCED_FACE ( 'NONE', ( #1209 ), #1800, .T. ) ;
#1790 = CARTESIAN_POINT ( 'NONE',  ( -0.01829052945790715300, 0.08247756918313291200, 0.01941639756117631600 ) ) ;
#1791 = CARTESIAN_POINT ( 'NONE',  ( -0.05511811023622047200, 0.007874015748031492500, 0.03543307086614175300 ) ) ;
#1792 = CARTESIAN_POINT ( 'NONE',  ( -0.03968155824105599300, -0.02952755905511812400, 0.03968155824105597300 ) ) ;
#1793 = COLOUR_RGB ( '',0.7921568627450980000, 0.8196078431372548800, 0.9333333333333333500 ) ;
#1794 = FILL_AREA_STYLE_COLOUR ( '', #129 ) ;
#1795 = PLANE ( 'NONE',  #1702 ) ;
#1796 = ADVANCED_FACE ( 'NONE', ( #624 ), #995, .F. ) ;
#1797 = STYLED_ITEM ( 'NONE', ( #991 ), #684 ) ;
#1798 = ORIENTED_EDGE ( 'NONE', *, *, #1325, .T. ) ;
#1799 = EDGE_LOOP ( 'NONE', ( #79, #451, #635, #618 ) ) ;
#1800 = PLANE ( 'NONE',  #1781 ) ;
#1801 = CARTESIAN_POINT ( 'NONE',  ( 0.05511811023622047200, 0.007874015748031492500, 0.04330708661417324200 ) ) ;
#1802 = EDGE_LOOP ( 'NONE', ( #612, #1853, #2059, #1495 ) ) ;
#1803 = ORIENTED_EDGE ( 'NONE', *, *, #1251, .T. ) ;
#1804 = ORIENTED_EDGE ( 'NONE', *, *, #1464, .T. ) ;
#1805 =( GEOMETRIC_REPRESENTATION_CONTEXT ( 3 ) GLOBAL_UNCERTAINTY_ASSIGNED_CONTEXT ( ( #261 ) ) GLOBAL_UNIT_ASSIGNED_CONTEXT ( ( #2134, #1171, #164 ) ) REPRESENTATION_CONTEXT ( 'NONE', 'WORKASPACE' ) );
#1806 = DIMENSIONAL_EXPONENTS ( 1.000000000000000000, 0.0000000000000000000, 0.0000000000000000000, 0.0000000000000000000, 0.0000000000000000000, 0.0000000000000000000, 0.0000000000000000000 ) ;
#1807 = FACE_OUTER_BOUND ( 'NONE', #1156, .T. ) ;
#1808 = CARTESIAN_POINT ( 'NONE',  ( -0.03968155824105597300, -0.02952755905511811700, 0.0000000000000000000 ) ) ;
#1809 = CARTESIAN_POINT ( 'NONE',  ( 0.0000000000000000000, 0.0000000000000000000, 0.0000000000000000000 ) ) ;
#1810 = PRESENTATION_LAYER_ASSIGNMENT (  '', '', ( #1609 ) ) ;
#1811 = SURFACE_SIDE_STYLE ('',( #1637 ) ) ;
#1812 = EDGE_CURVE ( 'NONE', #584, #1115, #1860, .T. ) ;
#1813 = CARTESIAN_POINT ( 'NONE',  ( 0.0000000000000000000, 0.03346456693639907700, 0.0000000000000000000 ) ) ;
#1814 = SURFACE_STYLE_USAGE ( .BOTH. , #673 ) ;
#1815 = EDGE_CURVE ( 'NONE', #803, #573, #158, .T. ) ;
#1816 =( CONVERSION_BASED_UNIT ( 'INCH', #109 ) LENGTH_UNIT ( ) NAMED_UNIT ( #7 ) );
#1817 =( GEOMETRIC_REPRESENTATION_CONTEXT ( 3 ) GLOBAL_UNCERTAINTY_ASSIGNED_CONTEXT ( ( #1163 ) ) GLOBAL_UNIT_ASSIGNED_CONTEXT ( ( #1728, #754, #1884 ) ) REPRESENTATION_CONTEXT ( 'NONE', 'WORKASPACE' ) );
#1818 = VECTOR ( 'NONE', #1249, 39.37007874015748100 ) ;
#1819 = FACE_OUTER_BOUND ( 'NONE', #1421, .T. ) ;
#1820 = CARTESIAN_POINT ( 'NONE',  ( 0.01968503937007873600, -5.590789791459710700E-019, 0.04330708661417323500 ) ) ;
#1821 = CARTESIAN_POINT ( 'NONE',  ( 0.07480314960629921800, 0.003937007874015748000, 0.0000000000000000000 ) ) ;
#1822 = EDGE_CURVE ( 'NONE', #292, #2087, #552, .T. ) ;
#1823 = DIRECTION ( 'NONE',  ( -1.000000000000000000, -0.0000000000000000000, 0.0000000000000000000 ) ) ;
#1824 =( NAMED_UNIT ( * ) SI_UNIT ( $, .STERADIAN. ) SOLID_ANGLE_UNIT ( ) );
#1825 = ORIENTED_EDGE ( 'NONE', *, *, #2091, .T. ) ;
#1826 = AXIS2_PLACEMENT_3D ( 'NONE', #1312, #304, #1479 ) ;
#1827 = ORIENTED_EDGE ( 'NONE', *, *, #1470, .F. ) ;
#1828 = ADVANCED_FACE ( 'NONE', ( #1807 ), #1768, .T. ) ;
#1829 = VERTEX_POINT ( 'NONE', #508 ) ;
#1830 = DIMENSIONAL_EXPONENTS ( 1.000000000000000000, 0.0000000000000000000, 0.0000000000000000000, 0.0000000000000000000, 0.0000000000000000000, 0.0000000000000000000, 0.0000000000000000000 ) ;
#1831 = ORIENTED_EDGE ( 'NONE', *, *, #965, .F. ) ;
#1832 =( LENGTH_UNIT ( ) NAMED_UNIT ( * ) SI_UNIT ( $, .METRE. ) );
#1833 = ORIENTED_EDGE ( 'NONE', *, *, #959, .T. ) ;
#1834 = LINE ( 'NONE', #1801, #521 ) ;
#1835 = LINE ( 'NONE', #1688, #981 ) ;
#1836 = EDGE_LOOP ( 'NONE', ( #1838, #233, #1779, #2065, #1022, #548, #264, #737 ) ) ;
#1837 = PRESENTATION_LAYER_ASSIGNMENT (  '', '', ( #1481 ) ) ;
#1838 = ORIENTED_EDGE ( 'NONE', *, *, #1043, .F. ) ;
#1839 = PLANE ( 'NONE',  #1762 ) ;
#1840 = UNCERTAINTY_MEASURE_WITH_UNIT (LENGTH_MEASURE( 1.000000000000000100E-005 ), #1090, 'distance_accuracy_value', 'NONE');
#1841 = CARTESIAN_POINT ( 'NONE',  ( 0.03968155824105595900, -0.02952755905511812000, 0.03968155824105599300 ) ) ;
#1842 = DIRECTION ( 'NONE',  ( 0.0000000000000000000, 0.0000000000000000000, -1.000000000000000000 ) ) ;
#1843 = LENGTH_MEASURE_WITH_UNIT ( LENGTH_MEASURE( 0.02539999999999999900 ), #457 );
#1844 =( NAMED_UNIT ( * ) SI_UNIT ( $, .STERADIAN. ) SOLID_ANGLE_UNIT ( ) );
#1845 = FACE_OUTER_BOUND ( 'NONE', #1003, .T. ) ;
#1846 = CARTESIAN_POINT ( 'NONE',  ( 0.0000000000000000000, 0.0000000000000000000, 0.04330708661417323500 ) ) ;
#1847 = PRESENTATION_LAYER_ASSIGNMENT (  '', '', ( #1638 ) ) ;
#1848 = COLOUR_RGB ( '',0.7921568627450980000, 0.8196078431372548800, 0.9333333333333333500 ) ;
#1849 = FILL_AREA_STYLE ('',( #1998 ) ) ;
#1850 = CARTESIAN_POINT ( 'NONE',  ( -0.05511811023622047200, -1.600692183787654200E-018, -0.007874015748031496000 ) ) ;
#1851 = CARTESIAN_POINT ( 'NONE',  ( 0.04116665839498152200, 0.03346456692913386800, 0.04527559055118110500 ) ) ;
#1852 = ORIENTED_EDGE ( 'NONE', *, *, #56, .T. ) ;
#1853 = ORIENTED_EDGE ( 'NONE', *, *, #1126, .F. ) ;
#1854 = VERTEX_POINT ( 'NONE', #1661 ) ;
#1855 = LENGTH_MEASURE_WITH_UNIT ( LENGTH_MEASURE( 0.02539999999999999900 ), #1409 );
#1856 = ORIENTED_EDGE ( 'NONE', *, *, #841, .F. ) ;
#1857 = FACE_OUTER_BOUND ( 'NONE', #498, .T. ) ;
#1858 = CARTESIAN_POINT ( 'NONE',  ( -0.03385591281019812600, 0.04601202214925174300, -0.01163909865749995400 ) ) ;
#1859 = SURFACE_SIDE_STYLE ('',( #432 ) ) ;
#1860 = LINE ( 'NONE', #1808, #1459 ) ;
#1861 = LENGTH_MEASURE_WITH_UNIT ( LENGTH_MEASURE( 0.02539999999999999900 ), #735 );
#1862 = DIRECTION ( 'NONE',  ( -1.000000000000000000, -0.0000000000000000000, -0.0000000000000000000 ) ) ;
#1863 = CARTESIAN_POINT ( 'NONE',  ( -0.01771653543307087600, 0.03346456692913386100, -0.04116665839498152800 ) ) ;
#1864 = CARTESIAN_POINT ( 'NONE',  ( 0.04330708661417325600, 0.0000000000000000000, -0.04330708661417323500 ) ) ;
#1865 = FILL_AREA_STYLE_COLOUR ( '', #1793 ) ;
#1866 = DIRECTION ( 'NONE',  ( 0.0000000000000000000, 1.000000000000000000, -0.0000000000000000000 ) ) ;
#1867 = CARTESIAN_POINT ( 'NONE',  ( 0.07480314960629921800, 0.007874015748031492500, 0.03937007874015750100 ) ) ;
#1868 = SURFACE_SIDE_STYLE ('',( #1648 ) ) ;
#1869 = CARTESIAN_POINT ( 'NONE',  ( 0.01198294790423103500, 9.920732426375791900E-017, 0.04527559055118110500 ) ) ;
#1870 =( CONVERSION_BASED_UNIT ( 'INCH', #1861 ) LENGTH_UNIT ( ) NAMED_UNIT ( #341 ) );
#1871 = LINE ( 'NONE', #1437, #631 ) ;
#1872 = DIRECTION ( 'NONE',  ( -0.1218693434051477400, 0.9925461516413219800, 0.0000000000000000000 ) ) ;
#1873 = VECTOR ( 'NONE', #1086, 39.37007874015748100 ) ;
#1874 = CARTESIAN_POINT ( 'NONE',  ( -0.05511811023622047200, 0.007874015748031494200, 0.03937007874015749400 ) ) ;
#1875 = FACE_OUTER_BOUND ( 'NONE', #546, .T. ) ;
#1876 = CARTESIAN_POINT ( 'NONE',  ( -0.04330708661417327600, 5.923751059261921500E-034, 0.04330708661417324200 ) ) ;
#1877 = ORIENTED_EDGE ( 'NONE', *, *, #505, .F. ) ;
#1878 = ORIENTED_EDGE ( 'NONE', *, *, #1482, .T. ) ;
#1879 = VECTOR ( 'NONE', #1599, 39.37007874015748100 ) ;
#1880 = SURFACE_SIDE_STYLE ('',( #669 ) ) ;
#1881 = ORIENTED_EDGE ( 'NONE', *, *, #1267, .T. ) ;
#1882 = EDGE_CURVE ( 'NONE', #263, #179, #51, .T. ) ;
#1883 = ORIENTED_EDGE ( 'NONE', *, *, #961, .F. ) ;
#1884 =( NAMED_UNIT ( * ) SI_UNIT ( $, .STERADIAN. ) SOLID_ANGLE_UNIT ( ) );
#1885 = EDGE_LOOP ( 'NONE', ( #935, #1515, #108, #1950 ) ) ;
#1886 = VERTEX_POINT ( 'NONE', #1981 ) ;
#1887 = LENGTH_MEASURE_WITH_UNIT ( LENGTH_MEASURE( 0.02539999999999999900 ), #1602 );
#1888 = EDGE_CURVE ( 'NONE', #1364, #231, #1399, .T. ) ;
#1889 = DIRECTION ( 'NONE',  ( 0.08079421431339681200, 0.6580160707443266600, -0.7486568944287349500 ) ) ;
#1890 = CARTESIAN_POINT ( 'NONE',  ( 0.07480314960629921800, 0.03346456692913385400, 0.03543307086614175300 ) ) ;
#1891 = AXIS2_PLACEMENT_3D ( 'NONE', #850, #1972, #1016 ) ;
#1892 = FILL_AREA_STYLE ('',( #2046 ) ) ;
#1893 = DIRECTION ( 'NONE',  ( 0.0000000000000000000, 0.0000000000000000000, -1.000000000000000000 ) ) ;
#1894 = DIRECTION ( 'NONE',  ( -1.000000000000000000, 0.0000000000000000000, 0.0000000000000000000 ) ) ;
#1895 = CARTESIAN_POINT ( 'NONE',  ( 0.0000000000000000000, 0.04465744933571325800, -0.02301924432239038300 ) ) ;
#1896 = CARTESIAN_POINT ( 'NONE',  ( 0.0000000000000000000, 0.0000000000000000000, -0.04527559055118110500 ) ) ;
#1897 = PLANE ( 'NONE',  #948 ) ;
#1898 = CARTESIAN_POINT ( 'NONE',  ( -0.03385591281019812600, 0.04032447971745634800, 0.01436006819611251700 ) ) ;
#1899 = DIRECTION ( 'NONE',  ( -0.0000000000000000000, -1.000000000000000000, -0.0000000000000000000 ) ) ;
#1900 = COLOUR_RGB ( '',0.7921568627450980000, 0.8196078431372548800, 0.9333333333333333500 ) ;
#1901 = DIRECTION ( 'NONE',  ( 1.000000000000000000, -0.0000000000000000000, 0.0000000000000000000 ) ) ;
#1902 = VECTOR ( 'NONE', #1116, 39.37007874015748900 ) ;
#1903 = CARTESIAN_POINT ( 'NONE',  ( -0.03195201597060429900, 0.04027657720180770300, 0.03195201597060429900 ) ) ;
#1904 = DIRECTION ( 'NONE',  ( -0.0000000000000000000, 1.204669080539449100E-016, -1.000000000000000000 ) ) ;
#1905 = CARTESIAN_POINT ( 'NONE',  ( -0.03385591281019812600, 0.04937329887704548800, 4.268512490100411300E-018 ) ) ;
#1906 = ORIENTED_EDGE ( 'NONE', *, *, #1612, .T. ) ;
#1907 = ORIENTED_EDGE ( 'NONE', *, *, #532, .F. ) ;
#1908 = UNCERTAINTY_MEASURE_WITH_UNIT (LENGTH_MEASURE( 1.000000000000000100E-005 ), #1217, 'distance_accuracy_value', 'NONE');
#1909 = ORIENTED_EDGE ( 'NONE', *, *, #963, .T. ) ;
#1910 = VERTEX_POINT ( 'NONE', #1510 ) ;
#1912 = ADVANCED_FACE ( 'NONE', ( #112 ), #9, .F. ) ;
#1911 = ORIENTED_EDGE ( 'NONE', *, *, #799, .T. ) ;
#1913 = CARTESIAN_POINT ( 'NONE',  ( 0.0000000000000000000, 0.0000000000000000000, 0.04330708661417323500 ) ) ;
#1914 = AXIS2_PLACEMENT_3D ( 'NONE', #1244, #1232, #1213 ) ;
#1915 = LINE ( 'NONE', #2021, #1458 ) ;
#1916 = CARTESIAN_POINT ( 'NONE',  ( 0.0000000000000000000, 0.04839840391531079200, -0.03433411577865506900 ) ) ;
#1917 = AXIS2_PLACEMENT_3D ( 'NONE', #1339, #1502, #500 ) ;
#1918 = CARTESIAN_POINT ( 'NONE',  ( 0.04527559055118108400, -3.531749411489545200E-018, 0.007874015748031490700 ) ) ;
#1919 = COLOUR_RGB ( '',0.7921568627450980000, 0.8196078431372548800, 0.9333333333333333500 ) ;
#1920 = MECHANICAL_DESIGN_GEOMETRIC_PRESENTATION_REPRESENTATION (  '', ( #1609 ), #2023 ) ;
#1921 = EDGE_CURVE ( 'NONE', #38, #179, #1569, .T. ) ;
#1922 = CARTESIAN_POINT ( 'NONE',  ( -0.05511811023622047200, 0.03346456692913385400, 0.04330708661417324200 ) ) ;
#1923 = EDGE_CURVE ( 'NONE', #1951, #1196, #746, .T. ) ;
#1924 = FACE_OUTER_BOUND ( 'NONE', #1374, .T. ) ;
#1925 = EDGE_CURVE ( 'NONE', #871, #363, #1137, .T. ) ;
#1926 = CARTESIAN_POINT ( 'NONE',  ( -0.05511811023622047200, -4.268512490100411300E-018, 0.03543307086614175300 ) ) ;
#1927 = ORIENTED_EDGE ( 'NONE', *, *, #1372, .F. ) ;
#1928 = ORIENTED_EDGE ( 'NONE', *, *, #1984, .T. ) ;
#1929 = ORIENTED_EDGE ( 'NONE', *, *, #811, .F. ) ;
#1930 = LINE ( 'NONE', #771, #232 ) ;
#1931 = MANIFOLD_SOLID_BREP ( 'Mirror1', #1996 ) ;
#1932 = ORIENTED_EDGE ( 'NONE', *, *, #1923, .F. ) ;
#1933 = ORIENTED_EDGE ( 'NONE', *, *, #720, .T. ) ;
#1934 = LENGTH_MEASURE_WITH_UNIT ( LENGTH_MEASURE( 0.02539999999999999900 ), #2123 );
#1935 = ORIENTED_EDGE ( 'NONE', *, *, #303, .T. ) ;
#1936 = VECTOR ( 'NONE', #23, 39.37007874015748100 ) ;
#1937 =( LENGTH_UNIT ( ) NAMED_UNIT ( * ) SI_UNIT ( $, .METRE. ) );
#1938 = AXIS2_PLACEMENT_3D ( 'NONE', #825, #1946, #987 ) ;
#1939 = LINE ( 'NONE', #27, #1523 ) ;
#1940 = MECHANICAL_DESIGN_GEOMETRIC_PRESENTATION_REPRESENTATION (  '', ( #1481 ), #2053 ) ;
#1941 = VECTOR ( 'NONE', #791, 39.37007874015748100 ) ;
#1942 = ADVANCED_FACE ( 'NONE', ( #1373 ), #2001, .T. ) ;
#1943 = ORIENTED_EDGE ( 'NONE', *, *, #165, .F. ) ;
#1944 = AXIS2_PLACEMENT_3D ( 'NONE', #547, #538, #531 ) ;
#1945 = SURFACE_STYLE_FILL_AREA ( #882 ) ;
#1946 = DIRECTION ( 'NONE',  ( 1.000000000000000000, -0.0000000000000000000, -0.0000000000000000000 ) ) ;
#1947 = VECTOR ( 'NONE', #1889, 39.37007874015748900 ) ;
#1948 = CARTESIAN_POINT ( 'NONE',  ( 0.01829052945790716300, 0.05461109081370688800, 0.04422284529207251600 ) ) ;
#1949 = DIRECTION ( 'NONE',  ( 0.0000000000000000000, 0.0000000000000000000, 1.000000000000000000 ) ) ;
#1950 = ORIENTED_EDGE ( 'NONE', *, *, #2096, .T. ) ;
#1951 = VERTEX_POINT ( 'NONE', #1382 ) ;
#1952 = VERTEX_POINT ( 'NONE', #374 ) ;
#1953 = MECHANICAL_DESIGN_GEOMETRIC_PRESENTATION_REPRESENTATION (  '', ( #1638 ), #2074 ) ;
#1954 = VERTEX_POINT ( 'NONE', #1526 ) ;
#1955 = FACE_OUTER_BOUND ( 'NONE', #960, .T. ) ;
#1956 = ADVANCED_FACE ( 'NONE', ( #936, #1321 ), #196, .T. ) ;
#1957 = ORIENTED_EDGE ( 'NONE', *, *, #1888, .F. ) ;
#1958 = CARTESIAN_POINT ( 'NONE',  ( 0.03543307086613126800, 0.03346456692968528800, 0.0000000000000000000 ) ) ;
#1959 = SURFACE_SIDE_STYLE ('',( #1617 ) ) ;
#1960 = LINE ( 'NONE', #1070, #716 ) ;
#1961 = EDGE_CURVE ( 'NONE', #1704, #866, #478, .T. ) ;
#1962 = EDGE_CURVE ( 'NONE', #1110, #1138, #876, .T. ) ;
#1963 = FILL_AREA_STYLE ('',( #838 ) ) ;
#1964 = CARTESIAN_POINT ( 'NONE',  ( 0.05511811023622047200, 0.03346456692913384700, 0.03937007874015749400 ) ) ;
#1965 = VECTOR ( 'NONE', #1078, 39.37007874015748100 ) ;
#1966 =( LENGTH_UNIT ( ) NAMED_UNIT ( * ) SI_UNIT ( $, .METRE. ) );
#1967 = VECTOR ( 'NONE', #1588, 39.37007874015748100 ) ;
#1968 = AXIS2_PLACEMENT_3D ( 'NONE', #1262, #424, #1583 ) ;
#1969 = DIMENSIONAL_EXPONENTS ( 1.000000000000000000, 0.0000000000000000000, 0.0000000000000000000, 0.0000000000000000000, 0.0000000000000000000, 0.0000000000000000000, 0.0000000000000000000 ) ;
#1970 = EDGE_CURVE ( 'NONE', #177, #1519, #1742, .T. ) ;
#1971 = ORIENTED_EDGE ( 'NONE', *, *, #1403, .F. ) ;
#1972 = DIRECTION ( 'NONE',  ( -1.000000000000000000, -0.0000000000000000000, -0.0000000000000000000 ) ) ;
#1973 =( CONVERSION_BASED_UNIT ( 'INCH', #268 ) LENGTH_UNIT ( ) NAMED_UNIT ( #706 ) );
#1974 = ORIENTED_EDGE ( 'NONE', *, *, #1888, .T. ) ;
#1975 = ORIENTED_EDGE ( 'NONE', *, *, #869, .F. ) ;
#1976 = LINE ( 'NONE', #1438, #740 ) ;
#1977 =( NAMED_UNIT ( * ) SI_UNIT ( $, .STERADIAN. ) SOLID_ANGLE_UNIT ( ) );
#1978 = ORIENTED_EDGE ( 'NONE', *, *, #645, .F. ) ;
#1979 = PRESENTATION_STYLE_ASSIGNMENT (( #1530 ) ) ;
#1980 = FACE_OUTER_BOUND ( 'NONE', #1131, .T. ) ;
#1981 = CARTESIAN_POINT ( 'NONE',  ( 0.07480314960629921800, 0.03346456692913384700, 0.03937007874015749400 ) ) ;
#1982 = CIRCLE ( 'NONE', #131, 0.003937007874015749700 ) ;
#1983 = ADVANCED_FACE ( 'NONE', ( #829 ), #619, .T. ) ;
#1984 = EDGE_CURVE ( 'NONE', #573, #1028, #205, .T. ) ;
#1985 = EDGE_CURVE ( 'NONE', #1320, #176, #1060, .T. ) ;
#1986 =( NAMED_UNIT ( * ) PLANE_ANGLE_UNIT ( ) SI_UNIT ( $, .RADIAN. ) );
#1987 = DIRECTION ( 'NONE',  ( -0.0000000000000000000, -1.000000000000000000, -0.0000000000000000000 ) ) ;
#1988 = FACE_OUTER_BOUND ( 'NONE', #393, .T. ) ;
#1989 = UNCERTAINTY_MEASURE_WITH_UNIT (LENGTH_MEASURE( 1.000000000000000100E-005 ), #1393, 'distance_accuracy_value', 'NONE');
#1990 = FILL_AREA_STYLE ('',( #1671 ) ) ;
#1991 = AXIS2_PLACEMENT_3D ( 'NONE', #1010, #2132, #1170 ) ;
#1992 = DIMENSIONAL_EXPONENTS ( 1.000000000000000000, 0.0000000000000000000, 0.0000000000000000000, 0.0000000000000000000, 0.0000000000000000000, 0.0000000000000000000, 0.0000000000000000000 ) ;
#1993 = CIRCLE ( 'NONE', #1097, 0.03481408134724021200 ) ;
#1994 = CARTESIAN_POINT ( 'NONE',  ( 0.04527559055118109100, 0.03346456692913386100, 0.04116665839498152800 ) ) ;
#1995 = LINE ( 'NONE', #1601, #1947 ) ;
#1996 = CLOSED_SHELL ( 'NONE', ( #2075, #988, #648, #445, #1524, #513, #1148, #1635, #684, #15, #954, #1624 ) ) ;
#1997 = ORIENTED_EDGE ( 'NONE', *, *, #243, .T. ) ;
#1998 = FILL_AREA_STYLE_COLOUR ( '', #1093 ) ;
#1999 = ORIENTED_EDGE ( 'NONE', *, *, #623, .T. ) ;
#2000 = ORIENTED_EDGE ( 'NONE', *, *, #343, .T. ) ;
#2001 = PLANE ( 'NONE',  #1533 ) ;
#2002 = ADVANCED_BREP_SHAPE_REPRESENTATION ( 'VSMB2943SLX01', ( #1426, #1931, #1776, #670 ), #1805 ) ;
#2003 = ORIENTED_EDGE ( 'NONE', *, *, #1449, .F. ) ;
#2004 = DIRECTION ( 'NONE',  ( 0.0000000000000000000, 0.0000000000000000000, -1.000000000000000000 ) ) ;
#2005 = LINE ( 'NONE', #556, #1539 ) ;
#2006 = ORIENTED_EDGE ( 'NONE', *, *, #1464, .F. ) ;
#2007 = AXIS2_PLACEMENT_3D ( 'NONE', #1127, #289, #1465 ) ;
#2008 = LENGTH_MEASURE_WITH_UNIT ( LENGTH_MEASURE( 0.02539999999999999900 ), #2016 );
#2009 = DIRECTION ( 'NONE',  ( 1.000000000000000000, 0.0000000000000000000, 0.0000000000000000000 ) ) ;
#2010 = SURFACE_STYLE_USAGE ( .BOTH. , #885 ) ;
#2011 = DIRECTION ( 'NONE',  ( 1.000000000000000000, 0.0000000000000000000, -0.0000000000000000000 ) ) ;
#2012 = SURFACE_SIDE_STYLE ('',( #81 ) ) ;
#2013 = CARTESIAN_POINT ( 'NONE',  ( 0.0000000000000000000, 0.04982600842398178500, 0.0000000000000000000 ) ) ;
#2014 = FILL_AREA_STYLE ('',( #711 ) ) ;
#2015 = CARTESIAN_POINT ( 'NONE',  ( 0.04527559055118109100, 0.0000000000000000000, -0.007874015748031516800 ) ) ;
#2016 =( LENGTH_UNIT ( ) NAMED_UNIT ( * ) SI_UNIT ( $, .METRE. ) );
#2017 =( NAMED_UNIT ( * ) SI_UNIT ( $, .STERADIAN. ) SOLID_ANGLE_UNIT ( ) );
#2018 = CYLINDRICAL_SURFACE ( 'NONE', #797, 0.007874015748031490700 ) ;
#2019 = CIRCLE ( 'NONE', #1774, 0.03363933264366318600 ) ;
#2020 = CARTESIAN_POINT ( 'NONE',  ( 4.263495328704289000E-018, 0.04527559055100564800, 0.03481408134715006200 ) ) ;
#2021 = CARTESIAN_POINT ( 'NONE',  ( -0.02331056774319599900, -0.02952755905511812000, 0.03968155824105597300 ) ) ;
#2022 = CARTESIAN_POINT ( 'NONE',  ( -0.007874015748031490700, 0.03346456692913385400, 0.0000000000000000000 ) ) ;
#2023 =( GEOMETRIC_REPRESENTATION_CONTEXT ( 3 ) GLOBAL_UNCERTAINTY_ASSIGNED_CONTEXT ( ( #1037 ) ) GLOBAL_UNIT_ASSIGNED_CONTEXT ( ( #1594, #425, #2079 ) ) REPRESENTATION_CONTEXT ( 'NONE', 'WORKASPACE' ) );
#2024 = DIRECTION ( 'NONE',  ( -0.0000000000000000000, -1.000000000000000000, 0.0000000000000000000 ) ) ;
#2025 = FILL_AREA_STYLE_COLOUR ( '', #662 ) ;
#2026 = ORIENTED_EDGE ( 'NONE', *, *, #1642, .F. ) ;
#2027 = ORIENTED_EDGE ( 'NONE', *, *, #1678, .T. ) ;
#2028 = DIRECTION ( 'NONE',  ( -0.0000000000000000000, -1.000000000000000000, 0.0000000000000000000 ) ) ;
#2029 = EDGE_CURVE ( 'NONE', #1110, #2063, #1915, .T. ) ;
#2030 =( NAMED_UNIT ( * ) SI_UNIT ( $, .STERADIAN. ) SOLID_ANGLE_UNIT ( ) );
#2031 = ORIENTED_EDGE ( 'NONE', *, *, #61, .T. ) ;
#2032 = LINE ( 'NONE', #1491, #1180 ) ;
#2033 = COLOUR_RGB ( '',0.7921568627450980000, 0.8196078431372548800, 0.9333333333333333500 ) ;
#2034 = SURFACE_SIDE_STYLE ('',( #142 ) ) ;
#2035 = SURFACE_SIDE_STYLE ('',( #157 ) ) ;
#2036 = CARTESIAN_POINT ( 'NONE',  ( 0.0000000000000000000, 0.03346456692913385400, -0.04527559055118110500 ) ) ;
#2037 = CIRCLE ( 'NONE', #477, 0.01181102362204725400 ) ;
#2038 = AXIS2_PLACEMENT_3D ( 'NONE', #591, #1734, #761 ) ;
#2039 = DIRECTION ( 'NONE',  ( -1.000000000000000000, 0.0000000000000000000, -0.0000000000000000000 ) ) ;
#2040 = LINE ( 'NONE', #1326, #1573 ) ;
#2041 = DIRECTION ( 'NONE',  ( 1.000000000000000000, 0.0000000000000000000, 0.0000000000000000000 ) ) ;
#2042 = CARTESIAN_POINT ( 'NONE',  ( 0.07480314960629921800, 0.007874015748031492500, 0.03543307086614175300 ) ) ;
#2043 = FILL_AREA_STYLE ('',( #1865 ) ) ;
#2044 =( LENGTH_UNIT ( ) NAMED_UNIT ( * ) SI_UNIT ( $, .METRE. ) );
#2045 = AXIS2_PLACEMENT_3D ( 'NONE', #985, #2106, #1145 ) ;
#2046 = FILL_AREA_STYLE_COLOUR ( '', #1221 ) ;
#2047 = CARTESIAN_POINT ( 'NONE',  ( -0.05511811023622047200, 0.0000000000000000000, 0.0000000000000000000 ) ) ;
#2048 = VECTOR ( 'NONE', #1748, 39.37007874015748100 ) ;
#2049 = DIRECTION ( 'NONE',  ( 0.0000000000000000000, 0.0000000000000000000, -1.000000000000000000 ) ) ;
#2050 = CARTESIAN_POINT ( 'NONE',  ( -0.04527559055118111900, 2.643023283856948600E-018, -0.04527559055118111900 ) ) ;
#2051 = DIRECTION ( 'NONE',  ( 0.0000000000000000000, 0.1218693434051477400, -0.9925461516413219800 ) ) ;
#2052 = SURFACE_STYLE_FILL_AREA ( #1718 ) ;
#2053 =( GEOMETRIC_REPRESENTATION_CONTEXT ( 3 ) GLOBAL_UNCERTAINTY_ASSIGNED_CONTEXT ( ( #2069 ) ) GLOBAL_UNIT_ASSIGNED_CONTEXT ( ( #1870, #909, #2030 ) ) REPRESENTATION_CONTEXT ( 'NONE', 'WORKASPACE' ) );
#2054 = CARTESIAN_POINT ( 'NONE',  ( 0.02182546758927042900, -1.130938090383776500E-016, -0.04527559055118111200 ) ) ;
#2055 = LINE ( 'NONE', #1821, #1193 ) ;
#2056 = DIRECTION ( 'NONE',  ( -0.0000000000000000000, 0.0000000000000000000, -1.000000000000000000 ) ) ;
#2057 = CARTESIAN_POINT ( 'NONE',  ( 0.04479218676809879100, 0.003937007874015747100, 0.007874015748031496000 ) ) ;
#2058 = VERTEX_POINT ( 'NONE', #1405 ) ;
#2059 = ORIENTED_EDGE ( 'NONE', *, *, #970, .F. ) ;
#2060 = CARTESIAN_POINT ( 'NONE',  ( -0.007874015748031494200, 0.03346456692913385400, 0.04527559055118111200 ) ) ;
#2061 = DIRECTION ( 'NONE',  ( 0.0000000000000000000, 0.0000000000000000000, -1.000000000000000000 ) ) ;
#2062 = VERTEX_POINT ( 'NONE', #397 ) ;
#2063 = VERTEX_POINT ( 'NONE', #560 ) ;
#2064 = VERTEX_POINT ( 'NONE', #388 ) ;
#2065 = ORIENTED_EDGE ( 'NONE', *, *, #625, .F. ) ;
#2066 = DIRECTION ( 'NONE',  ( 0.1218693434051472300, 0.9925461516413219800, 0.0000000000000000000 ) ) ;
#2067 = ORIENTED_EDGE ( 'NONE', *, *, #193, .F. ) ;
#2068 = DIRECTION ( 'NONE',  ( 1.000000000000000000, 0.0000000000000000000, 0.0000000000000000000 ) ) ;
#2069 = UNCERTAINTY_MEASURE_WITH_UNIT (LENGTH_MEASURE( 1.000000000000000100E-005 ), #1870, 'distance_accuracy_value', 'NONE');
#2070 = FACE_OUTER_BOUND ( 'NONE', #2092, .T. ) ;
#2071 = DIRECTION ( 'NONE',  ( -1.000000000000000000, 0.0000000000000000000, 0.0000000000000000000 ) ) ;
#2072 = PLANE ( 'NONE',  #1485 ) ;
#2073 = DIRECTION ( 'NONE',  ( -0.1218693434051477400, -0.9925461516413219800, 0.0000000000000000000 ) ) ;
#2074 =( GEOMETRIC_REPRESENTATION_CONTEXT ( 3 ) GLOBAL_UNCERTAINTY_ASSIGNED_CONTEXT ( ( #1441 ) ) GLOBAL_UNIT_ASSIGNED_CONTEXT ( ( #1065, #43, #1222 ) ) REPRESENTATION_CONTEXT ( 'NONE', 'WORKASPACE' ) );
#2075 = ADVANCED_FACE ( 'NONE', ( #1857 ), #1556, .T. ) ;
#2076 = DIRECTION ( 'NONE',  ( -1.000000000000000000, 0.0000000000000000000, 0.0000000000000000000 ) ) ;
#2077 = SURFACE_STYLE_FILL_AREA ( #639 ) ;
#2078 = CARTESIAN_POINT ( 'NONE',  ( -0.007874015748031499400, 0.03346456692913385400, 0.04116665839498153500 ) ) ;
#2079 =( NAMED_UNIT ( * ) SI_UNIT ( $, .STERADIAN. ) SOLID_ANGLE_UNIT ( ) );
#2080 = EDGE_CURVE ( 'NONE', #149, #1388, #1654, .T. ) ;
#2081 = VECTOR ( 'NONE', #2056, 39.37007874015748100 ) ;
#2082 = CARTESIAN_POINT ( 'NONE',  ( -0.05511811023622047200, 0.007874015748031492500, 0.04330708661417324200 ) ) ;
#2083 = CARTESIAN_POINT ( 'NONE',  ( 0.06866823155731011100, 0.04839840391531077800, 0.03433411577865505500 ) ) ;
#2084 = VECTOR ( 'NONE', #89, 39.37007874015748100 ) ;
#2085 = AXIS2_PLACEMENT_3D ( 'NONE', #878, #371, #1532 ) ;
#2086 = DIRECTION ( 'NONE',  ( -0.0000000000000000000, -0.0000000000000000000, -1.000000000000000000 ) ) ;
#2087 = VERTEX_POINT ( 'NONE', #484 ) ;
#2088 = DIRECTION ( 'NONE',  ( -1.000000000000000000, -0.0000000000000000000, 0.0000000000000000000 ) ) ;
#2089 = ORIENTED_EDGE ( 'NONE', *, *, #965, .T. ) ;
#2090 = VERTEX_POINT ( 'NONE', #1751 ) ;
#2091 = EDGE_CURVE ( 'NONE', #1829, #875, #394, .T. ) ;
#2092 = EDGE_LOOP ( 'NONE', ( #1360, #270, #867, #930, #677, #2027 ) ) ;
#2093 = DIRECTION ( 'NONE',  ( 0.0000000000000000000, -0.0000000000000000000, 1.000000000000000000 ) ) ;
#2094 = FACE_OUTER_BOUND ( 'NONE', #495, .T. ) ;
#2095 = LINE ( 'NONE', #1353, #339 ) ;
#2096 = EDGE_CURVE ( 'NONE', #263, #2063, #806, .T. ) ;
#2097 = VECTOR ( 'NONE', #1253, 39.37007874015748900 ) ;
#2098 = LINE ( 'NONE', #1782, #852 ) ;
#2099 = VECTOR ( 'NONE', #1593, 39.37007874015748100 ) ;
#2100 = AXIS2_PLACEMENT_3D ( 'NONE', #1433, #1420, #1277 ) ;
#2101 = EDGE_CURVE ( 'NONE', #1591, #153, #2032, .T. ) ;
#2102 =( NAMED_UNIT ( * ) PLANE_ANGLE_UNIT ( ) SI_UNIT ( $, .RADIAN. ) );
#2103 = VECTOR ( 'NONE', #59, 39.37007874015748100 ) ;
#2104 = ORIENTED_EDGE ( 'NONE', *, *, #2101, .F. ) ;
#2105 = AXIS2_PLACEMENT_3D ( 'NONE', #168, #1349, #344 ) ;
#2106 = DIRECTION ( 'NONE',  ( 0.0000000000000000000, 1.000000000000000000, 0.0000000000000000000 ) ) ;
#2107 = ADVANCED_FACE ( 'NONE', ( #2094 ), #1795, .T. ) ;
#2108 = ORIENTED_EDGE ( 'NONE', *, *, #1882, .T. ) ;
#2109 = VERTEX_POINT ( 'NONE', #990 ) ;
#2110 = EDGE_LOOP ( 'NONE', ( #1833, #777, #320, #472 ) ) ;
#2111 = ORIENTED_EDGE ( 'NONE', *, *, #843, .T. ) ;
#2112 = EDGE_CURVE ( 'NONE', #573, #2109, #1834, .T. ) ;
#2113 = VECTOR ( 'NONE', #206, 39.37007874015748100 ) ;
#2114 = ORIENTED_EDGE ( 'NONE', *, *, #492, .F. ) ;
#2115 = VECTOR ( 'NONE', #969, 39.37007874015748100 ) ;
#2116 = CARTESIAN_POINT ( 'NONE',  ( 0.04527559055118109100, -3.125351376792917500E-018, 0.04527559055118110500 ) ) ;
#2117 = EDGE_CURVE ( 'NONE', #1704, #2058, #980, .T. ) ;
#2118 = CARTESIAN_POINT ( 'NONE',  ( 0.01829052945790716000, 0.08247756918313294000, 0.01941639756117631200 ) ) ;
#2119 = ADVANCED_FACE ( 'NONE', ( #1367 ), #161, .T. ) ;
#2120 = PRESENTATION_LAYER_ASSIGNMENT (  '', '', ( #1686 ) ) ;
#2121 = FILL_AREA_STYLE ('',( #1794 ) ) ;
#2122 = FACE_OUTER_BOUND ( 'NONE', #1836, .T. ) ;
#2123 =( LENGTH_UNIT ( ) NAMED_UNIT ( * ) SI_UNIT ( $, .METRE. ) );
#2124 = PRESENTATION_LAYER_ASSIGNMENT (  '', '', ( #1797 ) ) ;
#2125 = UNCERTAINTY_MEASURE_WITH_UNIT (LENGTH_MEASURE( 1.000000000000000100E-005 ), #160, 'distance_accuracy_value', 'NONE');
#2126 = VECTOR ( 'NONE', #13, 39.37007874015748100 ) ;
#2127 = SURFACE_STYLE_USAGE ( .BOTH. , #1004 ) ;
#2128 = DIRECTION ( 'NONE',  ( 0.1209742911513549000, -0.9852565360152929500, -0.1209742911513549000 ) ) ;
#2129 = VERTEX_POINT ( 'NONE', #1964 ) ;
#2130 = STYLED_ITEM ( 'NONE', ( #779 ), #2002 ) ;
#2131 = EDGE_LOOP ( 'NONE', ( #1083, #1111, #1909, #978 ) ) ;
#2132 = DIRECTION ( 'NONE',  ( 0.0000000000000000000, 1.000000000000000000, 0.0000000000000000000 ) ) ;
#2133 = VECTOR ( 'NONE', #1664, 39.37007874015748900 ) ;
#2134 =( CONVERSION_BASED_UNIT ( 'INCH', #872 ) LENGTH_UNIT ( ) NAMED_UNIT ( #997 ) );
#2135 = VECTOR ( 'NONE', #750, 39.37007874015748100 ) ;
#2136 =( NAMED_UNIT ( * ) PLANE_ANGLE_UNIT ( ) SI_UNIT ( $, .RADIAN. ) );
ENDSEC;
END-ISO-10303-21;
